[avbd-vk] device: NVIDIA GeForce RTX 4090 (Vulkan 1.4)
[avbd-vk] coloring: 9 colors over 579 verts
[avbd-vk] device: NVIDIA GeForce RTX 4090 (Vulkan 1.4)
[avbd-vk] coloring: 4 colors over 625 verts
[33mOMP_NUM_THREADS not specified in your environment variable. Defaulting to number of physical cores: 16
[0mEigen threads: 16
OpenMP num_threads = 16
[33m==========================
Creating system for demo
demo_wearhat
[0mFinished loading obj file C:/cloth-dynamics-standalone/src/assets/meshes/scene/arrow1.obj: vertex 42 triangles: 80
Finished loading obj file C:/cloth-dynamics-standalone/src/assets/meshes/scene/arrow2.obj: vertex 258 triangles: 512
Finished loading obj file C:/cloth-dynamics-standalone/src/assets/meshes/scene/arrow2.obj: vertex 258 triangles: 512
Finished loading obj file C:/cloth-dynamics-standalone/src/assets/meshes/scene/clip.obj: vertex 158 triangles: 600
Finished loading obj file C:/cloth-dynamics-standalone/src/assets/meshes/remeshed/agenthat2-579-rotated.obj: vertex 579 triangles: 1099
orientation front: nothing
Bounding box min:(-28.902,0.767,-35.022) max:(27.628,38.283,35.052)
[32m394, [0m[32m32, [0m
precompute matrices + prefactorization... density is: 0.224 SceneConfigtimestep is :1/100 timeStepIs:0.010 : stiffness is:(1.00,10000.00,1200.00,120.00)
precompute matrices + prefactorization...[avbd-config] solver=AVBD iters=16 damp=1 relax=1 colors=1 drive=1 | membrane=1 bending=1 rawStiffness=0 | al=0 gamma=default | contact=1 frictionPred=1 selfColl=1 passes=2 gpuSelf=1 | bwd=AVBD truncateK=20 ift=0
[avbd] assembled from 2721 constraints: 0 springs, 2 attachments, 1099 triangles, 1620 bendings
[avbd] AvbdSolver loaded + uploaded (nVerts=579, nSprings=0, nTri=1099, nAttach=2, nBend=1620, h=0.01, invH²=10000)

stretching force after initialization: 0.00000
orientation down: rotate
p0 is located at -2.25 0.00 -2.25
creating mesh from config...
creating mesh from config...finished
backwardInfoDefault.dL_dcontrolpoints is sized to 1
precompute matrices + prefactorization... density is: 0.300 SceneConfigtimestep is :1/180 timeStepIs:0.006 : stiffness is:(1.00,10000.00,150.00,0.00)
precompute matrices + prefactorization...[avbd] assembled from 2832 constraints: 0 springs, 0 attachments, 1152 triangles, 1680 bendings
[avbd] AvbdSolver loaded + uploaded (nVerts=625, nSprings=0, nTri=1152, nAttach=0, nBend=1680, h=0.00555556, invH²=32400)

stretching force after initialization: 0.00000
[35mGroundtruth param:
============Parameter Info:======================
mu from prim0:0.300000

[0m[avbd-step] step 1  dof=1875  iters=16  rc=0  wall=12301 us  |Δx|_max=0.000302433  |Δx|_mean=0.000100747  pred_max=0.000302469  drift_max=1.75464e-06  drift@v0.y  conv_max=2.12829e-05  conv_mean=2.67256e-06  nan=0
[outlier] v0  inc_tri=1  worst|M|=5.33333  pos=(-2.25,1.37773e-16,-2.25)
[pd-step]     step 1  dof=1875  pd|Δx|_max=0.000302469  pd|Δx|_mean=0.000100823
[avbd-drive] step 2 wrote AVBD output to Particle.pos
[avbd-step] step 2  dof=1875  iters=16  rc=0  wall=9950 us  |Δx|_max=0.000604831  |Δx|_mean=0.000201419  pred_max=0.000604902  drift_max=3.4991e-06  drift@v0.y  conv_max=4.24422e-05  conv_mean=5.34311e-06  nan=0
[outlier] v0  inc_tri=1  worst|M|=5.33333  pos=(-2.25,-0.000300714,-2.25)
[pd-step]     step 2  dof=1875  pd|Δx|_max=0.000604902  pd|Δx|_mean=0.00020157
[avbd-drive] step 3 wrote AVBD output to Particle.pos
[avbd-friction] step 3 applied 1 vert/primitive friction events
[avbd-step] step 3  dof=1875  iters=16  rc=0  wall=9677 us  |Δx|_max=0.000907192  |Δx|_mean=0.000301696  pred_max=0.0009073  drift_max=5.23345e-06  drift@v0.y  conv_max=6.34788e-05  conv_mean=8.00311e-06  nan=0
[outlier] v0  inc_tri=1  worst|M|=5.33333  pos=(-2.25,-0.000900399,-2.25)
[pd-step]     step 3  dof=1875  pd|Δx|_max=0.0009073  pd|Δx|_mean=0.000301925
[avbd-drive] step 4 wrote AVBD output to Particle.pos
[avbd-friction] step 4 applied 1 vert/primitive friction events
[avbd-step] step 4  dof=1875  iters=16  rc=0  wall=9737 us  |Δx|_max=0.00120952  |Δx|_mean=0.000402059  pred_max=0.00120966  drift_max=6.95791e-06  drift@v0.y  conv_max=8.43932e-05  conv_mean=1.06653e-05  nan=0
[outlier] v0  inc_tri=1  worst|M|=5.33333  pos=(-2.25,-0.00179732,-2.25)
[pd-step]     step 4  dof=1875  pd|Δx|_max=0.00120966  pd|Δx|_mean=0.000402359
[avbd-drive] step 5 wrote AVBD output to Particle.pos
[avbd-friction] step 5 applied 1 vert/primitive friction events
[avbd-step] step 5  dof=1875  iters=16  rc=0  wall=10157 us  |Δx|_max=0.00151181  |Δx|_mean=0.000502359  pred_max=0.00151199  drift_max=8.67154e-06  drift@v0.y  conv_max=0.000105187  conv_mean=1.33261e-05  nan=0
[outlier] v0  inc_tri=1  worst|M|=5.33333  pos=(-2.25,-0.00298975,-2.25)
[pd-step]     step 5  dof=1875  pd|Δx|_max=0.00151199  pd|Δx|_mean=0.000502723
[avbd-drive] step 6 wrote AVBD output to Particle.pos
[avbd-friction] step 6 applied 1 vert/primitive friction events
[avbd-step] step 6  dof=1875  iters=16  rc=0  wall=10331 us  |Δx|_max=0.00181406  |Δx|_mean=0.000602598  pred_max=0.00181428  drift_max=1.03763e-05  drift@v0.y  conv_max=0.000125859  conv_mean=1.59848e-05  nan=0
[outlier] v0  inc_tri=1  worst|M|=5.33333  pos=(-2.25,-0.00447598,-2.25)
[pd-step]     step 6  dof=1875  pd|Δx|_max=0.00181428  pd|Δx|_mean=0.000603021
[avbd-drive] step 7 wrote AVBD output to Particle.pos
[avbd-friction] step 7 applied 2 vert/primitive friction events
[avbd-step] step 7  dof=1875  iters=16  rc=0  wall=10070 us  |Δx|_max=0.00211628  |Δx|_mean=0.000701836  pred_max=0.00211653  drift_max=2.68221e-05  drift@v341.x  conv_max=0.000146412  conv_mean=1.86175e-05  nan=0
[outlier] v341  inc_tri=6  worst|M|=5.33333  pos=(0.749986,-0.00633847,0.187494)
[pd-step]     step 7  dof=1875  pd|Δx|_max=0.00211653  pd|Δx|_mean=0.000702343
[avbd-drive] step 8 wrote AVBD output to Particle.pos
[avbd-friction] step 8 applied 3 vert/primitive friction events
[avbd-step] step 8  dof=1875  iters=16  rc=0  wall=10131 us  |Δx|_max=0.00241846  |Δx|_mean=0.000800684  pred_max=0.00241875  drift_max=3.88026e-05  drift@v365.z  conv_max=0.000166846  conv_mean=2.12395e-05  nan=0
[outlier] v365  inc_tri=6  worst|M|=5.33333  pos=(0.562489,-0.00844773,0.374969)
[pd-step]     step 8  dof=1875  pd|Δx|_max=0.00241875  pd|Δx|_mean=0.000801276
[avbd-drive] step 9 wrote AVBD output to Particle.pos
[avbd-friction] step 9 applied 4 vert/primitive friction events
[avbd-step] step 9  dof=1875  iters=16  rc=0  wall=10377 us  |Δx|_max=0.00272061  |Δx|_mean=0.000899188  pred_max=0.00272093  drift_max=4.42764e-05  drift@v315.z  conv_max=0.00018716  conv_mean=2.3852e-05  nan=0
[outlier] v315  inc_tri=6  worst|M|=5.33333  pos=(0.562524,-0.0108545,5.12794e-05)
[pd-step]     step 9  dof=1875  pd|Δx|_max=0.00272093  pd|Δx|_mean=0.000899824
[avbd-drive] step 10 wrote AVBD output to Particle.pos
[avbd-friction] step 10 applied 6 vert/primitive friction events
[avbd-step] step 10  dof=1875  iters=16  rc=0  wall=9975 us  |Δx|_max=0.00302272  |Δx|_mean=0.000995864  pred_max=0.00302308  drift_max=5.69522e-05  drift@v339.x  conv_max=0.000207355  conv_mean=2.64185e-05  nan=0
[outlier] v339  inc_tri=6  worst|M|=5.33333  pos=(0.375082,-0.0135577,0.187533)
[pd-step]     step 10  dof=1875  pd|Δx|_max=0.00302308  pd|Δx|_mean=0.000996686
[avbd-drive] step 11 wrote AVBD output to Particle.pos
[avbd-friction] step 11 applied 7 vert/primitive friction events
[avbd-step] step 11  dof=1875  iters=16  rc=0  wall=9881 us  |Δx|_max=0.00332479  |Δx|_mean=0.00109353  pred_max=0.00332519  drift_max=5.86282e-05  drift@v316.z  conv_max=0.000227435  conv_mean=2.90094e-05  nan=0
[outlier] v316  inc_tri=6  worst|M|=5.33333  pos=(0.749973,-0.016576,9.75251e-05)
[pd-step]     step 11  dof=1875  pd|Δx|_max=0.00332519  pd|Δx|_mean=0.00109427
[avbd-drive] step 12 wrote AVBD output to Particle.pos
[avbd-friction] step 12 applied 8 vert/primitive friction events
[avbd-step] step 12  dof=1875  iters=16  rc=0  wall=9870 us  |Δx|_max=0.00362683  |Δx|_mean=0.001191  pred_max=0.00362726  drift_max=7.08699e-05  drift@v364.x  conv_max=0.000247395  conv_mean=3.15941e-05  nan=0
[outlier] v364  inc_tri=6  worst|M|=5.33333  pos=(0.375121,-0.0198808,0.374963)
[pd-step]     step 12  dof=1875  pd|Δx|_max=0.00362726  pd|Δx|_mean=0.00119165
[avbd-drive] step 13 wrote AVBD output to Particle.pos
[avbd-friction] step 13 applied 9 vert/primitive friction events
[avbd-step] step 13  dof=1875  iters=16  rc=0  wall=10110 us  |Δx|_max=0.00392883  |Δx|_mean=0.00128814  pred_max=0.0039293  drift_max=8.63671e-05  drift@v314.x  conv_max=0.000267241  conv_mean=3.41697e-05  nan=0
[outlier] v314  inc_tri=6  worst|M|=5.33333  pos=(0.375159,-0.0234892,0.000134931)
[pd-step]     step 13  dof=1875  pd|Δx|_max=0.0039293  pd|Δx|_mean=0.00128877
[avbd-drive] step 14 wrote AVBD output to Particle.pos
[avbd-friction] step 14 applied 10 vert/primitive friction events
[avbd-step] step 14  dof=1875  iters=16  rc=0  wall=9686 us  |Δx|_max=0.0042308  |Δx|_mean=0.00138513  pred_max=0.0042313  drift_max=0.000116408  drift@v342.x  conv_max=0.00028697  conv_mean=3.67397e-05  nan=0
[outlier] v342  inc_tri=6  worst|M|=5.33333  pos=(0.9372,-0.027351,0.18745)
[pd-step]     step 14  dof=1875  pd|Δx|_max=0.0042313  pd|Δx|_mean=0.00138558
[avbd-drive] step 15 wrote AVBD output to Particle.pos
[avbd-friction] step 15 applied 10 vert/primitive friction events
[avbd-step] step 15  dof=1875  iters=16  rc=0  wall=9718 us  |Δx|_max=0.00453273  |Δx|_mean=0.00148441  pred_max=0.00453327  drift_max=9.33409e-05  drift@v366.z  conv_max=0.00030658  conv_mean=3.93667e-05  nan=0
[outlier] v366  inc_tri=6  worst|M|=5.33333  pos=(0.750158,-0.0151335,0.375172)
[pd-step]     step 15  dof=1875  pd|Δx|_max=0.00453327  pd|Δx|_mean=0.00148429
[avbd-drive] step 16 wrote AVBD output to Particle.pos
[avbd-friction] step 16 applied 12 vert/primitive friction events
[avbd-step] step 16  dof=1875  iters=16  rc=0  wall=9775 us  |Δx|_max=0.00483463  |Δx|_mean=0.00157901  pred_max=0.0048352  drift_max=0.000135243  drift@v367.x  conv_max=0.000326075  conv_mean=4.18511e-05  nan=0
[outlier] v367  inc_tri=6  worst|M|=5.33333  pos=(0.937102,-0.0360189,0.374752)
[pd-step]     step 16  dof=1875  pd|Δx|_max=0.0048352  pd|Δx|_mean=0.00157913
[avbd-drive] step 17 wrote AVBD output to Particle.pos
[avbd-friction] step 17 applied 15 vert/primitive friction events
[avbd-step] step 17  dof=1875  iters=16  rc=0  wall=9672 us  |Δx|_max=0.00513648  |Δx|_mean=0.00167016  pred_max=0.00513709  drift_max=0.00016582  drift@v391.z  conv_max=0.000345461  conv_mean=4.42477e-05  nan=0
[outlier] v391  inc_tri=6  worst|M|=5.33333  pos=(0.749754,-0.0407239,0.561939)
[pd-step]     step 17  dof=1875  pd|Δx|_max=0.00513709  pd|Δx|_mean=0.00167072
[avbd-drive] step 18 wrote AVBD output to Particle.pos
[avbd-friction] step 18 applied 18 vert/primitive friction events
[avbd-step] step 18  dof=1875  iters=16  rc=0  wall=9758 us  |Δx|_max=0.00543831  |Δx|_mean=0.00176041  pred_max=0.00543895  drift_max=0.000162542  drift@v338.x  conv_max=0.000364725  conv_mean=4.66207e-05  nan=0
[outlier] v338  inc_tri=6  worst|M|=5.33333  pos=(0.188379,-0.0457482,0.187637)
[pd-step]     step 18  dof=1875  pd|Δx|_max=0.00543895  pd|Δx|_mean=0.00176099
[avbd-drive] step 19 wrote AVBD output to Particle.pos
[avbd-friction] step 19 applied 21 vert/primitive friction events
[avbd-step] step 19  dof=1875  iters=16  rc=0  wall=9628 us  |Δx|_max=0.00574009  |Δx|_mean=0.00184983  pred_max=0.00574077  drift_max=0.000199988  drift@v313.x  conv_max=0.000383869  conv_mean=4.89662e-05  nan=0
[outlier] v313  inc_tri=6  worst|M|=5.33333  pos=(0.188209,-0.0512074,0.000373506)
[pd-step]     step 19  dof=1875  pd|Δx|_max=0.00574077  pd|Δx|_mean=0.00185059
[avbd-drive] step 20 wrote AVBD output to Particle.pos
[avbd-friction] step 20 applied 21 vert/primitive friction events
[avbd-step] step 20  dof=1875  iters=16  rc=0  wall=9739 us  |Δx|_max=0.00604185  |Δx|_mean=0.00194806  pred_max=0.00604256  drift_max=0.000172615  drift@v342.x  conv_max=0.000402901  conv_mean=5.15641e-05  nan=0
[outlier] v342  inc_tri=6  worst|M|=5.33333  pos=(0.937926,-0.0292847,0.187455)
[pd-step]     step 20  dof=1875  pd|Δx|_max=0.00604256  pd|Δx|_mean=0.00194697
[avbd-drive] step 21 wrote AVBD output to Particle.pos
[avbd-friction] step 21 applied 22 vert/primitive friction events
[avbd-step] step 21  dof=1875  iters=16  rc=0  wall=9775 us  |Δx|_max=0.00634357  |Δx|_mean=0.00204418  pred_max=0.00634432  drift_max=0.000201643  drift@v342.x  conv_max=0.000421807  conv_mean=5.4054e-05  nan=0
[outlier] v342  inc_tri=6  worst|M|=5.33333  pos=(0.938223,-0.0296809,0.187483)
[pd-step]     step 21  dof=1875  pd|Δx|_max=0.00634432  pd|Δx|_mean=0.00204231
[avbd-drive] step 22 wrote AVBD output to Particle.pos
[avbd-friction] step 22 applied 24 vert/primitive friction events
[avbd-step] step 22  dof=1875  iters=16  rc=0  wall=9633 us  |Δx|_max=0.00664525  |Δx|_mean=0.0021373  pred_max=0.00664604  drift_max=0.00022614  drift@v343.x  conv_max=0.000440605  conv_mean=5.64493e-05  nan=0
[outlier] v343  inc_tri=6  worst|M|=5.33333  pos=(1.12342,-0.0687904,0.187327)
[pd-step]     step 22  dof=1875  pd|Δx|_max=0.00664604  pd|Δx|_mean=0.00213489
[avbd-drive] step 23 wrote AVBD output to Particle.pos
[avbd-friction] step 23 applied 27 vert/primitive friction events
[avbd-step] step 23  dof=1875  iters=16  rc=0  wall=9695 us  |Δx|_max=0.00694689  |Δx|_mean=0.0022264  pred_max=0.00694772  drift_max=0.000287771  drift@v368.x  conv_max=0.000459269  conv_mean=5.8732e-05  nan=0
[outlier] v368  inc_tri=6  worst|M|=5.33333  pos=(1.12348,-0.0752901,0.374401)
[pd-step]     step 23  dof=1875  pd|Δx|_max=0.00694772  pd|Δx|_mean=0.0022242
[avbd-drive] step 24 wrote AVBD output to Particle.pos
[avbd-friction] step 24 applied 31 vert/primitive friction events
[avbd-step] step 24  dof=1875  iters=16  rc=0  wall=9782 us  |Δx|_max=0.0072485  |Δx|_mean=0.00231018  pred_max=0.00724936  drift_max=0.000303984  drift@v416.z  conv_max=0.000477821  conv_mean=6.08777e-05  nan=0
[outlier] v416  inc_tri=6  worst|M|=5.33333  pos=(0.749418,-0.0820852,0.748094)
[pd-step]     step 24  dof=1875  pd|Δx|_max=0.00724936  pd|Δx|_mean=0.00230889
[avbd-drive] step 25 wrote AVBD output to Particle.pos
[avbd-friction] step 25 applied 34 vert/primitive friction events
[avbd-step] step 25  dof=1875  iters=16  rc=0  wall=9742 us  |Δx|_max=0.00755007  |Δx|_mean=0.00239731  pred_max=0.00755097  drift_max=0.00031513  drift@v337.x  conv_max=0.000496238  conv_mean=6.31378e-05  nan=0
[outlier] v337  inc_tri=6  worst|M|=5.33333  pos=(0.00229711,-0.0892983,0.187746)
[pd-step]     step 25  dof=1875  pd|Δx|_max=0.00755097  pd|Δx|_mean=0.00239488
[avbd-drive] step 26 wrote AVBD output to Particle.pos
[avbd-friction] step 26 applied 36 vert/primitive friction events
[avbd-step] step 26  dof=1875  iters=16  rc=0  wall=9859 us  |Δx|_max=0.00785161  |Δx|_mean=0.00248883  pred_max=0.00785254  drift_max=0.000352681  drift@v264.z  conv_max=0.000514537  conv_mean=6.54843e-05  nan=0
[outlier] v264  inc_tri=6  worst|M|=5.33333  pos=(0.376026,-0.0963543,-0.372668)
[pd-step]     step 26  dof=1875  pd|Δx|_max=0.00785254  pd|Δx|_mean=0.00248454
[avbd-drive] step 27 wrote AVBD output to Particle.pos
[avbd-friction] step 27 applied 40 vert/primitive friction events
[avbd-step] step 27  dof=1875  iters=16  rc=0  wall=9893 us  |Δx|_max=0.00815311  |Δx|_mean=0.00257115  pred_max=0.00815408  drift_max=0.000366867  drift@v417.z  conv_max=0.000532694  conv_mean=6.75631e-05  nan=0
[outlier] v417  inc_tri=6  worst|M|=5.33333  pos=(0.935837,-0.104252,0.747609)
[pd-step]     step 27  dof=1875  pd|Δx|_max=0.00815408  pd|Δx|_mean=0.00256814
[avbd-drive] step 28 wrote AVBD output to Particle.pos
[avbd-friction] step 28 applied 41 vert/primitive friction events
[avbd-step] step 28  dof=1875  iters=16  rc=0  wall=10077 us  |Δx|_max=0.00845457  |Δx|_mean=0.0026662  pred_max=0.00845558  drift_max=0.000345469  drift@v343.x  conv_max=0.000550732  conv_mean=7.00085e-05  nan=0
[outlier] v343  inc_tri=6  worst|M|=5.33333  pos=(1.12512,-0.0707702,0.187475)
[pd-step]     step 28  dof=1875  pd|Δx|_max=0.00845558  pd|Δx|_mean=0.00265992
[avbd-drive] step 29 wrote AVBD output to Particle.pos
[avbd-friction] step 29 applied 43 vert/primitive friction events
[avbd-step] step 29  dof=1875  iters=16  rc=0  wall=9708 us  |Δx|_max=0.00875598  |Δx|_mean=0.00275925  pred_max=0.00875704  drift_max=0.000420853  drift@v263.y  conv_max=0.000568621  conv_mean=7.23004e-05  nan=0
[outlier] v263  inc_tri=6  worst|M|=5.33333  pos=(0.189655,-0.120833,-0.372249)
[pd-step]     step 29  dof=1875  pd|Δx|_max=0.00875704  pd|Δx|_mean=0.00275073
[avbd-drive] step 30 wrote AVBD output to Particle.pos
[avbd-friction] step 30 applied 46 vert/primitive friction events
[avbd-step] step 30  dof=1875  iters=16  rc=0  wall=9763 us  |Δx|_max=0.00905736  |Δx|_mean=0.00284749  pred_max=0.00905845  drift_max=0.000409902  drift@v287.x  conv_max=0.000586346  conv_mean=7.44328e-05  nan=0
[outlier] v287  inc_tri=6  worst|M|=5.33333  pos=(0.00342091,-0.128731,-0.185014)
[pd-step]     step 30  dof=1875  pd|Δx|_max=0.00905845  pd|Δx|_mean=0.00283878
[avbd-drive] step 31 wrote AVBD output to Particle.pos
[avbd-friction] step 31 applied 49 vert/primitive friction events
[avbd-step] step 31  dof=1875  iters=16  rc=0  wall=10199 us  |Δx|_max=0.00935869  |Δx|_mean=0.00293551  pred_max=0.00935982  drift_max=0.000515342  drift@v418.y  conv_max=0.000603929  conv_mean=7.6549e-05  nan=0
[outlier] v418  inc_tri=6  worst|M|=5.33333  pos=(1.12183,-0.138374,0.746798)
[pd-step]     step 31  dof=1875  pd|Δx|_max=0.00935983  pd|Δx|_mean=0.00292571
[avbd-drive] step 32 wrote AVBD output to Particle.pos
[avbd-friction] step 32 applied 53 vert/primitive friction events
[avbd-step] step 32  dof=1875  iters=16  rc=0  wall=9879 us  |Δx|_max=0.00965996  |Δx|_mean=0.00301821  pred_max=0.00966115  drift_max=0.000471383  drift@v268.y  conv_max=0.000621364  conv_mean=7.85053e-05  nan=0
[outlier] v268  inc_tri=6  worst|M|=5.33333  pos=(1.12203,-0.146525,-0.371459)
[pd-step]     step 32  dof=1875  pd|Δx|_max=0.00966116  pd|Δx|_mean=0.0030084
[avbd-drive] step 33 wrote AVBD output to Particle.pos
[avbd-friction] step 33 applied 58 vert/primitive friction events
[avbd-step] step 33  dof=1875  iters=16  rc=0  wall=9547 us  |Δx|_max=0.00996119  |Δx|_mean=0.00309485  pred_max=0.00996242  drift_max=0.000534654  drift@v394.x  conv_max=0.000638619  conv_mean=8.02832e-05  nan=0
[outlier] v394  inc_tri=6  worst|M|=5.33333  pos=(1.30761,-0.155929,0.559905)
[pd-step]     step 33  dof=1875  pd|Δx|_max=0.00996243  pd|Δx|_mean=0.00308566
[avbd-drive] step 34 wrote AVBD output to Particle.pos
[avbd-friction] step 34 applied 63 vert/primitive friction events
[avbd-step] step 34  dof=1875  iters=16  rc=0  wall=9634 us  |Δx|_max=0.0102624  |Δx|_mean=0.0031698  pred_max=0.0102637  drift_max=0.000671566  drift@v262.y  conv_max=0.000655696  conv_mean=8.20298e-05  nan=0
[outlier] v262  inc_tri=6  worst|M|=5.33333  pos=(0.00434641,-0.166509,-0.37075)
[pd-step]     step 34  dof=1875  pd|Δx|_max=0.0102637  pd|Δx|_mean=0.00316053
[avbd-drive] step 35 wrote AVBD output to Particle.pos
[avbd-friction] step 35 applied 66 vert/primitive friction events
[avbd-step] step 35  dof=1875  iters=16  rc=0  wall=9594 us  |Δx|_max=0.0105635  |Δx|_mean=0.0032551  pred_max=0.0105648  drift_max=0.000585258  drift@v238.y  conv_max=0.000672609  conv_mean=8.40562e-05  nan=0
[outlier] v238  inc_tri=6  worst|M|=5.33333  pos=(0.190635,-0.176298,-0.557293)
[pd-step]     step 35  dof=1875  pd|Δx|_max=0.0105648  pd|Δx|_mean=0.00324226
[avbd-drive] step 36 wrote AVBD output to Particle.pos
[avbd-friction] step 36 applied 68 vert/primitive friction events
[avbd-step] step 36  dof=1875  iters=16  rc=0  wall=9829 us  |Δx|_max=0.0108645  |Δx|_mean=0.00334832  pred_max=0.0108659  drift_max=0.000685781  drift@v286.y  conv_max=0.000689298  conv_mean=8.61903e-05  nan=0
[outlier] v286  inc_tri=6  worst|M|=5.33333  pos=(-0.181395,-0.185528,-0.184152)
[pd-step]     step 36  dof=1875  pd|Δx|_max=0.0108659  pd|Δx|_mean=0.00333098
[avbd-drive] step 37 wrote AVBD output to Particle.pos
[avbd-friction] step 37 applied 69 vert/primitive friction events
[avbd-step] step 37  dof=1875  iters=16  rc=0  wall=9851 us  |Δx|_max=0.0111654  |Δx|_mean=0.0034495  pred_max=0.011167  drift_max=0.000902206  drift@v419.y  conv_max=0.000705793  conv_mean=8.84489e-05  nan=0
[outlier] v419  inc_tri=6  worst|M|=5.33333  pos=(1.30594,-0.196464,0.744723)
[pd-step]     step 37  dof=1875  pd|Δx|_max=0.011167  pd|Δx|_mean=0.00342701
[avbd-drive] step 38 wrote AVBD output to Particle.pos
[avbd-friction] step 38 applied 73 vert/primitive friction events
[avbd-step] step 38  dof=1875  iters=16  rc=0  wall=9772 us  |Δx|_max=0.0114663  |Δx|_mean=0.00353416  pred_max=0.0114679  drift_max=0.000700846  drift@v419.y  conv_max=0.000722051  conv_mean=9.02063e-05  nan=0
[outlier] v419  inc_tri=6  worst|M|=5.33333  pos=(1.30471,-0.205073,0.743618)
[pd-step]     step 38  dof=1875  pd|Δx|_max=0.0114679  pd|Δx|_mean=0.00351272
[avbd-drive] step 39 wrote AVBD output to Particle.pos
[avbd-friction] step 39 applied 78 vert/primitive friction events
[avbd-step] step 39  dof=1875  iters=16  rc=0  wall=10199 us  |Δx|_max=0.011767  |Δx|_mean=0.00361203  pred_max=0.0117688  drift_max=0.000874892  drift@v237.y  conv_max=0.000738084  conv_mean=9.18259e-05  nan=0
[outlier] v237  inc_tri=6  worst|M|=5.33333  pos=(0.00577084,-0.219618,-0.555678)
[pd-step]     step 39  dof=1875  pd|Δx|_max=0.0117688  pd|Δx|_mean=0.00359067
[avbd-drive] step 40 wrote AVBD output to Particle.pos
[avbd-friction] step 40 applied 82 vert/primitive friction events
[avbd-step] step 40  dof=1875  iters=16  rc=0  wall=10415 us  |Δx|_max=0.0120676  |Δx|_mean=0.00369509  pred_max=0.0120695  drift_max=0.00112021  drift@v237.y  conv_max=0.000753835  conv_mean=9.3576e-05  nan=0
[outlier] v237  inc_tri=6  worst|M|=5.33333  pos=(0.00682116,-0.229149,-0.554536)
[pd-step]     step 40  dof=1875  pd|Δx|_max=0.0120695  pd|Δx|_mean=0.0036711
[avbd-drive] step 41 wrote AVBD output to Particle.pos
[avbd-friction] step 41 applied 89 vert/primitive friction events
[avbd-step] step 41  dof=1875  iters=16  rc=0  wall=10069 us  |Δx|_max=0.0123681  |Δx|_mean=0.00375869  pred_max=0.0123701  drift_max=0.000968233  drift@v467.y  conv_max=0.000769332  conv_mean=9.48412e-05  nan=0
[outlier] v467  inc_tri=6  worst|M|=5.33333  pos=(0.933142,-0.238228,1.11426)
[pd-step]     step 41  dof=1875  pd|Δx|_max=0.0123701  pd|Δx|_mean=0.00373856
[avbd-drive] step 42 wrote AVBD output to Particle.pos
[avbd-friction] step 42 applied 92 vert/primitive friction events
[avbd-step] step 42  dof=1875  iters=16  rc=0  wall=10284 us  |Δx|_max=0.0126685  |Δx|_mean=0.00384584  pred_max=0.0126706  drift_max=0.00119606  drift@v444.y  conv_max=0.000784487  conv_mean=9.6787e-05  nan=0
[outlier] v444  inc_tri=6  worst|M|=5.33333  pos=(1.303,-0.253487,0.928425)
[pd-step]     step 42  dof=1875  pd|Δx|_max=0.0126706  pd|Δx|_mean=0.00381888
[avbd-drive] step 43 wrote AVBD output to Particle.pos
[avbd-friction] step 43 applied 95 vert/primitive friction events
[avbd-step] step 43  dof=1875  iters=16  rc=0  wall=9744 us  |Δx|_max=0.0129686  |Δx|_mean=0.0039356  pred_max=0.0129709  drift_max=0.00108486  drift@v213.y  conv_max=0.000799388  conv_mean=9.86395e-05  nan=0
[outlier] v213  inc_tri=6  worst|M|=5.33333  pos=(0.192801,-0.261317,-0.738442)
[pd-step]     step 43  dof=1875  pd|Δx|_max=0.0129709  pd|Δx|_mean=0.00390373
[avbd-drive] step 44 wrote AVBD output to Particle.pos
[avbd-friction] step 44 applied 99 vert/primitive friction events
[avbd-step] step 44  dof=1875  iters=16  rc=0  wall=10180 us  |Δx|_max=0.0132685  |Δx|_mean=0.00402017  pred_max=0.013271  drift_max=0.00115353  drift@v236.y  conv_max=0.000813931  conv_mean=0.000100278  nan=0
[outlier] v236  inc_tri=6  worst|M|=5.33333  pos=(-0.177844,-0.279806,-0.553027)
[pd-step]     step 44  dof=1875  pd|Δx|_max=0.013271  pd|Δx|_mean=0.00398683
[avbd-drive] step 45 wrote AVBD output to Particle.pos
[avbd-friction] step 45 applied 101 vert/primitive friction events
[avbd-step] step 45  dof=1875  iters=16  rc=0  wall=9822 us  |Δx|_max=0.0135681  |Δx|_mean=0.00411048  pred_max=0.0135709  drift_max=0.00147575  drift@v236.y  conv_max=0.000828087  conv_mean=0.00010206  nan=0
[outlier] v236  inc_tri=6  worst|M|=5.33333  pos=(-0.176636,-0.290132,-0.551785)
[pd-step]     step 45  dof=1875  pd|Δx|_max=0.0135709  pd|Δx|_mean=0.00407356
[avbd-drive] step 46 wrote AVBD output to Particle.pos
[avbd-friction] step 46 applied 107 vert/primitive friction events
[avbd-step] step 46  dof=1875  iters=16  rc=0  wall=9748 us  |Δx|_max=0.0138675  |Δx|_mean=0.00418046  pred_max=0.0138706  drift_max=0.00130609  drift@v212.y  conv_max=0.000841916  conv_mean=0.000103177  nan=0
[outlier] v212  inc_tri=6  worst|M|=5.33333  pos=(0.00884653,-0.302366,-0.736648)
[pd-step]     step 46  dof=1875  pd|Δx|_max=0.0138706  pd|Δx|_mean=0.00414611
[avbd-drive] step 47 wrote AVBD output to Particle.pos
[avbd-friction] step 47 applied 109 vert/primitive friction events
[avbd-step] step 47  dof=1875  iters=16  rc=0  wall=9756 us  |Δx|_max=0.0141666  |Δx|_mean=0.00427539  pred_max=0.01417  drift_max=0.00147715  drift@v212.y  conv_max=0.000855267  conv_mean=0.000105014  nan=0
[outlier] v212  inc_tri=6  worst|M|=5.33333  pos=(0.00998413,-0.311813,-0.734964)
[pd-step]     step 47  dof=1875  pd|Δx|_max=0.01417  pd|Δx|_mean=0.00423324
[avbd-drive] step 48 wrote AVBD output to Particle.pos
[avbd-friction] step 48 applied 113 vert/primitive friction events
[avbd-step] step 48  dof=1875  iters=16  rc=0  wall=9659 us  |Δx|_max=0.0144653  |Δx|_mean=0.00434701  pred_max=0.014469  drift_max=0.00157464  drift@v445.y  conv_max=0.000868291  conv_mean=0.000106146  nan=0
[outlier] v445  inc_tri=6  worst|M|=5.33333  pos=(1.48242,-0.328691,0.923846)
[pd-step]     step 48  dof=1875  pd|Δx|_max=0.014469  pd|Δx|_mean=0.00430803
[avbd-drive] step 49 wrote AVBD output to Particle.pos
[avbd-friction] step 49 applied 118 vert/primitive friction events
[avbd-step] step 49  dof=1875  iters=16  rc=0  wall=9743 us  |Δx|_max=0.0147636  |Δx|_mean=0.004423  pred_max=0.0147677  drift_max=0.00159016  drift@v469.y  conv_max=0.000880778  conv_mean=0.000107388  nan=0
[outlier] v469  inc_tri=6  worst|M|=5.33333  pos=(1.29709,-0.338394,1.10698)
[pd-step]     step 49  dof=1875  pd|Δx|_max=0.0147677  pd|Δx|_mean=0.00438109
[avbd-drive] step 50 wrote AVBD output to Particle.pos
[avbd-friction] step 50 applied 124 vert/primitive friction events
[avbd-step] step 50  dof=1875  iters=16  rc=0  wall=9849 us  |Δx|_max=0.0150614  |Δx|_mean=0.00450108  pred_max=0.015066  drift_max=0.00158304  drift@v211.y  conv_max=0.000892818  conv_mean=0.00010869  nan=0
[outlier] v211  inc_tri=6  worst|M|=5.33333  pos=(-0.174202,-0.359079,-0.733837)
[pd-step]     step 50  dof=1875  pd|Δx|_max=0.015066  pd|Δx|_mean=0.00445576
[avbd-drive] step 51 wrote AVBD output to Particle.pos
[avbd-friction] step 51 applied 124 vert/primitive friction events
[avbd-step] step 51  dof=1875  iters=16  rc=0  wall=9918 us  |Δx|_max=0.0153587  |Δx|_mean=0.00458597  pred_max=0.0153639  drift_max=0.00185722  drift@v211.y  conv_max=0.000904292  conv_mean=0.000110067  nan=0
[outlier] v211  inc_tri=6  worst|M|=5.33333  pos=(-0.172936,-0.369371,-0.732197)
[pd-step]     step 51  dof=1875  pd|Δx|_max=0.0153639  pd|Δx|_mean=0.00453566
[avbd-drive] step 52 wrote AVBD output to Particle.pos
[avbd-friction] step 52 applied 128 vert/primitive friction events
[avbd-step] step 52  dof=1875  iters=16  rc=0  wall=9978 us  |Δx|_max=0.0156555  |Δx|_mean=0.00466231  pred_max=0.0156612  drift_max=0.00194991  drift@v211.y  conv_max=0.000915349  conv_mean=0.000111142  nan=0
[outlier] v211  inc_tri=6  worst|M|=5.33333  pos=(-0.171694,-0.378109,-0.730597)
[pd-step]     step 52  dof=1875  pd|Δx|_max=0.0156612  pd|Δx|_mean=0.0046122
[avbd-drive] step 53 wrote AVBD output to Particle.pos
[avbd-friction] step 53 applied 131 vert/primitive friction events
[avbd-step] step 53  dof=1875  iters=16  rc=0  wall=9773 us  |Δx|_max=0.0159517  |Δx|_mean=0.00473715  pred_max=0.015958  drift_max=0.00191396  drift@v470.y  conv_max=0.00092572  conv_mean=0.00011223  nan=0
[outlier] v470  inc_tri=6  worst|M|=5.33333  pos=(1.4772,-0.401932,1.10277)
[pd-step]     step 53  dof=1875  pd|Δx|_max=0.015958  pd|Δx|_mean=0.00468587
[avbd-drive] step 54 wrote AVBD output to Particle.pos
[avbd-friction] step 54 applied 132 vert/primitive friction events
[avbd-step] step 54  dof=1875  iters=16  rc=0  wall=10225 us  |Δx|_max=0.0162472  |Δx|_mean=0.0048125  pred_max=0.0162542  drift_max=0.0021446  drift@v470.y  conv_max=0.000935644  conv_mean=0.000113378  nan=0
[outlier] v470  inc_tri=6  worst|M|=5.33333  pos=(1.47502,-0.411885,1.10051)
[pd-step]     step 54  dof=1875  pd|Δx|_max=0.0162542  pd|Δx|_mean=0.00476087
[avbd-drive] step 55 wrote AVBD output to Particle.pos
[avbd-friction] step 55 applied 131 vert/primitive friction events
[avbd-step] step 55  dof=1875  iters=16  rc=0  wall=9896 us  |Δx|_max=0.0165419  |Δx|_mean=0.00490896  pred_max=0.0165496  drift_max=0.0018945  drift@v446.y  conv_max=0.000944853  conv_mean=0.000115078  nan=0
[outlier] v446  inc_tri=6  worst|M|=5.33333  pos=(1.6547,-0.42696,0.915237)
[pd-step]     step 55  dof=1875  pd|Δx|_max=0.0165496  pd|Δx|_mean=0.00485298
[avbd-drive] step 56 wrote AVBD output to Particle.pos
[avbd-friction] step 56 applied 138 vert/primitive friction events
[avbd-step] step 56  dof=1875  iters=16  rc=0  wall=9887 us  |Δx|_max=0.0168358  |Δx|_mean=0.00494878  pred_max=0.0168443  drift_max=0.00201115  drift@v210.y  conv_max=0.000953555  conv_mean=0.000115406  nan=0
[outlier] v210  inc_tri=6  worst|M|=5.33333  pos=(-0.353822,-0.446309,-0.728176)
[pd-step]     step 56  dof=1875  pd|Δx|_max=0.0168443  pd|Δx|_mean=0.00490474
[avbd-drive] step 57 wrote AVBD output to Particle.pos
[avbd-friction] step 57 applied 142 vert/primitive friction events
[avbd-step] step 57  dof=1875  iters=16  rc=0  wall=9750 us  |Δx|_max=0.0171289  |Δx|_mean=0.00502528  pred_max=0.0171383  drift_max=0.00225368  drift@v210.y  conv_max=0.000961512  conv_mean=0.000116657  nan=0
[outlier] v210  inc_tri=6  worst|M|=5.33333  pos=(-0.352467,-0.456088,-0.726699)
[pd-step]     step 57  dof=1875  pd|Δx|_max=0.0171383  pd|Δx|_mean=0.00497261
[avbd-drive] step 58 wrote AVBD output to Particle.pos
[avbd-friction] step 58 applied 144 vert/primitive friction events
[avbd-step] step 58  dof=1875  iters=16  rc=0  wall=9947 us  |Δx|_max=0.0174212  |Δx|_mean=0.00508734  pred_max=0.0174314  drift_max=0.00225458  drift@v210.y  conv_max=0.000969082  conv_mean=0.000117521  nan=0
[outlier] v210  inc_tri=6  worst|M|=5.33333  pos=(-0.351283,-0.463916,-0.725388)
[pd-step]     step 58  dof=1875  pd|Δx|_max=0.0174314  pd|Δx|_mean=0.00503663
[avbd-drive] step 59 wrote AVBD output to Particle.pos
[avbd-friction] step 59 applied 144 vert/primitive friction events
[avbd-step] step 59  dof=1875  iters=16  rc=0  wall=9902 us  |Δx|_max=0.0177125  |Δx|_mean=0.00514914  pred_max=0.0177237  drift_max=0.00228101  drift@v471.y  conv_max=0.000976175  conv_mean=0.000118386  nan=0
[outlier] v471  inc_tri=6  worst|M|=5.33333  pos=(1.6488,-0.49636,1.09112)
[pd-step]     step 59  dof=1875  pd|Δx|_max=0.0177237  pd|Δx|_mean=0.00509911
[avbd-drive] step 60 wrote AVBD output to Particle.pos
[avbd-friction] step 60 applied 147 vert/primitive friction events
[avbd-step] step 60  dof=1875  iters=16  rc=0  wall=12687 us  |Δx|_max=0.018003  |Δx|_mean=0.00522473  pred_max=0.018015  drift_max=0.0024094  drift@v471.y  conv_max=0.000983655  conv_mean=0.000119538  nan=0
[outlier] v471  inc_tri=6  worst|M|=5.33333  pos=(1.64573,-0.506378,1.08827)
[pd-step]     step 60  dof=1875  pd|Δx|_max=0.018015  pd|Δx|_mean=0.00516951
[avbd-drive] step 61 wrote AVBD output to Particle.pos
[avbd-friction] step 61 applied 153 vert/primitive friction events
Parameter bounds are:
Lower:0.01
Upper:0.95
Srand seed is : 1
seed = 41
Parameter from randseed 41 is valid, proceed...
  param lowerBound:0.01
  param upperBound:0.95
 starts with param:0.53977
lbfgs param lowerBound:0.01
lbfgs param upperBound:0.95
lbfgs starts with param:0.53977
[32m=========Evaluation Iter 1 ========
[0m[32mTotal Optimization Iter:0
[0mTotal parameters: 1
Total frames: 60
timestep: 0.0056 / 1/180
[35mLBFGS param:
============Parameter Info:======================
mu from prim0:0.539770

[0m[Simulation::runBackwardTask]
forwardConverge set from 0.0000001000 to 0.0000000010
looping over constraints...finished...
forward started...0..[avbd-step] step 1  dof=1875  iters=16  rc=0  wall=10332 us  |Δx|_max=0.000302433  |Δx|_mean=0.000100747  pred_max=0.000302469  drift_max=1.75464e-06  drift@v0.y  conv_max=2.12829e-05  conv_mean=2.67256e-06  nan=0
[outlier] v0  inc_tri=1  worst|M|=5.33333  pos=(-2.25,1.37773e-16,-2.25)
[pd-step]     step 1  dof=1875  pd|Δx|_max=0.000302469  pd|Δx|_mean=0.000100823
[avbd-drive] step 2 wrote AVBD output to Particle.pos
[avbd-step] step 2  dof=1875  iters=16  rc=0  wall=10183 us  |Δx|_max=0.000604831  |Δx|_mean=0.000201419  pred_max=0.000604902  drift_max=3.4991e-06  drift@v0.y  conv_max=4.24422e-05  conv_mean=5.34311e-06  nan=0
[outlier] v0  inc_tri=1  worst|M|=5.33333  pos=(-2.25,-0.000300714,-2.25)
[pd-step]     step 2  dof=1875  pd|Δx|_max=0.000604902  pd|Δx|_mean=0.00020157
[avbd-drive] step 3 wrote AVBD output to Particle.pos
[avbd-friction] step 3 applied 1 vert/primitive friction events
[avbd-step] step 3  dof=1875  iters=16  rc=0  wall=9951 us  |Δx|_max=0.000907192  |Δx|_mean=0.000301694  pred_max=0.0009073  drift_max=5.23345e-06  drift@v0.y  conv_max=6.34788e-05  conv_mean=8.00318e-06  nan=0
[outlier] v0  inc_tri=1  worst|M|=5.33333  pos=(-2.25,-0.000900399,-2.25)
[pd-step]     step 3  dof=1875  pd|Δx|_max=0.0009073  pd|Δx|_mean=0.000301923
[avbd-drive] step 4 wrote AVBD output to Particle.pos
[avbd-friction] step 4 applied 1 vert/primitive friction events
[avbd-step] step 4  dof=1875  iters=16  rc=0  wall=11090 us  |Δx|_max=0.00120952  |Δx|_mean=0.000402059  pred_max=0.00120966  drift_max=6.95791e-06  drift@v0.y  conv_max=8.43932e-05  conv_mean=1.06653e-05  nan=0
[outlier] v0  inc_tri=1  worst|M|=5.33333  pos=(-2.25,-0.00179732,-2.25)
[pd-step]     step 4  dof=1875  pd|Δx|_max=0.00120966  pd|Δx|_mean=0.000402357
[avbd-drive] step 5 wrote AVBD output to Particle.pos
[avbd-friction] step 5 applied 1 vert/primitive friction events
[avbd-step] step 5  dof=1875  iters=16  rc=0  wall=10498 us  |Δx|_max=0.00151181  |Δx|_mean=0.000502359  pred_max=0.00151199  drift_max=8.67154e-06  drift@v0.y  conv_max=0.000105187  conv_mean=1.33259e-05  nan=0
[outlier] v0  inc_tri=1  worst|M|=5.33333  pos=(-2.25,-0.00298975,-2.25)
[pd-step]     step 5  dof=1875  pd|Δx|_max=0.00151199  pd|Δx|_mean=0.000502721
[avbd-drive] step 6 wrote AVBD output to Particle.pos
[avbd-friction] step 6 applied 1 vert/primitive friction events
[avbd-step] step 6  dof=1875  iters=16  rc=0  wall=10150 us  |Δx|_max=0.00181406  |Δx|_mean=0.000602599  pred_max=0.00181428  drift_max=1.03763e-05  drift@v0.y  conv_max=0.000125859  conv_mean=1.5985e-05  nan=0
[outlier] v0  inc_tri=1  worst|M|=5.33333  pos=(-2.25,-0.00447598,-2.25)
[pd-step]     step 6  dof=1875  pd|Δx|_max=0.00181428  pd|Δx|_mean=0.00060302
[avbd-drive] step 7 wrote AVBD output to Particle.pos
[avbd-friction] step 7 applied 2 vert/primitive friction events
[avbd-step] step 7  dof=1875  iters=16  rc=0  wall=9680 us  |Δx|_max=0.00211628  |Δx|_mean=0.000701825  pred_max=0.00211653  drift_max=1.20709e-05  drift@v0.y  conv_max=0.000146412  conv_mean=1.86173e-05  nan=0
[outlier] v0  inc_tri=1  worst|M|=5.33333  pos=(-2.25,-0.0062543,-2.25)
[pd-step]     step 7  dof=1875  pd|Δx|_max=0.00211653  pd|Δx|_mean=0.000702324
[avbd-drive] step 8 wrote AVBD output to Particle.pos
[avbd-friction] step 8 applied 3 vert/primitive friction events
[avbd-step] step 8  dof=1875  iters=16  rc=0  wall=9901 us  |Δx|_max=0.00241846  |Δx|_mean=0.000800672  pred_max=0.00241875  drift_max=2.2769e-05  drift@v340.x  conv_max=0.000166846  conv_mean=2.12394e-05  nan=0
[outlier] v340  inc_tri=6  worst|M|=5.33333  pos=(0.562494,-0.00242567,0.187498)
[pd-step]     step 8  dof=1875  pd|Δx|_max=0.00241875  pd|Δx|_mean=0.000801236
[avbd-drive] step 9 wrote AVBD output to Particle.pos
[avbd-friction] step 9 applied 4 vert/primitive friction events
[avbd-step] step 9  dof=1875  iters=16  rc=0  wall=10087 us  |Δx|_max=0.00272061  |Δx|_mean=0.00089919  pred_max=0.00272093  drift_max=2.563e-05  drift@v340.x  conv_max=0.00018716  conv_mean=2.38516e-05  nan=0
[outlier] v340  inc_tri=6  worst|M|=5.33333  pos=(0.562472,-0.00273749,0.187481)
[pd-step]     step 9  dof=1875  pd|Δx|_max=0.00272093  pd|Δx|_mean=0.000899773
[avbd-drive] step 10 wrote AVBD output to Particle.pos
[avbd-friction] step 10 applied 6 vert/primitive friction events
[avbd-step] step 10  dof=1875  iters=16  rc=0  wall=9722 us  |Δx|_max=0.00302272  |Δx|_mean=0.00099587  pred_max=0.00302308  drift_max=3.1054e-05  drift@v341.x  conv_max=0.000207355  conv_mean=2.64183e-05  nan=0
[outlier] v341  inc_tri=6  worst|M|=5.33333  pos=(0.750009,-0.00724648,0.187496)
[pd-step]     step 10  dof=1875  pd|Δx|_max=0.00302308  pd|Δx|_mean=0.000996585
[avbd-drive] step 11 wrote AVBD output to Particle.pos
[avbd-friction] step 11 applied 7 vert/primitive friction events
[avbd-step] step 11  dof=1875  iters=16  rc=0  wall=9850 us  |Δx|_max=0.00332479  |Δx|_mean=0.00109358  pred_max=0.00332519  drift_max=4.52995e-05  drift@v341.x  conv_max=0.000227435  conv_mean=2.90101e-05  nan=0
[outlier] v341  inc_tri=6  worst|M|=5.33333  pos=(0.750036,-0.0075537,0.187489)
[pd-step]     step 11  dof=1875  pd|Δx|_max=0.00332519  pd|Δx|_mean=0.0010942
[avbd-drive] step 12 wrote AVBD output to Particle.pos
[avbd-friction] step 12 applied 8 vert/primitive friction events
[avbd-step] step 12  dof=1875  iters=16  rc=0  wall=10070 us  |Δx|_max=0.00362683  |Δx|_mean=0.00119106  pred_max=0.00362726  drift_max=6.2618e-05  drift@v315.z  conv_max=0.000247395  conv_mean=3.15943e-05  nan=0
[outlier] v315  inc_tri=6  worst|M|=5.33333  pos=(0.562497,-0.0117599,-6.32377e-06)
[pd-step]     step 12  dof=1875  pd|Δx|_max=0.00362726  pd|Δx|_mean=0.00119159
[avbd-drive] step 13 wrote AVBD output to Particle.pos
[avbd-friction] step 13 applied 9 vert/primitive friction events
[avbd-step] step 13  dof=1875  iters=16  rc=0  wall=9772 us  |Δx|_max=0.00392883  |Δx|_mean=0.00128824  pred_max=0.0039293  drift_max=7.77841e-05  drift@v341.x  conv_max=0.000267241  conv_mean=3.41692e-05  nan=0
[outlier] v341  inc_tri=6  worst|M|=5.33333  pos=(0.750141,-0.00818303,0.187482)
[pd-step]     step 13  dof=1875  pd|Δx|_max=0.0039293  pd|Δx|_mean=0.0012887
[avbd-drive] step 14 wrote AVBD output to Particle.pos
[avbd-friction] step 14 applied 10 vert/primitive friction events
[avbd-step] step 14  dof=1875  iters=16  rc=0  wall=9792 us  |Δx|_max=0.0042308  |Δx|_mean=0.00138528  pred_max=0.0042313  drift_max=9.62317e-05  drift@v365.z  conv_max=0.00028697  conv_mean=3.67406e-05  nan=0
[outlier] v365  inc_tri=6  worst|M|=5.33333  pos=(0.562461,-0.0102943,0.375171)
[pd-step]     step 14  dof=1875  pd|Δx|_max=0.0042313  pd|Δx|_mean=0.00138551
[avbd-drive] step 15 wrote AVBD output to Particle.pos
[avbd-friction] step 15 applied 10 vert/primitive friction events
[avbd-step] step 15  dof=1875  iters=16  rc=0  wall=9904 us  |Δx|_max=0.00453273  |Δx|_mean=0.00148464  pred_max=0.00453327  drift_max=0.000127852  drift@v366.z  conv_max=0.00030658  conv_mean=3.9365e-05  nan=0
[outlier] v366  inc_tri=6  worst|M|=5.33333  pos=(0.750134,-0.0151186,0.375145)
[pd-step]     step 15  dof=1875  pd|Δx|_max=0.00453327  pd|Δx|_mean=0.00148431
[avbd-drive] step 16 wrote AVBD output to Particle.pos
[avbd-friction] step 16 applied 12 vert/primitive friction events
[avbd-step] step 16  dof=1875  iters=16  rc=0  wall=9772 us  |Δx|_max=0.00483463  |Δx|_mean=0.00157916  pred_max=0.0048352  drift_max=0.000130926  drift@v315.z  conv_max=0.000326075  conv_mean=4.18504e-05  nan=0
[outlier] v315  inc_tri=6  worst|M|=5.33333  pos=(0.562447,-0.0130628,-0.000348503)
[pd-step]     step 16  dof=1875  pd|Δx|_max=0.0048352  pd|Δx|_mean=0.00157895
[avbd-drive] step 17 wrote AVBD output to Particle.pos
[avbd-friction] step 17 applied 15 vert/primitive friction events
[avbd-step] step 17  dof=1875  iters=16  rc=0  wall=10075 us  |Δx|_max=0.00513648  |Δx|_mean=0.00167029  pred_max=0.00513709  drift_max=0.000163049  drift@v339.x  conv_max=0.000345461  conv_mean=4.42463e-05  nan=0
[outlier] v339  inc_tri=6  worst|M|=5.33333  pos=(0.374646,-0.0157651,0.18749)
[pd-step]     step 17  dof=1875  pd|Δx|_max=0.00513709  pd|Δx|_mean=0.00167028
[avbd-drive] step 18 wrote AVBD output to Particle.pos
[avbd-friction] step 18 applied 18 vert/primitive friction events
[avbd-step] step 18  dof=1875  iters=16  rc=0  wall=10485 us  |Δx|_max=0.00543831  |Δx|_mean=0.0017607  pred_max=0.00543895  drift_max=0.000192851  drift@v314.x  conv_max=0.000364725  conv_mean=4.66204e-05  nan=0
[outlier] v314  inc_tri=6  worst|M|=5.33333  pos=(0.374855,-0.0250306,-0.000141772)
[pd-step]     step 18  dof=1875  pd|Δx|_max=0.00543895  pd|Δx|_mean=0.0017605
[avbd-drive] step 19 wrote AVBD output to Particle.pos
[avbd-friction] step 19 applied 21 vert/primitive friction events
[avbd-step] step 19  dof=1875  iters=16  rc=0  wall=9849 us  |Δx|_max=0.00574009  |Δx|_mean=0.00185023  pred_max=0.00574077  drift_max=0.000198603  drift@v342.x  conv_max=0.000383869  conv_mean=4.89628e-05  nan=0
[outlier] v342  inc_tri=6  worst|M|=5.33333  pos=(0.937578,-0.0288762,0.187441)
[pd-step]     step 19  dof=1875  pd|Δx|_max=0.00574077  pd|Δx|_mean=0.00185007
[avbd-drive] step 20 wrote AVBD output to Particle.pos
[avbd-friction] step 20 applied 21 vert/primitive friction events
[avbd-step] step 20  dof=1875  iters=16  rc=0  wall=9745 us  |Δx|_max=0.00604185  |Δx|_mean=0.00194902  pred_max=0.00604256  drift_max=0.000248492  drift@v342.x  conv_max=0.000402901  conv_mean=5.15637e-05  nan=0
[outlier] v342  inc_tri=6  worst|M|=5.33333  pos=(0.937794,-0.0292254,0.187459)
[pd-step]     step 20  dof=1875  pd|Δx|_max=0.00604256  pd|Δx|_mean=0.0019471
[avbd-drive] step 21 wrote AVBD output to Particle.pos
[avbd-friction] step 21 applied 22 vert/primitive friction events
20..[avbd-step] step 21  dof=1875  iters=16  rc=0  wall=9972 us  |Δx|_max=0.00634357  |Δx|_mean=0.00204521  pred_max=0.00634432  drift_max=0.000289559  drift@v342.x  conv_max=0.000421807  conv_mean=5.40498e-05  nan=0
[outlier] v342  inc_tri=6  worst|M|=5.33333  pos=(0.938073,-0.0296129,0.187484)
[pd-step]     step 21  dof=1875  pd|Δx|_max=0.00634432  pd|Δx|_mean=0.00204261
[avbd-drive] step 22 wrote AVBD output to Particle.pos
[avbd-friction] step 22 applied 24 vert/primitive friction events
[avbd-step] step 22  dof=1875  iters=16  rc=0  wall=9923 us  |Δx|_max=0.00664525  |Δx|_mean=0.00213824  pred_max=0.00664604  drift_max=0.000277936  drift@v390.z  conv_max=0.000440605  conv_mean=5.64502e-05  nan=0
[outlier] v390  inc_tri=6  worst|M|=5.33333  pos=(0.562449,-0.0378121,0.562585)
[pd-step]     step 22  dof=1875  pd|Δx|_max=0.00664604  pd|Δx|_mean=0.00213491
[avbd-drive] step 23 wrote AVBD output to Particle.pos
[avbd-friction] step 23 applied 27 vert/primitive friction events
[avbd-step] step 23  dof=1875  iters=16  rc=0  wall=10005 us  |Δx|_max=0.00694689  |Δx|_mean=0.00222726  pred_max=0.00694772  drift_max=0.000313357  drift@v290.z  conv_max=0.000459269  conv_mean=5.87306e-05  nan=0
[outlier] v290  inc_tri=6  worst|M|=5.33333  pos=(0.562535,-0.0425327,-0.187596)
[pd-step]     step 23  dof=1875  pd|Δx|_max=0.00694772  pd|Δx|_mean=0.00222369
[avbd-drive] step 24 wrote AVBD output to Particle.pos
[avbd-friction] step 24 applied 31 vert/primitive friction events
[avbd-step] step 24  dof=1875  iters=16  rc=0  wall=9906 us  |Δx|_max=0.0072485  |Δx|_mean=0.00231126  pred_max=0.00724936  drift_max=0.000331983  drift@v338.x  conv_max=0.000477813  conv_mean=6.08735e-05  nan=0
[outlier] v338  inc_tri=6  worst|M|=5.33333  pos=(0.187528,-0.0475757,0.187521)
[pd-step]     step 24  dof=1875  pd|Δx|_max=0.00724936  pd|Δx|_mean=0.00230794
[avbd-drive] step 25 wrote AVBD output to Particle.pos
[avbd-friction] step 25 applied 34 vert/primitive friction events
[avbd-step] step 25  dof=1875  iters=16  rc=0  wall=9893 us  |Δx|_max=0.00755008  |Δx|_mean=0.00239905  pred_max=0.00755097  drift_max=0.000346452  drift@v363.x  conv_max=0.000496231  conv_mean=6.31315e-05  nan=0
[outlier] v363  inc_tri=6  worst|M|=5.33333  pos=(0.187521,-0.0530473,0.375076)
[pd-step]     step 25  dof=1875  pd|Δx|_max=0.00755097  pd|Δx|_mean=0.00239429
[avbd-drive] step 26 wrote AVBD output to Particle.pos
[avbd-friction] step 26 applied 36 vert/primitive friction events
[avbd-step] step 26  dof=1875  iters=16  rc=0  wall=9862 us  |Δx|_max=0.00785162  |Δx|_mean=0.00249115  pred_max=0.00785255  drift_max=0.000359237  drift@v392.z  conv_max=0.00051453  conv_mean=6.54815e-05  nan=0
[outlier] v392  inc_tri=6  worst|M|=5.33333  pos=(0.937336,-0.064295,0.562253)
[pd-step]     step 26  dof=1875  pd|Δx|_max=0.00785254  pd|Δx|_mean=0.00248459
[avbd-drive] step 27 wrote AVBD output to Particle.pos
[avbd-friction] step 27 applied 40 vert/primitive friction events
[avbd-step] step 27  dof=1875  iters=16  rc=0  wall=9879 us  |Δx|_max=0.00815312  |Δx|_mean=0.00257346  pred_max=0.00815409  drift_max=0.000410914  drift@v343.x  conv_max=0.000532702  conv_mean=6.75596e-05  nan=0
[outlier] v343  inc_tri=6  worst|M|=5.33333  pos=(1.12425,-0.0701478,0.187439)
[pd-step]     step 27  dof=1875  pd|Δx|_max=0.00815408  pd|Δx|_mean=0.00256786
[avbd-drive] step 28 wrote AVBD output to Particle.pos
[avbd-friction] step 28 applied 41 vert/primitive friction events
[avbd-step] step 28  dof=1875  iters=16  rc=0  wall=9674 us  |Δx|_max=0.00845458  |Δx|_mean=0.00266978  pred_max=0.00845559  drift_max=0.000474334  drift@v343.x  conv_max=0.000550717  conv_mean=7.00074e-05  nan=0
[outlier] v343  inc_tri=6  worst|M|=5.33333  pos=(1.12471,-0.0705489,0.18746)
[pd-step]     step 28  dof=1875  pd|Δx|_max=0.00845559  pd|Δx|_mean=0.00266064
[avbd-drive] step 29 wrote AVBD output to Particle.pos
[avbd-friction] step 29 applied 43 vert/primitive friction events
[avbd-step] step 29  dof=1875  iters=16  rc=0  wall=9845 us  |Δx|_max=0.00875598  |Δx|_mean=0.00276311  pred_max=0.00875704  drift_max=0.000525951  drift@v343.x  conv_max=0.000568613  conv_mean=7.22996e-05  nan=0
[outlier] v343  inc_tri=6  worst|M|=5.33333  pos=(1.12526,-0.0710285,0.187461)
[pd-step]     step 29  dof=1875  pd|Δx|_max=0.00875704  pd|Δx|_mean=0.00275181
[avbd-drive] step 30 wrote AVBD output to Particle.pos
[avbd-friction] step 30 applied 46 vert/primitive friction events
[avbd-step] step 30  dof=1875  iters=16  rc=0  wall=10028 us  |Δx|_max=0.00905736  |Δx|_mean=0.00285135  pred_max=0.00905845  drift_max=0.000554502  drift@v415.z  conv_max=0.000586331  conv_mean=7.44274e-05  nan=0
[outlier] v415  inc_tri=6  worst|M|=5.33333  pos=(0.562357,-0.0778104,0.750117)
[pd-step]     step 30  dof=1875  pd|Δx|_max=0.00905845  pd|Δx|_mean=0.00283934
[avbd-drive] step 31 wrote AVBD output to Particle.pos
[avbd-friction] step 31 applied 49 vert/primitive friction events
[avbd-step] step 31  dof=1875  iters=16  rc=0  wall=10114 us  |Δx|_max=0.00935869  |Δx|_mean=0.00293981  pred_max=0.00935982  drift_max=0.000588566  drift@v265.z  conv_max=0.000603944  conv_mean=7.65449e-05  nan=0
[outlier] v265  inc_tri=6  worst|M|=5.33333  pos=(0.56258,-0.084611,-0.375124)
[pd-step]     step 31  dof=1875  pd|Δx|_max=0.00935983  pd|Δx|_mean=0.00292604
[avbd-drive] step 32 wrote AVBD output to Particle.pos
[avbd-friction] step 32 applied 53 vert/primitive friction events
[avbd-step] step 32  dof=1875  iters=16  rc=0  wall=10012 us  |Δx|_max=0.00965996  |Δx|_mean=0.00302291  pred_max=0.00966115  drift_max=0.000611195  drift@v337.x  conv_max=0.000621378  conv_mean=7.84978e-05  nan=0
[outlier] v337  inc_tri=6  worst|M|=5.33333  pos=(0.000122703,-0.0916917,0.187676)
[pd-step]     step 32  dof=1875  pd|Δx|_max=0.00966116  pd|Δx|_mean=0.00300843
[avbd-drive] step 33 wrote AVBD output to Particle.pos
[avbd-friction] step 33 applied 58 vert/primitive friction events
[avbd-step] step 33  dof=1875  iters=16  rc=0  wall=10089 us  |Δx|_max=0.00996117  |Δx|_mean=0.00309998  pred_max=0.00996242  drift_max=0.000618705  drift@v362.x  conv_max=0.000638619  conv_mean=8.02717e-05  nan=0
[outlier] v362  inc_tri=6  worst|M|=5.33333  pos=(0.000376639,-0.0989946,0.374982)
[pd-step]     step 33  dof=1875  pd|Δx|_max=0.00996243  pd|Δx|_mean=0.00308532
[avbd-drive] step 34 wrote AVBD output to Particle.pos
[avbd-friction] step 34 applied 63 vert/primitive friction events
[avbd-step] step 34  dof=1875  iters=16  rc=0  wall=10013 us  |Δx|_max=0.0102623  |Δx|_mean=0.00317599  pred_max=0.0102636  drift_max=0.000709102  drift@v262.y  conv_max=0.000655696  conv_mean=8.20168e-05  nan=0
[outlier] v262  inc_tri=6  worst|M|=5.33333  pos=(0.00483279,-0.166284,-0.370292)
[pd-step]     step 34  dof=1875  pd|Δx|_max=0.0102636  pd|Δx|_mean=0.00316042
[avbd-drive] step 35 wrote AVBD output to Particle.pos
[avbd-friction] step 35 applied 66 vert/primitive friction events
[avbd-step] step 35  dof=1875  iters=16  rc=0  wall=10029 us  |Δx|_max=0.0105634  |Δx|_mean=0.0032634  pred_max=0.0105648  drift_max=0.000620127  drift@v238.y  conv_max=0.000672594  conv_mean=8.40473e-05  nan=0
[outlier] v238  inc_tri=6  worst|M|=5.33333  pos=(0.191014,-0.176005,-0.556657)
[pd-step]     step 35  dof=1875  pd|Δx|_max=0.0105648  pd|Δx|_mean=0.00324392
[avbd-drive] step 36 wrote AVBD output to Particle.pos
[avbd-friction] step 36 applied 68 vert/primitive friction events
[avbd-step] step 36  dof=1875  iters=16  rc=0  wall=9675 us  |Δx|_max=0.0108644  |Δx|_mean=0.00335822  pred_max=0.0108659  drift_max=0.000720963  drift@v286.y  conv_max=0.000689298  conv_mean=8.618e-05  nan=0
[outlier] v286  inc_tri=6  worst|M|=5.33333  pos=(-0.180689,-0.185102,-0.183782)
[pd-step]     step 36  dof=1875  pd|Δx|_max=0.0108659  pd|Δx|_mean=0.00333443
[avbd-drive] step 37 wrote AVBD output to Particle.pos
[avbd-friction] step 37 applied 69 vert/primitive friction events
[avbd-step] step 37  dof=1875  iters=16  rc=0  wall=9708 us  |Δx|_max=0.0111654  |Δx|_mean=0.00346042  pred_max=0.0111669  drift_max=0.000947669  drift@v419.y  conv_max=0.000705779  conv_mean=8.84381e-05  nan=0
[outlier] v419  inc_tri=6  worst|M|=5.33333  pos=(1.30518,-0.196065,0.744174)
[pd-step]     step 37  dof=1875  pd|Δx|_max=0.0111669  pd|Δx|_mean=0.00343175
[avbd-drive] step 38 wrote AVBD output to Particle.pos
[avbd-friction] step 38 applied 72 vert/primitive friction events
[avbd-step] step 38  dof=1875  iters=16  rc=0  wall=9912 us  |Δx|_max=0.0114662  |Δx|_mean=0.00355143  pred_max=0.0114678  drift_max=0.000787795  drift@v240.z  conv_max=0.000722036  conv_mean=9.03546e-05  nan=0
[outlier] v240  inc_tri=6  worst|M|=5.33333  pos=(0.562859,-0.147116,-0.559463)
[pd-step]     step 38  dof=1875  pd|Δx|_max=0.0114678  pd|Δx|_mean=0.00352126
[avbd-drive] step 39 wrote AVBD output to Particle.pos
[avbd-friction] step 39 applied 78 vert/primitive friction events
[avbd-step] step 39  dof=1875  iters=16  rc=0  wall=9843 us  |Δx|_max=0.0117669  |Δx|_mean=0.00362362  pred_max=0.0117686  drift_max=0.000934809  drift@v237.y  conv_max=0.00073804  conv_mean=9.17953e-05  nan=0
[outlier] v237  inc_tri=6  worst|M|=5.33333  pos=(0.00644741,-0.219234,-0.554818)
[pd-step]     step 39  dof=1875  pd|Δx|_max=0.0117686  pd|Δx|_mean=0.00359391
[avbd-drive] step 40 wrote AVBD output to Particle.pos
[avbd-friction] step 40 applied 82 vert/primitive friction events
[avbd-step] step 40  dof=1875  iters=16  rc=0  wall=9966 us  |Δx|_max=0.0120674  |Δx|_mean=0.00370753  pred_max=0.0120693  drift_max=0.00118658  drift@v237.y  conv_max=0.00075379  conv_mean=9.35351e-05  nan=0
[outlier] v237  inc_tri=6  worst|M|=5.33333  pos=(0.0075353,-0.228546,-0.553625)
[pd-step]     step 40  dof=1875  pd|Δx|_max=0.0120693  pd|Δx|_mean=0.00367399
[avbd-drive] step 41 wrote AVBD output to Particle.pos
[avbd-friction] step 41 applied 89 vert/primitive friction events
40..[avbd-step] step 41  dof=1875  iters=16  rc=0  wall=9938 us  |Δx|_max=0.0123678  |Δx|_mean=0.00377232  pred_max=0.0123699  drift_max=0.000984833  drift@v467.y  conv_max=0.000769287  conv_mean=9.48042e-05  nan=0
[outlier] v467  inc_tri=6  worst|M|=5.33333  pos=(0.932684,-0.237349,1.11308)
[pd-step]     step 41  dof=1875  pd|Δx|_max=0.0123699  pd|Δx|_mean=0.00374006
[avbd-drive] step 42 wrote AVBD output to Particle.pos
[avbd-friction] step 42 applied 91 vert/primitive friction events
[avbd-step] step 42  dof=1875  iters=16  rc=0  wall=9865 us  |Δx|_max=0.012668  |Δx|_mean=0.00386291  pred_max=0.0126703  drift_max=0.00127691  drift@v444.y  conv_max=0.000784487  conv_mean=9.67517e-05  nan=0
[outlier] v444  inc_tri=6  worst|M|=5.33333  pos=(1.30202,-0.252888,0.927435)
[pd-step]     step 42  dof=1875  pd|Δx|_max=0.0126703  pd|Δx|_mean=0.00382315
[avbd-drive] step 43 wrote AVBD output to Particle.pos
[avbd-friction] step 43 applied 94 vert/primitive friction events
[avbd-step] step 43  dof=1875  iters=16  rc=0  wall=9983 us  |Δx|_max=0.0129681  |Δx|_mean=0.00395503  pred_max=0.0129705  drift_max=0.00111651  drift@v213.y  conv_max=0.000799328  conv_mean=9.86069e-05  nan=0
[outlier] v213  inc_tri=6  worst|M|=5.33333  pos=(0.193409,-0.260174,-0.737133)
[pd-step]     step 43  dof=1875  pd|Δx|_max=0.0129705  pd|Δx|_mean=0.00391073
[avbd-drive] step 44 wrote AVBD output to Particle.pos
[avbd-friction] step 44 applied 98 vert/primitive friction events
[avbd-step] step 44  dof=1875  iters=16  rc=0  wall=10070 us  |Δx|_max=0.0132678  |Δx|_mean=0.00404026  pred_max=0.0132705  drift_max=0.00124305  drift@v236.y  conv_max=0.000813901  conv_mean=0.000100235  nan=0
[outlier] v236  inc_tri=6  worst|M|=5.33333  pos=(-0.17669,-0.279198,-0.551909)
[pd-step]     step 44  dof=1875  pd|Δx|_max=0.0132705  pd|Δx|_mean=0.00399464
[avbd-drive] step 45 wrote AVBD output to Particle.pos
[avbd-friction] step 45 applied 100 vert/primitive friction events
[avbd-step] step 45  dof=1875  iters=16  rc=0  wall=9647 us  |Δx|_max=0.0135674  |Δx|_mean=0.00413163  pred_max=0.0135703  drift_max=0.00158036  drift@v236.y  conv_max=0.000828028  conv_mean=0.000101999  nan=0
[outlier] v236  inc_tri=6  worst|M|=5.33333  pos=(-0.175419,-0.289186,-0.550606)
[pd-step]     step 45  dof=1875  pd|Δx|_max=0.0135703  pd|Δx|_mean=0.00408239
[avbd-drive] step 46 wrote AVBD output to Particle.pos
[avbd-friction] step 46 applied 105 vert/primitive friction events
[avbd-step] step 46  dof=1875  iters=16  rc=0  wall=9883 us  |Δx|_max=0.0138665  |Δx|_mean=0.00420116  pred_max=0.0138698  drift_max=0.00137752  drift@v212.y  conv_max=0.000841886  conv_mean=0.000103101  nan=0
[outlier] v212  inc_tri=6  worst|M|=5.33333  pos=(0.00982988,-0.301248,-0.735145)
[pd-step]     step 46  dof=1875  pd|Δx|_max=0.0138698  pd|Δx|_mean=0.00415304
[avbd-drive] step 47 wrote AVBD output to Particle.pos
[avbd-friction] step 47 applied 104 vert/primitive friction events
[avbd-step] step 47  dof=1875  iters=16  rc=0  wall=9985 us  |Δx|_max=0.0141654  |Δx|_mean=0.00429953  pred_max=0.014169  drift_max=0.00152013  drift@v212.y  conv_max=0.000855237  conv_mean=0.000104945  nan=0
[outlier] v212  inc_tri=6  worst|M|=5.33333  pos=(0.0109889,-0.310252,-0.733391)
[pd-step]     step 47  dof=1875  pd|Δx|_max=0.014169  pd|Δx|_mean=0.00424396
[avbd-drive] step 48 wrote AVBD output to Particle.pos
[avbd-friction] step 48 applied 110 vert/primitive friction events
[avbd-step] step 48  dof=1875  iters=16  rc=0  wall=9827 us  |Δx|_max=0.0144638  |Δx|_mean=0.00437247  pred_max=0.0144678  drift_max=0.00159448  drift@v445.y  conv_max=0.000868201  conv_mean=0.0001061  nan=0
[outlier] v445  inc_tri=6  worst|M|=5.33333  pos=(1.48073,-0.327606,0.922531)
[pd-step]     step 48  dof=1875  pd|Δx|_max=0.0144678  pd|Δx|_mean=0.00431844
[avbd-drive] step 49 wrote AVBD output to Particle.pos
[avbd-friction] step 49 applied 116 vert/primitive friction events
[avbd-step] step 49  dof=1875  iters=16  rc=0  wall=10183 us  |Δx|_max=0.0147618  |Δx|_mean=0.0044547  pred_max=0.0147663  drift_max=0.001645  drift@v469.y  conv_max=0.000880629  conv_mean=0.000107507  nan=0
[outlier] v469  inc_tri=6  worst|M|=5.33333  pos=(1.29576,-0.336895,1.10535)
[pd-step]     step 49  dof=1875  pd|Δx|_max=0.0147663  pd|Δx|_mean=0.00439662
[avbd-drive] step 50 wrote AVBD output to Particle.pos
[avbd-friction] step 50 applied 120 vert/primitive friction events
[avbd-step] step 50  dof=1875  iters=16  rc=0  wall=10125 us  |Δx|_max=0.0150594  |Δx|_mean=0.00452846  pred_max=0.0150643  drift_max=0.00166404  drift@v211.y  conv_max=0.000892669  conv_mean=0.000108641  nan=0
[outlier] v211  inc_tri=6  worst|M|=5.33333  pos=(-0.172759,-0.357798,-0.732096)
[pd-step]     step 50  dof=1875  pd|Δx|_max=0.0150643  pd|Δx|_mean=0.00446809
[avbd-drive] step 51 wrote AVBD output to Particle.pos
[avbd-friction] step 51 applied 121 vert/primitive friction events
[avbd-step] step 51  dof=1875  iters=16  rc=0  wall=10433 us  |Δx|_max=0.0153563  |Δx|_mean=0.00461566  pred_max=0.0153618  drift_max=0.00191057  drift@v211.y  conv_max=0.000904202  conv_mean=0.000110022  nan=0
[outlier] v211  inc_tri=6  worst|M|=5.33333  pos=(-0.171463,-0.367577,-0.730442)
[pd-step]     step 51  dof=1875  pd|Δx|_max=0.0153618  pd|Δx|_mean=0.00454934
[avbd-drive] step 52 wrote AVBD output to Particle.pos
[avbd-friction] step 52 applied 122 vert/primitive friction events
[avbd-step] step 52  dof=1875  iters=16  rc=0  wall=10398 us  |Δx|_max=0.0156527  |Δx|_mean=0.00469331  pred_max=0.0156588  drift_max=0.0019035  drift@v235.y  conv_max=0.00091517  conv_mean=0.000111122  nan=0
[outlier] v235  inc_tri=6  worst|M|=5.33333  pos=(-0.354372,-0.376121,-0.545418)
[pd-step]     step 52  dof=1875  pd|Δx|_max=0.0156588  pd|Δx|_mean=0.00462758
[avbd-drive] step 53 wrote AVBD output to Particle.pos
[avbd-friction] step 53 applied 128 vert/primitive friction events
[avbd-step] step 53  dof=1875  iters=16  rc=0  wall=10017 us  |Δx|_max=0.0159484  |Δx|_mean=0.00476921  pred_max=0.0159552  drift_max=0.00196531  drift@v470.y  conv_max=0.00092566  conv_mean=0.0001123  nan=0
[outlier] v470  inc_tri=6  worst|M|=5.33333  pos=(1.47527,-0.40075,1.1008)
[pd-step]     step 53  dof=1875  pd|Δx|_max=0.0159552  pd|Δx|_mean=0.00470314
[avbd-drive] step 54 wrote AVBD output to Particle.pos
[avbd-friction] step 54 applied 129 vert/primitive friction events
[avbd-step] step 54  dof=1875  iters=16  rc=0  wall=9942 us  |Δx|_max=0.0162435  |Δx|_mean=0.00484248  pred_max=0.0162509  drift_max=0.00221279  drift@v470.y  conv_max=0.000935495  conv_mean=0.000113354  nan=0
[outlier] v470  inc_tri=6  worst|M|=5.33333  pos=(1.47308,-0.410326,1.09849)
[pd-step]     step 54  dof=1875  pd|Δx|_max=0.0162509  pd|Δx|_mean=0.00477536
[avbd-drive] step 55 wrote AVBD output to Particle.pos
[avbd-friction] step 55 applied 121 vert/primitive friction events
[avbd-step] step 55  dof=1875  iters=16  rc=0  wall=10644 us  |Δx|_max=0.0165377  |Δx|_mean=0.00494184  pred_max=0.0165459  drift_max=0.00191823  drift@v446.y  conv_max=0.000944823  conv_mean=0.000115087  nan=0
[outlier] v446  inc_tri=6  worst|M|=5.33333  pos=(1.65209,-0.425509,0.913473)
[pd-step]     step 55  dof=1875  pd|Δx|_max=0.0165459  pd|Δx|_mean=0.00487126
[avbd-drive] step 56 wrote AVBD output to Particle.pos
[avbd-friction] step 56 applied 133 vert/primitive friction events
[avbd-step] step 56  dof=1875  iters=16  rc=0  wall=10518 us  |Δx|_max=0.0168311  |Δx|_mean=0.00497297  pred_max=0.0168402  drift_max=0.00204235  drift@v210.y  conv_max=0.000953466  conv_mean=0.000115263  nan=0
[outlier] v210  inc_tri=6  worst|M|=5.33333  pos=(-0.35162,-0.444358,-0.726055)
[pd-step]     step 56  dof=1875  pd|Δx|_max=0.0168402  pd|Δx|_mean=0.0049123
[avbd-drive] step 57 wrote AVBD output to Particle.pos
[avbd-friction] step 57 applied 133 vert/primitive friction events
[avbd-step] step 57  dof=1875  iters=16  rc=0  wall=10377 us  |Δx|_max=0.0171237  |Δx|_mean=0.00505458  pred_max=0.0171336  drift_max=0.00219968  drift@v210.y  conv_max=0.000961572  conv_mean=0.000116696  nan=0
[outlier] v210  inc_tri=6  worst|M|=5.33333  pos=(-0.350156,-0.453626,-0.724525)
[pd-step]     step 57  dof=1875  pd|Δx|_max=0.0171336  pd|Δx|_mean=0.00498533
[avbd-drive] step 58 wrote AVBD output to Particle.pos
[avbd-friction] step 58 applied 133 vert/primitive friction events
[avbd-step] step 58  dof=1875  iters=16  rc=0  wall=10437 us  |Δx|_max=0.0174154  |Δx|_mean=0.0051244  pred_max=0.0174262  drift_max=0.00218004  drift@v210.y  conv_max=0.000969112  conv_mean=0.00011776  nan=0
[outlier] v210  inc_tri=6  worst|M|=5.33333  pos=(-0.348948,-0.460997,-0.72327)
[pd-step]     step 58  dof=1875  pd|Δx|_max=0.0174261  pd|Δx|_mean=0.00505611
[avbd-drive] step 59 wrote AVBD output to Particle.pos
[avbd-friction] step 59 applied 137 vert/primitive friction events
[avbd-step] step 59  dof=1875  iters=16  rc=0  wall=10159 us  |Δx|_max=0.0177061  |Δx|_mean=0.00517633  pred_max=0.0177178  drift_max=0.00229383  drift@v471.y  conv_max=0.000976205  conv_mean=0.000118373  nan=0
[outlier] v471  inc_tri=6  worst|M|=5.33333  pos=(1.64594,-0.494877,1.08844)
[pd-step]     step 59  dof=1875  pd|Δx|_max=0.0177178  pd|Δx|_mean=0.00510974
[avbd-drive] step 60 wrote AVBD output to Particle.pos
[avbd-friction] step 60 applied 139 vert/primitive friction events
[avbd-step] step 60  dof=1875  iters=16  rc=0  wall=10170 us  |Δx|_max=0.0180628  |Δx|_mean=0.00525127  pred_max=0.0180086  drift_max=0.00239217  drift@v471.y  conv_max=0.000983953  conv_mean=0.000119552  nan=0
[outlier] v471  inc_tri=6  worst|M|=5.33333  pos=(1.64282,-0.504485,1.08551)
[pd-step]     step 60  dof=1875  pd|Δx|_max=0.0180086  pd|Δx|_mean=0.00517868
[avbd-drive] step 61 wrote AVBD output to Particle.pos
[avbd-friction] step 61 applied 146 vert/primitive friction events
finished...[phase-timing forward] 60 steps, 15.93 ms/step mean
    solve           10.03 ms/step   63.0%
    contact          0.02 ms/step    0.1%
    self-detect      2.28 ms/step   14.3%
    self-resolve     0.01 ms/step    0.0%
    other            3.59 ms/step   22.5%
    total            0.96 s
init
[avbd-bwd] routing backward through Simulation::stepBackwardAvbd (truncate K=20, IFT=0)
backward started...60..40..20..finished...
[35mOptimization progress is saved to:rotating_sphere-randseed-1-20260923_052125-forwardThresh--9.0
[0mwriting config to file... C:/cloth-dynamics-standalone/output/rotating_sphere-randseed-1-20260923_052125-forwardThresh--9.0-LBFGS/scene-config.txt 
[Simulation::exportSimulation] C:/cloth-dynamics-standalone/output/rotating_sphere-randseed-1-20260923_052125-forwardThresh--9.0-LBFGS//iter0
[32mLoss is: 0.00000200
[0m[g5-native] mu=0.5397701956236457 loss=1.9988182986925565e-06 dL/dmu=0.026005736415026525
[32m=========Evaluation Iter 2 ========
[0m[32mTotal Optimization Iter:1
[0mTotal parameters: 1
Total frames: 60
timestep: 0.0056 / 1/180
[35mLBFGS param:
============Parameter Info:======================
mu from prim0:0.010000

[0m[Simulation::runBackwardTask]
forwardConverge set from 0.0000000010 to 0.0000000010
looping over constraints...finished...
forward started...0..[avbd-step] step 1  dof=1875  iters=16  rc=0  wall=82918 us  |Δx|_max=0.000302433  |Δx|_mean=0.000100747  pred_max=0.000302469  drift_max=1.75464e-06  drift@v0.y  conv_max=2.12829e-05  conv_mean=2.67256e-06  nan=0
[outlier] v0  inc_tri=1  worst|M|=5.33333  pos=(-2.25,1.37773e-16,-2.25)
[pd-step]     step 1  dof=1875  pd|Δx|_max=0.000302469  pd|Δx|_mean=0.000100823
[avbd-drive] step 2 wrote AVBD output to Particle.pos
[avbd-step] step 2  dof=1875  iters=16  rc=0  wall=38329 us  |Δx|_max=0.000604831  |Δx|_mean=0.000201419  pred_max=0.000604902  drift_max=3.4991e-06  drift@v0.y  conv_max=4.24422e-05  conv_mean=5.34311e-06  nan=0
[outlier] v0  inc_tri=1  worst|M|=5.33333  pos=(-2.25,-0.000300714,-2.25)
[pd-step]     step 2  dof=1875  pd|Δx|_max=0.000604902  pd|Δx|_mean=0.00020157
[avbd-drive] step 3 wrote AVBD output to Particle.pos
[avbd-friction] step 3 applied 1 vert/primitive friction events
[avbd-step] step 3  dof=1875  iters=16  rc=0  wall=24607 us  |Δx|_max=0.000907192  |Δx|_mean=0.000301701  pred_max=0.0009073  drift_max=5.54323e-06  drift@v340.x  conv_max=6.34788e-05  conv_mean=8.0032e-06  nan=0
[outlier] v340  inc_tri=6  worst|M|=5.33333  pos=(0.5625,-0.000906515,0.1875)
[pd-step]     step 3  dof=1875  pd|Δx|_max=0.0009073  pd|Δx|_mean=0.000301927
[avbd-drive] step 4 wrote AVBD output to Particle.pos
[avbd-friction] step 4 applied 1 vert/primitive friction events
[avbd-step] step 4  dof=1875  iters=16  rc=0  wall=24959 us  |Δx|_max=0.00120952  |Δx|_mean=0.000402064  pred_max=0.00120966  drift_max=7.33137e-06  drift@v340.x  conv_max=8.43932e-05  conv_mean=1.06654e-05  nan=0
[outlier] v340  inc_tri=6  worst|M|=5.33333  pos=(0.562495,-0.00120898,0.187499)
[pd-step]     step 4  dof=1875  pd|Δx|_max=0.00120966  pd|Δx|_mean=0.000402366
[avbd-drive] step 5 wrote AVBD output to Particle.pos
[avbd-friction] step 5 applied 1 vert/primitive friction events
[avbd-step] step 5  dof=1875  iters=16  rc=0  wall=27384 us  |Δx|_max=0.00151181  |Δx|_mean=0.000502362  pred_max=0.00151199  drift_max=8.67154e-06  drift@v0.y  conv_max=0.000105187  conv_mean=1.33258e-05  nan=0
[outlier] v0  inc_tri=1  worst|M|=5.33333  pos=(-2.25,-0.00298975,-2.25)
[pd-step]     step 5  dof=1875  pd|Δx|_max=0.00151199  pd|Δx|_mean=0.000502729
[avbd-drive] step 6 wrote AVBD output to Particle.pos
[avbd-friction] step 6 applied 1 vert/primitive friction events
[avbd-step] step 6  dof=1875  iters=16  rc=0  wall=31507 us  |Δx|_max=0.00181406  |Δx|_mean=0.000602601  pred_max=0.00181428  drift_max=1.03763e-05  drift@v0.y  conv_max=0.000125859  conv_mean=1.59847e-05  nan=0
[outlier] v0  inc_tri=1  worst|M|=5.33333  pos=(-2.25,-0.00447598,-2.25)
[pd-step]     step 6  dof=1875  pd|Δx|_max=0.00181428  pd|Δx|_mean=0.000603025
[avbd-drive] step 7 wrote AVBD output to Particle.pos
[avbd-friction] step 7 applied 2 vert/primitive friction events
[avbd-step] step 7  dof=1875  iters=16  rc=0  wall=30304 us  |Δx|_max=0.00211628  |Δx|_mean=0.000701861  pred_max=0.00211653  drift_max=6.00219e-05  drift@v341.x  conv_max=0.000146412  conv_mean=1.86171e-05  nan=0
[outlier] v341  inc_tri=6  worst|M|=5.33333  pos=(0.749982,-0.00633828,0.187493)
[pd-step]     step 7  dof=1875  pd|Δx|_max=0.00211653  pd|Δx|_mean=0.000702368
[avbd-drive] step 8 wrote AVBD output to Particle.pos
[avbd-friction] step 8 applied 3 vert/primitive friction events
[avbd-step] step 8  dof=1875  iters=16  rc=0  wall=23219 us  |Δx|_max=0.00241846  |Δx|_mean=0.000800725  pred_max=0.00241875  drift_max=8.24034e-05  drift@v365.z  conv_max=0.000166846  conv_mean=2.12396e-05  nan=0
[outlier] v365  inc_tri=6  worst|M|=5.33333  pos=(0.562487,-0.00844756,0.374966)
[pd-step]     step 8  dof=1875  pd|Δx|_max=0.00241875  pd|Δx|_mean=0.000801341
[avbd-drive] step 9 wrote AVBD output to Particle.pos
[avbd-friction] step 9 applied 4 vert/primitive friction events
[avbd-step] step 9  dof=1875  iters=16  rc=0  wall=30642 us  |Δx|_max=0.00272061  |Δx|_mean=0.000899217  pred_max=0.00272093  drift_max=0.00010244  drift@v315.z  conv_max=0.00018716  conv_mean=2.38524e-05  nan=0
[outlier] v315  inc_tri=6  worst|M|=5.33333  pos=(0.562524,-0.0108546,5.20629e-05)
[pd-step]     step 9  dof=1875  pd|Δx|_max=0.00272093  pd|Δx|_mean=0.000899919
[avbd-drive] step 10 wrote AVBD output to Particle.pos
[avbd-friction] step 10 applied 6 vert/primitive friction events
[avbd-step] step 10  dof=1875  iters=16  rc=0  wall=23336 us  |Δx|_max=0.00302272  |Δx|_mean=0.000995915  pred_max=0.00302308  drift_max=0.000124425  drift@v339.x  conv_max=0.000207355  conv_mean=2.64182e-05  nan=0
[outlier] v339  inc_tri=6  worst|M|=5.33333  pos=(0.375087,-0.0135577,0.187534)
[pd-step]     step 10  dof=1875  pd|Δx|_max=0.00302308  pd|Δx|_mean=0.000996851
[avbd-drive] step 11 wrote AVBD output to Particle.pos
[avbd-friction] step 11 applied 7 vert/primitive friction events
[avbd-step] step 11  dof=1875  iters=16  rc=0  wall=24572 us  |Δx|_max=0.00332479  |Δx|_mean=0.00109346  pred_max=0.00332519  drift_max=0.000125087  drift@v316.z  conv_max=0.000227435  conv_mean=2.90108e-05  nan=0
[outlier] v316  inc_tri=6  worst|M|=5.33333  pos=(0.74998,-0.016576,8.74662e-05)
[pd-step]     step 11  dof=1875  pd|Δx|_max=0.00332519  pd|Δx|_mean=0.00109444
[avbd-drive] step 12 wrote AVBD output to Particle.pos
[avbd-friction] step 12 applied 8 vert/primitive friction events
[avbd-step] step 12  dof=1875  iters=16  rc=0  wall=24330 us  |Δx|_max=0.00362683  |Δx|_mean=0.00119091  pred_max=0.00362726  drift_max=0.000147581  drift@v364.x  conv_max=0.000247395  conv_mean=3.15947e-05  nan=0
[outlier] v364  inc_tri=6  worst|M|=5.33333  pos=(0.375109,-0.0198812,0.374975)
[pd-step]     step 12  dof=1875  pd|Δx|_max=0.00362726  pd|Δx|_mean=0.00119175
[avbd-drive] step 13 wrote AVBD output to Particle.pos
[avbd-friction] step 13 applied 9 vert/primitive friction events
[avbd-step] step 13  dof=1875  iters=16  rc=0  wall=25082 us  |Δx|_max=0.00392883  |Δx|_mean=0.00128803  pred_max=0.0039293  drift_max=0.0001764  drift@v314.x  conv_max=0.000267241  conv_mean=3.41702e-05  nan=0
[outlier] v314  inc_tri=6  worst|M|=5.33333  pos=(0.375135,-0.0234929,0.000113415)
[pd-step]     step 13  dof=1875  pd|Δx|_max=0.0039293  pd|Δx|_mean=0.0012889
[avbd-drive] step 14 wrote AVBD output to Particle.pos
[avbd-friction] step 14 applied 10 vert/primitive friction events
[avbd-step] step 14  dof=1875  iters=16  rc=0  wall=32682 us  |Δx|_max=0.0042308  |Δx|_mean=0.0013849  pred_max=0.0042313  drift_max=0.000250697  drift@v342.x  conv_max=0.00028697  conv_mean=3.67404e-05  nan=0
[outlier] v342  inc_tri=6  worst|M|=5.33333  pos=(0.937223,-0.0273576,0.187452)
[pd-step]     step 14  dof=1875  pd|Δx|_max=0.0042313  pd|Δx|_mean=0.0013857
[avbd-drive] step 15 wrote AVBD output to Particle.pos
[avbd-friction] step 15 applied 10 vert/primitive friction events
[avbd-step] step 15  dof=1875  iters=16  rc=0  wall=24641 us  |Δx|_max=0.00453273  |Δx|_mean=0.00148399  pred_max=0.00453327  drift_max=0.000203192  drift@v342.x  conv_max=0.00030658  conv_mean=3.93661e-05  nan=0
[outlier] v342  inc_tri=6  worst|M|=5.33333  pos=(0.937467,-0.0277165,0.18742)
[pd-step]     step 15  dof=1875  pd|Δx|_max=0.00453327  pd|Δx|_mean=0.00148424
[avbd-drive] step 16 wrote AVBD output to Particle.pos
[avbd-friction] step 16 applied 12 vert/primitive friction events
[avbd-step] step 16  dof=1875  iters=16  rc=0  wall=28726 us  |Δx|_max=0.00483463  |Δx|_mean=0.00157876  pred_max=0.0048352  drift_max=0.000288308  drift@v367.x  conv_max=0.000326075  conv_mean=4.18524e-05  nan=0
[outlier] v367  inc_tri=6  worst|M|=5.33333  pos=(0.937162,-0.0360361,0.374771)
[pd-step]     step 16  dof=1875  pd|Δx|_max=0.0048352  pd|Δx|_mean=0.00157923
[avbd-drive] step 17 wrote AVBD output to Particle.pos
[avbd-friction] step 17 applied 15 vert/primitive friction events
[avbd-step] step 17  dof=1875  iters=16  rc=0  wall=25016 us  |Δx|_max=0.00513648  |Δx|_mean=0.00167  pred_max=0.00513709  drift_max=0.00033021  drift@v290.z  conv_max=0.000345457  conv_mean=4.42498e-05  nan=0
[outlier] v290  inc_tri=6  worst|M|=5.33333  pos=(0.562603,-0.0407306,-0.186881)
[pd-step]     step 17  dof=1875  pd|Δx|_max=0.00513709  pd|Δx|_mean=0.0016713
[avbd-drive] step 18 wrote AVBD output to Particle.pos
[avbd-friction] step 18 applied 18 vert/primitive friction events
[avbd-step] step 18  dof=1875  iters=16  rc=0  wall=31736 us  |Δx|_max=0.00543831  |Δx|_mean=0.00176006  pred_max=0.00543895  drift_max=0.000352576  drift@v338.x  conv_max=0.000364725  conv_mean=4.66223e-05  nan=0
[outlier] v338  inc_tri=6  worst|M|=5.33333  pos=(0.188288,-0.0457865,0.187629)
[pd-step]     step 18  dof=1875  pd|Δx|_max=0.00543895  pd|Δx|_mean=0.00176179
[avbd-drive] step 19 wrote AVBD output to Particle.pos
[avbd-friction] step 19 applied 21 vert/primitive friction events
[avbd-step] step 19  dof=1875  iters=16  rc=0  wall=39092 us  |Δx|_max=0.00574009  |Δx|_mean=0.00184917  pred_max=0.00574077  drift_max=0.000408262  drift@v313.x  conv_max=0.000383869  conv_mean=4.89684e-05  nan=0
[outlier] v313  inc_tri=6  worst|M|=5.33333  pos=(0.188104,-0.0512515,0.000324145)
[pd-step]     step 19  dof=1875  pd|Δx|_max=0.00574077  pd|Δx|_mean=0.00185146
[avbd-drive] step 20 wrote AVBD output to Particle.pos
[avbd-friction] step 20 applied 21 vert/primitive friction events
[avbd-step] step 20  dof=1875  iters=16  rc=0  wall=28917 us  |Δx|_max=0.00604185  |Δx|_mean=0.00194634  pred_max=0.00604256  drift_max=0.00030899  drift@v313.x  conv_max=0.000402901  conv_mean=5.15656e-05  nan=0
[outlier] v313  inc_tri=6  worst|M|=5.33333  pos=(0.187692,-0.0516832,0.000154262)
[pd-step]     step 20  dof=1875  pd|Δx|_max=0.00604256  pd|Δx|_mean=0.00194693
[avbd-drive] step 21 wrote AVBD output to Particle.pos
[avbd-friction] step 21 applied 22 vert/primitive friction events
20..[avbd-step] step 21  dof=1875  iters=16  rc=0  wall=29923 us  |Δx|_max=0.00634357  |Δx|_mean=0.00204186  pred_max=0.00634432  drift_max=0.00038588  drift@v392.z  conv_max=0.000421807  conv_mean=5.40555e-05  nan=0
[outlier] v392  inc_tri=6  worst|M|=5.33333  pos=(0.936802,-0.062904,0.561667)
[pd-step]     step 21  dof=1875  pd|Δx|_max=0.00634432  pd|Δx|_mean=0.00204146
[avbd-drive] step 22 wrote AVBD output to Particle.pos
[avbd-friction] step 22 applied 24 vert/primitive friction events
[avbd-step] step 22  dof=1875  iters=16  rc=0  wall=24705 us  |Δx|_max=0.00664525  |Δx|_mean=0.00213477  pred_max=0.00664604  drift_max=0.000510693  drift@v343.x  conv_max=0.000440605  conv_mean=5.64516e-05  nan=0
[outlier] v343  inc_tri=6  worst|M|=5.33333  pos=(1.12367,-0.0689008,0.187341)
[pd-step]     step 22  dof=1875  pd|Δx|_max=0.00664604  pd|Δx|_mean=0.00213395
[avbd-drive] step 23 wrote AVBD output to Particle.pos
[avbd-friction] step 23 applied 27 vert/primitive friction events
[avbd-step] step 23  dof=1875  iters=16  rc=0  wall=33318 us  |Δx|_max=0.00694689  |Δx|_mean=0.00222432  pred_max=0.00694772  drift_max=0.000577211  drift@v415.z  conv_max=0.000459269  conv_mean=5.87358e-05  nan=0
[outlier] v415  inc_tri=6  worst|M|=5.33333  pos=(0.562332,-0.0755728,0.748512)
[pd-step]     step 23  dof=1875  pd|Δx|_max=0.00694772  pd|Δx|_mean=0.00222384
[avbd-drive] step 24 wrote AVBD output to Particle.pos
[avbd-friction] step 24 applied 31 vert/primitive friction events
[avbd-step] step 24  dof=1875  iters=16  rc=0  wall=27402 us  |Δx|_max=0.0072485  |Δx|_mean=0.00230832  pred_max=0.00724936  drift_max=0.000638545  drift@v265.z  conv_max=0.000477813  conv_mean=6.08844e-05  nan=0
[outlier] v265  inc_tri=6  worst|M|=5.33333  pos=(0.56273,-0.0823621,-0.373368)
[pd-step]     step 24  dof=1875  pd|Δx|_max=0.00724936  pd|Δx|_mean=0.00230971
[avbd-drive] step 25 wrote AVBD output to Particle.pos
[avbd-friction] step 25 applied 34 vert/primitive friction events
[avbd-step] step 25  dof=1875  iters=16  rc=0  wall=29372 us  |Δx|_max=0.00755008  |Δx|_mean=0.00239441  pred_max=0.00755097  drift_max=0.000676354  drift@v337.x  conv_max=0.000496246  conv_mean=6.31448e-05  nan=0
[outlier] v337  inc_tri=6  worst|M|=5.33333  pos=(0.00186256,-0.0894641,0.187719)
[pd-step]     step 25  dof=1875  pd|Δx|_max=0.00755097  pd|Δx|_mean=0.00239583
[avbd-drive] step 26 wrote AVBD output to Particle.pos
[avbd-friction] step 26 applied 36 vert/primitive friction events
[avbd-step] step 26  dof=1875  iters=16  rc=0  wall=34648 us  |Δx|_max=0.00785162  |Δx|_mean=0.00248442  pred_max=0.00785255  drift_max=0.000695437  drift@v264.z  conv_max=0.000514537  conv_mean=6.54924e-05  nan=0
[outlier] v264  inc_tri=6  worst|M|=5.33333  pos=(0.375798,-0.0966446,-0.373152)
[pd-step]     step 26  dof=1875  pd|Δx|_max=0.00785254  pd|Δx|_mean=0.00248438
[avbd-drive] step 27 wrote AVBD output to Particle.pos
[avbd-friction] step 27 applied 40 vert/primitive friction events
[avbd-step] step 27  dof=1875  iters=16  rc=0  wall=27534 us  |Δx|_max=0.00815312  |Δx|_mean=0.0025663  pred_max=0.00815409  drift_max=0.000745952  drift@v417.z  conv_max=0.000532694  conv_mean=6.75689e-05  nan=0
[outlier] v417  inc_tri=6  worst|M|=5.33333  pos=(0.936185,-0.104528,0.748182)
[pd-step]     step 27  dof=1875  pd|Δx|_max=0.00815408  pd|Δx|_mean=0.0025678
[avbd-drive] step 28 wrote AVBD output to Particle.pos
[avbd-friction] step 28 applied 41 vert/primitive friction events
[avbd-step] step 28  dof=1875  iters=16  rc=0  wall=29344 us  |Δx|_max=0.00845458  |Δx|_mean=0.00265895  pred_max=0.00845559  drift_max=0.000661165  drift@v267.z  conv_max=0.000550732  conv_mean=7.00143e-05  nan=0
[outlier] v267  inc_tri=6  worst|M|=5.33333  pos=(0.93662,-0.112503,-0.372674)
[pd-step]     step 28  dof=1875  pd|Δx|_max=0.00845559  pd|Δx|_mean=0.00265807
[avbd-drive] step 29 wrote AVBD output to Particle.pos
[avbd-friction] step 29 applied 43 vert/primitive friction events
[avbd-step] step 29  dof=1875  iters=16  rc=0  wall=47268 us  |Δx|_max=0.008756  |Δx|_mean=0.00275028  pred_max=0.00875705  drift_max=0.000705615  drift@v387.x  conv_max=0.000568621  conv_mean=7.23169e-05  nan=0
[outlier] v387  inc_tri=6  worst|M|=5.33333  pos=(0.00249161,-0.120762,0.561595)
[pd-step]     step 29  dof=1875  pd|Δx|_max=0.00875705  pd|Δx|_mean=0.00274722
[avbd-drive] step 30 wrote AVBD output to Particle.pos
[avbd-friction] step 30 applied 46 vert/primitive friction events
[avbd-step] step 30  dof=1875  iters=16  rc=0  wall=30012 us  |Δx|_max=0.00905739  |Δx|_mean=0.00283789  pred_max=0.00905848  drift_max=0.00086056  drift@v287.x  conv_max=0.000586346  conv_mean=7.44479e-05  nan=0
[outlier] v287  inc_tri=6  worst|M|=5.33333  pos=(0.00256664,-0.129201,-0.185557)
[pd-step]     step 30  dof=1875  pd|Δx|_max=0.00905847  pd|Δx|_mean=0.00283481
[avbd-drive] step 31 wrote AVBD output to Particle.pos
[avbd-friction] step 31 applied 49 vert/primitive friction events
[avbd-step] step 31  dof=1875  iters=16  rc=0  wall=30343 us  |Δx|_max=0.00935872  |Δx|_mean=0.00292545  pred_max=0.00935985  drift_max=0.000855625  drift@v440.z  conv_max=0.000603929  conv_mean=7.6571e-05  nan=0
[outlier] v440  inc_tri=6  worst|M|=5.33333  pos=(0.562193,-0.137491,0.933585)
[pd-step]     step 31  dof=1875  pd|Δx|_max=0.00935986  pd|Δx|_mean=0.00292191
[avbd-drive] step 32 wrote AVBD output to Particle.pos
[avbd-friction] step 32 applied 53 vert/primitive friction events
[avbd-step] step 32  dof=1875  iters=16  rc=0  wall=36548 us  |Δx|_max=0.00966001  |Δx|_mean=0.00300764  pred_max=0.00966118  drift_max=0.000899613  drift@v240.z  conv_max=0.000621349  conv_mean=7.85315e-05  nan=0
[outlier] v240  inc_tri=6  worst|M|=5.33333  pos=(0.563026,-0.146516,-0.558376)
[pd-step]     step 32  dof=1875  pd|Δx|_max=0.00966119  pd|Δx|_mean=0.00300522
[avbd-drive] step 33 wrote AVBD output to Particle.pos
[avbd-friction] step 33 applied 58 vert/primitive friction events
[avbd-step] step 33  dof=1875  iters=16  rc=0  wall=31239 us  |Δx|_max=0.00996125  |Δx|_mean=0.00308395  pred_max=0.00996247  drift_max=0.00105739  drift@v394.x  conv_max=0.000638604  conv_mean=8.03158e-05  nan=0
[outlier] v394  inc_tri=6  worst|M|=5.33333  pos=(1.30888,-0.156615,0.560616)
[pd-step]     step 33  dof=1875  pd|Δx|_max=0.00996247  pd|Δx|_mean=0.00308359
[avbd-drive] step 34 wrote AVBD output to Particle.pos
[avbd-friction] step 34 applied 63 vert/primitive friction events
[avbd-step] step 34  dof=1875  iters=16  rc=0  wall=29152 us  |Δx|_max=0.0102624  |Δx|_mean=0.00315758  pred_max=0.0102637  drift_max=0.00102082  drift@v311.x  conv_max=0.000655711  conv_mean=8.20683e-05  nan=0
[outlier] v311  inc_tri=6  worst|M|=5.33333  pos=(-0.182923,-0.16556,0.00127818)
[pd-step]     step 34  dof=1875  pd|Δx|_max=0.0102637  pd|Δx|_mean=0.00315904
[avbd-drive] step 35 wrote AVBD output to Particle.pos
[avbd-friction] step 35 applied 66 vert/primitive friction events
[avbd-step] step 35  dof=1875  iters=16  rc=0  wall=28333 us  |Δx|_max=0.0105636  |Δx|_mean=0.00323857  pred_max=0.0105649  drift_max=0.000939727  drift@v438.z  conv_max=0.000672609  conv_mean=8.41023e-05  nan=0
[outlier] v438  inc_tri=6  worst|M|=5.33333  pos=(0.189044,-0.176054,0.932849)
[pd-step]     step 35  dof=1875  pd|Δx|_max=0.0105649  pd|Δx|_mean=0.00323842
[avbd-drive] step 36 wrote AVBD output to Particle.pos
[avbd-friction] step 36 applied 68 vert/primitive friction events
[avbd-step] step 36  dof=1875  iters=16  rc=0  wall=30429 us  |Δx|_max=0.0108646  |Δx|_mean=0.00332681  pred_max=0.010866  drift_max=0.00117129  drift@v238.z  conv_max=0.000689328  conv_mean=8.6237e-05  nan=0
[outlier] v238  inc_tri=6  worst|M|=5.33333  pos=(0.190314,-0.186273,-0.558019)
[pd-step]     step 36  dof=1875  pd|Δx|_max=0.010866  pd|Δx|_mean=0.00332271
[avbd-drive] step 37 wrote AVBD output to Particle.pos
[avbd-friction] step 37 applied 69 vert/primitive friction events
[avbd-step] step 37  dof=1875  iters=16  rc=0  wall=30186 us  |Δx|_max=0.0111657  |Δx|_mean=0.00342334  pred_max=0.0111671  drift_max=0.00109878  drift@v286.x  conv_max=0.000705808  conv_mean=8.84964e-05  nan=0
[outlier] v286  inc_tri=6  worst|M|=5.33333  pos=(-0.182145,-0.195699,-0.184466)
[pd-step]     step 37  dof=1875  pd|Δx|_max=0.0111671  pd|Δx|_mean=0.00341361
[avbd-drive] step 38 wrote AVBD output to Particle.pos
[avbd-friction] step 38 applied 74 vert/primitive friction events
[avbd-step] step 38  dof=1875  iters=16  rc=0  wall=27090 us  |Δx|_max=0.0114666  |Δx|_mean=0.00350173  pred_max=0.0114681  drift_max=0.00118673  drift@v370.x  conv_max=0.000722066  conv_mean=9.01148e-05  nan=0
[outlier] v370  inc_tri=6  worst|M|=5.33333  pos=(1.49275,-0.20727,0.373662)
[pd-step]     step 38  dof=1875  pd|Δx|_max=0.0114681  pd|Δx|_mean=0.00349447
[avbd-drive] step 39 wrote AVBD output to Particle.pos
[avbd-friction] step 39 applied 78 vert/primitive friction events
[avbd-step] step 39  dof=1875  iters=16  rc=0  wall=31683 us  |Δx|_max=0.0117674  |Δx|_mean=0.00358304  pred_max=0.0117691  drift_max=0.00120914  drift@v466.z  conv_max=0.000738099  conv_mean=9.1909e-05  nan=0
[outlier] v466  inc_tri=6  worst|M|=5.33333  pos=(0.748502,-0.218058,1.11769)
[pd-step]     step 39  dof=1875  pd|Δx|_max=0.0117691  pd|Δx|_mean=0.00357593
[avbd-drive] step 40 wrote AVBD output to Particle.pos
[avbd-friction] step 40 applied 83 vert/primitive friction events
[avbd-step] step 40  dof=1875  iters=16  rc=0  wall=29257 us  |Δx|_max=0.0120682  |Δx|_mean=0.00366002  pred_max=0.0120699  drift_max=0.00121421  drift@v216.z  conv_max=0.000753894  conv_mean=9.35197e-05  nan=0
[outlier] v216  inc_tri=6  worst|M|=5.33333  pos=(0.749668,-0.229612,-0.742031)
[pd-step]     step 40  dof=1875  pd|Δx|_max=0.0120699  pd|Δx|_mean=0.00365319
[avbd-drive] step 41 wrote AVBD output to Particle.pos
[avbd-friction] step 41 applied 89 vert/primitive friction events
40..[avbd-step] step 41  dof=1875  iters=16  rc=0  wall=29060 us  |Δx|_max=0.0123688  |Δx|_mean=0.00372802  pred_max=0.0123706  drift_max=0.00120878  drift@v395.x  conv_max=0.000769377  conv_mean=9.49405e-05  nan=0
[outlier] v395  inc_tri=6  worst|M|=5.33333  pos=(1.49112,-0.23891,0.558851)
[pd-step]     step 41  dof=1875  pd|Δx|_max=0.0123707  pd|Δx|_mean=0.00372579
[avbd-drive] step 42 wrote AVBD output to Particle.pos
[avbd-friction] step 42 applied 92 vert/primitive friction events
[avbd-step] step 42  dof=1875  iters=16  rc=0  wall=31363 us  |Δx|_max=0.0126694  |Δx|_mean=0.00380935  pred_max=0.0126713  drift_max=0.00115398  drift@v310.x  conv_max=0.000784606  conv_mean=9.68883e-05  nan=0
[outlier] v310  inc_tri=6  worst|M|=5.33333  pos=(-0.365995,-0.250917,0.00197665)
[pd-step]     step 42  dof=1875  pd|Δx|_max=0.0126713  pd|Δx|_mean=0.00380378
[avbd-drive] step 43 wrote AVBD output to Particle.pos
[avbd-friction] step 43 applied 95 vert/primitive friction events
[avbd-step] step 43  dof=1875  iters=16  rc=0  wall=29635 us  |Δx|_max=0.0129697  |Δx|_mean=0.00389411  pred_max=0.0129718  drift_max=0.00111783  drift@v217.z  conv_max=0.000799477  conv_mean=9.87538e-05  nan=0
[outlier] v217  inc_tri=6  worst|M|=5.33333  pos=(0.934779,-0.262307,-0.739933)
[pd-step]     step 43  dof=1875  pd|Δx|_max=0.0129718  pd|Δx|_mean=0.00388422
[avbd-drive] step 44 wrote AVBD output to Particle.pos
[avbd-friction] step 44 applied 100 vert/primitive friction events
[avbd-step] step 44  dof=1875  iters=16  rc=0  wall=32101 us  |Δx|_max=0.01327  |Δx|_mean=0.00397047  pred_max=0.0132722  drift_max=0.00144315  drift@v420.x  conv_max=0.00081405  conv_mean=0.00010025  nan=0
[outlier] v420  inc_tri=6  worst|M|=5.33333  pos=(1.48965,-0.277627,0.743669)
[pd-step]     step 44  dof=1875  pd|Δx|_max=0.0132722  pd|Δx|_mean=0.00396202
[avbd-drive] step 45 wrote AVBD output to Particle.pos
[avbd-friction] step 45 applied 102 vert/primitive friction events
[avbd-step] step 45  dof=1875  iters=16  rc=0  wall=36101 us  |Δx|_max=0.01357  |Δx|_mean=0.00405975  pred_max=0.0135724  drift_max=0.00127006  drift@v468.z  conv_max=0.000828266  conv_mean=0.00010224  nan=0
[outlier] v468  inc_tri=6  worst|M|=5.33333  pos=(1.11801,-0.288109,1.11445)
[pd-step]     step 45  dof=1875  pd|Δx|_max=0.0135724  pd|Δx|_mean=0.00404712
[avbd-drive] step 46 wrote AVBD output to Particle.pos
[avbd-friction] step 46 applied 107 vert/primitive friction events
[avbd-step] step 46  dof=1875  iters=16  rc=0  wall=28947 us  |Δx|_max=0.0138699  |Δx|_mean=0.00413686  pred_max=0.0138725  drift_max=0.00144506  drift@v371.x  conv_max=0.000842094  conv_mean=0.00010359  nan=0
[outlier] v371  inc_tri=6  worst|M|=5.33333  pos=(1.67197,-0.30261,0.372526)
[pd-step]     step 46  dof=1875  pd|Δx|_max=0.0138725  pd|Δx|_mean=0.00412437
[avbd-drive] step 47 wrote AVBD output to Particle.pos
[avbd-friction] step 47 applied 110 vert/primitive friction events
[avbd-step] step 47  dof=1875  iters=16  rc=0  wall=30160 us  |Δx|_max=0.0141695  |Δx|_mean=0.00422314  pred_max=0.0141723  drift_max=0.00136411  drift@v490.z  conv_max=0.000855565  conv_mean=0.00010528  nan=0
[outlier] v490  inc_tri=6  worst|M|=5.33333  pos=(0.561371,-0.313955,1.29752)
[pd-step]     step 47  dof=1875  pd|Δx|_max=0.0141723  pd|Δx|_mean=0.00420751
[avbd-drive] step 48 wrote AVBD output to Particle.pos
[avbd-friction] step 48 applied 116 vert/primitive friction events
[avbd-step] step 48  dof=1875  iters=16  rc=0  wall=32753 us  |Δx|_max=0.0144688  |Δx|_mean=0.00429696  pred_max=0.0144719  drift_max=0.00145209  drift@v445.y  conv_max=0.000868499  conv_mean=0.000106466  nan=0
[outlier] v445  inc_tri=6  worst|M|=5.33333  pos=(1.48749,-0.331802,0.927627)
[pd-step]     step 48  dof=1875  pd|Δx|_max=0.014472  pd|Δx|_mean=0.00428382
[avbd-drive] step 49 wrote AVBD output to Particle.pos
[avbd-friction] step 49 applied 122 vert/primitive friction events
[avbd-step] step 49  dof=1875  iters=16  rc=0  wall=34194 us  |Δx|_max=0.0147679  |Δx|_mean=0.00436248  pred_max=0.0147713  drift_max=0.00152254  drift@v469.y  conv_max=0.000881016  conv_mean=0.00010753  nan=0
[outlier] v469  inc_tri=6  worst|M|=5.33333  pos=(1.30108,-0.342903,1.11194)
[pd-step]     step 49  dof=1875  pd|Δx|_max=0.0147713  pd|Δx|_mean=0.00435469
[avbd-drive] step 50 wrote AVBD output to Particle.pos
[avbd-friction] step 50 applied 127 vert/primitive friction events
[avbd-step] step 50  dof=1875  iters=16  rc=0  wall=29334 us  |Δx|_max=0.0150667  |Δx|_mean=0.00442791  pred_max=0.0150704  drift_max=0.00146547  drift@v219.y  conv_max=0.000893056  conv_mean=0.000108657  nan=0
[outlier] v219  inc_tri=6  worst|M|=5.33333  pos=(1.30246,-0.355227,-0.736883)
[pd-step]     step 50  dof=1875  pd|Δx|_max=0.0150704  pd|Δx|_mean=0.00442074
[avbd-drive] step 51 wrote AVBD output to Particle.pos
[avbd-friction] step 51 applied 129 vert/primitive friction events
[avbd-step] step 51  dof=1875  iters=16  rc=0  wall=27074 us  |Δx|_max=0.0153652  |Δx|_mean=0.00451405  pred_max=0.0153692  drift_max=0.0015851  drift@v211.y  conv_max=0.00090456  conv_mean=0.000110404  nan=0
[outlier] v211  inc_tri=6  worst|M|=5.33333  pos=(-0.177657,-0.374391,-0.737642)
[pd-step]     step 51  dof=1875  pd|Δx|_max=0.0153692  pd|Δx|_mean=0.00449914
[avbd-drive] step 52 wrote AVBD output to Particle.pos
[avbd-friction] step 52 applied 135 vert/primitive friction events
[avbd-step] step 52  dof=1875  iters=16  rc=0  wall=34360 us  |Δx|_max=0.0156632  |Δx|_mean=0.00458366  pred_max=0.0156676  drift_max=0.00175697  drift@v211.y  conv_max=0.000915557  conv_mean=0.000111323  nan=0
[outlier] v211  inc_tri=6  worst|M|=5.33333  pos=(-0.176475,-0.385029,-0.736072)
[pd-step]     step 52  dof=1875  pd|Δx|_max=0.0156677  pd|Δx|_mean=0.0045699
[avbd-drive] step 53 wrote AVBD output to Particle.pos
[avbd-friction] step 53 applied 139 vert/primitive friction events
[avbd-step] step 53  dof=1875  iters=16  rc=0  wall=27298 us  |Δx|_max=0.0159608  |Δx|_mean=0.00466359  pred_max=0.0159657  drift_max=0.00166124  drift@v470.y  conv_max=0.000925988  conv_mean=0.000112732  nan=0
[outlier] v470  inc_tri=6  worst|M|=5.33333  pos=(1.48338,-0.405645,1.10892)
[pd-step]     step 53  dof=1875  pd|Δx|_max=0.0159657  pd|Δx|_mean=0.0046482
[avbd-drive] step 54 wrote AVBD output to Particle.pos
[avbd-friction] step 54 applied 144 vert/primitive friction events
[avbd-step] step 54  dof=1875  iters=16  rc=0  wall=30669 us  |Δx|_max=0.0162579  |Δx|_mean=0.00473106  pred_max=0.0162633  drift_max=0.00198162  drift@v322.x  conv_max=0.000935853  conv_mean=0.000113728  nan=0
[outlier] v322  inc_tri=6  worst|M|=5.33333  pos=(1.84203,-0.419127,0.00138726)
[pd-step]     step 54  dof=1875  pd|Δx|_max=0.0162633  pd|Δx|_mean=0.00471701
[avbd-drive] step 55 wrote AVBD output to Particle.pos
[avbd-friction] step 55 applied 147 vert/primitive friction events
[avbd-step] step 55  dof=1875  iters=16  rc=0  wall=29636 us  |Δx|_max=0.0165544  |Δx|_mean=0.00481284  pred_max=0.0165604  drift_max=0.00182688  drift@v470.y  conv_max=0.000945002  conv_mean=0.00011517  nan=0
[outlier] v470  inc_tri=6  worst|M|=5.33333  pos=(1.47938,-0.426879,1.10496)
[pd-step]     step 55  dof=1875  pd|Δx|_max=0.0165604  pd|Δx|_mean=0.00479608
[avbd-drive] step 56 wrote AVBD output to Particle.pos
[avbd-friction] step 56 applied 155 vert/primitive friction events
[avbd-step] step 56  dof=1875  iters=16  rc=0  wall=32020 us  |Δx|_max=0.0168503  |Δx|_mean=0.00486157  pred_max=0.0168569  drift_max=0.00203907  drift@v397.x  conv_max=0.000953525  conv_mean=0.000115663  nan=0
[outlier] v397  inc_tri=6  worst|M|=5.33333  pos=(1.83981,-0.446103,0.55227)
[pd-step]     step 56  dof=1875  pd|Δx|_max=0.0168569  pd|Δx|_mean=0.00485318
[avbd-drive] step 57 wrote AVBD output to Particle.pos
[avbd-friction] step 57 applied 158 vert/primitive friction events
[avbd-step] step 57  dof=1875  iters=16  rc=0  wall=29083 us  |Δx|_max=0.0171455  |Δx|_mean=0.00493575  pred_max=0.0171528  drift_max=0.00205195  drift@v210.y  conv_max=0.000961483  conv_mean=0.000117048  nan=0
[outlier] v210  inc_tri=6  worst|M|=5.33333  pos=(-0.359111,-0.464466,-0.733111)
[pd-step]     step 57  dof=1875  pd|Δx|_max=0.0171528  pd|Δx|_mean=0.00492209
[avbd-drive] step 58 wrote AVBD output to Particle.pos
[avbd-friction] step 58 applied 163 vert/primitive friction events
[avbd-step] step 58  dof=1875  iters=16  rc=0  wall=30542 us  |Δx|_max=0.01744  |Δx|_mean=0.00500638  pred_max=0.0174479  drift_max=0.00213212  drift@v210.y  conv_max=0.000968724  conv_mean=0.000118056  nan=0
[outlier] v210  inc_tri=6  worst|M|=5.33333  pos=(-0.357742,-0.474694,-0.731663)
[pd-step]     step 58  dof=1875  pd|Δx|_max=0.017448  pd|Δx|_mean=0.00499005
[avbd-drive] step 59 wrote AVBD output to Particle.pos
[avbd-friction] step 59 applied 168 vert/primitive friction events
[avbd-step] step 59  dof=1875  iters=16  rc=0  wall=39919 us  |Δx|_max=0.0177337  |Δx|_mean=0.00506446  pred_max=0.0177425  drift_max=0.00211483  drift@v471.y  conv_max=0.00097549  conv_mean=0.000118686  nan=0
[outlier] v471  inc_tri=6  worst|M|=5.33333  pos=(1.65832,-0.501509,1.10008)
[pd-step]     step 59  dof=1875  pd|Δx|_max=0.0177424  pd|Δx|_mean=0.00505133
[avbd-drive] step 60 wrote AVBD output to Particle.pos
[avbd-friction] step 60 applied 172 vert/primitive friction events
[avbd-step] step 60  dof=1875  iters=16  rc=0  wall=39025 us  |Δx|_max=0.0180267  |Δx|_mean=0.0051312  pred_max=0.0180362  drift_max=0.00235665  drift@v471.y  conv_max=0.000982463  conv_mean=0.000119651  nan=0
[outlier] v471  inc_tri=6  worst|M|=5.33333  pos=(1.6554,-0.513207,1.09753)
[pd-step]     step 60  dof=1875  pd|Δx|_max=0.0180362  pd|Δx|_mean=0.00511717
[avbd-drive] step 61 wrote AVBD output to Particle.pos
[avbd-friction] step 61 applied 172 vert/primitive friction events
finished...[phase-timing forward] 60 steps, 79.44 ms/step mean
    solve           31.22 ms/step   39.3%
    contact          0.03 ms/step    0.0%
    self-detect      5.47 ms/step    6.9%
    self-resolve     0.01 ms/step    0.0%
    other           42.71 ms/step   53.8%
    total            4.77 s
init
[avbd-bwd] routing backward through Simulation::stepBackwardAvbd (truncate K=20, IFT=0)
backward started...60..40..20..finished...
[Simulation::exportSimulation] C:/cloth-dynamics-standalone/output/rotating_sphere-randseed-1-20260923_052125-forwardThresh--9.0-LBFGS//iter1
[32mLoss is: 0.00001907
[0m[g5-native] mu=0.010000000000000009 loss=1.9070384208065955e-05 dL/dmu=-0.23403412992451023
[32m=========Evaluation Iter 3 ========
[0m[32mTotal Optimization Iter:2
[0mTotal parameters: 1
Total frames: 60
timestep: 0.0056 / 1/180
[35mLBFGS param:
============Parameter Info:======================
mu from prim0:0.235976

[0m[Simulation::runBackwardTask]
forwardConverge set from 0.0000000010 to 0.0000000010
looping over constraints...finished...
forward started...0..[avbd-step] step 1  dof=1875  iters=16  rc=0  wall=40259 us  |Δx|_max=0.000302433  |Δx|_mean=0.000100747  pred_max=0.000302469  drift_max=1.75464e-06  drift@v0.y  conv_max=2.12829e-05  conv_mean=2.67256e-06  nan=0
[outlier] v0  inc_tri=1  worst|M|=5.33333  pos=(-2.25,1.37773e-16,-2.25)
[pd-step]     step 1  dof=1875  pd|Δx|_max=0.000302469  pd|Δx|_mean=0.000100823
[avbd-drive] step 2 wrote AVBD output to Particle.pos
[avbd-step] step 2  dof=1875  iters=16  rc=0  wall=39411 us  |Δx|_max=0.000604831  |Δx|_mean=0.000201419  pred_max=0.000604902  drift_max=3.4991e-06  drift@v0.y  conv_max=4.24422e-05  conv_mean=5.34311e-06  nan=0
[outlier] v0  inc_tri=1  worst|M|=5.33333  pos=(-2.25,-0.000300714,-2.25)
[pd-step]     step 2  dof=1875  pd|Δx|_max=0.000604902  pd|Δx|_mean=0.00020157
[avbd-drive] step 3 wrote AVBD output to Particle.pos
[avbd-friction] step 3 applied 1 vert/primitive friction events
[avbd-step] step 3  dof=1875  iters=16  rc=0  wall=30198 us  |Δx|_max=0.000907192  |Δx|_mean=0.000301697  pred_max=0.0009073  drift_max=5.23345e-06  drift@v0.y  conv_max=6.34788e-05  conv_mean=8.00307e-06  nan=0
[outlier] v0  inc_tri=1  worst|M|=5.33333  pos=(-2.25,-0.000900399,-2.25)
[pd-step]     step 3  dof=1875  pd|Δx|_max=0.0009073  pd|Δx|_mean=0.000301926
[avbd-drive] step 4 wrote AVBD output to Particle.pos
[avbd-friction] step 4 applied 1 vert/primitive friction events
[avbd-step] step 4  dof=1875  iters=16  rc=0  wall=39301 us  |Δx|_max=0.00120952  |Δx|_mean=0.000402059  pred_max=0.00120966  drift_max=6.95791e-06  drift@v0.y  conv_max=8.43932e-05  conv_mean=1.06652e-05  nan=0
[outlier] v0  inc_tri=1  worst|M|=5.33333  pos=(-2.25,-0.00179732,-2.25)
[pd-step]     step 4  dof=1875  pd|Δx|_max=0.00120966  pd|Δx|_mean=0.000402361
[avbd-drive] step 5 wrote AVBD output to Particle.pos
[avbd-friction] step 5 applied 1 vert/primitive friction events
[avbd-step] step 5  dof=1875  iters=16  rc=0  wall=35163 us  |Δx|_max=0.00151181  |Δx|_mean=0.000502359  pred_max=0.00151199  drift_max=8.67154e-06  drift@v0.y  conv_max=0.000105187  conv_mean=1.33259e-05  nan=0
[outlier] v0  inc_tri=1  worst|M|=5.33333  pos=(-2.25,-0.00298975,-2.25)
[pd-step]     step 5  dof=1875  pd|Δx|_max=0.00151199  pd|Δx|_mean=0.000502723
[avbd-drive] step 6 wrote AVBD output to Particle.pos
[avbd-friction] step 6 applied 1 vert/primitive friction events
[avbd-step] step 6  dof=1875  iters=16  rc=0  wall=38624 us  |Δx|_max=0.00181406  |Δx|_mean=0.000602599  pred_max=0.00181428  drift_max=1.03763e-05  drift@v0.y  conv_max=0.000125859  conv_mean=1.5985e-05  nan=0
[outlier] v0  inc_tri=1  worst|M|=5.33333  pos=(-2.25,-0.00447598,-2.25)
[pd-step]     step 6  dof=1875  pd|Δx|_max=0.00181428  pd|Δx|_mean=0.000603022
[avbd-drive] step 7 wrote AVBD output to Particle.pos
[avbd-friction] step 7 applied 2 vert/primitive friction events
[avbd-step] step 7  dof=1875  iters=16  rc=0  wall=30609 us  |Δx|_max=0.00211628  |Δx|_mean=0.00070184  pred_max=0.00211653  drift_max=3.3319e-05  drift@v341.x  conv_max=0.000146412  conv_mean=1.86174e-05  nan=0
[outlier] v341  inc_tri=6  worst|M|=5.33333  pos=(0.749985,-0.00633844,0.187494)
[pd-step]     step 7  dof=1875  pd|Δx|_max=0.00211653  pd|Δx|_mean=0.000702348
[avbd-drive] step 8 wrote AVBD output to Particle.pos
[avbd-friction] step 8 applied 3 vert/primitive friction events
[avbd-step] step 8  dof=1875  iters=16  rc=0  wall=29659 us  |Δx|_max=0.00241846  |Δx|_mean=0.000800689  pred_max=0.00241875  drift_max=4.72665e-05  drift@v365.z  conv_max=0.000166846  conv_mean=2.12401e-05  nan=0
[outlier] v365  inc_tri=6  worst|M|=5.33333  pos=(0.562489,-0.0084477,0.374968)
[pd-step]     step 8  dof=1875  pd|Δx|_max=0.00241875  pd|Δx|_mean=0.000801288
[avbd-drive] step 9 wrote AVBD output to Particle.pos
[avbd-friction] step 9 applied 4 vert/primitive friction events
[avbd-step] step 9  dof=1875  iters=16  rc=0  wall=33501 us  |Δx|_max=0.00272061  |Δx|_mean=0.000899189  pred_max=0.00272093  drift_max=5.55066e-05  drift@v315.z  conv_max=0.00018716  conv_mean=2.3852e-05  nan=0
[outlier] v315  inc_tri=6  worst|M|=5.33333  pos=(0.562524,-0.0108545,5.1456e-05)
[pd-step]     step 9  dof=1875  pd|Δx|_max=0.00272093  pd|Δx|_mean=0.000899839
[avbd-drive] step 10 wrote AVBD output to Particle.pos
[avbd-friction] step 10 applied 6 vert/primitive friction events
[avbd-step] step 10  dof=1875  iters=16  rc=0  wall=29767 us  |Δx|_max=0.00302272  |Δx|_mean=0.000995865  pred_max=0.00302308  drift_max=7.00951e-05  drift@v339.x  conv_max=0.000207355  conv_mean=2.64185e-05  nan=0
[outlier] v339  inc_tri=6  worst|M|=5.33333  pos=(0.375083,-0.0135578,0.187533)
[pd-step]     step 10  dof=1875  pd|Δx|_max=0.00302308  pd|Δx|_mean=0.000996716
[avbd-drive] step 11 wrote AVBD output to Particle.pos
[avbd-friction] step 11 applied 7 vert/primitive friction events
[avbd-step] step 11  dof=1875  iters=16  rc=0  wall=27734 us  |Δx|_max=0.00332479  |Δx|_mean=0.00109351  pred_max=0.00332519  drift_max=7.11739e-05  drift@v316.z  conv_max=0.000227435  conv_mean=2.90094e-05  nan=0
[outlier] v316  inc_tri=6  worst|M|=5.33333  pos=(0.749974,-0.016576,9.57712e-05)
[pd-step]     step 11  dof=1875  pd|Δx|_max=0.00332519  pd|Δx|_mean=0.00109429
[avbd-drive] step 12 wrote AVBD output to Particle.pos
[avbd-friction] step 12 applied 8 vert/primitive friction events
[avbd-step] step 12  dof=1875  iters=16  rc=0  wall=29841 us  |Δx|_max=0.00362683  |Δx|_mean=0.00119097  pred_max=0.00362726  drift_max=8.55625e-05  drift@v364.x  conv_max=0.000247395  conv_mean=3.15948e-05  nan=0
[outlier] v364  inc_tri=6  worst|M|=5.33333  pos=(0.375119,-0.0198809,0.374965)
[pd-step]     step 12  dof=1875  pd|Δx|_max=0.00362726  pd|Δx|_mean=0.00119167
[avbd-drive] step 13 wrote AVBD output to Particle.pos
[avbd-friction] step 13 applied 9 vert/primitive friction events
[avbd-step] step 13  dof=1875  iters=16  rc=0  wall=31049 us  |Δx|_max=0.00392883  |Δx|_mean=0.00128811  pred_max=0.0039293  drift_max=0.000103414  drift@v314.x  conv_max=0.000267241  conv_mean=3.41703e-05  nan=0
[outlier] v314  inc_tri=6  worst|M|=5.33333  pos=(0.375154,-0.0234898,0.000131204)
[pd-step]     step 13  dof=1875  pd|Δx|_max=0.0039293  pd|Δx|_mean=0.0012888
[avbd-drive] step 14 wrote AVBD output to Particle.pos
[avbd-friction] step 14 applied 10 vert/primitive friction events
[avbd-step] step 14  dof=1875  iters=16  rc=0  wall=41597 us  |Δx|_max=0.0042308  |Δx|_mean=0.00138509  pred_max=0.0042313  drift_max=0.000142157  drift@v342.x  conv_max=0.00028697  conv_mean=3.67408e-05  nan=0
[outlier] v342  inc_tri=6  worst|M|=5.33333  pos=(0.937204,-0.0273522,0.18745)
[pd-step]     step 14  dof=1875  pd|Δx|_max=0.0042313  pd|Δx|_mean=0.0013856
[avbd-drive] step 15 wrote AVBD output to Particle.pos
[avbd-friction] step 15 applied 10 vert/primitive friction events
[avbd-step] step 15  dof=1875  iters=16  rc=0  wall=38735 us  |Δx|_max=0.00453273  |Δx|_mean=0.00148433  pred_max=0.00453327  drift_max=8.2016e-05  drift@v366.z  conv_max=0.00030658  conv_mean=3.93655e-05  nan=0
[outlier] v366  inc_tri=6  worst|M|=5.33333  pos=(0.750165,-0.0151386,0.375181)
[pd-step]     step 15  dof=1875  pd|Δx|_max=0.00453327  pd|Δx|_mean=0.00148428
[avbd-drive] step 16 wrote AVBD output to Particle.pos
[avbd-friction] step 16 applied 12 vert/primitive friction events
[avbd-step] step 16  dof=1875  iters=16  rc=0  wall=28905 us  |Δx|_max=0.00483463  |Δx|_mean=0.00157896  pred_max=0.0048352  drift_max=0.000164568  drift@v367.x  conv_max=0.000326075  conv_mean=4.18495e-05  nan=0
[outlier] v367  inc_tri=6  worst|M|=5.33333  pos=(0.937113,-0.0360222,0.374756)
[pd-step]     step 16  dof=1875  pd|Δx|_max=0.0048352  pd|Δx|_mean=0.00157916
[avbd-drive] step 17 wrote AVBD output to Particle.pos
[avbd-friction] step 17 applied 15 vert/primitive friction events
[avbd-step] step 17  dof=1875  iters=16  rc=0  wall=41827 us  |Δx|_max=0.00513648  |Δx|_mean=0.00167011  pred_max=0.00513709  drift_max=0.000195086  drift@v391.z  conv_max=0.000345457  conv_mean=4.42459e-05  nan=0
[outlier] v391  inc_tri=6  worst|M|=5.33333  pos=(0.749759,-0.0407294,0.56195)
[pd-step]     step 17  dof=1875  pd|Δx|_max=0.00513709  pd|Δx|_mean=0.00167083
[avbd-drive] step 18 wrote AVBD output to Particle.pos
[avbd-friction] step 18 applied 18 vert/primitive friction events
[avbd-step] step 18  dof=1875  iters=16  rc=0  wall=30238 us  |Δx|_max=0.00543831  |Δx|_mean=0.00176032  pred_max=0.00543895  drift_max=0.000198081  drift@v338.x  conv_max=0.000364725  conv_mean=4.66204e-05  nan=0
[outlier] v338  inc_tri=6  worst|M|=5.33333  pos=(0.188363,-0.0457547,0.187636)
[pd-step]     step 18  dof=1875  pd|Δx|_max=0.00543895  pd|Δx|_mean=0.00176113
[avbd-drive] step 19 wrote AVBD output to Particle.pos
[avbd-friction] step 19 applied 21 vert/primitive friction events
[avbd-step] step 19  dof=1875  iters=16  rc=0  wall=31333 us  |Δx|_max=0.00574009  |Δx|_mean=0.00184968  pred_max=0.00574077  drift_max=0.000239462  drift@v313.x  conv_max=0.000383869  conv_mean=4.89653e-05  nan=0
[outlier] v313  inc_tri=6  worst|M|=5.33333  pos=(0.18819,-0.0512151,0.000364553)
[pd-step]     step 19  dof=1875  pd|Δx|_max=0.00574077  pd|Δx|_mean=0.00185073
[avbd-drive] step 20 wrote AVBD output to Particle.pos
[avbd-friction] step 20 applied 21 vert/primitive friction events
[avbd-step] step 20  dof=1875  iters=16  rc=0  wall=35139 us  |Δx|_max=0.00604185  |Δx|_mean=0.00194772  pred_max=0.00604256  drift_max=0.000146627  drift@v367.x  conv_max=0.000402901  conv_mean=5.15653e-05  nan=0
[outlier] v367  inc_tri=6  worst|M|=5.33333  pos=(0.93753,-0.0372683,0.374988)
[pd-step]     step 20  dof=1875  pd|Δx|_max=0.00604256  pd|Δx|_mean=0.00194692
[avbd-drive] step 21 wrote AVBD output to Particle.pos
[avbd-friction] step 21 applied 22 vert/primitive friction events
20..[avbd-step] step 21  dof=1875  iters=16  rc=0  wall=31111 us  |Δx|_max=0.00634357  |Δx|_mean=0.00204377  pred_max=0.00634432  drift_max=0.000226676  drift@v392.x  conv_max=0.000421807  conv_mean=5.40546e-05  nan=0
[outlier] v392  inc_tri=6  worst|M|=5.33333  pos=(0.936645,-0.0628416,0.561504)
[pd-step]     step 21  dof=1875  pd|Δx|_max=0.00634432  pd|Δx|_mean=0.00204214
[avbd-drive] step 22 wrote AVBD output to Particle.pos
[avbd-friction] step 22 applied 24 vert/primitive friction events
[avbd-step] step 22  dof=1875  iters=16  rc=0  wall=30974 us  |Δx|_max=0.00664525  |Δx|_mean=0.00213692  pred_max=0.00664604  drift_max=0.000278592  drift@v343.x  conv_max=0.000440605  conv_mean=5.64536e-05  nan=0
[outlier] v343  inc_tri=6  worst|M|=5.33333  pos=(1.12346,-0.0688089,0.187328)
[pd-step]     step 22  dof=1875  pd|Δx|_max=0.00664604  pd|Δx|_mean=0.00213478
[avbd-drive] step 23 wrote AVBD output to Particle.pos
[avbd-friction] step 23 applied 27 vert/primitive friction events
[avbd-step] step 23  dof=1875  iters=16  rc=0  wall=38136 us  |Δx|_max=0.00694689  |Δx|_mean=0.00222609  pred_max=0.00694772  drift_max=0.000340104  drift@v368.x  conv_max=0.000459269  conv_mean=5.87331e-05  nan=0
[outlier] v368  inc_tri=6  worst|M|=5.33333  pos=(1.12353,-0.0753172,0.374421)
[pd-step]     step 23  dof=1875  pd|Δx|_max=0.00694772  pd|Δx|_mean=0.00222426
[avbd-drive] step 24 wrote AVBD output to Particle.pos
[avbd-friction] step 24 applied 31 vert/primitive friction events
[avbd-step] step 24  dof=1875  iters=16  rc=0  wall=34845 us  |Δx|_max=0.0072485  |Δx|_mean=0.00230983  pred_max=0.00724936  drift_max=0.00036037  drift@v416.z  conv_max=0.000477828  conv_mean=6.08782e-05  nan=0
[outlier] v416  inc_tri=6  worst|M|=5.33333  pos=(0.749435,-0.0821142,0.74815)
[pd-step]     step 24  dof=1875  pd|Δx|_max=0.00724936  pd|Δx|_mean=0.00230912
[avbd-drive] step 25 wrote AVBD output to Particle.pos
[avbd-friction] step 25 applied 34 vert/primitive friction events
[avbd-step] step 25  dof=1875  iters=16  rc=0  wall=29720 us  |Δx|_max=0.00755008  |Δx|_mean=0.00239675  pred_max=0.00755097  drift_max=0.00038182  drift@v337.x  conv_max=0.000496238  conv_mean=6.31367e-05  nan=0
[outlier] v337  inc_tri=6  worst|M|=5.33333  pos=(0.00222698,-0.089325,0.187742)
[pd-step]     step 25  dof=1875  pd|Δx|_max=0.00755097  pd|Δx|_mean=0.00239503
[avbd-drive] step 26 wrote AVBD output to Particle.pos
[avbd-friction] step 26 applied 36 vert/primitive friction events
[avbd-step] step 26  dof=1875  iters=16  rc=0  wall=32230 us  |Δx|_max=0.00785162  |Δx|_mean=0.00248802  pred_max=0.00785255  drift_max=0.000416696  drift@v264.z  conv_max=0.000514537  conv_mean=6.54843e-05  nan=0
[outlier] v264  inc_tri=6  worst|M|=5.33333  pos=(0.375988,-0.0964029,-0.372751)
[pd-step]     step 26  dof=1875  pd|Δx|_max=0.00785254  pd|Δx|_mean=0.00248448
[avbd-drive] step 27 wrote AVBD output to Particle.pos
[avbd-friction] step 27 applied 40 vert/primitive friction events
[avbd-step] step 27  dof=1875  iters=16  rc=0  wall=33218 us  |Δx|_max=0.00815312  |Δx|_mean=0.00257028  pred_max=0.00815409  drift_max=0.000436485  drift@v417.z  conv_max=0.000532702  conv_mean=6.75601e-05  nan=0
[outlier] v417  inc_tri=6  worst|M|=5.33333  pos=(0.935896,-0.104298,0.747705)
[pd-step]     step 27  dof=1875  pd|Δx|_max=0.00815408  pd|Δx|_mean=0.00256807
[avbd-drive] step 28 wrote AVBD output to Particle.pos
[avbd-friction] step 28 applied 41 vert/primitive friction events
[avbd-step] step 28  dof=1875  iters=16  rc=0  wall=33496 us  |Δx|_max=0.00845458  |Δx|_mean=0.0026649  pred_max=0.00845559  drift_max=0.000374764  drift@v267.z  conv_max=0.000550725  conv_mean=7.00069e-05  nan=0
[outlier] v267  inc_tri=6  worst|M|=5.33333  pos=(0.936344,-0.11226,-0.372158)
[pd-step]     step 28  dof=1875  pd|Δx|_max=0.00845559  pd|Δx|_mean=0.00265956
[avbd-drive] step 29 wrote AVBD output to Particle.pos
[avbd-friction] step 29 applied 43 vert/primitive friction events
[avbd-step] step 29  dof=1875  iters=16  rc=0  wall=31086 us  |Δx|_max=0.00875598  |Δx|_mean=0.00275777  pred_max=0.00875704  drift_max=0.000412703  drift@v263.y  conv_max=0.000568621  conv_mean=7.23023e-05  nan=0
[outlier] v263  inc_tri=6  worst|M|=5.33333  pos=(0.18957,-0.120882,-0.372369)
[pd-step]     step 29  dof=1875  pd|Δx|_max=0.00875704  pd|Δx|_mean=0.00275015
[avbd-drive] step 30 wrote AVBD output to Particle.pos
[avbd-friction] step 30 applied 46 vert/primitive friction events
[avbd-step] step 30  dof=1875  iters=16  rc=0  wall=33227 us  |Δx|_max=0.00905736  |Δx|_mean=0.00284597  pred_max=0.00905845  drift_max=0.000490326  drift@v287.x  conv_max=0.000586361  conv_mean=7.44335e-05  nan=0
[outlier] v287  inc_tri=6  worst|M|=5.33333  pos=(0.00328292,-0.128808,-0.185102)
[pd-step]     step 30  dof=1875  pd|Δx|_max=0.00905845  pd|Δx|_mean=0.00283826
[avbd-drive] step 31 wrote AVBD output to Particle.pos
[avbd-friction] step 31 applied 49 vert/primitive friction events
[avbd-step] step 31  dof=1875  iters=16  rc=0  wall=36682 us  |Δx|_max=0.00935869  |Δx|_mean=0.00293392  pred_max=0.00935982  drift_max=0.000506669  drift@v418.y  conv_max=0.000603959  conv_mean=7.65542e-05  nan=0
[outlier] v418  inc_tri=6  worst|M|=5.33333  pos=(1.12196,-0.13843,0.746938)
[pd-step]     step 31  dof=1875  pd|Δx|_max=0.00935983  pd|Δx|_mean=0.00292527
[avbd-drive] step 32 wrote AVBD output to Particle.pos
[avbd-friction] step 32 applied 53 vert/primitive friction events
[avbd-step] step 32  dof=1875  iters=16  rc=0  wall=36062 us  |Δx|_max=0.00965998  |Δx|_mean=0.00301649  pred_max=0.00966115  drift_max=0.00048995  drift@v439.z  conv_max=0.000621364  conv_mean=7.85082e-05  nan=0
[outlier] v439  inc_tri=6  worst|M|=5.33333  pos=(0.375488,-0.146623,0.932519)
[pd-step]     step 32  dof=1875  pd|Δx|_max=0.00966116  pd|Δx|_mean=0.00300808
[avbd-drive] step 33 wrote AVBD output to Particle.pos
[avbd-friction] step 33 applied 58 vert/primitive friction events
[avbd-step] step 33  dof=1875  iters=16  rc=0  wall=37939 us  |Δx|_max=0.0099612  |Δx|_mean=0.00309301  pred_max=0.00996244  drift_max=0.000629187  drift@v394.x  conv_max=0.000638619  conv_mean=8.02883e-05  nan=0
[outlier] v394  inc_tri=6  worst|M|=5.33333  pos=(1.30781,-0.156037,0.560017)
[pd-step]     step 33  dof=1875  pd|Δx|_max=0.00996244  pd|Δx|_mean=0.00308547
[avbd-drive] step 34 wrote AVBD output to Particle.pos
[avbd-friction] step 34 applied 63 vert/primitive friction events
[avbd-step] step 34  dof=1875  iters=16  rc=0  wall=31174 us  |Δx|_max=0.0102624  |Δx|_mean=0.00316764  pred_max=0.0102637  drift_max=0.000658274  drift@v262.y  conv_max=0.000655696  conv_mean=8.20326e-05  nan=0
[outlier] v262  inc_tri=6  worst|M|=5.33333  pos=(0.00415612,-0.166596,-0.370928)
[pd-step]     step 34  dof=1875  pd|Δx|_max=0.0102637  pd|Δx|_mean=0.00316032
[avbd-drive] step 35 wrote AVBD output to Particle.pos
[avbd-friction] step 35 applied 66 vert/primitive friction events
[avbd-step] step 35  dof=1875  iters=16  rc=0  wall=32407 us  |Δx|_max=0.0105635  |Δx|_mean=0.00325216  pred_max=0.0105648  drift_max=0.000577256  drift@v262.y  conv_max=0.000672594  conv_mean=8.40631e-05  nan=0
[outlier] v262  inc_tri=6  worst|M|=5.33333  pos=(0.00503456,-0.175195,-0.370044)
[pd-step]     step 35  dof=1875  pd|Δx|_max=0.0105648  pd|Δx|_mean=0.0032415
[avbd-drive] step 36 wrote AVBD output to Particle.pos
[avbd-friction] step 36 applied 68 vert/primitive friction events
[avbd-step] step 36  dof=1875  iters=16  rc=0  wall=29232 us  |Δx|_max=0.0108645  |Δx|_mean=0.00334464  pred_max=0.0108659  drift_max=0.000670508  drift@v286.y  conv_max=0.000689313  conv_mean=8.61965e-05  nan=0
[outlier] v286  inc_tri=6  worst|M|=5.33333  pos=(-0.181667,-0.185691,-0.184296)
[pd-step]     step 36  dof=1875  pd|Δx|_max=0.0108659  pd|Δx|_mean=0.00332946
[avbd-drive] step 37 wrote AVBD output to Particle.pos
[avbd-friction] step 37 applied 69 vert/primitive friction events
[avbd-step] step 37  dof=1875  iters=16  rc=0  wall=37114 us  |Δx|_max=0.0111655  |Δx|_mean=0.00344529  pred_max=0.011167  drift_max=0.0008865  drift@v419.y  conv_max=0.000705779  conv_mean=8.84578e-05  nan=0
[outlier] v419  inc_tri=6  worst|M|=5.33333  pos=(1.30624,-0.196619,0.744941)
[pd-step]     step 37  dof=1875  pd|Δx|_max=0.011167  pd|Δx|_mean=0.00342482
[avbd-drive] step 38 wrote AVBD output to Particle.pos
[avbd-friction] step 38 applied 73 vert/primitive friction events
[avbd-step] step 38  dof=1875  iters=16  rc=0  wall=35894 us  |Δx|_max=0.0114664  |Δx|_mean=0.00353006  pred_max=0.0114679  drift_max=0.000711933  drift@v419.y  conv_max=0.000722036  conv_mean=9.02153e-05  nan=0
[outlier] v419  inc_tri=6  worst|M|=5.33333  pos=(1.30503,-0.2053,0.743847)
[pd-step]     step 38  dof=1875  pd|Δx|_max=0.011468  pd|Δx|_mean=0.00351068
[avbd-drive] step 39 wrote AVBD output to Particle.pos
[avbd-friction] step 39 applied 78 vert/primitive friction events
[avbd-step] step 39  dof=1875  iters=16  rc=0  wall=36035 us  |Δx|_max=0.0117671  |Δx|_mean=0.00360785  pred_max=0.0117688  drift_max=0.00085257  drift@v237.y  conv_max=0.000738069  conv_mean=9.18403e-05  nan=0
[outlier] v237  inc_tri=6  worst|M|=5.33333  pos=(0.00550167,-0.219768,-0.556021)
[pd-step]     step 39  dof=1875  pd|Δx|_max=0.0117688  pd|Δx|_mean=0.00358912
[avbd-drive] step 40 wrote AVBD output to Particle.pos
[avbd-friction] step 40 applied 82 vert/primitive friction events
[avbd-step] step 40  dof=1875  iters=16  rc=0  wall=34328 us  |Δx|_max=0.0120677  |Δx|_mean=0.00369069  pred_max=0.0120696  drift_max=0.00109616  drift@v237.y  conv_max=0.00075385  conv_mean=9.35891e-05  nan=0
[outlier] v237  inc_tri=6  worst|M|=5.33333  pos=(0.00653754,-0.229384,-0.554901)
[pd-step]     step 40  dof=1875  pd|Δx|_max=0.0120696  pd|Δx|_mean=0.00366958
[avbd-drive] step 41 wrote AVBD output to Particle.pos
[avbd-friction] step 41 applied 89 vert/primitive friction events
40..[avbd-step] step 41  dof=1875  iters=16  rc=0  wall=29006 us  |Δx|_max=0.0123682  |Δx|_mean=0.00375436  pred_max=0.0123702  drift_max=0.000959173  drift@v467.y  conv_max=0.000769332  conv_mean=9.48563e-05  nan=0
[outlier] v467  inc_tri=6  worst|M|=5.33333  pos=(0.933324,-0.238574,1.11472)
[pd-step]     step 41  dof=1875  pd|Δx|_max=0.0123702  pd|Δx|_mean=0.00373746
[avbd-drive] step 42 wrote AVBD output to Particle.pos
[avbd-friction] step 42 applied 92 vert/primitive friction events
[avbd-step] step 42  dof=1875  iters=16  rc=0  wall=31823 us  |Δx|_max=0.0126686  |Δx|_mean=0.00384001  pred_max=0.0126707  drift_max=0.00116539  drift@v444.y  conv_max=0.000784516  conv_mean=9.68009e-05  nan=0
[outlier] v444  inc_tri=6  worst|M|=5.33333  pos=(1.3034,-0.253719,0.92882)
[pd-step]     step 42  dof=1875  pd|Δx|_max=0.0126707  pd|Δx|_mean=0.00381705
[avbd-drive] step 43 wrote AVBD output to Particle.pos
[avbd-friction] step 43 applied 95 vert/primitive friction events
[avbd-step] step 43  dof=1875  iters=16  rc=0  wall=30391 us  |Δx|_max=0.0129688  |Δx|_mean=0.00392874  pred_max=0.0129711  drift_max=0.00106847  drift@v213.y  conv_max=0.000799388  conv_mean=9.86568e-05  nan=0
[outlier] v213  inc_tri=6  worst|M|=5.33333  pos=(0.192559,-0.261757,-0.738961)
[pd-step]     step 43  dof=1875  pd|Δx|_max=0.0129711  pd|Δx|_mean=0.00390086
[avbd-drive] step 44 wrote AVBD output to Particle.pos
[avbd-friction] step 44 applied 100 vert/primitive friction events
[avbd-step] step 44  dof=1875  iters=16  rc=0  wall=35779 us  |Δx|_max=0.0132687  |Δx|_mean=0.00400668  pred_max=0.0132712  drift_max=0.00111744  drift@v236.y  conv_max=0.000813961  conv_mean=0.000100148  nan=0
[outlier] v236  inc_tri=6  worst|M|=5.33333  pos=(-0.178308,-0.280041,-0.553478)
[pd-step]     step 44  dof=1875  pd|Δx|_max=0.0132712  pd|Δx|_mean=0.00397944
[avbd-drive] step 45 wrote AVBD output to Particle.pos
[avbd-friction] step 45 applied 102 vert/primitive friction events
[avbd-step] step 45  dof=1875  iters=16  rc=0  wall=35988 us  |Δx|_max=0.0135685  |Δx|_mean=0.00410089  pred_max=0.0135712  drift_max=0.00143024  drift@v236.y  conv_max=0.000828147  conv_mean=0.000102096  nan=0
[outlier] v236  inc_tri=6  worst|M|=5.33333  pos=(-0.177134,-0.290503,-0.552255)
[pd-step]     step 45  dof=1875  pd|Δx|_max=0.0135712  pd|Δx|_mean=0.00406778
[avbd-drive] step 46 wrote AVBD output to Particle.pos
[avbd-friction] step 46 applied 107 vert/primitive friction events
[avbd-step] step 46  dof=1875  iters=16  rc=0  wall=38462 us  |Δx|_max=0.0138679  |Δx|_mean=0.00417142  pred_max=0.0138709  drift_max=0.00127098  drift@v212.y  conv_max=0.000841975  conv_mean=0.00010321  nan=0
[outlier] v212  inc_tri=6  worst|M|=5.33333  pos=(0.00844222,-0.302807,-0.737256)
[pd-step]     step 46  dof=1875  pd|Δx|_max=0.0138709  pd|Δx|_mean=0.00414113
[avbd-drive] step 47 wrote AVBD output to Particle.pos
[avbd-friction] step 47 applied 108 vert/primitive friction events
[avbd-step] step 47  dof=1875  iters=16  rc=0  wall=36281 us  |Δx|_max=0.014167  |Δx|_mean=0.00426661  pred_max=0.0141703  drift_max=0.001452  drift@v212.y  conv_max=0.000855327  conv_mean=0.000105051  nan=0
[outlier] v212  inc_tri=6  worst|M|=5.33333  pos=(0.009559,-0.312441,-0.735608)
[pd-step]     step 47  dof=1875  pd|Δx|_max=0.0141704  pd|Δx|_mean=0.00422868
[avbd-drive] step 48 wrote AVBD output to Particle.pos
[avbd-friction] step 48 applied 112 vert/primitive friction events
[avbd-step] step 48  dof=1875  iters=16  rc=0  wall=31592 us  |Δx|_max=0.0144658  |Δx|_mean=0.00433883  pred_max=0.0144695  drift_max=0.00155535  drift@v445.y  conv_max=0.000868261  conv_mean=0.000106183  nan=0
[outlier] v445  inc_tri=6  worst|M|=5.33333  pos=(1.48313,-0.32916,0.924407)
[pd-step]     step 48  dof=1875  pd|Δx|_max=0.0144695  pd|Δx|_mean=0.00430448
[avbd-drive] step 49 wrote AVBD output to Particle.pos
[avbd-friction] step 49 applied 118 vert/primitive friction events
[avbd-step] step 49  dof=1875  iters=16  rc=0  wall=27887 us  |Δx|_max=0.0147642  |Δx|_mean=0.00441383  pred_max=0.0147683  drift_max=0.00164491  drift@v469.y  conv_max=0.000880808  conv_mean=0.00010743  nan=0
[outlier] v469  inc_tri=6  worst|M|=5.33333  pos=(1.29765,-0.33906,1.1077)
[pd-step]     step 49  dof=1875  pd|Δx|_max=0.0147683  pd|Δx|_mean=0.00437786
[avbd-drive] step 50 wrote AVBD output to Particle.pos
[avbd-friction] step 50 applied 124 vert/primitive friction events
[avbd-step] step 50  dof=1875  iters=16  rc=0  wall=28930 us  |Δx|_max=0.0150622  |Δx|_mean=0.00448495  pred_max=0.0150667  drift_max=0.0015406  drift@v211.y  conv_max=0.000892848  conv_mean=0.000108542  nan=0
[outlier] v211  inc_tri=6  worst|M|=5.33333  pos=(-0.174857,-0.359602,-0.734513)
[pd-step]     step 50  dof=1875  pd|Δx|_max=0.0150667  pd|Δx|_mean=0.00444686
[avbd-drive] step 51 wrote AVBD output to Particle.pos
[avbd-friction] step 51 applied 125 vert/primitive friction events
[avbd-step] step 51  dof=1875  iters=16  rc=0  wall=32324 us  |Δx|_max=0.0153597  |Δx|_mean=0.00457364  pred_max=0.0153647  drift_max=0.00181898  drift@v211.y  conv_max=0.000904411  conv_mean=0.000110103  nan=0
[outlier] v211  inc_tri=6  worst|M|=5.33333  pos=(-0.173621,-0.370123,-0.732873)
[pd-step]     step 51  dof=1875  pd|Δx|_max=0.0153647  pd|Δx|_mean=0.00452886
[avbd-drive] step 52 wrote AVBD output to Particle.pos
[avbd-friction] step 52 applied 130 vert/primitive friction events
[avbd-step] step 52  dof=1875  iters=16  rc=0  wall=33797 us  |Δx|_max=0.0156567  |Δx|_mean=0.00464232  pred_max=0.0156622  drift_max=0.00191659  drift@v211.y  conv_max=0.000915319  conv_mean=0.000110996  nan=0
[outlier] v211  inc_tri=6  worst|M|=5.33333  pos=(-0.172389,-0.379128,-0.731266)
[pd-step]     step 52  dof=1875  pd|Δx|_max=0.0156622  pd|Δx|_mean=0.00459975
[avbd-drive] step 53 wrote AVBD output to Particle.pos
[avbd-friction] step 53 applied 132 vert/primitive friction events
[avbd-step] step 53  dof=1875  iters=16  rc=0  wall=32553 us  |Δx|_max=0.015953  |Δx|_mean=0.00472905  pred_max=0.0159591  drift_max=0.0018838  drift@v470.y  conv_max=0.000925839  conv_mean=0.000112437  nan=0
[outlier] v470  inc_tri=6  worst|M|=5.33333  pos=(1.47799,-0.40236,1.10352)
[pd-step]     step 53  dof=1875  pd|Δx|_max=0.0159591  pd|Δx|_mean=0.00468124
[avbd-drive] step 54 wrote AVBD output to Particle.pos
[avbd-friction] step 54 applied 133 vert/primitive friction events
[avbd-step] step 54  dof=1875  iters=16  rc=0  wall=28471 us  |Δx|_max=0.0162486  |Δx|_mean=0.00479846  pred_max=0.0162554  drift_max=0.0021058  drift@v470.y  conv_max=0.000935644  conv_mean=0.000113377  nan=0
[outlier] v470  inc_tri=6  worst|M|=5.33333  pos=(1.47585,-0.412453,1.10128)
[pd-step]     step 54  dof=1875  pd|Δx|_max=0.0162554  pd|Δx|_mean=0.00475226
[avbd-drive] step 55 wrote AVBD output to Particle.pos
[avbd-friction] step 55 applied 132 vert/primitive friction events
[avbd-step] step 55  dof=1875  iters=16  rc=0  wall=32332 us  |Δx|_max=0.0165436  |Δx|_mean=0.0048957  pred_max=0.0165511  drift_max=0.00186613  drift@v446.y  conv_max=0.000944853  conv_mean=0.000115088  nan=0
[outlier] v446  inc_tri=6  worst|M|=5.33333  pos=(1.65575,-0.42742,0.915931)
[pd-step]     step 55  dof=1875  pd|Δx|_max=0.0165511  pd|Δx|_mean=0.00484417
[avbd-drive] step 56 wrote AVBD output to Particle.pos
[avbd-friction] step 56 applied 142 vert/primitive friction events
[avbd-step] step 56  dof=1875  iters=16  rc=0  wall=25766 us  |Δx|_max=0.0168378  |Δx|_mean=0.00493116  pred_max=0.0168461  drift_max=0.00199977  drift@v210.y  conv_max=0.000953496  conv_mean=0.000115281  nan=0
[outlier] v210  inc_tri=6  worst|M|=5.33333  pos=(-0.354758,-0.447143,-0.728978)
[pd-step]     step 56  dof=1875  pd|Δx|_max=0.0168461  pd|Δx|_mean=0.00489343
[avbd-drive] step 57 wrote AVBD output to Particle.pos
[avbd-friction] step 57 applied 142 vert/primitive friction events
[avbd-step] step 57  dof=1875  iters=16  rc=0  wall=28707 us  |Δx|_max=0.0171311  |Δx|_mean=0.00501142  pred_max=0.0171402  drift_max=0.00221032  drift@v210.y  conv_max=0.000961512  conv_mean=0.000116672  nan=0
[outlier] v210  inc_tri=6  worst|M|=5.33333  pos=(-0.353362,-0.457123,-0.727467)
[pd-step]     step 57  dof=1875  pd|Δx|_max=0.0171402  pd|Δx|_mean=0.00496319
[avbd-drive] step 58 wrote AVBD output to Particle.pos
[avbd-friction] step 58 applied 145 vert/primitive friction events
[avbd-step] step 58  dof=1875  iters=16  rc=0  wall=28741 us  |Δx|_max=0.0174237  |Δx|_mean=0.00508558  pred_max=0.0174336  drift_max=0.00220379  drift@v210.y  conv_max=0.000968993  conv_mean=0.000117801  nan=0
[outlier] v210  inc_tri=6  worst|M|=5.33333  pos=(-0.352167,-0.465196,-0.726123)
[pd-step]     step 58  dof=1875  pd|Δx|_max=0.0174336  pd|Δx|_mean=0.0050374
[avbd-drive] step 59 wrote AVBD output to Particle.pos
[avbd-friction] step 59 applied 148 vert/primitive friction events
[avbd-step] step 59  dof=1875  iters=16  rc=0  wall=30049 us  |Δx|_max=0.0177153  |Δx|_mean=0.0051387  pred_max=0.0177261  drift_max=0.00226492  drift@v471.y  conv_max=0.000976086  conv_mean=0.000118402  nan=0
[outlier] v471  inc_tri=6  worst|M|=5.33333  pos=(1.65,-0.496904,1.09228)
[pd-step]     step 59  dof=1875  pd|Δx|_max=0.0177261  pd|Δx|_mean=0.00509453
[avbd-drive] step 60 wrote AVBD output to Particle.pos
[avbd-friction] step 60 applied 150 vert/primitive friction events
[avbd-step] step 60  dof=1875  iters=16  rc=0  wall=35308 us  |Δx|_max=0.0180061  |Δx|_mean=0.00521492  pred_max=0.0180178  drift_max=0.00239068  drift@v471.y  conv_max=0.000983715  conv_mean=0.000119553  nan=0
[outlier] v471  inc_tri=6  worst|M|=5.33333  pos=(1.64694,-0.507076,1.08948)
[pd-step]     step 60  dof=1875  pd|Δx|_max=0.0180178  pd|Δx|_mean=0.00516468
[avbd-drive] step 61 wrote AVBD output to Particle.pos
[avbd-friction] step 61 applied 157 vert/primitive friction events
finished...[phase-timing forward] 60 steps, 76.33 ms/step mean
    solve           33.20 ms/step   43.5%
    contact          0.03 ms/step    0.0%
    self-detect      6.13 ms/step    8.0%
    self-resolve     0.01 ms/step    0.0%
    other           36.95 ms/step   48.4%
    total            4.58 s
init
[avbd-bwd] routing backward through Simulation::stepBackwardAvbd (truncate K=20, IFT=0)
backward started...60..40..20..finished...
[Simulation::exportSimulation] C:/cloth-dynamics-standalone/output/rotating_sphere-randseed-1-20260923_052125-forwardThresh--9.0-LBFGS//iter2
[32mLoss is: 0.00000045
[0m[g5-native] mu=0.23597573936785088 loss=4.5123995962737991e-07 dL/dmu=-0.016010245806530835
[Simulation::exportSimulation] C:/cloth-dynamics-standalone/output/rotating_sphere-randseed-1-20260923_052125-forwardThresh--9.0-LBFGS//iter3
LBFGS terminated
1 iterations
x = 
0.235976
f(x) = 4.5124e-07
Exiting program...
