Testing 2 devices

Backend 1/2: CPU
  Skipping
Backend 2/2: RD0
  Device description: Godot RenderingDevice (NVIDIA GeForce RTX 4090)
  Device memory: 24576 MB (24576 MB free)

  ADD(type=f16,ne=[1,1,8,1],nr=[1,1,1,1],nf=1,perm1=0,src_overlap=0): not supported [RD0] 
  MUL(type=f16,ne=[1,1,8,1],nr=[1,1,1,1],nf=1,perm1=0,src_overlap=0): not supported [RD0] 
  ADD(type=f16,ne=[1,1,1,1],nr=[32,1,1,1],nf=1,perm1=0,src_overlap=0): not supported [RD0] 
  MUL(type=f16,ne=[1,1,1,1],nr=[32,1,1,1],nf=1,perm1=0,src_overlap=0): not supported [RD0] 
  ADD(type=f16,ne=[1,1,320,320],nr=[1,1,1,1],nf=1,perm1=0,src_overlap=0): not supported [RD0] 
  MUL(type=f16,ne=[1,1,320,320],nr=[1,1,1,1],nf=1,perm1=0,src_overlap=0): not supported [RD0] 
  ADD(type=f16,ne=[10,5,1,1],nr=[1,1,1,1],nf=1,perm1=0,src_overlap=0): not supported [RD0] 
  MUL(type=f16,ne=[10,5,1,1],nr=[1,1,1,1],nf=1,perm1=0,src_overlap=0): not supported [RD0] 
  ADD(type=f16,ne=[10,5,4,1],nr=[1,1,1,1],nf=1,perm1=0,src_overlap=0): not supported [RD0] 
  MUL(type=f16,ne=[10,5,4,1],nr=[1,1,1,1],nf=1,perm1=0,src_overlap=0): not supported [RD0] 
  ADD(type=f16,ne=[10,5,4,3],nr=[1,1,1,1],nf=1,perm1=0,src_overlap=0): not supported [RD0] 
  MUL(type=f16,ne=[10,5,4,3],nr=[1,1,1,1],nf=1,perm1=0,src_overlap=0): not supported [RD0] 
  ADD(type=f16,ne=[10,5,4,3],nr=[2,1,1,1],nf=1,perm1=0,src_overlap=0): not supported [RD0] 
  MUL(type=f16,ne=[10,5,4,3],nr=[2,1,1,1],nf=1,perm1=0,src_overlap=0): not supported [RD0] 
  ADD(type=f16,ne=[10,5,4,3],nr=[1,2,1,1],nf=1,perm1=0,src_overlap=0): not supported [RD0] 
  MUL(type=f16,ne=[10,5,4,3],nr=[1,2,1,1],nf=1,perm1=0,src_overlap=0): not supported [RD0] 
  ADD(type=f16,ne=[10,5,4,3],nr=[1,1,2,1],nf=1,perm1=0,src_overlap=0): not supported [RD0] 
  MUL(type=f16,ne=[10,5,4,3],nr=[1,1,2,1],nf=1,perm1=0,src_overlap=0): not supported [RD0] 
  ADD(type=f16,ne=[10,5,4,3],nr=[1,1,1,2],nf=1,perm1=0,src_overlap=0): not supported [RD0] 
  MUL(type=f16,ne=[10,5,4,3],nr=[1,1,1,2],nf=1,perm1=0,src_overlap=0): not supported [RD0] 
  ADD(type=f16,ne=[10,5,4,3],nr=[1,1,2,2],nf=1,perm1=0,src_overlap=0): not supported [RD0] 
  MUL(type=f16,ne=[10,5,4,3],nr=[1,1,2,2],nf=1,perm1=0,src_overlap=0): not supported [RD0] 
  ADD(type=f16,ne=[10,5,4,3],nr=[1,2,2,2],nf=1,perm1=0,src_overlap=0): not supported [RD0] 
  MUL(type=f16,ne=[10,5,4,3],nr=[1,2,2,2],nf=1,perm1=0,src_overlap=0): not supported [RD0] 
  ADD(type=f16,ne=[10,5,4,3],nr=[2,2,2,2],nf=1,perm1=0,src_overlap=0): not supported [RD0] 
  MUL(type=f16,ne=[10,5,4,3],nr=[2,2,2,2],nf=1,perm1=0,src_overlap=0): not supported [RD0] 
  ADD(type=f16,ne=[1,1,8,1],nr=[1,1,1,1],nf=1,perm1=1,src_overlap=0): not supported [RD0] 
  MUL(type=f16,ne=[1,1,8,1],nr=[1,1,1,1],nf=1,perm1=1,src_overlap=0): not supported [RD0] 
  ADD(type=f16,ne=[1,1,1,1],nr=[32,1,1,1],nf=1,perm1=1,src_overlap=0): not supported [RD0] 
  MUL(type=f16,ne=[1,1,1,1],nr=[32,1,1,1],nf=1,perm1=1,src_overlap=0): not supported [RD0] 
  ADD(type=f16,ne=[1,1,320,320],nr=[1,1,1,1],nf=1,perm1=1,src_overlap=0): not supported [RD0] 
  MUL(type=f16,ne=[1,1,320,320],nr=[1,1,1,1],nf=1,perm1=1,src_overlap=0): not supported [RD0] 
  ADD(type=f16,ne=[10,5,1,1],nr=[1,1,1,1],nf=1,perm1=1,src_overlap=0): not supported [RD0] 
  MUL(type=f16,ne=[10,5,1,1],nr=[1,1,1,1],nf=1,perm1=1,src_overlap=0): not supported [RD0] 
  ADD(type=f16,ne=[10,5,4,1],nr=[1,1,1,1],nf=1,perm1=1,src_overlap=0): not supported [RD0] 
  MUL(type=f16,ne=[10,5,4,1],nr=[1,1,1,1],nf=1,perm1=1,src_overlap=0): not supported [RD0] 
  ADD(type=f16,ne=[10,5,4,3],nr=[1,1,1,1],nf=1,perm1=1,src_overlap=0): not supported [RD0] 
  MUL(type=f16,ne=[10,5,4,3],nr=[1,1,1,1],nf=1,perm1=1,src_overlap=0): not supported [RD0] 
  ADD(type=f16,ne=[10,5,4,3],nr=[2,1,1,1],nf=1,perm1=1,src_overlap=0): not supported [RD0] 
  MUL(type=f16,ne=[10,5,4,3],nr=[2,1,1,1],nf=1,perm1=1,src_overlap=0): not supported [RD0] 
  ADD(type=f16,ne=[10,5,4,3],nr=[1,2,1,1],nf=1,perm1=1,src_overlap=0): not supported [RD0] 
  MUL(type=f16,ne=[10,5,4,3],nr=[1,2,1,1],nf=1,perm1=1,src_overlap=0): not supported [RD0] 
  ADD(type=f16,ne=[10,5,4,3],nr=[1,1,2,1],nf=1,perm1=1,src_overlap=0): not supported [RD0] 
  MUL(type=f16,ne=[10,5,4,3],nr=[1,1,2,1],nf=1,perm1=1,src_overlap=0): not supported [RD0] 
  ADD(type=f16,ne=[10,5,4,3],nr=[1,1,1,2],nf=1,perm1=1,src_overlap=0): not supported [RD0] 
  MUL(type=f16,ne=[10,5,4,3],nr=[1,1,1,2],nf=1,perm1=1,src_overlap=0): not supported [RD0] 
  ADD(type=f16,ne=[10,5,4,3],nr=[1,1,2,2],nf=1,perm1=1,src_overlap=0): not supported [RD0] 
  MUL(type=f16,ne=[10,5,4,3],nr=[1,1,2,2],nf=1,perm1=1,src_overlap=0): not supported [RD0] 
  ADD(type=f16,ne=[10,5,4,3],nr=[1,2,2,2],nf=1,perm1=1,src_overlap=0): not supported [RD0] 
  MUL(type=f16,ne=[10,5,4,3],nr=[1,2,2,2],nf=1,perm1=1,src_overlap=0): not supported [RD0] 
  ADD(type=f16,ne=[10,5,4,3],nr=[2,2,2,2],nf=1,perm1=1,src_overlap=0): not supported [RD0] 
  MUL(type=f16,ne=[10,5,4,3],nr=[2,2,2,2],nf=1,perm1=1,src_overlap=0): not supported [RD0] 
  ADD(type=f16,ne=[10,5,4,6],nr=[1,1,1,1],nf=1,perm1=0,src_overlap=1): not supported [RD0] 
  MUL(type=f16,ne=[10,5,4,6],nr=[1,1,1,1],nf=1,perm1=0,src_overlap=1): not supported [RD0] 
  ADD(type=f16,ne=[10,5,4,5],nr=[1,1,1,1],nf=1,perm1=0,src_overlap=1): not supported [RD0] 
  MUL(type=f16,ne=[10,5,4,5],nr=[1,1,1,1],nf=1,perm1=0,src_overlap=1): not supported [RD0] 
  ADD(type=f16,ne=[1,1,120,120],nr=[1,1,1,1],nf=1,perm1=0,src_overlap=1): not supported [RD0] 
  MUL(type=f16,ne=[1,1,120,120],nr=[1,1,1,1],nf=1,perm1=0,src_overlap=1): not supported [RD0] 
  ADD(type=f16,ne=[1,1,4,320],nr=[1,1,1,1],nf=1,perm1=0,src_overlap=1): not supported [RD0] 
  MUL(type=f16,ne=[1,1,4,320],nr=[1,1,1,1],nf=1,perm1=0,src_overlap=1): not supported [RD0] 
  ADD(type=f16,ne=[1,1,65536,1],nr=[256,1,1,1],nf=1,perm1=0,src_overlap=0): not supported [RD0] 
  MUL(type=f16,ne=[1,1,65536,1],nr=[256,1,1,1],nf=1,perm1=0,src_overlap=0): not supported [RD0] 
  ADD(type=f16,ne=[1280,1,1,1],nr=[1,1,1,1],nf=1,perm1=0,src_overlap=0): not supported [RD0] 
  MUL(type=f16,ne=[1280,1,1,1],nr=[1,1,1,1],nf=1,perm1=0,src_overlap=0): not supported [RD0] 
  ADD(type=f16,ne=[1280,1,1,1],nr=[1,16,16,1],nf=1,perm1=0,src_overlap=0): not supported [RD0] 
  MUL(type=f16,ne=[1280,1,1,1],nr=[1,16,16,1],nf=1,perm1=0,src_overlap=0): not supported [RD0] 
  ADD(type=f16,ne=[1280,16,16,1],nr=[1,1,1,1],nf=1,perm1=0,src_overlap=0): not supported [RD0] 
  MUL(type=f16,ne=[1280,16,16,1],nr=[1,1,1,1],nf=1,perm1=0,src_overlap=0): not supported [RD0] 
  ADD(type=f16,ne=[1280,1,1,1],nr=[1,256,1,1],nf=1,perm1=0,src_overlap=0): not supported [RD0] 
  MUL(type=f16,ne=[1280,1,1,1],nr=[1,256,1,1],nf=1,perm1=0,src_overlap=0): not supported [RD0] 
  ADD(type=f16,ne=[1,1,1280,1],nr=[16,16,1,1],nf=1,perm1=0,src_overlap=0): not supported [RD0] 
  MUL(type=f16,ne=[1,1,1280,1],nr=[16,16,1,1],nf=1,perm1=0,src_overlap=0): not supported [RD0] 
  ADD(type=f16,ne=[16,16,1280,1],nr=[1,1,1,1],nf=1,perm1=0,src_overlap=0): not supported [RD0] 
  MUL(type=f16,ne=[16,16,1280,1],nr=[1,1,1,1],nf=1,perm1=0,src_overlap=0): not supported [RD0] 
  ADD(type=f16,ne=[1,1,1920,1],nr=[16,16,1,1],nf=1,perm1=0,src_overlap=0): not supported [RD0] 
  MUL(type=f16,ne=[1,1,1920,1],nr=[16,16,1,1],nf=1,perm1=0,src_overlap=0): not supported [RD0] 
  ADD(type=f16,ne=[1,1,2560,1],nr=[16,16,1,1],nf=1,perm1=0,src_overlap=0): not supported [RD0] 
  MUL(type=f16,ne=[1,1,2560,1],nr=[16,16,1,1],nf=1,perm1=0,src_overlap=0): not supported [RD0] 
  ADD(type=f16,ne=[1,1,1280,1],nr=[32,32,1,1],nf=1,perm1=0,src_overlap=0): not supported [RD0] 
  MUL(type=f16,ne=[1,1,1280,1],nr=[32,32,1,1],nf=1,perm1=0,src_overlap=0): not supported [RD0] 
  ADD(type=f16,ne=[1,1,1920,1],nr=[32,32,1,1],nf=1,perm1=0,src_overlap=0): not supported [RD0] 
  MUL(type=f16,ne=[1,1,1920,1],nr=[32,32,1,1],nf=1,perm1=0,src_overlap=0): not supported [RD0] 
  ADD(type=f16,ne=[1,1,640,1],nr=[32,32,1,1],nf=1,perm1=0,src_overlap=0): not supported [RD0] 
  MUL(type=f16,ne=[1,1,640,1],nr=[32,32,1,1],nf=1,perm1=0,src_overlap=0): not supported [RD0] 
  ADD(type=f16,ne=[5120,1,1,1],nr=[1,256,1,1],nf=1,perm1=0,src_overlap=0): not supported [RD0] 
  MUL(type=f16,ne=[5120,1,1,1],nr=[1,256,1,1],nf=1,perm1=0,src_overlap=0): not supported [RD0] 
  ADD(type=f16,ne=[640,1,1,1],nr=[1,1,1,1],nf=1,perm1=0,src_overlap=0): not supported [RD0] 
  MUL(type=f16,ne=[640,1,1,1],nr=[1,1,1,1],nf=1,perm1=0,src_overlap=0): not supported [RD0] 
  ADD(type=f16,ne=[64,262144,1,1],nr=[1,1,1,1],nf=1,perm1=0,src_overlap=0): not supported [RD0] 
  MUL(type=f16,ne=[64,262144,1,1],nr=[1,1,1,1],nf=1,perm1=0,src_overlap=0): not supported [RD0] 
  ADD(type=f32,ne=[1,1,8,1],nr=[1,1,1,1],nf=1,perm1=0,src_overlap=0): OK
  MUL(type=f32,ne=[1,1,8,1],nr=[1,1,1,1],nf=1,perm1=0,src_overlap=0): OK
  ADD(type=f32,ne=[1,1,1,1],nr=[32,1,1,1],nf=1,perm1=0,src_overlap=0): OK
  MUL(type=f32,ne=[1,1,1,1],nr=[32,1,1,1],nf=1,perm1=0,src_overlap=0): OK
  ADD(type=f32,ne=[1,1,320,320],nr=[1,1,1,1],nf=1,perm1=0,src_overlap=0): OK
  MUL(type=f32,ne=[1,1,320,320],nr=[1,1,1,1],nf=1,perm1=0,src_overlap=0): OK
  ADD(type=f32,ne=[10,5,1,1],nr=[1,1,1,1],nf=1,perm1=0,src_overlap=0): OK
  MUL(type=f32,ne=[10,5,1,1],nr=[1,1,1,1],nf=1,perm1=0,src_overlap=0): OK
  ADD(type=f32,ne=[10,5,4,1],nr=[1,1,1,1],nf=1,perm1=0,src_overlap=0): OK
  MUL(type=f32,ne=[10,5,4,1],nr=[1,1,1,1],nf=1,perm1=0,src_overlap=0): OK
  ADD(type=f32,ne=[10,5,4,3],nr=[1,1,1,1],nf=1,perm1=0,src_overlap=0): OK
  MUL(type=f32,ne=[10,5,4,3],nr=[1,1,1,1],nf=1,perm1=0,src_overlap=0): OK
  ADD(type=f32,ne=[10,5,4,3],nr=[2,1,1,1],nf=1,perm1=0,src_overlap=0): OK
  MUL(type=f32,ne=[10,5,4,3],nr=[2,1,1,1],nf=1,perm1=0,src_overlap=0): OK
  ADD(type=f32,ne=[10,5,4,3],nr=[1,2,1,1],nf=1,perm1=0,src_overlap=0): OK
  MUL(type=f32,ne=[10,5,4,3],nr=[1,2,1,1],nf=1,perm1=0,src_overlap=0): OK
  ADD(type=f32,ne=[10,5,4,3],nr=[1,1,2,1],nf=1,perm1=0,src_overlap=0): OK
  MUL(type=f32,ne=[10,5,4,3],nr=[1,1,2,1],nf=1,perm1=0,src_overlap=0): OK
  ADD(type=f32,ne=[10,5,4,3],nr=[1,1,1,2],nf=1,perm1=0,src_overlap=0): OK
  MUL(type=f32,ne=[10,5,4,3],nr=[1,1,1,2],nf=1,perm1=0,src_overlap=0): OK
  ADD(type=f32,ne=[10,5,4,3],nr=[1,1,2,2],nf=1,perm1=0,src_overlap=0): OK
  MUL(type=f32,ne=[10,5,4,3],nr=[1,1,2,2],nf=1,perm1=0,src_overlap=0): OK
  ADD(type=f32,ne=[10,5,4,3],nr=[1,2,2,2],nf=1,perm1=0,src_overlap=0): OK
  MUL(type=f32,ne=[10,5,4,3],nr=[1,2,2,2],nf=1,perm1=0,src_overlap=0): OK
  ADD(type=f32,ne=[10,5,4,3],nr=[2,2,2,2],nf=1,perm1=0,src_overlap=0): OK
  MUL(type=f32,ne=[10,5,4,3],nr=[2,2,2,2],nf=1,perm1=0,src_overlap=0): OK
  ADD(type=f32,ne=[1,1,8,1],nr=[1,1,1,1],nf=1,perm1=1,src_overlap=0): OK
  MUL(type=f32,ne=[1,1,8,1],nr=[1,1,1,1],nf=1,perm1=1,src_overlap=0): OK
  ADD(type=f32,ne=[1,1,1,1],nr=[32,1,1,1],nf=1,perm1=1,src_overlap=0): OK
  MUL(type=f32,ne=[1,1,1,1],nr=[32,1,1,1],nf=1,perm1=1,src_overlap=0): OK
  ADD(type=f32,ne=[1,1,320,320],nr=[1,1,1,1],nf=1,perm1=1,src_overlap=0): OK
  MUL(type=f32,ne=[1,1,320,320],nr=[1,1,1,1],nf=1,perm1=1,src_overlap=0): OK
  ADD(type=f32,ne=[10,5,1,1],nr=[1,1,1,1],nf=1,perm1=1,src_overlap=0): OK
  MUL(type=f32,ne=[10,5,1,1],nr=[1,1,1,1],nf=1,perm1=1,src_overlap=0): OK
  ADD(type=f32,ne=[10,5,4,1],nr=[1,1,1,1],nf=1,perm1=1,src_overlap=0): OK
  MUL(type=f32,ne=[10,5,4,1],nr=[1,1,1,1],nf=1,perm1=1,src_overlap=0): OK
  ADD(type=f32,ne=[10,5,4,3],nr=[1,1,1,1],nf=1,perm1=1,src_overlap=0): OK
  MUL(type=f32,ne=[10,5,4,3],nr=[1,1,1,1],nf=1,perm1=1,src_overlap=0): OK
  ADD(type=f32,ne=[10,5,4,3],nr=[2,1,1,1],nf=1,perm1=1,src_overlap=0): OK
  MUL(type=f32,ne=[10,5,4,3],nr=[2,1,1,1],nf=1,perm1=1,src_overlap=0): OK
  ADD(type=f32,ne=[10,5,4,3],nr=[1,2,1,1],nf=1,perm1=1,src_overlap=0): OK
  MUL(type=f32,ne=[10,5,4,3],nr=[1,2,1,1],nf=1,perm1=1,src_overlap=0): OK
  ADD(type=f32,ne=[10,5,4,3],nr=[1,1,2,1],nf=1,perm1=1,src_overlap=0): OK
  MUL(type=f32,ne=[10,5,4,3],nr=[1,1,2,1],nf=1,perm1=1,src_overlap=0): OK
  ADD(type=f32,ne=[10,5,4,3],nr=[1,1,1,2],nf=1,perm1=1,src_overlap=0): OK
  MUL(type=f32,ne=[10,5,4,3],nr=[1,1,1,2],nf=1,perm1=1,src_overlap=0): OK
  ADD(type=f32,ne=[10,5,4,3],nr=[1,1,2,2],nf=1,perm1=1,src_overlap=0): OK
  MUL(type=f32,ne=[10,5,4,3],nr=[1,1,2,2],nf=1,perm1=1,src_overlap=0): OK
  ADD(type=f32,ne=[10,5,4,3],nr=[1,2,2,2],nf=1,perm1=1,src_overlap=0): OK
  MUL(type=f32,ne=[10,5,4,3],nr=[1,2,2,2],nf=1,perm1=1,src_overlap=0): OK
  ADD(type=f32,ne=[10,5,4,3],nr=[2,2,2,2],nf=1,perm1=1,src_overlap=0): OK
  MUL(type=f32,ne=[10,5,4,3],nr=[2,2,2,2],nf=1,perm1=1,src_overlap=0): OK
  ADD(type=f32,ne=[10,5,4,6],nr=[1,1,1,1],nf=1,perm1=0,src_overlap=1): OK
  MUL(type=f32,ne=[10,5,4,6],nr=[1,1,1,1],nf=1,perm1=0,src_overlap=1): OK
  ADD(type=f32,ne=[10,5,4,5],nr=[1,1,1,1],nf=1,perm1=0,src_overlap=1): OK
  MUL(type=f32,ne=[10,5,4,5],nr=[1,1,1,1],nf=1,perm1=0,src_overlap=1): OK
  ADD(type=f32,ne=[1,1,120,120],nr=[1,1,1,1],nf=1,perm1=0,src_overlap=1): OK
  MUL(type=f32,ne=[1,1,120,120],nr=[1,1,1,1],nf=1,perm1=0,src_overlap=1): OK
  ADD(type=f32,ne=[1,1,4,320],nr=[1,1,1,1],nf=1,perm1=0,src_overlap=1): OK
  MUL(type=f32,ne=[1,1,4,320],nr=[1,1,1,1],nf=1,perm1=0,src_overlap=1): OK
  ADD(type=f32,ne=[1,1,65536,1],nr=[256,1,1,1],nf=1,perm1=0,src_overlap=0): OK
  MUL(type=f32,ne=[1,1,65536,1],nr=[256,1,1,1],nf=1,perm1=0,src_overlap=0): OK
  ADD(type=f32,ne=[1280,1,1,1],nr=[1,1,1,1],nf=1,perm1=0,src_overlap=0): OK
  MUL(type=f32,ne=[1280,1,1,1],nr=[1,1,1,1],nf=1,perm1=0,src_overlap=0): OK
  ADD(type=f32,ne=[1280,1,1,1],nr=[1,16,16,1],nf=1,perm1=0,src_overlap=0): OK
  MUL(type=f32,ne=[1280,1,1,1],nr=[1,16,16,1],nf=1,perm1=0,src_overlap=0): OK
  ADD(type=f32,ne=[1280,16,16,1],nr=[1,1,1,1],nf=1,perm1=0,src_overlap=0): OK
  MUL(type=f32,ne=[1280,16,16,1],nr=[1,1,1,1],nf=1,perm1=0,src_overlap=0): OK
  ADD(type=f32,ne=[1280,1,1,1],nr=[1,256,1,1],nf=1,perm1=0,src_overlap=0): OK
  MUL(type=f32,ne=[1280,1,1,1],nr=[1,256,1,1],nf=1,perm1=0,src_overlap=0): OK
  ADD(type=f32,ne=[1,1,1280,1],nr=[16,16,1,1],nf=1,perm1=0,src_overlap=0): OK
  MUL(type=f32,ne=[1,1,1280,1],nr=[16,16,1,1],nf=1,perm1=0,src_overlap=0): OK
  ADD(type=f32,ne=[16,16,1280,1],nr=[1,1,1,1],nf=1,perm1=0,src_overlap=0): OK
  MUL(type=f32,ne=[16,16,1280,1],nr=[1,1,1,1],nf=1,perm1=0,src_overlap=0): OK
  ADD(type=f32,ne=[1,1,1920,1],nr=[16,16,1,1],nf=1,perm1=0,src_overlap=0): OK
  MUL(type=f32,ne=[1,1,1920,1],nr=[16,16,1,1],nf=1,perm1=0,src_overlap=0): OK
  ADD(type=f32,ne=[1,1,2560,1],nr=[16,16,1,1],nf=1,perm1=0,src_overlap=0): OK
  MUL(type=f32,ne=[1,1,2560,1],nr=[16,16,1,1],nf=1,perm1=0,src_overlap=0): OK
  ADD(type=f32,ne=[1,1,1280,1],nr=[32,32,1,1],nf=1,perm1=0,src_overlap=0): OK
  MUL(type=f32,ne=[1,1,1280,1],nr=[32,32,1,1],nf=1,perm1=0,src_overlap=0): OK
  ADD(type=f32,ne=[1,1,1920,1],nr=[32,32,1,1],nf=1,perm1=0,src_overlap=0): OK
  MUL(type=f32,ne=[1,1,1920,1],nr=[32,32,1,1],nf=1,perm1=0,src_overlap=0): OK
  ADD(type=f32,ne=[1,1,640,1],nr=[32,32,1,1],nf=1,perm1=0,src_overlap=0): OK
  MUL(type=f32,ne=[1,1,640,1],nr=[32,32,1,1],nf=1,perm1=0,src_overlap=0): OK
  ADD(type=f32,ne=[5120,1,1,1],nr=[1,256,1,1],nf=1,perm1=0,src_overlap=0): OK
  MUL(type=f32,ne=[5120,1,1,1],nr=[1,256,1,1],nf=1,perm1=0,src_overlap=0): OK
  ADD(type=f32,ne=[640,1,1,1],nr=[1,1,1,1],nf=1,perm1=0,src_overlap=0): OK
  MUL(type=f32,ne=[640,1,1,1],nr=[1,1,1,1],nf=1,perm1=0,src_overlap=0): OK
  ADD(type=f32,ne=[64,262144,1,1],nr=[1,1,1,1],nf=1,perm1=0,src_overlap=0): OK
  MUL(type=f32,ne=[64,262144,1,1],nr=[1,1,1,1],nf=1,perm1=0,src_overlap=0): OK
  ADD(type=f32,ne=[16,5,4,3],nr=[1,1,1,1],nf=16,perm1=0,src_overlap=0): OK
  MUL(type=f32,ne=[16,5,4,3],nr=[1,1,1,1],nf=16,perm1=0,src_overlap=0): OK
  ADD(type=f32,ne=[10,5,4,3],nr=[2,1,1,1],nf=2,perm1=0,src_overlap=0): OK
  ADD(type=f32,ne=[16,5,4,3],nr=[1,2,1,1],nf=3,perm1=0,src_overlap=0): OK
  ADD(type=f32,ne=[10,5,4,3],nr=[1,1,2,1],nf=4,perm1=0,src_overlap=0): OK
  ADD(type=f32,ne=[16,5,4,3],nr=[1,1,1,2],nf=5,perm1=0,src_overlap=0): OK
  ADD(type=f32,ne=[10,5,4,3],nr=[1,1,2,2],nf=6,perm1=0,src_overlap=0): OK
  ADD(type=f32,ne=[10,5,4,3],nr=[1,2,2,2],nf=7,perm1=0,src_overlap=0): OK
  ADD(type=f32,ne=[16,5,4,3],nr=[2,2,2,2],nf=8,perm1=0,src_overlap=0): OK
  ADD(type=f32,ne=[16,5,4,3],nr=[1,1,1,1],nf=16,perm1=0,src_overlap=0): OK
  FLASH_ATTN_EXT(hsk=64,hsv=64,nh=8,nr23=[4,1],kv=1024,nb=32,mask=1,sinks=0,max_bias=0.000000,logit_softcap=0.000000,prec=f32,type_K=f16,type_V=f16,permute=[0,1,2,3]): not supported [RD0] 
  FLASH_ATTN_EXT(hsk=64,hsv=64,nh=8,nr23=[4,1],kv=1024,nb=32,mask=1,sinks=0,max_bias=0.000000,logit_softcap=0.000000,prec=f32,type_K=q8_0,type_V=q8_0,permute=[0,1,2,3]): not supported [RD0] 
  FLASH_ATTN_EXT(hsk=64,hsv=64,nh=8,nr23=[4,1],kv=1024,nb=32,mask=1,sinks=0,max_bias=0.000000,logit_softcap=0.000000,prec=f32,type_K=q4_0,type_V=q4_0,permute=[0,1,2,3]): not supported [RD0] 
  FLASH_ATTN_EXT(hsk=64,hsv=64,nh=8,nr23=[4,1],kv=1024,nb=64,mask=1,sinks=0,max_bias=0.000000,logit_softcap=0.000000,prec=f32,type_K=f16,type_V=f16,permute=[0,1,2,3]): not supported [RD0] 
  FLASH_ATTN_EXT(hsk=64,hsv=64,nh=8,nr23=[4,1],kv=1024,nb=64,mask=1,sinks=0,max_bias=0.000000,logit_softcap=0.000000,prec=f32,type_K=q8_0,type_V=q8_0,permute=[0,1,2,3]): not supported [RD0] 
  FLASH_ATTN_EXT(hsk=64,hsv=64,nh=8,nr23=[4,1],kv=1024,nb=64,mask=1,sinks=0,max_bias=0.000000,logit_softcap=0.000000,prec=f32,type_K=q4_0,type_V=q4_0,permute=[0,1,2,3]): not supported [RD0] 
  FLASH_ATTN_EXT(hsk=128,hsv=128,nh=8,nr23=[4,1],kv=1024,nb=32,mask=1,sinks=0,max_bias=0.000000,logit_softcap=0.000000,prec=f32,type_K=f16,type_V=f16,permute=[0,1,2,3]): not supported [RD0] 
  FLASH_ATTN_EXT(hsk=128,hsv=128,nh=8,nr23=[4,1],kv=1024,nb=32,mask=1,sinks=0,max_bias=0.000000,logit_softcap=0.000000,prec=f32,type_K=q8_0,type_V=q8_0,permute=[0,1,2,3]): not supported [RD0] 
  FLASH_ATTN_EXT(hsk=128,hsv=128,nh=8,nr23=[4,1],kv=1024,nb=32,mask=1,sinks=0,max_bias=0.000000,logit_softcap=0.000000,prec=f32,type_K=q4_0,type_V=q4_0,permute=[0,1,2,3]): not supported [RD0] 
  FLASH_ATTN_EXT(hsk=128,hsv=128,nh=8,nr23=[4,1],kv=1024,nb=64,mask=1,sinks=0,max_bias=0.000000,logit_softcap=0.000000,prec=f32,type_K=f16,type_V=f16,permute=[0,1,2,3]): not supported [RD0] 
  FLASH_ATTN_EXT(hsk=128,hsv=128,nh=8,nr23=[4,1],kv=1024,nb=64,mask=1,sinks=0,max_bias=0.000000,logit_softcap=0.000000,prec=f32,type_K=q8_0,type_V=q8_0,permute=[0,1,2,3]): not supported [RD0] 
  FLASH_ATTN_EXT(hsk=128,hsv=128,nh=8,nr23=[4,1],kv=1024,nb=64,mask=1,sinks=0,max_bias=0.000000,logit_softcap=0.000000,prec=f32,type_K=q4_0,type_V=q4_0,permute=[0,1,2,3]): not supported [RD0] 
  FLASH_ATTN_EXT(hsk=256,hsv=256,nh=8,nr23=[4,1],kv=1024,nb=32,mask=1,sinks=0,max_bias=0.000000,logit_softcap=0.000000,prec=f32,type_K=f16,type_V=f16,permute=[0,1,2,3]): not supported [RD0] 
  FLASH_ATTN_EXT(hsk=256,hsv=256,nh=8,nr23=[4,1],kv=1024,nb=32,mask=1,sinks=0,max_bias=0.000000,logit_softcap=0.000000,prec=f32,type_K=q8_0,type_V=q8_0,permute=[0,1,2,3]): not supported [RD0] 
  FLASH_ATTN_EXT(hsk=256,hsv=256,nh=8,nr23=[4,1],kv=1024,nb=32,mask=1,sinks=0,max_bias=0.000000,logit_softcap=0.000000,prec=f32,type_K=q4_0,type_V=q4_0,permute=[0,1,2,3]): not supported [RD0] 
  FLASH_ATTN_EXT(hsk=256,hsv=256,nh=8,nr23=[4,1],kv=1024,nb=64,mask=1,sinks=0,max_bias=0.000000,logit_softcap=0.000000,prec=f32,type_K=f16,type_V=f16,permute=[0,1,2,3]): not supported [RD0] 
  FLASH_ATTN_EXT(hsk=256,hsv=256,nh=8,nr23=[4,1],kv=1024,nb=64,mask=1,sinks=0,max_bias=0.000000,logit_softcap=0.000000,prec=f32,type_K=q8_0,type_V=q8_0,permute=[0,1,2,3]): not supported [RD0] 
  FLASH_ATTN_EXT(hsk=256,hsv=256,nh=8,nr23=[4,1],kv=1024,nb=64,mask=1,sinks=0,max_bias=0.000000,logit_softcap=0.000000,prec=f32,type_K=q4_0,type_V=q4_0,permute=[0,1,2,3]): not supported [RD0] 
  FLASH_ATTN_EXT(hsk=64,hsv=64,nh=8,nr23=[4,1],kv=2048,nb=32,mask=1,sinks=0,max_bias=0.000000,logit_softcap=0.000000,prec=f32,type_K=f16,type_V=f16,permute=[0,1,2,3]): not supported [RD0] 
  FLASH_ATTN_EXT(hsk=64,hsv=64,nh=8,nr23=[4,1],kv=2048,nb=32,mask=1,sinks=0,max_bias=0.000000,logit_softcap=0.000000,prec=f32,type_K=q8_0,type_V=q8_0,permute=[0,1,2,3]): not supported [RD0] 
  FLASH_ATTN_EXT(hsk=64,hsv=64,nh=8,nr23=[4,1],kv=2048,nb=32,mask=1,sinks=0,max_bias=0.000000,logit_softcap=0.000000,prec=f32,type_K=q4_0,type_V=q4_0,permute=[0,1,2,3]): not supported [RD0] 
  FLASH_ATTN_EXT(hsk=64,hsv=64,nh=8,nr23=[4,1],kv=2048,nb=64,mask=1,sinks=0,max_bias=0.000000,logit_softcap=0.000000,prec=f32,type_K=f16,type_V=f16,permute=[0,1,2,3]): not supported [RD0] 
  FLASH_ATTN_EXT(hsk=64,hsv=64,nh=8,nr23=[4,1],kv=2048,nb=64,mask=1,sinks=0,max_bias=0.000000,logit_softcap=0.000000,prec=f32,type_K=q8_0,type_V=q8_0,permute=[0,1,2,3]): not supported [RD0] 
  FLASH_ATTN_EXT(hsk=64,hsv=64,nh=8,nr23=[4,1],kv=2048,nb=64,mask=1,sinks=0,max_bias=0.000000,logit_softcap=0.000000,prec=f32,type_K=q4_0,type_V=q4_0,permute=[0,1,2,3]): not supported [RD0] 
  FLASH_ATTN_EXT(hsk=128,hsv=128,nh=8,nr23=[4,1],kv=2048,nb=32,mask=1,sinks=0,max_bias=0.000000,logit_softcap=0.000000,prec=f32,type_K=f16,type_V=f16,permute=[0,1,2,3]): not supported [RD0] 
  FLASH_ATTN_EXT(hsk=128,hsv=128,nh=8,nr23=[4,1],kv=2048,nb=32,mask=1,sinks=0,max_bias=0.000000,logit_softcap=0.000000,prec=f32,type_K=q8_0,type_V=q8_0,permute=[0,1,2,3]): not supported [RD0] 
  FLASH_ATTN_EXT(hsk=128,hsv=128,nh=8,nr23=[4,1],kv=2048,nb=32,mask=1,sinks=0,max_bias=0.000000,logit_softcap=0.000000,prec=f32,type_K=q4_0,type_V=q4_0,permute=[0,1,2,3]): not supported [RD0] 
  FLASH_ATTN_EXT(hsk=128,hsv=128,nh=8,nr23=[4,1],kv=2048,nb=64,mask=1,sinks=0,max_bias=0.000000,logit_softcap=0.000000,prec=f32,type_K=f16,type_V=f16,permute=[0,1,2,3]): not supported [RD0] 
  FLASH_ATTN_EXT(hsk=128,hsv=128,nh=8,nr23=[4,1],kv=2048,nb=64,mask=1,sinks=0,max_bias=0.000000,logit_softcap=0.000000,prec=f32,type_K=q8_0,type_V=q8_0,permute=[0,1,2,3]): not supported [RD0] 
  FLASH_ATTN_EXT(hsk=128,hsv=128,nh=8,nr23=[4,1],kv=2048,nb=64,mask=1,sinks=0,max_bias=0.000000,logit_softcap=0.000000,prec=f32,type_K=q4_0,type_V=q4_0,permute=[0,1,2,3]): not supported [RD0] 
  FLASH_ATTN_EXT(hsk=256,hsv=256,nh=8,nr23=[4,1],kv=2048,nb=32,mask=1,sinks=0,max_bias=0.000000,logit_softcap=0.000000,prec=f32,type_K=f16,type_V=f16,permute=[0,1,2,3]): not supported [RD0] 
  FLASH_ATTN_EXT(hsk=256,hsv=256,nh=8,nr23=[4,1],kv=2048,nb=32,mask=1,sinks=0,max_bias=0.000000,logit_softcap=0.000000,prec=f32,type_K=q8_0,type_V=q8_0,permute=[0,1,2,3]): not supported [RD0] 
  FLASH_ATTN_EXT(hsk=256,hsv=256,nh=8,nr23=[4,1],kv=2048,nb=32,mask=1,sinks=0,max_bias=0.000000,logit_softcap=0.000000,prec=f32,type_K=q4_0,type_V=q4_0,permute=[0,1,2,3]): not supported [RD0] 
  FLASH_ATTN_EXT(hsk=256,hsv=256,nh=8,nr23=[4,1],kv=2048,nb=64,mask=1,sinks=0,max_bias=0.000000,logit_softcap=0.000000,prec=f32,type_K=f16,type_V=f16,permute=[0,1,2,3]): not supported [RD0] 
  FLASH_ATTN_EXT(hsk=256,hsv=256,nh=8,nr23=[4,1],kv=2048,nb=64,mask=1,sinks=0,max_bias=0.000000,logit_softcap=0.000000,prec=f32,type_K=q8_0,type_V=q8_0,permute=[0,1,2,3]): not supported [RD0] 
  FLASH_ATTN_EXT(hsk=256,hsv=256,nh=8,nr23=[4,1],kv=2048,nb=64,mask=1,sinks=0,max_bias=0.000000,logit_softcap=0.000000,prec=f32,type_K=q4_0,type_V=q4_0,permute=[0,1,2,3]): not supported [RD0] 
  FLASH_ATTN_EXT(hsk=40,hsv=40,nh=4,nr23=[1,1],kv=113,nb=1,mask=1,sinks=1,max_bias=0.000000,logit_softcap=0.000000,prec=f32,type_K=f16,type_V=f16,permute=[0,1,2,3]): not supported [RD0] 
  FLASH_ATTN_EXT(hsk=40,hsv=40,nh=4,nr23=[1,1],kv=113,nb=3,mask=1,sinks=1,max_bias=0.000000,logit_softcap=0.000000,prec=f32,type_K=f16,type_V=f16,permute=[0,1,2,3]): not supported [RD0] 
  FLASH_ATTN_EXT(hsk=40,hsv=40,nh=4,nr23=[1,1],kv=113,nb=32,mask=1,sinks=1,max_bias=0.000000,logit_softcap=0.000000,prec=f32,type_K=f16,type_V=f16,permute=[0,1,2,3]): not supported [RD0] 
  FLASH_ATTN_EXT(hsk=40,hsv=40,nh=4,nr23=[1,1],kv=113,nb=75,mask=1,sinks=1,max_bias=0.000000,logit_softcap=0.000000,prec=f32,type_K=f16,type_V=f16,permute=[0,1,2,3]): not supported [RD0] 
  FLASH_ATTN_EXT(hsk=40,hsv=40,nh=4,nr23=[1,1],kv=512,nb=1,mask=1,sinks=1,max_bias=0.000000,logit_softcap=0.000000,prec=f32,type_K=f16,type_V=f16,permute=[0,1,2,3]): not supported [RD0] 
  FLASH_ATTN_EXT(hsk=40,hsv=40,nh=4,nr23=[1,1],kv=512,nb=1,mask=1,sinks=1,max_bias=0.000000,logit_softcap=0.000000,prec=f32,type_K=f16,type_V=f16,permute=[0,2,1,3]): not supported [RD0] 
  FLASH_ATTN_EXT(hsk=40,hsv=40,nh=4,nr23=[1,1],kv=512,nb=3,mask=1,sinks=1,max_bias=0.000000,logit_softcap=0.000000,prec=f32,type_K=f16,type_V=f16,permute=[0,1,2,3]): not supported [RD0] 
  FLASH_ATTN_EXT(hsk=40,hsv=40,nh=4,nr23=[1,1],kv=512,nb=3,mask=1,sinks=1,max_bias=0.000000,logit_softcap=0.000000,prec=f32,type_K=f16,type_V=f16,permute=[0,2,1,3]): not supported [RD0] 
  FLASH_ATTN_EXT(hsk=40,hsv=40,nh=4,nr23=[1,1],kv=512,nb=32,mask=1,sinks=1,max_bias=0.000000,logit_softcap=0.000000,prec=f32,type_K=f16,type_V=f16,permute=[0,1,2,3]): not supported [RD0] 
  FLASH_ATTN_EXT(hsk=40,hsv=40,nh=4,nr23=[1,1],kv=512,nb=32,mask=1,sinks=1,max_bias=0.000000,logit_softcap=0.000000,prec=f32,type_K=f16,type_V=f16,permute=[0,2,1,3]): not supported [RD0] 
  FLASH_ATTN_EXT(hsk=40,hsv=40,nh=4,nr23=[1,1],kv=512,nb=75,mask=1,sinks=1,max_bias=0.000000,logit_softcap=0.000000,prec=f32,type_K=f16,type_V=f16,permute=[0,1,2,3]): not supported [RD0] 
  FLASH_ATTN_EXT(hsk=40,hsv=40,nh=4,nr23=[1,1],kv=512,nb=75,mask=1,sinks=1,max_bias=0.000000,logit_softcap=0.000000,prec=f32,type_K=f16,type_V=f16,permute=[0,2,1,3]): not supported [RD0] 
  FLASH_ATTN_EXT(hsk=40,hsv=40,nh=4,nr23=[1,1],kv=1024,nb=1,mask=1,sinks=1,max_bias=0.000000,logit_softcap=0.000000,prec=f32,type_K=f16,type_V=f16,permute=[0,1,2,3]): not supported [RD0] 
  FLASH_ATTN_EXT(hsk=40,hsv=40,nh=4,nr23=[1,1],kv=1024,nb=3,mask=1,sinks=1,max_bias=0.000000,logit_softcap=0.000000,prec=f32,type_K=f16,type_V=f16,permute=[0,1,2,3]): not supported [RD0] 
  FLASH_ATTN_EXT(hsk=40,hsv=40,nh=4,nr23=[1,1],kv=1024,nb=32,mask=1,sinks=1,max_bias=0.000000,logit_softcap=0.000000,prec=f32,type_K=f16,type_V=f16,permute=[0,1,2,3]): not supported [RD0] 
  FLASH_ATTN_EXT(hsk=40,hsv=40,nh=4,nr23=[1,1],kv=1024,nb=75,mask=1,sinks=1,max_bias=0.000000,logit_softcap=0.000000,prec=f32,type_K=f16,type_V=f16,permute=[0,1,2,3]): not supported [RD0] 
  FLASH_ATTN_EXT(hsk=40,hsv=40,nh=4,nr23=[4,1],kv=512,nb=1,mask=1,sinks=1,max_bias=0.000000,logit_softcap=0.000000,prec=f32,type_K=f16,type_V=f16,permute=[0,1,2,3]): not supported [RD0] 
  FLASH_ATTN_EXT(hsk=40,hsv=40,nh=4,nr23=[4,1],kv=512,nb=1,mask=1,sinks=1,max_bias=0.000000,logit_softcap=0.000000,prec=f32,type_K=f16,type_V=f16,permute=[0,2,1,3]): not supported [RD0] 
  FLASH_ATTN_EXT(hsk=40,hsv=40,nh=4,nr23=[4,1],kv=512,nb=3,mask=1,sinks=1,max_bias=0.000000,logit_softcap=0.000000,prec=f32,type_K=f16,type_V=f16,permute=[0,1,2,3]): not supported [RD0] 
  FLASH_ATTN_EXT(hsk=40,hsv=40,nh=4,nr23=[4,1],kv=512,nb=3,mask=1,sinks=1,max_bias=0.000000,logit_softcap=0.000000,prec=f32,type_K=f16,type_V=f16,permute=[0,2,1,3]): not supported [RD0] 
  FLASH_ATTN_EXT(hsk=40,hsv=40,nh=4,nr23=[4,1],kv=512,nb=32,mask=1,sinks=1,max_bias=0.000000,logit_softcap=0.000000,prec=f32,type_K=f16,type_V=f16,permute=[0,1,2,3]): not supported [RD0] 
  FLASH_ATTN_EXT(hsk=40,hsv=40,nh=4,nr23=[4,1],kv=512,nb=32,mask=1,sinks=1,max_bias=0.000000,logit_softcap=0.000000,prec=f32,type_K=f16,type_V=f16,permute=[0,2,1,3]): not supported [RD0] 
  FLASH_ATTN_EXT(hsk=40,hsv=40,nh=4,nr23=[4,1],kv=512,nb=75,mask=1,sinks=1,max_bias=0.000000,logit_softcap=0.000000,prec=f32,type_K=f16,type_V=f16,permute=[0,1,2,3]): not supported [RD0] 
  FLASH_ATTN_EXT(hsk=40,hsv=40,nh=4,nr23=[4,1],kv=512,nb=75,mask=1,sinks=1,max_bias=0.000000,logit_softcap=0.000000,prec=f32,type_K=f16,type_V=f16,permute=[0,2,1,3]): not supported [RD0] 
  FLASH_ATTN_EXT(hsk=40,hsv=40,nh=4,nr23=[1,3],kv=113,nb=1,mask=1,sinks=1,max_bias=0.000000,logit_softcap=0.000000,prec=f32,type_K=f16,type_V=f16,permute=[0,1,2,3]): not supported [RD0] 
  FLASH_ATTN_EXT(hsk=40,hsv=40,nh=4,nr23=[1,3],kv=113,nb=3,mask=1,sinks=1,max_bias=0.000000,logit_softcap=0.000000,prec=f32,type_K=f16,type_V=f16,permute=[0,1,2,3]): not supported [RD0] 
  FLASH_ATTN_EXT(hsk=40,hsv=40,nh=4,nr23=[1,3],kv=113,nb=32,mask=1,sinks=1,max_bias=0.000000,logit_softcap=0.000000,prec=f32,type_K=f16,type_V=f16,permute=[0,1,2,3]): not supported [RD0] 
  FLASH_ATTN_EXT(hsk=40,hsv=40,nh=4,nr23=[1,3],kv=113,nb=75,mask=1,sinks=1,max_bias=0.000000,logit_softcap=0.000000,prec=f32,type_K=f16,type_V=f16,permute=[0,1,2,3]): not supported [RD0] 
  FLASH_ATTN_EXT(hsk=40,hsv=40,nh=4,nr23=[1,3],kv=512,nb=1,mask=1,sinks=1,max_bias=0.000000,logit_softcap=0.000000,prec=f32,type_K=f16,type_V=f16,permute=[0,1,2,3]): not supported [RD0] 
  FLASH_ATTN_EXT(hsk=40,hsv=40,nh=4,nr23=[1,3],kv=512,nb=1,mask=1,sinks=1,max_bias=0.000000,logit_softcap=0.000000,prec=f32,type_K=f16,type_V=f16,permute=[0,2,1,3]): not supported [RD0] 
  FLASH_ATTN_EXT(hsk=40,hsv=40,nh=4,nr23=[1,3],kv=512,nb=3,mask=1,sinks=1,max_bias=0.000000,logit_softcap=0.000000,prec=f32,type_K=f16,type_V=f16,permute=[0,1,2,3]): not supported [RD0] 
  FLASH_ATTN_EXT(hsk=40,hsv=40,nh=4,nr23=[1,3],kv=512,nb=3,mask=1,sinks=1,max_bias=0.000000,logit_softcap=0.000000,prec=f32,type_K=f16,type_V=f16,permute=[0,2,1,3]): not supported [RD0] 
  FLASH_ATTN_EXT(hsk=40,hsv=40,nh=4,nr23=[1,3],kv=512,nb=32,mask=1,sinks=1,max_bias=0.000000,logit_softcap=0.000000,prec=f32,type_K=f16,type_V=f16,permute=[0,1,2,3]): not supported [RD0] 
  FLASH_ATTN_EXT(hsk=40,hsv=40,nh=4,nr23=[1,3],kv=512,nb=32,mask=1,sinks=1,max_bias=0.000000,logit_softcap=0.000000,prec=f32,type_K=f16,type_V=f16,permute=[0,2,1,3]): not supported [RD0] 
  FLASH_ATTN_EXT(hsk=40,hsv=40,nh=4,nr23=[1,3],kv=512,nb=75,mask=1,sinks=1,max_bias=0.000000,logit_softcap=0.000000,prec=f32,type_K=f16,type_V=f16,permute=[0,1,2,3]): not supported [RD0] 
  FLASH_ATTN_EXT(hsk=40,hsv=40,nh=4,nr23=[1,3],kv=512,nb=75,mask=1,sinks=1,max_bias=0.000000,logit_softcap=0.000000,prec=f32,type_K=f16,type_V=f16,permute=[0,2,1,3]): not supported [RD0] 
  FLASH_ATTN_EXT(hsk=40,hsv=40,nh=4,nr23=[1,3],kv=1024,nb=1,mask=1,sinks=1,max_bias=0.000000,logit_softcap=0.000000,prec=f32,type_K=f16,type_V=f16,permute=[0,1,2,3]): not supported [RD0] 
  FLASH_ATTN_EXT(hsk=40,hsv=40,nh=4,nr23=[1,3],kv=1024,nb=3,mask=1,sinks=1,max_bias=0.000000,logit_softcap=0.000000,prec=f32,type_K=f16,type_V=f16,permute=[0,1,2,3]): not supported [RD0] 
  FLASH_ATTN_EXT(hsk=40,hsv=40,nh=4,nr23=[1,3],kv=1024,nb=32,mask=1,sinks=1,max_bias=0.000000,logit_softcap=0.000000,prec=f32,type_K=f16,type_V=f16,permute=[0,1,2,3]): not supported [RD0] 
  FLASH_ATTN_EXT(hsk=40,hsv=40,nh=4,nr23=[1,3],kv=1024,nb=75,mask=1,sinks=1,max_bias=0.000000,logit_softcap=0.000000,prec=f32,type_K=f16,type_V=f16,permute=[0,1,2,3]): not supported [RD0] 
  FLASH_ATTN_EXT(hsk=40,hsv=40,nh=4,nr23=[4,3],kv=512,nb=1,mask=1,sinks=1,max_bias=0.000000,logit_softcap=0.000000,prec=f32,type_K=f16,type_V=f16,permute=[0,1,2,3]): not supported [RD0] 
  FLASH_ATTN_EXT(hsk=40,hsv=40,nh=4,nr23=[4,3],kv=512,nb=1,mask=1,sinks=1,max_bias=0.000000,logit_softcap=0.000000,prec=f32,type_K=f16,type_V=f16,permute=[0,2,1,3]): not supported [RD0] 
  FLASH_ATTN_EXT(hsk=40,hsv=40,nh=4,nr23=[4,3],kv=512,nb=3,mask=1,sinks=1,max_bias=0.000000,logit_softcap=0.000000,prec=f32,type_K=f16,type_V=f16,permute=[0,1,2,3]): not supported [RD0] 
  FLASH_ATTN_EXT(hsk=40,hsv=40,nh=4,nr23=[4,3],kv=512,nb=3,mask=1,sinks=1,max_bias=0.000000,logit_softcap=0.000000,prec=f32,type_K=f16,type_V=f16,permute=[0,2,1,3]): not supported [RD0] 
  FLASH_ATTN_EXT(hsk=40,hsv=40,nh=4,nr23=[4,3],kv=512,nb=32,mask=1,sinks=1,max_bias=0.000000,logit_softcap=0.000000,prec=f32,type_K=f16,type_V=f16,permute=[0,1,2,3]): not supported [RD0] 
  FLASH_ATTN_EXT(hsk=40,hsv=40,nh=4,nr23=[4,3],kv=512,nb=32,mask=1,sinks=1,max_bias=0.000000,logit_softcap=0.000000,prec=f32,type_K=f16,type_V=f16,permute=[0,2,1,3]): not supported [RD0] 
  FLASH_ATTN_EXT(hsk=40,hsv=40,nh=4,nr23=[4,3],kv=512,nb=75,mask=1,sinks=1,max_bias=0.000000,logit_softcap=0.000000,prec=f32,type_K=f16,type_V=f16,permute=[0,1,2,3]): not supported [RD0] 
  FLASH_ATTN_EXT(hsk=40,hsv=40,nh=4,nr23=[4,3],kv=512,nb=75,mask=1,sinks=1,max_bias=0.000000,logit_softcap=0.000000,prec=f32,type_K=f16,type_V=f16,permute=[0,2,1,3]): not supported [RD0] 
  FLASH_ATTN_EXT(hsk=40,hsv=40,nh=4,nr23=[1,1],kv=113,nb=1,mask=1,sinks=1,max_bias=8.000000,logit_softcap=0.000000,prec=f32,type_K=f16,type_V=f16,permute=[0,1,2,3]): not supported [RD0] 
  FLASH_ATTN_EXT(hsk=40,hsv=40,nh=4,nr23=[1,1],kv=113,nb=3,mask=1,sinks=1,max_bias=8.000000,logit_softcap=0.000000,prec=f32,type_K=f16,type_V=f16,permute=[0,1,2,3]): not supported [RD0] 
  FLASH_ATTN_EXT(hsk=40,hsv=40,nh=4,nr23=[1,1],kv=113,nb=32,mask=1,sinks=1,max_bias=8.000000,logit_softcap=0.000000,prec=f32,type_K=f16,type_V=f16,permute=[0,1,2,3]): not supported [RD0] 
  FLASH_ATTN_EXT(hsk=40,hsv=40,nh=4,nr23=[1,1],kv=113,nb=75,mask=1,sinks=1,max_bias=8.000000,logit_softcap=0.000000,prec=f32,type_K=f16,type_V=f16,permute=[0,1,2,3]): not supported [RD0] 
  FLASH_ATTN_EXT(hsk=40,hsv=40,nh=4,nr23=[1,1],kv=512,nb=1,mask=1,sinks=1,max_bias=8.000000,logit_softcap=0.000000,prec=f32,type_K=f16,type_V=f16,permute=[0,1,2,3]): not supported [RD0] 
  FLASH_ATTN_EXT(hsk=40,hsv=40,nh=4,nr23=[1,1],kv=512,nb=3,mask=1,sinks=1,max_bias=8.000000,logit_softcap=0.000000,prec=f32,type_K=f16,type_V=f16,permute=[0,1,2,3]): not supported [RD0] 
  FLASH_ATTN_EXT(hsk=40,hsv=40,nh=4,nr23=[1,1],kv=512,nb=32,mask=1,sinks=1,max_bias=8.000000,logit_softcap=0.000000,prec=f32,type_K=f16,type_V=f16,permute=[0,1,2,3]): not supported [RD0] 
  FLASH_ATTN_EXT(hsk=40,hsv=40,nh=4,nr23=[1,1],kv=512,nb=75,mask=1,sinks=1,max_bias=8.000000,logit_softcap=0.000000,prec=f32,type_K=f16,type_V=f16,permute=[0,1,2,3]): not supported [RD0] 
  FLASH_ATTN_EXT(hsk=40,hsv=40,nh=4,nr23=[1,1],kv=1024,nb=1,mask=1,sinks=1,max_bias=8.000000,logit_softcap=0.000000,prec=f32,type_K=f16,type_V=f16,permute=[0,1,2,3]): not supported [RD0] 
  FLASH_ATTN_EXT(hsk=40,hsv=40,nh=4,nr23=[1,1],kv=1024,nb=3,mask=1,sinks=1,max_bias=8.000000,logit_softcap=0.000000,prec=f32,type_K=f16,type_V=f16,permute=[0,1,2,3]): not supported [RD0] 
  FLASH_ATTN_EXT(hsk=40,hsv=40,nh=4,nr23=[1,1],kv=1024,nb=32,mask=1,sinks=1,max_bias=8.000000,logit_softcap=0.000000,prec=f32,type_K=f16,type_V=f16,permute=[0,1,2,3]): not supported [RD0] 
  FLASH_ATTN_EXT(hsk=40,hsv=40,nh=4,nr23=[1,1],kv=1024,nb=75,mask=1,sinks=1,max_bias=8.000000,logit_softcap=0.000000,prec=f32,type_K=f16,type_V=f16,permute=[0,1,2,3]): not supported [RD0] 
  FLASH_ATTN_EXT(hsk=40,hsv=40,nh=4,nr23=[4,1],kv=512,nb=1,mask=1,sinks=1,max_bias=8.000000,logit_softcap=0.000000,prec=f32,type_K=f16,type_V=f16,permute=[0,1,2,3]): not supported [RD0] 
  FLASH_ATTN_EXT(hsk=40,hsv=40,nh=4,nr23=[4,1],kv=512,nb=3,mask=1,sinks=1,max_bias=8.000000,logit_softcap=0.000000,prec=f32,type_K=f16,type_V=f16,permute=[0,1,2,3]): not supported [RD0] 
  FLASH_ATTN_EXT(hsk=40,hsv=40,nh=4,nr23=[4,1],kv=512,nb=32,mask=1,sinks=1,max_bias=8.000000,logit_softcap=0.000000,prec=f32,type_K=f16,type_V=f16,permute=[0,1,2,3]): not supported [RD0] 
  FLASH_ATTN_EXT(hsk=40,hsv=40,nh=4,nr23=[4,1],kv=512,nb=75,mask=1,sinks=1,max_bias=8.000000,logit_softcap=0.000000,prec=f32,type_K=f16,type_V=f16,permute=[0,1,2,3]): not supported [RD0] 
  FLASH_ATTN_EXT(hsk=40,hsv=40,nh=4,nr23=[1,3],kv=113,nb=1,mask=1,sinks=1,max_bias=8.000000,logit_softcap=0.000000,prec=f32,type_K=f16,type_V=f16,permute=[0,1,2,3]): not supported [RD0] 
  FLASH_ATTN_EXT(hsk=40,hsv=40,nh=4,nr23=[1,3],kv=113,nb=3,mask=1,sinks=1,max_bias=8.000000,logit_softcap=0.000000,prec=f32,type_K=f16,type_V=f16,permute=[0,1,2,3]): not supported [RD0] 
  FLASH_ATTN_EXT(hsk=40,hsv=40,nh=4,nr23=[1,3],kv=113,nb=32,mask=1,sinks=1,max_bias=8.000000,logit_softcap=0.000000,prec=f32,type_K=f16,type_V=f16,permute=[0,1,2,3]): not supported [RD0] 
  FLASH_ATTN_EXT(hsk=40,hsv=40,nh=4,nr23=[1,3],kv=113,nb=75,mask=1,sinks=1,max_bias=8.000000,logit_softcap=0.000000,prec=f32,type_K=f16,type_V=f16,permute=[0,1,2,3]): not supported [RD0] 
  FLASH_ATTN_EXT(hsk=40,hsv=40,nh=4,nr23=[1,3],kv=512,nb=1,mask=1,sinks=1,max_bias=8.000000,logit_softcap=0.000000,prec=f32,type_K=f16,type_V=f16,permute=[0,1,2,3]): not supported [RD0] 
  FLASH_ATTN_EXT(hsk=40,hsv=40,nh=4,nr23=[1,3],kv=512,nb=3,mask=1,sinks=1,max_bias=8.000000,logit_softcap=0.000000,prec=f32,type_K=f16,type_V=f16,permute=[0,1,2,3]): not supported [RD0] 
  FLASH_ATTN_EXT(hsk=40,hsv=40,nh=4,nr23=[1,3],kv=512,nb=32,mask=1,sinks=1,max_bias=8.000000,logit_softcap=0.000000,prec=f32,type_K=f16,type_V=f16,permute=[0,1,2,3]): not supported [RD0] 
  FLASH_ATTN_EXT(hsk=40,hsv=40,nh=4,nr23=[1,3],kv=512,nb=75,mask=1,sinks=1,max_bias=8.000000,logit_softcap=0.000000,prec=f32,type_K=f16,type_V=f16,permute=[0,1,2,3]): not supported [RD0] 
  FLASH_ATTN_EXT(hsk=40,hsv=40,nh=4,nr23=[1,3],kv=1024,nb=1,mask=1,sinks=1,max_bias=8.000000,logit_softcap=0.000000,prec=f32,type_K=f16,type_V=f16,permute=[0,1,2,3]): not supported [RD0] 
  FLASH_ATTN_EXT(hsk=40,hsv=40,nh=4,nr23=[1,3],kv=1024,nb=3,mask=1,sinks=1,max_bias=8.000000,logit_softcap=0.000000,prec=f32,type_K=f16,type_V=f16,permute=[0,1,2,3]): not supported [RD0] 
  FLASH_ATTN_EXT(hsk=40,hsv=40,nh=4,nr23=[1,3],kv=1024,nb=32,mask=1,sinks=1,max_bias=8.000000,logit_softcap=0.000000,prec=f32,type_K=f16,type_V=f16,permute=[0,1,2,3]): not supported [RD0] 
  FLASH_ATTN_EXT(hsk=40,hsv=40,nh=4,nr23=[1,3],kv=1024,nb=75,mask=1,sinks=1,max_bias=8.000000,logit_softcap=0.000000,prec=f32,type_K=f16,type_V=f16,permute=[0,1,2,3]): not supported [RD0] 
  FLASH_ATTN_EXT(hsk=40,hsv=40,nh=4,nr23=[4,3],kv=512,nb=1,mask=1,sinks=1,max_bias=8.000000,logit_softcap=0.000000,prec=f32,type_K=f16,type_V=f16,permute=[0,1,2,3]): not supported [RD0] 
  FLASH_ATTN_EXT(hsk=40,hsv=40,nh=4,nr23=[4,3],kv=512,nb=3,mask=1,sinks=1,max_bias=8.000000,logit_softcap=0.000000,prec=f32,type_K=f16,type_V=f16,permute=[0,1,2,3]): not supported [RD0] 
  FLASH_ATTN_EXT(hsk=40,hsv=40,nh=4,nr23=[4,3],kv=512,nb=32,mask=1,sinks=1,max_bias=8.000000,logit_softcap=0.000000,prec=f32,type_K=f16,type_V=f16,permute=[0,1,2,3]): not supported [RD0] 
  FLASH_ATTN_EXT(hsk=40,hsv=40,nh=4,nr23=[4,3],kv=512,nb=75,mask=1,sinks=1,max_bias=8.000000,logit_softcap=0.000000,prec=f32,type_K=f16,type_V=f16,permute=[0,1,2,3]): not supported [RD0] 
  FLASH_ATTN_EXT(hsk=40,hsv=40,nh=4,nr23=[1,1],kv=113,nb=1,mask=1,sinks=0,max_bias=0.000000,logit_softcap=0.000000,prec=f32,type_K=f16,type_V=f16,permute=[0,1,2,3]): not supported [RD0] 
  FLASH_ATTN_EXT(hsk=40,hsv=40,nh=4,nr23=[1,1],kv=113,nb=3,mask=1,sinks=0,max_bias=0.000000,logit_softcap=0.000000,prec=f32,type_K=f16,type_V=f16,permute=[0,1,2,3]): not supported [RD0] 
  FLASH_ATTN_EXT(hsk=40,hsv=40,nh=4,nr23=[1,1],kv=113,nb=32,mask=1,sinks=0,max_bias=0.000000,logit_softcap=0.000000,prec=f32,type_K=f16,type_V=f16,permute=[0,1,2,3]): not supported [RD0] 
  FLASH_ATTN_EXT(hsk=40,hsv=40,nh=4,nr23=[1,1],kv=113,nb=75,mask=1,sinks=0,max_bias=0.000000,logit_softcap=0.000000,prec=f32,type_K=f16,type_V=f16,permute=[0,1,2,3]): not supported [RD0] 
  FLASH_ATTN_EXT(hsk=40,hsv=40,nh=4,nr23=[1,1],kv=512,nb=1,mask=1,sinks=0,max_bias=0.000000,logit_softcap=0.000000,prec=f32,type_K=f16,type_V=f16,permute=[0,1,2,3]): not supported [RD0] 
  FLASH_ATTN_EXT(hsk=40,hsv=40,nh=4,nr23=[1,1],kv=512,nb=1,mask=1,sinks=0,max_bias=0.000000,logit_softcap=0.000000,prec=f32,type_K=f16,type_V=f16,permute=[0,2,1,3]): not supported [RD0] 
  FLASH_ATTN_EXT(hsk=40,hsv=40,nh=4,nr23=[1,1],kv=512,nb=3,mask=1,sinks=0,max_bias=0.000000,logit_softcap=0.000000,prec=f32,type_K=f16,type_V=f16,permute=[0,1,2,3]): not supported [RD0] 
  FLASH_ATTN_EXT(hsk=40,hsv=40,nh=4,nr23=[1,1],kv=512,nb=3,mask=1,sinks=0,max_bias=0.000000,logit_softcap=0.000000,prec=f32,type_K=f16,type_V=f16,permute=[0,2,1,3]): not supported [RD0] 
  FLASH_ATTN_EXT(hsk=40,hsv=40,nh=4,nr23=[1,1],kv=512,nb=32,mask=1,sinks=0,max_bias=0.000000,logit_softcap=0.000000,prec=f32,type_K=f16,type_V=f16,permute=[0,1,2,3]): not supported [RD0] 
  FLASH_ATTN_EXT(hsk=40,hsv=40,nh=4,nr23=[1,1],kv=512,nb=32,mask=1,sinks=0,max_bias=0.000000,logit_softcap=0.000000,prec=f32,type_K=f16,type_V=f16,permute=[0,2,1,3]): not supported [RD0] 
  FLASH_ATTN_EXT(hsk=40,hsv=40,nh=4,nr23=[1,1],kv=512,nb=75,mask=1,sinks=0,max_bias=0.000000,logit_softcap=0.000000,prec=f32,type_K=f16,type_V=f16,permute=[0,1,2,3]): not supported [RD0] 
  FLASH_ATTN_EXT(hsk=40,hsv=40,nh=4,nr23=[1,1],kv=512,nb=75,mask=1,sinks=0,max_bias=0.000000,logit_softcap=0.000000,prec=f32,type_K=f16,type_V=f16,permute=[0,2,1,3]): not supported [RD0] 
  FLASH_ATTN_EXT(hsk=40,hsv=40,nh=4,nr23=[1,1],kv=1024,nb=1,mask=1,sinks=0,max_bias=0.000000,logit_softcap=0.000000,prec=f32,type_K=f16,type_V=f16,permute=[0,1,2,3]): not supported [RD0] 
  FLASH_ATTN_EXT(hsk=40,hsv=40,nh=4,nr23=[1,1],kv=1024,nb=3,mask=1,sinks=0,max_bias=0.000000,logit_softcap=0.000000,prec=f32,type_K=f16,type_V=f16,permute=[0,1,2,3]): not supported [RD0] 
  FLASH_ATTN_EXT(hsk=40,hsv=40,nh=4,nr23=[1,1],kv=1024,nb=32,mask=1,sinks=0,max_bias=0.000000,logit_softcap=0.000000,prec=f32,type_K=f16,type_V=f16,permute=[0,1,2,3]): not supported [RD0] 
  FLASH_ATTN_EXT(hsk=40,hsv=40,nh=4,nr23=[1,1],kv=1024,nb=75,mask=1,sinks=0,max_bias=0.000000,logit_softcap=0.000000,prec=f32,type_K=f16,type_V=f16,permute=[0,1,2,3]): not supported [RD0] 
  FLASH_ATTN_EXT(hsk=40,hsv=40,nh=4,nr23=[4,1],kv=512,nb=1,mask=1,sinks=0,max_bias=0.000000,logit_softcap=0.000000,prec=f32,type_K=f16,type_V=f16,permute=[0,1,2,3]): not supported [RD0] 
  FLASH_ATTN_EXT(hsk=40,hsv=40,nh=4,nr23=[4,1],kv=512,nb=1,mask=1,sinks=0,max_bias=0.000000,logit_softcap=0.000000,prec=f32,type_K=f16,type_V=f16,permute=[0,2,1,3]): not supported [RD0] 
  FLASH_ATTN_EXT(hsk=40,hsv=40,nh=4,nr23=[4,1],kv=512,nb=3,mask=1,sinks=0,max_bias=0.000000,logit_softcap=0.000000,prec=f32,type_K=f16,type_V=f16,permute=[0,1,2,3]): not supported [RD0] 
  FLASH_ATTN_EXT(hsk=40,hsv=40,nh=4,nr23=[4,1],kv=512,nb=3,mask=1,sinks=0,max_bias=0.000000,logit_softcap=0.000000,prec=f32,type_K=f16,type_V=f16,permute=[0,2,1,3]): not supported [RD0] 
  FLASH_ATTN_EXT(hsk=40,hsv=40,nh=4,nr23=[4,1],kv=512,nb=32,mask=1,sinks=0,max_bias=0.000000,logit_softcap=0.000000,prec=f32,type_K=f16,type_V=f16,permute=[0,1,2,3]): not supported [RD0] 
  FLASH_ATTN_EXT(hsk=40,hsv=40,nh=4,nr23=[4,1],kv=512,nb=32,mask=1,sinks=0,max_bias=0.000000,logit_softcap=0.000000,prec=f32,type_K=f16,type_V=f16,permute=[0,2,1,3]): not supported [RD0] 
  FLASH_ATTN_EXT(hsk=40,hsv=40,nh=4,nr23=[4,1],kv=512,nb=75,mask=1,sinks=0,max_bias=0.000000,logit_softcap=0.000000,prec=f32,type_K=f16,type_V=f16,permute=[0,1,2,3]): not supported [RD0] 
  FLASH_ATTN_EXT(hsk=40,hsv=40,nh=4,nr23=[4,1],kv=512,nb=75,mask=1,sinks=0,max_bias=0.000000,logit_softcap=0.000000,prec=f32,type_K=f16,type_V=f16,permute=[0,2,1,3]): not supported [RD0] 
  FLASH_ATTN_EXT(hsk=40,hsv=40,nh=4,nr23=[1,3],kv=113,nb=1,mask=1,sinks=0,max_bias=0.000000,logit_softcap=0.000000,prec=f32,type_K=f16,type_V=f16,permute=[0,1,2,3]): not supported [RD0] 
  FLASH_ATTN_EXT(hsk=40,hsv=40,nh=4,nr23=[1,3],kv=113,nb=3,mask=1,sinks=0,max_bias=0.000000,logit_softcap=0.000000,prec=f32,type_K=f16,type_V=f16,permute=[0,1,2,3]): not supported [RD0] 
  FLASH_ATTN_EXT(hsk=40,hsv=40,nh=4,nr23=[1,3],kv=113,nb=32,mask=1,sinks=0,max_bias=0.000000,logit_softcap=0.000000,prec=f32,type_K=f16,type_V=f16,permute=[0,1,2,3]): not supported [RD0] 
  FLASH_ATTN_EXT(hsk=40,hsv=40,nh=4,nr23=[1,3],kv=113,nb=75,mask=1,sinks=0,max_bias=0.000000,logit_softcap=0.000000,prec=f32,type_K=f16,type_V=f16,permute=[0,1,2,3]): not supported [RD0] 
  FLASH_ATTN_EXT(hsk=40,hsv=40,nh=4,nr23=[1,3],kv=512,nb=1,mask=1,sinks=0,max_bias=0.000000,logit_softcap=0.000000,prec=f32,type_K=f16,type_V=f16,permute=[0,1,2,3]): not supported [RD0] 
  FLASH_ATTN_EXT(hsk=40,hsv=40,nh=4,nr23=[1,3],kv=512,nb=1,mask=1,sinks=0,max_bias=0.000000,logit_softcap=0.000000,prec=f32,type_K=f16,type_V=f16,permute=[0,2,1,3]): not supported [RD0] 
  FLASH_ATTN_EXT(hsk=40,hsv=40,nh=4,nr23=[1,3],kv=512,nb=3,mask=1,sinks=0,max_bias=0.000000,logit_softcap=0.000000,prec=f32,type_K=f16,type_V=f16,permute=[0,1,2,3]): not supported [RD0] 
  FLASH_ATTN_EXT(hsk=40,hsv=40,nh=4,nr23=[1,3],kv=512,nb=3,mask=1,sinks=0,max_bias=0.000000,logit_softcap=0.000000,prec=f32,type_K=f16,type_V=f16,permute=[0,2,1,3]): not supported [RD0] 
  FLASH_ATTN_EXT(hsk=40,hsv=40,nh=4,nr23=[1,3],kv=512,nb=32,mask=1,sinks=0,max_bias=0.000000,logit_softcap=0.000000,prec=f32,type_K=f16,type_V=f16,permute=[0,1,2,3]): not supported [RD0] 
  FLASH_ATTN_EXT(hsk=40,hsv=40,nh=4,nr23=[1,3],kv=512,nb=32,mask=1,sinks=0,max_bias=0.000000,logit_softcap=0.000000,prec=f32,type_K=f16,type_V=f16,permute=[0,2,1,3]): not supported [RD0] 
  FLASH_ATTN_EXT(hsk=40,hsv=40,nh=4,nr23=[1,3],kv=512,nb=75,mask=1,sinks=0,max_bias=0.000000,logit_softcap=0.000000,prec=f32,type_K=f16,type_V=f16,permute=[0,1,2,3]): not supported [RD0] 
  FLASH_ATTN_EXT(hsk=40,hsv=40,nh=4,nr23=[1,3],kv=512,nb=75,mask=1,sinks=0,max_bias=0.000000,logit_softcap=0.000000,prec=f32,type_K=f16,type_V=f16,permute=[0,2,1,3]): not supported [RD0] 
  FLASH_ATTN_EXT(hsk=40,hsv=40,nh=4,nr23=[1,3],kv=1024,nb=1,mask=1,sinks=0,max_bias=0.000000,logit_softcap=0.000000,prec=f32,type_K=f16,type_V=f16,permute=[0,1,2,3]): not supported [RD0] 
  FLASH_ATTN_EXT(hsk=40,hsv=40,nh=4,nr23=[1,3],kv=1024,nb=3,mask=1,sinks=0,max_bias=0.000000,logit_softcap=0.000000,prec=f32,type_K=f16,type_V=f16,permute=[0,1,2,3]): not supported [RD0] 
  FLASH_ATTN_EXT(hsk=40,hsv=40,nh=4,nr23=[1,3],kv=1024,nb=32,mask=1,sinks=0,max_bias=0.000000,logit_softcap=0.000000,prec=f32,type_K=f16,type_V=f16,permute=[0,1,2,3]): not supported [RD0] 
  FLASH_ATTN_EXT(hsk=40,hsv=40,nh=4,nr23=[1,3],kv=1024,nb=75,mask=1,sinks=0,max_bias=0.000000,logit_softcap=0.000000,prec=f32,type_K=f16,type_V=f16,permute=[0,1,2,3]): not supported [RD0] 
  FLASH_ATTN_EXT(hsk=40,hsv=40,nh=4,nr23=[4,3],kv=512,nb=1,mask=1,sinks=0,max_bias=0.000000,logit_softcap=0.000000,prec=f32,type_K=f16,type_V=f16,permute=[0,1,2,3]): not supported [RD0] 
  FLASH_ATTN_EXT(hsk=40,hsv=40,nh=4,nr23=[4,3],kv=512,nb=1,mask=1,sinks=0,max_bias=0.000000,logit_softcap=0.000000,prec=f32,type_K=f16,type_V=f16,permute=[0,2,1,3]): not supported [RD0] 
  FLASH_ATTN_EXT(hsk=40,hsv=40,nh=4,nr23=[4,3],kv=512,nb=3,mask=1,sinks=0,max_bias=0.000000,logit_softcap=0.000000,prec=f32,type_K=f16,type_V=f16,permute=[0,1,2,3]): not supported [RD0] 
  FLASH_ATTN_EXT(hsk=40,hsv=40,nh=4,nr23=[4,3],kv=512,nb=3,mask=1,sinks=0,max_bias=0.000000,logit_softcap=0.000000,prec=f32,type_K=f16,type_V=f16,permute=[0,2,1,3]): not supported [RD0] 
  FLASH_ATTN_EXT(hsk=40,hsv=40,nh=4,nr23=[4,3],kv=512,nb=32,mask=1,sinks=0,max_bias=0.000000,logit_softcap=0.000000,prec=f32,type_K=f16,type_V=f16,permute=[0,1,2,3]): not supported [RD0] 
  FLASH_ATTN_EXT(hsk=40,hsv=40,nh=4,nr23=[4,3],kv=512,nb=32,mask=1,sinks=0,max_bias=0.000000,logit_softcap=0.000000,prec=f32,type_K=f16,type_V=f16,permute=[0,2,1,3]): not supported [RD0] 
  FLASH_ATTN_EXT(hsk=40,hsv=40,nh=4,nr23=[4,3],kv=512,nb=75,mask=1,sinks=0,max_bias=0.000000,logit_softcap=0.000000,prec=f32,type_K=f16,type_V=f16,permute=[0,1,2,3]): not supported [RD0] 
  FLASH_ATTN_EXT(hsk=40,hsv=40,nh=4,nr23=[4,3],kv=512,nb=75,mask=1,sinks=0,max_bias=0.000000,logit_softcap=0.000000,prec=f32,type_K=f16,type_V=f16,permute=[0,2,1,3]): not supported [RD0] 
  FLASH_ATTN_EXT(hsk=40,hsv=40,nh=4,nr23=[1,1],kv=113,nb=1,mask=1,sinks=0,max_bias=8.000000,logit_softcap=0.000000,prec=f32,type_K=f16,type_V=f16,permute=[0,1,2,3]): not supported [RD0] 
  FLASH_ATTN_EXT(hsk=40,hsv=40,nh=4,nr23=[1,1],kv=113,nb=3,mask=1,sinks=0,max_bias=8.000000,logit_softcap=0.000000,prec=f32,type_K=f16,type_V=f16,permute=[0,1,2,3]): not supported [RD0] 
  FLASH_ATTN_EXT(hsk=40,hsv=40,nh=4,nr23=[1,1],kv=113,nb=32,mask=1,sinks=0,max_bias=8.000000,logit_softcap=0.000000,prec=f32,type_K=f16,type_V=f16,permute=[0,1,2,3]): not supported [RD0] 
  FLASH_ATTN_EXT(hsk=40,hsv=40,nh=4,nr23=[1,1],kv=113,nb=75,mask=1,sinks=0,max_bias=8.000000,logit_softcap=0.000000,prec=f32,type_K=f16,type_V=f16,permute=[0,1,2,3]): not supported [RD0] 
  FLASH_ATTN_EXT(hsk=40,hsv=40,nh=4,nr23=[1,1],kv=512,nb=1,mask=1,sinks=0,max_bias=8.000000,logit_softcap=0.000000,prec=f32,type_K=f16,type_V=f16,permute=[0,1,2,3]): not supported [RD0] 
  FLASH_ATTN_EXT(hsk=40,hsv=40,nh=4,nr23=[1,1],kv=512,nb=3,mask=1,sinks=0,max_bias=8.000000,logit_softcap=0.000000,prec=f32,type_K=f16,type_V=f16,permute=[0,1,2,3]): not supported [RD0] 
  FLASH_ATTN_EXT(hsk=40,hsv=40,nh=4,nr23=[1,1],kv=512,nb=32,mask=1,sinks=0,max_bias=8.000000,logit_softcap=0.000000,prec=f32,type_K=f16,type_V=f16,permute=[0,1,2,3]): not supported [RD0] 
  FLASH_ATTN_EXT(hsk=40,hsv=40,nh=4,nr23=[1,1],kv=512,nb=75,mask=1,sinks=0,max_bias=8.000000,logit_softcap=0.000000,prec=f32,type_K=f16,type_V=f16,permute=[0,1,2,3]): not supported [RD0] 
  FLASH_ATTN_EXT(hsk=40,hsv=40,nh=4,nr23=[1,1],kv=1024,nb=1,mask=1,sinks=0,max_bias=8.000000,logit_softcap=0.000000,prec=f32,type_K=f16,type_V=f16,permute=[0,1,2,3]): not supported [RD0] 
  FLASH_ATTN_EXT(hsk=40,hsv=40,nh=4,nr23=[1,1],kv=1024,nb=3,mask=1,sinks=0,max_bias=8.000000,logit_softcap=0.000000,prec=f32,type_K=f16,type_V=f16,permute=[0,1,2,3]): not supported [RD0] 
  FLASH_ATTN_EXT(hsk=40,hsv=40,nh=4,nr23=[1,1],kv=1024,nb=32,mask=1,sinks=0,max_bias=8.000000,logit_softcap=0.000000,prec=f32,type_K=f16,type_V=f16,permute=[0,1,2,3]): not supported [RD0] 
  FLASH_ATTN_EXT(hsk=40,hsv=40,nh=4,nr23=[1,1],kv=1024,nb=75,mask=1,sinks=0,max_bias=8.000000,logit_softcap=0.000000,prec=f32,type_K=f16,type_V=f16,permute=[0,1,2,3]): not supported [RD0] 
  FLASH_ATTN_EXT(hsk=40,hsv=40,nh=4,nr23=[4,1],kv=512,nb=1,mask=1,sinks=0,max_bias=8.000000,logit_softcap=0.000000,prec=f32,type_K=f16,type_V=f16,permute=[0,1,2,3]): not supported [RD0] 
  FLASH_ATTN_EXT(hsk=40,hsv=40,nh=4,nr23=[4,1],kv=512,nb=3,mask=1,sinks=0,max_bias=8.000000,logit_softcap=0.000000,prec=f32,type_K=f16,type_V=f16,permute=[0,1,2,3]): not supported [RD0] 
  FLASH_ATTN_EXT(hsk=40,hsv=40,nh=4,nr23=[4,1],kv=512,nb=32,mask=1,sinks=0,max_bias=8.000000,logit_softcap=0.000000,prec=f32,type_K=f16,type_V=f16,permute=[0,1,2,3]): not supported [RD0] 
  FLASH_ATTN_EXT(hsk=40,hsv=40,nh=4,nr23=[4,1],kv=512,nb=75,mask=1,sinks=0,max_bias=8.000000,logit_softcap=0.000000,prec=f32,type_K=f16,type_V=f16,permute=[0,1,2,3]): not supported [RD0] 
  FLASH_ATTN_EXT(hsk=40,hsv=40,nh=4,nr23=[1,3],kv=113,nb=1,mask=1,sinks=0,max_bias=8.000000,logit_softcap=0.000000,prec=f32,type_K=f16,type_V=f16,permute=[0,1,2,3]): not supported [RD0] 
  FLASH_ATTN_EXT(hsk=40,hsv=40,nh=4,nr23=[1,3],kv=113,nb=3,mask=1,sinks=0,max_bias=8.000000,logit_softcap=0.000000,prec=f32,type_K=f16,type_V=f16,permute=[0,1,2,3]): not supported [RD0] 
  FLASH_ATTN_EXT(hsk=40,hsv=40,nh=4,nr23=[1,3],kv=113,nb=32,mask=1,sinks=0,max_bias=8.000000,logit_softcap=0.000000,prec=f32,type_K=f16,type_V=f16,permute=[0,1,2,3]): not supported [RD0] 
  FLASH_ATTN_EXT(hsk=40,hsv=40,nh=4,nr23=[1,3],kv=113,nb=75,mask=1,sinks=0,max_bias=8.000000,logit_softcap=0.000000,prec=f32,type_K=f16,type_V=f16,permute=[0,1,2,3]): not supported [RD0] 
  FLASH_ATTN_EXT(hsk=40,hsv=40,nh=4,nr23=[1,3],kv=512,nb=1,mask=1,sinks=0,max_bias=8.000000,logit_softcap=0.000000,prec=f32,type_K=f16,type_V=f16,permute=[0,1,2,3]): not supported [RD0] 
  FLASH_ATTN_EXT(hsk=40,hsv=40,nh=4,nr23=[1,3],kv=512,nb=3,mask=1,sinks=0,max_bias=8.000000,logit_softcap=0.000000,prec=f32,type_K=f16,type_V=f16,permute=[0,1,2,3]): not supported [RD0] 
  FLASH_ATTN_EXT(hsk=40,hsv=40,nh=4,nr23=[1,3],kv=512,nb=32,mask=1,sinks=0,max_bias=8.000000,logit_softcap=0.000000,prec=f32,type_K=f16,type_V=f16,permute=[0,1,2,3]): not supported [RD0] 
  FLASH_ATTN_EXT(hsk=40,hsv=40,nh=4,nr23=[1,3],kv=512,nb=75,mask=1,sinks=0,max_bias=8.000000,logit_softcap=0.000000,prec=f32,type_K=f16,type_V=f16,permute=[0,1,2,3]): not supported [RD0] 
  FLASH_ATTN_EXT(hsk=40,hsv=40,nh=4,nr23=[1,3],kv=1024,nb=1,mask=1,sinks=0,max_bias=8.000000,logit_softcap=0.000000,prec=f32,type_K=f16,type_V=f16,permute=[0,1,2,3]): not supported [RD0] 
  FLASH_ATTN_EXT(hsk=40,hsv=40,nh=4,nr23=[1,3],kv=1024,nb=3,mask=1,sinks=0,max_bias=8.000000,logit_softcap=0.000000,prec=f32,type_K=f16,type_V=f16,permute=[0,1,2,3]): not supported [RD0] 
  FLASH_ATTN_EXT(hsk=40,hsv=40,nh=4,nr23=[1,3],kv=1024,nb=32,mask=1,sinks=0,max_bias=8.000000,logit_softcap=0.000000,prec=f32,type_K=f16,type_V=f16,permute=[0,1,2,3]): not supported [RD0] 
  FLASH_ATTN_EXT(hsk=40,hsv=40,nh=4,nr23=[1,3],kv=1024,nb=75,mask=1,sinks=0,max_bias=8.000000,logit_softcap=0.000000,prec=f32,type_K=f16,type_V=f16,permute=[0,1,2,3]): not supported [RD0] 
  FLASH_ATTN_EXT(hsk=40,hsv=40,nh=4,nr23=[4,3],kv=512,nb=1,mask=1,sinks=0,max_bias=8.000000,logit_softcap=0.000000,prec=f32,type_K=f16,type_V=f16,permute=[0,1,2,3]): not supported [RD0] 
  FLASH_ATTN_EXT(hsk=40,hsv=40,nh=4,nr23=[4,3],kv=512,nb=3,mask=1,sinks=0,max_bias=8.000000,logit_softcap=0.000000,prec=f32,type_K=f16,type_V=f16,permute=[0,1,2,3]): not supported [RD0] 
  FLASH_ATTN_EXT(hsk=40,hsv=40,nh=4,nr23=[4,3],kv=512,nb=32,mask=1,sinks=0,max_bias=8.000000,logit_softcap=0.000000,prec=f32,type_K=f16,type_V=f16,permute=[0,1,2,3]): not supported [RD0] 
  FLASH_ATTN_EXT(hsk=40,hsv=40,nh=4,nr23=[4,3],kv=512,nb=75,mask=1,sinks=0,max_bias=8.000000,logit_softcap=0.000000,prec=f32,type_K=f16,type_V=f16,permute=[0,1,2,3]): not supported [RD0] 
  FLASH_ATTN_EXT(hsk=40,hsv=40,nh=4,nr23=[1,1],kv=113,nb=1,mask=0,sinks=1,max_bias=0.000000,logit_softcap=0.000000,prec=f32,type_K=f16,type_V=f16,permute=[0,1,2,3]): not supported [RD0] 
  FLASH_ATTN_EXT(hsk=40,hsv=40,nh=4,nr23=[1,1],kv=113,nb=3,mask=0,sinks=1,max_bias=0.000000,logit_softcap=0.000000,prec=f32,type_K=f16,type_V=f16,permute=[0,1,2,3]): not supported [RD0] 
  FLASH_ATTN_EXT(hsk=40,hsv=40,nh=4,nr23=[1,1],kv=113,nb=32,mask=0,sinks=1,max_bias=0.000000,logit_softcap=0.000000,prec=f32,type_K=f16,type_V=f16,permute=[0,1,2,3]): not supported [RD0] 
  FLASH_ATTN_EXT(hsk=40,hsv=40,nh=4,nr23=[1,1],kv=113,nb=75,mask=0,sinks=1,max_bias=0.000000,logit_softcap=0.000000,prec=f32,type_K=f16,type_V=f16,permute=[0,1,2,3]): not supported [RD0] 
  FLASH_ATTN_EXT(hsk=40,hsv=40,nh=4,nr23=[1,1],kv=512,nb=1,mask=0,sinks=1,max_bias=0.000000,logit_softcap=0.000000,prec=f32,type_K=f16,type_V=f16,permute=[0,1,2,3]): not supported [RD0] 
  FLASH_ATTN_EXT(hsk=40,hsv=40,nh=4,nr23=[1,1],kv=512,nb=3,mask=0,sinks=1,max_bias=0.000000,logit_softcap=0.000000,prec=f32,type_K=f16,type_V=f16,permute=[0,1,2,3]): not supported [RD0] 
  FLASH_ATTN_EXT(hsk=40,hsv=40,nh=4,nr23=[1,1],kv=512,nb=32,mask=0,sinks=1,max_bias=0.000000,logit_softcap=0.000000,prec=f32,type_K=f16,type_V=f16,permute=[0,1,2,3]): not supported [RD0] 
  FLASH_ATTN_EXT(hsk=40,hsv=40,nh=4,nr23=[1,1],kv=512,nb=75,mask=0,sinks=1,max_bias=0.000000,logit_softcap=0.000000,prec=f32,type_K=f16,type_V=f16,permute=[0,1,2,3]): not supported [RD0] 
  FLASH_ATTN_EXT(hsk=40,hsv=40,nh=4,nr23=[1,1],kv=1024,nb=1,mask=0,sinks=1,max_bias=0.000000,logit_softcap=0.000000,prec=f32,type_K=f16,type_V=f16,permute=[0,1,2,3]): not supported [RD0] 
  FLASH_ATTN_EXT(hsk=40,hsv=40,nh=4,nr23=[1,1],kv=1024,nb=3,mask=0,sinks=1,max_bias=0.000000,logit_softcap=0.000000,prec=f32,type_K=f16,type_V=f16,permute=[0,1,2,3]): not supported [RD0] 
  FLASH_ATTN_EXT(hsk=40,hsv=40,nh=4,nr23=[1,1],kv=1024,nb=32,mask=0,sinks=1,max_bias=0.000000,logit_softcap=0.000000,prec=f32,type_K=f16,type_V=f16,permute=[0,1,2,3]): not supported [RD0] 
  FLASH_ATTN_EXT(hsk=40,hsv=40,nh=4,nr23=[1,1],kv=1024,nb=75,mask=0,sinks=1,max_bias=0.000000,logit_softcap=0.000000,prec=f32,type_K=f16,type_V=f16,permute=[0,1,2,3]): not supported [RD0] 
  FLASH_ATTN_EXT(hsk=40,hsv=40,nh=4,nr23=[4,1],kv=512,nb=1,mask=0,sinks=1,max_bias=0.000000,logit_softcap=0.000000,prec=f32,type_K=f16,type_V=f16,permute=[0,1,2,3]): not supported [RD0] 
  FLASH_ATTN_EXT(hsk=40,hsv=40,nh=4,nr23=[4,1],kv=512,nb=3,mask=0,sinks=1,max_bias=0.000000,logit_softcap=0.000000,prec=f32,type_K=f16,type_V=f16,permute=[0,1,2,3]): not supported [RD0] 
  FLASH_ATTN_EXT(hsk=40,hsv=40,nh=4,nr23=[4,1],kv=512,nb=32,mask=0,sinks=1,max_bias=0.000000,logit_softcap=0.000000,prec=f32,type_K=f16,type_V=f16,permute=[0,1,2,3]): not supported [RD0] 
  FLASH_ATTN_EXT(hsk=40,hsv=40,nh=4,nr23=[4,1],kv=512,nb=75,mask=0,sinks=1,max_bias=0.000000,logit_softcap=0.000000,prec=f32,type_K=f16,type_V=f16,permute=[0,1,2,3]): not supported [RD0] 
  FLASH_ATTN_EXT(hsk=40,hsv=40,nh=4,nr23=[1,3],kv=113,nb=1,mask=0,sinks=1,max_bias=0.000000,logit_softcap=0.000000,prec=f32,type_K=f16,type_V=f16,permute=[0,1,2,3]): not supported [RD0] 
  FLASH_ATTN_EXT(hsk=40,hsv=40,nh=4,nr23=[1,3],kv=113,nb=3,mask=0,sinks=1,max_bias=0.000000,logit_softcap=0.000000,prec=f32,type_K=f16,type_V=f16,permute=[0,1,2,3]): not supported [RD0] 
  FLASH_ATTN_EXT(hsk=40,hsv=40,nh=4,nr23=[1,3],kv=113,nb=32,mask=0,sinks=1,max_bias=0.000000,logit_softcap=0.000000,prec=f32,type_K=f16,type_V=f16,permute=[0,1,2,3]): not supported [RD0] 
  FLASH_ATTN_EXT(hsk=40,hsv=40,nh=4,nr23=[1,3],kv=113,nb=75,mask=0,sinks=1,max_bias=0.000000,logit_softcap=0.000000,prec=f32,type_K=f16,type_V=f16,permute=[0,1,2,3]): not supported [RD0] 
  FLASH_ATTN_EXT(hsk=40,hsv=40,nh=4,nr23=[1,3],kv=512,nb=1,mask=0,sinks=1,max_bias=0.000000,logit_softcap=0.000000,prec=f32,type_K=f16,type_V=f16,permute=[0,1,2,3]): not supported [RD0] 
  FLASH_ATTN_EXT(hsk=40,hsv=40,nh=4,nr23=[1,3],kv=512,nb=3,mask=0,sinks=1,max_bias=0.000000,logit_softcap=0.000000,prec=f32,type_K=f16,type_V=f16,permute=[0,1,2,3]): not supported [RD0] 
  FLASH_ATTN_EXT(hsk=40,hsv=40,nh=4,nr23=[1,3],kv=512,nb=32,mask=0,sinks=1,max_bias=0.000000,logit_softcap=0.000000,prec=f32,type_K=f16,type_V=f16,permute=[0,1,2,3]): not supported [RD0] 
  FLASH_ATTN_EXT(hsk=40,hsv=40,nh=4,nr23=[1,3],kv=512,nb=75,mask=0,sinks=1,max_bias=0.000000,logit_softcap=0.000000,prec=f32,type_K=f16,type_V=f16,permute=[0,1,2,3]): not supported [RD0] 
  FLASH_ATTN_EXT(hsk=40,hsv=40,nh=4,nr23=[1,3],kv=1024,nb=1,mask=0,sinks=1,max_bias=0.000000,logit_softcap=0.000000,prec=f32,type_K=f16,type_V=f16,permute=[0,1,2,3]): not supported [RD0] 
  FLASH_ATTN_EXT(hsk=40,hsv=40,nh=4,nr23=[1,3],kv=1024,nb=3,mask=0,sinks=1,max_bias=0.000000,logit_softcap=0.000000,prec=f32,type_K=f16,type_V=f16,permute=[0,1,2,3]): not supported [RD0] 
  FLASH_ATTN_EXT(hsk=40,hsv=40,nh=4,nr23=[1,3],kv=1024,nb=32,mask=0,sinks=1,max_bias=0.000000,logit_softcap=0.000000,prec=f32,type_K=f16,type_V=f16,permute=[0,1,2,3]): not supported [RD0] 
  FLASH_ATTN_EXT(hsk=40,hsv=40,nh=4,nr23=[1,3],kv=1024,nb=75,mask=0,sinks=1,max_bias=0.000000,logit_softcap=0.000000,prec=f32,type_K=f16,type_V=f16,permute=[0,1,2,3]): not supported [RD0] 
  FLASH_ATTN_EXT(hsk=40,hsv=40,nh=4,nr23=[4,3],kv=512,nb=1,mask=0,sinks=1,max_bias=0.000000,logit_softcap=0.000000,prec=f32,type_K=f16,type_V=f16,permute=[0,1,2,3]): not supported [RD0] 
  FLASH_ATTN_EXT(hsk=40,hsv=40,nh=4,nr23=[4,3],kv=512,nb=3,mask=0,sinks=1,max_bias=0.000000,logit_softcap=0.000000,prec=f32,type_K=f16,type_V=f16,permute=[0,1,2,3]): not supported [RD0] 
  FLASH_ATTN_EXT(hsk=40,hsv=40,nh=4,nr23=[4,3],kv=512,nb=32,mask=0,sinks=1,max_bias=0.000000,logit_softcap=0.000000,prec=f32,type_K=f16,type_V=f16,permute=[0,1,2,3]): not supported [RD0] 
  FLASH_ATTN_EXT(hsk=40,hsv=40,nh=4,nr23=[4,3],kv=512,nb=75,mask=0,sinks=1,max_bias=0.000000,logit_softcap=0.000000,prec=f32,type_K=f16,type_V=f16,permute=[0,1,2,3]): not supported [RD0] 
  FLASH_ATTN_EXT(hsk=40,hsv=40,nh=4,nr23=[1,1],kv=113,nb=1,mask=0,sinks=0,max_bias=0.000000,logit_softcap=0.000000,prec=f32,type_K=f16,type_V=f16,permute=[0,1,2,3]): not supported [RD0] 
  FLASH_ATTN_EXT(hsk=40,hsv=40,nh=4,nr23=[1,1],kv=113,nb=3,mask=0,sinks=0,max_bias=0.000000,logit_softcap=0.000000,prec=f32,type_K=f16,type_V=f16,permute=[0,1,2,3]): not supported [RD0] 
  FLASH_ATTN_EXT(hsk=40,hsv=40,nh=4,nr23=[1,1],kv=113,nb=32,mask=0,sinks=0,max_bias=0.000000,logit_softcap=0.000000,prec=f32,type_K=f16,type_V=f16,permute=[0,1,2,3]): not supported [RD0] 
  FLASH_ATTN_EXT(hsk=40,hsv=40,nh=4,nr23=[1,1],kv=113,nb=75,mask=0,sinks=0,max_bias=0.000000,logit_softcap=0.000000,prec=f32,type_K=f16,type_V=f16,permute=[0,1,2,3]): not supported [RD0] 
  FLASH_ATTN_EXT(hsk=40,hsv=40,nh=4,nr23=[1,1],kv=512,nb=1,mask=0,sinks=0,max_bias=0.000000,logit_softcap=0.000000,prec=f32,type_K=f16,type_V=f16,permute=[0,1,2,3]): not supported [RD0] 
  FLASH_ATTN_EXT(hsk=40,hsv=40,nh=4,nr23=[1,1],kv=512,nb=3,mask=0,sinks=0,max_bias=0.000000,logit_softcap=0.000000,prec=f32,type_K=f16,type_V=f16,permute=[0,1,2,3]): not supported [RD0] 
  FLASH_ATTN_EXT(hsk=40,hsv=40,nh=4,nr23=[1,1],kv=512,nb=32,mask=0,sinks=0,max_bias=0.000000,logit_softcap=0.000000,prec=f32,type_K=f16,type_V=f16,permute=[0,1,2,3]): not supported [RD0] 
  FLASH_ATTN_EXT(hsk=40,hsv=40,nh=4,nr23=[1,1],kv=512,nb=75,mask=0,sinks=0,max_bias=0.000000,logit_softcap=0.000000,prec=f32,type_K=f16,type_V=f16,permute=[0,1,2,3]): not supported [RD0] 
  FLASH_ATTN_EXT(hsk=40,hsv=40,nh=4,nr23=[1,1],kv=1024,nb=1,mask=0,sinks=0,max_bias=0.000000,logit_softcap=0.000000,prec=f32,type_K=f16,type_V=f16,permute=[0,1,2,3]): not supported [RD0] 
  FLASH_ATTN_EXT(hsk=40,hsv=40,nh=4,nr23=[1,1],kv=1024,nb=3,mask=0,sinks=0,max_bias=0.000000,logit_softcap=0.000000,prec=f32,type_K=f16,type_V=f16,permute=[0,1,2,3]): not supported [RD0] 
  FLASH_ATTN_EXT(hsk=40,hsv=40,nh=4,nr23=[1,1],kv=1024,nb=32,mask=0,sinks=0,max_bias=0.000000,logit_softcap=0.000000,prec=f32,type_K=f16,type_V=f16,permute=[0,1,2,3]): not supported [RD0] 
  FLASH_ATTN_EXT(hsk=40,hsv=40,nh=4,nr23=[1,1],kv=1024,nb=75,mask=0,sinks=0,max_bias=0.000000,logit_softcap=0.000000,prec=f32,type_K=f16,type_V=f16,permute=[0,1,2,3]): not supported [RD0] 
  FLASH_ATTN_EXT(hsk=40,hsv=40,nh=4,nr23=[4,1],kv=512,nb=1,mask=0,sinks=0,max_bias=0.000000,logit_softcap=0.000000,prec=f32,type_K=f16,type_V=f16,permute=[0,1,2,3]): not supported [RD0] 
  FLASH_ATTN_EXT(hsk=40,hsv=40,nh=4,nr23=[4,1],kv=512,nb=3,mask=0,sinks=0,max_bias=0.000000,logit_softcap=0.000000,prec=f32,type_K=f16,type_V=f16,permute=[0,1,2,3]): not supported [RD0] 
  FLASH_ATTN_EXT(hsk=40,hsv=40,nh=4,nr23=[4,1],kv=512,nb=32,mask=0,sinks=0,max_bias=0.000000,logit_softcap=0.000000,prec=f32,type_K=f16,type_V=f16,permute=[0,1,2,3]): not supported [RD0] 
  FLASH_ATTN_EXT(hsk=40,hsv=40,nh=4,nr23=[4,1],kv=512,nb=75,mask=0,sinks=0,max_bias=0.000000,logit_softcap=0.000000,prec=f32,type_K=f16,type_V=f16,permute=[0,1,2,3]): not supported [RD0] 
  FLASH_ATTN_EXT(hsk=40,hsv=40,nh=4,nr23=[1,3],kv=113,nb=1,mask=0,sinks=0,max_bias=0.000000,logit_softcap=0.000000,prec=f32,type_K=f16,type_V=f16,permute=[0,1,2,3]): not supported [RD0] 
  FLASH_ATTN_EXT(hsk=40,hsv=40,nh=4,nr23=[1,3],kv=113,nb=3,mask=0,sinks=0,max_bias=0.000000,logit_softcap=0.000000,prec=f32,type_K=f16,type_V=f16,permute=[0,1,2,3]): not supported [RD0] 
  FLASH_ATTN_EXT(hsk=40,hsv=40,nh=4,nr23=[1,3],kv=113,nb=32,mask=0,sinks=0,max_bias=0.000000,logit_softcap=0.000000,prec=f32,type_K=f16,type_V=f16,permute=[0,1,2,3]): not supported [RD0] 
  FLASH_ATTN_EXT(hsk=40,hsv=40,nh=4,nr23=[1,3],kv=113,nb=75,mask=0,sinks=0,max_bias=0.000000,logit_softcap=0.000000,prec=f32,type_K=f16,type_V=f16,permute=[0,1,2,3]): not supported [RD0] 
  FLASH_ATTN_EXT(hsk=40,hsv=40,nh=4,nr23=[1,3],kv=512,nb=1,mask=0,sinks=0,max_bias=0.000000,logit_softcap=0.000000,prec=f32,type_K=f16,type_V=f16,permute=[0,1,2,3]): not supported [RD0] 
  FLASH_ATTN_EXT(hsk=40,hsv=40,nh=4,nr23=[1,3],kv=512,nb=3,mask=0,sinks=0,max_bias=0.000000,logit_softcap=0.000000,prec=f32,type_K=f16,type_V=f16,permute=[0,1,2,3]): not supported [RD0] 
  FLASH_ATTN_EXT(hsk=40,hsv=40,nh=4,nr23=[1,3],kv=512,nb=32,mask=0,sinks=0,max_bias=0.000000,logit_softcap=0.000000,prec=f32,type_K=f16,type_V=f16,permute=[0,1,2,3]): not supported [RD0] 
  FLASH_ATTN_EXT(hsk=40,hsv=40,nh=4,nr23=[1,3],kv=512,nb=75,mask=0,sinks=0,max_bias=0.000000,logit_softcap=0.000000,prec=f32,type_K=f16,type_V=f16,permute=[0,1,2,3]): not supported [RD0] 
  FLASH_ATTN_EXT(hsk=40,hsv=40,nh=4,nr23=[1,3],kv=1024,nb=1,mask=0,sinks=0,max_bias=0.000000,logit_softcap=0.000000,prec=f32,type_K=f16,type_V=f16,permute=[0,1,2,3]): not supported [RD0] 
  FLASH_ATTN_EXT(hsk=40,hsv=40,nh=4,nr23=[1,3],kv=1024,nb=3,mask=0,sinks=0,max_bias=0.000000,logit_softcap=0.000000,prec=f32,type_K=f16,type_V=f16,permute=[0,1,2,3]): not supported [RD0] 
  FLASH_ATTN_EXT(hsk=40,hsv=40,nh=4,nr23=[1,3],kv=1024,nb=32,mask=0,sinks=0,max_bias=0.000000,logit_softcap=0.000000,prec=f32,type_K=f16,type_V=f16,permute=[0,1,2,3]): not supported [RD0] 
  FLASH_ATTN_EXT(hsk=40,hsv=40,nh=4,nr23=[1,3],kv=1024,nb=75,mask=0,sinks=0,max_bias=0.000000,logit_softcap=0.000000,prec=f32,type_K=f16,type_V=f16,permute=[0,1,2,3]): not supported [RD0] 
  FLASH_ATTN_EXT(hsk=40,hsv=40,nh=4,nr23=[4,3],kv=512,nb=1,mask=0,sinks=0,max_bias=0.000000,logit_softcap=0.000000,prec=f32,type_K=f16,type_V=f16,permute=[0,1,2,3]): not supported [RD0] 
  FLASH_ATTN_EXT(hsk=40,hsv=40,nh=4,nr23=[4,3],kv=512,nb=3,mask=0,sinks=0,max_bias=0.000000,logit_softcap=0.000000,prec=f32,type_K=f16,type_V=f16,permute=[0,1,2,3]): not supported [RD0] 
  FLASH_ATTN_EXT(hsk=40,hsv=40,nh=4,nr23=[4,3],kv=512,nb=32,mask=0,sinks=0,max_bias=0.000000,logit_softcap=0.000000,prec=f32,type_K=f16,type_V=f16,permute=[0,1,2,3]): not supported [RD0] 
  FLASH_ATTN_EXT(hsk=40,hsv=40,nh=4,nr23=[4,3],kv=512,nb=75,mask=0,sinks=0,max_bias=0.000000,logit_softcap=0.000000,prec=f32,type_K=f16,type_V=f16,permute=[0,1,2,3]): not supported [RD0] 
  FLASH_ATTN_EXT(hsk=64,hsv=64,nh=4,nr23=[1,1],kv=113,nb=1,mask=1,sinks=1,max_bias=0.000000,logit_softcap=0.000000,prec=f32,type_K=f32,type_V=f32,permute=[0,1,2,3]): not supported [RD0] 
  FLASH_ATTN_EXT(hsk=64,hsv=64,nh=4,nr23=[1,1],kv=113,nb=1,mask=1,sinks=1,max_bias=0.000000,logit_softcap=0.000000,prec=f32,type_K=f16,type_V=f16,permute=[0,1,2,3]): not supported [RD0] 
  FLASH_ATTN_EXT(hsk=64,hsv=64,nh=4,nr23=[1,1],kv=113,nb=1,mask=1,sinks=1,max_bias=0.000000,logit_softcap=0.000000,prec=f32,type_K=bf16,type_V=bf16,permute=[0,1,2,3]): not supported [RD0] 
  FLASH_ATTN_EXT(hsk=64,hsv=64,nh=4,nr23=[1,1],kv=113,nb=1,mask=1,sinks=1,max_bias=0.000000,logit_softcap=0.000000,prec=f32,type_K=q8_0,type_V=q8_0,permute=[0,1,2,3]): not supported [RD0] 
  FLASH_ATTN_EXT(hsk=64,hsv=64,nh=4,nr23=[1,1],kv=113,nb=1,mask=1,sinks=1,max_bias=0.000000,logit_softcap=0.000000,prec=f32,type_K=q5_1,type_V=q5_1,permute=[0,1,2,3]): not supported [RD0] 
  FLASH_ATTN_EXT(hsk=64,hsv=64,nh=4,nr23=[1,1],kv=113,nb=1,mask=1,sinks=1,max_bias=0.000000,logit_softcap=0.000000,prec=f32,type_K=q5_0,type_V=q5_0,permute=[0,1,2,3]): not supported [RD0] 
  FLASH_ATTN_EXT(hsk=64,hsv=64,nh=4,nr23=[1,1],kv=113,nb=1,mask=1,sinks=1,max_bias=0.000000,logit_softcap=0.000000,prec=f32,type_K=q4_1,type_V=q4_1,permute=[0,1,2,3]): not supported [RD0] 
  FLASH_ATTN_EXT(hsk=64,hsv=64,nh=4,nr23=[1,1],kv=113,nb=1,mask=1,sinks=1,max_bias=0.000000,logit_softcap=0.000000,prec=f32,type_K=q4_0,type_V=q4_0,permute=[0,1,2,3]): not supported [RD0] 
  FLASH_ATTN_EXT(hsk=64,hsv=64,nh=4,nr23=[1,1],kv=113,nb=1,mask=1,sinks=1,max_bias=0.000000,logit_softcap=0.000000,prec=f32,type_K=iq4_nl,type_V=iq4_nl,permute=[0,1,2,3]): not supported [RD0] 
  FLASH_ATTN_EXT(hsk=64,hsv=64,nh=4,nr23=[1,1],kv=113,nb=3,mask=1,sinks=1,max_bias=0.000000,logit_softcap=0.000000,prec=f32,type_K=f32,type_V=f32,permute=[0,1,2,3]): not supported [RD0] 
  FLASH_ATTN_EXT(hsk=64,hsv=64,nh=4,nr23=[1,1],kv=113,nb=3,mask=1,sinks=1,max_bias=0.000000,logit_softcap=0.000000,prec=f32,type_K=f16,type_V=f16,permute=[0,1,2,3]): not supported [RD0] 
  FLASH_ATTN_EXT(hsk=64,hsv=64,nh=4,nr23=[1,1],kv=113,nb=3,mask=1,sinks=1,max_bias=0.000000,logit_softcap=0.000000,prec=f32,type_K=bf16,type_V=bf16,permute=[0,1,2,3]): not supported [RD0] 
  FLASH_ATTN_EXT(hsk=64,hsv=64,nh=4,nr23=[1,1],kv=113,nb=3,mask=1,sinks=1,max_bias=0.000000,logit_softcap=0.000000,prec=f32,type_K=q8_0,type_V=q8_0,permute=[0,1,2,3]): not supported [RD0] 
  FLASH_ATTN_EXT(hsk=64,hsv=64,nh=4,nr23=[1,1],kv=113,nb=3,mask=1,sinks=1,max_bias=0.000000,logit_softcap=0.000000,prec=f32,type_K=q5_1,type_V=q5_1,permute=[0,1,2,3]): not supported [RD0] 
  FLASH_ATTN_EXT(hsk=64,hsv=64,nh=4,nr23=[1,1],kv=113,nb=3,mask=1,sinks=1,max_bias=0.000000,logit_softcap=0.000000,prec=f32,type_K=q5_0,type_V=q5_0,permute=[0,1,2,3]): not supported [RD0] 
  FLASH_ATTN_EXT(hsk=64,hsv=64,nh=4,nr23=[1,1],kv=113,nb=3,mask=1,sinks=1,max_bias=0.000000,logit_softcap=0.000000,prec=f32,type_K=q4_1,type_V=q4_1,permute=[0,1,2,3]): not supported [RD0] 
  FLASH_ATTN_EXT(hsk=64,hsv=64,nh=4,nr23=[1,1],kv=113,nb=3,mask=1,sinks=1,max_bias=0.000000,logit_softcap=0.000000,prec=f32,type_K=q4_0,type_V=q4_0,permute=[0,1,2,3]): not supported [RD0] 
  FLASH_ATTN_EXT(hsk=64,hsv=64,nh=4,nr23=[1,1],kv=113,nb=3,mask=1,sinks=1,max_bias=0.000000,logit_softcap=0.000000,prec=f32,type_K=iq4_nl,type_V=iq4_nl,permute=[0,1,2,3]): not supported [RD0] 
  FLASH_ATTN_EXT(hsk=64,hsv=64,nh=4,nr23=[1,1],kv=113,nb=32,mask=1,sinks=1,max_bias=0.000000,logit_softcap=0.000000,prec=f32,type_K=f32,type_V=f32,permute=[0,1,2,3]): not supported [RD0] 
  FLASH_ATTN_EXT(hsk=64,hsv=64,nh=4,nr23=[1,1],kv=113,nb=32,mask=1,sinks=1,max_bias=0.000000,logit_softcap=0.000000,prec=f32,type_K=f16,type_V=f16,permute=[0,1,2,3]): not supported [RD0] 
  FLASH_ATTN_EXT(hsk=64,hsv=64,nh=4,nr23=[1,1],kv=113,nb=32,mask=1,sinks=1,max_bias=0.000000,logit_softcap=0.000000,prec=f32,type_K=bf16,type_V=bf16,permute=[0,1,2,3]): not supported [RD0] 
  FLASH_ATTN_EXT(hsk=64,hsv=64,nh=4,nr23=[1,1],kv=113,nb=32,mask=1,sinks=1,max_bias=0.000000,logit_softcap=0.000000,prec=f32,type_K=q8_0,type_V=q8_0,permute=[0,1,2,3]): not supported [RD0] 
  FLASH_ATTN_EXT(hsk=64,hsv=64,nh=4,nr23=[1,1],kv=113,nb=32,mask=1,sinks=1,max_bias=0.000000,logit_softcap=0.000000,prec=f32,type_K=q5_1,type_V=q5_1,permute=[0,1,2,3]): not supported [RD0] 
  FLASH_ATTN_EXT(hsk=64,hsv=64,nh=4,nr23=[1,1],kv=113,nb=32,mask=1,sinks=1,max_bias=0.000000,logit_softcap=0.000000,prec=f32,type_K=q5_0,type_V=q5_0,permute=[0,1,2,3]): not supported [RD0] 
  FLASH_ATTN_EXT(hsk=64,hsv=64,nh=4,nr23=[1,1],kv=113,nb=32,mask=1,sinks=1,max_bias=0.000000,logit_softcap=0.000000,prec=f32,type_K=q4_1,type_V=q4_1,permute=[0,1,2,3]): not supported [RD0] 
  FLASH_ATTN_EXT(hsk=64,hsv=64,nh=4,nr23=[1,1],kv=113,nb=32,mask=1,sinks=1,max_bias=0.000000,logit_softcap=0.000000,prec=f32,type_K=q4_0,type_V=q4_0,permute=[0,1,2,3]): not supported [RD0] 
  FLASH_ATTN_EXT(hsk=64,hsv=64,nh=4,nr23=[1,1],kv=113,nb=32,mask=1,sinks=1,max_bias=0.000000,logit_softcap=0.000000,prec=f32,type_K=iq4_nl,type_V=iq4_nl,permute=[0,1,2,3]): not supported [RD0] 
  FLASH_ATTN_EXT(hsk=64,hsv=64,nh=4,nr23=[1,1],kv=113,nb=75,mask=1,sinks=1,max_bias=0.000000,logit_softcap=0.000000,prec=f32,type_K=f32,type_V=f32,permute=[0,1,2,3]): not supported [RD0] 
  FLASH_ATTN_EXT(hsk=64,hsv=64,nh=4,nr23=[1,1],kv=113,nb=75,mask=1,sinks=1,max_bias=0.000000,logit_softcap=0.000000,prec=f32,type_K=f16,type_V=f16,permute=[0,1,2,3]): not supported [RD0] 
  FLASH_ATTN_EXT(hsk=64,hsv=64,nh=4,nr23=[1,1],kv=113,nb=75,mask=1,sinks=1,max_bias=0.000000,logit_softcap=0.000000,prec=f32,type_K=bf16,type_V=bf16,permute=[0,1,2,3]): not supported [RD0] 
  FLASH_ATTN_EXT(hsk=64,hsv=64,nh=4,nr23=[1,1],kv=113,nb=75,mask=1,sinks=1,max_bias=0.000000,logit_softcap=0.000000,prec=f32,type_K=q8_0,type_V=q8_0,permute=[0,1,2,3]): not supported [RD0] 
  FLASH_ATTN_EXT(hsk=64,hsv=64,nh=4,nr23=[1,1],kv=113,nb=75,mask=1,sinks=1,max_bias=0.000000,logit_softcap=0.000000,prec=f32,type_K=q5_1,type_V=q5_1,permute=[0,1,2,3]): not supported [RD0] 
  FLASH_ATTN_EXT(hsk=64,hsv=64,nh=4,nr23=[1,1],kv=113,nb=75,mask=1,sinks=1,max_bias=0.000000,logit_softcap=0.000000,prec=f32,type_K=q5_0,type_V=q5_0,permute=[0,1,2,3]): not supported [RD0] 
  FLASH_ATTN_EXT(hsk=64,hsv=64,nh=4,nr23=[1,1],kv=113,nb=75,mask=1,sinks=1,max_bias=0.000000,logit_softcap=0.000000,prec=f32,type_K=q4_1,type_V=q4_1,permute=[0,1,2,3]): not supported [RD0] 
  FLASH_ATTN_EXT(hsk=64,hsv=64,nh=4,nr23=[1,1],kv=113,nb=75,mask=1,sinks=1,max_bias=0.000000,logit_softcap=0.000000,prec=f32,type_K=q4_0,type_V=q4_0,permute=[0,1,2,3]): not supported [RD0] 
  FLASH_ATTN_EXT(hsk=64,hsv=64,nh=4,nr23=[1,1],kv=113,nb=75,mask=1,sinks=1,max_bias=0.000000,logit_softcap=0.000000,prec=f32,type_K=iq4_nl,type_V=iq4_nl,permute=[0,1,2,3]): not supported [RD0] 
  FLASH_ATTN_EXT(hsk=64,hsv=64,nh=4,nr23=[1,1],kv=512,nb=1,mask=1,sinks=1,max_bias=0.000000,logit_softcap=0.000000,prec=f32,type_K=f32,type_V=f32,permute=[0,1,2,3]): not supported [RD0] 
  FLASH_ATTN_EXT(hsk=64,hsv=64,nh=4,nr23=[1,1],kv=512,nb=1,mask=1,sinks=1,max_bias=0.000000,logit_softcap=0.000000,prec=f32,type_K=f32,type_V=f32,permute=[0,2,1,3]): not supported [RD0] 
  FLASH_ATTN_EXT(hsk=64,hsv=64,nh=4,nr23=[1,1],kv=512,nb=1,mask=1,sinks=1,max_bias=0.000000,logit_softcap=0.000000,prec=f32,type_K=f16,type_V=f16,permute=[0,1,2,3]): not supported [RD0] 
  FLASH_ATTN_EXT(hsk=64,hsv=64,nh=4,nr23=[1,1],kv=512,nb=1,mask=1,sinks=1,max_bias=0.000000,logit_softcap=0.000000,prec=f32,type_K=f16,type_V=f16,permute=[0,2,1,3]): not supported [RD0] 
  FLASH_ATTN_EXT(hsk=64,hsv=64,nh=4,nr23=[1,1],kv=512,nb=1,mask=1,sinks=1,max_bias=0.000000,logit_softcap=0.000000,prec=f32,type_K=bf16,type_V=bf16,permute=[0,1,2,3]): not supported [RD0] 
  FLASH_ATTN_EXT(hsk=64,hsv=64,nh=4,nr23=[1,1],kv=512,nb=1,mask=1,sinks=1,max_bias=0.000000,logit_softcap=0.000000,prec=f32,type_K=bf16,type_V=bf16,permute=[0,2,1,3]): not supported [RD0] 
  FLASH_ATTN_EXT(hsk=64,hsv=64,nh=4,nr23=[1,1],kv=512,nb=1,mask=1,sinks=1,max_bias=0.000000,logit_softcap=0.000000,prec=f32,type_K=q8_0,type_V=q8_0,permute=[0,1,2,3]): not supported [RD0] 
  FLASH_ATTN_EXT(hsk=64,hsv=64,nh=4,nr23=[1,1],kv=512,nb=1,mask=1,sinks=1,max_bias=0.000000,logit_softcap=0.000000,prec=f32,type_K=q8_0,type_V=q8_0,permute=[0,2,1,3]): not supported [RD0] 
  FLASH_ATTN_EXT(hsk=64,hsv=64,nh=4,nr23=[1,1],kv=512,nb=1,mask=1,sinks=1,max_bias=0.000000,logit_softcap=0.000000,prec=f32,type_K=q5_1,type_V=q5_1,permute=[0,1,2,3]): not supported [RD0] 
  FLASH_ATTN_EXT(hsk=64,hsv=64,nh=4,nr23=[1,1],kv=512,nb=1,mask=1,sinks=1,max_bias=0.000000,logit_softcap=0.000000,prec=f32,type_K=q5_1,type_V=q5_1,permute=[0,2,1,3]): not supported [RD0] 
  FLASH_ATTN_EXT(hsk=64,hsv=64,nh=4,nr23=[1,1],kv=512,nb=1,mask=1,sinks=1,max_bias=0.000000,logit_softcap=0.000000,prec=f32,type_K=q5_0,type_V=q5_0,permute=[0,1,2,3]): not supported [RD0] 
  FLASH_ATTN_EXT(hsk=64,hsv=64,nh=4,nr23=[1,1],kv=512,nb=1,mask=1,sinks=1,max_bias=0.000000,logit_softcap=0.000000,prec=f32,type_K=q5_0,type_V=q5_0,permute=[0,2,1,3]): not supported [RD0] 
  FLASH_ATTN_EXT(hsk=64,hsv=64,nh=4,nr23=[1,1],kv=512,nb=1,mask=1,sinks=1,max_bias=0.000000,logit_softcap=0.000000,prec=f32,type_K=q4_1,type_V=q4_1,permute=[0,1,2,3]): not supported [RD0] 
  FLASH_ATTN_EXT(hsk=64,hsv=64,nh=4,nr23=[1,1],kv=512,nb=1,mask=1,sinks=1,max_bias=0.000000,logit_softcap=0.000000,prec=f32,type_K=q4_1,type_V=q4_1,permute=[0,2,1,3]): not supported [RD0] 
  FLASH_ATTN_EXT(hsk=64,hsv=64,nh=4,nr23=[1,1],kv=512,nb=1,mask=1,sinks=1,max_bias=0.000000,logit_softcap=0.000000,prec=f32,type_K=q4_0,type_V=q4_0,permute=[0,1,2,3]): not supported [RD0] 
  FLASH_ATTN_EXT(hsk=64,hsv=64,nh=4,nr23=[1,1],kv=512,nb=1,mask=1,sinks=1,max_bias=0.000000,logit_softcap=0.000000,prec=f32,type_K=q4_0,type_V=q4_0,permute=[0,2,1,3]): not supported [RD0] 
  FLASH_ATTN_EXT(hsk=64,hsv=64,nh=4,nr23=[1,1],kv=512,nb=1,mask=1,sinks=1,max_bias=0.000000,logit_softcap=0.000000,prec=f32,type_K=iq4_nl,type_V=iq4_nl,permute=[0,1,2,3]): not supported [RD0] 
  FLASH_ATTN_EXT(hsk=64,hsv=64,nh=4,nr23=[1,1],kv=512,nb=1,mask=1,sinks=1,max_bias=0.000000,logit_softcap=0.000000,prec=f32,type_K=iq4_nl,type_V=iq4_nl,permute=[0,2,1,3]): not supported [RD0] 
  FLASH_ATTN_EXT(hsk=64,hsv=64,nh=4,nr23=[1,1],kv=512,nb=3,mask=1,sinks=1,max_bias=0.000000,logit_softcap=0.000000,prec=f32,type_K=f32,type_V=f32,permute=[0,1,2,3]): not supported [RD0] 
  FLASH_ATTN_EXT(hsk=64,hsv=64,nh=4,nr23=[1,1],kv=512,nb=3,mask=1,sinks=1,max_bias=0.000000,logit_softcap=0.000000,prec=f32,type_K=f32,type_V=f32,permute=[0,2,1,3]): not supported [RD0] 
  FLASH_ATTN_EXT(hsk=64,hsv=64,nh=4,nr23=[1,1],kv=512,nb=3,mask=1,sinks=1,max_bias=0.000000,logit_softcap=0.000000,prec=f32,type_K=f16,type_V=f16,permute=[0,1,2,3]): not supported [RD0] 
  FLASH_ATTN_EXT(hsk=64,hsv=64,nh=4,nr23=[1,1],kv=512,nb=3,mask=1,sinks=1,max_bias=0.000000,logit_softcap=0.000000,prec=f32,type_K=f16,type_V=f16,permute=[0,2,1,3]): not supported [RD0] 
  FLASH_ATTN_EXT(hsk=64,hsv=64,nh=4,nr23=[1,1],kv=512,nb=3,mask=1,sinks=1,max_bias=0.000000,logit_softcap=0.000000,prec=f32,type_K=bf16,type_V=bf16,permute=[0,1,2,3]): not supported [RD0] 
  FLASH_ATTN_EXT(hsk=64,hsv=64,nh=4,nr23=[1,1],kv=512,nb=3,mask=1,sinks=1,max_bias=0.000000,logit_softcap=0.000000,prec=f32,type_K=bf16,type_V=bf16,permute=[0,2,1,3]): not supported [RD0] 
  FLASH_ATTN_EXT(hsk=64,hsv=64,nh=4,nr23=[1,1],kv=512,nb=3,mask=1,sinks=1,max_bias=0.000000,logit_softcap=0.000000,prec=f32,type_K=q8_0,type_V=q8_0,permute=[0,1,2,3]): not supported [RD0] 
  FLASH_ATTN_EXT(hsk=64,hsv=64,nh=4,nr23=[1,1],kv=512,nb=3,mask=1,sinks=1,max_bias=0.000000,logit_softcap=0.000000,prec=f32,type_K=q8_0,type_V=q8_0,permute=[0,2,1,3]): not supported [RD0] 
  FLASH_ATTN_EXT(hsk=64,hsv=64,nh=4,nr23=[1,1],kv=512,nb=3,mask=1,sinks=1,max_bias=0.000000,logit_softcap=0.000000,prec=f32,type_K=q5_1,type_V=q5_1,permute=[0,1,2,3]): not supported [RD0] 
  FLASH_ATTN_EXT(hsk=64,hsv=64,nh=4,nr23=[1,1],kv=512,nb=3,mask=1,sinks=1,max_bias=0.000000,logit_softcap=0.000000,prec=f32,type_K=q5_1,type_V=q5_1,permute=[0,2,1,3]): not supported [RD0] 
  FLASH_ATTN_EXT(hsk=64,hsv=64,nh=4,nr23=[1,1],kv=512,nb=3,mask=1,sinks=1,max_bias=0.000000,logit_softcap=0.000000,prec=f32,type_K=q5_0,type_V=q5_0,permute=[0,1,2,3]): not supported [RD0] 
  FLASH_ATTN_EXT(hsk=64,hsv=64,nh=4,nr23=[1,1],kv=512,nb=3,mask=1,sinks=1,max_bias=0.000000,logit_softcap=0.000000,prec=f32,type_K=q5_0,type_V=q5_0,permute=[0,2,1,3]): not supported [RD0] 
  FLASH_ATTN_EXT(hsk=64,hsv=64,nh=4,nr23=[1,1],kv=512,nb=3,mask=1,sinks=1,max_bias=0.000000,logit_softcap=0.000000,prec=f32,type_K=q4_1,type_V=q4_1,permute=[0,1,2,3]): not supported [RD0] 
  FLASH_ATTN_EXT(hsk=64,hsv=64,nh=4,nr23=[1,1],kv=512,nb=3,mask=1,sinks=1,max_bias=0.000000,logit_softcap=0.000000,prec=f32,type_K=q4_1,type_V=q4_1,permute=[0,2,1,3]): not supported [RD0] 
  FLASH_ATTN_EXT(hsk=64,hsv=64,nh=4,nr23=[1,1],kv=512,nb=3,mask=1,sinks=1,max_bias=0.000000,logit_softcap=0.000000,prec=f32,type_K=q4_0,type_V=q4_0,permute=[0,1,2,3]): not supported [RD0] 
  FLASH_ATTN_EXT(hsk=64,hsv=64,nh=4,nr23=[1,1],kv=512,nb=3,mask=1,sinks=1,max_bias=0.000000,logit_softcap=0.000000,prec=f32,type_K=q4_0,type_V=q4_0,permute=[0,2,1,3]): not supported [RD0] 
  FLASH_ATTN_EXT(hsk=64,hsv=64,nh=4,nr23=[1,1],kv=512,nb=3,mask=1,sinks=1,max_bias=0.000000,logit_softcap=0.000000,prec=f32,type_K=iq4_nl,type_V=iq4_nl,permute=[0,1,2,3]): not supported [RD0] 
  FLASH_ATTN_EXT(hsk=64,hsv=64,nh=4,nr23=[1,1],kv=512,nb=3,mask=1,sinks=1,max_bias=0.000000,logit_softcap=0.000000,prec=f32,type_K=iq4_nl,type_V=iq4_nl,permute=[0,2,1,3]): not supported [RD0] 
  FLASH_ATTN_EXT(hsk=64,hsv=64,nh=4,nr23=[1,1],kv=512,nb=32,mask=1,sinks=1,max_bias=0.000000,logit_softcap=0.000000,prec=f32,type_K=f32,type_V=f32,permute=[0,1,2,3]): not supported [RD0] 
  FLASH_ATTN_EXT(hsk=64,hsv=64,nh=4,nr23=[1,1],kv=512,nb=32,mask=1,sinks=1,max_bias=0.000000,logit_softcap=0.000000,prec=f32,type_K=f32,type_V=f32,permute=[0,2,1,3]): not supported [RD0] 
  FLASH_ATTN_EXT(hsk=64,hsv=64,nh=4,nr23=[1,1],kv=512,nb=32,mask=1,sinks=1,max_bias=0.000000,logit_softcap=0.000000,prec=f32,type_K=f16,type_V=f16,permute=[0,1,2,3]): not supported [RD0] 
  FLASH_ATTN_EXT(hsk=64,hsv=64,nh=4,nr23=[1,1],kv=512,nb=32,mask=1,sinks=1,max_bias=0.000000,logit_softcap=0.000000,prec=f32,type_K=f16,type_V=f16,permute=[0,2,1,3]): not supported [RD0] 
  FLASH_ATTN_EXT(hsk=64,hsv=64,nh=4,nr23=[1,1],kv=512,nb=32,mask=1,sinks=1,max_bias=0.000000,logit_softcap=0.000000,prec=f32,type_K=bf16,type_V=bf16,permute=[0,1,2,3]): not supported [RD0] 
  FLASH_ATTN_EXT(hsk=64,hsv=64,nh=4,nr23=[1,1],kv=512,nb=32,mask=1,sinks=1,max_bias=0.000000,logit_softcap=0.000000,prec=f32,type_K=bf16,type_V=bf16,permute=[0,2,1,3]): not supported [RD0] 
  FLASH_ATTN_EXT(hsk=64,hsv=64,nh=4,nr23=[1,1],kv=512,nb=32,mask=1,sinks=1,max_bias=0.000000,logit_softcap=0.000000,prec=f32,type_K=q8_0,type_V=q8_0,permute=[0,1,2,3]): not supported [RD0] 
  FLASH_ATTN_EXT(hsk=64,hsv=64,nh=4,nr23=[1,1],kv=512,nb=32,mask=1,sinks=1,max_bias=0.000000,logit_softcap=0.000000,prec=f32,type_K=q8_0,type_V=q8_0,permute=[0,2,1,3]): not supported [RD0] 
  FLASH_ATTN_EXT(hsk=64,hsv=64,nh=4,nr23=[1,1],kv=512,nb=32,mask=1,sinks=1,max_bias=0.000000,logit_softcap=0.000000,prec=f32,type_K=q5_1,type_V=q5_1,permute=[0,1,2,3]): not supported [RD0] 
  FLASH_ATTN_EXT(hsk=64,hsv=64,nh=4,nr23=[1,1],kv=512,nb=32,mask=1,sinks=1,max_bias=0.000000,logit_softcap=0.000000,prec=f32,type_K=q5_1,type_V=q5_1,permute=[0,2,1,3]): not supported [RD0] 
  FLASH_ATTN_EXT(hsk=64,hsv=64,nh=4,nr23=[1,1],kv=512,nb=32,mask=1,sinks=1,max_bias=0.000000,logit_softcap=0.000000,prec=f32,type_K=q5_0,type_V=q5_0,permute=[0,1,2,3]): not supported [RD0] 
  FLASH_ATTN_EXT(hsk=64,hsv=64,nh=4,nr23=[1,1],kv=512,nb=32,mask=1,sinks=1,max_bias=0.000000,logit_softcap=0.000000,prec=f32,type_K=q5_0,type_V=q5_0,permute=[0,2,1,3]): not supported [RD0] 
  FLASH_ATTN_EXT(hsk=64,hsv=64,nh=4,nr23=[1,1],kv=512,nb=32,mask=1,sinks=1,max_bias=0.000000,logit_softcap=0.000000,prec=f32,type_K=q4_1,type_V=q4_1,permute=[0,1,2,3]): not supported [RD0] 
  FLASH_ATTN_EXT(hsk=64,hsv=64,nh=4,nr23=[1,1],kv=512,nb=32,mask=1,sinks=1,max_bias=0.000000,logit_softcap=0.000000,prec=f32,type_K=q4_1,type_V=q4_1,permute=[0,2,1,3]): not supported [RD0] 
  FLASH_ATTN_EXT(hsk=64,hsv=64,nh=4,nr23=[1,1],kv=512,nb=32,mask=1,sinks=1,max_bias=0.000000,logit_softcap=0.000000,prec=f32,type_K=q4_0,type_V=q4_0,permute=[0,1,2,3]): not supported [RD0] 
  FLASH_ATTN_EXT(hsk=64,hsv=64,nh=4,nr23=[1,1],kv=512,nb=32,mask=1,sinks=1,max_bias=0.000000,logit_softcap=0.000000,prec=f32,type_K=q4_0,type_V=q4_0,permute=[0,2,1,3]): not supported [RD0] 
  FLASH_ATTN_EXT(hsk=64,hsv=64,nh=4,nr23=[1,1],kv=512,nb=32,mask=1,sinks=1,max_bias=0.000000,logit_softcap=0.000000,prec=f32,type_K=iq4_nl,type_V=iq4_nl,permute=[0,1,2,3]): not supported [RD0] 
  FLASH_ATTN_EXT(hsk=64,hsv=64,nh=4,nr23=[1,1],kv=512,nb=32,mask=1,sinks=1,max_bias=0.000000,logit_softcap=0.000000,prec=f32,type_K=iq4_nl,type_V=iq4_nl,permute=[0,2,1,3]): not supported [RD0] 
  FLASH_ATTN_EXT(hsk=64,hsv=64,nh=4,nr23=[1,1],kv=512,nb=75,mask=1,sinks=1,max_bias=0.000000,logit_softcap=0.000000,prec=f32,type_K=f32,type_V=f32,permute=[0,1,2,3]): not supported [RD0] 
  FLASH_ATTN_EXT(hsk=64,hsv=64,nh=4,nr23=[1,1],kv=512,nb=75,mask=1,sinks=1,max_bias=0.000000,logit_softcap=0.000000,prec=f32,type_K=f32,type_V=f32,permute=[0,2,1,3]): not supported [RD0] 
  FLASH_ATTN_EXT(hsk=64,hsv=64,nh=4,nr23=[1,1],kv=512,nb=75,mask=1,sinks=1,max_bias=0.000000,logit_softcap=0.000000,prec=f32,type_K=f16,type_V=f16,permute=[0,1,2,3]): not supported [RD0] 
  FLASH_ATTN_EXT(hsk=64,hsv=64,nh=4,nr23=[1,1],kv=512,nb=75,mask=1,sinks=1,max_bias=0.000000,logit_softcap=0.000000,prec=f32,type_K=f16,type_V=f16,permute=[0,2,1,3]): not supported [RD0] 
  FLASH_ATTN_EXT(hsk=64,hsv=64,nh=4,nr23=[1,1],kv=512,nb=75,mask=1,sinks=1,max_bias=0.000000,logit_softcap=0.000000,prec=f32,type_K=bf16,type_V=bf16,permute=[0,1,2,3]): not supported [RD0] 
  FLASH_ATTN_EXT(hsk=64,hsv=64,nh=4,nr23=[1,1],kv=512,nb=75,mask=1,sinks=1,max_bias=0.000000,logit_softcap=0.000000,prec=f32,type_K=bf16,type_V=bf16,permute=[0,2,1,3]): not supported [RD0] 
  FLASH_ATTN_EXT(hsk=64,hsv=64,nh=4,nr23=[1,1],kv=512,nb=75,mask=1,sinks=1,max_bias=0.000000,logit_softcap=0.000000,prec=f32,type_K=q8_0,type_V=q8_0,permute=[0,1,2,3]): not supported [RD0] 
  FLASH_ATTN_EXT(hsk=64,hsv=64,nh=4,nr23=[1,1],kv=512,nb=75,mask=1,sinks=1,max_bias=0.000000,logit_softcap=0.000000,prec=f32,type_K=q8_0,type_V=q8_0,permute=[0,2,1,3]): not supported [RD0] 
  FLASH_ATTN_EXT(hsk=64,hsv=64,nh=4,nr23=[1,1],kv=512,nb=75,mask=1,sinks=1,max_bias=0.000000,logit_softcap=0.000000,prec=f32,type_K=q5_1,type_V=q5_1,permute=[0,1,2,3]): not supported [RD0] 
  FLASH_ATTN_EXT(hsk=64,hsv=64,nh=4,nr23=[1,1],kv=512,nb=75,mask=1,sinks=1,max_bias=0.000000,logit_softcap=0.000000,prec=f32,type_K=q5_1,type_V=q5_1,permute=[0,2,1,3]): not supported [RD0] 
  FLASH_ATTN_EXT(hsk=64,hsv=64,nh=4,nr23=[1,1],kv=512,nb=75,mask=1,sinks=1,max_bias=0.000000,logit_softcap=0.000000,prec=f32,type_K=q5_0,type_V=q5_0,permute=[0,1,2,3]): not supported [RD0] 
  FLASH_ATTN_EXT(hsk=64,hsv=64,nh=4,nr23=[1,1],kv=512,nb=75,mask=1,sinks=1,max_bias=0.000000,logit_softcap=0.000000,prec=f32,type_K=q5_0,type_V=q5_0,permute=[0,2,1,3]): not supported [RD0] 
  FLASH_ATTN_EXT(hsk=64,hsv=64,nh=4,nr23=[1,1],kv=512,nb=75,mask=1,sinks=1,max_bias=0.000000,logit_softcap=0.000000,prec=f32,type_K=q4_1,type_V=q4_1,permute=[0,1,2,3]): not supported [RD0] 
  FLASH_ATTN_EXT(hsk=64,hsv=64,nh=4,nr23=[1,1],kv=512,nb=75,mask=1,sinks=1,max_bias=0.000000,logit_softcap=0.000000,prec=f32,type_K=q4_1,type_V=q4_1,permute=[0,2,1,3]): not supported [RD0] 
  FLASH_ATTN_EXT(hsk=64,hsv=64,nh=4,nr23=[1,1],kv=512,nb=75,mask=1,sinks=1,max_bias=0.000000,logit_softcap=0.000000,prec=f32,type_K=q4_0,type_V=q4_0,permute=[0,1,2,3]): not supported [RD0] 
  FLASH_ATTN_EXT(hsk=64,hsv=64,nh=4,nr23=[1,1],kv=512,nb=75,mask=1,sinks=1,max_bias=0.000000,logit_softcap=0.000000,prec=f32,type_K=q4_0,type_V=q4_0,permute=[0,2,1,3]): not supported [RD0] 
  FLASH_ATTN_EXT(hsk=64,hsv=64,nh=4,nr23=[1,1],kv=512,nb=75,mask=1,sinks=1,max_bias=0.000000,logit_softcap=0.000000,prec=f32,type_K=iq4_nl,type_V=iq4_nl,permute=[0,1,2,3]): not supported [RD0] 
  FLASH_ATTN_EXT(hsk=64,hsv=64,nh=4,nr23=[1,1],kv=512,nb=75,mask=1,sinks=1,max_bias=0.000000,logit_softcap=0.000000,prec=f32,type_K=iq4_nl,type_V=iq4_nl,permute=[0,2,1,3]): not supported [RD0] 
  FLASH_ATTN_EXT(hsk=64,hsv=64,nh=4,nr23=[1,1],kv=1024,nb=1,mask=1,sinks=1,max_bias=0.000000,logit_softcap=0.000000,prec=f32,type_K=f32,type_V=f32,permute=[0,1,2,3]): not supported [RD0] 
  FLASH_ATTN_EXT(hsk=64,hsv=64,nh=4,nr23=[1,1],kv=1024,nb=1,mask=1,sinks=1,max_bias=0.000000,logit_softcap=0.000000,prec=f32,type_K=f16,type_V=f16,permute=[0,1,2,3]): not supported [RD0] 
  FLASH_ATTN_EXT(hsk=64,hsv=64,nh=4,nr23=[1,1],kv=1024,nb=1,mask=1,sinks=1,max_bias=0.000000,logit_softcap=0.000000,prec=f32,type_K=bf16,type_V=bf16,permute=[0,1,2,3]): not supported [RD0] 
  FLASH_ATTN_EXT(hsk=64,hsv=64,nh=4,nr23=[1,1],kv=1024,nb=1,mask=1,sinks=1,max_bias=0.000000,logit_softcap=0.000000,prec=f32,type_K=q8_0,type_V=q8_0,permute=[0,1,2,3]): not supported [RD0] 
  FLASH_ATTN_EXT(hsk=64,hsv=64,nh=4,nr23=[1,1],kv=1024,nb=1,mask=1,sinks=1,max_bias=0.000000,logit_softcap=0.000000,prec=f32,type_K=q5_1,type_V=q5_1,permute=[0,1,2,3]): not supported [RD0] 
  FLASH_ATTN_EXT(hsk=64,hsv=64,nh=4,nr23=[1,1],kv=1024,nb=1,mask=1,sinks=1,max_bias=0.000000,logit_softcap=0.000000,prec=f32,type_K=q5_0,type_V=q5_0,permute=[0,1,2,3]): not supported [RD0] 
  FLASH_ATTN_EXT(hsk=64,hsv=64,nh=4,nr23=[1,1],kv=1024,nb=1,mask=1,sinks=1,max_bias=0.000000,logit_softcap=0.000000,prec=f32,type_K=q4_1,type_V=q4_1,permute=[0,1,2,3]): not supported [RD0] 
  FLASH_ATTN_EXT(hsk=64,hsv=64,nh=4,nr23=[1,1],kv=1024,nb=1,mask=1,sinks=1,max_bias=0.000000,logit_softcap=0.000000,prec=f32,type_K=q4_0,type_V=q4_0,permute=[0,1,2,3]): not supported [RD0] 
  FLASH_ATTN_EXT(hsk=64,hsv=64,nh=4,nr23=[1,1],kv=1024,nb=1,mask=1,sinks=1,max_bias=0.000000,logit_softcap=0.000000,prec=f32,type_K=iq4_nl,type_V=iq4_nl,permute=[0,1,2,3]): not supported [RD0] 
  FLASH_ATTN_EXT(hsk=64,hsv=64,nh=4,nr23=[1,1],kv=1024,nb=3,mask=1,sinks=1,max_bias=0.000000,logit_softcap=0.000000,prec=f32,type_K=f32,type_V=f32,permute=[0,1,2,3]): not supported [RD0] 
  FLASH_ATTN_EXT(hsk=64,hsv=64,nh=4,nr23=[1,1],kv=1024,nb=3,mask=1,sinks=1,max_bias=0.000000,logit_softcap=0.000000,prec=f32,type_K=f16,type_V=f16,permute=[0,1,2,3]): not supported [RD0] 
  FLASH_ATTN_EXT(hsk=64,hsv=64,nh=4,nr23=[1,1],kv=1024,nb=3,mask=1,sinks=1,max_bias=0.000000,logit_softcap=0.000000,prec=f32,type_K=bf16,type_V=bf16,permute=[0,1,2,3]): not supported [RD0] 
  FLASH_ATTN_EXT(hsk=64,hsv=64,nh=4,nr23=[1,1],kv=1024,nb=3,mask=1,sinks=1,max_bias=0.000000,logit_softcap=0.000000,prec=f32,type_K=q8_0,type_V=q8_0,permute=[0,1,2,3]): not supported [RD0] 
  FLASH_ATTN_EXT(hsk=64,hsv=64,nh=4,nr23=[1,1],kv=1024,nb=3,mask=1,sinks=1,max_bias=0.000000,logit_softcap=0.000000,prec=f32,type_K=q5_1,type_V=q5_1,permute=[0,1,2,3]): not supported [RD0] 
  FLASH_ATTN_EXT(hsk=64,hsv=64,nh=4,nr23=[1,1],kv=1024,nb=3,mask=1,sinks=1,max_bias=0.000000,logit_softcap=0.000000,prec=f32,type_K=q5_0,type_V=q5_0,permute=[0,1,2,3]): not supported [RD0] 
  FLASH_ATTN_EXT(hsk=64,hsv=64,nh=4,nr23=[1,1],kv=1024,nb=3,mask=1,sinks=1,max_bias=0.000000,logit_softcap=0.000000,prec=f32,type_K=q4_1,type_V=q4_1,permute=[0,1,2,3]): not supported [RD0] 
  FLASH_ATTN_EXT(hsk=64,hsv=64,nh=4,nr23=[1,1],kv=1024,nb=3,mask=1,sinks=1,max_bias=0.000000,logit_softcap=0.000000,prec=f32,type_K=q4_0,type_V=q4_0,permute=[0,1,2,3]): not supported [RD0] 
  FLASH_ATTN_EXT(hsk=64,hsv=64,nh=4,nr23=[1,1],kv=1024,nb=3,mask=1,sinks=1,max_bias=0.000000,logit_softcap=0.000000,prec=f32,type_K=iq4_nl,type_V=iq4_nl,permute=[0,1,2,3]): not supported [RD0] 
  FLASH_ATTN_EXT(hsk=64,hsv=64,nh=4,nr23=[1,1],kv=1024,nb=32,mask=1,sinks=1,max_bias=0.000000,logit_softcap=0.000000,prec=f32,type_K=f32,type_V=f32,permute=[0,1,2,3]): not supported [RD0] 
  FLASH_ATTN_EXT(hsk=64,hsv=64,nh=4,nr23=[1,1],kv=1024,nb=32,mask=1,sinks=1,max_bias=0.000000,logit_softcap=0.000000,prec=f32,type_K=f16,type_V=f16,permute=[0,1,2,3]): not supported [RD0] 
  FLASH_ATTN_EXT(hsk=64,hsv=64,nh=4,nr23=[1,1],kv=1024,nb=32,mask=1,sinks=1,max_bias=0.000000,logit_softcap=0.000000,prec=f32,type_K=bf16,type_V=bf16,permute=[0,1,2,3]): not supported [RD0] 
  FLASH_ATTN_EXT(hsk=64,hsv=64,nh=4,nr23=[1,1],kv=1024,nb=32,mask=1,sinks=1,max_bias=0.000000,logit_softcap=0.000000,prec=f32,type_K=q8_0,type_V=q8_0,permute=[0,1,2,3]): not supported [RD0] 
  FLASH_ATTN_EXT(hsk=64,hsv=64,nh=4,nr23=[1,1],kv=1024,nb=32,mask=1,sinks=1,max_bias=0.000000,logit_softcap=0.000000,prec=f32,type_K=q5_1,type_V=q5_1,permute=[0,1,2,3]): not supported [RD0] 
  FLASH_ATTN_EXT(hsk=64,hsv=64,nh=4,nr23=[1,1],kv=1024,nb=32,mask=1,sinks=1,max_bias=0.000000,logit_softcap=0.000000,prec=f32,type_K=q5_0,type_V=q5_0,permute=[0,1,2,3]): not supported [RD0] 
  FLASH_ATTN_EXT(hsk=64,hsv=64,nh=4,nr23=[1,1],kv=1024,nb=32,mask=1,sinks=1,max_bias=0.000000,logit_softcap=0.000000,prec=f32,type_K=q4_1,type_V=q4_1,permute=[0,1,2,3]): not supported [RD0] 
  FLASH_ATTN_EXT(hsk=64,hsv=64,nh=4,nr23=[1,1],kv=1024,nb=32,mask=1,sinks=1,max_bias=0.000000,logit_softcap=0.000000,prec=f32,type_K=q4_0,type_V=q4_0,permute=[0,1,2,3]): not supported [RD0] 
  FLASH_ATTN_EXT(hsk=64,hsv=64,nh=4,nr23=[1,1],kv=1024,nb=32,mask=1,sinks=1,max_bias=0.000000,logit_softcap=0.000000,prec=f32,type_K=iq4_nl,type_V=iq4_nl,permute=[0,1,2,3]): not supported [RD0] 
  FLASH_ATTN_EXT(hsk=64,hsv=64,nh=4,nr23=[1,1],kv=1024,nb=75,mask=1,sinks=1,max_bias=0.000000,logit_softcap=0.000000,prec=f32,type_K=f32,type_V=f32,permute=[0,1,2,3]): not supported [RD0] 
  FLASH_ATTN_EXT(hsk=64,hsv=64,nh=4,nr23=[1,1],kv=1024,nb=75,mask=1,sinks=1,max_bias=0.000000,logit_softcap=0.000000,prec=f32,type_K=f16,type_V=f16,permute=[0,1,2,3]): not supported [RD0] 
  FLASH_ATTN_EXT(hsk=64,hsv=64,nh=4,nr23=[1,1],kv=1024,nb=75,mask=1,sinks=1,max_bias=0.000000,logit_softcap=0.000000,prec=f32,type_K=bf16,type_V=bf16,permute=[0,1,2,3]): not supported [RD0] 
  FLASH_ATTN_EXT(hsk=64,hsv=64,nh=4,nr23=[1,1],kv=1024,nb=75,mask=1,sinks=1,max_bias=0.000000,logit_softcap=0.000000,prec=f32,type_K=q8_0,type_V=q8_0,permute=[0,1,2,3]): not supported [RD0] 
  FLASH_ATTN_EXT(hsk=64,hsv=64,nh=4,nr23=[1,1],kv=1024,nb=75,mask=1,sinks=1,max_bias=0.000000,logit_softcap=0.000000,prec=f32,type_K=q5_1,type_V=q5_1,permute=[0,1,2,3]): not supported [RD0] 
  FLASH_ATTN_EXT(hsk=64,hsv=64,nh=4,nr23=[1,1],kv=1024,nb=75,mask=1,sinks=1,max_bias=0.000000,logit_softcap=0.000000,prec=f32,type_K=q5_0,type_V=q5_0,permute=[0,1,2,3]): not supported [RD0] 
  FLASH_ATTN_EXT(hsk=64,hsv=64,nh=4,nr23=[1,1],kv=1024,nb=75,mask=1,sinks=1,max_bias=0.000000,logit_softcap=0.000000,prec=f32,type_K=q4_1,type_V=q4_1,permute=[0,1,2,3]): not supported [RD0] 
  FLASH_ATTN_EXT(hsk=64,hsv=64,nh=4,nr23=[1,1],kv=1024,nb=75,mask=1,sinks=1,max_bias=0.000000,logit_softcap=0.000000,prec=f32,type_K=q4_0,type_V=q4_0,permute=[0,1,2,3]): not supported [RD0] 
  FLASH_ATTN_EXT(hsk=64,hsv=64,nh=4,nr23=[1,1],kv=1024,nb=75,mask=1,sinks=1,max_bias=0.000000,logit_softcap=0.000000,prec=f32,type_K=iq4_nl,type_V=iq4_nl,permute=[0,1,2,3]): not supported [RD0] 
  FLASH_ATTN_EXT(hsk=64,hsv=64,nh=4,nr23=[4,1],kv=512,nb=1,mask=1,sinks=1,max_bias=0.000000,logit_softcap=0.000000,prec=f32,type_K=f32,type_V=f32,permute=[0,1,2,3]): not supported [RD0] 
  FLASH_ATTN_EXT(hsk=64,hsv=64,nh=4,nr23=[4,1],kv=512,nb=1,mask=1,sinks=1,max_bias=0.000000,logit_softcap=0.000000,prec=f32,type_K=f32,type_V=f32,permute=[0,2,1,3]): not supported [RD0] 
  FLASH_ATTN_EXT(hsk=64,hsv=64,nh=4,nr23=[4,1],kv=512,nb=1,mask=1,sinks=1,max_bias=0.000000,logit_softcap=0.000000,prec=f32,type_K=f16,type_V=f16,permute=[0,1,2,3]): not supported [RD0] 
  FLASH_ATTN_EXT(hsk=64,hsv=64,nh=4,nr23=[4,1],kv=512,nb=1,mask=1,sinks=1,max_bias=0.000000,logit_softcap=0.000000,prec=f32,type_K=f16,type_V=f16,permute=[0,2,1,3]): not supported [RD0] 
  FLASH_ATTN_EXT(hsk=64,hsv=64,nh=4,nr23=[4,1],kv=512,nb=1,mask=1,sinks=1,max_bias=0.000000,logit_softcap=0.000000,prec=f32,type_K=bf16,type_V=bf16,permute=[0,1,2,3]): not supported [RD0] 
  FLASH_ATTN_EXT(hsk=64,hsv=64,nh=4,nr23=[4,1],kv=512,nb=1,mask=1,sinks=1,max_bias=0.000000,logit_softcap=0.000000,prec=f32,type_K=bf16,type_V=bf16,permute=[0,2,1,3]): not supported [RD0] 
  FLASH_ATTN_EXT(hsk=64,hsv=64,nh=4,nr23=[4,1],kv=512,nb=1,mask=1,sinks=1,max_bias=0.000000,logit_softcap=0.000000,prec=f32,type_K=q8_0,type_V=q8_0,permute=[0,1,2,3]): not supported [RD0] 
  FLASH_ATTN_EXT(hsk=64,hsv=64,nh=4,nr23=[4,1],kv=512,nb=1,mask=1,sinks=1,max_bias=0.000000,logit_softcap=0.000000,prec=f32,type_K=q8_0,type_V=q8_0,permute=[0,2,1,3]): not supported [RD0] 
  FLASH_ATTN_EXT(hsk=64,hsv=64,nh=4,nr23=[4,1],kv=512,nb=1,mask=1,sinks=1,max_bias=0.000000,logit_softcap=0.000000,prec=f32,type_K=q5_1,type_V=q5_1,permute=[0,1,2,3]): not supported [RD0] 
  FLASH_ATTN_EXT(hsk=64,hsv=64,nh=4,nr23=[4,1],kv=512,nb=1,mask=1,sinks=1,max_bias=0.000000,logit_softcap=0.000000,prec=f32,type_K=q5_1,type_V=q5_1,permute=[0,2,1,3]): not supported [RD0] 
  FLASH_ATTN_EXT(hsk=64,hsv=64,nh=4,nr23=[4,1],kv=512,nb=1,mask=1,sinks=1,max_bias=0.000000,logit_softcap=0.000000,prec=f32,type_K=q5_0,type_V=q5_0,permute=[0,1,2,3]): not supported [RD0] 
  FLASH_ATTN_EXT(hsk=64,hsv=64,nh=4,nr23=[4,1],kv=512,nb=1,mask=1,sinks=1,max_bias=0.000000,logit_softcap=0.000000,prec=f32,type_K=q5_0,type_V=q5_0,permute=[0,2,1,3]): not supported [RD0] 
  FLASH_ATTN_EXT(hsk=64,hsv=64,nh=4,nr23=[4,1],kv=512,nb=1,mask=1,sinks=1,max_bias=0.000000,logit_softcap=0.000000,prec=f32,type_K=q4_1,type_V=q4_1,permute=[0,1,2,3]): not supported [RD0] 
  FLASH_ATTN_EXT(hsk=64,hsv=64,nh=4,nr23=[4,1],kv=512,nb=1,mask=1,sinks=1,max_bias=0.000000,logit_softcap=0.000000,prec=f32,type_K=q4_1,type_V=q4_1,permute=[0,2,1,3]): not supported [RD0] 
  FLASH_ATTN_EXT(hsk=64,hsv=64,nh=4,nr23=[4,1],kv=512,nb=1,mask=1,sinks=1,max_bias=0.000000,logit_softcap=0.000000,prec=f32,type_K=q4_0,type_V=q4_0,permute=[0,1,2,3]): not supported [RD0] 
  FLASH_ATTN_EXT(hsk=64,hsv=64,nh=4,nr23=[4,1],kv=512,nb=1,mask=1,sinks=1,max_bias=0.000000,logit_softcap=0.000000,prec=f32,type_K=q4_0,type_V=q4_0,permute=[0,2,1,3]): not supported [RD0] 
  FLASH_ATTN_EXT(hsk=64,hsv=64,nh=4,nr23=[4,1],kv=512,nb=1,mask=1,sinks=1,max_bias=0.000000,logit_softcap=0.000000,prec=f32,type_K=iq4_nl,type_V=iq4_nl,permute=[0,1,2,3]): not supported [RD0] 
  FLASH_ATTN_EXT(hsk=64,hsv=64,nh=4,nr23=[4,1],kv=512,nb=1,mask=1,sinks=1,max_bias=0.000000,logit_softcap=0.000000,prec=f32,type_K=iq4_nl,type_V=iq4_nl,permute=[0,2,1,3]): not supported [RD0] 
  FLASH_ATTN_EXT(hsk=64,hsv=64,nh=4,nr23=[4,1],kv=512,nb=3,mask=1,sinks=1,max_bias=0.000000,logit_softcap=0.000000,prec=f32,type_K=f32,type_V=f32,permute=[0,1,2,3]): not supported [RD0] 
  FLASH_ATTN_EXT(hsk=64,hsv=64,nh=4,nr23=[4,1],kv=512,nb=3,mask=1,sinks=1,max_bias=0.000000,logit_softcap=0.000000,prec=f32,type_K=f32,type_V=f32,permute=[0,2,1,3]): not supported [RD0] 
  FLASH_ATTN_EXT(hsk=64,hsv=64,nh=4,nr23=[4,1],kv=512,nb=3,mask=1,sinks=1,max_bias=0.000000,logit_softcap=0.000000,prec=f32,type_K=f16,type_V=f16,permute=[0,1,2,3]): not supported [RD0] 
  FLASH_ATTN_EXT(hsk=64,hsv=64,nh=4,nr23=[4,1],kv=512,nb=3,mask=1,sinks=1,max_bias=0.000000,logit_softcap=0.000000,prec=f32,type_K=f16,type_V=f16,permute=[0,2,1,3]): not supported [RD0] 
  FLASH_ATTN_EXT(hsk=64,hsv=64,nh=4,nr23=[4,1],kv=512,nb=3,mask=1,sinks=1,max_bias=0.000000,logit_softcap=0.000000,prec=f32,type_K=bf16,type_V=bf16,permute=[0,1,2,3]): not supported [RD0] 
  FLASH_ATTN_EXT(hsk=64,hsv=64,nh=4,nr23=[4,1],kv=512,nb=3,mask=1,sinks=1,max_bias=0.000000,logit_softcap=0.000000,prec=f32,type_K=bf16,type_V=bf16,permute=[0,2,1,3]): not supported [RD0] 
  FLASH_ATTN_EXT(hsk=64,hsv=64,nh=4,nr23=[4,1],kv=512,nb=3,mask=1,sinks=1,max_bias=0.000000,logit_softcap=0.000000,prec=f32,type_K=q8_0,type_V=q8_0,permute=[0,1,2,3]): not supported [RD0] 
  FLASH_ATTN_EXT(hsk=64,hsv=64,nh=4,nr23=[4,1],kv=512,nb=3,mask=1,sinks=1,max_bias=0.000000,logit_softcap=0.000000,prec=f32,type_K=q8_0,type_V=q8_0,permute=[0,2,1,3]): not supported [RD0] 
  FLASH_ATTN_EXT(hsk=64,hsv=64,nh=4,nr23=[4,1],kv=512,nb=3,mask=1,sinks=1,max_bias=0.000000,logit_softcap=0.000000,prec=f32,type_K=q5_1,type_V=q5_1,permute=[0,1,2,3]): not supported [RD0] 
  FLASH_ATTN_EXT(hsk=64,hsv=64,nh=4,nr23=[4,1],kv=512,nb=3,mask=1,sinks=1,max_bias=0.000000,logit_softcap=0.000000,prec=f32,type_K=q5_1,type_V=q5_1,permute=[0,2,1,3]): not supported [RD0] 
  FLASH_ATTN_EXT(hsk=64,hsv=64,nh=4,nr23=[4,1],kv=512,nb=3,mask=1,sinks=1,max_bias=0.000000,logit_softcap=0.000000,prec=f32,type_K=q5_0,type_V=q5_0,permute=[0,1,2,3]): not supported [RD0] 
  FLASH_ATTN_EXT(hsk=64,hsv=64,nh=4,nr23=[4,1],kv=512,nb=3,mask=1,sinks=1,max_bias=0.000000,logit_softcap=0.000000,prec=f32,type_K=q5_0,type_V=q5_0,permute=[0,2,1,3]): not supported [RD0] 
  FLASH_ATTN_EXT(hsk=64,hsv=64,nh=4,nr23=[4,1],kv=512,nb=3,mask=1,sinks=1,max_bias=0.000000,logit_softcap=0.000000,prec=f32,type_K=q4_1,type_V=q4_1,permute=[0,1,2,3]): not supported [RD0] 
  FLASH_ATTN_EXT(hsk=64,hsv=64,nh=4,nr23=[4,1],kv=512,nb=3,mask=1,sinks=1,max_bias=0.000000,logit_softcap=0.000000,prec=f32,type_K=q4_1,type_V=q4_1,permute=[0,2,1,3]): not supported [RD0] 
  FLASH_ATTN_EXT(hsk=64,hsv=64,nh=4,nr23=[4,1],kv=512,nb=3,mask=1,sinks=1,max_bias=0.000000,logit_softcap=0.000000,prec=f32,type_K=q4_0,type_V=q4_0,permute=[0,1,2,3]): not supported [RD0] 
  FLASH_ATTN_EXT(hsk=64,hsv=64,nh=4,nr23=[4,1],kv=512,nb=3,mask=1,sinks=1,max_bias=0.000000,logit_softcap=0.000000,prec=f32,type_K=q4_0,type_V=q4_0,permute=[0,2,1,3]): not supported [RD0] 
  FLASH_ATTN_EXT(hsk=64,hsv=64,nh=4,nr23=[4,1],kv=512,nb=3,mask=1,sinks=1,max_bias=0.000000,logit_softcap=0.000000,prec=f32,type_K=iq4_nl,type_V=iq4_nl,permute=[0,1,2,3]): not supported [RD0] 
  FLASH_ATTN_EXT(hsk=64,hsv=64,nh=4,nr23=[4,1],kv=512,nb=3,mask=1,sinks=1,max_bias=0.000000,logit_softcap=0.000000,prec=f32,type_K=iq4_nl,type_V=iq4_nl,permute=[0,2,1,3]): not supported [RD0] 
  FLASH_ATTN_EXT(hsk=64,hsv=64,nh=4,nr23=[4,1],kv=512,nb=32,mask=1,sinks=1,max_bias=0.000000,logit_softcap=0.000000,prec=f32,type_K=f32,type_V=f32,permute=[0,1,2,3]): not supported [RD0] 
  FLASH_ATTN_EXT(hsk=64,hsv=64,nh=4,nr23=[4,1],kv=512,nb=32,mask=1,sinks=1,max_bias=0.000000,logit_softcap=0.000000,prec=f32,type_K=f32,type_V=f32,permute=[0,2,1,3]): not supported [RD0] 
  FLASH_ATTN_EXT(hsk=64,hsv=64,nh=4,nr23=[4,1],kv=512,nb=32,mask=1,sinks=1,max_bias=0.000000,logit_softcap=0.000000,prec=f32,type_K=f16,type_V=f16,permute=[0,1,2,3]): not supported [RD0] 
  FLASH_ATTN_EXT(hsk=64,hsv=64,nh=4,nr23=[4,1],kv=512,nb=32,mask=1,sinks=1,max_bias=0.000000,logit_softcap=0.000000,prec=f32,type_K=f16,type_V=f16,permute=[0,2,1,3]): not supported [RD0] 
  FLASH_ATTN_EXT(hsk=64,hsv=64,nh=4,nr23=[4,1],kv=512,nb=32,mask=1,sinks=1,max_bias=0.000000,logit_softcap=0.000000,prec=f32,type_K=bf16,type_V=bf16,permute=[0,1,2,3]): not supported [RD0] 
  FLASH_ATTN_EXT(hsk=64,hsv=64,nh=4,nr23=[4,1],kv=512,nb=32,mask=1,sinks=1,max_bias=0.000000,logit_softcap=0.000000,prec=f32,type_K=bf16,type_V=bf16,permute=[0,2,1,3]): not supported [RD0] 
  FLASH_ATTN_EXT(hsk=64,hsv=64,nh=4,nr23=[4,1],kv=512,nb=32,mask=1,sinks=1,max_bias=0.000000,logit_softcap=0.000000,prec=f32,type_K=q8_0,type_V=q8_0,permute=[0,1,2,3]): not supported [RD0] 
  FLASH_ATTN_EXT(hsk=64,hsv=64,nh=4,nr23=[4,1],kv=512,nb=32,mask=1,sinks=1,max_bias=0.000000,logit_softcap=0.000000,prec=f32,type_K=q8_0,type_V=q8_0,permute=[0,2,1,3]): not supported [RD0] 
  FLASH_ATTN_EXT(hsk=64,hsv=64,nh=4,nr23=[4,1],kv=512,nb=32,mask=1,sinks=1,max_bias=0.000000,logit_softcap=0.000000,prec=f32,type_K=q5_1,type_V=q5_1,permute=[0,1,2,3]): not supported [RD0] 
  FLASH_ATTN_EXT(hsk=64,hsv=64,nh=4,nr23=[4,1],kv=512,nb=32,mask=1,sinks=1,max_bias=0.000000,logit_softcap=0.000000,prec=f32,type_K=q5_1,type_V=q5_1,permute=[0,2,1,3]): not supported [RD0] 
  FLASH_ATTN_EXT(hsk=64,hsv=64,nh=4,nr23=[4,1],kv=512,nb=32,mask=1,sinks=1,max_bias=0.000000,logit_softcap=0.000000,prec=f32,type_K=q5_0,type_V=q5_0,permute=[0,1,2,3]): not supported [RD0] 
  FLASH_ATTN_EXT(hsk=64,hsv=64,nh=4,nr23=[4,1],kv=512,nb=32,mask=1,sinks=1,max_bias=0.000000,logit_softcap=0.000000,prec=f32,type_K=q5_0,type_V=q5_0,permute=[0,2,1,3]): not supported [RD0] 
  FLASH_ATTN_EXT(hsk=64,hsv=64,nh=4,nr23=[4,1],kv=512,nb=32,mask=1,sinks=1,max_bias=0.000000,logit_softcap=0.000000,prec=f32,type_K=q4_1,type_V=q4_1,permute=[0,1,2,3]): not supported [RD0] 
  FLASH_ATTN_EXT(hsk=64,hsv=64,nh=4,nr23=[4,1],kv=512,nb=32,mask=1,sinks=1,max_bias=0.000000,logit_softcap=0.000000,prec=f32,type_K=q4_1,type_V=q4_1,permute=[0,2,1,3]): not supported [RD0] 
  FLASH_ATTN_EXT(hsk=64,hsv=64,nh=4,nr23=[4,1],kv=512,nb=32,mask=1,sinks=1,max_bias=0.000000,logit_softcap=0.000000,prec=f32,type_K=q4_0,type_V=q4_0,permute=[0,1,2,3]): not supported [RD0] 
  FLASH_ATTN_EXT(hsk=64,hsv=64,nh=4,nr23=[4,1],kv=512,nb=32,mask=1,sinks=1,max_bias=0.000000,logit_softcap=0.000000,prec=f32,type_K=q4_0,type_V=q4_0,permute=[0,2,1,3]): not supported [RD0] 
  FLASH_ATTN_EXT(hsk=64,hsv=64,nh=4,nr23=[4,1],kv=512,nb=32,mask=1,sinks=1,max_bias=0.000000,logit_softcap=0.000000,prec=f32,type_K=iq4_nl,type_V=iq4_nl,permute=[0,1,2,3]): not supported [RD0] 
  FLASH_ATTN_EXT(hsk=64,hsv=64,nh=4,nr23=[4,1],kv=512,nb=32,mask=1,sinks=1,max_bias=0.000000,logit_softcap=0.000000,prec=f32,type_K=iq4_nl,type_V=iq4_nl,permute=[0,2,1,3]): not supported [RD0] 
  FLASH_ATTN_EXT(hsk=64,hsv=64,nh=4,nr23=[4,1],kv=512,nb=75,mask=1,sinks=1,max_bias=0.000000,logit_softcap=0.000000,prec=f32,type_K=f32,type_V=f32,permute=[0,1,2,3]): not supported [RD0] 
  FLASH_ATTN_EXT(hsk=64,hsv=64,nh=4,nr23=[4,1],kv=512,nb=75,mask=1,sinks=1,max_bias=0.000000,logit_softcap=0.000000,prec=f32,type_K=f32,type_V=f32,permute=[0,2,1,3]): not supported [RD0] 
  FLASH_ATTN_EXT(hsk=64,hsv=64,nh=4,nr23=[4,1],kv=512,nb=75,mask=1,sinks=1,max_bias=0.000000,logit_softcap=0.000000,prec=f32,type_K=f16,type_V=f16,permute=[0,1,2,3]): not supported [RD0] 
  FLASH_ATTN_EXT(hsk=64,hsv=64,nh=4,nr23=[4,1],kv=512,nb=75,mask=1,sinks=1,max_bias=0.000000,logit_softcap=0.000000,prec=f32,type_K=f16,type_V=f16,permute=[0,2,1,3]): not supported [RD0] 
  FLASH_ATTN_EXT(hsk=64,hsv=64,nh=4,nr23=[4,1],kv=512,nb=75,mask=1,sinks=1,max_bias=0.000000,logit_softcap=0.000000,prec=f32,type_K=bf16,type_V=bf16,permute=[0,1,2,3]): not supported [RD0] 
  FLASH_ATTN_EXT(hsk=64,hsv=64,nh=4,nr23=[4,1],kv=512,nb=75,mask=1,sinks=1,max_bias=0.000000,logit_softcap=0.000000,prec=f32,type_K=bf16,type_V=bf16,permute=[0,2,1,3]): not supported [RD0] 
  FLASH_ATTN_EXT(hsk=64,hsv=64,nh=4,nr23=[4,1],kv=512,nb=75,mask=1,sinks=1,max_bias=0.000000,logit_softcap=0.000000,prec=f32,type_K=q8_0,type_V=q8_0,permute=[0,1,2,3]): not supported [RD0] 
  FLASH_ATTN_EXT(hsk=64,hsv=64,nh=4,nr23=[4,1],kv=512,nb=75,mask=1,sinks=1,max_bias=0.000000,logit_softcap=0.000000,prec=f32,type_K=q8_0,type_V=q8_0,permute=[0,2,1,3]): not supported [RD0] 
  FLASH_ATTN_EXT(hsk=64,hsv=64,nh=4,nr23=[4,1],kv=512,nb=75,mask=1,sinks=1,max_bias=0.000000,logit_softcap=0.000000,prec=f32,type_K=q5_1,type_V=q5_1,permute=[0,1,2,3]): not supported [RD0] 
  FLASH_ATTN_EXT(hsk=64,hsv=64,nh=4,nr23=[4,1],kv=512,nb=75,mask=1,sinks=1,max_bias=0.000000,logit_softcap=0.000000,prec=f32,type_K=q5_1,type_V=q5_1,permute=[0,2,1,3]): not supported [RD0] 
  FLASH_ATTN_EXT(hsk=64,hsv=64,nh=4,nr23=[4,1],kv=512,nb=75,mask=1,sinks=1,max_bias=0.000000,logit_softcap=0.000000,prec=f32,type_K=q5_0,type_V=q5_0,permute=[0,1,2,3]): not supported [RD0] 
  FLASH_ATTN_EXT(hsk=64,hsv=64,nh=4,nr23=[4,1],kv=512,nb=75,mask=1,sinks=1,max_bias=0.000000,logit_softcap=0.000000,prec=f32,type_K=q5_0,type_V=q5_0,permute=[0,2,1,3]): not supported [RD0] 
  FLASH_ATTN_EXT(hsk=64,hsv=64,nh=4,nr23=[4,1],kv=512,nb=75,mask=1,sinks=1,max_bias=0.000000,logit_softcap=0.000000,prec=f32,type_K=q4_1,type_V=q4_1,permute=[0,1,2,3]): not supported [RD0] 
  FLASH_ATTN_EXT(hsk=64,hsv=64,nh=4,nr23=[4,1],kv=512,nb=75,mask=1,sinks=1,max_bias=0.000000,logit_softcap=0.000000,prec=f32,type_K=q4_1,type_V=q4_1,permute=[0,2,1,3]): not supported [RD0] 
  FLASH_ATTN_EXT(hsk=64,hsv=64,nh=4,nr23=[4,1],kv=512,nb=75,mask=1,sinks=1,max_bias=0.000000,logit_softcap=0.000000,prec=f32,type_K=q4_0,type_V=q4_0,permute=[0,1,2,3]): not supported [RD0] 
  FLASH_ATTN_EXT(hsk=64,hsv=64,nh=4,nr23=[4,1],kv=512,nb=75,mask=1,sinks=1,max_bias=0.000000,logit_softcap=0.000000,prec=f32,type_K=q4_0,type_V=q4_0,permute=[0,2,1,3]): not supported [RD0] 
  FLASH_ATTN_EXT(hsk=64,hsv=64,nh=4,nr23=[4,1],kv=512,nb=75,mask=1,sinks=1,max_bias=0.000000,logit_softcap=0.000000,prec=f32,type_K=iq4_nl,type_V=iq4_nl,permute=[0,1,2,3]): not supported [RD0] 
  FLASH_ATTN_EXT(hsk=64,hsv=64,nh=4,nr23=[4,1],kv=512,nb=75,mask=1,sinks=1,max_bias=0.000000,logit_softcap=0.000000,prec=f32,type_K=iq4_nl,type_V=iq4_nl,permute=[0,2,1,3]): not supported [RD0] 
  FLASH_ATTN_EXT(hsk=64,hsv=64,nh=4,nr23=[1,3],kv=113,nb=1,mask=1,sinks=1,max_bias=0.000000,logit_softcap=0.000000,prec=f32,type_K=f32,type_V=f32,permute=[0,1,2,3]): not supported [RD0] 
  FLASH_ATTN_EXT(hsk=64,hsv=64,nh=4,nr23=[1,3],kv=113,nb=1,mask=1,sinks=1,max_bias=0.000000,logit_softcap=0.000000,prec=f32,type_K=f16,type_V=f16,permute=[0,1,2,3]): not supported [RD0] 
  FLASH_ATTN_EXT(hsk=64,hsv=64,nh=4,nr23=[1,3],kv=113,nb=1,mask=1,sinks=1,max_bias=0.000000,logit_softcap=0.000000,prec=f32,type_K=bf16,type_V=bf16,permute=[0,1,2,3]): not supported [RD0] 
  FLASH_ATTN_EXT(hsk=64,hsv=64,nh=4,nr23=[1,3],kv=113,nb=1,mask=1,sinks=1,max_bias=0.000000,logit_softcap=0.000000,prec=f32,type_K=q8_0,type_V=q8_0,permute=[0,1,2,3]): not supported [RD0] 
  FLASH_ATTN_EXT(hsk=64,hsv=64,nh=4,nr23=[1,3],kv=113,nb=1,mask=1,sinks=1,max_bias=0.000000,logit_softcap=0.000000,prec=f32,type_K=q5_1,type_V=q5_1,permute=[0,1,2,3]): not supported [RD0] 
  FLASH_ATTN_EXT(hsk=64,hsv=64,nh=4,nr23=[1,3],kv=113,nb=1,mask=1,sinks=1,max_bias=0.000000,logit_softcap=0.000000,prec=f32,type_K=q5_0,type_V=q5_0,permute=[0,1,2,3]): not supported [RD0] 
  FLASH_ATTN_EXT(hsk=64,hsv=64,nh=4,nr23=[1,3],kv=113,nb=1,mask=1,sinks=1,max_bias=0.000000,logit_softcap=0.000000,prec=f32,type_K=q4_1,type_V=q4_1,permute=[0,1,2,3]): not supported [RD0] 
  FLASH_ATTN_EXT(hsk=64,hsv=64,nh=4,nr23=[1,3],kv=113,nb=1,mask=1,sinks=1,max_bias=0.000000,logit_softcap=0.000000,prec=f32,type_K=q4_0,type_V=q4_0,permute=[0,1,2,3]): not supported [RD0] 
  FLASH_ATTN_EXT(hsk=64,hsv=64,nh=4,nr23=[1,3],kv=113,nb=1,mask=1,sinks=1,max_bias=0.000000,logit_softcap=0.000000,prec=f32,type_K=iq4_nl,type_V=iq4_nl,permute=[0,1,2,3]): not supported [RD0] 
  FLASH_ATTN_EXT(hsk=64,hsv=64,nh=4,nr23=[1,3],kv=113,nb=3,mask=1,sinks=1,max_bias=0.000000,logit_softcap=0.000000,prec=f32,type_K=f32,type_V=f32,permute=[0,1,2,3]): not supported [RD0] 
  FLASH_ATTN_EXT(hsk=64,hsv=64,nh=4,nr23=[1,3],kv=113,nb=3,mask=1,sinks=1,max_bias=0.000000,logit_softcap=0.000000,prec=f32,type_K=f16,type_V=f16,permute=[0,1,2,3]): not supported [RD0] 
  FLASH_ATTN_EXT(hsk=64,hsv=64,nh=4,nr23=[1,3],kv=113,nb=3,mask=1,sinks=1,max_bias=0.000000,logit_softcap=0.000000,prec=f32,type_K=bf16,type_V=bf16,permute=[0,1,2,3]): not supported [RD0] 
  FLASH_ATTN_EXT(hsk=64,hsv=64,nh=4,nr23=[1,3],kv=113,nb=3,mask=1,sinks=1,max_bias=0.000000,logit_softcap=0.000000,prec=f32,type_K=q8_0,type_V=q8_0,permute=[0,1,2,3]): not supported [RD0] 
  FLASH_ATTN_EXT(hsk=64,hsv=64,nh=4,nr23=[1,3],kv=113,nb=3,mask=1,sinks=1,max_bias=0.000000,logit_softcap=0.000000,prec=f32,type_K=q5_1,type_V=q5_1,permute=[0,1,2,3]): not supported [RD0] 
  FLASH_ATTN_EXT(hsk=64,hsv=64,nh=4,nr23=[1,3],kv=113,nb=3,mask=1,sinks=1,max_bias=0.000000,logit_softcap=0.000000,prec=f32,type_K=q5_0,type_V=q5_0,permute=[0,1,2,3]): not supported [RD0] 
  FLASH_ATTN_EXT(hsk=64,hsv=64,nh=4,nr23=[1,3],kv=113,nb=3,mask=1,sinks=1,max_bias=0.000000,logit_softcap=0.000000,prec=f32,type_K=q4_1,type_V=q4_1,permute=[0,1,2,3]): not supported [RD0] 
  FLASH_ATTN_EXT(hsk=64,hsv=64,nh=4,nr23=[1,3],kv=113,nb=3,mask=1,sinks=1,max_bias=0.000000,logit_softcap=0.000000,prec=f32,type_K=q4_0,type_V=q4_0,permute=[0,1,2,3]): not supported [RD0] 
  FLASH_ATTN_EXT(hsk=64,hsv=64,nh=4,nr23=[1,3],kv=113,nb=3,mask=1,sinks=1,max_bias=0.000000,logit_softcap=0.000000,prec=f32,type_K=iq4_nl,type_V=iq4_nl,permute=[0,1,2,3]): not supported [RD0] 
  FLASH_ATTN_EXT(hsk=64,hsv=64,nh=4,nr23=[1,3],kv=113,nb=32,mask=1,sinks=1,max_bias=0.000000,logit_softcap=0.000000,prec=f32,type_K=f32,type_V=f32,permute=[0,1,2,3]): not supported [RD0] 
  FLASH_ATTN_EXT(hsk=64,hsv=64,nh=4,nr23=[1,3],kv=113,nb=32,mask=1,sinks=1,max_bias=0.000000,logit_softcap=0.000000,prec=f32,type_K=f16,type_V=f16,permute=[0,1,2,3]): not supported [RD0] 
  FLASH_ATTN_EXT(hsk=64,hsv=64,nh=4,nr23=[1,3],kv=113,nb=32,mask=1,sinks=1,max_bias=0.000000,logit_softcap=0.000000,prec=f32,type_K=bf16,type_V=bf16,permute=[0,1,2,3]): not supported [RD0] 
  FLASH_ATTN_EXT(hsk=64,hsv=64,nh=4,nr23=[1,3],kv=113,nb=32,mask=1,sinks=1,max_bias=0.000000,logit_softcap=0.000000,prec=f32,type_K=q8_0,type_V=q8_0,permute=[0,1,2,3]): not supported [RD0] 
  FLASH_ATTN_EXT(hsk=64,hsv=64,nh=4,nr23=[1,3],kv=113,nb=32,mask=1,sinks=1,max_bias=0.000000,logit_softcap=0.000000,prec=f32,type_K=q5_1,type_V=q5_1,permute=[0,1,2,3]): not supported [RD0] 
  FLASH_ATTN_EXT(hsk=64,hsv=64,nh=4,nr23=[1,3],kv=113,nb=32,mask=1,sinks=1,max_bias=0.000000,logit_softcap=0.000000,prec=f32,type_K=q5_0,type_V=q5_0,permute=[0,1,2,3]): not supported [RD0] 
  FLASH_ATTN_EXT(hsk=64,hsv=64,nh=4,nr23=[1,3],kv=113,nb=32,mask=1,sinks=1,max_bias=0.000000,logit_softcap=0.000000,prec=f32,type_K=q4_1,type_V=q4_1,permute=[0,1,2,3]): not supported [RD0] 
  FLASH_ATTN_EXT(hsk=64,hsv=64,nh=4,nr23=[1,3],kv=113,nb=32,mask=1,sinks=1,max_bias=0.000000,logit_softcap=0.000000,prec=f32,type_K=q4_0,type_V=q4_0,permute=[0,1,2,3]): not supported [RD0] 
  FLASH_ATTN_EXT(hsk=64,hsv=64,nh=4,nr23=[1,3],kv=113,nb=32,mask=1,sinks=1,max_bias=0.000000,logit_softcap=0.000000,prec=f32,type_K=iq4_nl,type_V=iq4_nl,permute=[0,1,2,3]): not supported [RD0] 
  FLASH_ATTN_EXT(hsk=64,hsv=64,nh=4,nr23=[1,3],kv=113,nb=75,mask=1,sinks=1,max_bias=0.000000,logit_softcap=0.000000,prec=f32,type_K=f32,type_V=f32,permute=[0,1,2,3]): not supported [RD0] 
  FLASH_ATTN_EXT(hsk=64,hsv=64,nh=4,nr23=[1,3],kv=113,nb=75,mask=1,sinks=1,max_bias=0.000000,logit_softcap=0.000000,prec=f32,type_K=f16,type_V=f16,permute=[0,1,2,3]): not supported [RD0] 
  FLASH_ATTN_EXT(hsk=64,hsv=64,nh=4,nr23=[1,3],kv=113,nb=75,mask=1,sinks=1,max_bias=0.000000,logit_softcap=0.000000,prec=f32,type_K=bf16,type_V=bf16,permute=[0,1,2,3]): not supported [RD0] 
  FLASH_ATTN_EXT(hsk=64,hsv=64,nh=4,nr23=[1,3],kv=113,nb=75,mask=1,sinks=1,max_bias=0.000000,logit_softcap=0.000000,prec=f32,type_K=q8_0,type_V=q8_0,permute=[0,1,2,3]): not supported [RD0] 
  FLASH_ATTN_EXT(hsk=64,hsv=64,nh=4,nr23=[1,3],kv=113,nb=75,mask=1,sinks=1,max_bias=0.000000,logit_softcap=0.000000,prec=f32,type_K=q5_1,type_V=q5_1,permute=[0,1,2,3]): not supported [RD0] 
  FLASH_ATTN_EXT(hsk=64,hsv=64,nh=4,nr23=[1,3],kv=113,nb=75,mask=1,sinks=1,max_bias=0.000000,logit_softcap=0.000000,prec=f32,type_K=q5_0,type_V=q5_0,permute=[0,1,2,3]): not supported [RD0] 
  FLASH_ATTN_EXT(hsk=64,hsv=64,nh=4,nr23=[1,3],kv=113,nb=75,mask=1,sinks=1,max_bias=0.000000,logit_softcap=0.000000,prec=f32,type_K=q4_1,type_V=q4_1,permute=[0,1,2,3]): not supported [RD0] 
  FLASH_ATTN_EXT(hsk=64,hsv=64,nh=4,nr23=[1,3],kv=113,nb=75,mask=1,sinks=1,max_bias=0.000000,logit_softcap=0.000000,prec=f32,type_K=q4_0,type_V=q4_0,permute=[0,1,2,3]): not supported [RD0] 
  FLASH_ATTN_EXT(hsk=64,hsv=64,nh=4,nr23=[1,3],kv=113,nb=75,mask=1,sinks=1,max_bias=0.000000,logit_softcap=0.000000,prec=f32,type_K=iq4_nl,type_V=iq4_nl,permute=[0,1,2,3]): not supported [RD0] 
  FLASH_ATTN_EXT(hsk=64,hsv=64,nh=4,nr23=[1,3],kv=512,nb=1,mask=1,sinks=1,max_bias=0.000000,logit_softcap=0.000000,prec=f32,type_K=f32,type_V=f32,permute=[0,1,2,3]): not supported [RD0] 
  FLASH_ATTN_EXT(hsk=64,hsv=64,nh=4,nr23=[1,3],kv=512,nb=1,mask=1,sinks=1,max_bias=0.000000,logit_softcap=0.000000,prec=f32,type_K=f32,type_V=f32,permute=[0,2,1,3]): not supported [RD0] 
  FLASH_ATTN_EXT(hsk=64,hsv=64,nh=4,nr23=[1,3],kv=512,nb=1,mask=1,sinks=1,max_bias=0.000000,logit_softcap=0.000000,prec=f32,type_K=f16,type_V=f16,permute=[0,1,2,3]): not supported [RD0] 
  FLASH_ATTN_EXT(hsk=64,hsv=64,nh=4,nr23=[1,3],kv=512,nb=1,mask=1,sinks=1,max_bias=0.000000,logit_softcap=0.000000,prec=f32,type_K=f16,type_V=f16,permute=[0,2,1,3]): not supported [RD0] 
  FLASH_ATTN_EXT(hsk=64,hsv=64,nh=4,nr23=[1,3],kv=512,nb=1,mask=1,sinks=1,max_bias=0.000000,logit_softcap=0.000000,prec=f32,type_K=bf16,type_V=bf16,permute=[0,1,2,3]): not supported [RD0] 
  FLASH_ATTN_EXT(hsk=64,hsv=64,nh=4,nr23=[1,3],kv=512,nb=1,mask=1,sinks=1,max_bias=0.000000,logit_softcap=0.000000,prec=f32,type_K=bf16,type_V=bf16,permute=[0,2,1,3]): not supported [RD0] 
  FLASH_ATTN_EXT(hsk=64,hsv=64,nh=4,nr23=[1,3],kv=512,nb=1,mask=1,sinks=1,max_bias=0.000000,logit_softcap=0.000000,prec=f32,type_K=q8_0,type_V=q8_0,permute=[0,1,2,3]): not supported [RD0] 
  FLASH_ATTN_EXT(hsk=64,hsv=64,nh=4,nr23=[1,3],kv=512,nb=1,mask=1,sinks=1,max_bias=0.000000,logit_softcap=0.000000,prec=f32,type_K=q8_0,type_V=q8_0,permute=[0,2,1,3]): not supported [RD0] 
  FLASH_ATTN_EXT(hsk=64,hsv=64,nh=4,nr23=[1,3],kv=512,nb=1,mask=1,sinks=1,max_bias=0.000000,logit_softcap=0.000000,prec=f32,type_K=q5_1,type_V=q5_1,permute=[0,1,2,3]): not supported [RD0] 
  FLASH_ATTN_EXT(hsk=64,hsv=64,nh=4,nr23=[1,3],kv=512,nb=1,mask=1,sinks=1,max_bias=0.000000,logit_softcap=0.000000,prec=f32,type_K=q5_1,type_V=q5_1,permute=[0,2,1,3]): not supported [RD0] 
  FLASH_ATTN_EXT(hsk=64,hsv=64,nh=4,nr23=[1,3],kv=512,nb=1,mask=1,sinks=1,max_bias=0.000000,logit_softcap=0.000000,prec=f32,type_K=q5_0,type_V=q5_0,permute=[0,1,2,3]): not supported [RD0] 
  FLASH_ATTN_EXT(hsk=64,hsv=64,nh=4,nr23=[1,3],kv=512,nb=1,mask=1,sinks=1,max_bias=0.000000,logit_softcap=0.000000,prec=f32,type_K=q5_0,type_V=q5_0,permute=[0,2,1,3]): not supported [RD0] 
  FLASH_ATTN_EXT(hsk=64,hsv=64,nh=4,nr23=[1,3],kv=512,nb=1,mask=1,sinks=1,max_bias=0.000000,logit_softcap=0.000000,prec=f32,type_K=q4_1,type_V=q4_1,permute=[0,1,2,3]): not supported [RD0] 
  FLASH_ATTN_EXT(hsk=64,hsv=64,nh=4,nr23=[1,3],kv=512,nb=1,mask=1,sinks=1,max_bias=0.000000,logit_softcap=0.000000,prec=f32,type_K=q4_1,type_V=q4_1,permute=[0,2,1,3]): not supported [RD0] 
  FLASH_ATTN_EXT(hsk=64,hsv=64,nh=4,nr23=[1,3],kv=512,nb=1,mask=1,sinks=1,max_bias=0.000000,logit_softcap=0.000000,prec=f32,type_K=q4_0,type_V=q4_0,permute=[0,1,2,3]): not supported [RD0] 
  FLASH_ATTN_EXT(hsk=64,hsv=64,nh=4,nr23=[1,3],kv=512,nb=1,mask=1,sinks=1,max_bias=0.000000,logit_softcap=0.000000,prec=f32,type_K=q4_0,type_V=q4_0,permute=[0,2,1,3]): not supported [RD0] 
  FLASH_ATTN_EXT(hsk=64,hsv=64,nh=4,nr23=[1,3],kv=512,nb=1,mask=1,sinks=1,max_bias=0.000000,logit_softcap=0.000000,prec=f32,type_K=iq4_nl,type_V=iq4_nl,permute=[0,1,2,3]): not supported [RD0] 
  FLASH_ATTN_EXT(hsk=64,hsv=64,nh=4,nr23=[1,3],kv=512,nb=1,mask=1,sinks=1,max_bias=0.000000,logit_softcap=0.000000,prec=f32,type_K=iq4_nl,type_V=iq4_nl,permute=[0,2,1,3]): not supported [RD0] 
  FLASH_ATTN_EXT(hsk=64,hsv=64,nh=4,nr23=[1,3],kv=512,nb=3,mask=1,sinks=1,max_bias=0.000000,logit_softcap=0.000000,prec=f32,type_K=f32,type_V=f32,permute=[0,1,2,3]): not supported [RD0] 
  FLASH_ATTN_EXT(hsk=64,hsv=64,nh=4,nr23=[1,3],kv=512,nb=3,mask=1,sinks=1,max_bias=0.000000,logit_softcap=0.000000,prec=f32,type_K=f32,type_V=f32,permute=[0,2,1,3]): not supported [RD0] 
  FLASH_ATTN_EXT(hsk=64,hsv=64,nh=4,nr23=[1,3],kv=512,nb=3,mask=1,sinks=1,max_bias=0.000000,logit_softcap=0.000000,prec=f32,type_K=f16,type_V=f16,permute=[0,1,2,3]): not supported [RD0] 
  FLASH_ATTN_EXT(hsk=64,hsv=64,nh=4,nr23=[1,3],kv=512,nb=3,mask=1,sinks=1,max_bias=0.000000,logit_softcap=0.000000,prec=f32,type_K=f16,type_V=f16,permute=[0,2,1,3]): not supported [RD0] 
  FLASH_ATTN_EXT(hsk=64,hsv=64,nh=4,nr23=[1,3],kv=512,nb=3,mask=1,sinks=1,max_bias=0.000000,logit_softcap=0.000000,prec=f32,type_K=bf16,type_V=bf16,permute=[0,1,2,3]): not supported [RD0] 
  FLASH_ATTN_EXT(hsk=64,hsv=64,nh=4,nr23=[1,3],kv=512,nb=3,mask=1,sinks=1,max_bias=0.000000,logit_softcap=0.000000,prec=f32,type_K=bf16,type_V=bf16,permute=[0,2,1,3]): not supported [RD0] 
  FLASH_ATTN_EXT(hsk=64,hsv=64,nh=4,nr23=[1,3],kv=512,nb=3,mask=1,sinks=1,max_bias=0.000000,logit_softcap=0.000000,prec=f32,type_K=q8_0,type_V=q8_0,permute=[0,1,2,3]): not supported [RD0] 
  FLASH_ATTN_EXT(hsk=64,hsv=64,nh=4,nr23=[1,3],kv=512,nb=3,mask=1,sinks=1,max_bias=0.000000,logit_softcap=0.000000,prec=f32,type_K=q8_0,type_V=q8_0,permute=[0,2,1,3]): not supported [RD0] 
  FLASH_ATTN_EXT(hsk=64,hsv=64,nh=4,nr23=[1,3],kv=512,nb=3,mask=1,sinks=1,max_bias=0.000000,logit_softcap=0.000000,prec=f32,type_K=q5_1,type_V=q5_1,permute=[0,1,2,3]): not supported [RD0] 
  FLASH_ATTN_EXT(hsk=64,hsv=64,nh=4,nr23=[1,3],kv=512,nb=3,mask=1,sinks=1,max_bias=0.000000,logit_softcap=0.000000,prec=f32,type_K=q5_1,type_V=q5_1,permute=[0,2,1,3]): not supported [RD0] 
  FLASH_ATTN_EXT(hsk=64,hsv=64,nh=4,nr23=[1,3],kv=512,nb=3,mask=1,sinks=1,max_bias=0.000000,logit_softcap=0.000000,prec=f32,type_K=q5_0,type_V=q5_0,permute=[0,1,2,3]): not supported [RD0] 
  FLASH_ATTN_EXT(hsk=64,hsv=64,nh=4,nr23=[1,3],kv=512,nb=3,mask=1,sinks=1,max_bias=0.000000,logit_softcap=0.000000,prec=f32,type_K=q5_0,type_V=q5_0,permute=[0,2,1,3]): not supported [RD0] 
  FLASH_ATTN_EXT(hsk=64,hsv=64,nh=4,nr23=[1,3],kv=512,nb=3,mask=1,sinks=1,max_bias=0.000000,logit_softcap=0.000000,prec=f32,type_K=q4_1,type_V=q4_1,permute=[0,1,2,3]): not supported [RD0] 
  FLASH_ATTN_EXT(hsk=64,hsv=64,nh=4,nr23=[1,3],kv=512,nb=3,mask=1,sinks=1,max_bias=0.000000,logit_softcap=0.000000,prec=f32,type_K=q4_1,type_V=q4_1,permute=[0,2,1,3]): not supported [RD0] 
  FLASH_ATTN_EXT(hsk=64,hsv=64,nh=4,nr23=[1,3],kv=512,nb=3,mask=1,sinks=1,max_bias=0.000000,logit_softcap=0.000000,prec=f32,type_K=q4_0,type_V=q4_0,permute=[0,1,2,3]): not supported [RD0] 
  FLASH_ATTN_EXT(hsk=64,hsv=64,nh=4,nr23=[1,3],kv=512,nb=3,mask=1,sinks=1,max_bias=0.000000,logit_softcap=0.000000,prec=f32,type_K=q4_0,type_V=q4_0,permute=[0,2,1,3]): not supported [RD0] 
  FLASH_ATTN_EXT(hsk=64,hsv=64,nh=4,nr23=[1,3],kv=512,nb=3,mask=1,sinks=1,max_bias=0.000000,logit_softcap=0.000000,prec=f32,type_K=iq4_nl,type_V=iq4_nl,permute=[0,1,2,3]): not supported [RD0] 
  FLASH_ATTN_EXT(hsk=64,hsv=64,nh=4,nr23=[1,3],kv=512,nb=3,mask=1,sinks=1,max_bias=0.000000,logit_softcap=0.000000,prec=f32,type_K=iq4_nl,type_V=iq4_nl,permute=[0,2,1,3]): not supported [RD0] 
  FLASH_ATTN_EXT(hsk=64,hsv=64,nh=4,nr23=[1,3],kv=512,nb=32,mask=1,sinks=1,max_bias=0.000000,logit_softcap=0.000000,prec=f32,type_K=f32,type_V=f32,permute=[0,1,2,3]): not supported [RD0] 
  FLASH_ATTN_EXT(hsk=64,hsv=64,nh=4,nr23=[1,3],kv=512,nb=32,mask=1,sinks=1,max_bias=0.000000,logit_softcap=0.000000,prec=f32,type_K=f32,type_V=f32,permute=[0,2,1,3]): not supported [RD0] 
  FLASH_ATTN_EXT(hsk=64,hsv=64,nh=4,nr23=[1,3],kv=512,nb=32,mask=1,sinks=1,max_bias=0.000000,logit_softcap=0.000000,prec=f32,type_K=f16,type_V=f16,permute=[0,1,2,3]): not supported [RD0] 
  FLASH_ATTN_EXT(hsk=64,hsv=64,nh=4,nr23=[1,3],kv=512,nb=32,mask=1,sinks=1,max_bias=0.000000,logit_softcap=0.000000,prec=f32,type_K=f16,type_V=f16,permute=[0,2,1,3]): not supported [RD0] 
  FLASH_ATTN_EXT(hsk=64,hsv=64,nh=4,nr23=[1,3],kv=512,nb=32,mask=1,sinks=1,max_bias=0.000000,logit_softcap=0.000000,prec=f32,type_K=bf16,type_V=bf16,permute=[0,1,2,3]): not supported [RD0] 
  FLASH_ATTN_EXT(hsk=64,hsv=64,nh=4,nr23=[1,3],kv=512,nb=32,mask=1,sinks=1,max_bias=0.000000,logit_softcap=0.000000,prec=f32,type_K=bf16,type_V=bf16,permute=[0,2,1,3]): not supported [RD0] 
  FLASH_ATTN_EXT(hsk=64,hsv=64,nh=4,nr23=[1,3],kv=512,nb=32,mask=1,sinks=1,max_bias=0.000000,logit_softcap=0.000000,prec=f32,type_K=q8_0,type_V=q8_0,permute=[0,1,2,3]): not supported [RD0] 
  FLASH_ATTN_EXT(hsk=64,hsv=64,nh=4,nr23=[1,3],kv=512,nb=32,mask=1,sinks=1,max_bias=0.000000,logit_softcap=0.000000,prec=f32,type_K=q8_0,type_V=q8_0,permute=[0,2,1,3]): not supported [RD0] 
  FLASH_ATTN_EXT(hsk=64,hsv=64,nh=4,nr23=[1,3],kv=512,nb=32,mask=1,sinks=1,max_bias=0.000000,logit_softcap=0.000000,prec=f32,type_K=q5_1,type_V=q5_1,permute=[0,1,2,3]): not supported [RD0] 
  FLASH_ATTN_EXT(hsk=64,hsv=64,nh=4,nr23=[1,3],kv=512,nb=32,mask=1,sinks=1,max_bias=0.000000,logit_softcap=0.000000,prec=f32,type_K=q5_1,type_V=q5_1,permute=[0,2,1,3]): not supported [RD0] 
  FLASH_ATTN_EXT(hsk=64,hsv=64,nh=4,nr23=[1,3],kv=512,nb=32,mask=1,sinks=1,max_bias=0.000000,logit_softcap=0.000000,prec=f32,type_K=q5_0,type_V=q5_0,permute=[0,1,2,3]): not supported [RD0] 
  FLASH_ATTN_EXT(hsk=64,hsv=64,nh=4,nr23=[1,3],kv=512,nb=32,mask=1,sinks=1,max_bias=0.000000,logit_softcap=0.000000,prec=f32,type_K=q5_0,type_V=q5_0,permute=[0,2,1,3]): not supported [RD0] 
  FLASH_ATTN_EXT(hsk=64,hsv=64,nh=4,nr23=[1,3],kv=512,nb=32,mask=1,sinks=1,max_bias=0.000000,logit_softcap=0.000000,prec=f32,type_K=q4_1,type_V=q4_1,permute=[0,1,2,3]): not supported [RD0] 
  FLASH_ATTN_EXT(hsk=64,hsv=64,nh=4,nr23=[1,3],kv=512,nb=32,mask=1,sinks=1,max_bias=0.000000,logit_softcap=0.000000,prec=f32,type_K=q4_1,type_V=q4_1,permute=[0,2,1,3]): not supported [RD0] 
  FLASH_ATTN_EXT(hsk=64,hsv=64,nh=4,nr23=[1,3],kv=512,nb=32,mask=1,sinks=1,max_bias=0.000000,logit_softcap=0.000000,prec=f32,type_K=q4_0,type_V=q4_0,permute=[0,1,2,3]): not supported [RD0] 
  FLASH_ATTN_EXT(hsk=64,hsv=64,nh=4,nr23=[1,3],kv=512,nb=32,mask=1,sinks=1,max_bias=0.000000,logit_softcap=0.000000,prec=f32,type_K=q4_0,type_V=q4_0,permute=[0,2,1,3]): not supported [RD0] 
  FLASH_ATTN_EXT(hsk=64,hsv=64,nh=4,nr23=[1,3],kv=512,nb=32,mask=1,sinks=1,max_bias=0.000000,logit_softcap=0.000000,prec=f32,type_K=iq4_nl,type_V=iq4_nl,permute=[0,1,2,3]): not supported [RD0] 
  FLASH_ATTN_EXT(hsk=64,hsv=64,nh=4,nr23=[1,3],kv=512,nb=32,mask=1,sinks=1,max_bias=0.000000,logit_softcap=0.000000,prec=f32,type_K=iq4_nl,type_V=iq4_nl,permute=[0,2,1,3]): not supported [RD0] 
  FLASH_ATTN_EXT(hsk=64,hsv=64,nh=4,nr23=[1,3],kv=512,nb=75,mask=1,sinks=1,max_bias=0.000000,logit_softcap=0.000000,prec=f32,type_K=f32,type_V=f32,permute=[0,1,2,3]): not supported [RD0] 
  FLASH_ATTN_EXT(hsk=64,hsv=64,nh=4,nr23=[1,3],kv=512,nb=75,mask=1,sinks=1,max_bias=0.000000,logit_softcap=0.000000,prec=f32,type_K=f32,type_V=f32,permute=[0,2,1,3]): not supported [RD0] 
  FLASH_ATTN_EXT(hsk=64,hsv=64,nh=4,nr23=[1,3],kv=512,nb=75,mask=1,sinks=1,max_bias=0.000000,logit_softcap=0.000000,prec=f32,type_K=f16,type_V=f16,permute=[0,1,2,3]): not supported [RD0] 
  FLASH_ATTN_EXT(hsk=64,hsv=64,nh=4,nr23=[1,3],kv=512,nb=75,mask=1,sinks=1,max_bias=0.000000,logit_softcap=0.000000,prec=f32,type_K=f16,type_V=f16,permute=[0,2,1,3]): not supported [RD0] 
  FLASH_ATTN_EXT(hsk=64,hsv=64,nh=4,nr23=[1,3],kv=512,nb=75,mask=1,sinks=1,max_bias=0.000000,logit_softcap=0.000000,prec=f32,type_K=bf16,type_V=bf16,permute=[0,1,2,3]): not supported [RD0] 
  FLASH_ATTN_EXT(hsk=64,hsv=64,nh=4,nr23=[1,3],kv=512,nb=75,mask=1,sinks=1,max_bias=0.000000,logit_softcap=0.000000,prec=f32,type_K=bf16,type_V=bf16,permute=[0,2,1,3]): not supported [RD0] 
  FLASH_ATTN_EXT(hsk=64,hsv=64,nh=4,nr23=[1,3],kv=512,nb=75,mask=1,sinks=1,max_bias=0.000000,logit_softcap=0.000000,prec=f32,type_K=q8_0,type_V=q8_0,permute=[0,1,2,3]): not supported [RD0] 
  FLASH_ATTN_EXT(hsk=64,hsv=64,nh=4,nr23=[1,3],kv=512,nb=75,mask=1,sinks=1,max_bias=0.000000,logit_softcap=0.000000,prec=f32,type_K=q8_0,type_V=q8_0,permute=[0,2,1,3]): not supported [RD0] 
  FLASH_ATTN_EXT(hsk=64,hsv=64,nh=4,nr23=[1,3],kv=512,nb=75,mask=1,sinks=1,max_bias=0.000000,logit_softcap=0.000000,prec=f32,type_K=q5_1,type_V=q5_1,permute=[0,1,2,3]): not supported [RD0] 
  FLASH_ATTN_EXT(hsk=64,hsv=64,nh=4,nr23=[1,3],kv=512,nb=75,mask=1,sinks=1,max_bias=0.000000,logit_softcap=0.000000,prec=f32,type_K=q5_1,type_V=q5_1,permute=[0,2,1,3]): not supported [RD0] 
  FLASH_ATTN_EXT(hsk=64,hsv=64,nh=4,nr23=[1,3],kv=512,nb=75,mask=1,sinks=1,max_bias=0.000000,logit_softcap=0.000000,prec=f32,type_K=q5_0,type_V=q5_0,permute=[0,1,2,3]): not supported [RD0] 
  FLASH_ATTN_EXT(hsk=64,hsv=64,nh=4,nr23=[1,3],kv=512,nb=75,mask=1,sinks=1,max_bias=0.000000,logit_softcap=0.000000,prec=f32,type_K=q5_0,type_V=q5_0,permute=[0,2,1,3]): not supported [RD0] 
  FLASH_ATTN_EXT(hsk=64,hsv=64,nh=4,nr23=[1,3],kv=512,nb=75,mask=1,sinks=1,max_bias=0.000000,logit_softcap=0.000000,prec=f32,type_K=q4_1,type_V=q4_1,permute=[0,1,2,3]): not supported [RD0] 
  FLASH_ATTN_EXT(hsk=64,hsv=64,nh=4,nr23=[1,3],kv=512,nb=75,mask=1,sinks=1,max_bias=0.000000,logit_softcap=0.000000,prec=f32,type_K=q4_1,type_V=q4_1,permute=[0,2,1,3]): not supported [RD0] 
  FLASH_ATTN_EXT(hsk=64,hsv=64,nh=4,nr23=[1,3],kv=512,nb=75,mask=1,sinks=1,max_bias=0.000000,logit_softcap=0.000000,prec=f32,type_K=q4_0,type_V=q4_0,permute=[0,1,2,3]): not supported [RD0] 
  FLASH_ATTN_EXT(hsk=64,hsv=64,nh=4,nr23=[1,3],kv=512,nb=75,mask=1,sinks=1,max_bias=0.000000,logit_softcap=0.000000,prec=f32,type_K=q4_0,type_V=q4_0,permute=[0,2,1,3]): not supported [RD0] 
  FLASH_ATTN_EXT(hsk=64,hsv=64,nh=4,nr23=[1,3],kv=512,nb=75,mask=1,sinks=1,max_bias=0.000000,logit_softcap=0.000000,prec=f32,type_K=iq4_nl,type_V=iq4_nl,permute=[0,1,2,3]): not supported [RD0] 
  FLASH_ATTN_EXT(hsk=64,hsv=64,nh=4,nr23=[1,3],kv=512,nb=75,mask=1,sinks=1,max_bias=0.000000,logit_softcap=0.000000,prec=f32,type_K=iq4_nl,type_V=iq4_nl,permute=[0,2,1,3]): not supported [RD0] 
  FLASH_ATTN_EXT(hsk=64,hsv=64,nh=4,nr23=[1,3],kv=1024,nb=1,mask=1,sinks=1,max_bias=0.000000,logit_softcap=0.000000,prec=f32,type_K=f32,type_V=f32,permute=[0,1,2,3]): not supported [RD0] 
  FLASH_ATTN_EXT(hsk=64,hsv=64,nh=4,nr23=[1,3],kv=1024,nb=1,mask=1,sinks=1,max_bias=0.000000,logit_softcap=0.000000,prec=f32,type_K=f16,type_V=f16,permute=[0,1,2,3]): not supported [RD0] 
  FLASH_ATTN_EXT(hsk=64,hsv=64,nh=4,nr23=[1,3],kv=1024,nb=1,mask=1,sinks=1,max_bias=0.000000,logit_softcap=0.000000,prec=f32,type_K=bf16,type_V=bf16,permute=[0,1,2,3]): not supported [RD0] 
  FLASH_ATTN_EXT(hsk=64,hsv=64,nh=4,nr23=[1,3],kv=1024,nb=1,mask=1,sinks=1,max_bias=0.000000,logit_softcap=0.000000,prec=f32,type_K=q8_0,type_V=q8_0,permute=[0,1,2,3]): not supported [RD0] 
  FLASH_ATTN_EXT(hsk=64,hsv=64,nh=4,nr23=[1,3],kv=1024,nb=1,mask=1,sinks=1,max_bias=0.000000,logit_softcap=0.000000,prec=f32,type_K=q5_1,type_V=q5_1,permute=[0,1,2,3]): not supported [RD0] 
  FLASH_ATTN_EXT(hsk=64,hsv=64,nh=4,nr23=[1,3],kv=1024,nb=1,mask=1,sinks=1,max_bias=0.000000,logit_softcap=0.000000,prec=f32,type_K=q5_0,type_V=q5_0,permute=[0,1,2,3]): not supported [RD0] 
  FLASH_ATTN_EXT(hsk=64,hsv=64,nh=4,nr23=[1,3],kv=1024,nb=1,mask=1,sinks=1,max_bias=0.000000,logit_softcap=0.000000,prec=f32,type_K=q4_1,type_V=q4_1,permute=[0,1,2,3]): not supported [RD0] 
  FLASH_ATTN_EXT(hsk=64,hsv=64,nh=4,nr23=[1,3],kv=1024,nb=1,mask=1,sinks=1,max_bias=0.000000,logit_softcap=0.000000,prec=f32,type_K=q4_0,type_V=q4_0,permute=[0,1,2,3]): not supported [RD0] 
  FLASH_ATTN_EXT(hsk=64,hsv=64,nh=4,nr23=[1,3],kv=1024,nb=1,mask=1,sinks=1,max_bias=0.000000,logit_softcap=0.000000,prec=f32,type_K=iq4_nl,type_V=iq4_nl,permute=[0,1,2,3]): not supported [RD0] 
  FLASH_ATTN_EXT(hsk=64,hsv=64,nh=4,nr23=[1,3],kv=1024,nb=3,mask=1,sinks=1,max_bias=0.000000,logit_softcap=0.000000,prec=f32,type_K=f32,type_V=f32,permute=[0,1,2,3]): not supported [RD0] 
  FLASH_ATTN_EXT(hsk=64,hsv=64,nh=4,nr23=[1,3],kv=1024,nb=3,mask=1,sinks=1,max_bias=0.000000,logit_softcap=0.000000,prec=f32,type_K=f16,type_V=f16,permute=[0,1,2,3]): not supported [RD0] 
  FLASH_ATTN_EXT(hsk=64,hsv=64,nh=4,nr23=[1,3],kv=1024,nb=3,mask=1,sinks=1,max_bias=0.000000,logit_softcap=0.000000,prec=f32,type_K=bf16,type_V=bf16,permute=[0,1,2,3]): not supported [RD0] 
  FLASH_ATTN_EXT(hsk=64,hsv=64,nh=4,nr23=[1,3],kv=1024,nb=3,mask=1,sinks=1,max_bias=0.000000,logit_softcap=0.000000,prec=f32,type_K=q8_0,type_V=q8_0,permute=[0,1,2,3]): not supported [RD0] 
  FLASH_ATTN_EXT(hsk=64,hsv=64,nh=4,nr23=[1,3],kv=1024,nb=3,mask=1,sinks=1,max_bias=0.000000,logit_softcap=0.000000,prec=f32,type_K=q5_1,type_V=q5_1,permute=[0,1,2,3]): not supported [RD0] 
  FLASH_ATTN_EXT(hsk=64,hsv=64,nh=4,nr23=[1,3],kv=1024,nb=3,mask=1,sinks=1,max_bias=0.000000,logit_softcap=0.000000,prec=f32,type_K=q5_0,type_V=q5_0,permute=[0,1,2,3]): not supported [RD0] 
  FLASH_ATTN_EXT(hsk=64,hsv=64,nh=4,nr23=[1,3],kv=1024,nb=3,mask=1,sinks=1,max_bias=0.000000,logit_softcap=0.000000,prec=f32,type_K=q4_1,type_V=q4_1,permute=[0,1,2,3]): not supported [RD0] 
  FLASH_ATTN_EXT(hsk=64,hsv=64,nh=4,nr23=[1,3],kv=1024,nb=3,mask=1,sinks=1,max_bias=0.000000,logit_softcap=0.000000,prec=f32,type_K=q4_0,type_V=q4_0,permute=[0,1,2,3]): not supported [RD0] 
  FLASH_ATTN_EXT(hsk=64,hsv=64,nh=4,nr23=[1,3],kv=1024,nb=3,mask=1,sinks=1,max_bias=0.000000,logit_softcap=0.000000,prec=f32,type_K=iq4_nl,type_V=iq4_nl,permute=[0,1,2,3]): not supported [RD0] 
  FLASH_ATTN_EXT(hsk=64,hsv=64,nh=4,nr23=[1,3],kv=1024,nb=32,mask=1,sinks=1,max_bias=0.000000,logit_softcap=0.000000,prec=f32,type_K=f32,type_V=f32,permute=[0,1,2,3]): not supported [RD0] 
  FLASH_ATTN_EXT(hsk=64,hsv=64,nh=4,nr23=[1,3],kv=1024,nb=32,mask=1,sinks=1,max_bias=0.000000,logit_softcap=0.000000,prec=f32,type_K=f16,type_V=f16,permute=[0,1,2,3]): not supported [RD0] 
  FLASH_ATTN_EXT(hsk=64,hsv=64,nh=4,nr23=[1,3],kv=1024,nb=32,mask=1,sinks=1,max_bias=0.000000,logit_softcap=0.000000,prec=f32,type_K=bf16,type_V=bf16,permute=[0,1,2,3]): not supported [RD0] 
  FLASH_ATTN_EXT(hsk=64,hsv=64,nh=4,nr23=[1,3],kv=1024,nb=32,mask=1,sinks=1,max_bias=0.000000,logit_softcap=0.000000,prec=f32,type_K=q8_0,type_V=q8_0,permute=[0,1,2,3]): not supported [RD0] 
  FLASH_ATTN_EXT(hsk=64,hsv=64,nh=4,nr23=[1,3],kv=1024,nb=32,mask=1,sinks=1,max_bias=0.000000,logit_softcap=0.000000,prec=f32,type_K=q5_1,type_V=q5_1,permute=[0,1,2,3]): not supported [RD0] 
  FLASH_ATTN_EXT(hsk=64,hsv=64,nh=4,nr23=[1,3],kv=1024,nb=32,mask=1,sinks=1,max_bias=0.000000,logit_softcap=0.000000,prec=f32,type_K=q5_0,type_V=q5_0,permute=[0,1,2,3]): not supported [RD0] 
  FLASH_ATTN_EXT(hsk=64,hsv=64,nh=4,nr23=[1,3],kv=1024,nb=32,mask=1,sinks=1,max_bias=0.000000,logit_softcap=0.000000,prec=f32,type_K=q4_1,type_V=q4_1,permute=[0,1,2,3]): not supported [RD0] 
  FLASH_ATTN_EXT(hsk=64,hsv=64,nh=4,nr23=[1,3],kv=1024,nb=32,mask=1,sinks=1,max_bias=0.000000,logit_softcap=0.000000,prec=f32,type_K=q4_0,type_V=q4_0,permute=[0,1,2,3]): not supported [RD0] 
  FLASH_ATTN_EXT(hsk=64,hsv=64,nh=4,nr23=[1,3],kv=1024,nb=32,mask=1,sinks=1,max_bias=0.000000,logit_softcap=0.000000,prec=f32,type_K=iq4_nl,type_V=iq4_nl,permute=[0,1,2,3]): not supported [RD0] 
  FLASH_ATTN_EXT(hsk=64,hsv=64,nh=4,nr23=[1,3],kv=1024,nb=75,mask=1,sinks=1,max_bias=0.000000,logit_softcap=0.000000,prec=f32,type_K=f32,type_V=f32,permute=[0,1,2,3]): not supported [RD0] 
  FLASH_ATTN_EXT(hsk=64,hsv=64,nh=4,nr23=[1,3],kv=1024,nb=75,mask=1,sinks=1,max_bias=0.000000,logit_softcap=0.000000,prec=f32,type_K=f16,type_V=f16,permute=[0,1,2,3]): not supported [RD0] 
  FLASH_ATTN_EXT(hsk=64,hsv=64,nh=4,nr23=[1,3],kv=1024,nb=75,mask=1,sinks=1,max_bias=0.000000,logit_softcap=0.000000,prec=f32,type_K=bf16,type_V=bf16,permute=[0,1,2,3]): not supported [RD0] 
  FLASH_ATTN_EXT(hsk=64,hsv=64,nh=4,nr23=[1,3],kv=1024,nb=75,mask=1,sinks=1,max_bias=0.000000,logit_softcap=0.000000,prec=f32,type_K=q8_0,type_V=q8_0,permute=[0,1,2,3]): not supported [RD0] 
  FLASH_ATTN_EXT(hsk=64,hsv=64,nh=4,nr23=[1,3],kv=1024,nb=75,mask=1,sinks=1,max_bias=0.000000,logit_softcap=0.000000,prec=f32,type_K=q5_1,type_V=q5_1,permute=[0,1,2,3]): not supported [RD0] 
  FLASH_ATTN_EXT(hsk=64,hsv=64,nh=4,nr23=[1,3],kv=1024,nb=75,mask=1,sinks=1,max_bias=0.000000,logit_softcap=0.000000,prec=f32,type_K=q5_0,type_V=q5_0,permute=[0,1,2,3]): not supported [RD0] 
  FLASH_ATTN_EXT(hsk=64,hsv=64,nh=4,nr23=[1,3],kv=1024,nb=75,mask=1,sinks=1,max_bias=0.000000,logit_softcap=0.000000,prec=f32,type_K=q4_1,type_V=q4_1,permute=[0,1,2,3]): not supported [RD0] 
  FLASH_ATTN_EXT(hsk=64,hsv=64,nh=4,nr23=[1,3],kv=1024,nb=75,mask=1,sinks=1,max_bias=0.000000,logit_softcap=0.000000,prec=f32,type_K=q4_0,type_V=q4_0,permute=[0,1,2,3]): not supported [RD0] 
  FLASH_ATTN_EXT(hsk=64,hsv=64,nh=4,nr23=[1,3],kv=1024,nb=75,mask=1,sinks=1,max_bias=0.000000,logit_softcap=0.000000,prec=f32,type_K=iq4_nl,type_V=iq4_nl,permute=[0,1,2,3]): not supported [RD0] 
  FLASH_ATTN_EXT(hsk=64,hsv=64,nh=4,nr23=[4,3],kv=512,nb=1,mask=1,sinks=1,max_bias=0.000000,logit_softcap=0.000000,prec=f32,type_K=f32,type_V=f32,permute=[0,1,2,3]): not supported [RD0] 
  FLASH_ATTN_EXT(hsk=64,hsv=64,nh=4,nr23=[4,3],kv=512,nb=1,mask=1,sinks=1,max_bias=0.000000,logit_softcap=0.000000,prec=f32,type_K=f32,type_V=f32,permute=[0,2,1,3]): not supported [RD0] 
  FLASH_ATTN_EXT(hsk=64,hsv=64,nh=4,nr23=[4,3],kv=512,nb=1,mask=1,sinks=1,max_bias=0.000000,logit_softcap=0.000000,prec=f32,type_K=f16,type_V=f16,permute=[0,1,2,3]): not supported [RD0] 
  FLASH_ATTN_EXT(hsk=64,hsv=64,nh=4,nr23=[4,3],kv=512,nb=1,mask=1,sinks=1,max_bias=0.000000,logit_softcap=0.000000,prec=f32,type_K=f16,type_V=f16,permute=[0,2,1,3]): not supported [RD0] 
  FLASH_ATTN_EXT(hsk=64,hsv=64,nh=4,nr23=[4,3],kv=512,nb=1,mask=1,sinks=1,max_bias=0.000000,logit_softcap=0.000000,prec=f32,type_K=bf16,type_V=bf16,permute=[0,1,2,3]): not supported [RD0] 
  FLASH_ATTN_EXT(hsk=64,hsv=64,nh=4,nr23=[4,3],kv=512,nb=1,mask=1,sinks=1,max_bias=0.000000,logit_softcap=0.000000,prec=f32,type_K=bf16,type_V=bf16,permute=[0,2,1,3]): not supported [RD0] 
  FLASH_ATTN_EXT(hsk=64,hsv=64,nh=4,nr23=[4,3],kv=512,nb=1,mask=1,sinks=1,max_bias=0.000000,logit_softcap=0.000000,prec=f32,type_K=q8_0,type_V=q8_0,permute=[0,1,2,3]): not supported [RD0] 
  FLASH_ATTN_EXT(hsk=64,hsv=64,nh=4,nr23=[4,3],kv=512,nb=1,mask=1,sinks=1,max_bias=0.000000,logit_softcap=0.000000,prec=f32,type_K=q8_0,type_V=q8_0,permute=[0,2,1,3]): not supported [RD0] 
  FLASH_ATTN_EXT(hsk=64,hsv=64,nh=4,nr23=[4,3],kv=512,nb=1,mask=1,sinks=1,max_bias=0.000000,logit_softcap=0.000000,prec=f32,type_K=q5_1,type_V=q5_1,permute=[0,1,2,3]): not supported [RD0] 
  FLASH_ATTN_EXT(hsk=64,hsv=64,nh=4,nr23=[4,3],kv=512,nb=1,mask=1,sinks=1,max_bias=0.000000,logit_softcap=0.000000,prec=f32,type_K=q5_1,type_V=q5_1,permute=[0,2,1,3]): not supported [RD0] 
  FLASH_ATTN_EXT(hsk=64,hsv=64,nh=4,nr23=[4,3],kv=512,nb=1,mask=1,sinks=1,max_bias=0.000000,logit_softcap=0.000000,prec=f32,type_K=q5_0,type_V=q5_0,permute=[0,1,2,3]): not supported [RD0] 
  FLASH_ATTN_EXT(hsk=64,hsv=64,nh=4,nr23=[4,3],kv=512,nb=1,mask=1,sinks=1,max_bias=0.000000,logit_softcap=0.000000,prec=f32,type_K=q5_0,type_V=q5_0,permute=[0,2,1,3]): not supported [RD0] 
  FLASH_ATTN_EXT(hsk=64,hsv=64,nh=4,nr23=[4,3],kv=512,nb=1,mask=1,sinks=1,max_bias=0.000000,logit_softcap=0.000000,prec=f32,type_K=q4_1,type_V=q4_1,permute=[0,1,2,3]): not supported [RD0] 
  FLASH_ATTN_EXT(hsk=64,hsv=64,nh=4,nr23=[4,3],kv=512,nb=1,mask=1,sinks=1,max_bias=0.000000,logit_softcap=0.000000,prec=f32,type_K=q4_1,type_V=q4_1,permute=[0,2,1,3]): not supported [RD0] 
  FLASH_ATTN_EXT(hsk=64,hsv=64,nh=4,nr23=[4,3],kv=512,nb=1,mask=1,sinks=1,max_bias=0.000000,logit_softcap=0.000000,prec=f32,type_K=q4_0,type_V=q4_0,permute=[0,1,2,3]): not supported [RD0] 
  FLASH_ATTN_EXT(hsk=64,hsv=64,nh=4,nr23=[4,3],kv=512,nb=1,mask=1,sinks=1,max_bias=0.000000,logit_softcap=0.000000,prec=f32,type_K=q4_0,type_V=q4_0,permute=[0,2,1,3]): not supported [RD0] 
  FLASH_ATTN_EXT(hsk=64,hsv=64,nh=4,nr23=[4,3],kv=512,nb=1,mask=1,sinks=1,max_bias=0.000000,logit_softcap=0.000000,prec=f32,type_K=iq4_nl,type_V=iq4_nl,permute=[0,1,2,3]): not supported [RD0] 
  FLASH_ATTN_EXT(hsk=64,hsv=64,nh=4,nr23=[4,3],kv=512,nb=1,mask=1,sinks=1,max_bias=0.000000,logit_softcap=0.000000,prec=f32,type_K=iq4_nl,type_V=iq4_nl,permute=[0,2,1,3]): not supported [RD0] 
  FLASH_ATTN_EXT(hsk=64,hsv=64,nh=4,nr23=[4,3],kv=512,nb=3,mask=1,sinks=1,max_bias=0.000000,logit_softcap=0.000000,prec=f32,type_K=f32,type_V=f32,permute=[0,1,2,3]): not supported [RD0] 
  FLASH_ATTN_EXT(hsk=64,hsv=64,nh=4,nr23=[4,3],kv=512,nb=3,mask=1,sinks=1,max_bias=0.000000,logit_softcap=0.000000,prec=f32,type_K=f32,type_V=f32,permute=[0,2,1,3]): not supported [RD0] 
  FLASH_ATTN_EXT(hsk=64,hsv=64,nh=4,nr23=[4,3],kv=512,nb=3,mask=1,sinks=1,max_bias=0.000000,logit_softcap=0.000000,prec=f32,type_K=f16,type_V=f16,permute=[0,1,2,3]): not supported [RD0] 
  FLASH_ATTN_EXT(hsk=64,hsv=64,nh=4,nr23=[4,3],kv=512,nb=3,mask=1,sinks=1,max_bias=0.000000,logit_softcap=0.000000,prec=f32,type_K=f16,type_V=f16,permute=[0,2,1,3]): not supported [RD0] 
  FLASH_ATTN_EXT(hsk=64,hsv=64,nh=4,nr23=[4,3],kv=512,nb=3,mask=1,sinks=1,max_bias=0.000000,logit_softcap=0.000000,prec=f32,type_K=bf16,type_V=bf16,permute=[0,1,2,3]): not supported [RD0] 
  FLASH_ATTN_EXT(hsk=64,hsv=64,nh=4,nr23=[4,3],kv=512,nb=3,mask=1,sinks=1,max_bias=0.000000,logit_softcap=0.000000,prec=f32,type_K=bf16,type_V=bf16,permute=[0,2,1,3]): not supported [RD0] 
  FLASH_ATTN_EXT(hsk=64,hsv=64,nh=4,nr23=[4,3],kv=512,nb=3,mask=1,sinks=1,max_bias=0.000000,logit_softcap=0.000000,prec=f32,type_K=q8_0,type_V=q8_0,permute=[0,1,2,3]): not supported [RD0] 
  FLASH_ATTN_EXT(hsk=64,hsv=64,nh=4,nr23=[4,3],kv=512,nb=3,mask=1,sinks=1,max_bias=0.000000,logit_softcap=0.000000,prec=f32,type_K=q8_0,type_V=q8_0,permute=[0,2,1,3]): not supported [RD0] 
  FLASH_ATTN_EXT(hsk=64,hsv=64,nh=4,nr23=[4,3],kv=512,nb=3,mask=1,sinks=1,max_bias=0.000000,logit_softcap=0.000000,prec=f32,type_K=q5_1,type_V=q5_1,permute=[0,1,2,3]): not supported [RD0] 
  FLASH_ATTN_EXT(hsk=64,hsv=64,nh=4,nr23=[4,3],kv=512,nb=3,mask=1,sinks=1,max_bias=0.000000,logit_softcap=0.000000,prec=f32,type_K=q5_1,type_V=q5_1,permute=[0,2,1,3]): not supported [RD0] 
  FLASH_ATTN_EXT(hsk=64,hsv=64,nh=4,nr23=[4,3],kv=512,nb=3,mask=1,sinks=1,max_bias=0.000000,logit_softcap=0.000000,prec=f32,type_K=q5_0,type_V=q5_0,permute=[0,1,2,3]): not supported [RD0] 
  FLASH_ATTN_EXT(hsk=64,hsv=64,nh=4,nr23=[4,3],kv=512,nb=3,mask=1,sinks=1,max_bias=0.000000,logit_softcap=0.000000,prec=f32,type_K=q5_0,type_V=q5_0,permute=[0,2,1,3]): not supported [RD0] 
  FLASH_ATTN_EXT(hsk=64,hsv=64,nh=4,nr23=[4,3],kv=512,nb=3,mask=1,sinks=1,max_bias=0.000000,logit_softcap=0.000000,prec=f32,type_K=q4_1,type_V=q4_1,permute=[0,1,2,3]): not supported [RD0] 
  FLASH_ATTN_EXT(hsk=64,hsv=64,nh=4,nr23=[4,3],kv=512,nb=3,mask=1,sinks=1,max_bias=0.000000,logit_softcap=0.000000,prec=f32,type_K=q4_1,type_V=q4_1,permute=[0,2,1,3]): not supported [RD0] 
  FLASH_ATTN_EXT(hsk=64,hsv=64,nh=4,nr23=[4,3],kv=512,nb=3,mask=1,sinks=1,max_bias=0.000000,logit_softcap=0.000000,prec=f32,type_K=q4_0,type_V=q4_0,permute=[0,1,2,3]): not supported [RD0] 
  FLASH_ATTN_EXT(hsk=64,hsv=64,nh=4,nr23=[4,3],kv=512,nb=3,mask=1,sinks=1,max_bias=0.000000,logit_softcap=0.000000,prec=f32,type_K=q4_0,type_V=q4_0,permute=[0,2,1,3]): not supported [RD0] 
  FLASH_ATTN_EXT(hsk=64,hsv=64,nh=4,nr23=[4,3],kv=512,nb=3,mask=1,sinks=1,max_bias=0.000000,logit_softcap=0.000000,prec=f32,type_K=iq4_nl,type_V=iq4_nl,permute=[0,1,2,3]): not supported [RD0] 
  FLASH_ATTN_EXT(hsk=64,hsv=64,nh=4,nr23=[4,3],kv=512,nb=3,mask=1,sinks=1,max_bias=0.000000,logit_softcap=0.000000,prec=f32,type_K=iq4_nl,type_V=iq4_nl,permute=[0,2,1,3]): not supported [RD0] 
  FLASH_ATTN_EXT(hsk=64,hsv=64,nh=4,nr23=[4,3],kv=512,nb=32,mask=1,sinks=1,max_bias=0.000000,logit_softcap=0.000000,prec=f32,type_K=f32,type_V=f32,permute=[0,1,2,3]): not supported [RD0] 
  FLASH_ATTN_EXT(hsk=64,hsv=64,nh=4,nr23=[4,3],kv=512,nb=32,mask=1,sinks=1,max_bias=0.000000,logit_softcap=0.000000,prec=f32,type_K=f32,type_V=f32,permute=[0,2,1,3]): not supported [RD0] 
  FLASH_ATTN_EXT(hsk=64,hsv=64,nh=4,nr23=[4,3],kv=512,nb=32,mask=1,sinks=1,max_bias=0.000000,logit_softcap=0.000000,prec=f32,type_K=f16,type_V=f16,permute=[0,1,2,3]): not supported [RD0] 
  FLASH_ATTN_EXT(hsk=64,hsv=64,nh=4,nr23=[4,3],kv=512,nb=32,mask=1,sinks=1,max_bias=0.000000,logit_softcap=0.000000,prec=f32,type_K=f16,type_V=f16,permute=[0,2,1,3]): not supported [RD0] 
  FLASH_ATTN_EXT(hsk=64,hsv=64,nh=4,nr23=[4,3],kv=512,nb=32,mask=1,sinks=1,max_bias=0.000000,logit_softcap=0.000000,prec=f32,type_K=bf16,type_V=bf16,permute=[0,1,2,3]): not supported [RD0] 
  FLASH_ATTN_EXT(hsk=64,hsv=64,nh=4,nr23=[4,3],kv=512,nb=32,mask=1,sinks=1,max_bias=0.000000,logit_softcap=0.000000,prec=f32,type_K=bf16,type_V=bf16,permute=[0,2,1,3]): not supported [RD0] 
  FLASH_ATTN_EXT(hsk=64,hsv=64,nh=4,nr23=[4,3],kv=512,nb=32,mask=1,sinks=1,max_bias=0.000000,logit_softcap=0.000000,prec=f32,type_K=q8_0,type_V=q8_0,permute=[0,1,2,3]): not supported [RD0] 
  FLASH_ATTN_EXT(hsk=64,hsv=64,nh=4,nr23=[4,3],kv=512,nb=32,mask=1,sinks=1,max_bias=0.000000,logit_softcap=0.000000,prec=f32,type_K=q8_0,type_V=q8_0,permute=[0,2,1,3]): not supported [RD0] 
  FLASH_ATTN_EXT(hsk=64,hsv=64,nh=4,nr23=[4,3],kv=512,nb=32,mask=1,sinks=1,max_bias=0.000000,logit_softcap=0.000000,prec=f32,type_K=q5_1,type_V=q5_1,permute=[0,1,2,3]): not supported [RD0] 
  FLASH_ATTN_EXT(hsk=64,hsv=64,nh=4,nr23=[4,3],kv=512,nb=32,mask=1,sinks=1,max_bias=0.000000,logit_softcap=0.000000,prec=f32,type_K=q5_1,type_V=q5_1,permute=[0,2,1,3]): not supported [RD0] 
  FLASH_ATTN_EXT(hsk=64,hsv=64,nh=4,nr23=[4,3],kv=512,nb=32,mask=1,sinks=1,max_bias=0.000000,logit_softcap=0.000000,prec=f32,type_K=q5_0,type_V=q5_0,permute=[0,1,2,3]): not supported [RD0] 
  FLASH_ATTN_EXT(hsk=64,hsv=64,nh=4,nr23=[4,3],kv=512,nb=32,mask=1,sinks=1,max_bias=0.000000,logit_softcap=0.000000,prec=f32,type_K=q5_0,type_V=q5_0,permute=[0,2,1,3]): not supported [RD0] 
  FLASH_ATTN_EXT(hsk=64,hsv=64,nh=4,nr23=[4,3],kv=512,nb=32,mask=1,sinks=1,max_bias=0.000000,logit_softcap=0.000000,prec=f32,type_K=q4_1,type_V=q4_1,permute=[0,1,2,3]): not supported [RD0] 
  FLASH_ATTN_EXT(hsk=64,hsv=64,nh=4,nr23=[4,3],kv=512,nb=32,mask=1,sinks=1,max_bias=0.000000,logit_softcap=0.000000,prec=f32,type_K=q4_1,type_V=q4_1,permute=[0,2,1,3]): not supported [RD0] 
  FLASH_ATTN_EXT(hsk=64,hsv=64,nh=4,nr23=[4,3],kv=512,nb=32,mask=1,sinks=1,max_bias=0.000000,logit_softcap=0.000000,prec=f32,type_K=q4_0,type_V=q4_0,permute=[0,1,2,3]): not supported [RD0] 
  FLASH_ATTN_EXT(hsk=64,hsv=64,nh=4,nr23=[4,3],kv=512,nb=32,mask=1,sinks=1,max_bias=0.000000,logit_softcap=0.000000,prec=f32,type_K=q4_0,type_V=q4_0,permute=[0,2,1,3]): not supported [RD0] 
  FLASH_ATTN_EXT(hsk=64,hsv=64,nh=4,nr23=[4,3],kv=512,nb=32,mask=1,sinks=1,max_bias=0.000000,logit_softcap=0.000000,prec=f32,type_K=iq4_nl,type_V=iq4_nl,permute=[0,1,2,3]): not supported [RD0] 
  FLASH_ATTN_EXT(hsk=64,hsv=64,nh=4,nr23=[4,3],kv=512,nb=32,mask=1,sinks=1,max_bias=0.000000,logit_softcap=0.000000,prec=f32,type_K=iq4_nl,type_V=iq4_nl,permute=[0,2,1,3]): not supported [RD0] 
  FLASH_ATTN_EXT(hsk=64,hsv=64,nh=4,nr23=[4,3],kv=512,nb=75,mask=1,sinks=1,max_bias=0.000000,logit_softcap=0.000000,prec=f32,type_K=f32,type_V=f32,permute=[0,1,2,3]): not supported [RD0] 
  FLASH_ATTN_EXT(hsk=64,hsv=64,nh=4,nr23=[4,3],kv=512,nb=75,mask=1,sinks=1,max_bias=0.000000,logit_softcap=0.000000,prec=f32,type_K=f32,type_V=f32,permute=[0,2,1,3]): not supported [RD0] 
  FLASH_ATTN_EXT(hsk=64,hsv=64,nh=4,nr23=[4,3],kv=512,nb=75,mask=1,sinks=1,max_bias=0.000000,logit_softcap=0.000000,prec=f32,type_K=f16,type_V=f16,permute=[0,1,2,3]): not supported [RD0] 
  FLASH_ATTN_EXT(hsk=64,hsv=64,nh=4,nr23=[4,3],kv=512,nb=75,mask=1,sinks=1,max_bias=0.000000,logit_softcap=0.000000,prec=f32,type_K=f16,type_V=f16,permute=[0,2,1,3]): not supported [RD0] 
  FLASH_ATTN_EXT(hsk=64,hsv=64,nh=4,nr23=[4,3],kv=512,nb=75,mask=1,sinks=1,max_bias=0.000000,logit_softcap=0.000000,prec=f32,type_K=bf16,type_V=bf16,permute=[0,1,2,3]): not supported [RD0] 
  FLASH_ATTN_EXT(hsk=64,hsv=64,nh=4,nr23=[4,3],kv=512,nb=75,mask=1,sinks=1,max_bias=0.000000,logit_softcap=0.000000,prec=f32,type_K=bf16,type_V=bf16,permute=[0,2,1,3]): not supported [RD0] 
  FLASH_ATTN_EXT(hsk=64,hsv=64,nh=4,nr23=[4,3],kv=512,nb=75,mask=1,sinks=1,max_bias=0.000000,logit_softcap=0.000000,prec=f32,type_K=q8_0,type_V=q8_0,permute=[0,1,2,3]): not supported [RD0] 
  FLASH_ATTN_EXT(hsk=64,hsv=64,nh=4,nr23=[4,3],kv=512,nb=75,mask=1,sinks=1,max_bias=0.000000,logit_softcap=0.000000,prec=f32,type_K=q8_0,type_V=q8_0,permute=[0,2,1,3]): not supported [RD0] 
  FLASH_ATTN_EXT(hsk=64,hsv=64,nh=4,nr23=[4,3],kv=512,nb=75,mask=1,sinks=1,max_bias=0.000000,logit_softcap=0.000000,prec=f32,type_K=q5_1,type_V=q5_1,permute=[0,1,2,3]): not supported [RD0] 
  FLASH_ATTN_EXT(hsk=64,hsv=64,nh=4,nr23=[4,3],kv=512,nb=75,mask=1,sinks=1,max_bias=0.000000,logit_softcap=0.000000,prec=f32,type_K=q5_1,type_V=q5_1,permute=[0,2,1,3]): not supported [RD0] 
  FLASH_ATTN_EXT(hsk=64,hsv=64,nh=4,nr23=[4,3],kv=512,nb=75,mask=1,sinks=1,max_bias=0.000000,logit_softcap=0.000000,prec=f32,type_K=q5_0,type_V=q5_0,permute=[0,1,2,3]): not supported [RD0] 
  FLASH_ATTN_EXT(hsk=64,hsv=64,nh=4,nr23=[4,3],kv=512,nb=75,mask=1,sinks=1,max_bias=0.000000,logit_softcap=0.000000,prec=f32,type_K=q5_0,type_V=q5_0,permute=[0,2,1,3]): not supported [RD0] 
  FLASH_ATTN_EXT(hsk=64,hsv=64,nh=4,nr23=[4,3],kv=512,nb=75,mask=1,sinks=1,max_bias=0.000000,logit_softcap=0.000000,prec=f32,type_K=q4_1,type_V=q4_1,permute=[0,1,2,3]): not supported [RD0] 
  FLASH_ATTN_EXT(hsk=64,hsv=64,nh=4,nr23=[4,3],kv=512,nb=75,mask=1,sinks=1,max_bias=0.000000,logit_softcap=0.000000,prec=f32,type_K=q4_1,type_V=q4_1,permute=[0,2,1,3]): not supported [RD0] 
  FLASH_ATTN_EXT(hsk=64,hsv=64,nh=4,nr23=[4,3],kv=512,nb=75,mask=1,sinks=1,max_bias=0.000000,logit_softcap=0.000000,prec=f32,type_K=q4_0,type_V=q4_0,permute=[0,1,2,3]): not supported [RD0] 
  FLASH_ATTN_EXT(hsk=64,hsv=64,nh=4,nr23=[4,3],kv=512,nb=75,mask=1,sinks=1,max_bias=0.000000,logit_softcap=0.000000,prec=f32,type_K=q4_0,type_V=q4_0,permute=[0,2,1,3]): not supported [RD0] 
  FLASH_ATTN_EXT(hsk=64,hsv=64,nh=4,nr23=[4,3],kv=512,nb=75,mask=1,sinks=1,max_bias=0.000000,logit_softcap=0.000000,prec=f32,type_K=iq4_nl,type_V=iq4_nl,permute=[0,1,2,3]): not supported [RD0] 
  FLASH_ATTN_EXT(hsk=64,hsv=64,nh=4,nr23=[4,3],kv=512,nb=75,mask=1,sinks=1,max_bias=0.000000,logit_softcap=0.000000,prec=f32,type_K=iq4_nl,type_V=iq4_nl,permute=[0,2,1,3]): not supported [RD0] 
  FLASH_ATTN_EXT(hsk=64,hsv=64,nh=4,nr23=[1,1],kv=113,nb=1,mask=1,sinks=1,max_bias=8.000000,logit_softcap=0.000000,prec=f32,type_K=f32,type_V=f32,permute=[0,1,2,3]): not supported [RD0] 
  FLASH_ATTN_EXT(hsk=64,hsv=64,nh=4,nr23=[1,1],kv=113,nb=1,mask=1,sinks=1,max_bias=8.000000,logit_softcap=0.000000,prec=f32,type_K=f16,type_V=f16,permute=[0,1,2,3]): not supported [RD0] 
  FLASH_ATTN_EXT(hsk=64,hsv=64,nh=4,nr23=[1,1],kv=113,nb=1,mask=1,sinks=1,max_bias=8.000000,logit_softcap=0.000000,prec=f32,type_K=bf16,type_V=bf16,permute=[0,1,2,3]): not supported [RD0] 
  FLASH_ATTN_EXT(hsk=64,hsv=64,nh=4,nr23=[1,1],kv=113,nb=1,mask=1,sinks=1,max_bias=8.000000,logit_softcap=0.000000,prec=f32,type_K=q8_0,type_V=q8_0,permute=[0,1,2,3]): not supported [RD0] 
  FLASH_ATTN_EXT(hsk=64,hsv=64,nh=4,nr23=[1,1],kv=113,nb=1,mask=1,sinks=1,max_bias=8.000000,logit_softcap=0.000000,prec=f32,type_K=q5_1,type_V=q5_1,permute=[0,1,2,3]): not supported [RD0] 
  FLASH_ATTN_EXT(hsk=64,hsv=64,nh=4,nr23=[1,1],kv=113,nb=1,mask=1,sinks=1,max_bias=8.000000,logit_softcap=0.000000,prec=f32,type_K=q5_0,type_V=q5_0,permute=[0,1,2,3]): not supported [RD0] 
  FLASH_ATTN_EXT(hsk=64,hsv=64,nh=4,nr23=[1,1],kv=113,nb=1,mask=1,sinks=1,max_bias=8.000000,logit_softcap=0.000000,prec=f32,type_K=q4_1,type_V=q4_1,permute=[0,1,2,3]): not supported [RD0] 
  FLASH_ATTN_EXT(hsk=64,hsv=64,nh=4,nr23=[1,1],kv=113,nb=1,mask=1,sinks=1,max_bias=8.000000,logit_softcap=0.000000,prec=f32,type_K=q4_0,type_V=q4_0,permute=[0,1,2,3]): not supported [RD0] 
  FLASH_ATTN_EXT(hsk=64,hsv=64,nh=4,nr23=[1,1],kv=113,nb=1,mask=1,sinks=1,max_bias=8.000000,logit_softcap=0.000000,prec=f32,type_K=iq4_nl,type_V=iq4_nl,permute=[0,1,2,3]): not supported [RD0] 
  FLASH_ATTN_EXT(hsk=64,hsv=64,nh=4,nr23=[1,1],kv=113,nb=3,mask=1,sinks=1,max_bias=8.000000,logit_softcap=0.000000,prec=f32,type_K=f32,type_V=f32,permute=[0,1,2,3]): not supported [RD0] 
  FLASH_ATTN_EXT(hsk=64,hsv=64,nh=4,nr23=[1,1],kv=113,nb=3,mask=1,sinks=1,max_bias=8.000000,logit_softcap=0.000000,prec=f32,type_K=f16,type_V=f16,permute=[0,1,2,3]): not supported [RD0] 
  FLASH_ATTN_EXT(hsk=64,hsv=64,nh=4,nr23=[1,1],kv=113,nb=3,mask=1,sinks=1,max_bias=8.000000,logit_softcap=0.000000,prec=f32,type_K=bf16,type_V=bf16,permute=[0,1,2,3]): not supported [RD0] 
  FLASH_ATTN_EXT(hsk=64,hsv=64,nh=4,nr23=[1,1],kv=113,nb=3,mask=1,sinks=1,max_bias=8.000000,logit_softcap=0.000000,prec=f32,type_K=q8_0,type_V=q8_0,permute=[0,1,2,3]): not supported [RD0] 
  FLASH_ATTN_EXT(hsk=64,hsv=64,nh=4,nr23=[1,1],kv=113,nb=3,mask=1,sinks=1,max_bias=8.000000,logit_softcap=0.000000,prec=f32,type_K=q5_1,type_V=q5_1,permute=[0,1,2,3]): not supported [RD0] 
  FLASH_ATTN_EXT(hsk=64,hsv=64,nh=4,nr23=[1,1],kv=113,nb=3,mask=1,sinks=1,max_bias=8.000000,logit_softcap=0.000000,prec=f32,type_K=q5_0,type_V=q5_0,permute=[0,1,2,3]): not supported [RD0] 
  FLASH_ATTN_EXT(hsk=64,hsv=64,nh=4,nr23=[1,1],kv=113,nb=3,mask=1,sinks=1,max_bias=8.000000,logit_softcap=0.000000,prec=f32,type_K=q4_1,type_V=q4_1,permute=[0,1,2,3]): not supported [RD0] 
  FLASH_ATTN_EXT(hsk=64,hsv=64,nh=4,nr23=[1,1],kv=113,nb=3,mask=1,sinks=1,max_bias=8.000000,logit_softcap=0.000000,prec=f32,type_K=q4_0,type_V=q4_0,permute=[0,1,2,3]): not supported [RD0] 
  FLASH_ATTN_EXT(hsk=64,hsv=64,nh=4,nr23=[1,1],kv=113,nb=3,mask=1,sinks=1,max_bias=8.000000,logit_softcap=0.000000,prec=f32,type_K=iq4_nl,type_V=iq4_nl,permute=[0,1,2,3]): not supported [RD0] 
  FLASH_ATTN_EXT(hsk=64,hsv=64,nh=4,nr23=[1,1],kv=113,nb=32,mask=1,sinks=1,max_bias=8.000000,logit_softcap=0.000000,prec=f32,type_K=f32,type_V=f32,permute=[0,1,2,3]): not supported [RD0] 
  FLASH_ATTN_EXT(hsk=64,hsv=64,nh=4,nr23=[1,1],kv=113,nb=32,mask=1,sinks=1,max_bias=8.000000,logit_softcap=0.000000,prec=f32,type_K=f16,type_V=f16,permute=[0,1,2,3]): not supported [RD0] 
  FLASH_ATTN_EXT(hsk=64,hsv=64,nh=4,nr23=[1,1],kv=113,nb=32,mask=1,sinks=1,max_bias=8.000000,logit_softcap=0.000000,prec=f32,type_K=bf16,type_V=bf16,permute=[0,1,2,3]): not supported [RD0] 
  FLASH_ATTN_EXT(hsk=64,hsv=64,nh=4,nr23=[1,1],kv=113,nb=32,mask=1,sinks=1,max_bias=8.000000,logit_softcap=0.000000,prec=f32,type_K=q8_0,type_V=q8_0,permute=[0,1,2,3]): not supported [RD0] 
  FLASH_ATTN_EXT(hsk=64,hsv=64,nh=4,nr23=[1,1],kv=113,nb=32,mask=1,sinks=1,max_bias=8.000000,logit_softcap=0.000000,prec=f32,type_K=q5_1,type_V=q5_1,permute=[0,1,2,3]): not supported [RD0] 
  FLASH_ATTN_EXT(hsk=64,hsv=64,nh=4,nr23=[1,1],kv=113,nb=32,mask=1,sinks=1,max_bias=8.000000,logit_softcap=0.000000,prec=f32,type_K=q5_0,type_V=q5_0,permute=[0,1,2,3]): not supported [RD0] 
  FLASH_ATTN_EXT(hsk=64,hsv=64,nh=4,nr23=[1,1],kv=113,nb=32,mask=1,sinks=1,max_bias=8.000000,logit_softcap=0.000000,prec=f32,type_K=q4_1,type_V=q4_1,permute=[0,1,2,3]): not supported [RD0] 
  FLASH_ATTN_EXT(hsk=64,hsv=64,nh=4,nr23=[1,1],kv=113,nb=32,mask=1,sinks=1,max_bias=8.000000,logit_softcap=0.000000,prec=f32,type_K=q4_0,type_V=q4_0,permute=[0,1,2,3]): not supported [RD0] 
  FLASH_ATTN_EXT(hsk=64,hsv=64,nh=4,nr23=[1,1],kv=113,nb=32,mask=1,sinks=1,max_bias=8.000000,logit_softcap=0.000000,prec=f32,type_K=iq4_nl,type_V=iq4_nl,permute=[0,1,2,3]): not supported [RD0] 
  FLASH_ATTN_EXT(hsk=64,hsv=64,nh=4,nr23=[1,1],kv=113,nb=75,mask=1,sinks=1,max_bias=8.000000,logit_softcap=0.000000,prec=f32,type_K=f32,type_V=f32,permute=[0,1,2,3]): not supported [RD0] 
  FLASH_ATTN_EXT(hsk=64,hsv=64,nh=4,nr23=[1,1],kv=113,nb=75,mask=1,sinks=1,max_bias=8.000000,logit_softcap=0.000000,prec=f32,type_K=f16,type_V=f16,permute=[0,1,2,3]): not supported [RD0] 
  FLASH_ATTN_EXT(hsk=64,hsv=64,nh=4,nr23=[1,1],kv=113,nb=75,mask=1,sinks=1,max_bias=8.000000,logit_softcap=0.000000,prec=f32,type_K=bf16,type_V=bf16,permute=[0,1,2,3]): not supported [RD0] 
  FLASH_ATTN_EXT(hsk=64,hsv=64,nh=4,nr23=[1,1],kv=113,nb=75,mask=1,sinks=1,max_bias=8.000000,logit_softcap=0.000000,prec=f32,type_K=q8_0,type_V=q8_0,permute=[0,1,2,3]): not supported [RD0] 
  FLASH_ATTN_EXT(hsk=64,hsv=64,nh=4,nr23=[1,1],kv=113,nb=75,mask=1,sinks=1,max_bias=8.000000,logit_softcap=0.000000,prec=f32,type_K=q5_1,type_V=q5_1,permute=[0,1,2,3]): not supported [RD0] 
  FLASH_ATTN_EXT(hsk=64,hsv=64,nh=4,nr23=[1,1],kv=113,nb=75,mask=1,sinks=1,max_bias=8.000000,logit_softcap=0.000000,prec=f32,type_K=q5_0,type_V=q5_0,permute=[0,1,2,3]): not supported [RD0] 
  FLASH_ATTN_EXT(hsk=64,hsv=64,nh=4,nr23=[1,1],kv=113,nb=75,mask=1,sinks=1,max_bias=8.000000,logit_softcap=0.000000,prec=f32,type_K=q4_1,type_V=q4_1,permute=[0,1,2,3]): not supported [RD0] 
  FLASH_ATTN_EXT(hsk=64,hsv=64,nh=4,nr23=[1,1],kv=113,nb=75,mask=1,sinks=1,max_bias=8.000000,logit_softcap=0.000000,prec=f32,type_K=q4_0,type_V=q4_0,permute=[0,1,2,3]): not supported [RD0] 
  FLASH_ATTN_EXT(hsk=64,hsv=64,nh=4,nr23=[1,1],kv=113,nb=75,mask=1,sinks=1,max_bias=8.000000,logit_softcap=0.000000,prec=f32,type_K=iq4_nl,type_V=iq4_nl,permute=[0,1,2,3]): not supported [RD0] 
  FLASH_ATTN_EXT(hsk=64,hsv=64,nh=4,nr23=[1,1],kv=512,nb=1,mask=1,sinks=1,max_bias=8.000000,logit_softcap=0.000000,prec=f32,type_K=f32,type_V=f32,permute=[0,1,2,3]): not supported [RD0] 
  FLASH_ATTN_EXT(hsk=64,hsv=64,nh=4,nr23=[1,1],kv=512,nb=1,mask=1,sinks=1,max_bias=8.000000,logit_softcap=0.000000,prec=f32,type_K=f16,type_V=f16,permute=[0,1,2,3]): not supported [RD0] 
  FLASH_ATTN_EXT(hsk=64,hsv=64,nh=4,nr23=[1,1],kv=512,nb=1,mask=1,sinks=1,max_bias=8.000000,logit_softcap=0.000000,prec=f32,type_K=bf16,type_V=bf16,permute=[0,1,2,3]): not supported [RD0] 
  FLASH_ATTN_EXT(hsk=64,hsv=64,nh=4,nr23=[1,1],kv=512,nb=1,mask=1,sinks=1,max_bias=8.000000,logit_softcap=0.000000,prec=f32,type_K=q8_0,type_V=q8_0,permute=[0,1,2,3]): not supported [RD0] 
  FLASH_ATTN_EXT(hsk=64,hsv=64,nh=4,nr23=[1,1],kv=512,nb=1,mask=1,sinks=1,max_bias=8.000000,logit_softcap=0.000000,prec=f32,type_K=q5_1,type_V=q5_1,permute=[0,1,2,3]): not supported [RD0] 
  FLASH_ATTN_EXT(hsk=64,hsv=64,nh=4,nr23=[1,1],kv=512,nb=1,mask=1,sinks=1,max_bias=8.000000,logit_softcap=0.000000,prec=f32,type_K=q5_0,type_V=q5_0,permute=[0,1,2,3]): not supported [RD0] 
  FLASH_ATTN_EXT(hsk=64,hsv=64,nh=4,nr23=[1,1],kv=512,nb=1,mask=1,sinks=1,max_bias=8.000000,logit_softcap=0.000000,prec=f32,type_K=q4_1,type_V=q4_1,permute=[0,1,2,3]): not supported [RD0] 
  FLASH_ATTN_EXT(hsk=64,hsv=64,nh=4,nr23=[1,1],kv=512,nb=1,mask=1,sinks=1,max_bias=8.000000,logit_softcap=0.000000,prec=f32,type_K=q4_0,type_V=q4_0,permute=[0,1,2,3]): not supported [RD0] 
  FLASH_ATTN_EXT(hsk=64,hsv=64,nh=4,nr23=[1,1],kv=512,nb=1,mask=1,sinks=1,max_bias=8.000000,logit_softcap=0.000000,prec=f32,type_K=iq4_nl,type_V=iq4_nl,permute=[0,1,2,3]): not supported [RD0] 
  FLASH_ATTN_EXT(hsk=64,hsv=64,nh=4,nr23=[1,1],kv=512,nb=3,mask=1,sinks=1,max_bias=8.000000,logit_softcap=0.000000,prec=f32,type_K=f32,type_V=f32,permute=[0,1,2,3]): not supported [RD0] 
  FLASH_ATTN_EXT(hsk=64,hsv=64,nh=4,nr23=[1,1],kv=512,nb=3,mask=1,sinks=1,max_bias=8.000000,logit_softcap=0.000000,prec=f32,type_K=f16,type_V=f16,permute=[0,1,2,3]): not supported [RD0] 
  FLASH_ATTN_EXT(hsk=64,hsv=64,nh=4,nr23=[1,1],kv=512,nb=3,mask=1,sinks=1,max_bias=8.000000,logit_softcap=0.000000,prec=f32,type_K=bf16,type_V=bf16,permute=[0,1,2,3]): not supported [RD0] 
  FLASH_ATTN_EXT(hsk=64,hsv=64,nh=4,nr23=[1,1],kv=512,nb=3,mask=1,sinks=1,max_bias=8.000000,logit_softcap=0.000000,prec=f32,type_K=q8_0,type_V=q8_0,permute=[0,1,2,3]): not supported [RD0] 
  FLASH_ATTN_EXT(hsk=64,hsv=64,nh=4,nr23=[1,1],kv=512,nb=3,mask=1,sinks=1,max_bias=8.000000,logit_softcap=0.000000,prec=f32,type_K=q5_1,type_V=q5_1,permute=[0,1,2,3]): not supported [RD0] 
  FLASH_ATTN_EXT(hsk=64,hsv=64,nh=4,nr23=[1,1],kv=512,nb=3,mask=1,sinks=1,max_bias=8.000000,logit_softcap=0.000000,prec=f32,type_K=q5_0,type_V=q5_0,permute=[0,1,2,3]): not supported [RD0] 
  FLASH_ATTN_EXT(hsk=64,hsv=64,nh=4,nr23=[1,1],kv=512,nb=3,mask=1,sinks=1,max_bias=8.000000,logit_softcap=0.000000,prec=f32,type_K=q4_1,type_V=q4_1,permute=[0,1,2,3]): not supported [RD0] 
  FLASH_ATTN_EXT(hsk=64,hsv=64,nh=4,nr23=[1,1],kv=512,nb=3,mask=1,sinks=1,max_bias=8.000000,logit_softcap=0.000000,prec=f32,type_K=q4_0,type_V=q4_0,permute=[0,1,2,3]): not supported [RD0] 
  FLASH_ATTN_EXT(hsk=64,hsv=64,nh=4,nr23=[1,1],kv=512,nb=3,mask=1,sinks=1,max_bias=8.000000,logit_softcap=0.000000,prec=f32,type_K=iq4_nl,type_V=iq4_nl,permute=[0,1,2,3]): not supported [RD0] 
  FLASH_ATTN_EXT(hsk=64,hsv=64,nh=4,nr23=[1,1],kv=512,nb=32,mask=1,sinks=1,max_bias=8.000000,logit_softcap=0.000000,prec=f32,type_K=f32,type_V=f32,permute=[0,1,2,3]): not supported [RD0] 
  FLASH_ATTN_EXT(hsk=64,hsv=64,nh=4,nr23=[1,1],kv=512,nb=32,mask=1,sinks=1,max_bias=8.000000,logit_softcap=0.000000,prec=f32,type_K=f16,type_V=f16,permute=[0,1,2,3]): not supported [RD0] 
  FLASH_ATTN_EXT(hsk=64,hsv=64,nh=4,nr23=[1,1],kv=512,nb=32,mask=1,sinks=1,max_bias=8.000000,logit_softcap=0.000000,prec=f32,type_K=bf16,type_V=bf16,permute=[0,1,2,3]): not supported [RD0] 
  FLASH_ATTN_EXT(hsk=64,hsv=64,nh=4,nr23=[1,1],kv=512,nb=32,mask=1,sinks=1,max_bias=8.000000,logit_softcap=0.000000,prec=f32,type_K=q8_0,type_V=q8_0,permute=[0,1,2,3]): not supported [RD0] 
  FLASH_ATTN_EXT(hsk=64,hsv=64,nh=4,nr23=[1,1],kv=512,nb=32,mask=1,sinks=1,max_bias=8.000000,logit_softcap=0.000000,prec=f32,type_K=q5_1,type_V=q5_1,permute=[0,1,2,3]): not supported [RD0] 
  FLASH_ATTN_EXT(hsk=64,hsv=64,nh=4,nr23=[1,1],kv=512,nb=32,mask=1,sinks=1,max_bias=8.000000,logit_softcap=0.000000,prec=f32,type_K=q5_0,type_V=q5_0,permute=[0,1,2,3]): not supported [RD0] 
  FLASH_ATTN_EXT(hsk=64,hsv=64,nh=4,nr23=[1,1],kv=512,nb=32,mask=1,sinks=1,max_bias=8.000000,logit_softcap=0.000000,prec=f32,type_K=q4_1,type_V=q4_1,permute=[0,1,2,3]): not supported [RD0] 
  FLASH_ATTN_EXT(hsk=64,hsv=64,nh=4,nr23=[1,1],kv=512,nb=32,mask=1,sinks=1,max_bias=8.000000,logit_softcap=0.000000,prec=f32,type_K=q4_0,type_V=q4_0,permute=[0,1,2,3]): not supported [RD0] 
  FLASH_ATTN_EXT(hsk=64,hsv=64,nh=4,nr23=[1,1],kv=512,nb=32,mask=1,sinks=1,max_bias=8.000000,logit_softcap=0.000000,prec=f32,type_K=iq4_nl,type_V=iq4_nl,permute=[0,1,2,3]): not supported [RD0] 
  FLASH_ATTN_EXT(hsk=64,hsv=64,nh=4,nr23=[1,1],kv=512,nb=75,mask=1,sinks=1,max_bias=8.000000,logit_softcap=0.000000,prec=f32,type_K=f32,type_V=f32,permute=[0,1,2,3]): not supported [RD0] 
  FLASH_ATTN_EXT(hsk=64,hsv=64,nh=4,nr23=[1,1],kv=512,nb=75,mask=1,sinks=1,max_bias=8.000000,logit_softcap=0.000000,prec=f32,type_K=f16,type_V=f16,permute=[0,1,2,3]): not supported [RD0] 
  FLASH_ATTN_EXT(hsk=64,hsv=64,nh=4,nr23=[1,1],kv=512,nb=75,mask=1,sinks=1,max_bias=8.000000,logit_softcap=0.000000,prec=f32,type_K=bf16,type_V=bf16,permute=[0,1,2,3]): not supported [RD0] 
  FLASH_ATTN_EXT(hsk=64,hsv=64,nh=4,nr23=[1,1],kv=512,nb=75,mask=1,sinks=1,max_bias=8.000000,logit_softcap=0.000000,prec=f32,type_K=q8_0,type_V=q8_0,permute=[0,1,2,3]): not supported [RD0] 
  FLASH_ATTN_EXT(hsk=64,hsv=64,nh=4,nr23=[1,1],kv=512,nb=75,mask=1,sinks=1,max_bias=8.000000,logit_softcap=0.000000,prec=f32,type_K=q5_1,type_V=q5_1,permute=[0,1,2,3]): not supported [RD0] 
  FLASH_ATTN_EXT(hsk=64,hsv=64,nh=4,nr23=[1,1],kv=512,nb=75,mask=1,sinks=1,max_bias=8.000000,logit_softcap=0.000000,prec=f32,type_K=q5_0,type_V=q5_0,permute=[0,1,2,3]): not supported [RD0] 
  FLASH_ATTN_EXT(hsk=64,hsv=64,nh=4,nr23=[1,1],kv=512,nb=75,mask=1,sinks=1,max_bias=8.000000,logit_softcap=0.000000,prec=f32,type_K=q4_1,type_V=q4_1,permute=[0,1,2,3]): not supported [RD0] 
  FLASH_ATTN_EXT(hsk=64,hsv=64,nh=4,nr23=[1,1],kv=512,nb=75,mask=1,sinks=1,max_bias=8.000000,logit_softcap=0.000000,prec=f32,type_K=q4_0,type_V=q4_0,permute=[0,1,2,3]): not supported [RD0] 
  FLASH_ATTN_EXT(hsk=64,hsv=64,nh=4,nr23=[1,1],kv=512,nb=75,mask=1,sinks=1,max_bias=8.000000,logit_softcap=0.000000,prec=f32,type_K=iq4_nl,type_V=iq4_nl,permute=[0,1,2,3]): not supported [RD0] 
  FLASH_ATTN_EXT(hsk=64,hsv=64,nh=4,nr23=[1,1],kv=1024,nb=1,mask=1,sinks=1,max_bias=8.000000,logit_softcap=0.000000,prec=f32,type_K=f32,type_V=f32,permute=[0,1,2,3]): not supported [RD0] 
  FLASH_ATTN_EXT(hsk=64,hsv=64,nh=4,nr23=[1,1],kv=1024,nb=1,mask=1,sinks=1,max_bias=8.000000,logit_softcap=0.000000,prec=f32,type_K=f16,type_V=f16,permute=[0,1,2,3]): not supported [RD0] 
  FLASH_ATTN_EXT(hsk=64,hsv=64,nh=4,nr23=[1,1],kv=1024,nb=1,mask=1,sinks=1,max_bias=8.000000,logit_softcap=0.000000,prec=f32,type_K=bf16,type_V=bf16,permute=[0,1,2,3]): not supported [RD0] 
  FLASH_ATTN_EXT(hsk=64,hsv=64,nh=4,nr23=[1,1],kv=1024,nb=1,mask=1,sinks=1,max_bias=8.000000,logit_softcap=0.000000,prec=f32,type_K=q8_0,type_V=q8_0,permute=[0,1,2,3]): not supported [RD0] 
  FLASH_ATTN_EXT(hsk=64,hsv=64,nh=4,nr23=[1,1],kv=1024,nb=1,mask=1,sinks=1,max_bias=8.000000,logit_softcap=0.000000,prec=f32,type_K=q5_1,type_V=q5_1,permute=[0,1,2,3]): not supported [RD0] 
  FLASH_ATTN_EXT(hsk=64,hsv=64,nh=4,nr23=[1,1],kv=1024,nb=1,mask=1,sinks=1,max_bias=8.000000,logit_softcap=0.000000,prec=f32,type_K=q5_0,type_V=q5_0,permute=[0,1,2,3]): not supported [RD0] 
  FLASH_ATTN_EXT(hsk=64,hsv=64,nh=4,nr23=[1,1],kv=1024,nb=1,mask=1,sinks=1,max_bias=8.000000,logit_softcap=0.000000,prec=f32,type_K=q4_1,type_V=q4_1,permute=[0,1,2,3]): not supported [RD0] 
  FLASH_ATTN_EXT(hsk=64,hsv=64,nh=4,nr23=[1,1],kv=1024,nb=1,mask=1,sinks=1,max_bias=8.000000,logit_softcap=0.000000,prec=f32,type_K=q4_0,type_V=q4_0,permute=[0,1,2,3]): not supported [RD0] 
  FLASH_ATTN_EXT(hsk=64,hsv=64,nh=4,nr23=[1,1],kv=1024,nb=1,mask=1,sinks=1,max_bias=8.000000,logit_softcap=0.000000,prec=f32,type_K=iq4_nl,type_V=iq4_nl,permute=[0,1,2,3]): not supported [RD0] 
  FLASH_ATTN_EXT(hsk=64,hsv=64,nh=4,nr23=[1,1],kv=1024,nb=3,mask=1,sinks=1,max_bias=8.000000,logit_softcap=0.000000,prec=f32,type_K=f32,type_V=f32,permute=[0,1,2,3]): not supported [RD0] 
  FLASH_ATTN_EXT(hsk=64,hsv=64,nh=4,nr23=[1,1],kv=1024,nb=3,mask=1,sinks=1,max_bias=8.000000,logit_softcap=0.000000,prec=f32,type_K=f16,type_V=f16,permute=[0,1,2,3]): not supported [RD0] 
  FLASH_ATTN_EXT(hsk=64,hsv=64,nh=4,nr23=[1,1],kv=1024,nb=3,mask=1,sinks=1,max_bias=8.000000,logit_softcap=0.000000,prec=f32,type_K=bf16,type_V=bf16,permute=[0,1,2,3]): not supported [RD0] 
  FLASH_ATTN_EXT(hsk=64,hsv=64,nh=4,nr23=[1,1],kv=1024,nb=3,mask=1,sinks=1,max_bias=8.000000,logit_softcap=0.000000,prec=f32,type_K=q8_0,type_V=q8_0,permute=[0,1,2,3]): not supported [RD0] 
  FLASH_ATTN_EXT(hsk=64,hsv=64,nh=4,nr23=[1,1],kv=1024,nb=3,mask=1,sinks=1,max_bias=8.000000,logit_softcap=0.000000,prec=f32,type_K=q5_1,type_V=q5_1,permute=[0,1,2,3]): not supported [RD0] 
  FLASH_ATTN_EXT(hsk=64,hsv=64,nh=4,nr23=[1,1],kv=1024,nb=3,mask=1,sinks=1,max_bias=8.000000,logit_softcap=0.000000,prec=f32,type_K=q5_0,type_V=q5_0,permute=[0,1,2,3]): not supported [RD0] 
  FLASH_ATTN_EXT(hsk=64,hsv=64,nh=4,nr23=[1,1],kv=1024,nb=3,mask=1,sinks=1,max_bias=8.000000,logit_softcap=0.000000,prec=f32,type_K=q4_1,type_V=q4_1,permute=[0,1,2,3]): not supported [RD0] 
  FLASH_ATTN_EXT(hsk=64,hsv=64,nh=4,nr23=[1,1],kv=1024,nb=3,mask=1,sinks=1,max_bias=8.000000,logit_softcap=0.000000,prec=f32,type_K=q4_0,type_V=q4_0,permute=[0,1,2,3]): not supported [RD0] 
  FLASH_ATTN_EXT(hsk=64,hsv=64,nh=4,nr23=[1,1],kv=1024,nb=3,mask=1,sinks=1,max_bias=8.000000,logit_softcap=0.000000,prec=f32,type_K=iq4_nl,type_V=iq4_nl,permute=[0,1,2,3]): not supported [RD0] 
  FLASH_ATTN_EXT(hsk=64,hsv=64,nh=4,nr23=[1,1],kv=1024,nb=32,mask=1,sinks=1,max_bias=8.000000,logit_softcap=0.000000,prec=f32,type_K=f32,type_V=f32,permute=[0,1,2,3]): not supported [RD0] 
  FLASH_ATTN_EXT(hsk=64,hsv=64,nh=4,nr23=[1,1],kv=1024,nb=32,mask=1,sinks=1,max_bias=8.000000,logit_softcap=0.000000,prec=f32,type_K=f16,type_V=f16,permute=[0,1,2,3]): not supported [RD0] 
  FLASH_ATTN_EXT(hsk=64,hsv=64,nh=4,nr23=[1,1],kv=1024,nb=32,mask=1,sinks=1,max_bias=8.000000,logit_softcap=0.000000,prec=f32,type_K=bf16,type_V=bf16,permute=[0,1,2,3]): not supported [RD0] 
  FLASH_ATTN_EXT(hsk=64,hsv=64,nh=4,nr23=[1,1],kv=1024,nb=32,mask=1,sinks=1,max_bias=8.000000,logit_softcap=0.000000,prec=f32,type_K=q8_0,type_V=q8_0,permute=[0,1,2,3]): not supported [RD0] 
  FLASH_ATTN_EXT(hsk=64,hsv=64,nh=4,nr23=[1,1],kv=1024,nb=32,mask=1,sinks=1,max_bias=8.000000,logit_softcap=0.000000,prec=f32,type_K=q5_1,type_V=q5_1,permute=[0,1,2,3]): not supported [RD0] 
  FLASH_ATTN_EXT(hsk=64,hsv=64,nh=4,nr23=[1,1],kv=1024,nb=32,mask=1,sinks=1,max_bias=8.000000,logit_softcap=0.000000,prec=f32,type_K=q5_0,type_V=q5_0,permute=[0,1,2,3]): not supported [RD0] 
  FLASH_ATTN_EXT(hsk=64,hsv=64,nh=4,nr23=[1,1],kv=1024,nb=32,mask=1,sinks=1,max_bias=8.000000,logit_softcap=0.000000,prec=f32,type_K=q4_1,type_V=q4_1,permute=[0,1,2,3]): not supported [RD0] 
  FLASH_ATTN_EXT(hsk=64,hsv=64,nh=4,nr23=[1,1],kv=1024,nb=32,mask=1,sinks=1,max_bias=8.000000,logit_softcap=0.000000,prec=f32,type_K=q4_0,type_V=q4_0,permute=[0,1,2,3]): not supported [RD0] 
  FLASH_ATTN_EXT(hsk=64,hsv=64,nh=4,nr23=[1,1],kv=1024,nb=32,mask=1,sinks=1,max_bias=8.000000,logit_softcap=0.000000,prec=f32,type_K=iq4_nl,type_V=iq4_nl,permute=[0,1,2,3]): not supported [RD0] 
  FLASH_ATTN_EXT(hsk=64,hsv=64,nh=4,nr23=[1,1],kv=1024,nb=75,mask=1,sinks=1,max_bias=8.000000,logit_softcap=0.000000,prec=f32,type_K=f32,type_V=f32,permute=[0,1,2,3]): not supported [RD0] 
  FLASH_ATTN_EXT(hsk=64,hsv=64,nh=4,nr23=[1,1],kv=1024,nb=75,mask=1,sinks=1,max_bias=8.000000,logit_softcap=0.000000,prec=f32,type_K=f16,type_V=f16,permute=[0,1,2,3]): not supported [RD0] 
  FLASH_ATTN_EXT(hsk=64,hsv=64,nh=4,nr23=[1,1],kv=1024,nb=75,mask=1,sinks=1,max_bias=8.000000,logit_softcap=0.000000,prec=f32,type_K=bf16,type_V=bf16,permute=[0,1,2,3]): not supported [RD0] 
  FLASH_ATTN_EXT(hsk=64,hsv=64,nh=4,nr23=[1,1],kv=1024,nb=75,mask=1,sinks=1,max_bias=8.000000,logit_softcap=0.000000,prec=f32,type_K=q8_0,type_V=q8_0,permute=[0,1,2,3]): not supported [RD0] 
  FLASH_ATTN_EXT(hsk=64,hsv=64,nh=4,nr23=[1,1],kv=1024,nb=75,mask=1,sinks=1,max_bias=8.000000,logit_softcap=0.000000,prec=f32,type_K=q5_1,type_V=q5_1,permute=[0,1,2,3]): not supported [RD0] 
  FLASH_ATTN_EXT(hsk=64,hsv=64,nh=4,nr23=[1,1],kv=1024,nb=75,mask=1,sinks=1,max_bias=8.000000,logit_softcap=0.000000,prec=f32,type_K=q5_0,type_V=q5_0,permute=[0,1,2,3]): not supported [RD0] 
  FLASH_ATTN_EXT(hsk=64,hsv=64,nh=4,nr23=[1,1],kv=1024,nb=75,mask=1,sinks=1,max_bias=8.000000,logit_softcap=0.000000,prec=f32,type_K=q4_1,type_V=q4_1,permute=[0,1,2,3]): not supported [RD0] 
  FLASH_ATTN_EXT(hsk=64,hsv=64,nh=4,nr23=[1,1],kv=1024,nb=75,mask=1,sinks=1,max_bias=8.000000,logit_softcap=0.000000,prec=f32,type_K=q4_0,type_V=q4_0,permute=[0,1,2,3]): not supported [RD0] 
  FLASH_ATTN_EXT(hsk=64,hsv=64,nh=4,nr23=[1,1],kv=1024,nb=75,mask=1,sinks=1,max_bias=8.000000,logit_softcap=0.000000,prec=f32,type_K=iq4_nl,type_V=iq4_nl,permute=[0,1,2,3]): not supported [RD0] 
  FLASH_ATTN_EXT(hsk=64,hsv=64,nh=4,nr23=[4,1],kv=512,nb=1,mask=1,sinks=1,max_bias=8.000000,logit_softcap=0.000000,prec=f32,type_K=f32,type_V=f32,permute=[0,1,2,3]): not supported [RD0] 
  FLASH_ATTN_EXT(hsk=64,hsv=64,nh=4,nr23=[4,1],kv=512,nb=1,mask=1,sinks=1,max_bias=8.000000,logit_softcap=0.000000,prec=f32,type_K=f16,type_V=f16,permute=[0,1,2,3]): not supported [RD0] 
  FLASH_ATTN_EXT(hsk=64,hsv=64,nh=4,nr23=[4,1],kv=512,nb=1,mask=1,sinks=1,max_bias=8.000000,logit_softcap=0.000000,prec=f32,type_K=bf16,type_V=bf16,permute=[0,1,2,3]): not supported [RD0] 
  FLASH_ATTN_EXT(hsk=64,hsv=64,nh=4,nr23=[4,1],kv=512,nb=1,mask=1,sinks=1,max_bias=8.000000,logit_softcap=0.000000,prec=f32,type_K=q8_0,type_V=q8_0,permute=[0,1,2,3]): not supported [RD0] 
  FLASH_ATTN_EXT(hsk=64,hsv=64,nh=4,nr23=[4,1],kv=512,nb=1,mask=1,sinks=1,max_bias=8.000000,logit_softcap=0.000000,prec=f32,type_K=q5_1,type_V=q5_1,permute=[0,1,2,3]): not supported [RD0] 
  FLASH_ATTN_EXT(hsk=64,hsv=64,nh=4,nr23=[4,1],kv=512,nb=1,mask=1,sinks=1,max_bias=8.000000,logit_softcap=0.000000,prec=f32,type_K=q5_0,type_V=q5_0,permute=[0,1,2,3]): not supported [RD0] 
  FLASH_ATTN_EXT(hsk=64,hsv=64,nh=4,nr23=[4,1],kv=512,nb=1,mask=1,sinks=1,max_bias=8.000000,logit_softcap=0.000000,prec=f32,type_K=q4_1,type_V=q4_1,permute=[0,1,2,3]): not supported [RD0] 
  FLASH_ATTN_EXT(hsk=64,hsv=64,nh=4,nr23=[4,1],kv=512,nb=1,mask=1,sinks=1,max_bias=8.000000,logit_softcap=0.000000,prec=f32,type_K=q4_0,type_V=q4_0,permute=[0,1,2,3]): not supported [RD0] 
  FLASH_ATTN_EXT(hsk=64,hsv=64,nh=4,nr23=[4,1],kv=512,nb=1,mask=1,sinks=1,max_bias=8.000000,logit_softcap=0.000000,prec=f32,type_K=iq4_nl,type_V=iq4_nl,permute=[0,1,2,3]): not supported [RD0] 
  FLASH_ATTN_EXT(hsk=64,hsv=64,nh=4,nr23=[4,1],kv=512,nb=3,mask=1,sinks=1,max_bias=8.000000,logit_softcap=0.000000,prec=f32,type_K=f32,type_V=f32,permute=[0,1,2,3]): not supported [RD0] 
  FLASH_ATTN_EXT(hsk=64,hsv=64,nh=4,nr23=[4,1],kv=512,nb=3,mask=1,sinks=1,max_bias=8.000000,logit_softcap=0.000000,prec=f32,type_K=f16,type_V=f16,permute=[0,1,2,3]): not supported [RD0] 
  FLASH_ATTN_EXT(hsk=64,hsv=64,nh=4,nr23=[4,1],kv=512,nb=3,mask=1,sinks=1,max_bias=8.000000,logit_softcap=0.000000,prec=f32,type_K=bf16,type_V=bf16,permute=[0,1,2,3]): not supported [RD0] 
  FLASH_ATTN_EXT(hsk=64,hsv=64,nh=4,nr23=[4,1],kv=512,nb=3,mask=1,sinks=1,max_bias=8.000000,logit_softcap=0.000000,prec=f32,type_K=q8_0,type_V=q8_0,permute=[0,1,2,3]): not supported [RD0] 
  FLASH_ATTN_EXT(hsk=64,hsv=64,nh=4,nr23=[4,1],kv=512,nb=3,mask=1,sinks=1,max_bias=8.000000,logit_softcap=0.000000,prec=f32,type_K=q5_1,type_V=q5_1,permute=[0,1,2,3]): not supported [RD0] 
  FLASH_ATTN_EXT(hsk=64,hsv=64,nh=4,nr23=[4,1],kv=512,nb=3,mask=1,sinks=1,max_bias=8.000000,logit_softcap=0.000000,prec=f32,type_K=q5_0,type_V=q5_0,permute=[0,1,2,3]): not supported [RD0] 
  FLASH_ATTN_EXT(hsk=64,hsv=64,nh=4,nr23=[4,1],kv=512,nb=3,mask=1,sinks=1,max_bias=8.000000,logit_softcap=0.000000,prec=f32,type_K=q4_1,type_V=q4_1,permute=[0,1,2,3]): not supported [RD0] 
  FLASH_ATTN_EXT(hsk=64,hsv=64,nh=4,nr23=[4,1],kv=512,nb=3,mask=1,sinks=1,max_bias=8.000000,logit_softcap=0.000000,prec=f32,type_K=q4_0,type_V=q4_0,permute=[0,1,2,3]): not supported [RD0] 
  FLASH_ATTN_EXT(hsk=64,hsv=64,nh=4,nr23=[4,1],kv=512,nb=3,mask=1,sinks=1,max_bias=8.000000,logit_softcap=0.000000,prec=f32,type_K=iq4_nl,type_V=iq4_nl,permute=[0,1,2,3]): not supported [RD0] 
  FLASH_ATTN_EXT(hsk=64,hsv=64,nh=4,nr23=[4,1],kv=512,nb=32,mask=1,sinks=1,max_bias=8.000000,logit_softcap=0.000000,prec=f32,type_K=f32,type_V=f32,permute=[0,1,2,3]): not supported [RD0] 
  FLASH_ATTN_EXT(hsk=64,hsv=64,nh=4,nr23=[4,1],kv=512,nb=32,mask=1,sinks=1,max_bias=8.000000,logit_softcap=0.000000,prec=f32,type_K=f16,type_V=f16,permute=[0,1,2,3]): not supported [RD0] 
  FLASH_ATTN_EXT(hsk=64,hsv=64,nh=4,nr23=[4,1],kv=512,nb=32,mask=1,sinks=1,max_bias=8.000000,logit_softcap=0.000000,prec=f32,type_K=bf16,type_V=bf16,permute=[0,1,2,3]): not supported [RD0] 
  FLASH_ATTN_EXT(hsk=64,hsv=64,nh=4,nr23=[4,1],kv=512,nb=32,mask=1,sinks=1,max_bias=8.000000,logit_softcap=0.000000,prec=f32,type_K=q8_0,type_V=q8_0,permute=[0,1,2,3]): not supported [RD0] 
  FLASH_ATTN_EXT(hsk=64,hsv=64,nh=4,nr23=[4,1],kv=512,nb=32,mask=1,sinks=1,max_bias=8.000000,logit_softcap=0.000000,prec=f32,type_K=q5_1,type_V=q5_1,permute=[0,1,2,3]): not supported [RD0] 
  FLASH_ATTN_EXT(hsk=64,hsv=64,nh=4,nr23=[4,1],kv=512,nb=32,mask=1,sinks=1,max_bias=8.000000,logit_softcap=0.000000,prec=f32,type_K=q5_0,type_V=q5_0,permute=[0,1,2,3]): not supported [RD0] 
  FLASH_ATTN_EXT(hsk=64,hsv=64,nh=4,nr23=[4,1],kv=512,nb=32,mask=1,sinks=1,max_bias=8.000000,logit_softcap=0.000000,prec=f32,type_K=q4_1,type_V=q4_1,permute=[0,1,2,3]): not supported [RD0] 
  FLASH_ATTN_EXT(hsk=64,hsv=64,nh=4,nr23=[4,1],kv=512,nb=32,mask=1,sinks=1,max_bias=8.000000,logit_softcap=0.000000,prec=f32,type_K=q4_0,type_V=q4_0,permute=[0,1,2,3]): not supported [RD0] 
  FLASH_ATTN_EXT(hsk=64,hsv=64,nh=4,nr23=[4,1],kv=512,nb=32,mask=1,sinks=1,max_bias=8.000000,logit_softcap=0.000000,prec=f32,type_K=iq4_nl,type_V=iq4_nl,permute=[0,1,2,3]): not supported [RD0] 
  FLASH_ATTN_EXT(hsk=64,hsv=64,nh=4,nr23=[4,1],kv=512,nb=75,mask=1,sinks=1,max_bias=8.000000,logit_softcap=0.000000,prec=f32,type_K=f32,type_V=f32,permute=[0,1,2,3]): not supported [RD0] 
  FLASH_ATTN_EXT(hsk=64,hsv=64,nh=4,nr23=[4,1],kv=512,nb=75,mask=1,sinks=1,max_bias=8.000000,logit_softcap=0.000000,prec=f32,type_K=f16,type_V=f16,permute=[0,1,2,3]): not supported [RD0] 
  FLASH_ATTN_EXT(hsk=64,hsv=64,nh=4,nr23=[4,1],kv=512,nb=75,mask=1,sinks=1,max_bias=8.000000,logit_softcap=0.000000,prec=f32,type_K=bf16,type_V=bf16,permute=[0,1,2,3]): not supported [RD0] 
  FLASH_ATTN_EXT(hsk=64,hsv=64,nh=4,nr23=[4,1],kv=512,nb=75,mask=1,sinks=1,max_bias=8.000000,logit_softcap=0.000000,prec=f32,type_K=q8_0,type_V=q8_0,permute=[0,1,2,3]): not supported [RD0] 
  FLASH_ATTN_EXT(hsk=64,hsv=64,nh=4,nr23=[4,1],kv=512,nb=75,mask=1,sinks=1,max_bias=8.000000,logit_softcap=0.000000,prec=f32,type_K=q5_1,type_V=q5_1,permute=[0,1,2,3]): not supported [RD0] 
  FLASH_ATTN_EXT(hsk=64,hsv=64,nh=4,nr23=[4,1],kv=512,nb=75,mask=1,sinks=1,max_bias=8.000000,logit_softcap=0.000000,prec=f32,type_K=q5_0,type_V=q5_0,permute=[0,1,2,3]): not supported [RD0] 
  FLASH_ATTN_EXT(hsk=64,hsv=64,nh=4,nr23=[4,1],kv=512,nb=75,mask=1,sinks=1,max_bias=8.000000,logit_softcap=0.000000,prec=f32,type_K=q4_1,type_V=q4_1,permute=[0,1,2,3]): not supported [RD0] 
  FLASH_ATTN_EXT(hsk=64,hsv=64,nh=4,nr23=[4,1],kv=512,nb=75,mask=1,sinks=1,max_bias=8.000000,logit_softcap=0.000000,prec=f32,type_K=q4_0,type_V=q4_0,permute=[0,1,2,3]): not supported [RD0] 
  FLASH_ATTN_EXT(hsk=64,hsv=64,nh=4,nr23=[4,1],kv=512,nb=75,mask=1,sinks=1,max_bias=8.000000,logit_softcap=0.000000,prec=f32,type_K=iq4_nl,type_V=iq4_nl,permute=[0,1,2,3]): not supported [RD0] 
  FLASH_ATTN_EXT(hsk=64,hsv=64,nh=4,nr23=[1,3],kv=113,nb=1,mask=1,sinks=1,max_bias=8.000000,logit_softcap=0.000000,prec=f32,type_K=f32,type_V=f32,permute=[0,1,2,3]): not supported [RD0] 
  FLASH_ATTN_EXT(hsk=64,hsv=64,nh=4,nr23=[1,3],kv=113,nb=1,mask=1,sinks=1,max_bias=8.000000,logit_softcap=0.000000,prec=f32,type_K=f16,type_V=f16,permute=[0,1,2,3]): not supported [RD0] 
  FLASH_ATTN_EXT(hsk=64,hsv=64,nh=4,nr23=[1,3],kv=113,nb=1,mask=1,sinks=1,max_bias=8.000000,logit_softcap=0.000000,prec=f32,type_K=bf16,type_V=bf16,permute=[0,1,2,3]): not supported [RD0] 
  FLASH_ATTN_EXT(hsk=64,hsv=64,nh=4,nr23=[1,3],kv=113,nb=1,mask=1,sinks=1,max_bias=8.000000,logit_softcap=0.000000,prec=f32,type_K=q8_0,type_V=q8_0,permute=[0,1,2,3]): not supported [RD0] 
  FLASH_ATTN_EXT(hsk=64,hsv=64,nh=4,nr23=[1,3],kv=113,nb=1,mask=1,sinks=1,max_bias=8.000000,logit_softcap=0.000000,prec=f32,type_K=q5_1,type_V=q5_1,permute=[0,1,2,3]): not supported [RD0] 
  FLASH_ATTN_EXT(hsk=64,hsv=64,nh=4,nr23=[1,3],kv=113,nb=1,mask=1,sinks=1,max_bias=8.000000,logit_softcap=0.000000,prec=f32,type_K=q5_0,type_V=q5_0,permute=[0,1,2,3]): not supported [RD0] 
  FLASH_ATTN_EXT(hsk=64,hsv=64,nh=4,nr23=[1,3],kv=113,nb=1,mask=1,sinks=1,max_bias=8.000000,logit_softcap=0.000000,prec=f32,type_K=q4_1,type_V=q4_1,permute=[0,1,2,3]): not supported [RD0] 
  FLASH_ATTN_EXT(hsk=64,hsv=64,nh=4,nr23=[1,3],kv=113,nb=1,mask=1,sinks=1,max_bias=8.000000,logit_softcap=0.000000,prec=f32,type_K=q4_0,type_V=q4_0,permute=[0,1,2,3]): not supported [RD0] 
  FLASH_ATTN_EXT(hsk=64,hsv=64,nh=4,nr23=[1,3],kv=113,nb=1,mask=1,sinks=1,max_bias=8.000000,logit_softcap=0.000000,prec=f32,type_K=iq4_nl,type_V=iq4_nl,permute=[0,1,2,3]): not supported [RD0] 
  FLASH_ATTN_EXT(hsk=64,hsv=64,nh=4,nr23=[1,3],kv=113,nb=3,mask=1,sinks=1,max_bias=8.000000,logit_softcap=0.000000,prec=f32,type_K=f32,type_V=f32,permute=[0,1,2,3]): not supported [RD0] 
  FLASH_ATTN_EXT(hsk=64,hsv=64,nh=4,nr23=[1,3],kv=113,nb=3,mask=1,sinks=1,max_bias=8.000000,logit_softcap=0.000000,prec=f32,type_K=f16,type_V=f16,permute=[0,1,2,3]): not supported [RD0] 
  FLASH_ATTN_EXT(hsk=64,hsv=64,nh=4,nr23=[1,3],kv=113,nb=3,mask=1,sinks=1,max_bias=8.000000,logit_softcap=0.000000,prec=f32,type_K=bf16,type_V=bf16,permute=[0,1,2,3]): not supported [RD0] 
  FLASH_ATTN_EXT(hsk=64,hsv=64,nh=4,nr23=[1,3],kv=113,nb=3,mask=1,sinks=1,max_bias=8.000000,logit_softcap=0.000000,prec=f32,type_K=q8_0,type_V=q8_0,permute=[0,1,2,3]): not supported [RD0] 
  FLASH_ATTN_EXT(hsk=64,hsv=64,nh=4,nr23=[1,3],kv=113,nb=3,mask=1,sinks=1,max_bias=8.000000,logit_softcap=0.000000,prec=f32,type_K=q5_1,type_V=q5_1,permute=[0,1,2,3]): not supported [RD0] 
  FLASH_ATTN_EXT(hsk=64,hsv=64,nh=4,nr23=[1,3],kv=113,nb=3,mask=1,sinks=1,max_bias=8.000000,logit_softcap=0.000000,prec=f32,type_K=q5_0,type_V=q5_0,permute=[0,1,2,3]): not supported [RD0] 
  FLASH_ATTN_EXT(hsk=64,hsv=64,nh=4,nr23=[1,3],kv=113,nb=3,mask=1,sinks=1,max_bias=8.000000,logit_softcap=0.000000,prec=f32,type_K=q4_1,type_V=q4_1,permute=[0,1,2,3]): not supported [RD0] 
  FLASH_ATTN_EXT(hsk=64,hsv=64,nh=4,nr23=[1,3],kv=113,nb=3,mask=1,sinks=1,max_bias=8.000000,logit_softcap=0.000000,prec=f32,type_K=q4_0,type_V=q4_0,permute=[0,1,2,3]): not supported [RD0] 
  FLASH_ATTN_EXT(hsk=64,hsv=64,nh=4,nr23=[1,3],kv=113,nb=3,mask=1,sinks=1,max_bias=8.000000,logit_softcap=0.000000,prec=f32,type_K=iq4_nl,type_V=iq4_nl,permute=[0,1,2,3]): not supported [RD0] 
  FLASH_ATTN_EXT(hsk=64,hsv=64,nh=4,nr23=[1,3],kv=113,nb=32,mask=1,sinks=1,max_bias=8.000000,logit_softcap=0.000000,prec=f32,type_K=f32,type_V=f32,permute=[0,1,2,3]): not supported [RD0] 
  FLASH_ATTN_EXT(hsk=64,hsv=64,nh=4,nr23=[1,3],kv=113,nb=32,mask=1,sinks=1,max_bias=8.000000,logit_softcap=0.000000,prec=f32,type_K=f16,type_V=f16,permute=[0,1,2,3]): not supported [RD0] 
  FLASH_ATTN_EXT(hsk=64,hsv=64,nh=4,nr23=[1,3],kv=113,nb=32,mask=1,sinks=1,max_bias=8.000000,logit_softcap=0.000000,prec=f32,type_K=bf16,type_V=bf16,permute=[0,1,2,3]): not supported [RD0] 
  FLASH_ATTN_EXT(hsk=64,hsv=64,nh=4,nr23=[1,3],kv=113,nb=32,mask=1,sinks=1,max_bias=8.000000,logit_softcap=0.000000,prec=f32,type_K=q8_0,type_V=q8_0,permute=[0,1,2,3]): not supported [RD0] 
  FLASH_ATTN_EXT(hsk=64,hsv=64,nh=4,nr23=[1,3],kv=113,nb=32,mask=1,sinks=1,max_bias=8.000000,logit_softcap=0.000000,prec=f32,type_K=q5_1,type_V=q5_1,permute=[0,1,2,3]): not supported [RD0] 
  FLASH_ATTN_EXT(hsk=64,hsv=64,nh=4,nr23=[1,3],kv=113,nb=32,mask=1,sinks=1,max_bias=8.000000,logit_softcap=0.000000,prec=f32,type_K=q5_0,type_V=q5_0,permute=[0,1,2,3]): not supported [RD0] 
  FLASH_ATTN_EXT(hsk=64,hsv=64,nh=4,nr23=[1,3],kv=113,nb=32,mask=1,sinks=1,max_bias=8.000000,logit_softcap=0.000000,prec=f32,type_K=q4_1,type_V=q4_1,permute=[0,1,2,3]): not supported [RD0] 
  FLASH_ATTN_EXT(hsk=64,hsv=64,nh=4,nr23=[1,3],kv=113,nb=32,mask=1,sinks=1,max_bias=8.000000,logit_softcap=0.000000,prec=f32,type_K=q4_0,type_V=q4_0,permute=[0,1,2,3]): not supported [RD0] 
  FLASH_ATTN_EXT(hsk=64,hsv=64,nh=4,nr23=[1,3],kv=113,nb=32,mask=1,sinks=1,max_bias=8.000000,logit_softcap=0.000000,prec=f32,type_K=iq4_nl,type_V=iq4_nl,permute=[0,1,2,3]): not supported [RD0] 
  FLASH_ATTN_EXT(hsk=64,hsv=64,nh=4,nr23=[1,3],kv=113,nb=75,mask=1,sinks=1,max_bias=8.000000,logit_softcap=0.000000,prec=f32,type_K=f32,type_V=f32,permute=[0,1,2,3]): not supported [RD0] 
  FLASH_ATTN_EXT(hsk=64,hsv=64,nh=4,nr23=[1,3],kv=113,nb=75,mask=1,sinks=1,max_bias=8.000000,logit_softcap=0.000000,prec=f32,type_K=f16,type_V=f16,permute=[0,1,2,3]): not supported [RD0] 
  FLASH_ATTN_EXT(hsk=64,hsv=64,nh=4,nr23=[1,3],kv=113,nb=75,mask=1,sinks=1,max_bias=8.000000,logit_softcap=0.000000,prec=f32,type_K=bf16,type_V=bf16,permute=[0,1,2,3]): not supported [RD0] 
  FLASH_ATTN_EXT(hsk=64,hsv=64,nh=4,nr23=[1,3],kv=113,nb=75,mask=1,sinks=1,max_bias=8.000000,logit_softcap=0.000000,prec=f32,type_K=q8_0,type_V=q8_0,permute=[0,1,2,3]): not supported [RD0] 
  FLASH_ATTN_EXT(hsk=64,hsv=64,nh=4,nr23=[1,3],kv=113,nb=75,mask=1,sinks=1,max_bias=8.000000,logit_softcap=0.000000,prec=f32,type_K=q5_1,type_V=q5_1,permute=[0,1,2,3]): not supported [RD0] 
  FLASH_ATTN_EXT(hsk=64,hsv=64,nh=4,nr23=[1,3],kv=113,nb=75,mask=1,sinks=1,max_bias=8.000000,logit_softcap=0.000000,prec=f32,type_K=q5_0,type_V=q5_0,permute=[0,1,2,3]): not supported [RD0] 
  FLASH_ATTN_EXT(hsk=64,hsv=64,nh=4,nr23=[1,3],kv=113,nb=75,mask=1,sinks=1,max_bias=8.000000,logit_softcap=0.000000,prec=f32,type_K=q4_1,type_V=q4_1,permute=[0,1,2,3]): not supported [RD0] 
  FLASH_ATTN_EXT(hsk=64,hsv=64,nh=4,nr23=[1,3],kv=113,nb=75,mask=1,sinks=1,max_bias=8.000000,logit_softcap=0.000000,prec=f32,type_K=q4_0,type_V=q4_0,permute=[0,1,2,3]): not supported [RD0] 
  FLASH_ATTN_EXT(hsk=64,hsv=64,nh=4,nr23=[1,3],kv=113,nb=75,mask=1,sinks=1,max_bias=8.000000,logit_softcap=0.000000,prec=f32,type_K=iq4_nl,type_V=iq4_nl,permute=[0,1,2,3]): not supported [RD0] 
  FLASH_ATTN_EXT(hsk=64,hsv=64,nh=4,nr23=[1,3],kv=512,nb=1,mask=1,sinks=1,max_bias=8.000000,logit_softcap=0.000000,prec=f32,type_K=f32,type_V=f32,permute=[0,1,2,3]): not supported [RD0] 
  FLASH_ATTN_EXT(hsk=64,hsv=64,nh=4,nr23=[1,3],kv=512,nb=1,mask=1,sinks=1,max_bias=8.000000,logit_softcap=0.000000,prec=f32,type_K=f16,type_V=f16,permute=[0,1,2,3]): not supported [RD0] 
  FLASH_ATTN_EXT(hsk=64,hsv=64,nh=4,nr23=[1,3],kv=512,nb=1,mask=1,sinks=1,max_bias=8.000000,logit_softcap=0.000000,prec=f32,type_K=bf16,type_V=bf16,permute=[0,1,2,3]): not supported [RD0] 
  FLASH_ATTN_EXT(hsk=64,hsv=64,nh=4,nr23=[1,3],kv=512,nb=1,mask=1,sinks=1,max_bias=8.000000,logit_softcap=0.000000,prec=f32,type_K=q8_0,type_V=q8_0,permute=[0,1,2,3]): not supported [RD0] 
  FLASH_ATTN_EXT(hsk=64,hsv=64,nh=4,nr23=[1,3],kv=512,nb=1,mask=1,sinks=1,max_bias=8.000000,logit_softcap=0.000000,prec=f32,type_K=q5_1,type_V=q5_1,permute=[0,1,2,3]): not supported [RD0] 
  FLASH_ATTN_EXT(hsk=64,hsv=64,nh=4,nr23=[1,3],kv=512,nb=1,mask=1,sinks=1,max_bias=8.000000,logit_softcap=0.000000,prec=f32,type_K=q5_0,type_V=q5_0,permute=[0,1,2,3]): not supported [RD0] 
  FLASH_ATTN_EXT(hsk=64,hsv=64,nh=4,nr23=[1,3],kv=512,nb=1,mask=1,sinks=1,max_bias=8.000000,logit_softcap=0.000000,prec=f32,type_K=q4_1,type_V=q4_1,permute=[0,1,2,3]): not supported [RD0] 
  FLASH_ATTN_EXT(hsk=64,hsv=64,nh=4,nr23=[1,3],kv=512,nb=1,mask=1,sinks=1,max_bias=8.000000,logit_softcap=0.000000,prec=f32,type_K=q4_0,type_V=q4_0,permute=[0,1,2,3]): not supported [RD0] 
  FLASH_ATTN_EXT(hsk=64,hsv=64,nh=4,nr23=[1,3],kv=512,nb=1,mask=1,sinks=1,max_bias=8.000000,logit_softcap=0.000000,prec=f32,type_K=iq4_nl,type_V=iq4_nl,permute=[0,1,2,3]): not supported [RD0] 
  FLASH_ATTN_EXT(hsk=64,hsv=64,nh=4,nr23=[1,3],kv=512,nb=3,mask=1,sinks=1,max_bias=8.000000,logit_softcap=0.000000,prec=f32,type_K=f32,type_V=f32,permute=[0,1,2,3]): not supported [RD0] 
  FLASH_ATTN_EXT(hsk=64,hsv=64,nh=4,nr23=[1,3],kv=512,nb=3,mask=1,sinks=1,max_bias=8.000000,logit_softcap=0.000000,prec=f32,type_K=f16,type_V=f16,permute=[0,1,2,3]): not supported [RD0] 
  FLASH_ATTN_EXT(hsk=64,hsv=64,nh=4,nr23=[1,3],kv=512,nb=3,mask=1,sinks=1,max_bias=8.000000,logit_softcap=0.000000,prec=f32,type_K=bf16,type_V=bf16,permute=[0,1,2,3]): not supported [RD0] 
  FLASH_ATTN_EXT(hsk=64,hsv=64,nh=4,nr23=[1,3],kv=512,nb=3,mask=1,sinks=1,max_bias=8.000000,logit_softcap=0.000000,prec=f32,type_K=q8_0,type_V=q8_0,permute=[0,1,2,3]): not supported [RD0] 
  FLASH_ATTN_EXT(hsk=64,hsv=64,nh=4,nr23=[1,3],kv=512,nb=3,mask=1,sinks=1,max_bias=8.000000,logit_softcap=0.000000,prec=f32,type_K=q5_1,type_V=q5_1,permute=[0,1,2,3]): not supported [RD0] 
  FLASH_ATTN_EXT(hsk=64,hsv=64,nh=4,nr23=[1,3],kv=512,nb=3,mask=1,sinks=1,max_bias=8.000000,logit_softcap=0.000000,prec=f32,type_K=q5_0,type_V=q5_0,permute=[0,1,2,3]): not supported [RD0] 
  FLASH_ATTN_EXT(hsk=64,hsv=64,nh=4,nr23=[1,3],kv=512,nb=3,mask=1,sinks=1,max_bias=8.000000,logit_softcap=0.000000,prec=f32,type_K=q4_1,type_V=q4_1,permute=[0,1,2,3]): not supported [RD0] 
  FLASH_ATTN_EXT(hsk=64,hsv=64,nh=4,nr23=[1,3],kv=512,nb=3,mask=1,sinks=1,max_bias=8.000000,logit_softcap=0.000000,prec=f32,type_K=q4_0,type_V=q4_0,permute=[0,1,2,3]): not supported [RD0] 
  FLASH_ATTN_EXT(hsk=64,hsv=64,nh=4,nr23=[1,3],kv=512,nb=3,mask=1,sinks=1,max_bias=8.000000,logit_softcap=0.000000,prec=f32,type_K=iq4_nl,type_V=iq4_nl,permute=[0,1,2,3]): not supported [RD0] 
  FLASH_ATTN_EXT(hsk=64,hsv=64,nh=4,nr23=[1,3],kv=512,nb=32,mask=1,sinks=1,max_bias=8.000000,logit_softcap=0.000000,prec=f32,type_K=f32,type_V=f32,permute=[0,1,2,3]): not supported [RD0] 
  FLASH_ATTN_EXT(hsk=64,hsv=64,nh=4,nr23=[1,3],kv=512,nb=32,mask=1,sinks=1,max_bias=8.000000,logit_softcap=0.000000,prec=f32,type_K=f16,type_V=f16,permute=[0,1,2,3]): not supported [RD0] 
  FLASH_ATTN_EXT(hsk=64,hsv=64,nh=4,nr23=[1,3],kv=512,nb=32,mask=1,sinks=1,max_bias=8.000000,logit_softcap=0.000000,prec=f32,type_K=bf16,type_V=bf16,permute=[0,1,2,3]): not supported [RD0] 
  FLASH_ATTN_EXT(hsk=64,hsv=64,nh=4,nr23=[1,3],kv=512,nb=32,mask=1,sinks=1,max_bias=8.000000,logit_softcap=0.000000,prec=f32,type_K=q8_0,type_V=q8_0,permute=[0,1,2,3]): not supported [RD0] 
  FLASH_ATTN_EXT(hsk=64,hsv=64,nh=4,nr23=[1,3],kv=512,nb=32,mask=1,sinks=1,max_bias=8.000000,logit_softcap=0.000000,prec=f32,type_K=q5_1,type_V=q5_1,permute=[0,1,2,3]): not supported [RD0] 
  FLASH_ATTN_EXT(hsk=64,hsv=64,nh=4,nr23=[1,3],kv=512,nb=32,mask=1,sinks=1,max_bias=8.000000,logit_softcap=0.000000,prec=f32,type_K=q5_0,type_V=q5_0,permute=[0,1,2,3]): not supported [RD0] 
  FLASH_ATTN_EXT(hsk=64,hsv=64,nh=4,nr23=[1,3],kv=512,nb=32,mask=1,sinks=1,max_bias=8.000000,logit_softcap=0.000000,prec=f32,type_K=q4_1,type_V=q4_1,permute=[0,1,2,3]): not supported [RD0] 
  FLASH_ATTN_EXT(hsk=64,hsv=64,nh=4,nr23=[1,3],kv=512,nb=32,mask=1,sinks=1,max_bias=8.000000,logit_softcap=0.000000,prec=f32,type_K=q4_0,type_V=q4_0,permute=[0,1,2,3]): not supported [RD0] 
  FLASH_ATTN_EXT(hsk=64,hsv=64,nh=4,nr23=[1,3],kv=512,nb=32,mask=1,sinks=1,max_bias=8.000000,logit_softcap=0.000000,prec=f32,type_K=iq4_nl,type_V=iq4_nl,permute=[0,1,2,3]): not supported [RD0] 
  FLASH_ATTN_EXT(hsk=64,hsv=64,nh=4,nr23=[1,3],kv=512,nb=75,mask=1,sinks=1,max_bias=8.000000,logit_softcap=0.000000,prec=f32,type_K=f32,type_V=f32,permute=[0,1,2,3]): not supported [RD0] 
  FLASH_ATTN_EXT(hsk=64,hsv=64,nh=4,nr23=[1,3],kv=512,nb=75,mask=1,sinks=1,max_bias=8.000000,logit_softcap=0.000000,prec=f32,type_K=f16,type_V=f16,permute=[0,1,2,3]): not supported [RD0] 
  FLASH_ATTN_EXT(hsk=64,hsv=64,nh=4,nr23=[1,3],kv=512,nb=75,mask=1,sinks=1,max_bias=8.000000,logit_softcap=0.000000,prec=f32,type_K=bf16,type_V=bf16,permute=[0,1,2,3]): not supported [RD0] 
  FLASH_ATTN_EXT(hsk=64,hsv=64,nh=4,nr23=[1,3],kv=512,nb=75,mask=1,sinks=1,max_bias=8.000000,logit_softcap=0.000000,prec=f32,type_K=q8_0,type_V=q8_0,permute=[0,1,2,3]): not supported [RD0] 
  FLASH_ATTN_EXT(hsk=64,hsv=64,nh=4,nr23=[1,3],kv=512,nb=75,mask=1,sinks=1,max_bias=8.000000,logit_softcap=0.000000,prec=f32,type_K=q5_1,type_V=q5_1,permute=[0,1,2,3]): not supported [RD0] 
  FLASH_ATTN_EXT(hsk=64,hsv=64,nh=4,nr23=[1,3],kv=512,nb=75,mask=1,sinks=1,max_bias=8.000000,logit_softcap=0.000000,prec=f32,type_K=q5_0,type_V=q5_0,permute=[0,1,2,3]): not supported [RD0] 
  FLASH_ATTN_EXT(hsk=64,hsv=64,nh=4,nr23=[1,3],kv=512,nb=75,mask=1,sinks=1,max_bias=8.000000,logit_softcap=0.000000,prec=f32,type_K=q4_1,type_V=q4_1,permute=[0,1,2,3]): not supported [RD0] 
  FLASH_ATTN_EXT(hsk=64,hsv=64,nh=4,nr23=[1,3],kv=512,nb=75,mask=1,sinks=1,max_bias=8.000000,logit_softcap=0.000000,prec=f32,type_K=q4_0,type_V=q4_0,permute=[0,1,2,3]): not supported [RD0] 
  FLASH_ATTN_EXT(hsk=64,hsv=64,nh=4,nr23=[1,3],kv=512,nb=75,mask=1,sinks=1,max_bias=8.000000,logit_softcap=0.000000,prec=f32,type_K=iq4_nl,type_V=iq4_nl,permute=[0,1,2,3]): not supported [RD0] 
  FLASH_ATTN_EXT(hsk=64,hsv=64,nh=4,nr23=[1,3],kv=1024,nb=1,mask=1,sinks=1,max_bias=8.000000,logit_softcap=0.000000,prec=f32,type_K=f32,type_V=f32,permute=[0,1,2,3]): not supported [RD0] 
  FLASH_ATTN_EXT(hsk=64,hsv=64,nh=4,nr23=[1,3],kv=1024,nb=1,mask=1,sinks=1,max_bias=8.000000,logit_softcap=0.000000,prec=f32,type_K=f16,type_V=f16,permute=[0,1,2,3]): not supported [RD0] 
  FLASH_ATTN_EXT(hsk=64,hsv=64,nh=4,nr23=[1,3],kv=1024,nb=1,mask=1,sinks=1,max_bias=8.000000,logit_softcap=0.000000,prec=f32,type_K=bf16,type_V=bf16,permute=[0,1,2,3]): not supported [RD0] 
  FLASH_ATTN_EXT(hsk=64,hsv=64,nh=4,nr23=[1,3],kv=1024,nb=1,mask=1,sinks=1,max_bias=8.000000,logit_softcap=0.000000,prec=f32,type_K=q8_0,type_V=q8_0,permute=[0,1,2,3]): not supported [RD0] 
  FLASH_ATTN_EXT(hsk=64,hsv=64,nh=4,nr23=[1,3],kv=1024,nb=1,mask=1,sinks=1,max_bias=8.000000,logit_softcap=0.000000,prec=f32,type_K=q5_1,type_V=q5_1,permute=[0,1,2,3]): not supported [RD0] 
  FLASH_ATTN_EXT(hsk=64,hsv=64,nh=4,nr23=[1,3],kv=1024,nb=1,mask=1,sinks=1,max_bias=8.000000,logit_softcap=0.000000,prec=f32,type_K=q5_0,type_V=q5_0,permute=[0,1,2,3]): not supported [RD0] 
  FLASH_ATTN_EXT(hsk=64,hsv=64,nh=4,nr23=[1,3],kv=1024,nb=1,mask=1,sinks=1,max_bias=8.000000,logit_softcap=0.000000,prec=f32,type_K=q4_1,type_V=q4_1,permute=[0,1,2,3]): not supported [RD0] 
  FLASH_ATTN_EXT(hsk=64,hsv=64,nh=4,nr23=[1,3],kv=1024,nb=1,mask=1,sinks=1,max_bias=8.000000,logit_softcap=0.000000,prec=f32,type_K=q4_0,type_V=q4_0,permute=[0,1,2,3]): not supported [RD0] 
  FLASH_ATTN_EXT(hsk=64,hsv=64,nh=4,nr23=[1,3],kv=1024,nb=1,mask=1,sinks=1,max_bias=8.000000,logit_softcap=0.000000,prec=f32,type_K=iq4_nl,type_V=iq4_nl,permute=[0,1,2,3]): not supported [RD0] 
  FLASH_ATTN_EXT(hsk=64,hsv=64,nh=4,nr23=[1,3],kv=1024,nb=3,mask=1,sinks=1,max_bias=8.000000,logit_softcap=0.000000,prec=f32,type_K=f32,type_V=f32,permute=[0,1,2,3]): not supported [RD0] 
  FLASH_ATTN_EXT(hsk=64,hsv=64,nh=4,nr23=[1,3],kv=1024,nb=3,mask=1,sinks=1,max_bias=8.000000,logit_softcap=0.000000,prec=f32,type_K=f16,type_V=f16,permute=[0,1,2,3]): not supported [RD0] 
  FLASH_ATTN_EXT(hsk=64,hsv=64,nh=4,nr23=[1,3],kv=1024,nb=3,mask=1,sinks=1,max_bias=8.000000,logit_softcap=0.000000,prec=f32,type_K=bf16,type_V=bf16,permute=[0,1,2,3]): not supported [RD0] 
  FLASH_ATTN_EXT(hsk=64,hsv=64,nh=4,nr23=[1,3],kv=1024,nb=3,mask=1,sinks=1,max_bias=8.000000,logit_softcap=0.000000,prec=f32,type_K=q8_0,type_V=q8_0,permute=[0,1,2,3]): not supported [RD0] 
  FLASH_ATTN_EXT(hsk=64,hsv=64,nh=4,nr23=[1,3],kv=1024,nb=3,mask=1,sinks=1,max_bias=8.000000,logit_softcap=0.000000,prec=f32,type_K=q5_1,type_V=q5_1,permute=[0,1,2,3]): not supported [RD0] 
  FLASH_ATTN_EXT(hsk=64,hsv=64,nh=4,nr23=[1,3],kv=1024,nb=3,mask=1,sinks=1,max_bias=8.000000,logit_softcap=0.000000,prec=f32,type_K=q5_0,type_V=q5_0,permute=[0,1,2,3]): not supported [RD0] 
  FLASH_ATTN_EXT(hsk=64,hsv=64,nh=4,nr23=[1,3],kv=1024,nb=3,mask=1,sinks=1,max_bias=8.000000,logit_softcap=0.000000,prec=f32,type_K=q4_1,type_V=q4_1,permute=[0,1,2,3]): not supported [RD0] 
  FLASH_ATTN_EXT(hsk=64,hsv=64,nh=4,nr23=[1,3],kv=1024,nb=3,mask=1,sinks=1,max_bias=8.000000,logit_softcap=0.000000,prec=f32,type_K=q4_0,type_V=q4_0,permute=[0,1,2,3]): not supported [RD0] 
  FLASH_ATTN_EXT(hsk=64,hsv=64,nh=4,nr23=[1,3],kv=1024,nb=3,mask=1,sinks=1,max_bias=8.000000,logit_softcap=0.000000,prec=f32,type_K=iq4_nl,type_V=iq4_nl,permute=[0,1,2,3]): not supported [RD0] 
  FLASH_ATTN_EXT(hsk=64,hsv=64,nh=4,nr23=[1,3],kv=1024,nb=32,mask=1,sinks=1,max_bias=8.000000,logit_softcap=0.000000,prec=f32,type_K=f32,type_V=f32,permute=[0,1,2,3]): not supported [RD0] 
  FLASH_ATTN_EXT(hsk=64,hsv=64,nh=4,nr23=[1,3],kv=1024,nb=32,mask=1,sinks=1,max_bias=8.000000,logit_softcap=0.000000,prec=f32,type_K=f16,type_V=f16,permute=[0,1,2,3]): not supported [RD0] 
  FLASH_ATTN_EXT(hsk=64,hsv=64,nh=4,nr23=[1,3],kv=1024,nb=32,mask=1,sinks=1,max_bias=8.000000,logit_softcap=0.000000,prec=f32,type_K=bf16,type_V=bf16,permute=[0,1,2,3]): not supported [RD0] 
  FLASH_ATTN_EXT(hsk=64,hsv=64,nh=4,nr23=[1,3],kv=1024,nb=32,mask=1,sinks=1,max_bias=8.000000,logit_softcap=0.000000,prec=f32,type_K=q8_0,type_V=q8_0,permute=[0,1,2,3]): not supported [RD0] 
  FLASH_ATTN_EXT(hsk=64,hsv=64,nh=4,nr23=[1,3],kv=1024,nb=32,mask=1,sinks=1,max_bias=8.000000,logit_softcap=0.000000,prec=f32,type_K=q5_1,type_V=q5_1,permute=[0,1,2,3]): not supported [RD0] 
  FLASH_ATTN_EXT(hsk=64,hsv=64,nh=4,nr23=[1,3],kv=1024,nb=32,mask=1,sinks=1,max_bias=8.000000,logit_softcap=0.000000,prec=f32,type_K=q5_0,type_V=q5_0,permute=[0,1,2,3]): not supported [RD0] 
  FLASH_ATTN_EXT(hsk=64,hsv=64,nh=4,nr23=[1,3],kv=1024,nb=32,mask=1,sinks=1,max_bias=8.000000,logit_softcap=0.000000,prec=f32,type_K=q4_1,type_V=q4_1,permute=[0,1,2,3]): not supported [RD0] 
  FLASH_ATTN_EXT(hsk=64,hsv=64,nh=4,nr23=[1,3],kv=1024,nb=32,mask=1,sinks=1,max_bias=8.000000,logit_softcap=0.000000,prec=f32,type_K=q4_0,type_V=q4_0,permute=[0,1,2,3]): not supported [RD0] 
  FLASH_ATTN_EXT(hsk=64,hsv=64,nh=4,nr23=[1,3],kv=1024,nb=32,mask=1,sinks=1,max_bias=8.000000,logit_softcap=0.000000,prec=f32,type_K=iq4_nl,type_V=iq4_nl,permute=[0,1,2,3]): not supported [RD0] 
  FLASH_ATTN_EXT(hsk=64,hsv=64,nh=4,nr23=[1,3],kv=1024,nb=75,mask=1,sinks=1,max_bias=8.000000,logit_softcap=0.000000,prec=f32,type_K=f32,type_V=f32,permute=[0,1,2,3]): not supported [RD0] 
  FLASH_ATTN_EXT(hsk=64,hsv=64,nh=4,nr23=[1,3],kv=1024,nb=75,mask=1,sinks=1,max_bias=8.000000,logit_softcap=0.000000,prec=f32,type_K=f16,type_V=f16,permute=[0,1,2,3]): not supported [RD0] 
  FLASH_ATTN_EXT(hsk=64,hsv=64,nh=4,nr23=[1,3],kv=1024,nb=75,mask=1,sinks=1,max_bias=8.000000,logit_softcap=0.000000,prec=f32,type_K=bf16,type_V=bf16,permute=[0,1,2,3]): not supported [RD0] 
  FLASH_ATTN_EXT(hsk=64,hsv=64,nh=4,nr23=[1,3],kv=1024,nb=75,mask=1,sinks=1,max_bias=8.000000,logit_softcap=0.000000,prec=f32,type_K=q8_0,type_V=q8_0,permute=[0,1,2,3]): not supported [RD0] 
  FLASH_ATTN_EXT(hsk=64,hsv=64,nh=4,nr23=[1,3],kv=1024,nb=75,mask=1,sinks=1,max_bias=8.000000,logit_softcap=0.000000,prec=f32,type_K=q5_1,type_V=q5_1,permute=[0,1,2,3]): not supported [RD0] 
  FLASH_ATTN_EXT(hsk=64,hsv=64,nh=4,nr23=[1,3],kv=1024,nb=75,mask=1,sinks=1,max_bias=8.000000,logit_softcap=0.000000,prec=f32,type_K=q5_0,type_V=q5_0,permute=[0,1,2,3]): not supported [RD0] 
  FLASH_ATTN_EXT(hsk=64,hsv=64,nh=4,nr23=[1,3],kv=1024,nb=75,mask=1,sinks=1,max_bias=8.000000,logit_softcap=0.000000,prec=f32,type_K=q4_1,type_V=q4_1,permute=[0,1,2,3]): not supported [RD0] 
  FLASH_ATTN_EXT(hsk=64,hsv=64,nh=4,nr23=[1,3],kv=1024,nb=75,mask=1,sinks=1,max_bias=8.000000,logit_softcap=0.000000,prec=f32,type_K=q4_0,type_V=q4_0,permute=[0,1,2,3]): not supported [RD0] 
  FLASH_ATTN_EXT(hsk=64,hsv=64,nh=4,nr23=[1,3],kv=1024,nb=75,mask=1,sinks=1,max_bias=8.000000,logit_softcap=0.000000,prec=f32,type_K=iq4_nl,type_V=iq4_nl,permute=[0,1,2,3]): not supported [RD0] 
  FLASH_ATTN_EXT(hsk=64,hsv=64,nh=4,nr23=[4,3],kv=512,nb=1,mask=1,sinks=1,max_bias=8.000000,logit_softcap=0.000000,prec=f32,type_K=f32,type_V=f32,permute=[0,1,2,3]): not supported [RD0] 
  FLASH_ATTN_EXT(hsk=64,hsv=64,nh=4,nr23=[4,3],kv=512,nb=1,mask=1,sinks=1,max_bias=8.000000,logit_softcap=0.000000,prec=f32,type_K=f16,type_V=f16,permute=[0,1,2,3]): not supported [RD0] 
  FLASH_ATTN_EXT(hsk=64,hsv=64,nh=4,nr23=[4,3],kv=512,nb=1,mask=1,sinks=1,max_bias=8.000000,logit_softcap=0.000000,prec=f32,type_K=bf16,type_V=bf16,permute=[0,1,2,3]): not supported [RD0] 
  FLASH_ATTN_EXT(hsk=64,hsv=64,nh=4,nr23=[4,3],kv=512,nb=1,mask=1,sinks=1,max_bias=8.000000,logit_softcap=0.000000,prec=f32,type_K=q8_0,type_V=q8_0,permute=[0,1,2,3]): not supported [RD0] 
  FLASH_ATTN_EXT(hsk=64,hsv=64,nh=4,nr23=[4,3],kv=512,nb=1,mask=1,sinks=1,max_bias=8.000000,logit_softcap=0.000000,prec=f32,type_K=q5_1,type_V=q5_1,permute=[0,1,2,3]): not supported [RD0] 
  FLASH_ATTN_EXT(hsk=64,hsv=64,nh=4,nr23=[4,3],kv=512,nb=1,mask=1,sinks=1,max_bias=8.000000,logit_softcap=0.000000,prec=f32,type_K=q5_0,type_V=q5_0,permute=[0,1,2,3]): not supported [RD0] 
  FLASH_ATTN_EXT(hsk=64,hsv=64,nh=4,nr23=[4,3],kv=512,nb=1,mask=1,sinks=1,max_bias=8.000000,logit_softcap=0.000000,prec=f32,type_K=q4_1,type_V=q4_1,permute=[0,1,2,3]): not supported [RD0] 
  FLASH_ATTN_EXT(hsk=64,hsv=64,nh=4,nr23=[4,3],kv=512,nb=1,mask=1,sinks=1,max_bias=8.000000,logit_softcap=0.000000,prec=f32,type_K=q4_0,type_V=q4_0,permute=[0,1,2,3]): not supported [RD0] 
  FLASH_ATTN_EXT(hsk=64,hsv=64,nh=4,nr23=[4,3],kv=512,nb=1,mask=1,sinks=1,max_bias=8.000000,logit_softcap=0.000000,prec=f32,type_K=iq4_nl,type_V=iq4_nl,permute=[0,1,2,3]): not supported [RD0] 
  FLASH_ATTN_EXT(hsk=64,hsv=64,nh=4,nr23=[4,3],kv=512,nb=3,mask=1,sinks=1,max_bias=8.000000,logit_softcap=0.000000,prec=f32,type_K=f32,type_V=f32,permute=[0,1,2,3]): not supported [RD0] 
  FLASH_ATTN_EXT(hsk=64,hsv=64,nh=4,nr23=[4,3],kv=512,nb=3,mask=1,sinks=1,max_bias=8.000000,logit_softcap=0.000000,prec=f32,type_K=f16,type_V=f16,permute=[0,1,2,3]): not supported [RD0] 
  FLASH_ATTN_EXT(hsk=64,hsv=64,nh=4,nr23=[4,3],kv=512,nb=3,mask=1,sinks=1,max_bias=8.000000,logit_softcap=0.000000,prec=f32,type_K=bf16,type_V=bf16,permute=[0,1,2,3]): not supported [RD0] 
  FLASH_ATTN_EXT(hsk=64,hsv=64,nh=4,nr23=[4,3],kv=512,nb=3,mask=1,sinks=1,max_bias=8.000000,logit_softcap=0.000000,prec=f32,type_K=q8_0,type_V=q8_0,permute=[0,1,2,3]): not supported [RD0] 
  FLASH_ATTN_EXT(hsk=64,hsv=64,nh=4,nr23=[4,3],kv=512,nb=3,mask=1,sinks=1,max_bias=8.000000,logit_softcap=0.000000,prec=f32,type_K=q5_1,type_V=q5_1,permute=[0,1,2,3]): not supported [RD0] 
  FLASH_ATTN_EXT(hsk=64,hsv=64,nh=4,nr23=[4,3],kv=512,nb=3,mask=1,sinks=1,max_bias=8.000000,logit_softcap=0.000000,prec=f32,type_K=q5_0,type_V=q5_0,permute=[0,1,2,3]): not supported [RD0] 
  FLASH_ATTN_EXT(hsk=64,hsv=64,nh=4,nr23=[4,3],kv=512,nb=3,mask=1,sinks=1,max_bias=8.000000,logit_softcap=0.000000,prec=f32,type_K=q4_1,type_V=q4_1,permute=[0,1,2,3]): not supported [RD0] 
  FLASH_ATTN_EXT(hsk=64,hsv=64,nh=4,nr23=[4,3],kv=512,nb=3,mask=1,sinks=1,max_bias=8.000000,logit_softcap=0.000000,prec=f32,type_K=q4_0,type_V=q4_0,permute=[0,1,2,3]): not supported [RD0] 
  FLASH_ATTN_EXT(hsk=64,hsv=64,nh=4,nr23=[4,3],kv=512,nb=3,mask=1,sinks=1,max_bias=8.000000,logit_softcap=0.000000,prec=f32,type_K=iq4_nl,type_V=iq4_nl,permute=[0,1,2,3]): not supported [RD0] 
  FLASH_ATTN_EXT(hsk=64,hsv=64,nh=4,nr23=[4,3],kv=512,nb=32,mask=1,sinks=1,max_bias=8.000000,logit_softcap=0.000000,prec=f32,type_K=f32,type_V=f32,permute=[0,1,2,3]): not supported [RD0] 
  FLASH_ATTN_EXT(hsk=64,hsv=64,nh=4,nr23=[4,3],kv=512,nb=32,mask=1,sinks=1,max_bias=8.000000,logit_softcap=0.000000,prec=f32,type_K=f16,type_V=f16,permute=[0,1,2,3]): not supported [RD0] 
  FLASH_ATTN_EXT(hsk=64,hsv=64,nh=4,nr23=[4,3],kv=512,nb=32,mask=1,sinks=1,max_bias=8.000000,logit_softcap=0.000000,prec=f32,type_K=bf16,type_V=bf16,permute=[0,1,2,3]): not supported [RD0] 
  FLASH_ATTN_EXT(hsk=64,hsv=64,nh=4,nr23=[4,3],kv=512,nb=32,mask=1,sinks=1,max_bias=8.000000,logit_softcap=0.000000,prec=f32,type_K=q8_0,type_V=q8_0,permute=[0,1,2,3]): not supported [RD0] 
  FLASH_ATTN_EXT(hsk=64,hsv=64,nh=4,nr23=[4,3],kv=512,nb=32,mask=1,sinks=1,max_bias=8.000000,logit_softcap=0.000000,prec=f32,type_K=q5_1,type_V=q5_1,permute=[0,1,2,3]): not supported [RD0] 
  FLASH_ATTN_EXT(hsk=64,hsv=64,nh=4,nr23=[4,3],kv=512,nb=32,mask=1,sinks=1,max_bias=8.000000,logit_softcap=0.000000,prec=f32,type_K=q5_0,type_V=q5_0,permute=[0,1,2,3]): not supported [RD0] 
  FLASH_ATTN_EXT(hsk=64,hsv=64,nh=4,nr23=[4,3],kv=512,nb=32,mask=1,sinks=1,max_bias=8.000000,logit_softcap=0.000000,prec=f32,type_K=q4_1,type_V=q4_1,permute=[0,1,2,3]): not supported [RD0] 
  FLASH_ATTN_EXT(hsk=64,hsv=64,nh=4,nr23=[4,3],kv=512,nb=32,mask=1,sinks=1,max_bias=8.000000,logit_softcap=0.000000,prec=f32,type_K=q4_0,type_V=q4_0,permute=[0,1,2,3]): not supported [RD0] 
  FLASH_ATTN_EXT(hsk=64,hsv=64,nh=4,nr23=[4,3],kv=512,nb=32,mask=1,sinks=1,max_bias=8.000000,logit_softcap=0.000000,prec=f32,type_K=iq4_nl,type_V=iq4_nl,permute=[0,1,2,3]): not supported [RD0] 
  FLASH_ATTN_EXT(hsk=64,hsv=64,nh=4,nr23=[4,3],kv=512,nb=75,mask=1,sinks=1,max_bias=8.000000,logit_softcap=0.000000,prec=f32,type_K=f32,type_V=f32,permute=[0,1,2,3]): not supported [RD0] 
  FLASH_ATTN_EXT(hsk=64,hsv=64,nh=4,nr23=[4,3],kv=512,nb=75,mask=1,sinks=1,max_bias=8.000000,logit_softcap=0.000000,prec=f32,type_K=f16,type_V=f16,permute=[0,1,2,3]): not supported [RD0] 
  FLASH_ATTN_EXT(hsk=64,hsv=64,nh=4,nr23=[4,3],kv=512,nb=75,mask=1,sinks=1,max_bias=8.000000,logit_softcap=0.000000,prec=f32,type_K=bf16,type_V=bf16,permute=[0,1,2,3]): not supported [RD0] 
  FLASH_ATTN_EXT(hsk=64,hsv=64,nh=4,nr23=[4,3],kv=512,nb=75,mask=1,sinks=1,max_bias=8.000000,logit_softcap=0.000000,prec=f32,type_K=q8_0,type_V=q8_0,permute=[0,1,2,3]): not supported [RD0] 
  FLASH_ATTN_EXT(hsk=64,hsv=64,nh=4,nr23=[4,3],kv=512,nb=75,mask=1,sinks=1,max_bias=8.000000,logit_softcap=0.000000,prec=f32,type_K=q5_1,type_V=q5_1,permute=[0,1,2,3]): not supported [RD0] 
  FLASH_ATTN_EXT(hsk=64,hsv=64,nh=4,nr23=[4,3],kv=512,nb=75,mask=1,sinks=1,max_bias=8.000000,logit_softcap=0.000000,prec=f32,type_K=q5_0,type_V=q5_0,permute=[0,1,2,3]): not supported [RD0] 
  FLASH_ATTN_EXT(hsk=64,hsv=64,nh=4,nr23=[4,3],kv=512,nb=75,mask=1,sinks=1,max_bias=8.000000,logit_softcap=0.000000,prec=f32,type_K=q4_1,type_V=q4_1,permute=[0,1,2,3]): not supported [RD0] 
  FLASH_ATTN_EXT(hsk=64,hsv=64,nh=4,nr23=[4,3],kv=512,nb=75,mask=1,sinks=1,max_bias=8.000000,logit_softcap=0.000000,prec=f32,type_K=q4_0,type_V=q4_0,permute=[0,1,2,3]): not supported [RD0] 
  FLASH_ATTN_EXT(hsk=64,hsv=64,nh=4,nr23=[4,3],kv=512,nb=75,mask=1,sinks=1,max_bias=8.000000,logit_softcap=0.000000,prec=f32,type_K=iq4_nl,type_V=iq4_nl,permute=[0,1,2,3]): not supported [RD0] 
  FLASH_ATTN_EXT(hsk=64,hsv=64,nh=4,nr23=[1,1],kv=113,nb=1,mask=1,sinks=0,max_bias=0.000000,logit_softcap=0.000000,prec=f32,type_K=f32,type_V=f32,permute=[0,1,2,3]): not supported [RD0] 
  FLASH_ATTN_EXT(hsk=64,hsv=64,nh=4,nr23=[1,1],kv=113,nb=1,mask=1,sinks=0,max_bias=0.000000,logit_softcap=0.000000,prec=f32,type_K=f16,type_V=f16,permute=[0,1,2,3]): not supported [RD0] 
  FLASH_ATTN_EXT(hsk=64,hsv=64,nh=4,nr23=[1,1],kv=113,nb=1,mask=1,sinks=0,max_bias=0.000000,logit_softcap=0.000000,prec=f32,type_K=bf16,type_V=bf16,permute=[0,1,2,3]): not supported [RD0] 
  FLASH_ATTN_EXT(hsk=64,hsv=64,nh=4,nr23=[1,1],kv=113,nb=1,mask=1,sinks=0,max_bias=0.000000,logit_softcap=0.000000,prec=f32,type_K=q8_0,type_V=q8_0,permute=[0,1,2,3]): not supported [RD0] 
  FLASH_ATTN_EXT(hsk=64,hsv=64,nh=4,nr23=[1,1],kv=113,nb=1,mask=1,sinks=0,max_bias=0.000000,logit_softcap=0.000000,prec=f32,type_K=q5_1,type_V=q5_1,permute=[0,1,2,3]): not supported [RD0] 
  FLASH_ATTN_EXT(hsk=64,hsv=64,nh=4,nr23=[1,1],kv=113,nb=1,mask=1,sinks=0,max_bias=0.000000,logit_softcap=0.000000,prec=f32,type_K=q5_0,type_V=q5_0,permute=[0,1,2,3]): not supported [RD0] 
  FLASH_ATTN_EXT(hsk=64,hsv=64,nh=4,nr23=[1,1],kv=113,nb=1,mask=1,sinks=0,max_bias=0.000000,logit_softcap=0.000000,prec=f32,type_K=q4_1,type_V=q4_1,permute=[0,1,2,3]): not supported [RD0] 
  FLASH_ATTN_EXT(hsk=64,hsv=64,nh=4,nr23=[1,1],kv=113,nb=1,mask=1,sinks=0,max_bias=0.000000,logit_softcap=0.000000,prec=f32,type_K=q4_0,type_V=q4_0,permute=[0,1,2,3]): not supported [RD0] 
  FLASH_ATTN_EXT(hsk=64,hsv=64,nh=4,nr23=[1,1],kv=113,nb=1,mask=1,sinks=0,max_bias=0.000000,logit_softcap=0.000000,prec=f32,type_K=iq4_nl,type_V=iq4_nl,permute=[0,1,2,3]): not supported [RD0] 
  FLASH_ATTN_EXT(hsk=64,hsv=64,nh=4,nr23=[1,1],kv=113,nb=3,mask=1,sinks=0,max_bias=0.000000,logit_softcap=0.000000,prec=f32,type_K=f32,type_V=f32,permute=[0,1,2,3]): not supported [RD0] 
  FLASH_ATTN_EXT(hsk=64,hsv=64,nh=4,nr23=[1,1],kv=113,nb=3,mask=1,sinks=0,max_bias=0.000000,logit_softcap=0.000000,prec=f32,type_K=f16,type_V=f16,permute=[0,1,2,3]): not supported [RD0] 
  FLASH_ATTN_EXT(hsk=64,hsv=64,nh=4,nr23=[1,1],kv=113,nb=3,mask=1,sinks=0,max_bias=0.000000,logit_softcap=0.000000,prec=f32,type_K=bf16,type_V=bf16,permute=[0,1,2,3]): not supported [RD0] 
  FLASH_ATTN_EXT(hsk=64,hsv=64,nh=4,nr23=[1,1],kv=113,nb=3,mask=1,sinks=0,max_bias=0.000000,logit_softcap=0.000000,prec=f32,type_K=q8_0,type_V=q8_0,permute=[0,1,2,3]): not supported [RD0] 
  FLASH_ATTN_EXT(hsk=64,hsv=64,nh=4,nr23=[1,1],kv=113,nb=3,mask=1,sinks=0,max_bias=0.000000,logit_softcap=0.000000,prec=f32,type_K=q5_1,type_V=q5_1,permute=[0,1,2,3]): not supported [RD0] 
  FLASH_ATTN_EXT(hsk=64,hsv=64,nh=4,nr23=[1,1],kv=113,nb=3,mask=1,sinks=0,max_bias=0.000000,logit_softcap=0.000000,prec=f32,type_K=q5_0,type_V=q5_0,permute=[0,1,2,3]): not supported [RD0] 
  FLASH_ATTN_EXT(hsk=64,hsv=64,nh=4,nr23=[1,1],kv=113,nb=3,mask=1,sinks=0,max_bias=0.000000,logit_softcap=0.000000,prec=f32,type_K=q4_1,type_V=q4_1,permute=[0,1,2,3]): not supported [RD0] 
  FLASH_ATTN_EXT(hsk=64,hsv=64,nh=4,nr23=[1,1],kv=113,nb=3,mask=1,sinks=0,max_bias=0.000000,logit_softcap=0.000000,prec=f32,type_K=q4_0,type_V=q4_0,permute=[0,1,2,3]): not supported [RD0] 
  FLASH_ATTN_EXT(hsk=64,hsv=64,nh=4,nr23=[1,1],kv=113,nb=3,mask=1,sinks=0,max_bias=0.000000,logit_softcap=0.000000,prec=f32,type_K=iq4_nl,type_V=iq4_nl,permute=[0,1,2,3]): not supported [RD0] 
  FLASH_ATTN_EXT(hsk=64,hsv=64,nh=4,nr23=[1,1],kv=113,nb=32,mask=1,sinks=0,max_bias=0.000000,logit_softcap=0.000000,prec=f32,type_K=f32,type_V=f32,permute=[0,1,2,3]): not supported [RD0] 
  FLASH_ATTN_EXT(hsk=64,hsv=64,nh=4,nr23=[1,1],kv=113,nb=32,mask=1,sinks=0,max_bias=0.000000,logit_softcap=0.000000,prec=f32,type_K=f16,type_V=f16,permute=[0,1,2,3]): not supported [RD0] 
  FLASH_ATTN_EXT(hsk=64,hsv=64,nh=4,nr23=[1,1],kv=113,nb=32,mask=1,sinks=0,max_bias=0.000000,logit_softcap=0.000000,prec=f32,type_K=bf16,type_V=bf16,permute=[0,1,2,3]): not supported [RD0] 
  FLASH_ATTN_EXT(hsk=64,hsv=64,nh=4,nr23=[1,1],kv=113,nb=32,mask=1,sinks=0,max_bias=0.000000,logit_softcap=0.000000,prec=f32,type_K=q8_0,type_V=q8_0,permute=[0,1,2,3]): not supported [RD0] 
  FLASH_ATTN_EXT(hsk=64,hsv=64,nh=4,nr23=[1,1],kv=113,nb=32,mask=1,sinks=0,max_bias=0.000000,logit_softcap=0.000000,prec=f32,type_K=q5_1,type_V=q5_1,permute=[0,1,2,3]): not supported [RD0] 
  FLASH_ATTN_EXT(hsk=64,hsv=64,nh=4,nr23=[1,1],kv=113,nb=32,mask=1,sinks=0,max_bias=0.000000,logit_softcap=0.000000,prec=f32,type_K=q5_0,type_V=q5_0,permute=[0,1,2,3]): not supported [RD0] 
  FLASH_ATTN_EXT(hsk=64,hsv=64,nh=4,nr23=[1,1],kv=113,nb=32,mask=1,sinks=0,max_bias=0.000000,logit_softcap=0.000000,prec=f32,type_K=q4_1,type_V=q4_1,permute=[0,1,2,3]): not supported [RD0] 
  FLASH_ATTN_EXT(hsk=64,hsv=64,nh=4,nr23=[1,1],kv=113,nb=32,mask=1,sinks=0,max_bias=0.000000,logit_softcap=0.000000,prec=f32,type_K=q4_0,type_V=q4_0,permute=[0,1,2,3]): not supported [RD0] 
  FLASH_ATTN_EXT(hsk=64,hsv=64,nh=4,nr23=[1,1],kv=113,nb=32,mask=1,sinks=0,max_bias=0.000000,logit_softcap=0.000000,prec=f32,type_K=iq4_nl,type_V=iq4_nl,permute=[0,1,2,3]): not supported [RD0] 
  FLASH_ATTN_EXT(hsk=64,hsv=64,nh=4,nr23=[1,1],kv=113,nb=75,mask=1,sinks=0,max_bias=0.000000,logit_softcap=0.000000,prec=f32,type_K=f32,type_V=f32,permute=[0,1,2,3]): not supported [RD0] 
  FLASH_ATTN_EXT(hsk=64,hsv=64,nh=4,nr23=[1,1],kv=113,nb=75,mask=1,sinks=0,max_bias=0.000000,logit_softcap=0.000000,prec=f32,type_K=f16,type_V=f16,permute=[0,1,2,3]): not supported [RD0] 
  FLASH_ATTN_EXT(hsk=64,hsv=64,nh=4,nr23=[1,1],kv=113,nb=75,mask=1,sinks=0,max_bias=0.000000,logit_softcap=0.000000,prec=f32,type_K=bf16,type_V=bf16,permute=[0,1,2,3]): not supported [RD0] 
  FLASH_ATTN_EXT(hsk=64,hsv=64,nh=4,nr23=[1,1],kv=113,nb=75,mask=1,sinks=0,max_bias=0.000000,logit_softcap=0.000000,prec=f32,type_K=q8_0,type_V=q8_0,permute=[0,1,2,3]): not supported [RD0] 
  FLASH_ATTN_EXT(hsk=64,hsv=64,nh=4,nr23=[1,1],kv=113,nb=75,mask=1,sinks=0,max_bias=0.000000,logit_softcap=0.000000,prec=f32,type_K=q5_1,type_V=q5_1,permute=[0,1,2,3]): not supported [RD0] 
  FLASH_ATTN_EXT(hsk=64,hsv=64,nh=4,nr23=[1,1],kv=113,nb=75,mask=1,sinks=0,max_bias=0.000000,logit_softcap=0.000000,prec=f32,type_K=q5_0,type_V=q5_0,permute=[0,1,2,3]): not supported [RD0] 
  FLASH_ATTN_EXT(hsk=64,hsv=64,nh=4,nr23=[1,1],kv=113,nb=75,mask=1,sinks=0,max_bias=0.000000,logit_softcap=0.000000,prec=f32,type_K=q4_1,type_V=q4_1,permute=[0,1,2,3]): not supported [RD0] 
  FLASH_ATTN_EXT(hsk=64,hsv=64,nh=4,nr23=[1,1],kv=113,nb=75,mask=1,sinks=0,max_bias=0.000000,logit_softcap=0.000000,prec=f32,type_K=q4_0,type_V=q4_0,permute=[0,1,2,3]): not supported [RD0] 
  FLASH_ATTN_EXT(hsk=64,hsv=64,nh=4,nr23=[1,1],kv=113,nb=75,mask=1,sinks=0,max_bias=0.000000,logit_softcap=0.000000,prec=f32,type_K=iq4_nl,type_V=iq4_nl,permute=[0,1,2,3]): not supported [RD0] 
  FLASH_ATTN_EXT(hsk=64,hsv=64,nh=4,nr23=[1,1],kv=512,nb=1,mask=1,sinks=0,max_bias=0.000000,logit_softcap=0.000000,prec=f32,type_K=f32,type_V=f32,permute=[0,1,2,3]): not supported [RD0] 
  FLASH_ATTN_EXT(hsk=64,hsv=64,nh=4,nr23=[1,1],kv=512,nb=1,mask=1,sinks=0,max_bias=0.000000,logit_softcap=0.000000,prec=f32,type_K=f32,type_V=f32,permute=[0,2,1,3]): not supported [RD0] 
  FLASH_ATTN_EXT(hsk=64,hsv=64,nh=4,nr23=[1,1],kv=512,nb=1,mask=1,sinks=0,max_bias=0.000000,logit_softcap=0.000000,prec=f32,type_K=f16,type_V=f16,permute=[0,1,2,3]): not supported [RD0] 
  FLASH_ATTN_EXT(hsk=64,hsv=64,nh=4,nr23=[1,1],kv=512,nb=1,mask=1,sinks=0,max_bias=0.000000,logit_softcap=0.000000,prec=f32,type_K=f16,type_V=f16,permute=[0,2,1,3]): not supported [RD0] 
  FLASH_ATTN_EXT(hsk=64,hsv=64,nh=4,nr23=[1,1],kv=512,nb=1,mask=1,sinks=0,max_bias=0.000000,logit_softcap=0.000000,prec=f32,type_K=bf16,type_V=bf16,permute=[0,1,2,3]): not supported [RD0] 
  FLASH_ATTN_EXT(hsk=64,hsv=64,nh=4,nr23=[1,1],kv=512,nb=1,mask=1,sinks=0,max_bias=0.000000,logit_softcap=0.000000,prec=f32,type_K=bf16,type_V=bf16,permute=[0,2,1,3]): not supported [RD0] 
  FLASH_ATTN_EXT(hsk=64,hsv=64,nh=4,nr23=[1,1],kv=512,nb=1,mask=1,sinks=0,max_bias=0.000000,logit_softcap=0.000000,prec=f32,type_K=q8_0,type_V=q8_0,permute=[0,1,2,3]): not supported [RD0] 
  FLASH_ATTN_EXT(hsk=64,hsv=64,nh=4,nr23=[1,1],kv=512,nb=1,mask=1,sinks=0,max_bias=0.000000,logit_softcap=0.000000,prec=f32,type_K=q8_0,type_V=q8_0,permute=[0,2,1,3]): not supported [RD0] 
  FLASH_ATTN_EXT(hsk=64,hsv=64,nh=4,nr23=[1,1],kv=512,nb=1,mask=1,sinks=0,max_bias=0.000000,logit_softcap=0.000000,prec=f32,type_K=q5_1,type_V=q5_1,permute=[0,1,2,3]): not supported [RD0] 
  FLASH_ATTN_EXT(hsk=64,hsv=64,nh=4,nr23=[1,1],kv=512,nb=1,mask=1,sinks=0,max_bias=0.000000,logit_softcap=0.000000,prec=f32,type_K=q5_1,type_V=q5_1,permute=[0,2,1,3]): not supported [RD0] 
  FLASH_ATTN_EXT(hsk=64,hsv=64,nh=4,nr23=[1,1],kv=512,nb=1,mask=1,sinks=0,max_bias=0.000000,logit_softcap=0.000000,prec=f32,type_K=q5_0,type_V=q5_0,permute=[0,1,2,3]): not supported [RD0] 
  FLASH_ATTN_EXT(hsk=64,hsv=64,nh=4,nr23=[1,1],kv=512,nb=1,mask=1,sinks=0,max_bias=0.000000,logit_softcap=0.000000,prec=f32,type_K=q5_0,type_V=q5_0,permute=[0,2,1,3]): not supported [RD0] 
  FLASH_ATTN_EXT(hsk=64,hsv=64,nh=4,nr23=[1,1],kv=512,nb=1,mask=1,sinks=0,max_bias=0.000000,logit_softcap=0.000000,prec=f32,type_K=q4_1,type_V=q4_1,permute=[0,1,2,3]): not supported [RD0] 
  FLASH_ATTN_EXT(hsk=64,hsv=64,nh=4,nr23=[1,1],kv=512,nb=1,mask=1,sinks=0,max_bias=0.000000,logit_softcap=0.000000,prec=f32,type_K=q4_1,type_V=q4_1,permute=[0,2,1,3]): not supported [RD0] 
  FLASH_ATTN_EXT(hsk=64,hsv=64,nh=4,nr23=[1,1],kv=512,nb=1,mask=1,sinks=0,max_bias=0.000000,logit_softcap=0.000000,prec=f32,type_K=q4_0,type_V=q4_0,permute=[0,1,2,3]): not supported [RD0] 
  FLASH_ATTN_EXT(hsk=64,hsv=64,nh=4,nr23=[1,1],kv=512,nb=1,mask=1,sinks=0,max_bias=0.000000,logit_softcap=0.000000,prec=f32,type_K=q4_0,type_V=q4_0,permute=[0,2,1,3]): not supported [RD0] 
  FLASH_ATTN_EXT(hsk=64,hsv=64,nh=4,nr23=[1,1],kv=512,nb=1,mask=1,sinks=0,max_bias=0.000000,logit_softcap=0.000000,prec=f32,type_K=iq4_nl,type_V=iq4_nl,permute=[0,1,2,3]): not supported [RD0] 
  FLASH_ATTN_EXT(hsk=64,hsv=64,nh=4,nr23=[1,1],kv=512,nb=1,mask=1,sinks=0,max_bias=0.000000,logit_softcap=0.000000,prec=f32,type_K=iq4_nl,type_V=iq4_nl,permute=[0,2,1,3]): not supported [RD0] 
  FLASH_ATTN_EXT(hsk=64,hsv=64,nh=4,nr23=[1,1],kv=512,nb=3,mask=1,sinks=0,max_bias=0.000000,logit_softcap=0.000000,prec=f32,type_K=f32,type_V=f32,permute=[0,1,2,3]): not supported [RD0] 
  FLASH_ATTN_EXT(hsk=64,hsv=64,nh=4,nr23=[1,1],kv=512,nb=3,mask=1,sinks=0,max_bias=0.000000,logit_softcap=0.000000,prec=f32,type_K=f32,type_V=f32,permute=[0,2,1,3]): not supported [RD0] 
  FLASH_ATTN_EXT(hsk=64,hsv=64,nh=4,nr23=[1,1],kv=512,nb=3,mask=1,sinks=0,max_bias=0.000000,logit_softcap=0.000000,prec=f32,type_K=f16,type_V=f16,permute=[0,1,2,3]): not supported [RD0] 
  FLASH_ATTN_EXT(hsk=64,hsv=64,nh=4,nr23=[1,1],kv=512,nb=3,mask=1,sinks=0,max_bias=0.000000,logit_softcap=0.000000,prec=f32,type_K=f16,type_V=f16,permute=[0,2,1,3]): not supported [RD0] 
  FLASH_ATTN_EXT(hsk=64,hsv=64,nh=4,nr23=[1,1],kv=512,nb=3,mask=1,sinks=0,max_bias=0.000000,logit_softcap=0.000000,prec=f32,type_K=bf16,type_V=bf16,permute=[0,1,2,3]): not supported [RD0] 
  FLASH_ATTN_EXT(hsk=64,hsv=64,nh=4,nr23=[1,1],kv=512,nb=3,mask=1,sinks=0,max_bias=0.000000,logit_softcap=0.000000,prec=f32,type_K=bf16,type_V=bf16,permute=[0,2,1,3]): not supported [RD0] 
  FLASH_ATTN_EXT(hsk=64,hsv=64,nh=4,nr23=[1,1],kv=512,nb=3,mask=1,sinks=0,max_bias=0.000000,logit_softcap=0.000000,prec=f32,type_K=q8_0,type_V=q8_0,permute=[0,1,2,3]): not supported [RD0] 
  FLASH_ATTN_EXT(hsk=64,hsv=64,nh=4,nr23=[1,1],kv=512,nb=3,mask=1,sinks=0,max_bias=0.000000,logit_softcap=0.000000,prec=f32,type_K=q8_0,type_V=q8_0,permute=[0,2,1,3]): not supported [RD0] 
  FLASH_ATTN_EXT(hsk=64,hsv=64,nh=4,nr23=[1,1],kv=512,nb=3,mask=1,sinks=0,max_bias=0.000000,logit_softcap=0.000000,prec=f32,type_K=q5_1,type_V=q5_1,permute=[0,1,2,3]): not supported [RD0] 
  FLASH_ATTN_EXT(hsk=64,hsv=64,nh=4,nr23=[1,1],kv=512,nb=3,mask=1,sinks=0,max_bias=0.000000,logit_softcap=0.000000,prec=f32,type_K=q5_1,type_V=q5_1,permute=[0,2,1,3]): not supported [RD0] 
  FLASH_ATTN_EXT(hsk=64,hsv=64,nh=4,nr23=[1,1],kv=512,nb=3,mask=1,sinks=0,max_bias=0.000000,logit_softcap=0.000000,prec=f32,type_K=q5_0,type_V=q5_0,permute=[0,1,2,3]): not supported [RD0] 
  FLASH_ATTN_EXT(hsk=64,hsv=64,nh=4,nr23=[1,1],kv=512,nb=3,mask=1,sinks=0,max_bias=0.000000,logit_softcap=0.000000,prec=f32,type_K=q5_0,type_V=q5_0,permute=[0,2,1,3]): not supported [RD0] 
  FLASH_ATTN_EXT(hsk=64,hsv=64,nh=4,nr23=[1,1],kv=512,nb=3,mask=1,sinks=0,max_bias=0.000000,logit_softcap=0.000000,prec=f32,type_K=q4_1,type_V=q4_1,permute=[0,1,2,3]): not supported [RD0] 
  FLASH_ATTN_EXT(hsk=64,hsv=64,nh=4,nr23=[1,1],kv=512,nb=3,mask=1,sinks=0,max_bias=0.000000,logit_softcap=0.000000,prec=f32,type_K=q4_1,type_V=q4_1,permute=[0,2,1,3]): not supported [RD0] 
  FLASH_ATTN_EXT(hsk=64,hsv=64,nh=4,nr23=[1,1],kv=512,nb=3,mask=1,sinks=0,max_bias=0.000000,logit_softcap=0.000000,prec=f32,type_K=q4_0,type_V=q4_0,permute=[0,1,2,3]): not supported [RD0] 
  FLASH_ATTN_EXT(hsk=64,hsv=64,nh=4,nr23=[1,1],kv=512,nb=3,mask=1,sinks=0,max_bias=0.000000,logit_softcap=0.000000,prec=f32,type_K=q4_0,type_V=q4_0,permute=[0,2,1,3]): not supported [RD0] 
  FLASH_ATTN_EXT(hsk=64,hsv=64,nh=4,nr23=[1,1],kv=512,nb=3,mask=1,sinks=0,max_bias=0.000000,logit_softcap=0.000000,prec=f32,type_K=iq4_nl,type_V=iq4_nl,permute=[0,1,2,3]): not supported [RD0] 
  FLASH_ATTN_EXT(hsk=64,hsv=64,nh=4,nr23=[1,1],kv=512,nb=3,mask=1,sinks=0,max_bias=0.000000,logit_softcap=0.000000,prec=f32,type_K=iq4_nl,type_V=iq4_nl,permute=[0,2,1,3]): not supported [RD0] 
  FLASH_ATTN_EXT(hsk=64,hsv=64,nh=4,nr23=[1,1],kv=512,nb=32,mask=1,sinks=0,max_bias=0.000000,logit_softcap=0.000000,prec=f32,type_K=f32,type_V=f32,permute=[0,1,2,3]): not supported [RD0] 
  FLASH_ATTN_EXT(hsk=64,hsv=64,nh=4,nr23=[1,1],kv=512,nb=32,mask=1,sinks=0,max_bias=0.000000,logit_softcap=0.000000,prec=f32,type_K=f32,type_V=f32,permute=[0,2,1,3]): not supported [RD0] 
  FLASH_ATTN_EXT(hsk=64,hsv=64,nh=4,nr23=[1,1],kv=512,nb=32,mask=1,sinks=0,max_bias=0.000000,logit_softcap=0.000000,prec=f32,type_K=f16,type_V=f16,permute=[0,1,2,3]): not supported [RD0] 
  FLASH_ATTN_EXT(hsk=64,hsv=64,nh=4,nr23=[1,1],kv=512,nb=32,mask=1,sinks=0,max_bias=0.000000,logit_softcap=0.000000,prec=f32,type_K=f16,type_V=f16,permute=[0,2,1,3]): not supported [RD0] 
  FLASH_ATTN_EXT(hsk=64,hsv=64,nh=4,nr23=[1,1],kv=512,nb=32,mask=1,sinks=0,max_bias=0.000000,logit_softcap=0.000000,prec=f32,type_K=bf16,type_V=bf16,permute=[0,1,2,3]): not supported [RD0] 
  FLASH_ATTN_EXT(hsk=64,hsv=64,nh=4,nr23=[1,1],kv=512,nb=32,mask=1,sinks=0,max_bias=0.000000,logit_softcap=0.000000,prec=f32,type_K=bf16,type_V=bf16,permute=[0,2,1,3]): not supported [RD0] 
  FLASH_ATTN_EXT(hsk=64,hsv=64,nh=4,nr23=[1,1],kv=512,nb=32,mask=1,sinks=0,max_bias=0.000000,logit_softcap=0.000000,prec=f32,type_K=q8_0,type_V=q8_0,permute=[0,1,2,3]): not supported [RD0] 
  FLASH_ATTN_EXT(hsk=64,hsv=64,nh=4,nr23=[1,1],kv=512,nb=32,mask=1,sinks=0,max_bias=0.000000,logit_softcap=0.000000,prec=f32,type_K=q8_0,type_V=q8_0,permute=[0,2,1,3]): not supported [RD0] 
  FLASH_ATTN_EXT(hsk=64,hsv=64,nh=4,nr23=[1,1],kv=512,nb=32,mask=1,sinks=0,max_bias=0.000000,logit_softcap=0.000000,prec=f32,type_K=q5_1,type_V=q5_1,permute=[0,1,2,3]): not supported [RD0] 
  FLASH_ATTN_EXT(hsk=64,hsv=64,nh=4,nr23=[1,1],kv=512,nb=32,mask=1,sinks=0,max_bias=0.000000,logit_softcap=0.000000,prec=f32,type_K=q5_1,type_V=q5_1,permute=[0,2,1,3]): not supported [RD0] 
  FLASH_ATTN_EXT(hsk=64,hsv=64,nh=4,nr23=[1,1],kv=512,nb=32,mask=1,sinks=0,max_bias=0.000000,logit_softcap=0.000000,prec=f32,type_K=q5_0,type_V=q5_0,permute=[0,1,2,3]): not supported [RD0] 
  FLASH_ATTN_EXT(hsk=64,hsv=64,nh=4,nr23=[1,1],kv=512,nb=32,mask=1,sinks=0,max_bias=0.000000,logit_softcap=0.000000,prec=f32,type_K=q5_0,type_V=q5_0,permute=[0,2,1,3]): not supported [RD0] 
  FLASH_ATTN_EXT(hsk=64,hsv=64,nh=4,nr23=[1,1],kv=512,nb=32,mask=1,sinks=0,max_bias=0.000000,logit_softcap=0.000000,prec=f32,type_K=q4_1,type_V=q4_1,permute=[0,1,2,3]): not supported [RD0] 
  FLASH_ATTN_EXT(hsk=64,hsv=64,nh=4,nr23=[1,1],kv=512,nb=32,mask=1,sinks=0,max_bias=0.000000,logit_softcap=0.000000,prec=f32,type_K=q4_1,type_V=q4_1,permute=[0,2,1,3]): not supported [RD0] 
  FLASH_ATTN_EXT(hsk=64,hsv=64,nh=4,nr23=[1,1],kv=512,nb=32,mask=1,sinks=0,max_bias=0.000000,logit_softcap=0.000000,prec=f32,type_K=q4_0,type_V=q4_0,permute=[0,1,2,3]): not supported [RD0] 
  FLASH_ATTN_EXT(hsk=64,hsv=64,nh=4,nr23=[1,1],kv=512,nb=32,mask=1,sinks=0,max_bias=0.000000,logit_softcap=0.000000,prec=f32,type_K=q4_0,type_V=q4_0,permute=[0,2,1,3]): not supported [RD0] 
  FLASH_ATTN_EXT(hsk=64,hsv=64,nh=4,nr23=[1,1],kv=512,nb=32,mask=1,sinks=0,max_bias=0.000000,logit_softcap=0.000000,prec=f32,type_K=iq4_nl,type_V=iq4_nl,permute=[0,1,2,3]): not supported [RD0] 
  FLASH_ATTN_EXT(hsk=64,hsv=64,nh=4,nr23=[1,1],kv=512,nb=32,mask=1,sinks=0,max_bias=0.000000,logit_softcap=0.000000,prec=f32,type_K=iq4_nl,type_V=iq4_nl,permute=[0,2,1,3]): not supported [RD0] 
  FLASH_ATTN_EXT(hsk=64,hsv=64,nh=4,nr23=[1,1],kv=512,nb=75,mask=1,sinks=0,max_bias=0.000000,logit_softcap=0.000000,prec=f32,type_K=f32,type_V=f32,permute=[0,1,2,3]): not supported [RD0] 
  FLASH_ATTN_EXT(hsk=64,hsv=64,nh=4,nr23=[1,1],kv=512,nb=75,mask=1,sinks=0,max_bias=0.000000,logit_softcap=0.000000,prec=f32,type_K=f32,type_V=f32,permute=[0,2,1,3]): not supported [RD0] 
  FLASH_ATTN_EXT(hsk=64,hsv=64,nh=4,nr23=[1,1],kv=512,nb=75,mask=1,sinks=0,max_bias=0.000000,logit_softcap=0.000000,prec=f32,type_K=f16,type_V=f16,permute=[0,1,2,3]): not supported [RD0] 
  FLASH_ATTN_EXT(hsk=64,hsv=64,nh=4,nr23=[1,1],kv=512,nb=75,mask=1,sinks=0,max_bias=0.000000,logit_softcap=0.000000,prec=f32,type_K=f16,type_V=f16,permute=[0,2,1,3]): not supported [RD0] 
  FLASH_ATTN_EXT(hsk=64,hsv=64,nh=4,nr23=[1,1],kv=512,nb=75,mask=1,sinks=0,max_bias=0.000000,logit_softcap=0.000000,prec=f32,type_K=bf16,type_V=bf16,permute=[0,1,2,3]): not supported [RD0] 
  FLASH_ATTN_EXT(hsk=64,hsv=64,nh=4,nr23=[1,1],kv=512,nb=75,mask=1,sinks=0,max_bias=0.000000,logit_softcap=0.000000,prec=f32,type_K=bf16,type_V=bf16,permute=[0,2,1,3]): not supported [RD0] 
  FLASH_ATTN_EXT(hsk=64,hsv=64,nh=4,nr23=[1,1],kv=512,nb=75,mask=1,sinks=0,max_bias=0.000000,logit_softcap=0.000000,prec=f32,type_K=q8_0,type_V=q8_0,permute=[0,1,2,3]): not supported [RD0] 
  FLASH_ATTN_EXT(hsk=64,hsv=64,nh=4,nr23=[1,1],kv=512,nb=75,mask=1,sinks=0,max_bias=0.000000,logit_softcap=0.000000,prec=f32,type_K=q8_0,type_V=q8_0,permute=[0,2,1,3]): not supported [RD0] 
  FLASH_ATTN_EXT(hsk=64,hsv=64,nh=4,nr23=[1,1],kv=512,nb=75,mask=1,sinks=0,max_bias=0.000000,logit_softcap=0.000000,prec=f32,type_K=q5_1,type_V=q5_1,permute=[0,1,2,3]): not supported [RD0] 
  FLASH_ATTN_EXT(hsk=64,hsv=64,nh=4,nr23=[1,1],kv=512,nb=75,mask=1,sinks=0,max_bias=0.000000,logit_softcap=0.000000,prec=f32,type_K=q5_1,type_V=q5_1,permute=[0,2,1,3]): not supported [RD0] 
  FLASH_ATTN_EXT(hsk=64,hsv=64,nh=4,nr23=[1,1],kv=512,nb=75,mask=1,sinks=0,max_bias=0.000000,logit_softcap=0.000000,prec=f32,type_K=q5_0,type_V=q5_0,permute=[0,1,2,3]): not supported [RD0] 
  FLASH_ATTN_EXT(hsk=64,hsv=64,nh=4,nr23=[1,1],kv=512,nb=75,mask=1,sinks=0,max_bias=0.000000,logit_softcap=0.000000,prec=f32,type_K=q5_0,type_V=q5_0,permute=[0,2,1,3]): not supported [RD0] 
  FLASH_ATTN_EXT(hsk=64,hsv=64,nh=4,nr23=[1,1],kv=512,nb=75,mask=1,sinks=0,max_bias=0.000000,logit_softcap=0.000000,prec=f32,type_K=q4_1,type_V=q4_1,permute=[0,1,2,3]): not supported [RD0] 
  FLASH_ATTN_EXT(hsk=64,hsv=64,nh=4,nr23=[1,1],kv=512,nb=75,mask=1,sinks=0,max_bias=0.000000,logit_softcap=0.000000,prec=f32,type_K=q4_1,type_V=q4_1,permute=[0,2,1,3]): not supported [RD0] 
  FLASH_ATTN_EXT(hsk=64,hsv=64,nh=4,nr23=[1,1],kv=512,nb=75,mask=1,sinks=0,max_bias=0.000000,logit_softcap=0.000000,prec=f32,type_K=q4_0,type_V=q4_0,permute=[0,1,2,3]): not supported [RD0] 
  FLASH_ATTN_EXT(hsk=64,hsv=64,nh=4,nr23=[1,1],kv=512,nb=75,mask=1,sinks=0,max_bias=0.000000,logit_softcap=0.000000,prec=f32,type_K=q4_0,type_V=q4_0,permute=[0,2,1,3]): not supported [RD0] 
  FLASH_ATTN_EXT(hsk=64,hsv=64,nh=4,nr23=[1,1],kv=512,nb=75,mask=1,sinks=0,max_bias=0.000000,logit_softcap=0.000000,prec=f32,type_K=iq4_nl,type_V=iq4_nl,permute=[0,1,2,3]): not supported [RD0] 
  FLASH_ATTN_EXT(hsk=64,hsv=64,nh=4,nr23=[1,1],kv=512,nb=75,mask=1,sinks=0,max_bias=0.000000,logit_softcap=0.000000,prec=f32,type_K=iq4_nl,type_V=iq4_nl,permute=[0,2,1,3]): not supported [RD0] 
  FLASH_ATTN_EXT(hsk=64,hsv=64,nh=4,nr23=[1,1],kv=1024,nb=1,mask=1,sinks=0,max_bias=0.000000,logit_softcap=0.000000,prec=f32,type_K=f32,type_V=f32,permute=[0,1,2,3]): not supported [RD0] 
  FLASH_ATTN_EXT(hsk=64,hsv=64,nh=4,nr23=[1,1],kv=1024,nb=1,mask=1,sinks=0,max_bias=0.000000,logit_softcap=0.000000,prec=f32,type_K=f16,type_V=f16,permute=[0,1,2,3]): not supported [RD0] 
  FLASH_ATTN_EXT(hsk=64,hsv=64,nh=4,nr23=[1,1],kv=1024,nb=1,mask=1,sinks=0,max_bias=0.000000,logit_softcap=0.000000,prec=f32,type_K=bf16,type_V=bf16,permute=[0,1,2,3]): not supported [RD0] 
  FLASH_ATTN_EXT(hsk=64,hsv=64,nh=4,nr23=[1,1],kv=1024,nb=1,mask=1,sinks=0,max_bias=0.000000,logit_softcap=0.000000,prec=f32,type_K=q8_0,type_V=q8_0,permute=[0,1,2,3]): not supported [RD0] 
  FLASH_ATTN_EXT(hsk=64,hsv=64,nh=4,nr23=[1,1],kv=1024,nb=1,mask=1,sinks=0,max_bias=0.000000,logit_softcap=0.000000,prec=f32,type_K=q5_1,type_V=q5_1,permute=[0,1,2,3]): not supported [RD0] 
  FLASH_ATTN_EXT(hsk=64,hsv=64,nh=4,nr23=[1,1],kv=1024,nb=1,mask=1,sinks=0,max_bias=0.000000,logit_softcap=0.000000,prec=f32,type_K=q5_0,type_V=q5_0,permute=[0,1,2,3]): not supported [RD0] 
  FLASH_ATTN_EXT(hsk=64,hsv=64,nh=4,nr23=[1,1],kv=1024,nb=1,mask=1,sinks=0,max_bias=0.000000,logit_softcap=0.000000,prec=f32,type_K=q4_1,type_V=q4_1,permute=[0,1,2,3]): not supported [RD0] 
  FLASH_ATTN_EXT(hsk=64,hsv=64,nh=4,nr23=[1,1],kv=1024,nb=1,mask=1,sinks=0,max_bias=0.000000,logit_softcap=0.000000,prec=f32,type_K=q4_0,type_V=q4_0,permute=[0,1,2,3]): not supported [RD0] 
  FLASH_ATTN_EXT(hsk=64,hsv=64,nh=4,nr23=[1,1],kv=1024,nb=1,mask=1,sinks=0,max_bias=0.000000,logit_softcap=0.000000,prec=f32,type_K=iq4_nl,type_V=iq4_nl,permute=[0,1,2,3]): not supported [RD0] 
  FLASH_ATTN_EXT(hsk=64,hsv=64,nh=4,nr23=[1,1],kv=1024,nb=3,mask=1,sinks=0,max_bias=0.000000,logit_softcap=0.000000,prec=f32,type_K=f32,type_V=f32,permute=[0,1,2,3]): not supported [RD0] 
  FLASH_ATTN_EXT(hsk=64,hsv=64,nh=4,nr23=[1,1],kv=1024,nb=3,mask=1,sinks=0,max_bias=0.000000,logit_softcap=0.000000,prec=f32,type_K=f16,type_V=f16,permute=[0,1,2,3]): not supported [RD0] 
  FLASH_ATTN_EXT(hsk=64,hsv=64,nh=4,nr23=[1,1],kv=1024,nb=3,mask=1,sinks=0,max_bias=0.000000,logit_softcap=0.000000,prec=f32,type_K=bf16,type_V=bf16,permute=[0,1,2,3]): not supported [RD0] 
  FLASH_ATTN_EXT(hsk=64,hsv=64,nh=4,nr23=[1,1],kv=1024,nb=3,mask=1,sinks=0,max_bias=0.000000,logit_softcap=0.000000,prec=f32,type_K=q8_0,type_V=q8_0,permute=[0,1,2,3]): not supported [RD0] 
  FLASH_ATTN_EXT(hsk=64,hsv=64,nh=4,nr23=[1,1],kv=1024,nb=3,mask=1,sinks=0,max_bias=0.000000,logit_softcap=0.000000,prec=f32,type_K=q5_1,type_V=q5_1,permute=[0,1,2,3]): not supported [RD0] 
  FLASH_ATTN_EXT(hsk=64,hsv=64,nh=4,nr23=[1,1],kv=1024,nb=3,mask=1,sinks=0,max_bias=0.000000,logit_softcap=0.000000,prec=f32,type_K=q5_0,type_V=q5_0,permute=[0,1,2,3]): not supported [RD0] 
  FLASH_ATTN_EXT(hsk=64,hsv=64,nh=4,nr23=[1,1],kv=1024,nb=3,mask=1,sinks=0,max_bias=0.000000,logit_softcap=0.000000,prec=f32,type_K=q4_1,type_V=q4_1,permute=[0,1,2,3]): not supported [RD0] 
  FLASH_ATTN_EXT(hsk=64,hsv=64,nh=4,nr23=[1,1],kv=1024,nb=3,mask=1,sinks=0,max_bias=0.000000,logit_softcap=0.000000,prec=f32,type_K=q4_0,type_V=q4_0,permute=[0,1,2,3]): not supported [RD0] 
  FLASH_ATTN_EXT(hsk=64,hsv=64,nh=4,nr23=[1,1],kv=1024,nb=3,mask=1,sinks=0,max_bias=0.000000,logit_softcap=0.000000,prec=f32,type_K=iq4_nl,type_V=iq4_nl,permute=[0,1,2,3]): not supported [RD0] 
  FLASH_ATTN_EXT(hsk=64,hsv=64,nh=4,nr23=[1,1],kv=1024,nb=32,mask=1,sinks=0,max_bias=0.000000,logit_softcap=0.000000,prec=f32,type_K=f32,type_V=f32,permute=[0,1,2,3]): not supported [RD0] 
  FLASH_ATTN_EXT(hsk=64,hsv=64,nh=4,nr23=[1,1],kv=1024,nb=32,mask=1,sinks=0,max_bias=0.000000,logit_softcap=0.000000,prec=f32,type_K=f16,type_V=f16,permute=[0,1,2,3]): not supported [RD0] 
  FLASH_ATTN_EXT(hsk=64,hsv=64,nh=4,nr23=[1,1],kv=1024,nb=32,mask=1,sinks=0,max_bias=0.000000,logit_softcap=0.000000,prec=f32,type_K=bf16,type_V=bf16,permute=[0,1,2,3]): not supported [RD0] 
  FLASH_ATTN_EXT(hsk=64,hsv=64,nh=4,nr23=[1,1],kv=1024,nb=32,mask=1,sinks=0,max_bias=0.000000,logit_softcap=0.000000,prec=f32,type_K=q8_0,type_V=q8_0,permute=[0,1,2,3]): not supported [RD0] 
  FLASH_ATTN_EXT(hsk=64,hsv=64,nh=4,nr23=[1,1],kv=1024,nb=32,mask=1,sinks=0,max_bias=0.000000,logit_softcap=0.000000,prec=f32,type_K=q5_1,type_V=q5_1,permute=[0,1,2,3]): not supported [RD0] 
  FLASH_ATTN_EXT(hsk=64,hsv=64,nh=4,nr23=[1,1],kv=1024,nb=32,mask=1,sinks=0,max_bias=0.000000,logit_softcap=0.000000,prec=f32,type_K=q5_0,type_V=q5_0,permute=[0,1,2,3]): not supported [RD0] 
  FLASH_ATTN_EXT(hsk=64,hsv=64,nh=4,nr23=[1,1],kv=1024,nb=32,mask=1,sinks=0,max_bias=0.000000,logit_softcap=0.000000,prec=f32,type_K=q4_1,type_V=q4_1,permute=[0,1,2,3]): not supported [RD0] 
  FLASH_ATTN_EXT(hsk=64,hsv=64,nh=4,nr23=[1,1],kv=1024,nb=32,mask=1,sinks=0,max_bias=0.000000,logit_softcap=0.000000,prec=f32,type_K=q4_0,type_V=q4_0,permute=[0,1,2,3]): not supported [RD0] 
  FLASH_ATTN_EXT(hsk=64,hsv=64,nh=4,nr23=[1,1],kv=1024,nb=32,mask=1,sinks=0,max_bias=0.000000,logit_softcap=0.000000,prec=f32,type_K=iq4_nl,type_V=iq4_nl,permute=[0,1,2,3]): not supported [RD0] 
  FLASH_ATTN_EXT(hsk=64,hsv=64,nh=4,nr23=[1,1],kv=1024,nb=75,mask=1,sinks=0,max_bias=0.000000,logit_softcap=0.000000,prec=f32,type_K=f32,type_V=f32,permute=[0,1,2,3]): not supported [RD0] 
  FLASH_ATTN_EXT(hsk=64,hsv=64,nh=4,nr23=[1,1],kv=1024,nb=75,mask=1,sinks=0,max_bias=0.000000,logit_softcap=0.000000,prec=f32,type_K=f16,type_V=f16,permute=[0,1,2,3]): not supported [RD0] 
  FLASH_ATTN_EXT(hsk=64,hsv=64,nh=4,nr23=[1,1],kv=1024,nb=75,mask=1,sinks=0,max_bias=0.000000,logit_softcap=0.000000,prec=f32,type_K=bf16,type_V=bf16,permute=[0,1,2,3]): not supported [RD0] 
  FLASH_ATTN_EXT(hsk=64,hsv=64,nh=4,nr23=[1,1],kv=1024,nb=75,mask=1,sinks=0,max_bias=0.000000,logit_softcap=0.000000,prec=f32,type_K=q8_0,type_V=q8_0,permute=[0,1,2,3]): not supported [RD0] 
  FLASH_ATTN_EXT(hsk=64,hsv=64,nh=4,nr23=[1,1],kv=1024,nb=75,mask=1,sinks=0,max_bias=0.000000,logit_softcap=0.000000,prec=f32,type_K=q5_1,type_V=q5_1,permute=[0,1,2,3]): not supported [RD0] 
  FLASH_ATTN_EXT(hsk=64,hsv=64,nh=4,nr23=[1,1],kv=1024,nb=75,mask=1,sinks=0,max_bias=0.000000,logit_softcap=0.000000,prec=f32,type_K=q5_0,type_V=q5_0,permute=[0,1,2,3]): not supported [RD0] 
  FLASH_ATTN_EXT(hsk=64,hsv=64,nh=4,nr23=[1,1],kv=1024,nb=75,mask=1,sinks=0,max_bias=0.000000,logit_softcap=0.000000,prec=f32,type_K=q4_1,type_V=q4_1,permute=[0,1,2,3]): not supported [RD0] 
  FLASH_ATTN_EXT(hsk=64,hsv=64,nh=4,nr23=[1,1],kv=1024,nb=75,mask=1,sinks=0,max_bias=0.000000,logit_softcap=0.000000,prec=f32,type_K=q4_0,type_V=q4_0,permute=[0,1,2,3]): not supported [RD0] 
  FLASH_ATTN_EXT(hsk=64,hsv=64,nh=4,nr23=[1,1],kv=1024,nb=75,mask=1,sinks=0,max_bias=0.000000,logit_softcap=0.000000,prec=f32,type_K=iq4_nl,type_V=iq4_nl,permute=[0,1,2,3]): not supported [RD0] 
  FLASH_ATTN_EXT(hsk=64,hsv=64,nh=4,nr23=[4,1],kv=512,nb=1,mask=1,sinks=0,max_bias=0.000000,logit_softcap=0.000000,prec=f32,type_K=f32,type_V=f32,permute=[0,1,2,3]): not supported [RD0] 
  FLASH_ATTN_EXT(hsk=64,hsv=64,nh=4,nr23=[4,1],kv=512,nb=1,mask=1,sinks=0,max_bias=0.000000,logit_softcap=0.000000,prec=f32,type_K=f32,type_V=f32,permute=[0,2,1,3]): not supported [RD0] 
  FLASH_ATTN_EXT(hsk=64,hsv=64,nh=4,nr23=[4,1],kv=512,nb=1,mask=1,sinks=0,max_bias=0.000000,logit_softcap=0.000000,prec=f32,type_K=f16,type_V=f16,permute=[0,1,2,3]): not supported [RD0] 
  FLASH_ATTN_EXT(hsk=64,hsv=64,nh=4,nr23=[4,1],kv=512,nb=1,mask=1,sinks=0,max_bias=0.000000,logit_softcap=0.000000,prec=f32,type_K=f16,type_V=f16,permute=[0,2,1,3]): not supported [RD0] 
  FLASH_ATTN_EXT(hsk=64,hsv=64,nh=4,nr23=[4,1],kv=512,nb=1,mask=1,sinks=0,max_bias=0.000000,logit_softcap=0.000000,prec=f32,type_K=bf16,type_V=bf16,permute=[0,1,2,3]): not supported [RD0] 
  FLASH_ATTN_EXT(hsk=64,hsv=64,nh=4,nr23=[4,1],kv=512,nb=1,mask=1,sinks=0,max_bias=0.000000,logit_softcap=0.000000,prec=f32,type_K=bf16,type_V=bf16,permute=[0,2,1,3]): not supported [RD0] 
  FLASH_ATTN_EXT(hsk=64,hsv=64,nh=4,nr23=[4,1],kv=512,nb=1,mask=1,sinks=0,max_bias=0.000000,logit_softcap=0.000000,prec=f32,type_K=q8_0,type_V=q8_0,permute=[0,1,2,3]): not supported [RD0] 
  FLASH_ATTN_EXT(hsk=64,hsv=64,nh=4,nr23=[4,1],kv=512,nb=1,mask=1,sinks=0,max_bias=0.000000,logit_softcap=0.000000,prec=f32,type_K=q8_0,type_V=q8_0,permute=[0,2,1,3]): not supported [RD0] 
  FLASH_ATTN_EXT(hsk=64,hsv=64,nh=4,nr23=[4,1],kv=512,nb=1,mask=1,sinks=0,max_bias=0.000000,logit_softcap=0.000000,prec=f32,type_K=q5_1,type_V=q5_1,permute=[0,1,2,3]): not supported [RD0] 
  FLASH_ATTN_EXT(hsk=64,hsv=64,nh=4,nr23=[4,1],kv=512,nb=1,mask=1,sinks=0,max_bias=0.000000,logit_softcap=0.000000,prec=f32,type_K=q5_1,type_V=q5_1,permute=[0,2,1,3]): not supported [RD0] 
  FLASH_ATTN_EXT(hsk=64,hsv=64,nh=4,nr23=[4,1],kv=512,nb=1,mask=1,sinks=0,max_bias=0.000000,logit_softcap=0.000000,prec=f32,type_K=q5_0,type_V=q5_0,permute=[0,1,2,3]): not supported [RD0] 
  FLASH_ATTN_EXT(hsk=64,hsv=64,nh=4,nr23=[4,1],kv=512,nb=1,mask=1,sinks=0,max_bias=0.000000,logit_softcap=0.000000,prec=f32,type_K=q5_0,type_V=q5_0,permute=[0,2,1,3]): not supported [RD0] 
  FLASH_ATTN_EXT(hsk=64,hsv=64,nh=4,nr23=[4,1],kv=512,nb=1,mask=1,sinks=0,max_bias=0.000000,logit_softcap=0.000000,prec=f32,type_K=q4_1,type_V=q4_1,permute=[0,1,2,3]): not supported [RD0] 
  FLASH_ATTN_EXT(hsk=64,hsv=64,nh=4,nr23=[4,1],kv=512,nb=1,mask=1,sinks=0,max_bias=0.000000,logit_softcap=0.000000,prec=f32,type_K=q4_1,type_V=q4_1,permute=[0,2,1,3]): not supported [RD0] 
  FLASH_ATTN_EXT(hsk=64,hsv=64,nh=4,nr23=[4,1],kv=512,nb=1,mask=1,sinks=0,max_bias=0.000000,logit_softcap=0.000000,prec=f32,type_K=q4_0,type_V=q4_0,permute=[0,1,2,3]): not supported [RD0] 
  FLASH_ATTN_EXT(hsk=64,hsv=64,nh=4,nr23=[4,1],kv=512,nb=1,mask=1,sinks=0,max_bias=0.000000,logit_softcap=0.000000,prec=f32,type_K=q4_0,type_V=q4_0,permute=[0,2,1,3]): not supported [RD0] 
  FLASH_ATTN_EXT(hsk=64,hsv=64,nh=4,nr23=[4,1],kv=512,nb=1,mask=1,sinks=0,max_bias=0.000000,logit_softcap=0.000000,prec=f32,type_K=iq4_nl,type_V=iq4_nl,permute=[0,1,2,3]): not supported [RD0] 
  FLASH_ATTN_EXT(hsk=64,hsv=64,nh=4,nr23=[4,1],kv=512,nb=1,mask=1,sinks=0,max_bias=0.000000,logit_softcap=0.000000,prec=f32,type_K=iq4_nl,type_V=iq4_nl,permute=[0,2,1,3]): not supported [RD0] 
  FLASH_ATTN_EXT(hsk=64,hsv=64,nh=4,nr23=[4,1],kv=512,nb=3,mask=1,sinks=0,max_bias=0.000000,logit_softcap=0.000000,prec=f32,type_K=f32,type_V=f32,permute=[0,1,2,3]): not supported [RD0] 
  FLASH_ATTN_EXT(hsk=64,hsv=64,nh=4,nr23=[4,1],kv=512,nb=3,mask=1,sinks=0,max_bias=0.000000,logit_softcap=0.000000,prec=f32,type_K=f32,type_V=f32,permute=[0,2,1,3]): not supported [RD0] 
  FLASH_ATTN_EXT(hsk=64,hsv=64,nh=4,nr23=[4,1],kv=512,nb=3,mask=1,sinks=0,max_bias=0.000000,logit_softcap=0.000000,prec=f32,type_K=f16,type_V=f16,permute=[0,1,2,3]): not supported [RD0] 
  FLASH_ATTN_EXT(hsk=64,hsv=64,nh=4,nr23=[4,1],kv=512,nb=3,mask=1,sinks=0,max_bias=0.000000,logit_softcap=0.000000,prec=f32,type_K=f16,type_V=f16,permute=[0,2,1,3]): not supported [RD0] 
  FLASH_ATTN_EXT(hsk=64,hsv=64,nh=4,nr23=[4,1],kv=512,nb=3,mask=1,sinks=0,max_bias=0.000000,logit_softcap=0.000000,prec=f32,type_K=bf16,type_V=bf16,permute=[0,1,2,3]): not supported [RD0] 
  FLASH_ATTN_EXT(hsk=64,hsv=64,nh=4,nr23=[4,1],kv=512,nb=3,mask=1,sinks=0,max_bias=0.000000,logit_softcap=0.000000,prec=f32,type_K=bf16,type_V=bf16,permute=[0,2,1,3]): not supported [RD0] 
  FLASH_ATTN_EXT(hsk=64,hsv=64,nh=4,nr23=[4,1],kv=512,nb=3,mask=1,sinks=0,max_bias=0.000000,logit_softcap=0.000000,prec=f32,type_K=q8_0,type_V=q8_0,permute=[0,1,2,3]): not supported [RD0] 
  FLASH_ATTN_EXT(hsk=64,hsv=64,nh=4,nr23=[4,1],kv=512,nb=3,mask=1,sinks=0,max_bias=0.000000,logit_softcap=0.000000,prec=f32,type_K=q8_0,type_V=q8_0,permute=[0,2,1,3]): not supported [RD0] 
  FLASH_ATTN_EXT(hsk=64,hsv=64,nh=4,nr23=[4,1],kv=512,nb=3,mask=1,sinks=0,max_bias=0.000000,logit_softcap=0.000000,prec=f32,type_K=q5_1,type_V=q5_1,permute=[0,1,2,3]): not supported [RD0] 
  FLASH_ATTN_EXT(hsk=64,hsv=64,nh=4,nr23=[4,1],kv=512,nb=3,mask=1,sinks=0,max_bias=0.000000,logit_softcap=0.000000,prec=f32,type_K=q5_1,type_V=q5_1,permute=[0,2,1,3]): not supported [RD0] 
  FLASH_ATTN_EXT(hsk=64,hsv=64,nh=4,nr23=[4,1],kv=512,nb=3,mask=1,sinks=0,max_bias=0.000000,logit_softcap=0.000000,prec=f32,type_K=q5_0,type_V=q5_0,permute=[0,1,2,3]): not supported [RD0] 
  FLASH_ATTN_EXT(hsk=64,hsv=64,nh=4,nr23=[4,1],kv=512,nb=3,mask=1,sinks=0,max_bias=0.000000,logit_softcap=0.000000,prec=f32,type_K=q5_0,type_V=q5_0,permute=[0,2,1,3]): not supported [RD0] 
  FLASH_ATTN_EXT(hsk=64,hsv=64,nh=4,nr23=[4,1],kv=512,nb=3,mask=1,sinks=0,max_bias=0.000000,logit_softcap=0.000000,prec=f32,type_K=q4_1,type_V=q4_1,permute=[0,1,2,3]): not supported [RD0] 
  FLASH_ATTN_EXT(hsk=64,hsv=64,nh=4,nr23=[4,1],kv=512,nb=3,mask=1,sinks=0,max_bias=0.000000,logit_softcap=0.000000,prec=f32,type_K=q4_1,type_V=q4_1,permute=[0,2,1,3]): not supported [RD0] 
  FLASH_ATTN_EXT(hsk=64,hsv=64,nh=4,nr23=[4,1],kv=512,nb=3,mask=1,sinks=0,max_bias=0.000000,logit_softcap=0.000000,prec=f32,type_K=q4_0,type_V=q4_0,permute=[0,1,2,3]): not supported [RD0] 
  FLASH_ATTN_EXT(hsk=64,hsv=64,nh=4,nr23=[4,1],kv=512,nb=3,mask=1,sinks=0,max_bias=0.000000,logit_softcap=0.000000,prec=f32,type_K=q4_0,type_V=q4_0,permute=[0,2,1,3]): not supported [RD0] 
  FLASH_ATTN_EXT(hsk=64,hsv=64,nh=4,nr23=[4,1],kv=512,nb=3,mask=1,sinks=0,max_bias=0.000000,logit_softcap=0.000000,prec=f32,type_K=iq4_nl,type_V=iq4_nl,permute=[0,1,2,3]): not supported [RD0] 
  FLASH_ATTN_EXT(hsk=64,hsv=64,nh=4,nr23=[4,1],kv=512,nb=3,mask=1,sinks=0,max_bias=0.000000,logit_softcap=0.000000,prec=f32,type_K=iq4_nl,type_V=iq4_nl,permute=[0,2,1,3]): not supported [RD0] 
  FLASH_ATTN_EXT(hsk=64,hsv=64,nh=4,nr23=[4,1],kv=512,nb=32,mask=1,sinks=0,max_bias=0.000000,logit_softcap=0.000000,prec=f32,type_K=f32,type_V=f32,permute=[0,1,2,3]): not supported [RD0] 
  FLASH_ATTN_EXT(hsk=64,hsv=64,nh=4,nr23=[4,1],kv=512,nb=32,mask=1,sinks=0,max_bias=0.000000,logit_softcap=0.000000,prec=f32,type_K=f32,type_V=f32,permute=[0,2,1,3]): not supported [RD0] 
  FLASH_ATTN_EXT(hsk=64,hsv=64,nh=4,nr23=[4,1],kv=512,nb=32,mask=1,sinks=0,max_bias=0.000000,logit_softcap=0.000000,prec=f32,type_K=f16,type_V=f16,permute=[0,1,2,3]): not supported [RD0] 
  FLASH_ATTN_EXT(hsk=64,hsv=64,nh=4,nr23=[4,1],kv=512,nb=32,mask=1,sinks=0,max_bias=0.000000,logit_softcap=0.000000,prec=f32,type_K=f16,type_V=f16,permute=[0,2,1,3]): not supported [RD0] 
  FLASH_ATTN_EXT(hsk=64,hsv=64,nh=4,nr23=[4,1],kv=512,nb=32,mask=1,sinks=0,max_bias=0.000000,logit_softcap=0.000000,prec=f32,type_K=bf16,type_V=bf16,permute=[0,1,2,3]): not supported [RD0] 
  FLASH_ATTN_EXT(hsk=64,hsv=64,nh=4,nr23=[4,1],kv=512,nb=32,mask=1,sinks=0,max_bias=0.000000,logit_softcap=0.000000,prec=f32,type_K=bf16,type_V=bf16,permute=[0,2,1,3]): not supported [RD0] 
  FLASH_ATTN_EXT(hsk=64,hsv=64,nh=4,nr23=[4,1],kv=512,nb=32,mask=1,sinks=0,max_bias=0.000000,logit_softcap=0.000000,prec=f32,type_K=q8_0,type_V=q8_0,permute=[0,1,2,3]): not supported [RD0] 
  FLASH_ATTN_EXT(hsk=64,hsv=64,nh=4,nr23=[4,1],kv=512,nb=32,mask=1,sinks=0,max_bias=0.000000,logit_softcap=0.000000,prec=f32,type_K=q8_0,type_V=q8_0,permute=[0,2,1,3]): not supported [RD0] 
  FLASH_ATTN_EXT(hsk=64,hsv=64,nh=4,nr23=[4,1],kv=512,nb=32,mask=1,sinks=0,max_bias=0.000000,logit_softcap=0.000000,prec=f32,type_K=q5_1,type_V=q5_1,permute=[0,1,2,3]): not supported [RD0] 
  FLASH_ATTN_EXT(hsk=64,hsv=64,nh=4,nr23=[4,1],kv=512,nb=32,mask=1,sinks=0,max_bias=0.000000,logit_softcap=0.000000,prec=f32,type_K=q5_1,type_V=q5_1,permute=[0,2,1,3]): not supported [RD0] 
  FLASH_ATTN_EXT(hsk=64,hsv=64,nh=4,nr23=[4,1],kv=512,nb=32,mask=1,sinks=0,max_bias=0.000000,logit_softcap=0.000000,prec=f32,type_K=q5_0,type_V=q5_0,permute=[0,1,2,3]): not supported [RD0] 
  FLASH_ATTN_EXT(hsk=64,hsv=64,nh=4,nr23=[4,1],kv=512,nb=32,mask=1,sinks=0,max_bias=0.000000,logit_softcap=0.000000,prec=f32,type_K=q5_0,type_V=q5_0,permute=[0,2,1,3]): not supported [RD0] 
  FLASH_ATTN_EXT(hsk=64,hsv=64,nh=4,nr23=[4,1],kv=512,nb=32,mask=1,sinks=0,max_bias=0.000000,logit_softcap=0.000000,prec=f32,type_K=q4_1,type_V=q4_1,permute=[0,1,2,3]): not supported [RD0] 
  FLASH_ATTN_EXT(hsk=64,hsv=64,nh=4,nr23=[4,1],kv=512,nb=32,mask=1,sinks=0,max_bias=0.000000,logit_softcap=0.000000,prec=f32,type_K=q4_1,type_V=q4_1,permute=[0,2,1,3]): not supported [RD0] 
  FLASH_ATTN_EXT(hsk=64,hsv=64,nh=4,nr23=[4,1],kv=512,nb=32,mask=1,sinks=0,max_bias=0.000000,logit_softcap=0.000000,prec=f32,type_K=q4_0,type_V=q4_0,permute=[0,1,2,3]): not supported [RD0] 
  FLASH_ATTN_EXT(hsk=64,hsv=64,nh=4,nr23=[4,1],kv=512,nb=32,mask=1,sinks=0,max_bias=0.000000,logit_softcap=0.000000,prec=f32,type_K=q4_0,type_V=q4_0,permute=[0,2,1,3]): not supported [RD0] 
  FLASH_ATTN_EXT(hsk=64,hsv=64,nh=4,nr23=[4,1],kv=512,nb=32,mask=1,sinks=0,max_bias=0.000000,logit_softcap=0.000000,prec=f32,type_K=iq4_nl,type_V=iq4_nl,permute=[0,1,2,3]): not supported [RD0] 
  FLASH_ATTN_EXT(hsk=64,hsv=64,nh=4,nr23=[4,1],kv=512,nb=32,mask=1,sinks=0,max_bias=0.000000,logit_softcap=0.000000,prec=f32,type_K=iq4_nl,type_V=iq4_nl,permute=[0,2,1,3]): not supported [RD0] 
  FLASH_ATTN_EXT(hsk=64,hsv=64,nh=4,nr23=[4,1],kv=512,nb=75,mask=1,sinks=0,max_bias=0.000000,logit_softcap=0.000000,prec=f32,type_K=f32,type_V=f32,permute=[0,1,2,3]): not supported [RD0] 
  FLASH_ATTN_EXT(hsk=64,hsv=64,nh=4,nr23=[4,1],kv=512,nb=75,mask=1,sinks=0,max_bias=0.000000,logit_softcap=0.000000,prec=f32,type_K=f32,type_V=f32,permute=[0,2,1,3]): not supported [RD0] 
  FLASH_ATTN_EXT(hsk=64,hsv=64,nh=4,nr23=[4,1],kv=512,nb=75,mask=1,sinks=0,max_bias=0.000000,logit_softcap=0.000000,prec=f32,type_K=f16,type_V=f16,permute=[0,1,2,3]): not supported [RD0] 
  FLASH_ATTN_EXT(hsk=64,hsv=64,nh=4,nr23=[4,1],kv=512,nb=75,mask=1,sinks=0,max_bias=0.000000,logit_softcap=0.000000,prec=f32,type_K=f16,type_V=f16,permute=[0,2,1,3]): not supported [RD0] 
  FLASH_ATTN_EXT(hsk=64,hsv=64,nh=4,nr23=[4,1],kv=512,nb=75,mask=1,sinks=0,max_bias=0.000000,logit_softcap=0.000000,prec=f32,type_K=bf16,type_V=bf16,permute=[0,1,2,3]): not supported [RD0] 
  FLASH_ATTN_EXT(hsk=64,hsv=64,nh=4,nr23=[4,1],kv=512,nb=75,mask=1,sinks=0,max_bias=0.000000,logit_softcap=0.000000,prec=f32,type_K=bf16,type_V=bf16,permute=[0,2,1,3]): not supported [RD0] 
  FLASH_ATTN_EXT(hsk=64,hsv=64,nh=4,nr23=[4,1],kv=512,nb=75,mask=1,sinks=0,max_bias=0.000000,logit_softcap=0.000000,prec=f32,type_K=q8_0,type_V=q8_0,permute=[0,1,2,3]): not supported [RD0] 
  FLASH_ATTN_EXT(hsk=64,hsv=64,nh=4,nr23=[4,1],kv=512,nb=75,mask=1,sinks=0,max_bias=0.000000,logit_softcap=0.000000,prec=f32,type_K=q8_0,type_V=q8_0,permute=[0,2,1,3]): not supported [RD0] 
  FLASH_ATTN_EXT(hsk=64,hsv=64,nh=4,nr23=[4,1],kv=512,nb=75,mask=1,sinks=0,max_bias=0.000000,logit_softcap=0.000000,prec=f32,type_K=q5_1,type_V=q5_1,permute=[0,1,2,3]): not supported [RD0] 
  FLASH_ATTN_EXT(hsk=64,hsv=64,nh=4,nr23=[4,1],kv=512,nb=75,mask=1,sinks=0,max_bias=0.000000,logit_softcap=0.000000,prec=f32,type_K=q5_1,type_V=q5_1,permute=[0,2,1,3]): not supported [RD0] 
  FLASH_ATTN_EXT(hsk=64,hsv=64,nh=4,nr23=[4,1],kv=512,nb=75,mask=1,sinks=0,max_bias=0.000000,logit_softcap=0.000000,prec=f32,type_K=q5_0,type_V=q5_0,permute=[0,1,2,3]): not supported [RD0] 
  FLASH_ATTN_EXT(hsk=64,hsv=64,nh=4,nr23=[4,1],kv=512,nb=75,mask=1,sinks=0,max_bias=0.000000,logit_softcap=0.000000,prec=f32,type_K=q5_0,type_V=q5_0,permute=[0,2,1,3]): not supported [RD0] 
  FLASH_ATTN_EXT(hsk=64,hsv=64,nh=4,nr23=[4,1],kv=512,nb=75,mask=1,sinks=0,max_bias=0.000000,logit_softcap=0.000000,prec=f32,type_K=q4_1,type_V=q4_1,permute=[0,1,2,3]): not supported [RD0] 
  FLASH_ATTN_EXT(hsk=64,hsv=64,nh=4,nr23=[4,1],kv=512,nb=75,mask=1,sinks=0,max_bias=0.000000,logit_softcap=0.000000,prec=f32,type_K=q4_1,type_V=q4_1,permute=[0,2,1,3]): not supported [RD0] 
  FLASH_ATTN_EXT(hsk=64,hsv=64,nh=4,nr23=[4,1],kv=512,nb=75,mask=1,sinks=0,max_bias=0.000000,logit_softcap=0.000000,prec=f32,type_K=q4_0,type_V=q4_0,permute=[0,1,2,3]): not supported [RD0] 
  FLASH_ATTN_EXT(hsk=64,hsv=64,nh=4,nr23=[4,1],kv=512,nb=75,mask=1,sinks=0,max_bias=0.000000,logit_softcap=0.000000,prec=f32,type_K=q4_0,type_V=q4_0,permute=[0,2,1,3]): not supported [RD0] 
  FLASH_ATTN_EXT(hsk=64,hsv=64,nh=4,nr23=[4,1],kv=512,nb=75,mask=1,sinks=0,max_bias=0.000000,logit_softcap=0.000000,prec=f32,type_K=iq4_nl,type_V=iq4_nl,permute=[0,1,2,3]): not supported [RD0] 
  FLASH_ATTN_EXT(hsk=64,hsv=64,nh=4,nr23=[4,1],kv=512,nb=75,mask=1,sinks=0,max_bias=0.000000,logit_softcap=0.000000,prec=f32,type_K=iq4_nl,type_V=iq4_nl,permute=[0,2,1,3]): not supported [RD0] 
  FLASH_ATTN_EXT(hsk=64,hsv=64,nh=4,nr23=[1,3],kv=113,nb=1,mask=1,sinks=0,max_bias=0.000000,logit_softcap=0.000000,prec=f32,type_K=f32,type_V=f32,permute=[0,1,2,3]): not supported [RD0] 
  FLASH_ATTN_EXT(hsk=64,hsv=64,nh=4,nr23=[1,3],kv=113,nb=1,mask=1,sinks=0,max_bias=0.000000,logit_softcap=0.000000,prec=f32,type_K=f16,type_V=f16,permute=[0,1,2,3]): not supported [RD0] 
  FLASH_ATTN_EXT(hsk=64,hsv=64,nh=4,nr23=[1,3],kv=113,nb=1,mask=1,sinks=0,max_bias=0.000000,logit_softcap=0.000000,prec=f32,type_K=bf16,type_V=bf16,permute=[0,1,2,3]): not supported [RD0] 
  FLASH_ATTN_EXT(hsk=64,hsv=64,nh=4,nr23=[1,3],kv=113,nb=1,mask=1,sinks=0,max_bias=0.000000,logit_softcap=0.000000,prec=f32,type_K=q8_0,type_V=q8_0,permute=[0,1,2,3]): not supported [RD0] 
  FLASH_ATTN_EXT(hsk=64,hsv=64,nh=4,nr23=[1,3],kv=113,nb=1,mask=1,sinks=0,max_bias=0.000000,logit_softcap=0.000000,prec=f32,type_K=q5_1,type_V=q5_1,permute=[0,1,2,3]): not supported [RD0] 
  FLASH_ATTN_EXT(hsk=64,hsv=64,nh=4,nr23=[1,3],kv=113,nb=1,mask=1,sinks=0,max_bias=0.000000,logit_softcap=0.000000,prec=f32,type_K=q5_0,type_V=q5_0,permute=[0,1,2,3]): not supported [RD0] 
  FLASH_ATTN_EXT(hsk=64,hsv=64,nh=4,nr23=[1,3],kv=113,nb=1,mask=1,sinks=0,max_bias=0.000000,logit_softcap=0.000000,prec=f32,type_K=q4_1,type_V=q4_1,permute=[0,1,2,3]): not supported [RD0] 
  FLASH_ATTN_EXT(hsk=64,hsv=64,nh=4,nr23=[1,3],kv=113,nb=1,mask=1,sinks=0,max_bias=0.000000,logit_softcap=0.000000,prec=f32,type_K=q4_0,type_V=q4_0,permute=[0,1,2,3]): not supported [RD0] 
  FLASH_ATTN_EXT(hsk=64,hsv=64,nh=4,nr23=[1,3],kv=113,nb=1,mask=1,sinks=0,max_bias=0.000000,logit_softcap=0.000000,prec=f32,type_K=iq4_nl,type_V=iq4_nl,permute=[0,1,2,3]): not supported [RD0] 
  FLASH_ATTN_EXT(hsk=64,hsv=64,nh=4,nr23=[1,3],kv=113,nb=3,mask=1,sinks=0,max_bias=0.000000,logit_softcap=0.000000,prec=f32,type_K=f32,type_V=f32,permute=[0,1,2,3]): not supported [RD0] 
  FLASH_ATTN_EXT(hsk=64,hsv=64,nh=4,nr23=[1,3],kv=113,nb=3,mask=1,sinks=0,max_bias=0.000000,logit_softcap=0.000000,prec=f32,type_K=f16,type_V=f16,permute=[0,1,2,3]): not supported [RD0] 
  FLASH_ATTN_EXT(hsk=64,hsv=64,nh=4,nr23=[1,3],kv=113,nb=3,mask=1,sinks=0,max_bias=0.000000,logit_softcap=0.000000,prec=f32,type_K=bf16,type_V=bf16,permute=[0,1,2,3]): not supported [RD0] 
  FLASH_ATTN_EXT(hsk=64,hsv=64,nh=4,nr23=[1,3],kv=113,nb=3,mask=1,sinks=0,max_bias=0.000000,logit_softcap=0.000000,prec=f32,type_K=q8_0,type_V=q8_0,permute=[0,1,2,3]): not supported [RD0] 
  FLASH_ATTN_EXT(hsk=64,hsv=64,nh=4,nr23=[1,3],kv=113,nb=3,mask=1,sinks=0,max_bias=0.000000,logit_softcap=0.000000,prec=f32,type_K=q5_1,type_V=q5_1,permute=[0,1,2,3]): not supported [RD0] 
  FLASH_ATTN_EXT(hsk=64,hsv=64,nh=4,nr23=[1,3],kv=113,nb=3,mask=1,sinks=0,max_bias=0.000000,logit_softcap=0.000000,prec=f32,type_K=q5_0,type_V=q5_0,permute=[0,1,2,3]): not supported [RD0] 
  FLASH_ATTN_EXT(hsk=64,hsv=64,nh=4,nr23=[1,3],kv=113,nb=3,mask=1,sinks=0,max_bias=0.000000,logit_softcap=0.000000,prec=f32,type_K=q4_1,type_V=q4_1,permute=[0,1,2,3]): not supported [RD0] 
  FLASH_ATTN_EXT(hsk=64,hsv=64,nh=4,nr23=[1,3],kv=113,nb=3,mask=1,sinks=0,max_bias=0.000000,logit_softcap=0.000000,prec=f32,type_K=q4_0,type_V=q4_0,permute=[0,1,2,3]): not supported [RD0] 
  FLASH_ATTN_EXT(hsk=64,hsv=64,nh=4,nr23=[1,3],kv=113,nb=3,mask=1,sinks=0,max_bias=0.000000,logit_softcap=0.000000,prec=f32,type_K=iq4_nl,type_V=iq4_nl,permute=[0,1,2,3]): not supported [RD0] 
  FLASH_ATTN_EXT(hsk=64,hsv=64,nh=4,nr23=[1,3],kv=113,nb=32,mask=1,sinks=0,max_bias=0.000000,logit_softcap=0.000000,prec=f32,type_K=f32,type_V=f32,permute=[0,1,2,3]): not supported [RD0] 
  FLASH_ATTN_EXT(hsk=64,hsv=64,nh=4,nr23=[1,3],kv=113,nb=32,mask=1,sinks=0,max_bias=0.000000,logit_softcap=0.000000,prec=f32,type_K=f16,type_V=f16,permute=[0,1,2,3]): not supported [RD0] 
  FLASH_ATTN_EXT(hsk=64,hsv=64,nh=4,nr23=[1,3],kv=113,nb=32,mask=1,sinks=0,max_bias=0.000000,logit_softcap=0.000000,prec=f32,type_K=bf16,type_V=bf16,permute=[0,1,2,3]): not supported [RD0] 
  FLASH_ATTN_EXT(hsk=64,hsv=64,nh=4,nr23=[1,3],kv=113,nb=32,mask=1,sinks=0,max_bias=0.000000,logit_softcap=0.000000,prec=f32,type_K=q8_0,type_V=q8_0,permute=[0,1,2,3]): not supported [RD0] 
  FLASH_ATTN_EXT(hsk=64,hsv=64,nh=4,nr23=[1,3],kv=113,nb=32,mask=1,sinks=0,max_bias=0.000000,logit_softcap=0.000000,prec=f32,type_K=q5_1,type_V=q5_1,permute=[0,1,2,3]): not supported [RD0] 
  FLASH_ATTN_EXT(hsk=64,hsv=64,nh=4,nr23=[1,3],kv=113,nb=32,mask=1,sinks=0,max_bias=0.000000,logit_softcap=0.000000,prec=f32,type_K=q5_0,type_V=q5_0,permute=[0,1,2,3]): not supported [RD0] 
  FLASH_ATTN_EXT(hsk=64,hsv=64,nh=4,nr23=[1,3],kv=113,nb=32,mask=1,sinks=0,max_bias=0.000000,logit_softcap=0.000000,prec=f32,type_K=q4_1,type_V=q4_1,permute=[0,1,2,3]): not supported [RD0] 
  FLASH_ATTN_EXT(hsk=64,hsv=64,nh=4,nr23=[1,3],kv=113,nb=32,mask=1,sinks=0,max_bias=0.000000,logit_softcap=0.000000,prec=f32,type_K=q4_0,type_V=q4_0,permute=[0,1,2,3]): not supported [RD0] 
  FLASH_ATTN_EXT(hsk=64,hsv=64,nh=4,nr23=[1,3],kv=113,nb=32,mask=1,sinks=0,max_bias=0.000000,logit_softcap=0.000000,prec=f32,type_K=iq4_nl,type_V=iq4_nl,permute=[0,1,2,3]): not supported [RD0] 
  FLASH_ATTN_EXT(hsk=64,hsv=64,nh=4,nr23=[1,3],kv=113,nb=75,mask=1,sinks=0,max_bias=0.000000,logit_softcap=0.000000,prec=f32,type_K=f32,type_V=f32,permute=[0,1,2,3]): not supported [RD0] 
  FLASH_ATTN_EXT(hsk=64,hsv=64,nh=4,nr23=[1,3],kv=113,nb=75,mask=1,sinks=0,max_bias=0.000000,logit_softcap=0.000000,prec=f32,type_K=f16,type_V=f16,permute=[0,1,2,3]): not supported [RD0] 
  FLASH_ATTN_EXT(hsk=64,hsv=64,nh=4,nr23=[1,3],kv=113,nb=75,mask=1,sinks=0,max_bias=0.000000,logit_softcap=0.000000,prec=f32,type_K=bf16,type_V=bf16,permute=[0,1,2,3]): not supported [RD0] 
  FLASH_ATTN_EXT(hsk=64,hsv=64,nh=4,nr23=[1,3],kv=113,nb=75,mask=1,sinks=0,max_bias=0.000000,logit_softcap=0.000000,prec=f32,type_K=q8_0,type_V=q8_0,permute=[0,1,2,3]): not supported [RD0] 
  FLASH_ATTN_EXT(hsk=64,hsv=64,nh=4,nr23=[1,3],kv=113,nb=75,mask=1,sinks=0,max_bias=0.000000,logit_softcap=0.000000,prec=f32,type_K=q5_1,type_V=q5_1,permute=[0,1,2,3]): not supported [RD0] 
  FLASH_ATTN_EXT(hsk=64,hsv=64,nh=4,nr23=[1,3],kv=113,nb=75,mask=1,sinks=0,max_bias=0.000000,logit_softcap=0.000000,prec=f32,type_K=q5_0,type_V=q5_0,permute=[0,1,2,3]): not supported [RD0] 
  FLASH_ATTN_EXT(hsk=64,hsv=64,nh=4,nr23=[1,3],kv=113,nb=75,mask=1,sinks=0,max_bias=0.000000,logit_softcap=0.000000,prec=f32,type_K=q4_1,type_V=q4_1,permute=[0,1,2,3]): not supported [RD0] 
  FLASH_ATTN_EXT(hsk=64,hsv=64,nh=4,nr23=[1,3],kv=113,nb=75,mask=1,sinks=0,max_bias=0.000000,logit_softcap=0.000000,prec=f32,type_K=q4_0,type_V=q4_0,permute=[0,1,2,3]): not supported [RD0] 
  FLASH_ATTN_EXT(hsk=64,hsv=64,nh=4,nr23=[1,3],kv=113,nb=75,mask=1,sinks=0,max_bias=0.000000,logit_softcap=0.000000,prec=f32,type_K=iq4_nl,type_V=iq4_nl,permute=[0,1,2,3]): not supported [RD0] 
  FLASH_ATTN_EXT(hsk=64,hsv=64,nh=4,nr23=[1,3],kv=512,nb=1,mask=1,sinks=0,max_bias=0.000000,logit_softcap=0.000000,prec=f32,type_K=f32,type_V=f32,permute=[0,1,2,3]): not supported [RD0] 
  FLASH_ATTN_EXT(hsk=64,hsv=64,nh=4,nr23=[1,3],kv=512,nb=1,mask=1,sinks=0,max_bias=0.000000,logit_softcap=0.000000,prec=f32,type_K=f32,type_V=f32,permute=[0,2,1,3]): not supported [RD0] 
  FLASH_ATTN_EXT(hsk=64,hsv=64,nh=4,nr23=[1,3],kv=512,nb=1,mask=1,sinks=0,max_bias=0.000000,logit_softcap=0.000000,prec=f32,type_K=f16,type_V=f16,permute=[0,1,2,3]): not supported [RD0] 
  FLASH_ATTN_EXT(hsk=64,hsv=64,nh=4,nr23=[1,3],kv=512,nb=1,mask=1,sinks=0,max_bias=0.000000,logit_softcap=0.000000,prec=f32,type_K=f16,type_V=f16,permute=[0,2,1,3]): not supported [RD0] 
  FLASH_ATTN_EXT(hsk=64,hsv=64,nh=4,nr23=[1,3],kv=512,nb=1,mask=1,sinks=0,max_bias=0.000000,logit_softcap=0.000000,prec=f32,type_K=bf16,type_V=bf16,permute=[0,1,2,3]): not supported [RD0] 
  FLASH_ATTN_EXT(hsk=64,hsv=64,nh=4,nr23=[1,3],kv=512,nb=1,mask=1,sinks=0,max_bias=0.000000,logit_softcap=0.000000,prec=f32,type_K=bf16,type_V=bf16,permute=[0,2,1,3]): not supported [RD0] 
  FLASH_ATTN_EXT(hsk=64,hsv=64,nh=4,nr23=[1,3],kv=512,nb=1,mask=1,sinks=0,max_bias=0.000000,logit_softcap=0.000000,prec=f32,type_K=q8_0,type_V=q8_0,permute=[0,1,2,3]): not supported [RD0] 
  FLASH_ATTN_EXT(hsk=64,hsv=64,nh=4,nr23=[1,3],kv=512,nb=1,mask=1,sinks=0,max_bias=0.000000,logit_softcap=0.000000,prec=f32,type_K=q8_0,type_V=q8_0,permute=[0,2,1,3]): not supported [RD0] 
  FLASH_ATTN_EXT(hsk=64,hsv=64,nh=4,nr23=[1,3],kv=512,nb=1,mask=1,sinks=0,max_bias=0.000000,logit_softcap=0.000000,prec=f32,type_K=q5_1,type_V=q5_1,permute=[0,1,2,3]): not supported [RD0] 
  FLASH_ATTN_EXT(hsk=64,hsv=64,nh=4,nr23=[1,3],kv=512,nb=1,mask=1,sinks=0,max_bias=0.000000,logit_softcap=0.000000,prec=f32,type_K=q5_1,type_V=q5_1,permute=[0,2,1,3]): not supported [RD0] 
  FLASH_ATTN_EXT(hsk=64,hsv=64,nh=4,nr23=[1,3],kv=512,nb=1,mask=1,sinks=0,max_bias=0.000000,logit_softcap=0.000000,prec=f32,type_K=q5_0,type_V=q5_0,permute=[0,1,2,3]): not supported [RD0] 
  FLASH_ATTN_EXT(hsk=64,hsv=64,nh=4,nr23=[1,3],kv=512,nb=1,mask=1,sinks=0,max_bias=0.000000,logit_softcap=0.000000,prec=f32,type_K=q5_0,type_V=q5_0,permute=[0,2,1,3]): not supported [RD0] 
  FLASH_ATTN_EXT(hsk=64,hsv=64,nh=4,nr23=[1,3],kv=512,nb=1,mask=1,sinks=0,max_bias=0.000000,logit_softcap=0.000000,prec=f32,type_K=q4_1,type_V=q4_1,permute=[0,1,2,3]): not supported [RD0] 
  FLASH_ATTN_EXT(hsk=64,hsv=64,nh=4,nr23=[1,3],kv=512,nb=1,mask=1,sinks=0,max_bias=0.000000,logit_softcap=0.000000,prec=f32,type_K=q4_1,type_V=q4_1,permute=[0,2,1,3]): not supported [RD0] 
  FLASH_ATTN_EXT(hsk=64,hsv=64,nh=4,nr23=[1,3],kv=512,nb=1,mask=1,sinks=0,max_bias=0.000000,logit_softcap=0.000000,prec=f32,type_K=q4_0,type_V=q4_0,permute=[0,1,2,3]): not supported [RD0] 
  FLASH_ATTN_EXT(hsk=64,hsv=64,nh=4,nr23=[1,3],kv=512,nb=1,mask=1,sinks=0,max_bias=0.000000,logit_softcap=0.000000,prec=f32,type_K=q4_0,type_V=q4_0,permute=[0,2,1,3]): not supported [RD0] 
  FLASH_ATTN_EXT(hsk=64,hsv=64,nh=4,nr23=[1,3],kv=512,nb=1,mask=1,sinks=0,max_bias=0.000000,logit_softcap=0.000000,prec=f32,type_K=iq4_nl,type_V=iq4_nl,permute=[0,1,2,3]): not supported [RD0] 
  FLASH_ATTN_EXT(hsk=64,hsv=64,nh=4,nr23=[1,3],kv=512,nb=1,mask=1,sinks=0,max_bias=0.000000,logit_softcap=0.000000,prec=f32,type_K=iq4_nl,type_V=iq4_nl,permute=[0,2,1,3]): not supported [RD0] 
  FLASH_ATTN_EXT(hsk=64,hsv=64,nh=4,nr23=[1,3],kv=512,nb=3,mask=1,sinks=0,max_bias=0.000000,logit_softcap=0.000000,prec=f32,type_K=f32,type_V=f32,permute=[0,1,2,3]): not supported [RD0] 
  FLASH_ATTN_EXT(hsk=64,hsv=64,nh=4,nr23=[1,3],kv=512,nb=3,mask=1,sinks=0,max_bias=0.000000,logit_softcap=0.000000,prec=f32,type_K=f32,type_V=f32,permute=[0,2,1,3]): not supported [RD0] 
  FLASH_ATTN_EXT(hsk=64,hsv=64,nh=4,nr23=[1,3],kv=512,nb=3,mask=1,sinks=0,max_bias=0.000000,logit_softcap=0.000000,prec=f32,type_K=f16,type_V=f16,permute=[0,1,2,3]): not supported [RD0] 
  FLASH_ATTN_EXT(hsk=64,hsv=64,nh=4,nr23=[1,3],kv=512,nb=3,mask=1,sinks=0,max_bias=0.000000,logit_softcap=0.000000,prec=f32,type_K=f16,type_V=f16,permute=[0,2,1,3]): not supported [RD0] 
  FLASH_ATTN_EXT(hsk=64,hsv=64,nh=4,nr23=[1,3],kv=512,nb=3,mask=1,sinks=0,max_bias=0.000000,logit_softcap=0.000000,prec=f32,type_K=bf16,type_V=bf16,permute=[0,1,2,3]): not supported [RD0] 
  FLASH_ATTN_EXT(hsk=64,hsv=64,nh=4,nr23=[1,3],kv=512,nb=3,mask=1,sinks=0,max_bias=0.000000,logit_softcap=0.000000,prec=f32,type_K=bf16,type_V=bf16,permute=[0,2,1,3]): not supported [RD0] 
  FLASH_ATTN_EXT(hsk=64,hsv=64,nh=4,nr23=[1,3],kv=512,nb=3,mask=1,sinks=0,max_bias=0.000000,logit_softcap=0.000000,prec=f32,type_K=q8_0,type_V=q8_0,permute=[0,1,2,3]): not supported [RD0] 
  FLASH_ATTN_EXT(hsk=64,hsv=64,nh=4,nr23=[1,3],kv=512,nb=3,mask=1,sinks=0,max_bias=0.000000,logit_softcap=0.000000,prec=f32,type_K=q8_0,type_V=q8_0,permute=[0,2,1,3]): not supported [RD0] 
  FLASH_ATTN_EXT(hsk=64,hsv=64,nh=4,nr23=[1,3],kv=512,nb=3,mask=1,sinks=0,max_bias=0.000000,logit_softcap=0.000000,prec=f32,type_K=q5_1,type_V=q5_1,permute=[0,1,2,3]): not supported [RD0] 
  FLASH_ATTN_EXT(hsk=64,hsv=64,nh=4,nr23=[1,3],kv=512,nb=3,mask=1,sinks=0,max_bias=0.000000,logit_softcap=0.000000,prec=f32,type_K=q5_1,type_V=q5_1,permute=[0,2,1,3]): not supported [RD0] 
  FLASH_ATTN_EXT(hsk=64,hsv=64,nh=4,nr23=[1,3],kv=512,nb=3,mask=1,sinks=0,max_bias=0.000000,logit_softcap=0.000000,prec=f32,type_K=q5_0,type_V=q5_0,permute=[0,1,2,3]): not supported [RD0] 
  FLASH_ATTN_EXT(hsk=64,hsv=64,nh=4,nr23=[1,3],kv=512,nb=3,mask=1,sinks=0,max_bias=0.000000,logit_softcap=0.000000,prec=f32,type_K=q5_0,type_V=q5_0,permute=[0,2,1,3]): not supported [RD0] 
  FLASH_ATTN_EXT(hsk=64,hsv=64,nh=4,nr23=[1,3],kv=512,nb=3,mask=1,sinks=0,max_bias=0.000000,logit_softcap=0.000000,prec=f32,type_K=q4_1,type_V=q4_1,permute=[0,1,2,3]): not supported [RD0] 
  FLASH_ATTN_EXT(hsk=64,hsv=64,nh=4,nr23=[1,3],kv=512,nb=3,mask=1,sinks=0,max_bias=0.000000,logit_softcap=0.000000,prec=f32,type_K=q4_1,type_V=q4_1,permute=[0,2,1,3]): not supported [RD0] 
  FLASH_ATTN_EXT(hsk=64,hsv=64,nh=4,nr23=[1,3],kv=512,nb=3,mask=1,sinks=0,max_bias=0.000000,logit_softcap=0.000000,prec=f32,type_K=q4_0,type_V=q4_0,permute=[0,1,2,3]): not supported [RD0] 
  FLASH_ATTN_EXT(hsk=64,hsv=64,nh=4,nr23=[1,3],kv=512,nb=3,mask=1,sinks=0,max_bias=0.000000,logit_softcap=0.000000,prec=f32,type_K=q4_0,type_V=q4_0,permute=[0,2,1,3]): not supported [RD0] 
  FLASH_ATTN_EXT(hsk=64,hsv=64,nh=4,nr23=[1,3],kv=512,nb=3,mask=1,sinks=0,max_bias=0.000000,logit_softcap=0.000000,prec=f32,type_K=iq4_nl,type_V=iq4_nl,permute=[0,1,2,3]): not supported [RD0] 
  FLASH_ATTN_EXT(hsk=64,hsv=64,nh=4,nr23=[1,3],kv=512,nb=3,mask=1,sinks=0,max_bias=0.000000,logit_softcap=0.000000,prec=f32,type_K=iq4_nl,type_V=iq4_nl,permute=[0,2,1,3]): not supported [RD0] 
  FLASH_ATTN_EXT(hsk=64,hsv=64,nh=4,nr23=[1,3],kv=512,nb=32,mask=1,sinks=0,max_bias=0.000000,logit_softcap=0.000000,prec=f32,type_K=f32,type_V=f32,permute=[0,1,2,3]): not supported [RD0] 
  FLASH_ATTN_EXT(hsk=64,hsv=64,nh=4,nr23=[1,3],kv=512,nb=32,mask=1,sinks=0,max_bias=0.000000,logit_softcap=0.000000,prec=f32,type_K=f32,type_V=f32,permute=[0,2,1,3]): not supported [RD0] 
  FLASH_ATTN_EXT(hsk=64,hsv=64,nh=4,nr23=[1,3],kv=512,nb=32,mask=1,sinks=0,max_bias=0.000000,logit_softcap=0.000000,prec=f32,type_K=f16,type_V=f16,permute=[0,1,2,3]): not supported [RD0] 
  FLASH_ATTN_EXT(hsk=64,hsv=64,nh=4,nr23=[1,3],kv=512,nb=32,mask=1,sinks=0,max_bias=0.000000,logit_softcap=0.000000,prec=f32,type_K=f16,type_V=f16,permute=[0,2,1,3]): not supported [RD0] 
  FLASH_ATTN_EXT(hsk=64,hsv=64,nh=4,nr23=[1,3],kv=512,nb=32,mask=1,sinks=0,max_bias=0.000000,logit_softcap=0.000000,prec=f32,type_K=bf16,type_V=bf16,permute=[0,1,2,3]): not supported [RD0] 
  FLASH_ATTN_EXT(hsk=64,hsv=64,nh=4,nr23=[1,3],kv=512,nb=32,mask=1,sinks=0,max_bias=0.000000,logit_softcap=0.000000,prec=f32,type_K=bf16,type_V=bf16,permute=[0,2,1,3]): not supported [RD0] 
  FLASH_ATTN_EXT(hsk=64,hsv=64,nh=4,nr23=[1,3],kv=512,nb=32,mask=1,sinks=0,max_bias=0.000000,logit_softcap=0.000000,prec=f32,type_K=q8_0,type_V=q8_0,permute=[0,1,2,3]): not supported [RD0] 
  FLASH_ATTN_EXT(hsk=64,hsv=64,nh=4,nr23=[1,3],kv=512,nb=32,mask=1,sinks=0,max_bias=0.000000,logit_softcap=0.000000,prec=f32,type_K=q8_0,type_V=q8_0,permute=[0,2,1,3]): not supported [RD0] 
  FLASH_ATTN_EXT(hsk=64,hsv=64,nh=4,nr23=[1,3],kv=512,nb=32,mask=1,sinks=0,max_bias=0.000000,logit_softcap=0.000000,prec=f32,type_K=q5_1,type_V=q5_1,permute=[0,1,2,3]): not supported [RD0] 
  FLASH_ATTN_EXT(hsk=64,hsv=64,nh=4,nr23=[1,3],kv=512,nb=32,mask=1,sinks=0,max_bias=0.000000,logit_softcap=0.000000,prec=f32,type_K=q5_1,type_V=q5_1,permute=[0,2,1,3]): not supported [RD0] 
  FLASH_ATTN_EXT(hsk=64,hsv=64,nh=4,nr23=[1,3],kv=512,nb=32,mask=1,sinks=0,max_bias=0.000000,logit_softcap=0.000000,prec=f32,type_K=q5_0,type_V=q5_0,permute=[0,1,2,3]): not supported [RD0] 
  FLASH_ATTN_EXT(hsk=64,hsv=64,nh=4,nr23=[1,3],kv=512,nb=32,mask=1,sinks=0,max_bias=0.000000,logit_softcap=0.000000,prec=f32,type_K=q5_0,type_V=q5_0,permute=[0,2,1,3]): not supported [RD0] 
  FLASH_ATTN_EXT(hsk=64,hsv=64,nh=4,nr23=[1,3],kv=512,nb=32,mask=1,sinks=0,max_bias=0.000000,logit_softcap=0.000000,prec=f32,type_K=q4_1,type_V=q4_1,permute=[0,1,2,3]): not supported [RD0] 
  FLASH_ATTN_EXT(hsk=64,hsv=64,nh=4,nr23=[1,3],kv=512,nb=32,mask=1,sinks=0,max_bias=0.000000,logit_softcap=0.000000,prec=f32,type_K=q4_1,type_V=q4_1,permute=[0,2,1,3]): not supported [RD0] 
  FLASH_ATTN_EXT(hsk=64,hsv=64,nh=4,nr23=[1,3],kv=512,nb=32,mask=1,sinks=0,max_bias=0.000000,logit_softcap=0.000000,prec=f32,type_K=q4_0,type_V=q4_0,permute=[0,1,2,3]): not supported [RD0] 
  FLASH_ATTN_EXT(hsk=64,hsv=64,nh=4,nr23=[1,3],kv=512,nb=32,mask=1,sinks=0,max_bias=0.000000,logit_softcap=0.000000,prec=f32,type_K=q4_0,type_V=q4_0,permute=[0,2,1,3]): not supported [RD0] 
  FLASH_ATTN_EXT(hsk=64,hsv=64,nh=4,nr23=[1,3],kv=512,nb=32,mask=1,sinks=0,max_bias=0.000000,logit_softcap=0.000000,prec=f32,type_K=iq4_nl,type_V=iq4_nl,permute=[0,1,2,3]): not supported [RD0] 
  FLASH_ATTN_EXT(hsk=64,hsv=64,nh=4,nr23=[1,3],kv=512,nb=32,mask=1,sinks=0,max_bias=0.000000,logit_softcap=0.000000,prec=f32,type_K=iq4_nl,type_V=iq4_nl,permute=[0,2,1,3]): not supported [RD0] 
  FLASH_ATTN_EXT(hsk=64,hsv=64,nh=4,nr23=[1,3],kv=512,nb=75,mask=1,sinks=0,max_bias=0.000000,logit_softcap=0.000000,prec=f32,type_K=f32,type_V=f32,permute=[0,1,2,3]): not supported [RD0] 
  FLASH_ATTN_EXT(hsk=64,hsv=64,nh=4,nr23=[1,3],kv=512,nb=75,mask=1,sinks=0,max_bias=0.000000,logit_softcap=0.000000,prec=f32,type_K=f32,type_V=f32,permute=[0,2,1,3]): not supported [RD0] 
  FLASH_ATTN_EXT(hsk=64,hsv=64,nh=4,nr23=[1,3],kv=512,nb=75,mask=1,sinks=0,max_bias=0.000000,logit_softcap=0.000000,prec=f32,type_K=f16,type_V=f16,permute=[0,1,2,3]): not supported [RD0] 
  FLASH_ATTN_EXT(hsk=64,hsv=64,nh=4,nr23=[1,3],kv=512,nb=75,mask=1,sinks=0,max_bias=0.000000,logit_softcap=0.000000,prec=f32,type_K=f16,type_V=f16,permute=[0,2,1,3]): not supported [RD0] 
  FLASH_ATTN_EXT(hsk=64,hsv=64,nh=4,nr23=[1,3],kv=512,nb=75,mask=1,sinks=0,max_bias=0.000000,logit_softcap=0.000000,prec=f32,type_K=bf16,type_V=bf16,permute=[0,1,2,3]): not supported [RD0] 
  FLASH_ATTN_EXT(hsk=64,hsv=64,nh=4,nr23=[1,3],kv=512,nb=75,mask=1,sinks=0,max_bias=0.000000,logit_softcap=0.000000,prec=f32,type_K=bf16,type_V=bf16,permute=[0,2,1,3]): not supported [RD0] 
  FLASH_ATTN_EXT(hsk=64,hsv=64,nh=4,nr23=[1,3],kv=512,nb=75,mask=1,sinks=0,max_bias=0.000000,logit_softcap=0.000000,prec=f32,type_K=q8_0,type_V=q8_0,permute=[0,1,2,3]): not supported [RD0] 
  FLASH_ATTN_EXT(hsk=64,hsv=64,nh=4,nr23=[1,3],kv=512,nb=75,mask=1,sinks=0,max_bias=0.000000,logit_softcap=0.000000,prec=f32,type_K=q8_0,type_V=q8_0,permute=[0,2,1,3]): not supported [RD0] 
  FLASH_ATTN_EXT(hsk=64,hsv=64,nh=4,nr23=[1,3],kv=512,nb=75,mask=1,sinks=0,max_bias=0.000000,logit_softcap=0.000000,prec=f32,type_K=q5_1,type_V=q5_1,permute=[0,1,2,3]): not supported [RD0] 
  FLASH_ATTN_EXT(hsk=64,hsv=64,nh=4,nr23=[1,3],kv=512,nb=75,mask=1,sinks=0,max_bias=0.000000,logit_softcap=0.000000,prec=f32,type_K=q5_1,type_V=q5_1,permute=[0,2,1,3]): not supported [RD0] 
  FLASH_ATTN_EXT(hsk=64,hsv=64,nh=4,nr23=[1,3],kv=512,nb=75,mask=1,sinks=0,max_bias=0.000000,logit_softcap=0.000000,prec=f32,type_K=q5_0,type_V=q5_0,permute=[0,1,2,3]): not supported [RD0] 
  FLASH_ATTN_EXT(hsk=64,hsv=64,nh=4,nr23=[1,3],kv=512,nb=75,mask=1,sinks=0,max_bias=0.000000,logit_softcap=0.000000,prec=f32,type_K=q5_0,type_V=q5_0,permute=[0,2,1,3]): not supported [RD0] 
  FLASH_ATTN_EXT(hsk=64,hsv=64,nh=4,nr23=[1,3],kv=512,nb=75,mask=1,sinks=0,max_bias=0.000000,logit_softcap=0.000000,prec=f32,type_K=q4_1,type_V=q4_1,permute=[0,1,2,3]): not supported [RD0] 
  FLASH_ATTN_EXT(hsk=64,hsv=64,nh=4,nr23=[1,3],kv=512,nb=75,mask=1,sinks=0,max_bias=0.000000,logit_softcap=0.000000,prec=f32,type_K=q4_1,type_V=q4_1,permute=[0,2,1,3]): not supported [RD0] 
  FLASH_ATTN_EXT(hsk=64,hsv=64,nh=4,nr23=[1,3],kv=512,nb=75,mask=1,sinks=0,max_bias=0.000000,logit_softcap=0.000000,prec=f32,type_K=q4_0,type_V=q4_0,permute=[0,1,2,3]): not supported [RD0] 
  FLASH_ATTN_EXT(hsk=64,hsv=64,nh=4,nr23=[1,3],kv=512,nb=75,mask=1,sinks=0,max_bias=0.000000,logit_softcap=0.000000,prec=f32,type_K=q4_0,type_V=q4_0,permute=[0,2,1,3]): not supported [RD0] 
  FLASH_ATTN_EXT(hsk=64,hsv=64,nh=4,nr23=[1,3],kv=512,nb=75,mask=1,sinks=0,max_bias=0.000000,logit_softcap=0.000000,prec=f32,type_K=iq4_nl,type_V=iq4_nl,permute=[0,1,2,3]): not supported [RD0] 
  FLASH_ATTN_EXT(hsk=64,hsv=64,nh=4,nr23=[1,3],kv=512,nb=75,mask=1,sinks=0,max_bias=0.000000,logit_softcap=0.000000,prec=f32,type_K=iq4_nl,type_V=iq4_nl,permute=[0,2,1,3]): not supported [RD0] 
  FLASH_ATTN_EXT(hsk=64,hsv=64,nh=4,nr23=[1,3],kv=1024,nb=1,mask=1,sinks=0,max_bias=0.000000,logit_softcap=0.000000,prec=f32,type_K=f32,type_V=f32,permute=[0,1,2,3]): not supported [RD0] 
  FLASH_ATTN_EXT(hsk=64,hsv=64,nh=4,nr23=[1,3],kv=1024,nb=1,mask=1,sinks=0,max_bias=0.000000,logit_softcap=0.000000,prec=f32,type_K=f16,type_V=f16,permute=[0,1,2,3]): not supported [RD0] 
  FLASH_ATTN_EXT(hsk=64,hsv=64,nh=4,nr23=[1,3],kv=1024,nb=1,mask=1,sinks=0,max_bias=0.000000,logit_softcap=0.000000,prec=f32,type_K=bf16,type_V=bf16,permute=[0,1,2,3]): not supported [RD0] 
  FLASH_ATTN_EXT(hsk=64,hsv=64,nh=4,nr23=[1,3],kv=1024,nb=1,mask=1,sinks=0,max_bias=0.000000,logit_softcap=0.000000,prec=f32,type_K=q8_0,type_V=q8_0,permute=[0,1,2,3]): not supported [RD0] 
  FLASH_ATTN_EXT(hsk=64,hsv=64,nh=4,nr23=[1,3],kv=1024,nb=1,mask=1,sinks=0,max_bias=0.000000,logit_softcap=0.000000,prec=f32,type_K=q5_1,type_V=q5_1,permute=[0,1,2,3]): not supported [RD0] 
  FLASH_ATTN_EXT(hsk=64,hsv=64,nh=4,nr23=[1,3],kv=1024,nb=1,mask=1,sinks=0,max_bias=0.000000,logit_softcap=0.000000,prec=f32,type_K=q5_0,type_V=q5_0,permute=[0,1,2,3]): not supported [RD0] 
  FLASH_ATTN_EXT(hsk=64,hsv=64,nh=4,nr23=[1,3],kv=1024,nb=1,mask=1,sinks=0,max_bias=0.000000,logit_softcap=0.000000,prec=f32,type_K=q4_1,type_V=q4_1,permute=[0,1,2,3]): not supported [RD0] 
  FLASH_ATTN_EXT(hsk=64,hsv=64,nh=4,nr23=[1,3],kv=1024,nb=1,mask=1,sinks=0,max_bias=0.000000,logit_softcap=0.000000,prec=f32,type_K=q4_0,type_V=q4_0,permute=[0,1,2,3]): not supported [RD0] 
  FLASH_ATTN_EXT(hsk=64,hsv=64,nh=4,nr23=[1,3],kv=1024,nb=1,mask=1,sinks=0,max_bias=0.000000,logit_softcap=0.000000,prec=f32,type_K=iq4_nl,type_V=iq4_nl,permute=[0,1,2,3]): not supported [RD0] 
  FLASH_ATTN_EXT(hsk=64,hsv=64,nh=4,nr23=[1,3],kv=1024,nb=3,mask=1,sinks=0,max_bias=0.000000,logit_softcap=0.000000,prec=f32,type_K=f32,type_V=f32,permute=[0,1,2,3]): not supported [RD0] 
  FLASH_ATTN_EXT(hsk=64,hsv=64,nh=4,nr23=[1,3],kv=1024,nb=3,mask=1,sinks=0,max_bias=0.000000,logit_softcap=0.000000,prec=f32,type_K=f16,type_V=f16,permute=[0,1,2,3]): not supported [RD0] 
  FLASH_ATTN_EXT(hsk=64,hsv=64,nh=4,nr23=[1,3],kv=1024,nb=3,mask=1,sinks=0,max_bias=0.000000,logit_softcap=0.000000,prec=f32,type_K=bf16,type_V=bf16,permute=[0,1,2,3]): not supported [RD0] 
  FLASH_ATTN_EXT(hsk=64,hsv=64,nh=4,nr23=[1,3],kv=1024,nb=3,mask=1,sinks=0,max_bias=0.000000,logit_softcap=0.000000,prec=f32,type_K=q8_0,type_V=q8_0,permute=[0,1,2,3]): not supported [RD0] 
  FLASH_ATTN_EXT(hsk=64,hsv=64,nh=4,nr23=[1,3],kv=1024,nb=3,mask=1,sinks=0,max_bias=0.000000,logit_softcap=0.000000,prec=f32,type_K=q5_1,type_V=q5_1,permute=[0,1,2,3]): not supported [RD0] 
  FLASH_ATTN_EXT(hsk=64,hsv=64,nh=4,nr23=[1,3],kv=1024,nb=3,mask=1,sinks=0,max_bias=0.000000,logit_softcap=0.000000,prec=f32,type_K=q5_0,type_V=q5_0,permute=[0,1,2,3]): not supported [RD0] 
  FLASH_ATTN_EXT(hsk=64,hsv=64,nh=4,nr23=[1,3],kv=1024,nb=3,mask=1,sinks=0,max_bias=0.000000,logit_softcap=0.000000,prec=f32,type_K=q4_1,type_V=q4_1,permute=[0,1,2,3]): not supported [RD0] 
  FLASH_ATTN_EXT(hsk=64,hsv=64,nh=4,nr23=[1,3],kv=1024,nb=3,mask=1,sinks=0,max_bias=0.000000,logit_softcap=0.000000,prec=f32,type_K=q4_0,type_V=q4_0,permute=[0,1,2,3]): not supported [RD0] 
  FLASH_ATTN_EXT(hsk=64,hsv=64,nh=4,nr23=[1,3],kv=1024,nb=3,mask=1,sinks=0,max_bias=0.000000,logit_softcap=0.000000,prec=f32,type_K=iq4_nl,type_V=iq4_nl,permute=[0,1,2,3]): not supported [RD0] 
  FLASH_ATTN_EXT(hsk=64,hsv=64,nh=4,nr23=[1,3],kv=1024,nb=32,mask=1,sinks=0,max_bias=0.000000,logit_softcap=0.000000,prec=f32,type_K=f32,type_V=f32,permute=[0,1,2,3]): not supported [RD0] 
  FLASH_ATTN_EXT(hsk=64,hsv=64,nh=4,nr23=[1,3],kv=1024,nb=32,mask=1,sinks=0,max_bias=0.000000,logit_softcap=0.000000,prec=f32,type_K=f16,type_V=f16,permute=[0,1,2,3]): not supported [RD0] 
  FLASH_ATTN_EXT(hsk=64,hsv=64,nh=4,nr23=[1,3],kv=1024,nb=32,mask=1,sinks=0,max_bias=0.000000,logit_softcap=0.000000,prec=f32,type_K=bf16,type_V=bf16,permute=[0,1,2,3]): not supported [RD0] 
  FLASH_ATTN_EXT(hsk=64,hsv=64,nh=4,nr23=[1,3],kv=1024,nb=32,mask=1,sinks=0,max_bias=0.000000,logit_softcap=0.000000,prec=f32,type_K=q8_0,type_V=q8_0,permute=[0,1,2,3]): not supported [RD0] 
  FLASH_ATTN_EXT(hsk=64,hsv=64,nh=4,nr23=[1,3],kv=1024,nb=32,mask=1,sinks=0,max_bias=0.000000,logit_softcap=0.000000,prec=f32,type_K=q5_1,type_V=q5_1,permute=[0,1,2,3]): not supported [RD0] 
  FLASH_ATTN_EXT(hsk=64,hsv=64,nh=4,nr23=[1,3],kv=1024,nb=32,mask=1,sinks=0,max_bias=0.000000,logit_softcap=0.000000,prec=f32,type_K=q5_0,type_V=q5_0,permute=[0,1,2,3]): not supported [RD0] 
  FLASH_ATTN_EXT(hsk=64,hsv=64,nh=4,nr23=[1,3],kv=1024,nb=32,mask=1,sinks=0,max_bias=0.000000,logit_softcap=0.000000,prec=f32,type_K=q4_1,type_V=q4_1,permute=[0,1,2,3]): not supported [RD0] 
  FLASH_ATTN_EXT(hsk=64,hsv=64,nh=4,nr23=[1,3],kv=1024,nb=32,mask=1,sinks=0,max_bias=0.000000,logit_softcap=0.000000,prec=f32,type_K=q4_0,type_V=q4_0,permute=[0,1,2,3]): not supported [RD0] 
  FLASH_ATTN_EXT(hsk=64,hsv=64,nh=4,nr23=[1,3],kv=1024,nb=32,mask=1,sinks=0,max_bias=0.000000,logit_softcap=0.000000,prec=f32,type_K=iq4_nl,type_V=iq4_nl,permute=[0,1,2,3]): not supported [RD0] 
  FLASH_ATTN_EXT(hsk=64,hsv=64,nh=4,nr23=[1,3],kv=1024,nb=75,mask=1,sinks=0,max_bias=0.000000,logit_softcap=0.000000,prec=f32,type_K=f32,type_V=f32,permute=[0,1,2,3]): not supported [RD0] 
  FLASH_ATTN_EXT(hsk=64,hsv=64,nh=4,nr23=[1,3],kv=1024,nb=75,mask=1,sinks=0,max_bias=0.000000,logit_softcap=0.000000,prec=f32,type_K=f16,type_V=f16,permute=[0,1,2,3]): not supported [RD0] 
  FLASH_ATTN_EXT(hsk=64,hsv=64,nh=4,nr23=[1,3],kv=1024,nb=75,mask=1,sinks=0,max_bias=0.000000,logit_softcap=0.000000,prec=f32,type_K=bf16,type_V=bf16,permute=[0,1,2,3]): not supported [RD0] 
  FLASH_ATTN_EXT(hsk=64,hsv=64,nh=4,nr23=[1,3],kv=1024,nb=75,mask=1,sinks=0,max_bias=0.000000,logit_softcap=0.000000,prec=f32,type_K=q8_0,type_V=q8_0,permute=[0,1,2,3]): not supported [RD0] 
  FLASH_ATTN_EXT(hsk=64,hsv=64,nh=4,nr23=[1,3],kv=1024,nb=75,mask=1,sinks=0,max_bias=0.000000,logit_softcap=0.000000,prec=f32,type_K=q5_1,type_V=q5_1,permute=[0,1,2,3]): not supported [RD0] 
  FLASH_ATTN_EXT(hsk=64,hsv=64,nh=4,nr23=[1,3],kv=1024,nb=75,mask=1,sinks=0,max_bias=0.000000,logit_softcap=0.000000,prec=f32,type_K=q5_0,type_V=q5_0,permute=[0,1,2,3]): not supported [RD0] 
  FLASH_ATTN_EXT(hsk=64,hsv=64,nh=4,nr23=[1,3],kv=1024,nb=75,mask=1,sinks=0,max_bias=0.000000,logit_softcap=0.000000,prec=f32,type_K=q4_1,type_V=q4_1,permute=[0,1,2,3]): not supported [RD0] 
  FLASH_ATTN_EXT(hsk=64,hsv=64,nh=4,nr23=[1,3],kv=1024,nb=75,mask=1,sinks=0,max_bias=0.000000,logit_softcap=0.000000,prec=f32,type_K=q4_0,type_V=q4_0,permute=[0,1,2,3]): not supported [RD0] 
  FLASH_ATTN_EXT(hsk=64,hsv=64,nh=4,nr23=[1,3],kv=1024,nb=75,mask=1,sinks=0,max_bias=0.000000,logit_softcap=0.000000,prec=f32,type_K=iq4_nl,type_V=iq4_nl,permute=[0,1,2,3]): not supported [RD0] 
  FLASH_ATTN_EXT(hsk=64,hsv=64,nh=4,nr23=[4,3],kv=512,nb=1,mask=1,sinks=0,max_bias=0.000000,logit_softcap=0.000000,prec=f32,type_K=f32,type_V=f32,permute=[0,1,2,3]): not supported [RD0] 
  FLASH_ATTN_EXT(hsk=64,hsv=64,nh=4,nr23=[4,3],kv=512,nb=1,mask=1,sinks=0,max_bias=0.000000,logit_softcap=0.000000,prec=f32,type_K=f32,type_V=f32,permute=[0,2,1,3]): not supported [RD0] 
  FLASH_ATTN_EXT(hsk=64,hsv=64,nh=4,nr23=[4,3],kv=512,nb=1,mask=1,sinks=0,max_bias=0.000000,logit_softcap=0.000000,prec=f32,type_K=f16,type_V=f16,permute=[0,1,2,3]): not supported [RD0] 
  FLASH_ATTN_EXT(hsk=64,hsv=64,nh=4,nr23=[4,3],kv=512,nb=1,mask=1,sinks=0,max_bias=0.000000,logit_softcap=0.000000,prec=f32,type_K=f16,type_V=f16,permute=[0,2,1,3]): not supported [RD0] 
  FLASH_ATTN_EXT(hsk=64,hsv=64,nh=4,nr23=[4,3],kv=512,nb=1,mask=1,sinks=0,max_bias=0.000000,logit_softcap=0.000000,prec=f32,type_K=bf16,type_V=bf16,permute=[0,1,2,3]): not supported [RD0] 
  FLASH_ATTN_EXT(hsk=64,hsv=64,nh=4,nr23=[4,3],kv=512,nb=1,mask=1,sinks=0,max_bias=0.000000,logit_softcap=0.000000,prec=f32,type_K=bf16,type_V=bf16,permute=[0,2,1,3]): not supported [RD0] 
  FLASH_ATTN_EXT(hsk=64,hsv=64,nh=4,nr23=[4,3],kv=512,nb=1,mask=1,sinks=0,max_bias=0.000000,logit_softcap=0.000000,prec=f32,type_K=q8_0,type_V=q8_0,permute=[0,1,2,3]): not supported [RD0] 
  FLASH_ATTN_EXT(hsk=64,hsv=64,nh=4,nr23=[4,3],kv=512,nb=1,mask=1,sinks=0,max_bias=0.000000,logit_softcap=0.000000,prec=f32,type_K=q8_0,type_V=q8_0,permute=[0,2,1,3]): not supported [RD0] 
  FLASH_ATTN_EXT(hsk=64,hsv=64,nh=4,nr23=[4,3],kv=512,nb=1,mask=1,sinks=0,max_bias=0.000000,logit_softcap=0.000000,prec=f32,type_K=q5_1,type_V=q5_1,permute=[0,1,2,3]): not supported [RD0] 
  FLASH_ATTN_EXT(hsk=64,hsv=64,nh=4,nr23=[4,3],kv=512,nb=1,mask=1,sinks=0,max_bias=0.000000,logit_softcap=0.000000,prec=f32,type_K=q5_1,type_V=q5_1,permute=[0,2,1,3]): not supported [RD0] 
  FLASH_ATTN_EXT(hsk=64,hsv=64,nh=4,nr23=[4,3],kv=512,nb=1,mask=1,sinks=0,max_bias=0.000000,logit_softcap=0.000000,prec=f32,type_K=q5_0,type_V=q5_0,permute=[0,1,2,3]): not supported [RD0] 
  FLASH_ATTN_EXT(hsk=64,hsv=64,nh=4,nr23=[4,3],kv=512,nb=1,mask=1,sinks=0,max_bias=0.000000,logit_softcap=0.000000,prec=f32,type_K=q5_0,type_V=q5_0,permute=[0,2,1,3]): not supported [RD0] 
  FLASH_ATTN_EXT(hsk=64,hsv=64,nh=4,nr23=[4,3],kv=512,nb=1,mask=1,sinks=0,max_bias=0.000000,logit_softcap=0.000000,prec=f32,type_K=q4_1,type_V=q4_1,permute=[0,1,2,3]): not supported [RD0] 
  FLASH_ATTN_EXT(hsk=64,hsv=64,nh=4,nr23=[4,3],kv=512,nb=1,mask=1,sinks=0,max_bias=0.000000,logit_softcap=0.000000,prec=f32,type_K=q4_1,type_V=q4_1,permute=[0,2,1,3]): not supported [RD0] 
  FLASH_ATTN_EXT(hsk=64,hsv=64,nh=4,nr23=[4,3],kv=512,nb=1,mask=1,sinks=0,max_bias=0.000000,logit_softcap=0.000000,prec=f32,type_K=q4_0,type_V=q4_0,permute=[0,1,2,3]): not supported [RD0] 
  FLASH_ATTN_EXT(hsk=64,hsv=64,nh=4,nr23=[4,3],kv=512,nb=1,mask=1,sinks=0,max_bias=0.000000,logit_softcap=0.000000,prec=f32,type_K=q4_0,type_V=q4_0,permute=[0,2,1,3]): not supported [RD0] 
  FLASH_ATTN_EXT(hsk=64,hsv=64,nh=4,nr23=[4,3],kv=512,nb=1,mask=1,sinks=0,max_bias=0.000000,logit_softcap=0.000000,prec=f32,type_K=iq4_nl,type_V=iq4_nl,permute=[0,1,2,3]): not supported [RD0] 
  FLASH_ATTN_EXT(hsk=64,hsv=64,nh=4,nr23=[4,3],kv=512,nb=1,mask=1,sinks=0,max_bias=0.000000,logit_softcap=0.000000,prec=f32,type_K=iq4_nl,type_V=iq4_nl,permute=[0,2,1,3]): not supported [RD0] 
  FLASH_ATTN_EXT(hsk=64,hsv=64,nh=4,nr23=[4,3],kv=512,nb=3,mask=1,sinks=0,max_bias=0.000000,logit_softcap=0.000000,prec=f32,type_K=f32,type_V=f32,permute=[0,1,2,3]): not supported [RD0] 
  FLASH_ATTN_EXT(hsk=64,hsv=64,nh=4,nr23=[4,3],kv=512,nb=3,mask=1,sinks=0,max_bias=0.000000,logit_softcap=0.000000,prec=f32,type_K=f32,type_V=f32,permute=[0,2,1,3]): not supported [RD0] 
  FLASH_ATTN_EXT(hsk=64,hsv=64,nh=4,nr23=[4,3],kv=512,nb=3,mask=1,sinks=0,max_bias=0.000000,logit_softcap=0.000000,prec=f32,type_K=f16,type_V=f16,permute=[0,1,2,3]): not supported [RD0] 
  FLASH_ATTN_EXT(hsk=64,hsv=64,nh=4,nr23=[4,3],kv=512,nb=3,mask=1,sinks=0,max_bias=0.000000,logit_softcap=0.000000,prec=f32,type_K=f16,type_V=f16,permute=[0,2,1,3]): not supported [RD0] 
  FLASH_ATTN_EXT(hsk=64,hsv=64,nh=4,nr23=[4,3],kv=512,nb=3,mask=1,sinks=0,max_bias=0.000000,logit_softcap=0.000000,prec=f32,type_K=bf16,type_V=bf16,permute=[0,1,2,3]): not supported [RD0] 
  FLASH_ATTN_EXT(hsk=64,hsv=64,nh=4,nr23=[4,3],kv=512,nb=3,mask=1,sinks=0,max_bias=0.000000,logit_softcap=0.000000,prec=f32,type_K=bf16,type_V=bf16,permute=[0,2,1,3]): not supported [RD0] 
  FLASH_ATTN_EXT(hsk=64,hsv=64,nh=4,nr23=[4,3],kv=512,nb=3,mask=1,sinks=0,max_bias=0.000000,logit_softcap=0.000000,prec=f32,type_K=q8_0,type_V=q8_0,permute=[0,1,2,3]): not supported [RD0] 
  FLASH_ATTN_EXT(hsk=64,hsv=64,nh=4,nr23=[4,3],kv=512,nb=3,mask=1,sinks=0,max_bias=0.000000,logit_softcap=0.000000,prec=f32,type_K=q8_0,type_V=q8_0,permute=[0,2,1,3]): not supported [RD0] 
  FLASH_ATTN_EXT(hsk=64,hsv=64,nh=4,nr23=[4,3],kv=512,nb=3,mask=1,sinks=0,max_bias=0.000000,logit_softcap=0.000000,prec=f32,type_K=q5_1,type_V=q5_1,permute=[0,1,2,3]): not supported [RD0] 
  FLASH_ATTN_EXT(hsk=64,hsv=64,nh=4,nr23=[4,3],kv=512,nb=3,mask=1,sinks=0,max_bias=0.000000,logit_softcap=0.000000,prec=f32,type_K=q5_1,type_V=q5_1,permute=[0,2,1,3]): not supported [RD0] 
  FLASH_ATTN_EXT(hsk=64,hsv=64,nh=4,nr23=[4,3],kv=512,nb=3,mask=1,sinks=0,max_bias=0.000000,logit_softcap=0.000000,prec=f32,type_K=q5_0,type_V=q5_0,permute=[0,1,2,3]): not supported [RD0] 
  FLASH_ATTN_EXT(hsk=64,hsv=64,nh=4,nr23=[4,3],kv=512,nb=3,mask=1,sinks=0,max_bias=0.000000,logit_softcap=0.000000,prec=f32,type_K=q5_0,type_V=q5_0,permute=[0,2,1,3]): not supported [RD0] 
  FLASH_ATTN_EXT(hsk=64,hsv=64,nh=4,nr23=[4,3],kv=512,nb=3,mask=1,sinks=0,max_bias=0.000000,logit_softcap=0.000000,prec=f32,type_K=q4_1,type_V=q4_1,permute=[0,1,2,3]): not supported [RD0] 
  FLASH_ATTN_EXT(hsk=64,hsv=64,nh=4,nr23=[4,3],kv=512,nb=3,mask=1,sinks=0,max_bias=0.000000,logit_softcap=0.000000,prec=f32,type_K=q4_1,type_V=q4_1,permute=[0,2,1,3]): not supported [RD0] 
  FLASH_ATTN_EXT(hsk=64,hsv=64,nh=4,nr23=[4,3],kv=512,nb=3,mask=1,sinks=0,max_bias=0.000000,logit_softcap=0.000000,prec=f32,type_K=q4_0,type_V=q4_0,permute=[0,1,2,3]): not supported [RD0] 
  FLASH_ATTN_EXT(hsk=64,hsv=64,nh=4,nr23=[4,3],kv=512,nb=3,mask=1,sinks=0,max_bias=0.000000,logit_softcap=0.000000,prec=f32,type_K=q4_0,type_V=q4_0,permute=[0,2,1,3]): not supported [RD0] 
  FLASH_ATTN_EXT(hsk=64,hsv=64,nh=4,nr23=[4,3],kv=512,nb=3,mask=1,sinks=0,max_bias=0.000000,logit_softcap=0.000000,prec=f32,type_K=iq4_nl,type_V=iq4_nl,permute=[0,1,2,3]): not supported [RD0] 
  FLASH_ATTN_EXT(hsk=64,hsv=64,nh=4,nr23=[4,3],kv=512,nb=3,mask=1,sinks=0,max_bias=0.000000,logit_softcap=0.000000,prec=f32,type_K=iq4_nl,type_V=iq4_nl,permute=[0,2,1,3]): not supported [RD0] 
  FLASH_ATTN_EXT(hsk=64,hsv=64,nh=4,nr23=[4,3],kv=512,nb=32,mask=1,sinks=0,max_bias=0.000000,logit_softcap=0.000000,prec=f32,type_K=f32,type_V=f32,permute=[0,1,2,3]): not supported [RD0] 
  FLASH_ATTN_EXT(hsk=64,hsv=64,nh=4,nr23=[4,3],kv=512,nb=32,mask=1,sinks=0,max_bias=0.000000,logit_softcap=0.000000,prec=f32,type_K=f32,type_V=f32,permute=[0,2,1,3]): not supported [RD0] 
  FLASH_ATTN_EXT(hsk=64,hsv=64,nh=4,nr23=[4,3],kv=512,nb=32,mask=1,sinks=0,max_bias=0.000000,logit_softcap=0.000000,prec=f32,type_K=f16,type_V=f16,permute=[0,1,2,3]): not supported [RD0] 
  FLASH_ATTN_EXT(hsk=64,hsv=64,nh=4,nr23=[4,3],kv=512,nb=32,mask=1,sinks=0,max_bias=0.000000,logit_softcap=0.000000,prec=f32,type_K=f16,type_V=f16,permute=[0,2,1,3]): not supported [RD0] 
  FLASH_ATTN_EXT(hsk=64,hsv=64,nh=4,nr23=[4,3],kv=512,nb=32,mask=1,sinks=0,max_bias=0.000000,logit_softcap=0.000000,prec=f32,type_K=bf16,type_V=bf16,permute=[0,1,2,3]): not supported [RD0] 
  FLASH_ATTN_EXT(hsk=64,hsv=64,nh=4,nr23=[4,3],kv=512,nb=32,mask=1,sinks=0,max_bias=0.000000,logit_softcap=0.000000,prec=f32,type_K=bf16,type_V=bf16,permute=[0,2,1,3]): not supported [RD0] 
  FLASH_ATTN_EXT(hsk=64,hsv=64,nh=4,nr23=[4,3],kv=512,nb=32,mask=1,sinks=0,max_bias=0.000000,logit_softcap=0.000000,prec=f32,type_K=q8_0,type_V=q8_0,permute=[0,1,2,3]): not supported [RD0] 
  FLASH_ATTN_EXT(hsk=64,hsv=64,nh=4,nr23=[4,3],kv=512,nb=32,mask=1,sinks=0,max_bias=0.000000,logit_softcap=0.000000,prec=f32,type_K=q8_0,type_V=q8_0,permute=[0,2,1,3]): not supported [RD0] 
  FLASH_ATTN_EXT(hsk=64,hsv=64,nh=4,nr23=[4,3],kv=512,nb=32,mask=1,sinks=0,max_bias=0.000000,logit_softcap=0.000000,prec=f32,type_K=q5_1,type_V=q5_1,permute=[0,1,2,3]): not supported [RD0] 
  FLASH_ATTN_EXT(hsk=64,hsv=64,nh=4,nr23=[4,3],kv=512,nb=32,mask=1,sinks=0,max_bias=0.000000,logit_softcap=0.000000,prec=f32,type_K=q5_1,type_V=q5_1,permute=[0,2,1,3]): not supported [RD0] 
  FLASH_ATTN_EXT(hsk=64,hsv=64,nh=4,nr23=[4,3],kv=512,nb=32,mask=1,sinks=0,max_bias=0.000000,logit_softcap=0.000000,prec=f32,type_K=q5_0,type_V=q5_0,permute=[0,1,2,3]): not supported [RD0] 
  FLASH_ATTN_EXT(hsk=64,hsv=64,nh=4,nr23=[4,3],kv=512,nb=32,mask=1,sinks=0,max_bias=0.000000,logit_softcap=0.000000,prec=f32,type_K=q5_0,type_V=q5_0,permute=[0,2,1,3]): not supported [RD0] 
  FLASH_ATTN_EXT(hsk=64,hsv=64,nh=4,nr23=[4,3],kv=512,nb=32,mask=1,sinks=0,max_bias=0.000000,logit_softcap=0.000000,prec=f32,type_K=q4_1,type_V=q4_1,permute=[0,1,2,3]): not supported [RD0] 
  FLASH_ATTN_EXT(hsk=64,hsv=64,nh=4,nr23=[4,3],kv=512,nb=32,mask=1,sinks=0,max_bias=0.000000,logit_softcap=0.000000,prec=f32,type_K=q4_1,type_V=q4_1,permute=[0,2,1,3]): not supported [RD0] 
  FLASH_ATTN_EXT(hsk=64,hsv=64,nh=4,nr23=[4,3],kv=512,nb=32,mask=1,sinks=0,max_bias=0.000000,logit_softcap=0.000000,prec=f32,type_K=q4_0,type_V=q4_0,permute=[0,1,2,3]): not supported [RD0] 
  FLASH_ATTN_EXT(hsk=64,hsv=64,nh=4,nr23=[4,3],kv=512,nb=32,mask=1,sinks=0,max_bias=0.000000,logit_softcap=0.000000,prec=f32,type_K=q4_0,type_V=q4_0,permute=[0,2,1,3]): not supported [RD0] 
  FLASH_ATTN_EXT(hsk=64,hsv=64,nh=4,nr23=[4,3],kv=512,nb=32,mask=1,sinks=0,max_bias=0.000000,logit_softcap=0.000000,prec=f32,type_K=iq4_nl,type_V=iq4_nl,permute=[0,1,2,3]): not supported [RD0] 
  FLASH_ATTN_EXT(hsk=64,hsv=64,nh=4,nr23=[4,3],kv=512,nb=32,mask=1,sinks=0,max_bias=0.000000,logit_softcap=0.000000,prec=f32,type_K=iq4_nl,type_V=iq4_nl,permute=[0,2,1,3]): not supported [RD0] 
  FLASH_ATTN_EXT(hsk=64,hsv=64,nh=4,nr23=[4,3],kv=512,nb=75,mask=1,sinks=0,max_bias=0.000000,logit_softcap=0.000000,prec=f32,type_K=f32,type_V=f32,permute=[0,1,2,3]): not supported [RD0] 
  FLASH_ATTN_EXT(hsk=64,hsv=64,nh=4,nr23=[4,3],kv=512,nb=75,mask=1,sinks=0,max_bias=0.000000,logit_softcap=0.000000,prec=f32,type_K=f32,type_V=f32,permute=[0,2,1,3]): not supported [RD0] 
  FLASH_ATTN_EXT(hsk=64,hsv=64,nh=4,nr23=[4,3],kv=512,nb=75,mask=1,sinks=0,max_bias=0.000000,logit_softcap=0.000000,prec=f32,type_K=f16,type_V=f16,permute=[0,1,2,3]): not supported [RD0] 
  FLASH_ATTN_EXT(hsk=64,hsv=64,nh=4,nr23=[4,3],kv=512,nb=75,mask=1,sinks=0,max_bias=0.000000,logit_softcap=0.000000,prec=f32,type_K=f16,type_V=f16,permute=[0,2,1,3]): not supported [RD0] 
  FLASH_ATTN_EXT(hsk=64,hsv=64,nh=4,nr23=[4,3],kv=512,nb=75,mask=1,sinks=0,max_bias=0.000000,logit_softcap=0.000000,prec=f32,type_K=bf16,type_V=bf16,permute=[0,1,2,3]): not supported [RD0] 
  FLASH_ATTN_EXT(hsk=64,hsv=64,nh=4,nr23=[4,3],kv=512,nb=75,mask=1,sinks=0,max_bias=0.000000,logit_softcap=0.000000,prec=f32,type_K=bf16,type_V=bf16,permute=[0,2,1,3]): not supported [RD0] 
  FLASH_ATTN_EXT(hsk=64,hsv=64,nh=4,nr23=[4,3],kv=512,nb=75,mask=1,sinks=0,max_bias=0.000000,logit_softcap=0.000000,prec=f32,type_K=q8_0,type_V=q8_0,permute=[0,1,2,3]): not supported [RD0] 
  FLASH_ATTN_EXT(hsk=64,hsv=64,nh=4,nr23=[4,3],kv=512,nb=75,mask=1,sinks=0,max_bias=0.000000,logit_softcap=0.000000,prec=f32,type_K=q8_0,type_V=q8_0,permute=[0,2,1,3]): not supported [RD0] 
  FLASH_ATTN_EXT(hsk=64,hsv=64,nh=4,nr23=[4,3],kv=512,nb=75,mask=1,sinks=0,max_bias=0.000000,logit_softcap=0.000000,prec=f32,type_K=q5_1,type_V=q5_1,permute=[0,1,2,3]): not supported [RD0] 
  FLASH_ATTN_EXT(hsk=64,hsv=64,nh=4,nr23=[4,3],kv=512,nb=75,mask=1,sinks=0,max_bias=0.000000,logit_softcap=0.000000,prec=f32,type_K=q5_1,type_V=q5_1,permute=[0,2,1,3]): not supported [RD0] 
  FLASH_ATTN_EXT(hsk=64,hsv=64,nh=4,nr23=[4,3],kv=512,nb=75,mask=1,sinks=0,max_bias=0.000000,logit_softcap=0.000000,prec=f32,type_K=q5_0,type_V=q5_0,permute=[0,1,2,3]): not supported [RD0] 
  FLASH_ATTN_EXT(hsk=64,hsv=64,nh=4,nr23=[4,3],kv=512,nb=75,mask=1,sinks=0,max_bias=0.000000,logit_softcap=0.000000,prec=f32,type_K=q5_0,type_V=q5_0,permute=[0,2,1,3]): not supported [RD0] 
  FLASH_ATTN_EXT(hsk=64,hsv=64,nh=4,nr23=[4,3],kv=512,nb=75,mask=1,sinks=0,max_bias=0.000000,logit_softcap=0.000000,prec=f32,type_K=q4_1,type_V=q4_1,permute=[0,1,2,3]): not supported [RD0] 
  FLASH_ATTN_EXT(hsk=64,hsv=64,nh=4,nr23=[4,3],kv=512,nb=75,mask=1,sinks=0,max_bias=0.000000,logit_softcap=0.000000,prec=f32,type_K=q4_1,type_V=q4_1,permute=[0,2,1,3]): not supported [RD0] 
  FLASH_ATTN_EXT(hsk=64,hsv=64,nh=4,nr23=[4,3],kv=512,nb=75,mask=1,sinks=0,max_bias=0.000000,logit_softcap=0.000000,prec=f32,type_K=q4_0,type_V=q4_0,permute=[0,1,2,3]): not supported [RD0] 
  FLASH_ATTN_EXT(hsk=64,hsv=64,nh=4,nr23=[4,3],kv=512,nb=75,mask=1,sinks=0,max_bias=0.000000,logit_softcap=0.000000,prec=f32,type_K=q4_0,type_V=q4_0,permute=[0,2,1,3]): not supported [RD0] 
  FLASH_ATTN_EXT(hsk=64,hsv=64,nh=4,nr23=[4,3],kv=512,nb=75,mask=1,sinks=0,max_bias=0.000000,logit_softcap=0.000000,prec=f32,type_K=iq4_nl,type_V=iq4_nl,permute=[0,1,2,3]): not supported [RD0] 
  FLASH_ATTN_EXT(hsk=64,hsv=64,nh=4,nr23=[4,3],kv=512,nb=75,mask=1,sinks=0,max_bias=0.000000,logit_softcap=0.000000,prec=f32,type_K=iq4_nl,type_V=iq4_nl,permute=[0,2,1,3]): not supported [RD0] 
  FLASH_ATTN_EXT(hsk=64,hsv=64,nh=4,nr23=[1,1],kv=113,nb=1,mask=1,sinks=0,max_bias=8.000000,logit_softcap=0.000000,prec=f32,type_K=f32,type_V=f32,permute=[0,1,2,3]): not supported [RD0] 
  FLASH_ATTN_EXT(hsk=64,hsv=64,nh=4,nr23=[1,1],kv=113,nb=1,mask=1,sinks=0,max_bias=8.000000,logit_softcap=0.000000,prec=f32,type_K=f16,type_V=f16,permute=[0,1,2,3]): not supported [RD0] 
  FLASH_ATTN_EXT(hsk=64,hsv=64,nh=4,nr23=[1,1],kv=113,nb=1,mask=1,sinks=0,max_bias=8.000000,logit_softcap=0.000000,prec=f32,type_K=bf16,type_V=bf16,permute=[0,1,2,3]): not supported [RD0] 
  FLASH_ATTN_EXT(hsk=64,hsv=64,nh=4,nr23=[1,1],kv=113,nb=1,mask=1,sinks=0,max_bias=8.000000,logit_softcap=0.000000,prec=f32,type_K=q8_0,type_V=q8_0,permute=[0,1,2,3]): not supported [RD0] 
  FLASH_ATTN_EXT(hsk=64,hsv=64,nh=4,nr23=[1,1],kv=113,nb=1,mask=1,sinks=0,max_bias=8.000000,logit_softcap=0.000000,prec=f32,type_K=q5_1,type_V=q5_1,permute=[0,1,2,3]): not supported [RD0] 
  FLASH_ATTN_EXT(hsk=64,hsv=64,nh=4,nr23=[1,1],kv=113,nb=1,mask=1,sinks=0,max_bias=8.000000,logit_softcap=0.000000,prec=f32,type_K=q5_0,type_V=q5_0,permute=[0,1,2,3]): not supported [RD0] 
  FLASH_ATTN_EXT(hsk=64,hsv=64,nh=4,nr23=[1,1],kv=113,nb=1,mask=1,sinks=0,max_bias=8.000000,logit_softcap=0.000000,prec=f32,type_K=q4_1,type_V=q4_1,permute=[0,1,2,3]): not supported [RD0] 
  FLASH_ATTN_EXT(hsk=64,hsv=64,nh=4,nr23=[1,1],kv=113,nb=1,mask=1,sinks=0,max_bias=8.000000,logit_softcap=0.000000,prec=f32,type_K=q4_0,type_V=q4_0,permute=[0,1,2,3]): not supported [RD0] 
  FLASH_ATTN_EXT(hsk=64,hsv=64,nh=4,nr23=[1,1],kv=113,nb=1,mask=1,sinks=0,max_bias=8.000000,logit_softcap=0.000000,prec=f32,type_K=iq4_nl,type_V=iq4_nl,permute=[0,1,2,3]): not supported [RD0] 
  FLASH_ATTN_EXT(hsk=64,hsv=64,nh=4,nr23=[1,1],kv=113,nb=3,mask=1,sinks=0,max_bias=8.000000,logit_softcap=0.000000,prec=f32,type_K=f32,type_V=f32,permute=[0,1,2,3]): not supported [RD0] 
  FLASH_ATTN_EXT(hsk=64,hsv=64,nh=4,nr23=[1,1],kv=113,nb=3,mask=1,sinks=0,max_bias=8.000000,logit_softcap=0.000000,prec=f32,type_K=f16,type_V=f16,permute=[0,1,2,3]): not supported [RD0] 
  FLASH_ATTN_EXT(hsk=64,hsv=64,nh=4,nr23=[1,1],kv=113,nb=3,mask=1,sinks=0,max_bias=8.000000,logit_softcap=0.000000,prec=f32,type_K=bf16,type_V=bf16,permute=[0,1,2,3]): not supported [RD0] 
  FLASH_ATTN_EXT(hsk=64,hsv=64,nh=4,nr23=[1,1],kv=113,nb=3,mask=1,sinks=0,max_bias=8.000000,logit_softcap=0.000000,prec=f32,type_K=q8_0,type_V=q8_0,permute=[0,1,2,3]): not supported [RD0] 
  FLASH_ATTN_EXT(hsk=64,hsv=64,nh=4,nr23=[1,1],kv=113,nb=3,mask=1,sinks=0,max_bias=8.000000,logit_softcap=0.000000,prec=f32,type_K=q5_1,type_V=q5_1,permute=[0,1,2,3]): not supported [RD0] 
  FLASH_ATTN_EXT(hsk=64,hsv=64,nh=4,nr23=[1,1],kv=113,nb=3,mask=1,sinks=0,max_bias=8.000000,logit_softcap=0.000000,prec=f32,type_K=q5_0,type_V=q5_0,permute=[0,1,2,3]): not supported [RD0] 
  FLASH_ATTN_EXT(hsk=64,hsv=64,nh=4,nr23=[1,1],kv=113,nb=3,mask=1,sinks=0,max_bias=8.000000,logit_softcap=0.000000,prec=f32,type_K=q4_1,type_V=q4_1,permute=[0,1,2,3]): not supported [RD0] 
  FLASH_ATTN_EXT(hsk=64,hsv=64,nh=4,nr23=[1,1],kv=113,nb=3,mask=1,sinks=0,max_bias=8.000000,logit_softcap=0.000000,prec=f32,type_K=q4_0,type_V=q4_0,permute=[0,1,2,3]): not supported [RD0] 
  FLASH_ATTN_EXT(hsk=64,hsv=64,nh=4,nr23=[1,1],kv=113,nb=3,mask=1,sinks=0,max_bias=8.000000,logit_softcap=0.000000,prec=f32,type_K=iq4_nl,type_V=iq4_nl,permute=[0,1,2,3]): not supported [RD0] 
  FLASH_ATTN_EXT(hsk=64,hsv=64,nh=4,nr23=[1,1],kv=113,nb=32,mask=1,sinks=0,max_bias=8.000000,logit_softcap=0.000000,prec=f32,type_K=f32,type_V=f32,permute=[0,1,2,3]): not supported [RD0] 
  FLASH_ATTN_EXT(hsk=64,hsv=64,nh=4,nr23=[1,1],kv=113,nb=32,mask=1,sinks=0,max_bias=8.000000,logit_softcap=0.000000,prec=f32,type_K=f16,type_V=f16,permute=[0,1,2,3]): not supported [RD0] 
  FLASH_ATTN_EXT(hsk=64,hsv=64,nh=4,nr23=[1,1],kv=113,nb=32,mask=1,sinks=0,max_bias=8.000000,logit_softcap=0.000000,prec=f32,type_K=bf16,type_V=bf16,permute=[0,1,2,3]): not supported [RD0] 
  FLASH_ATTN_EXT(hsk=64,hsv=64,nh=4,nr23=[1,1],kv=113,nb=32,mask=1,sinks=0,max_bias=8.000000,logit_softcap=0.000000,prec=f32,type_K=q8_0,type_V=q8_0,permute=[0,1,2,3]): not supported [RD0] 
  FLASH_ATTN_EXT(hsk=64,hsv=64,nh=4,nr23=[1,1],kv=113,nb=32,mask=1,sinks=0,max_bias=8.000000,logit_softcap=0.000000,prec=f32,type_K=q5_1,type_V=q5_1,permute=[0,1,2,3]): not supported [RD0] 
  FLASH_ATTN_EXT(hsk=64,hsv=64,nh=4,nr23=[1,1],kv=113,nb=32,mask=1,sinks=0,max_bias=8.000000,logit_softcap=0.000000,prec=f32,type_K=q5_0,type_V=q5_0,permute=[0,1,2,3]): not supported [RD0] 
  FLASH_ATTN_EXT(hsk=64,hsv=64,nh=4,nr23=[1,1],kv=113,nb=32,mask=1,sinks=0,max_bias=8.000000,logit_softcap=0.000000,prec=f32,type_K=q4_1,type_V=q4_1,permute=[0,1,2,3]): not supported [RD0] 
  FLASH_ATTN_EXT(hsk=64,hsv=64,nh=4,nr23=[1,1],kv=113,nb=32,mask=1,sinks=0,max_bias=8.000000,logit_softcap=0.000000,prec=f32,type_K=q4_0,type_V=q4_0,permute=[0,1,2,3]): not supported [RD0] 
  FLASH_ATTN_EXT(hsk=64,hsv=64,nh=4,nr23=[1,1],kv=113,nb=32,mask=1,sinks=0,max_bias=8.000000,logit_softcap=0.000000,prec=f32,type_K=iq4_nl,type_V=iq4_nl,permute=[0,1,2,3]): not supported [RD0] 
  FLASH_ATTN_EXT(hsk=64,hsv=64,nh=4,nr23=[1,1],kv=113,nb=75,mask=1,sinks=0,max_bias=8.000000,logit_softcap=0.000000,prec=f32,type_K=f32,type_V=f32,permute=[0,1,2,3]): not supported [RD0] 
  FLASH_ATTN_EXT(hsk=64,hsv=64,nh=4,nr23=[1,1],kv=113,nb=75,mask=1,sinks=0,max_bias=8.000000,logit_softcap=0.000000,prec=f32,type_K=f16,type_V=f16,permute=[0,1,2,3]): not supported [RD0] 
  FLASH_ATTN_EXT(hsk=64,hsv=64,nh=4,nr23=[1,1],kv=113,nb=75,mask=1,sinks=0,max_bias=8.000000,logit_softcap=0.000000,prec=f32,type_K=bf16,type_V=bf16,permute=[0,1,2,3]): not supported [RD0] 
  FLASH_ATTN_EXT(hsk=64,hsv=64,nh=4,nr23=[1,1],kv=113,nb=75,mask=1,sinks=0,max_bias=8.000000,logit_softcap=0.000000,prec=f32,type_K=q8_0,type_V=q8_0,permute=[0,1,2,3]): not supported [RD0] 
  FLASH_ATTN_EXT(hsk=64,hsv=64,nh=4,nr23=[1,1],kv=113,nb=75,mask=1,sinks=0,max_bias=8.000000,logit_softcap=0.000000,prec=f32,type_K=q5_1,type_V=q5_1,permute=[0,1,2,3]): not supported [RD0] 
  FLASH_ATTN_EXT(hsk=64,hsv=64,nh=4,nr23=[1,1],kv=113,nb=75,mask=1,sinks=0,max_bias=8.000000,logit_softcap=0.000000,prec=f32,type_K=q5_0,type_V=q5_0,permute=[0,1,2,3]): not supported [RD0] 
  FLASH_ATTN_EXT(hsk=64,hsv=64,nh=4,nr23=[1,1],kv=113,nb=75,mask=1,sinks=0,max_bias=8.000000,logit_softcap=0.000000,prec=f32,type_K=q4_1,type_V=q4_1,permute=[0,1,2,3]): not supported [RD0] 
  FLASH_ATTN_EXT(hsk=64,hsv=64,nh=4,nr23=[1,1],kv=113,nb=75,mask=1,sinks=0,max_bias=8.000000,logit_softcap=0.000000,prec=f32,type_K=q4_0,type_V=q4_0,permute=[0,1,2,3]): not supported [RD0] 
  FLASH_ATTN_EXT(hsk=64,hsv=64,nh=4,nr23=[1,1],kv=113,nb=75,mask=1,sinks=0,max_bias=8.000000,logit_softcap=0.000000,prec=f32,type_K=iq4_nl,type_V=iq4_nl,permute=[0,1,2,3]): not supported [RD0] 
  FLASH_ATTN_EXT(hsk=64,hsv=64,nh=4,nr23=[1,1],kv=512,nb=1,mask=1,sinks=0,max_bias=8.000000,logit_softcap=0.000000,prec=f32,type_K=f32,type_V=f32,permute=[0,1,2,3]): not supported [RD0] 
  FLASH_ATTN_EXT(hsk=64,hsv=64,nh=4,nr23=[1,1],kv=512,nb=1,mask=1,sinks=0,max_bias=8.000000,logit_softcap=0.000000,prec=f32,type_K=f16,type_V=f16,permute=[0,1,2,3]): not supported [RD0] 
  FLASH_ATTN_EXT(hsk=64,hsv=64,nh=4,nr23=[1,1],kv=512,nb=1,mask=1,sinks=0,max_bias=8.000000,logit_softcap=0.000000,prec=f32,type_K=bf16,type_V=bf16,permute=[0,1,2,3]): not supported [RD0] 
  FLASH_ATTN_EXT(hsk=64,hsv=64,nh=4,nr23=[1,1],kv=512,nb=1,mask=1,sinks=0,max_bias=8.000000,logit_softcap=0.000000,prec=f32,type_K=q8_0,type_V=q8_0,permute=[0,1,2,3]): not supported [RD0] 
  FLASH_ATTN_EXT(hsk=64,hsv=64,nh=4,nr23=[1,1],kv=512,nb=1,mask=1,sinks=0,max_bias=8.000000,logit_softcap=0.000000,prec=f32,type_K=q5_1,type_V=q5_1,permute=[0,1,2,3]): not supported [RD0] 
  FLASH_ATTN_EXT(hsk=64,hsv=64,nh=4,nr23=[1,1],kv=512,nb=1,mask=1,sinks=0,max_bias=8.000000,logit_softcap=0.000000,prec=f32,type_K=q5_0,type_V=q5_0,permute=[0,1,2,3]): not supported [RD0] 
  FLASH_ATTN_EXT(hsk=64,hsv=64,nh=4,nr23=[1,1],kv=512,nb=1,mask=1,sinks=0,max_bias=8.000000,logit_softcap=0.000000,prec=f32,type_K=q4_1,type_V=q4_1,permute=[0,1,2,3]): not supported [RD0] 
  FLASH_ATTN_EXT(hsk=64,hsv=64,nh=4,nr23=[1,1],kv=512,nb=1,mask=1,sinks=0,max_bias=8.000000,logit_softcap=0.000000,prec=f32,type_K=q4_0,type_V=q4_0,permute=[0,1,2,3]): not supported [RD0] 
  FLASH_ATTN_EXT(hsk=64,hsv=64,nh=4,nr23=[1,1],kv=512,nb=1,mask=1,sinks=0,max_bias=8.000000,logit_softcap=0.000000,prec=f32,type_K=iq4_nl,type_V=iq4_nl,permute=[0,1,2,3]): not supported [RD0] 
  FLASH_ATTN_EXT(hsk=64,hsv=64,nh=4,nr23=[1,1],kv=512,nb=3,mask=1,sinks=0,max_bias=8.000000,logit_softcap=0.000000,prec=f32,type_K=f32,type_V=f32,permute=[0,1,2,3]): not supported [RD0] 
  FLASH_ATTN_EXT(hsk=64,hsv=64,nh=4,nr23=[1,1],kv=512,nb=3,mask=1,sinks=0,max_bias=8.000000,logit_softcap=0.000000,prec=f32,type_K=f16,type_V=f16,permute=[0,1,2,3]): not supported [RD0] 
  FLASH_ATTN_EXT(hsk=64,hsv=64,nh=4,nr23=[1,1],kv=512,nb=3,mask=1,sinks=0,max_bias=8.000000,logit_softcap=0.000000,prec=f32,type_K=bf16,type_V=bf16,permute=[0,1,2,3]): not supported [RD0] 
  FLASH_ATTN_EXT(hsk=64,hsv=64,nh=4,nr23=[1,1],kv=512,nb=3,mask=1,sinks=0,max_bias=8.000000,logit_softcap=0.000000,prec=f32,type_K=q8_0,type_V=q8_0,permute=[0,1,2,3]): not supported [RD0] 
  FLASH_ATTN_EXT(hsk=64,hsv=64,nh=4,nr23=[1,1],kv=512,nb=3,mask=1,sinks=0,max_bias=8.000000,logit_softcap=0.000000,prec=f32,type_K=q5_1,type_V=q5_1,permute=[0,1,2,3]): not supported [RD0] 
  FLASH_ATTN_EXT(hsk=64,hsv=64,nh=4,nr23=[1,1],kv=512,nb=3,mask=1,sinks=0,max_bias=8.000000,logit_softcap=0.000000,prec=f32,type_K=q5_0,type_V=q5_0,permute=[0,1,2,3]): not supported [RD0] 
  FLASH_ATTN_EXT(hsk=64,hsv=64,nh=4,nr23=[1,1],kv=512,nb=3,mask=1,sinks=0,max_bias=8.000000,logit_softcap=0.000000,prec=f32,type_K=q4_1,type_V=q4_1,permute=[0,1,2,3]): not supported [RD0] 
  FLASH_ATTN_EXT(hsk=64,hsv=64,nh=4,nr23=[1,1],kv=512,nb=3,mask=1,sinks=0,max_bias=8.000000,logit_softcap=0.000000,prec=f32,type_K=q4_0,type_V=q4_0,permute=[0,1,2,3]): not supported [RD0] 
  FLASH_ATTN_EXT(hsk=64,hsv=64,nh=4,nr23=[1,1],kv=512,nb=3,mask=1,sinks=0,max_bias=8.000000,logit_softcap=0.000000,prec=f32,type_K=iq4_nl,type_V=iq4_nl,permute=[0,1,2,3]): not supported [RD0] 
  FLASH_ATTN_EXT(hsk=64,hsv=64,nh=4,nr23=[1,1],kv=512,nb=32,mask=1,sinks=0,max_bias=8.000000,logit_softcap=0.000000,prec=f32,type_K=f32,type_V=f32,permute=[0,1,2,3]): not supported [RD0] 
  FLASH_ATTN_EXT(hsk=64,hsv=64,nh=4,nr23=[1,1],kv=512,nb=32,mask=1,sinks=0,max_bias=8.000000,logit_softcap=0.000000,prec=f32,type_K=f16,type_V=f16,permute=[0,1,2,3]): not supported [RD0] 
  FLASH_ATTN_EXT(hsk=64,hsv=64,nh=4,nr23=[1,1],kv=512,nb=32,mask=1,sinks=0,max_bias=8.000000,logit_softcap=0.000000,prec=f32,type_K=bf16,type_V=bf16,permute=[0,1,2,3]): not supported [RD0] 
  FLASH_ATTN_EXT(hsk=64,hsv=64,nh=4,nr23=[1,1],kv=512,nb=32,mask=1,sinks=0,max_bias=8.000000,logit_softcap=0.000000,prec=f32,type_K=q8_0,type_V=q8_0,permute=[0,1,2,3]): not supported [RD0] 
  FLASH_ATTN_EXT(hsk=64,hsv=64,nh=4,nr23=[1,1],kv=512,nb=32,mask=1,sinks=0,max_bias=8.000000,logit_softcap=0.000000,prec=f32,type_K=q5_1,type_V=q5_1,permute=[0,1,2,3]): not supported [RD0] 
  FLASH_ATTN_EXT(hsk=64,hsv=64,nh=4,nr23=[1,1],kv=512,nb=32,mask=1,sinks=0,max_bias=8.000000,logit_softcap=0.000000,prec=f32,type_K=q5_0,type_V=q5_0,permute=[0,1,2,3]): not supported [RD0] 
  FLASH_ATTN_EXT(hsk=64,hsv=64,nh=4,nr23=[1,1],kv=512,nb=32,mask=1,sinks=0,max_bias=8.000000,logit_softcap=0.000000,prec=f32,type_K=q4_1,type_V=q4_1,permute=[0,1,2,3]): not supported [RD0] 
  FLASH_ATTN_EXT(hsk=64,hsv=64,nh=4,nr23=[1,1],kv=512,nb=32,mask=1,sinks=0,max_bias=8.000000,logit_softcap=0.000000,prec=f32,type_K=q4_0,type_V=q4_0,permute=[0,1,2,3]): not supported [RD0] 
  FLASH_ATTN_EXT(hsk=64,hsv=64,nh=4,nr23=[1,1],kv=512,nb=32,mask=1,sinks=0,max_bias=8.000000,logit_softcap=0.000000,prec=f32,type_K=iq4_nl,type_V=iq4_nl,permute=[0,1,2,3]): not supported [RD0] 
  FLASH_ATTN_EXT(hsk=64,hsv=64,nh=4,nr23=[1,1],kv=512,nb=75,mask=1,sinks=0,max_bias=8.000000,logit_softcap=0.000000,prec=f32,type_K=f32,type_V=f32,permute=[0,1,2,3]): not supported [RD0] 
  FLASH_ATTN_EXT(hsk=64,hsv=64,nh=4,nr23=[1,1],kv=512,nb=75,mask=1,sinks=0,max_bias=8.000000,logit_softcap=0.000000,prec=f32,type_K=f16,type_V=f16,permute=[0,1,2,3]): not supported [RD0] 
  FLASH_ATTN_EXT(hsk=64,hsv=64,nh=4,nr23=[1,1],kv=512,nb=75,mask=1,sinks=0,max_bias=8.000000,logit_softcap=0.000000,prec=f32,type_K=bf16,type_V=bf16,permute=[0,1,2,3]): not supported [RD0] 
  FLASH_ATTN_EXT(hsk=64,hsv=64,nh=4,nr23=[1,1],kv=512,nb=75,mask=1,sinks=0,max_bias=8.000000,logit_softcap=0.000000,prec=f32,type_K=q8_0,type_V=q8_0,permute=[0,1,2,3]): not supported [RD0] 
  FLASH_ATTN_EXT(hsk=64,hsv=64,nh=4,nr23=[1,1],kv=512,nb=75,mask=1,sinks=0,max_bias=8.000000,logit_softcap=0.000000,prec=f32,type_K=q5_1,type_V=q5_1,permute=[0,1,2,3]): not supported [RD0] 
  FLASH_ATTN_EXT(hsk=64,hsv=64,nh=4,nr23=[1,1],kv=512,nb=75,mask=1,sinks=0,max_bias=8.000000,logit_softcap=0.000000,prec=f32,type_K=q5_0,type_V=q5_0,permute=[0,1,2,3]): not supported [RD0] 
  FLASH_ATTN_EXT(hsk=64,hsv=64,nh=4,nr23=[1,1],kv=512,nb=75,mask=1,sinks=0,max_bias=8.000000,logit_softcap=0.000000,prec=f32,type_K=q4_1,type_V=q4_1,permute=[0,1,2,3]): not supported [RD0] 
  FLASH_ATTN_EXT(hsk=64,hsv=64,nh=4,nr23=[1,1],kv=512,nb=75,mask=1,sinks=0,max_bias=8.000000,logit_softcap=0.000000,prec=f32,type_K=q4_0,type_V=q4_0,permute=[0,1,2,3]): not supported [RD0] 
  FLASH_ATTN_EXT(hsk=64,hsv=64,nh=4,nr23=[1,1],kv=512,nb=75,mask=1,sinks=0,max_bias=8.000000,logit_softcap=0.000000,prec=f32,type_K=iq4_nl,type_V=iq4_nl,permute=[0,1,2,3]): not supported [RD0] 
  FLASH_ATTN_EXT(hsk=64,hsv=64,nh=4,nr23=[1,1],kv=1024,nb=1,mask=1,sinks=0,max_bias=8.000000,logit_softcap=0.000000,prec=f32,type_K=f32,type_V=f32,permute=[0,1,2,3]): not supported [RD0] 
  FLASH_ATTN_EXT(hsk=64,hsv=64,nh=4,nr23=[1,1],kv=1024,nb=1,mask=1,sinks=0,max_bias=8.000000,logit_softcap=0.000000,prec=f32,type_K=f16,type_V=f16,permute=[0,1,2,3]): not supported [RD0] 
  FLASH_ATTN_EXT(hsk=64,hsv=64,nh=4,nr23=[1,1],kv=1024,nb=1,mask=1,sinks=0,max_bias=8.000000,logit_softcap=0.000000,prec=f32,type_K=bf16,type_V=bf16,permute=[0,1,2,3]): not supported [RD0] 
  FLASH_ATTN_EXT(hsk=64,hsv=64,nh=4,nr23=[1,1],kv=1024,nb=1,mask=1,sinks=0,max_bias=8.000000,logit_softcap=0.000000,prec=f32,type_K=q8_0,type_V=q8_0,permute=[0,1,2,3]): not supported [RD0] 
  FLASH_ATTN_EXT(hsk=64,hsv=64,nh=4,nr23=[1,1],kv=1024,nb=1,mask=1,sinks=0,max_bias=8.000000,logit_softcap=0.000000,prec=f32,type_K=q5_1,type_V=q5_1,permute=[0,1,2,3]): not supported [RD0] 
  FLASH_ATTN_EXT(hsk=64,hsv=64,nh=4,nr23=[1,1],kv=1024,nb=1,mask=1,sinks=0,max_bias=8.000000,logit_softcap=0.000000,prec=f32,type_K=q5_0,type_V=q5_0,permute=[0,1,2,3]): not supported [RD0] 
  FLASH_ATTN_EXT(hsk=64,hsv=64,nh=4,nr23=[1,1],kv=1024,nb=1,mask=1,sinks=0,max_bias=8.000000,logit_softcap=0.000000,prec=f32,type_K=q4_1,type_V=q4_1,permute=[0,1,2,3]): not supported [RD0] 
  FLASH_ATTN_EXT(hsk=64,hsv=64,nh=4,nr23=[1,1],kv=1024,nb=1,mask=1,sinks=0,max_bias=8.000000,logit_softcap=0.000000,prec=f32,type_K=q4_0,type_V=q4_0,permute=[0,1,2,3]): not supported [RD0] 
  FLASH_ATTN_EXT(hsk=64,hsv=64,nh=4,nr23=[1,1],kv=1024,nb=1,mask=1,sinks=0,max_bias=8.000000,logit_softcap=0.000000,prec=f32,type_K=iq4_nl,type_V=iq4_nl,permute=[0,1,2,3]): not supported [RD0] 
  FLASH_ATTN_EXT(hsk=64,hsv=64,nh=4,nr23=[1,1],kv=1024,nb=3,mask=1,sinks=0,max_bias=8.000000,logit_softcap=0.000000,prec=f32,type_K=f32,type_V=f32,permute=[0,1,2,3]): not supported [RD0] 
  FLASH_ATTN_EXT(hsk=64,hsv=64,nh=4,nr23=[1,1],kv=1024,nb=3,mask=1,sinks=0,max_bias=8.000000,logit_softcap=0.000000,prec=f32,type_K=f16,type_V=f16,permute=[0,1,2,3]): not supported [RD0] 
  FLASH_ATTN_EXT(hsk=64,hsv=64,nh=4,nr23=[1,1],kv=1024,nb=3,mask=1,sinks=0,max_bias=8.000000,logit_softcap=0.000000,prec=f32,type_K=bf16,type_V=bf16,permute=[0,1,2,3]): not supported [RD0] 
  FLASH_ATTN_EXT(hsk=64,hsv=64,nh=4,nr23=[1,1],kv=1024,nb=3,mask=1,sinks=0,max_bias=8.000000,logit_softcap=0.000000,prec=f32,type_K=q8_0,type_V=q8_0,permute=[0,1,2,3]): not supported [RD0] 
  FLASH_ATTN_EXT(hsk=64,hsv=64,nh=4,nr23=[1,1],kv=1024,nb=3,mask=1,sinks=0,max_bias=8.000000,logit_softcap=0.000000,prec=f32,type_K=q5_1,type_V=q5_1,permute=[0,1,2,3]): not supported [RD0] 
  FLASH_ATTN_EXT(hsk=64,hsv=64,nh=4,nr23=[1,1],kv=1024,nb=3,mask=1,sinks=0,max_bias=8.000000,logit_softcap=0.000000,prec=f32,type_K=q5_0,type_V=q5_0,permute=[0,1,2,3]): not supported [RD0] 
  FLASH_ATTN_EXT(hsk=64,hsv=64,nh=4,nr23=[1,1],kv=1024,nb=3,mask=1,sinks=0,max_bias=8.000000,logit_softcap=0.000000,prec=f32,type_K=q4_1,type_V=q4_1,permute=[0,1,2,3]): not supported [RD0] 
  FLASH_ATTN_EXT(hsk=64,hsv=64,nh=4,nr23=[1,1],kv=1024,nb=3,mask=1,sinks=0,max_bias=8.000000,logit_softcap=0.000000,prec=f32,type_K=q4_0,type_V=q4_0,permute=[0,1,2,3]): not supported [RD0] 
  FLASH_ATTN_EXT(hsk=64,hsv=64,nh=4,nr23=[1,1],kv=1024,nb=3,mask=1,sinks=0,max_bias=8.000000,logit_softcap=0.000000,prec=f32,type_K=iq4_nl,type_V=iq4_nl,permute=[0,1,2,3]): not supported [RD0] 
  FLASH_ATTN_EXT(hsk=64,hsv=64,nh=4,nr23=[1,1],kv=1024,nb=32,mask=1,sinks=0,max_bias=8.000000,logit_softcap=0.000000,prec=f32,type_K=f32,type_V=f32,permute=[0,1,2,3]): not supported [RD0] 
  FLASH_ATTN_EXT(hsk=64,hsv=64,nh=4,nr23=[1,1],kv=1024,nb=32,mask=1,sinks=0,max_bias=8.000000,logit_softcap=0.000000,prec=f32,type_K=f16,type_V=f16,permute=[0,1,2,3]): not supported [RD0] 
  FLASH_ATTN_EXT(hsk=64,hsv=64,nh=4,nr23=[1,1],kv=1024,nb=32,mask=1,sinks=0,max_bias=8.000000,logit_softcap=0.000000,prec=f32,type_K=bf16,type_V=bf16,permute=[0,1,2,3]): not supported [RD0] 
  FLASH_ATTN_EXT(hsk=64,hsv=64,nh=4,nr23=[1,1],kv=1024,nb=32,mask=1,sinks=0,max_bias=8.000000,logit_softcap=0.000000,prec=f32,type_K=q8_0,type_V=q8_0,permute=[0,1,2,3]): not supported [RD0] 
  FLASH_ATTN_EXT(hsk=64,hsv=64,nh=4,nr23=[1,1],kv=1024,nb=32,mask=1,sinks=0,max_bias=8.000000,logit_softcap=0.000000,prec=f32,type_K=q5_1,type_V=q5_1,permute=[0,1,2,3]): not supported [RD0] 
  FLASH_ATTN_EXT(hsk=64,hsv=64,nh=4,nr23=[1,1],kv=1024,nb=32,mask=1,sinks=0,max_bias=8.000000,logit_softcap=0.000000,prec=f32,type_K=q5_0,type_V=q5_0,permute=[0,1,2,3]): not supported [RD0] 
  FLASH_ATTN_EXT(hsk=64,hsv=64,nh=4,nr23=[1,1],kv=1024,nb=32,mask=1,sinks=0,max_bias=8.000000,logit_softcap=0.000000,prec=f32,type_K=q4_1,type_V=q4_1,permute=[0,1,2,3]): not supported [RD0] 
  FLASH_ATTN_EXT(hsk=64,hsv=64,nh=4,nr23=[1,1],kv=1024,nb=32,mask=1,sinks=0,max_bias=8.000000,logit_softcap=0.000000,prec=f32,type_K=q4_0,type_V=q4_0,permute=[0,1,2,3]): not supported [RD0] 
  FLASH_ATTN_EXT(hsk=64,hsv=64,nh=4,nr23=[1,1],kv=1024,nb=32,mask=1,sinks=0,max_bias=8.000000,logit_softcap=0.000000,prec=f32,type_K=iq4_nl,type_V=iq4_nl,permute=[0,1,2,3]): not supported [RD0] 
  FLASH_ATTN_EXT(hsk=64,hsv=64,nh=4,nr23=[1,1],kv=1024,nb=75,mask=1,sinks=0,max_bias=8.000000,logit_softcap=0.000000,prec=f32,type_K=f32,type_V=f32,permute=[0,1,2,3]): not supported [RD0] 
  FLASH_ATTN_EXT(hsk=64,hsv=64,nh=4,nr23=[1,1],kv=1024,nb=75,mask=1,sinks=0,max_bias=8.000000,logit_softcap=0.000000,prec=f32,type_K=f16,type_V=f16,permute=[0,1,2,3]): not supported [RD0] 
  FLASH_ATTN_EXT(hsk=64,hsv=64,nh=4,nr23=[1,1],kv=1024,nb=75,mask=1,sinks=0,max_bias=8.000000,logit_softcap=0.000000,prec=f32,type_K=bf16,type_V=bf16,permute=[0,1,2,3]): not supported [RD0] 
  FLASH_ATTN_EXT(hsk=64,hsv=64,nh=4,nr23=[1,1],kv=1024,nb=75,mask=1,sinks=0,max_bias=8.000000,logit_softcap=0.000000,prec=f32,type_K=q8_0,type_V=q8_0,permute=[0,1,2,3]): not supported [RD0] 
  FLASH_ATTN_EXT(hsk=64,hsv=64,nh=4,nr23=[1,1],kv=1024,nb=75,mask=1,sinks=0,max_bias=8.000000,logit_softcap=0.000000,prec=f32,type_K=q5_1,type_V=q5_1,permute=[0,1,2,3]): not supported [RD0] 
  FLASH_ATTN_EXT(hsk=64,hsv=64,nh=4,nr23=[1,1],kv=1024,nb=75,mask=1,sinks=0,max_bias=8.000000,logit_softcap=0.000000,prec=f32,type_K=q5_0,type_V=q5_0,permute=[0,1,2,3]): not supported [RD0] 
  FLASH_ATTN_EXT(hsk=64,hsv=64,nh=4,nr23=[1,1],kv=1024,nb=75,mask=1,sinks=0,max_bias=8.000000,logit_softcap=0.000000,prec=f32,type_K=q4_1,type_V=q4_1,permute=[0,1,2,3]): not supported [RD0] 
  FLASH_ATTN_EXT(hsk=64,hsv=64,nh=4,nr23=[1,1],kv=1024,nb=75,mask=1,sinks=0,max_bias=8.000000,logit_softcap=0.000000,prec=f32,type_K=q4_0,type_V=q4_0,permute=[0,1,2,3]): not supported [RD0] 
  FLASH_ATTN_EXT(hsk=64,hsv=64,nh=4,nr23=[1,1],kv=1024,nb=75,mask=1,sinks=0,max_bias=8.000000,logit_softcap=0.000000,prec=f32,type_K=iq4_nl,type_V=iq4_nl,permute=[0,1,2,3]): not supported [RD0] 
  FLASH_ATTN_EXT(hsk=64,hsv=64,nh=4,nr23=[4,1],kv=512,nb=1,mask=1,sinks=0,max_bias=8.000000,logit_softcap=0.000000,prec=f32,type_K=f32,type_V=f32,permute=[0,1,2,3]): not supported [RD0] 
  FLASH_ATTN_EXT(hsk=64,hsv=64,nh=4,nr23=[4,1],kv=512,nb=1,mask=1,sinks=0,max_bias=8.000000,logit_softcap=0.000000,prec=f32,type_K=f16,type_V=f16,permute=[0,1,2,3]): not supported [RD0] 
  FLASH_ATTN_EXT(hsk=64,hsv=64,nh=4,nr23=[4,1],kv=512,nb=1,mask=1,sinks=0,max_bias=8.000000,logit_softcap=0.000000,prec=f32,type_K=bf16,type_V=bf16,permute=[0,1,2,3]): not supported [RD0] 
  FLASH_ATTN_EXT(hsk=64,hsv=64,nh=4,nr23=[4,1],kv=512,nb=1,mask=1,sinks=0,max_bias=8.000000,logit_softcap=0.000000,prec=f32,type_K=q8_0,type_V=q8_0,permute=[0,1,2,3]): not supported [RD0] 
  FLASH_ATTN_EXT(hsk=64,hsv=64,nh=4,nr23=[4,1],kv=512,nb=1,mask=1,sinks=0,max_bias=8.000000,logit_softcap=0.000000,prec=f32,type_K=q5_1,type_V=q5_1,permute=[0,1,2,3]): not supported [RD0] 
  FLASH_ATTN_EXT(hsk=64,hsv=64,nh=4,nr23=[4,1],kv=512,nb=1,mask=1,sinks=0,max_bias=8.000000,logit_softcap=0.000000,prec=f32,type_K=q5_0,type_V=q5_0,permute=[0,1,2,3]): not supported [RD0] 
  FLASH_ATTN_EXT(hsk=64,hsv=64,nh=4,nr23=[4,1],kv=512,nb=1,mask=1,sinks=0,max_bias=8.000000,logit_softcap=0.000000,prec=f32,type_K=q4_1,type_V=q4_1,permute=[0,1,2,3]): not supported [RD0] 
  FLASH_ATTN_EXT(hsk=64,hsv=64,nh=4,nr23=[4,1],kv=512,nb=1,mask=1,sinks=0,max_bias=8.000000,logit_softcap=0.000000,prec=f32,type_K=q4_0,type_V=q4_0,permute=[0,1,2,3]): not supported [RD0] 
  FLASH_ATTN_EXT(hsk=64,hsv=64,nh=4,nr23=[4,1],kv=512,nb=1,mask=1,sinks=0,max_bias=8.000000,logit_softcap=0.000000,prec=f32,type_K=iq4_nl,type_V=iq4_nl,permute=[0,1,2,3]): not supported [RD0] 
  FLASH_ATTN_EXT(hsk=64,hsv=64,nh=4,nr23=[4,1],kv=512,nb=3,mask=1,sinks=0,max_bias=8.000000,logit_softcap=0.000000,prec=f32,type_K=f32,type_V=f32,permute=[0,1,2,3]): not supported [RD0] 
  FLASH_ATTN_EXT(hsk=64,hsv=64,nh=4,nr23=[4,1],kv=512,nb=3,mask=1,sinks=0,max_bias=8.000000,logit_softcap=0.000000,prec=f32,type_K=f16,type_V=f16,permute=[0,1,2,3]): not supported [RD0] 
  FLASH_ATTN_EXT(hsk=64,hsv=64,nh=4,nr23=[4,1],kv=512,nb=3,mask=1,sinks=0,max_bias=8.000000,logit_softcap=0.000000,prec=f32,type_K=bf16,type_V=bf16,permute=[0,1,2,3]): not supported [RD0] 
  FLASH_ATTN_EXT(hsk=64,hsv=64,nh=4,nr23=[4,1],kv=512,nb=3,mask=1,sinks=0,max_bias=8.000000,logit_softcap=0.000000,prec=f32,type_K=q8_0,type_V=q8_0,permute=[0,1,2,3]): not supported [RD0] 
  FLASH_ATTN_EXT(hsk=64,hsv=64,nh=4,nr23=[4,1],kv=512,nb=3,mask=1,sinks=0,max_bias=8.000000,logit_softcap=0.000000,prec=f32,type_K=q5_1,type_V=q5_1,permute=[0,1,2,3]): not supported [RD0] 
  FLASH_ATTN_EXT(hsk=64,hsv=64,nh=4,nr23=[4,1],kv=512,nb=3,mask=1,sinks=0,max_bias=8.000000,logit_softcap=0.000000,prec=f32,type_K=q5_0,type_V=q5_0,permute=[0,1,2,3]): not supported [RD0] 
  FLASH_ATTN_EXT(hsk=64,hsv=64,nh=4,nr23=[4,1],kv=512,nb=3,mask=1,sinks=0,max_bias=8.000000,logit_softcap=0.000000,prec=f32,type_K=q4_1,type_V=q4_1,permute=[0,1,2,3]): not supported [RD0] 
  FLASH_ATTN_EXT(hsk=64,hsv=64,nh=4,nr23=[4,1],kv=512,nb=3,mask=1,sinks=0,max_bias=8.000000,logit_softcap=0.000000,prec=f32,type_K=q4_0,type_V=q4_0,permute=[0,1,2,3]): not supported [RD0] 
  FLASH_ATTN_EXT(hsk=64,hsv=64,nh=4,nr23=[4,1],kv=512,nb=3,mask=1,sinks=0,max_bias=8.000000,logit_softcap=0.000000,prec=f32,type_K=iq4_nl,type_V=iq4_nl,permute=[0,1,2,3]): not supported [RD0] 
  FLASH_ATTN_EXT(hsk=64,hsv=64,nh=4,nr23=[4,1],kv=512,nb=32,mask=1,sinks=0,max_bias=8.000000,logit_softcap=0.000000,prec=f32,type_K=f32,type_V=f32,permute=[0,1,2,3]): not supported [RD0] 
  FLASH_ATTN_EXT(hsk=64,hsv=64,nh=4,nr23=[4,1],kv=512,nb=32,mask=1,sinks=0,max_bias=8.000000,logit_softcap=0.000000,prec=f32,type_K=f16,type_V=f16,permute=[0,1,2,3]): not supported [RD0] 
  FLASH_ATTN_EXT(hsk=64,hsv=64,nh=4,nr23=[4,1],kv=512,nb=32,mask=1,sinks=0,max_bias=8.000000,logit_softcap=0.000000,prec=f32,type_K=bf16,type_V=bf16,permute=[0,1,2,3]): not supported [RD0] 
  FLASH_ATTN_EXT(hsk=64,hsv=64,nh=4,nr23=[4,1],kv=512,nb=32,mask=1,sinks=0,max_bias=8.000000,logit_softcap=0.000000,prec=f32,type_K=q8_0,type_V=q8_0,permute=[0,1,2,3]): not supported [RD0] 
  FLASH_ATTN_EXT(hsk=64,hsv=64,nh=4,nr23=[4,1],kv=512,nb=32,mask=1,sinks=0,max_bias=8.000000,logit_softcap=0.000000,prec=f32,type_K=q5_1,type_V=q5_1,permute=[0,1,2,3]): not supported [RD0] 
  FLASH_ATTN_EXT(hsk=64,hsv=64,nh=4,nr23=[4,1],kv=512,nb=32,mask=1,sinks=0,max_bias=8.000000,logit_softcap=0.000000,prec=f32,type_K=q5_0,type_V=q5_0,permute=[0,1,2,3]): not supported [RD0] 
  FLASH_ATTN_EXT(hsk=64,hsv=64,nh=4,nr23=[4,1],kv=512,nb=32,mask=1,sinks=0,max_bias=8.000000,logit_softcap=0.000000,prec=f32,type_K=q4_1,type_V=q4_1,permute=[0,1,2,3]): not supported [RD0] 
  FLASH_ATTN_EXT(hsk=64,hsv=64,nh=4,nr23=[4,1],kv=512,nb=32,mask=1,sinks=0,max_bias=8.000000,logit_softcap=0.000000,prec=f32,type_K=q4_0,type_V=q4_0,permute=[0,1,2,3]): not supported [RD0] 
  FLASH_ATTN_EXT(hsk=64,hsv=64,nh=4,nr23=[4,1],kv=512,nb=32,mask=1,sinks=0,max_bias=8.000000,logit_softcap=0.000000,prec=f32,type_K=iq4_nl,type_V=iq4_nl,permute=[0,1,2,3]): not supported [RD0] 
  FLASH_ATTN_EXT(hsk=64,hsv=64,nh=4,nr23=[4,1],kv=512,nb=75,mask=1,sinks=0,max_bias=8.000000,logit_softcap=0.000000,prec=f32,type_K=f32,type_V=f32,permute=[0,1,2,3]): not supported [RD0] 
  FLASH_ATTN_EXT(hsk=64,hsv=64,nh=4,nr23=[4,1],kv=512,nb=75,mask=1,sinks=0,max_bias=8.000000,logit_softcap=0.000000,prec=f32,type_K=f16,type_V=f16,permute=[0,1,2,3]): not supported [RD0] 
  FLASH_ATTN_EXT(hsk=64,hsv=64,nh=4,nr23=[4,1],kv=512,nb=75,mask=1,sinks=0,max_bias=8.000000,logit_softcap=0.000000,prec=f32,type_K=bf16,type_V=bf16,permute=[0,1,2,3]): not supported [RD0] 
  FLASH_ATTN_EXT(hsk=64,hsv=64,nh=4,nr23=[4,1],kv=512,nb=75,mask=1,sinks=0,max_bias=8.000000,logit_softcap=0.000000,prec=f32,type_K=q8_0,type_V=q8_0,permute=[0,1,2,3]): not supported [RD0] 
  FLASH_ATTN_EXT(hsk=64,hsv=64,nh=4,nr23=[4,1],kv=512,nb=75,mask=1,sinks=0,max_bias=8.000000,logit_softcap=0.000000,prec=f32,type_K=q5_1,type_V=q5_1,permute=[0,1,2,3]): not supported [RD0] 
  FLASH_ATTN_EXT(hsk=64,hsv=64,nh=4,nr23=[4,1],kv=512,nb=75,mask=1,sinks=0,max_bias=8.000000,logit_softcap=0.000000,prec=f32,type_K=q5_0,type_V=q5_0,permute=[0,1,2,3]): not supported [RD0] 
  FLASH_ATTN_EXT(hsk=64,hsv=64,nh=4,nr23=[4,1],kv=512,nb=75,mask=1,sinks=0,max_bias=8.000000,logit_softcap=0.000000,prec=f32,type_K=q4_1,type_V=q4_1,permute=[0,1,2,3]): not supported [RD0] 
  FLASH_ATTN_EXT(hsk=64,hsv=64,nh=4,nr23=[4,1],kv=512,nb=75,mask=1,sinks=0,max_bias=8.000000,logit_softcap=0.000000,prec=f32,type_K=q4_0,type_V=q4_0,permute=[0,1,2,3]): not supported [RD0] 
  FLASH_ATTN_EXT(hsk=64,hsv=64,nh=4,nr23=[4,1],kv=512,nb=75,mask=1,sinks=0,max_bias=8.000000,logit_softcap=0.000000,prec=f32,type_K=iq4_nl,type_V=iq4_nl,permute=[0,1,2,3]): not supported [RD0] 
  FLASH_ATTN_EXT(hsk=64,hsv=64,nh=4,nr23=[1,3],kv=113,nb=1,mask=1,sinks=0,max_bias=8.000000,logit_softcap=0.000000,prec=f32,type_K=f32,type_V=f32,permute=[0,1,2,3]): not supported [RD0] 
  FLASH_ATTN_EXT(hsk=64,hsv=64,nh=4,nr23=[1,3],kv=113,nb=1,mask=1,sinks=0,max_bias=8.000000,logit_softcap=0.000000,prec=f32,type_K=f16,type_V=f16,permute=[0,1,2,3]): not supported [RD0] 
  FLASH_ATTN_EXT(hsk=64,hsv=64,nh=4,nr23=[1,3],kv=113,nb=1,mask=1,sinks=0,max_bias=8.000000,logit_softcap=0.000000,prec=f32,type_K=bf16,type_V=bf16,permute=[0,1,2,3]): not supported [RD0] 
  FLASH_ATTN_EXT(hsk=64,hsv=64,nh=4,nr23=[1,3],kv=113,nb=1,mask=1,sinks=0,max_bias=8.000000,logit_softcap=0.000000,prec=f32,type_K=q8_0,type_V=q8_0,permute=[0,1,2,3]): not supported [RD0] 
  FLASH_ATTN_EXT(hsk=64,hsv=64,nh=4,nr23=[1,3],kv=113,nb=1,mask=1,sinks=0,max_bias=8.000000,logit_softcap=0.000000,prec=f32,type_K=q5_1,type_V=q5_1,permute=[0,1,2,3]): not supported [RD0] 
  FLASH_ATTN_EXT(hsk=64,hsv=64,nh=4,nr23=[1,3],kv=113,nb=1,mask=1,sinks=0,max_bias=8.000000,logit_softcap=0.000000,prec=f32,type_K=q5_0,type_V=q5_0,permute=[0,1,2,3]): not supported [RD0] 
  FLASH_ATTN_EXT(hsk=64,hsv=64,nh=4,nr23=[1,3],kv=113,nb=1,mask=1,sinks=0,max_bias=8.000000,logit_softcap=0.000000,prec=f32,type_K=q4_1,type_V=q4_1,permute=[0,1,2,3]): not supported [RD0] 
  FLASH_ATTN_EXT(hsk=64,hsv=64,nh=4,nr23=[1,3],kv=113,nb=1,mask=1,sinks=0,max_bias=8.000000,logit_softcap=0.000000,prec=f32,type_K=q4_0,type_V=q4_0,permute=[0,1,2,3]): not supported [RD0] 
  FLASH_ATTN_EXT(hsk=64,hsv=64,nh=4,nr23=[1,3],kv=113,nb=1,mask=1,sinks=0,max_bias=8.000000,logit_softcap=0.000000,prec=f32,type_K=iq4_nl,type_V=iq4_nl,permute=[0,1,2,3]): not supported [RD0] 
  FLASH_ATTN_EXT(hsk=64,hsv=64,nh=4,nr23=[1,3],kv=113,nb=3,mask=1,sinks=0,max_bias=8.000000,logit_softcap=0.000000,prec=f32,type_K=f32,type_V=f32,permute=[0,1,2,3]): not supported [RD0] 
  FLASH_ATTN_EXT(hsk=64,hsv=64,nh=4,nr23=[1,3],kv=113,nb=3,mask=1,sinks=0,max_bias=8.000000,logit_softcap=0.000000,prec=f32,type_K=f16,type_V=f16,permute=[0,1,2,3]): not supported [RD0] 
  FLASH_ATTN_EXT(hsk=64,hsv=64,nh=4,nr23=[1,3],kv=113,nb=3,mask=1,sinks=0,max_bias=8.000000,logit_softcap=0.000000,prec=f32,type_K=bf16,type_V=bf16,permute=[0,1,2,3]): not supported [RD0] 
  FLASH_ATTN_EXT(hsk=64,hsv=64,nh=4,nr23=[1,3],kv=113,nb=3,mask=1,sinks=0,max_bias=8.000000,logit_softcap=0.000000,prec=f32,type_K=q8_0,type_V=q8_0,permute=[0,1,2,3]): not supported [RD0] 
  FLASH_ATTN_EXT(hsk=64,hsv=64,nh=4,nr23=[1,3],kv=113,nb=3,mask=1,sinks=0,max_bias=8.000000,logit_softcap=0.000000,prec=f32,type_K=q5_1,type_V=q5_1,permute=[0,1,2,3]): not supported [RD0] 
  FLASH_ATTN_EXT(hsk=64,hsv=64,nh=4,nr23=[1,3],kv=113,nb=3,mask=1,sinks=0,max_bias=8.000000,logit_softcap=0.000000,prec=f32,type_K=q5_0,type_V=q5_0,permute=[0,1,2,3]): not supported [RD0] 
  FLASH_ATTN_EXT(hsk=64,hsv=64,nh=4,nr23=[1,3],kv=113,nb=3,mask=1,sinks=0,max_bias=8.000000,logit_softcap=0.000000,prec=f32,type_K=q4_1,type_V=q4_1,permute=[0,1,2,3]): not supported [RD0] 
  FLASH_ATTN_EXT(hsk=64,hsv=64,nh=4,nr23=[1,3],kv=113,nb=3,mask=1,sinks=0,max_bias=8.000000,logit_softcap=0.000000,prec=f32,type_K=q4_0,type_V=q4_0,permute=[0,1,2,3]): not supported [RD0] 
  FLASH_ATTN_EXT(hsk=64,hsv=64,nh=4,nr23=[1,3],kv=113,nb=3,mask=1,sinks=0,max_bias=8.000000,logit_softcap=0.000000,prec=f32,type_K=iq4_nl,type_V=iq4_nl,permute=[0,1,2,3]): not supported [RD0] 
  FLASH_ATTN_EXT(hsk=64,hsv=64,nh=4,nr23=[1,3],kv=113,nb=32,mask=1,sinks=0,max_bias=8.000000,logit_softcap=0.000000,prec=f32,type_K=f32,type_V=f32,permute=[0,1,2,3]): not supported [RD0] 
  FLASH_ATTN_EXT(hsk=64,hsv=64,nh=4,nr23=[1,3],kv=113,nb=32,mask=1,sinks=0,max_bias=8.000000,logit_softcap=0.000000,prec=f32,type_K=f16,type_V=f16,permute=[0,1,2,3]): not supported [RD0] 
  FLASH_ATTN_EXT(hsk=64,hsv=64,nh=4,nr23=[1,3],kv=113,nb=32,mask=1,sinks=0,max_bias=8.000000,logit_softcap=0.000000,prec=f32,type_K=bf16,type_V=bf16,permute=[0,1,2,3]): not supported [RD0] 
  FLASH_ATTN_EXT(hsk=64,hsv=64,nh=4,nr23=[1,3],kv=113,nb=32,mask=1,sinks=0,max_bias=8.000000,logit_softcap=0.000000,prec=f32,type_K=q8_0,type_V=q8_0,permute=[0,1,2,3]): not supported [RD0] 
  FLASH_ATTN_EXT(hsk=64,hsv=64,nh=4,nr23=[1,3],kv=113,nb=32,mask=1,sinks=0,max_bias=8.000000,logit_softcap=0.000000,prec=f32,type_K=q5_1,type_V=q5_1,permute=[0,1,2,3]): not supported [RD0] 
  FLASH_ATTN_EXT(hsk=64,hsv=64,nh=4,nr23=[1,3],kv=113,nb=32,mask=1,sinks=0,max_bias=8.000000,logit_softcap=0.000000,prec=f32,type_K=q5_0,type_V=q5_0,permute=[0,1,2,3]): not supported [RD0] 
  FLASH_ATTN_EXT(hsk=64,hsv=64,nh=4,nr23=[1,3],kv=113,nb=32,mask=1,sinks=0,max_bias=8.000000,logit_softcap=0.000000,prec=f32,type_K=q4_1,type_V=q4_1,permute=[0,1,2,3]): not supported [RD0] 
  FLASH_ATTN_EXT(hsk=64,hsv=64,nh=4,nr23=[1,3],kv=113,nb=32,mask=1,sinks=0,max_bias=8.000000,logit_softcap=0.000000,prec=f32,type_K=q4_0,type_V=q4_0,permute=[0,1,2,3]): not supported [RD0] 
  FLASH_ATTN_EXT(hsk=64,hsv=64,nh=4,nr23=[1,3],kv=113,nb=32,mask=1,sinks=0,max_bias=8.000000,logit_softcap=0.000000,prec=f32,type_K=iq4_nl,type_V=iq4_nl,permute=[0,1,2,3]): not supported [RD0] 
  FLASH_ATTN_EXT(hsk=64,hsv=64,nh=4,nr23=[1,3],kv=113,nb=75,mask=1,sinks=0,max_bias=8.000000,logit_softcap=0.000000,prec=f32,type_K=f32,type_V=f32,permute=[0,1,2,3]): not supported [RD0] 
  FLASH_ATTN_EXT(hsk=64,hsv=64,nh=4,nr23=[1,3],kv=113,nb=75,mask=1,sinks=0,max_bias=8.000000,logit_softcap=0.000000,prec=f32,type_K=f16,type_V=f16,permute=[0,1,2,3]): not supported [RD0] 
  FLASH_ATTN_EXT(hsk=64,hsv=64,nh=4,nr23=[1,3],kv=113,nb=75,mask=1,sinks=0,max_bias=8.000000,logit_softcap=0.000000,prec=f32,type_K=bf16,type_V=bf16,permute=[0,1,2,3]): not supported [RD0] 
  FLASH_ATTN_EXT(hsk=64,hsv=64,nh=4,nr23=[1,3],kv=113,nb=75,mask=1,sinks=0,max_bias=8.000000,logit_softcap=0.000000,prec=f32,type_K=q8_0,type_V=q8_0,permute=[0,1,2,3]): not supported [RD0] 
  FLASH_ATTN_EXT(hsk=64,hsv=64,nh=4,nr23=[1,3],kv=113,nb=75,mask=1,sinks=0,max_bias=8.000000,logit_softcap=0.000000,prec=f32,type_K=q5_1,type_V=q5_1,permute=[0,1,2,3]): not supported [RD0] 
  FLASH_ATTN_EXT(hsk=64,hsv=64,nh=4,nr23=[1,3],kv=113,nb=75,mask=1,sinks=0,max_bias=8.000000,logit_softcap=0.000000,prec=f32,type_K=q5_0,type_V=q5_0,permute=[0,1,2,3]): not supported [RD0] 
  FLASH_ATTN_EXT(hsk=64,hsv=64,nh=4,nr23=[1,3],kv=113,nb=75,mask=1,sinks=0,max_bias=8.000000,logit_softcap=0.000000,prec=f32,type_K=q4_1,type_V=q4_1,permute=[0,1,2,3]): not supported [RD0] 
  FLASH_ATTN_EXT(hsk=64,hsv=64,nh=4,nr23=[1,3],kv=113,nb=75,mask=1,sinks=0,max_bias=8.000000,logit_softcap=0.000000,prec=f32,type_K=q4_0,type_V=q4_0,permute=[0,1,2,3]): not supported [RD0] 
  FLASH_ATTN_EXT(hsk=64,hsv=64,nh=4,nr23=[1,3],kv=113,nb=75,mask=1,sinks=0,max_bias=8.000000,logit_softcap=0.000000,prec=f32,type_K=iq4_nl,type_V=iq4_nl,permute=[0,1,2,3]): not supported [RD0] 
  FLASH_ATTN_EXT(hsk=64,hsv=64,nh=4,nr23=[1,3],kv=512,nb=1,mask=1,sinks=0,max_bias=8.000000,logit_softcap=0.000000,prec=f32,type_K=f32,type_V=f32,permute=[0,1,2,3]): not supported [RD0] 
  FLASH_ATTN_EXT(hsk=64,hsv=64,nh=4,nr23=[1,3],kv=512,nb=1,mask=1,sinks=0,max_bias=8.000000,logit_softcap=0.000000,prec=f32,type_K=f16,type_V=f16,permute=[0,1,2,3]): not supported [RD0] 
  FLASH_ATTN_EXT(hsk=64,hsv=64,nh=4,nr23=[1,3],kv=512,nb=1,mask=1,sinks=0,max_bias=8.000000,logit_softcap=0.000000,prec=f32,type_K=bf16,type_V=bf16,permute=[0,1,2,3]): not supported [RD0] 
  FLASH_ATTN_EXT(hsk=64,hsv=64,nh=4,nr23=[1,3],kv=512,nb=1,mask=1,sinks=0,max_bias=8.000000,logit_softcap=0.000000,prec=f32,type_K=q8_0,type_V=q8_0,permute=[0,1,2,3]): not supported [RD0] 
  FLASH_ATTN_EXT(hsk=64,hsv=64,nh=4,nr23=[1,3],kv=512,nb=1,mask=1,sinks=0,max_bias=8.000000,logit_softcap=0.000000,prec=f32,type_K=q5_1,type_V=q5_1,permute=[0,1,2,3]): not supported [RD0] 
  FLASH_ATTN_EXT(hsk=64,hsv=64,nh=4,nr23=[1,3],kv=512,nb=1,mask=1,sinks=0,max_bias=8.000000,logit_softcap=0.000000,prec=f32,type_K=q5_0,type_V=q5_0,permute=[0,1,2,3]): not supported [RD0] 
  FLASH_ATTN_EXT(hsk=64,hsv=64,nh=4,nr23=[1,3],kv=512,nb=1,mask=1,sinks=0,max_bias=8.000000,logit_softcap=0.000000,prec=f32,type_K=q4_1,type_V=q4_1,permute=[0,1,2,3]): not supported [RD0] 
  FLASH_ATTN_EXT(hsk=64,hsv=64,nh=4,nr23=[1,3],kv=512,nb=1,mask=1,sinks=0,max_bias=8.000000,logit_softcap=0.000000,prec=f32,type_K=q4_0,type_V=q4_0,permute=[0,1,2,3]): not supported [RD0] 
  FLASH_ATTN_EXT(hsk=64,hsv=64,nh=4,nr23=[1,3],kv=512,nb=1,mask=1,sinks=0,max_bias=8.000000,logit_softcap=0.000000,prec=f32,type_K=iq4_nl,type_V=iq4_nl,permute=[0,1,2,3]): not supported [RD0] 
  FLASH_ATTN_EXT(hsk=64,hsv=64,nh=4,nr23=[1,3],kv=512,nb=3,mask=1,sinks=0,max_bias=8.000000,logit_softcap=0.000000,prec=f32,type_K=f32,type_V=f32,permute=[0,1,2,3]): not supported [RD0] 
  FLASH_ATTN_EXT(hsk=64,hsv=64,nh=4,nr23=[1,3],kv=512,nb=3,mask=1,sinks=0,max_bias=8.000000,logit_softcap=0.000000,prec=f32,type_K=f16,type_V=f16,permute=[0,1,2,3]): not supported [RD0] 
  FLASH_ATTN_EXT(hsk=64,hsv=64,nh=4,nr23=[1,3],kv=512,nb=3,mask=1,sinks=0,max_bias=8.000000,logit_softcap=0.000000,prec=f32,type_K=bf16,type_V=bf16,permute=[0,1,2,3]): not supported [RD0] 
  FLASH_ATTN_EXT(hsk=64,hsv=64,nh=4,nr23=[1,3],kv=512,nb=3,mask=1,sinks=0,max_bias=8.000000,logit_softcap=0.000000,prec=f32,type_K=q8_0,type_V=q8_0,permute=[0,1,2,3]): not supported [RD0] 
  FLASH_ATTN_EXT(hsk=64,hsv=64,nh=4,nr23=[1,3],kv=512,nb=3,mask=1,sinks=0,max_bias=8.000000,logit_softcap=0.000000,prec=f32,type_K=q5_1,type_V=q5_1,permute=[0,1,2,3]): not supported [RD0] 
  FLASH_ATTN_EXT(hsk=64,hsv=64,nh=4,nr23=[1,3],kv=512,nb=3,mask=1,sinks=0,max_bias=8.000000,logit_softcap=0.000000,prec=f32,type_K=q5_0,type_V=q5_0,permute=[0,1,2,3]): not supported [RD0] 
  FLASH_ATTN_EXT(hsk=64,hsv=64,nh=4,nr23=[1,3],kv=512,nb=3,mask=1,sinks=0,max_bias=8.000000,logit_softcap=0.000000,prec=f32,type_K=q4_1,type_V=q4_1,permute=[0,1,2,3]): not supported [RD0] 
  FLASH_ATTN_EXT(hsk=64,hsv=64,nh=4,nr23=[1,3],kv=512,nb=3,mask=1,sinks=0,max_bias=8.000000,logit_softcap=0.000000,prec=f32,type_K=q4_0,type_V=q4_0,permute=[0,1,2,3]): not supported [RD0] 
  FLASH_ATTN_EXT(hsk=64,hsv=64,nh=4,nr23=[1,3],kv=512,nb=3,mask=1,sinks=0,max_bias=8.000000,logit_softcap=0.000000,prec=f32,type_K=iq4_nl,type_V=iq4_nl,permute=[0,1,2,3]): not supported [RD0] 
  FLASH_ATTN_EXT(hsk=64,hsv=64,nh=4,nr23=[1,3],kv=512,nb=32,mask=1,sinks=0,max_bias=8.000000,logit_softcap=0.000000,prec=f32,type_K=f32,type_V=f32,permute=[0,1,2,3]): not supported [RD0] 
  FLASH_ATTN_EXT(hsk=64,hsv=64,nh=4,nr23=[1,3],kv=512,nb=32,mask=1,sinks=0,max_bias=8.000000,logit_softcap=0.000000,prec=f32,type_K=f16,type_V=f16,permute=[0,1,2,3]): not supported [RD0] 
  FLASH_ATTN_EXT(hsk=64,hsv=64,nh=4,nr23=[1,3],kv=512,nb=32,mask=1,sinks=0,max_bias=8.000000,logit_softcap=0.000000,prec=f32,type_K=bf16,type_V=bf16,permute=[0,1,2,3]): not supported [RD0] 
  FLASH_ATTN_EXT(hsk=64,hsv=64,nh=4,nr23=[1,3],kv=512,nb=32,mask=1,sinks=0,max_bias=8.000000,logit_softcap=0.000000,prec=f32,type_K=q8_0,type_V=q8_0,permute=[0,1,2,3]): not supported [RD0] 
  FLASH_ATTN_EXT(hsk=64,hsv=64,nh=4,nr23=[1,3],kv=512,nb=32,mask=1,sinks=0,max_bias=8.000000,logit_softcap=0.000000,prec=f32,type_K=q5_1,type_V=q5_1,permute=[0,1,2,3]): not supported [RD0] 
  FLASH_ATTN_EXT(hsk=64,hsv=64,nh=4,nr23=[1,3],kv=512,nb=32,mask=1,sinks=0,max_bias=8.000000,logit_softcap=0.000000,prec=f32,type_K=q5_0,type_V=q5_0,permute=[0,1,2,3]): not supported [RD0] 
  FLASH_ATTN_EXT(hsk=64,hsv=64,nh=4,nr23=[1,3],kv=512,nb=32,mask=1,sinks=0,max_bias=8.000000,logit_softcap=0.000000,prec=f32,type_K=q4_1,type_V=q4_1,permute=[0,1,2,3]): not supported [RD0] 
  FLASH_ATTN_EXT(hsk=64,hsv=64,nh=4,nr23=[1,3],kv=512,nb=32,mask=1,sinks=0,max_bias=8.000000,logit_softcap=0.000000,prec=f32,type_K=q4_0,type_V=q4_0,permute=[0,1,2,3]): not supported [RD0] 
  FLASH_ATTN_EXT(hsk=64,hsv=64,nh=4,nr23=[1,3],kv=512,nb=32,mask=1,sinks=0,max_bias=8.000000,logit_softcap=0.000000,prec=f32,type_K=iq4_nl,type_V=iq4_nl,permute=[0,1,2,3]): not supported [RD0] 
  FLASH_ATTN_EXT(hsk=64,hsv=64,nh=4,nr23=[1,3],kv=512,nb=75,mask=1,sinks=0,max_bias=8.000000,logit_softcap=0.000000,prec=f32,type_K=f32,type_V=f32,permute=[0,1,2,3]): not supported [RD0] 
  FLASH_ATTN_EXT(hsk=64,hsv=64,nh=4,nr23=[1,3],kv=512,nb=75,mask=1,sinks=0,max_bias=8.000000,logit_softcap=0.000000,prec=f32,type_K=f16,type_V=f16,permute=[0,1,2,3]): not supported [RD0] 
  FLASH_ATTN_EXT(hsk=64,hsv=64,nh=4,nr23=[1,3],kv=512,nb=75,mask=1,sinks=0,max_bias=8.000000,logit_softcap=0.000000,prec=f32,type_K=bf16,type_V=bf16,permute=[0,1,2,3]): not supported [RD0] 
  FLASH_ATTN_EXT(hsk=64,hsv=64,nh=4,nr23=[1,3],kv=512,nb=75,mask=1,sinks=0,max_bias=8.000000,logit_softcap=0.000000,prec=f32,type_K=q8_0,type_V=q8_0,permute=[0,1,2,3]): not supported [RD0] 
  FLASH_ATTN_EXT(hsk=64,hsv=64,nh=4,nr23=[1,3],kv=512,nb=75,mask=1,sinks=0,max_bias=8.000000,logit_softcap=0.000000,prec=f32,type_K=q5_1,type_V=q5_1,permute=[0,1,2,3]): not supported [RD0] 
  FLASH_ATTN_EXT(hsk=64,hsv=64,nh=4,nr23=[1,3],kv=512,nb=75,mask=1,sinks=0,max_bias=8.000000,logit_softcap=0.000000,prec=f32,type_K=q5_0,type_V=q5_0,permute=[0,1,2,3]): not supported [RD0] 
  FLASH_ATTN_EXT(hsk=64,hsv=64,nh=4,nr23=[1,3],kv=512,nb=75,mask=1,sinks=0,max_bias=8.000000,logit_softcap=0.000000,prec=f32,type_K=q4_1,type_V=q4_1,permute=[0,1,2,3]): not supported [RD0] 
  FLASH_ATTN_EXT(hsk=64,hsv=64,nh=4,nr23=[1,3],kv=512,nb=75,mask=1,sinks=0,max_bias=8.000000,logit_softcap=0.000000,prec=f32,type_K=q4_0,type_V=q4_0,permute=[0,1,2,3]): not supported [RD0] 
  FLASH_ATTN_EXT(hsk=64,hsv=64,nh=4,nr23=[1,3],kv=512,nb=75,mask=1,sinks=0,max_bias=8.000000,logit_softcap=0.000000,prec=f32,type_K=iq4_nl,type_V=iq4_nl,permute=[0,1,2,3]): not supported [RD0] 
  FLASH_ATTN_EXT(hsk=64,hsv=64,nh=4,nr23=[1,3],kv=1024,nb=1,mask=1,sinks=0,max_bias=8.000000,logit_softcap=0.000000,prec=f32,type_K=f32,type_V=f32,permute=[0,1,2,3]): not supported [RD0] 
  FLASH_ATTN_EXT(hsk=64,hsv=64,nh=4,nr23=[1,3],kv=1024,nb=1,mask=1,sinks=0,max_bias=8.000000,logit_softcap=0.000000,prec=f32,type_K=f16,type_V=f16,permute=[0,1,2,3]): not supported [RD0] 
  FLASH_ATTN_EXT(hsk=64,hsv=64,nh=4,nr23=[1,3],kv=1024,nb=1,mask=1,sinks=0,max_bias=8.000000,logit_softcap=0.000000,prec=f32,type_K=bf16,type_V=bf16,permute=[0,1,2,3]): not supported [RD0] 
  FLASH_ATTN_EXT(hsk=64,hsv=64,nh=4,nr23=[1,3],kv=1024,nb=1,mask=1,sinks=0,max_bias=8.000000,logit_softcap=0.000000,prec=f32,type_K=q8_0,type_V=q8_0,permute=[0,1,2,3]): not supported [RD0] 
  FLASH_ATTN_EXT(hsk=64,hsv=64,nh=4,nr23=[1,3],kv=1024,nb=1,mask=1,sinks=0,max_bias=8.000000,logit_softcap=0.000000,prec=f32,type_K=q5_1,type_V=q5_1,permute=[0,1,2,3]): not supported [RD0] 
  FLASH_ATTN_EXT(hsk=64,hsv=64,nh=4,nr23=[1,3],kv=1024,nb=1,mask=1,sinks=0,max_bias=8.000000,logit_softcap=0.000000,prec=f32,type_K=q5_0,type_V=q5_0,permute=[0,1,2,3]): not supported [RD0] 
  FLASH_ATTN_EXT(hsk=64,hsv=64,nh=4,nr23=[1,3],kv=1024,nb=1,mask=1,sinks=0,max_bias=8.000000,logit_softcap=0.000000,prec=f32,type_K=q4_1,type_V=q4_1,permute=[0,1,2,3]): not supported [RD0] 
  FLASH_ATTN_EXT(hsk=64,hsv=64,nh=4,nr23=[1,3],kv=1024,nb=1,mask=1,sinks=0,max_bias=8.000000,logit_softcap=0.000000,prec=f32,type_K=q4_0,type_V=q4_0,permute=[0,1,2,3]): not supported [RD0] 
  FLASH_ATTN_EXT(hsk=64,hsv=64,nh=4,nr23=[1,3],kv=1024,nb=1,mask=1,sinks=0,max_bias=8.000000,logit_softcap=0.000000,prec=f32,type_K=iq4_nl,type_V=iq4_nl,permute=[0,1,2,3]): not supported [RD0] 
  FLASH_ATTN_EXT(hsk=64,hsv=64,nh=4,nr23=[1,3],kv=1024,nb=3,mask=1,sinks=0,max_bias=8.000000,logit_softcap=0.000000,prec=f32,type_K=f32,type_V=f32,permute=[0,1,2,3]): not supported [RD0] 
  FLASH_ATTN_EXT(hsk=64,hsv=64,nh=4,nr23=[1,3],kv=1024,nb=3,mask=1,sinks=0,max_bias=8.000000,logit_softcap=0.000000,prec=f32,type_K=f16,type_V=f16,permute=[0,1,2,3]): not supported [RD0] 
  FLASH_ATTN_EXT(hsk=64,hsv=64,nh=4,nr23=[1,3],kv=1024,nb=3,mask=1,sinks=0,max_bias=8.000000,logit_softcap=0.000000,prec=f32,type_K=bf16,type_V=bf16,permute=[0,1,2,3]): not supported [RD0] 
  FLASH_ATTN_EXT(hsk=64,hsv=64,nh=4,nr23=[1,3],kv=1024,nb=3,mask=1,sinks=0,max_bias=8.000000,logit_softcap=0.000000,prec=f32,type_K=q8_0,type_V=q8_0,permute=[0,1,2,3]): not supported [RD0] 
  FLASH_ATTN_EXT(hsk=64,hsv=64,nh=4,nr23=[1,3],kv=1024,nb=3,mask=1,sinks=0,max_bias=8.000000,logit_softcap=0.000000,prec=f32,type_K=q5_1,type_V=q5_1,permute=[0,1,2,3]): not supported [RD0] 
  FLASH_ATTN_EXT(hsk=64,hsv=64,nh=4,nr23=[1,3],kv=1024,nb=3,mask=1,sinks=0,max_bias=8.000000,logit_softcap=0.000000,prec=f32,type_K=q5_0,type_V=q5_0,permute=[0,1,2,3]): not supported [RD0] 
  FLASH_ATTN_EXT(hsk=64,hsv=64,nh=4,nr23=[1,3],kv=1024,nb=3,mask=1,sinks=0,max_bias=8.000000,logit_softcap=0.000000,prec=f32,type_K=q4_1,type_V=q4_1,permute=[0,1,2,3]): not supported [RD0] 
  FLASH_ATTN_EXT(hsk=64,hsv=64,nh=4,nr23=[1,3],kv=1024,nb=3,mask=1,sinks=0,max_bias=8.000000,logit_softcap=0.000000,prec=f32,type_K=q4_0,type_V=q4_0,permute=[0,1,2,3]): not supported [RD0] 
  FLASH_ATTN_EXT(hsk=64,hsv=64,nh=4,nr23=[1,3],kv=1024,nb=3,mask=1,sinks=0,max_bias=8.000000,logit_softcap=0.000000,prec=f32,type_K=iq4_nl,type_V=iq4_nl,permute=[0,1,2,3]): not supported [RD0] 
  FLASH_ATTN_EXT(hsk=64,hsv=64,nh=4,nr23=[1,3],kv=1024,nb=32,mask=1,sinks=0,max_bias=8.000000,logit_softcap=0.000000,prec=f32,type_K=f32,type_V=f32,permute=[0,1,2,3]): not supported [RD0] 
  FLASH_ATTN_EXT(hsk=64,hsv=64,nh=4,nr23=[1,3],kv=1024,nb=32,mask=1,sinks=0,max_bias=8.000000,logit_softcap=0.000000,prec=f32,type_K=f16,type_V=f16,permute=[0,1,2,3]): not supported [RD0] 
  FLASH_ATTN_EXT(hsk=64,hsv=64,nh=4,nr23=[1,3],kv=1024,nb=32,mask=1,sinks=0,max_bias=8.000000,logit_softcap=0.000000,prec=f32,type_K=bf16,type_V=bf16,permute=[0,1,2,3]): not supported [RD0] 
  FLASH_ATTN_EXT(hsk=64,hsv=64,nh=4,nr23=[1,3],kv=1024,nb=32,mask=1,sinks=0,max_bias=8.000000,logit_softcap=0.000000,prec=f32,type_K=q8_0,type_V=q8_0,permute=[0,1,2,3]): not supported [RD0] 
  FLASH_ATTN_EXT(hsk=64,hsv=64,nh=4,nr23=[1,3],kv=1024,nb=32,mask=1,sinks=0,max_bias=8.000000,logit_softcap=0.000000,prec=f32,type_K=q5_1,type_V=q5_1,permute=[0,1,2,3]): not supported [RD0] 
  FLASH_ATTN_EXT(hsk=64,hsv=64,nh=4,nr23=[1,3],kv=1024,nb=32,mask=1,sinks=0,max_bias=8.000000,logit_softcap=0.000000,prec=f32,type_K=q5_0,type_V=q5_0,permute=[0,1,2,3]): not supported [RD0] 
  FLASH_ATTN_EXT(hsk=64,hsv=64,nh=4,nr23=[1,3],kv=1024,nb=32,mask=1,sinks=0,max_bias=8.000000,logit_softcap=0.000000,prec=f32,type_K=q4_1,type_V=q4_1,permute=[0,1,2,3]): not supported [RD0] 
  FLASH_ATTN_EXT(hsk=64,hsv=64,nh=4,nr23=[1,3],kv=1024,nb=32,mask=1,sinks=0,max_bias=8.000000,logit_softcap=0.000000,prec=f32,type_K=q4_0,type_V=q4_0,permute=[0,1,2,3]): not supported [RD0] 
  FLASH_ATTN_EXT(hsk=64,hsv=64,nh=4,nr23=[1,3],kv=1024,nb=32,mask=1,sinks=0,max_bias=8.000000,logit_softcap=0.000000,prec=f32,type_K=iq4_nl,type_V=iq4_nl,permute=[0,1,2,3]): not supported [RD0] 
  FLASH_ATTN_EXT(hsk=64,hsv=64,nh=4,nr23=[1,3],kv=1024,nb=75,mask=1,sinks=0,max_bias=8.000000,logit_softcap=0.000000,prec=f32,type_K=f32,type_V=f32,permute=[0,1,2,3]): not supported [RD0] 
  FLASH_ATTN_EXT(hsk=64,hsv=64,nh=4,nr23=[1,3],kv=1024,nb=75,mask=1,sinks=0,max_bias=8.000000,logit_softcap=0.000000,prec=f32,type_K=f16,type_V=f16,permute=[0,1,2,3]): not supported [RD0] 
  FLASH_ATTN_EXT(hsk=64,hsv=64,nh=4,nr23=[1,3],kv=1024,nb=75,mask=1,sinks=0,max_bias=8.000000,logit_softcap=0.000000,prec=f32,type_K=bf16,type_V=bf16,permute=[0,1,2,3]): not supported [RD0] 
  FLASH_ATTN_EXT(hsk=64,hsv=64,nh=4,nr23=[1,3],kv=1024,nb=75,mask=1,sinks=0,max_bias=8.000000,logit_softcap=0.000000,prec=f32,type_K=q8_0,type_V=q8_0,permute=[0,1,2,3]): not supported [RD0] 
  FLASH_ATTN_EXT(hsk=64,hsv=64,nh=4,nr23=[1,3],kv=1024,nb=75,mask=1,sinks=0,max_bias=8.000000,logit_softcap=0.000000,prec=f32,type_K=q5_1,type_V=q5_1,permute=[0,1,2,3]): not supported [RD0] 
  FLASH_ATTN_EXT(hsk=64,hsv=64,nh=4,nr23=[1,3],kv=1024,nb=75,mask=1,sinks=0,max_bias=8.000000,logit_softcap=0.000000,prec=f32,type_K=q5_0,type_V=q5_0,permute=[0,1,2,3]): not supported [RD0] 
  FLASH_ATTN_EXT(hsk=64,hsv=64,nh=4,nr23=[1,3],kv=1024,nb=75,mask=1,sinks=0,max_bias=8.000000,logit_softcap=0.000000,prec=f32,type_K=q4_1,type_V=q4_1,permute=[0,1,2,3]): not supported [RD0] 
  FLASH_ATTN_EXT(hsk=64,hsv=64,nh=4,nr23=[1,3],kv=1024,nb=75,mask=1,sinks=0,max_bias=8.000000,logit_softcap=0.000000,prec=f32,type_K=q4_0,type_V=q4_0,permute=[0,1,2,3]): not supported [RD0] 
  FLASH_ATTN_EXT(hsk=64,hsv=64,nh=4,nr23=[1,3],kv=1024,nb=75,mask=1,sinks=0,max_bias=8.000000,logit_softcap=0.000000,prec=f32,type_K=iq4_nl,type_V=iq4_nl,permute=[0,1,2,3]): not supported [RD0] 
  FLASH_ATTN_EXT(hsk=64,hsv=64,nh=4,nr23=[4,3],kv=512,nb=1,mask=1,sinks=0,max_bias=8.000000,logit_softcap=0.000000,prec=f32,type_K=f32,type_V=f32,permute=[0,1,2,3]): not supported [RD0] 
  FLASH_ATTN_EXT(hsk=64,hsv=64,nh=4,nr23=[4,3],kv=512,nb=1,mask=1,sinks=0,max_bias=8.000000,logit_softcap=0.000000,prec=f32,type_K=f16,type_V=f16,permute=[0,1,2,3]): not supported [RD0] 
  FLASH_ATTN_EXT(hsk=64,hsv=64,nh=4,nr23=[4,3],kv=512,nb=1,mask=1,sinks=0,max_bias=8.000000,logit_softcap=0.000000,prec=f32,type_K=bf16,type_V=bf16,permute=[0,1,2,3]): not supported [RD0] 
  FLASH_ATTN_EXT(hsk=64,hsv=64,nh=4,nr23=[4,3],kv=512,nb=1,mask=1,sinks=0,max_bias=8.000000,logit_softcap=0.000000,prec=f32,type_K=q8_0,type_V=q8_0,permute=[0,1,2,3]): not supported [RD0] 
  FLASH_ATTN_EXT(hsk=64,hsv=64,nh=4,nr23=[4,3],kv=512,nb=1,mask=1,sinks=0,max_bias=8.000000,logit_softcap=0.000000,prec=f32,type_K=q5_1,type_V=q5_1,permute=[0,1,2,3]): not supported [RD0] 
  FLASH_ATTN_EXT(hsk=64,hsv=64,nh=4,nr23=[4,3],kv=512,nb=1,mask=1,sinks=0,max_bias=8.000000,logit_softcap=0.000000,prec=f32,type_K=q5_0,type_V=q5_0,permute=[0,1,2,3]): not supported [RD0] 
  FLASH_ATTN_EXT(hsk=64,hsv=64,nh=4,nr23=[4,3],kv=512,nb=1,mask=1,sinks=0,max_bias=8.000000,logit_softcap=0.000000,prec=f32,type_K=q4_1,type_V=q4_1,permute=[0,1,2,3]): not supported [RD0] 
  FLASH_ATTN_EXT(hsk=64,hsv=64,nh=4,nr23=[4,3],kv=512,nb=1,mask=1,sinks=0,max_bias=8.000000,logit_softcap=0.000000,prec=f32,type_K=q4_0,type_V=q4_0,permute=[0,1,2,3]): not supported [RD0] 
  FLASH_ATTN_EXT(hsk=64,hsv=64,nh=4,nr23=[4,3],kv=512,nb=1,mask=1,sinks=0,max_bias=8.000000,logit_softcap=0.000000,prec=f32,type_K=iq4_nl,type_V=iq4_nl,permute=[0,1,2,3]): not supported [RD0] 
  FLASH_ATTN_EXT(hsk=64,hsv=64,nh=4,nr23=[4,3],kv=512,nb=3,mask=1,sinks=0,max_bias=8.000000,logit_softcap=0.000000,prec=f32,type_K=f32,type_V=f32,permute=[0,1,2,3]): not supported [RD0] 
  FLASH_ATTN_EXT(hsk=64,hsv=64,nh=4,nr23=[4,3],kv=512,nb=3,mask=1,sinks=0,max_bias=8.000000,logit_softcap=0.000000,prec=f32,type_K=f16,type_V=f16,permute=[0,1,2,3]): not supported [RD0] 
  FLASH_ATTN_EXT(hsk=64,hsv=64,nh=4,nr23=[4,3],kv=512,nb=3,mask=1,sinks=0,max_bias=8.000000,logit_softcap=0.000000,prec=f32,type_K=bf16,type_V=bf16,permute=[0,1,2,3]): not supported [RD0] 
  FLASH_ATTN_EXT(hsk=64,hsv=64,nh=4,nr23=[4,3],kv=512,nb=3,mask=1,sinks=0,max_bias=8.000000,logit_softcap=0.000000,prec=f32,type_K=q8_0,type_V=q8_0,permute=[0,1,2,3]): not supported [RD0] 
  FLASH_ATTN_EXT(hsk=64,hsv=64,nh=4,nr23=[4,3],kv=512,nb=3,mask=1,sinks=0,max_bias=8.000000,logit_softcap=0.000000,prec=f32,type_K=q5_1,type_V=q5_1,permute=[0,1,2,3]): not supported [RD0] 
  FLASH_ATTN_EXT(hsk=64,hsv=64,nh=4,nr23=[4,3],kv=512,nb=3,mask=1,sinks=0,max_bias=8.000000,logit_softcap=0.000000,prec=f32,type_K=q5_0,type_V=q5_0,permute=[0,1,2,3]): not supported [RD0] 
  FLASH_ATTN_EXT(hsk=64,hsv=64,nh=4,nr23=[4,3],kv=512,nb=3,mask=1,sinks=0,max_bias=8.000000,logit_softcap=0.000000,prec=f32,type_K=q4_1,type_V=q4_1,permute=[0,1,2,3]): not supported [RD0] 
  FLASH_ATTN_EXT(hsk=64,hsv=64,nh=4,nr23=[4,3],kv=512,nb=3,mask=1,sinks=0,max_bias=8.000000,logit_softcap=0.000000,prec=f32,type_K=q4_0,type_V=q4_0,permute=[0,1,2,3]): not supported [RD0] 
  FLASH_ATTN_EXT(hsk=64,hsv=64,nh=4,nr23=[4,3],kv=512,nb=3,mask=1,sinks=0,max_bias=8.000000,logit_softcap=0.000000,prec=f32,type_K=iq4_nl,type_V=iq4_nl,permute=[0,1,2,3]): not supported [RD0] 
  FLASH_ATTN_EXT(hsk=64,hsv=64,nh=4,nr23=[4,3],kv=512,nb=32,mask=1,sinks=0,max_bias=8.000000,logit_softcap=0.000000,prec=f32,type_K=f32,type_V=f32,permute=[0,1,2,3]): not supported [RD0] 
  FLASH_ATTN_EXT(hsk=64,hsv=64,nh=4,nr23=[4,3],kv=512,nb=32,mask=1,sinks=0,max_bias=8.000000,logit_softcap=0.000000,prec=f32,type_K=f16,type_V=f16,permute=[0,1,2,3]): not supported [RD0] 
  FLASH_ATTN_EXT(hsk=64,hsv=64,nh=4,nr23=[4,3],kv=512,nb=32,mask=1,sinks=0,max_bias=8.000000,logit_softcap=0.000000,prec=f32,type_K=bf16,type_V=bf16,permute=[0,1,2,3]): not supported [RD0] 
  FLASH_ATTN_EXT(hsk=64,hsv=64,nh=4,nr23=[4,3],kv=512,nb=32,mask=1,sinks=0,max_bias=8.000000,logit_softcap=0.000000,prec=f32,type_K=q8_0,type_V=q8_0,permute=[0,1,2,3]): not supported [RD0] 
  FLASH_ATTN_EXT(hsk=64,hsv=64,nh=4,nr23=[4,3],kv=512,nb=32,mask=1,sinks=0,max_bias=8.000000,logit_softcap=0.000000,prec=f32,type_K=q5_1,type_V=q5_1,permute=[0,1,2,3]): not supported [RD0] 
  FLASH_ATTN_EXT(hsk=64,hsv=64,nh=4,nr23=[4,3],kv=512,nb=32,mask=1,sinks=0,max_bias=8.000000,logit_softcap=0.000000,prec=f32,type_K=q5_0,type_V=q5_0,permute=[0,1,2,3]): not supported [RD0] 
  FLASH_ATTN_EXT(hsk=64,hsv=64,nh=4,nr23=[4,3],kv=512,nb=32,mask=1,sinks=0,max_bias=8.000000,logit_softcap=0.000000,prec=f32,type_K=q4_1,type_V=q4_1,permute=[0,1,2,3]): not supported [RD0] 
  FLASH_ATTN_EXT(hsk=64,hsv=64,nh=4,nr23=[4,3],kv=512,nb=32,mask=1,sinks=0,max_bias=8.000000,logit_softcap=0.000000,prec=f32,type_K=q4_0,type_V=q4_0,permute=[0,1,2,3]): not supported [RD0] 
  FLASH_ATTN_EXT(hsk=64,hsv=64,nh=4,nr23=[4,3],kv=512,nb=32,mask=1,sinks=0,max_bias=8.000000,logit_softcap=0.000000,prec=f32,type_K=iq4_nl,type_V=iq4_nl,permute=[0,1,2,3]): not supported [RD0] 
  FLASH_ATTN_EXT(hsk=64,hsv=64,nh=4,nr23=[4,3],kv=512,nb=75,mask=1,sinks=0,max_bias=8.000000,logit_softcap=0.000000,prec=f32,type_K=f32,type_V=f32,permute=[0,1,2,3]): not supported [RD0] 
  FLASH_ATTN_EXT(hsk=64,hsv=64,nh=4,nr23=[4,3],kv=512,nb=75,mask=1,sinks=0,max_bias=8.000000,logit_softcap=0.000000,prec=f32,type_K=f16,type_V=f16,permute=[0,1,2,3]): not supported [RD0] 
  FLASH_ATTN_EXT(hsk=64,hsv=64,nh=4,nr23=[4,3],kv=512,nb=75,mask=1,sinks=0,max_bias=8.000000,logit_softcap=0.000000,prec=f32,type_K=bf16,type_V=bf16,permute=[0,1,2,3]): not supported [RD0] 
  FLASH_ATTN_EXT(hsk=64,hsv=64,nh=4,nr23=[4,3],kv=512,nb=75,mask=1,sinks=0,max_bias=8.000000,logit_softcap=0.000000,prec=f32,type_K=q8_0,type_V=q8_0,permute=[0,1,2,3]): not supported [RD0] 
  FLASH_ATTN_EXT(hsk=64,hsv=64,nh=4,nr23=[4,3],kv=512,nb=75,mask=1,sinks=0,max_bias=8.000000,logit_softcap=0.000000,prec=f32,type_K=q5_1,type_V=q5_1,permute=[0,1,2,3]): not supported [RD0] 
  FLASH_ATTN_EXT(hsk=64,hsv=64,nh=4,nr23=[4,3],kv=512,nb=75,mask=1,sinks=0,max_bias=8.000000,logit_softcap=0.000000,prec=f32,type_K=q5_0,type_V=q5_0,permute=[0,1,2,3]): not supported [RD0] 
  FLASH_ATTN_EXT(hsk=64,hsv=64,nh=4,nr23=[4,3],kv=512,nb=75,mask=1,sinks=0,max_bias=8.000000,logit_softcap=0.000000,prec=f32,type_K=q4_1,type_V=q4_1,permute=[0,1,2,3]): not supported [RD0] 
  FLASH_ATTN_EXT(hsk=64,hsv=64,nh=4,nr23=[4,3],kv=512,nb=75,mask=1,sinks=0,max_bias=8.000000,logit_softcap=0.000000,prec=f32,type_K=q4_0,type_V=q4_0,permute=[0,1,2,3]): not supported [RD0] 
  FLASH_ATTN_EXT(hsk=64,hsv=64,nh=4,nr23=[4,3],kv=512,nb=75,mask=1,sinks=0,max_bias=8.000000,logit_softcap=0.000000,prec=f32,type_K=iq4_nl,type_V=iq4_nl,permute=[0,1,2,3]): not supported [RD0] 
  FLASH_ATTN_EXT(hsk=64,hsv=64,nh=4,nr23=[1,1],kv=113,nb=1,mask=0,sinks=1,max_bias=0.000000,logit_softcap=0.000000,prec=f32,type_K=f32,type_V=f32,permute=[0,1,2,3]): not supported [RD0] 
  FLASH_ATTN_EXT(hsk=64,hsv=64,nh=4,nr23=[1,1],kv=113,nb=1,mask=0,sinks=1,max_bias=0.000000,logit_softcap=0.000000,prec=f32,type_K=f16,type_V=f16,permute=[0,1,2,3]): not supported [RD0] 
  FLASH_ATTN_EXT(hsk=64,hsv=64,nh=4,nr23=[1,1],kv=113,nb=1,mask=0,sinks=1,max_bias=0.000000,logit_softcap=0.000000,prec=f32,type_K=bf16,type_V=bf16,permute=[0,1,2,3]): not supported [RD0] 
  FLASH_ATTN_EXT(hsk=64,hsv=64,nh=4,nr23=[1,1],kv=113,nb=1,mask=0,sinks=1,max_bias=0.000000,logit_softcap=0.000000,prec=f32,type_K=q8_0,type_V=q8_0,permute=[0,1,2,3]): not supported [RD0] 
  FLASH_ATTN_EXT(hsk=64,hsv=64,nh=4,nr23=[1,1],kv=113,nb=1,mask=0,sinks=1,max_bias=0.000000,logit_softcap=0.000000,prec=f32,type_K=q5_1,type_V=q5_1,permute=[0,1,2,3]): not supported [RD0] 
  FLASH_ATTN_EXT(hsk=64,hsv=64,nh=4,nr23=[1,1],kv=113,nb=1,mask=0,sinks=1,max_bias=0.000000,logit_softcap=0.000000,prec=f32,type_K=q5_0,type_V=q5_0,permute=[0,1,2,3]): not supported [RD0] 
  FLASH_ATTN_EXT(hsk=64,hsv=64,nh=4,nr23=[1,1],kv=113,nb=1,mask=0,sinks=1,max_bias=0.000000,logit_softcap=0.000000,prec=f32,type_K=q4_1,type_V=q4_1,permute=[0,1,2,3]): not supported [RD0] 
  FLASH_ATTN_EXT(hsk=64,hsv=64,nh=4,nr23=[1,1],kv=113,nb=1,mask=0,sinks=1,max_bias=0.000000,logit_softcap=0.000000,prec=f32,type_K=q4_0,type_V=q4_0,permute=[0,1,2,3]): not supported [RD0] 
  FLASH_ATTN_EXT(hsk=64,hsv=64,nh=4,nr23=[1,1],kv=113,nb=1,mask=0,sinks=1,max_bias=0.000000,logit_softcap=0.000000,prec=f32,type_K=iq4_nl,type_V=iq4_nl,permute=[0,1,2,3]): not supported [RD0] 
  FLASH_ATTN_EXT(hsk=64,hsv=64,nh=4,nr23=[1,1],kv=113,nb=3,mask=0,sinks=1,max_bias=0.000000,logit_softcap=0.000000,prec=f32,type_K=f32,type_V=f32,permute=[0,1,2,3]): not supported [RD0] 
  FLASH_ATTN_EXT(hsk=64,hsv=64,nh=4,nr23=[1,1],kv=113,nb=3,mask=0,sinks=1,max_bias=0.000000,logit_softcap=0.000000,prec=f32,type_K=f16,type_V=f16,permute=[0,1,2,3]): not supported [RD0] 
  FLASH_ATTN_EXT(hsk=64,hsv=64,nh=4,nr23=[1,1],kv=113,nb=3,mask=0,sinks=1,max_bias=0.000000,logit_softcap=0.000000,prec=f32,type_K=bf16,type_V=bf16,permute=[0,1,2,3]): not supported [RD0] 
  FLASH_ATTN_EXT(hsk=64,hsv=64,nh=4,nr23=[1,1],kv=113,nb=3,mask=0,sinks=1,max_bias=0.000000,logit_softcap=0.000000,prec=f32,type_K=q8_0,type_V=q8_0,permute=[0,1,2,3]): not supported [RD0] 
  FLASH_ATTN_EXT(hsk=64,hsv=64,nh=4,nr23=[1,1],kv=113,nb=3,mask=0,sinks=1,max_bias=0.000000,logit_softcap=0.000000,prec=f32,type_K=q5_1,type_V=q5_1,permute=[0,1,2,3]): not supported [RD0] 
  FLASH_ATTN_EXT(hsk=64,hsv=64,nh=4,nr23=[1,1],kv=113,nb=3,mask=0,sinks=1,max_bias=0.000000,logit_softcap=0.000000,prec=f32,type_K=q5_0,type_V=q5_0,permute=[0,1,2,3]): not supported [RD0] 
  FLASH_ATTN_EXT(hsk=64,hsv=64,nh=4,nr23=[1,1],kv=113,nb=3,mask=0,sinks=1,max_bias=0.000000,logit_softcap=0.000000,prec=f32,type_K=q4_1,type_V=q4_1,permute=[0,1,2,3]): not supported [RD0] 
  FLASH_ATTN_EXT(hsk=64,hsv=64,nh=4,nr23=[1,1],kv=113,nb=3,mask=0,sinks=1,max_bias=0.000000,logit_softcap=0.000000,prec=f32,type_K=q4_0,type_V=q4_0,permute=[0,1,2,3]): not supported [RD0] 
  FLASH_ATTN_EXT(hsk=64,hsv=64,nh=4,nr23=[1,1],kv=113,nb=3,mask=0,sinks=1,max_bias=0.000000,logit_softcap=0.000000,prec=f32,type_K=iq4_nl,type_V=iq4_nl,permute=[0,1,2,3]): not supported [RD0] 
  FLASH_ATTN_EXT(hsk=64,hsv=64,nh=4,nr23=[1,1],kv=113,nb=32,mask=0,sinks=1,max_bias=0.000000,logit_softcap=0.000000,prec=f32,type_K=f32,type_V=f32,permute=[0,1,2,3]): not supported [RD0] 
  FLASH_ATTN_EXT(hsk=64,hsv=64,nh=4,nr23=[1,1],kv=113,nb=32,mask=0,sinks=1,max_bias=0.000000,logit_softcap=0.000000,prec=f32,type_K=f16,type_V=f16,permute=[0,1,2,3]): not supported [RD0] 
  FLASH_ATTN_EXT(hsk=64,hsv=64,nh=4,nr23=[1,1],kv=113,nb=32,mask=0,sinks=1,max_bias=0.000000,logit_softcap=0.000000,prec=f32,type_K=bf16,type_V=bf16,permute=[0,1,2,3]): not supported [RD0] 
  FLASH_ATTN_EXT(hsk=64,hsv=64,nh=4,nr23=[1,1],kv=113,nb=32,mask=0,sinks=1,max_bias=0.000000,logit_softcap=0.000000,prec=f32,type_K=q8_0,type_V=q8_0,permute=[0,1,2,3]): not supported [RD0] 
  FLASH_ATTN_EXT(hsk=64,hsv=64,nh=4,nr23=[1,1],kv=113,nb=32,mask=0,sinks=1,max_bias=0.000000,logit_softcap=0.000000,prec=f32,type_K=q5_1,type_V=q5_1,permute=[0,1,2,3]): not supported [RD0] 
  FLASH_ATTN_EXT(hsk=64,hsv=64,nh=4,nr23=[1,1],kv=113,nb=32,mask=0,sinks=1,max_bias=0.000000,logit_softcap=0.000000,prec=f32,type_K=q5_0,type_V=q5_0,permute=[0,1,2,3]): not supported [RD0] 
  FLASH_ATTN_EXT(hsk=64,hsv=64,nh=4,nr23=[1,1],kv=113,nb=32,mask=0,sinks=1,max_bias=0.000000,logit_softcap=0.000000,prec=f32,type_K=q4_1,type_V=q4_1,permute=[0,1,2,3]): not supported [RD0] 
  FLASH_ATTN_EXT(hsk=64,hsv=64,nh=4,nr23=[1,1],kv=113,nb=32,mask=0,sinks=1,max_bias=0.000000,logit_softcap=0.000000,prec=f32,type_K=q4_0,type_V=q4_0,permute=[0,1,2,3]): not supported [RD0] 
  FLASH_ATTN_EXT(hsk=64,hsv=64,nh=4,nr23=[1,1],kv=113,nb=32,mask=0,sinks=1,max_bias=0.000000,logit_softcap=0.000000,prec=f32,type_K=iq4_nl,type_V=iq4_nl,permute=[0,1,2,3]): not supported [RD0] 
  FLASH_ATTN_EXT(hsk=64,hsv=64,nh=4,nr23=[1,1],kv=113,nb=75,mask=0,sinks=1,max_bias=0.000000,logit_softcap=0.000000,prec=f32,type_K=f32,type_V=f32,permute=[0,1,2,3]): not supported [RD0] 
  FLASH_ATTN_EXT(hsk=64,hsv=64,nh=4,nr23=[1,1],kv=113,nb=75,mask=0,sinks=1,max_bias=0.000000,logit_softcap=0.000000,prec=f32,type_K=f16,type_V=f16,permute=[0,1,2,3]): not supported [RD0] 
  FLASH_ATTN_EXT(hsk=64,hsv=64,nh=4,nr23=[1,1],kv=113,nb=75,mask=0,sinks=1,max_bias=0.000000,logit_softcap=0.000000,prec=f32,type_K=bf16,type_V=bf16,permute=[0,1,2,3]): not supported [RD0] 
  FLASH_ATTN_EXT(hsk=64,hsv=64,nh=4,nr23=[1,1],kv=113,nb=75,mask=0,sinks=1,max_bias=0.000000,logit_softcap=0.000000,prec=f32,type_K=q8_0,type_V=q8_0,permute=[0,1,2,3]): not supported [RD0] 
  FLASH_ATTN_EXT(hsk=64,hsv=64,nh=4,nr23=[1,1],kv=113,nb=75,mask=0,sinks=1,max_bias=0.000000,logit_softcap=0.000000,prec=f32,type_K=q5_1,type_V=q5_1,permute=[0,1,2,3]): not supported [RD0] 
  FLASH_ATTN_EXT(hsk=64,hsv=64,nh=4,nr23=[1,1],kv=113,nb=75,mask=0,sinks=1,max_bias=0.000000,logit_softcap=0.000000,prec=f32,type_K=q5_0,type_V=q5_0,permute=[0,1,2,3]): not supported [RD0] 
  FLASH_ATTN_EXT(hsk=64,hsv=64,nh=4,nr23=[1,1],kv=113,nb=75,mask=0,sinks=1,max_bias=0.000000,logit_softcap=0.000000,prec=f32,type_K=q4_1,type_V=q4_1,permute=[0,1,2,3]): not supported [RD0] 
  FLASH_ATTN_EXT(hsk=64,hsv=64,nh=4,nr23=[1,1],kv=113,nb=75,mask=0,sinks=1,max_bias=0.000000,logit_softcap=0.000000,prec=f32,type_K=q4_0,type_V=q4_0,permute=[0,1,2,3]): not supported [RD0] 
  FLASH_ATTN_EXT(hsk=64,hsv=64,nh=4,nr23=[1,1],kv=113,nb=75,mask=0,sinks=1,max_bias=0.000000,logit_softcap=0.000000,prec=f32,type_K=iq4_nl,type_V=iq4_nl,permute=[0,1,2,3]): not supported [RD0] 
  FLASH_ATTN_EXT(hsk=64,hsv=64,nh=4,nr23=[1,1],kv=512,nb=1,mask=0,sinks=1,max_bias=0.000000,logit_softcap=0.000000,prec=f32,type_K=f32,type_V=f32,permute=[0,1,2,3]): not supported [RD0] 
  FLASH_ATTN_EXT(hsk=64,hsv=64,nh=4,nr23=[1,1],kv=512,nb=1,mask=0,sinks=1,max_bias=0.000000,logit_softcap=0.000000,prec=f32,type_K=f16,type_V=f16,permute=[0,1,2,3]): not supported [RD0] 
  FLASH_ATTN_EXT(hsk=64,hsv=64,nh=4,nr23=[1,1],kv=512,nb=1,mask=0,sinks=1,max_bias=0.000000,logit_softcap=0.000000,prec=f32,type_K=bf16,type_V=bf16,permute=[0,1,2,3]): not supported [RD0] 
  FLASH_ATTN_EXT(hsk=64,hsv=64,nh=4,nr23=[1,1],kv=512,nb=1,mask=0,sinks=1,max_bias=0.000000,logit_softcap=0.000000,prec=f32,type_K=q8_0,type_V=q8_0,permute=[0,1,2,3]): not supported [RD0] 
  FLASH_ATTN_EXT(hsk=64,hsv=64,nh=4,nr23=[1,1],kv=512,nb=1,mask=0,sinks=1,max_bias=0.000000,logit_softcap=0.000000,prec=f32,type_K=q5_1,type_V=q5_1,permute=[0,1,2,3]): not supported [RD0] 
  FLASH_ATTN_EXT(hsk=64,hsv=64,nh=4,nr23=[1,1],kv=512,nb=1,mask=0,sinks=1,max_bias=0.000000,logit_softcap=0.000000,prec=f32,type_K=q5_0,type_V=q5_0,permute=[0,1,2,3]): not supported [RD0] 
  FLASH_ATTN_EXT(hsk=64,hsv=64,nh=4,nr23=[1,1],kv=512,nb=1,mask=0,sinks=1,max_bias=0.000000,logit_softcap=0.000000,prec=f32,type_K=q4_1,type_V=q4_1,permute=[0,1,2,3]): not supported [RD0] 
  FLASH_ATTN_EXT(hsk=64,hsv=64,nh=4,nr23=[1,1],kv=512,nb=1,mask=0,sinks=1,max_bias=0.000000,logit_softcap=0.000000,prec=f32,type_K=q4_0,type_V=q4_0,permute=[0,1,2,3]): not supported [RD0] 
  FLASH_ATTN_EXT(hsk=64,hsv=64,nh=4,nr23=[1,1],kv=512,nb=1,mask=0,sinks=1,max_bias=0.000000,logit_softcap=0.000000,prec=f32,type_K=iq4_nl,type_V=iq4_nl,permute=[0,1,2,3]): not supported [RD0] 
  FLASH_ATTN_EXT(hsk=64,hsv=64,nh=4,nr23=[1,1],kv=512,nb=3,mask=0,sinks=1,max_bias=0.000000,logit_softcap=0.000000,prec=f32,type_K=f32,type_V=f32,permute=[0,1,2,3]): not supported [RD0] 
  FLASH_ATTN_EXT(hsk=64,hsv=64,nh=4,nr23=[1,1],kv=512,nb=3,mask=0,sinks=1,max_bias=0.000000,logit_softcap=0.000000,prec=f32,type_K=f16,type_V=f16,permute=[0,1,2,3]): not supported [RD0] 
  FLASH_ATTN_EXT(hsk=64,hsv=64,nh=4,nr23=[1,1],kv=512,nb=3,mask=0,sinks=1,max_bias=0.000000,logit_softcap=0.000000,prec=f32,type_K=bf16,type_V=bf16,permute=[0,1,2,3]): not supported [RD0] 
  FLASH_ATTN_EXT(hsk=64,hsv=64,nh=4,nr23=[1,1],kv=512,nb=3,mask=0,sinks=1,max_bias=0.000000,logit_softcap=0.000000,prec=f32,type_K=q8_0,type_V=q8_0,permute=[0,1,2,3]): not supported [RD0] 
  FLASH_ATTN_EXT(hsk=64,hsv=64,nh=4,nr23=[1,1],kv=512,nb=3,mask=0,sinks=1,max_bias=0.000000,logit_softcap=0.000000,prec=f32,type_K=q5_1,type_V=q5_1,permute=[0,1,2,3]): not supported [RD0] 
  FLASH_ATTN_EXT(hsk=64,hsv=64,nh=4,nr23=[1,1],kv=512,nb=3,mask=0,sinks=1,max_bias=0.000000,logit_softcap=0.000000,prec=f32,type_K=q5_0,type_V=q5_0,permute=[0,1,2,3]): not supported [RD0] 
  FLASH_ATTN_EXT(hsk=64,hsv=64,nh=4,nr23=[1,1],kv=512,nb=3,mask=0,sinks=1,max_bias=0.000000,logit_softcap=0.000000,prec=f32,type_K=q4_1,type_V=q4_1,permute=[0,1,2,3]): not supported [RD0] 
  FLASH_ATTN_EXT(hsk=64,hsv=64,nh=4,nr23=[1,1],kv=512,nb=3,mask=0,sinks=1,max_bias=0.000000,logit_softcap=0.000000,prec=f32,type_K=q4_0,type_V=q4_0,permute=[0,1,2,3]): not supported [RD0] 
  FLASH_ATTN_EXT(hsk=64,hsv=64,nh=4,nr23=[1,1],kv=512,nb=3,mask=0,sinks=1,max_bias=0.000000,logit_softcap=0.000000,prec=f32,type_K=iq4_nl,type_V=iq4_nl,permute=[0,1,2,3]): not supported [RD0] 
  FLASH_ATTN_EXT(hsk=64,hsv=64,nh=4,nr23=[1,1],kv=512,nb=32,mask=0,sinks=1,max_bias=0.000000,logit_softcap=0.000000,prec=f32,type_K=f32,type_V=f32,permute=[0,1,2,3]): not supported [RD0] 
  FLASH_ATTN_EXT(hsk=64,hsv=64,nh=4,nr23=[1,1],kv=512,nb=32,mask=0,sinks=1,max_bias=0.000000,logit_softcap=0.000000,prec=f32,type_K=f16,type_V=f16,permute=[0,1,2,3]): not supported [RD0] 
  FLASH_ATTN_EXT(hsk=64,hsv=64,nh=4,nr23=[1,1],kv=512,nb=32,mask=0,sinks=1,max_bias=0.000000,logit_softcap=0.000000,prec=f32,type_K=bf16,type_V=bf16,permute=[0,1,2,3]): not supported [RD0] 
  FLASH_ATTN_EXT(hsk=64,hsv=64,nh=4,nr23=[1,1],kv=512,nb=32,mask=0,sinks=1,max_bias=0.000000,logit_softcap=0.000000,prec=f32,type_K=q8_0,type_V=q8_0,permute=[0,1,2,3]): not supported [RD0] 
  FLASH_ATTN_EXT(hsk=64,hsv=64,nh=4,nr23=[1,1],kv=512,nb=32,mask=0,sinks=1,max_bias=0.000000,logit_softcap=0.000000,prec=f32,type_K=q5_1,type_V=q5_1,permute=[0,1,2,3]): not supported [RD0] 
  FLASH_ATTN_EXT(hsk=64,hsv=64,nh=4,nr23=[1,1],kv=512,nb=32,mask=0,sinks=1,max_bias=0.000000,logit_softcap=0.000000,prec=f32,type_K=q5_0,type_V=q5_0,permute=[0,1,2,3]): not supported [RD0] 
  FLASH_ATTN_EXT(hsk=64,hsv=64,nh=4,nr23=[1,1],kv=512,nb=32,mask=0,sinks=1,max_bias=0.000000,logit_softcap=0.000000,prec=f32,type_K=q4_1,type_V=q4_1,permute=[0,1,2,3]): not supported [RD0] 
  FLASH_ATTN_EXT(hsk=64,hsv=64,nh=4,nr23=[1,1],kv=512,nb=32,mask=0,sinks=1,max_bias=0.000000,logit_softcap=0.000000,prec=f32,type_K=q4_0,type_V=q4_0,permute=[0,1,2,3]): not supported [RD0] 
  FLASH_ATTN_EXT(hsk=64,hsv=64,nh=4,nr23=[1,1],kv=512,nb=32,mask=0,sinks=1,max_bias=0.000000,logit_softcap=0.000000,prec=f32,type_K=iq4_nl,type_V=iq4_nl,permute=[0,1,2,3]): not supported [RD0] 
  FLASH_ATTN_EXT(hsk=64,hsv=64,nh=4,nr23=[1,1],kv=512,nb=75,mask=0,sinks=1,max_bias=0.000000,logit_softcap=0.000000,prec=f32,type_K=f32,type_V=f32,permute=[0,1,2,3]): not supported [RD0] 
  FLASH_ATTN_EXT(hsk=64,hsv=64,nh=4,nr23=[1,1],kv=512,nb=75,mask=0,sinks=1,max_bias=0.000000,logit_softcap=0.000000,prec=f32,type_K=f16,type_V=f16,permute=[0,1,2,3]): not supported [RD0] 
  FLASH_ATTN_EXT(hsk=64,hsv=64,nh=4,nr23=[1,1],kv=512,nb=75,mask=0,sinks=1,max_bias=0.000000,logit_softcap=0.000000,prec=f32,type_K=bf16,type_V=bf16,permute=[0,1,2,3]): not supported [RD0] 
  FLASH_ATTN_EXT(hsk=64,hsv=64,nh=4,nr23=[1,1],kv=512,nb=75,mask=0,sinks=1,max_bias=0.000000,logit_softcap=0.000000,prec=f32,type_K=q8_0,type_V=q8_0,permute=[0,1,2,3]): not supported [RD0] 
  FLASH_ATTN_EXT(hsk=64,hsv=64,nh=4,nr23=[1,1],kv=512,nb=75,mask=0,sinks=1,max_bias=0.000000,logit_softcap=0.000000,prec=f32,type_K=q5_1,type_V=q5_1,permute=[0,1,2,3]): not supported [RD0] 
  FLASH_ATTN_EXT(hsk=64,hsv=64,nh=4,nr23=[1,1],kv=512,nb=75,mask=0,sinks=1,max_bias=0.000000,logit_softcap=0.000000,prec=f32,type_K=q5_0,type_V=q5_0,permute=[0,1,2,3]): not supported [RD0] 
  FLASH_ATTN_EXT(hsk=64,hsv=64,nh=4,nr23=[1,1],kv=512,nb=75,mask=0,sinks=1,max_bias=0.000000,logit_softcap=0.000000,prec=f32,type_K=q4_1,type_V=q4_1,permute=[0,1,2,3]): not supported [RD0] 
  FLASH_ATTN_EXT(hsk=64,hsv=64,nh=4,nr23=[1,1],kv=512,nb=75,mask=0,sinks=1,max_bias=0.000000,logit_softcap=0.000000,prec=f32,type_K=q4_0,type_V=q4_0,permute=[0,1,2,3]): not supported [RD0] 
  FLASH_ATTN_EXT(hsk=64,hsv=64,nh=4,nr23=[1,1],kv=512,nb=75,mask=0,sinks=1,max_bias=0.000000,logit_softcap=0.000000,prec=f32,type_K=iq4_nl,type_V=iq4_nl,permute=[0,1,2,3]): not supported [RD0] 
  FLASH_ATTN_EXT(hsk=64,hsv=64,nh=4,nr23=[1,1],kv=1024,nb=1,mask=0,sinks=1,max_bias=0.000000,logit_softcap=0.000000,prec=f32,type_K=f32,type_V=f32,permute=[0,1,2,3]): not supported [RD0] 
  FLASH_ATTN_EXT(hsk=64,hsv=64,nh=4,nr23=[1,1],kv=1024,nb=1,mask=0,sinks=1,max_bias=0.000000,logit_softcap=0.000000,prec=f32,type_K=f16,type_V=f16,permute=[0,1,2,3]): not supported [RD0] 
  FLASH_ATTN_EXT(hsk=64,hsv=64,nh=4,nr23=[1,1],kv=1024,nb=1,mask=0,sinks=1,max_bias=0.000000,logit_softcap=0.000000,prec=f32,type_K=bf16,type_V=bf16,permute=[0,1,2,3]): not supported [RD0] 
  FLASH_ATTN_EXT(hsk=64,hsv=64,nh=4,nr23=[1,1],kv=1024,nb=1,mask=0,sinks=1,max_bias=0.000000,logit_softcap=0.000000,prec=f32,type_K=q8_0,type_V=q8_0,permute=[0,1,2,3]): not supported [RD0] 
  FLASH_ATTN_EXT(hsk=64,hsv=64,nh=4,nr23=[1,1],kv=1024,nb=1,mask=0,sinks=1,max_bias=0.000000,logit_softcap=0.000000,prec=f32,type_K=q5_1,type_V=q5_1,permute=[0,1,2,3]): not supported [RD0] 
  FLASH_ATTN_EXT(hsk=64,hsv=64,nh=4,nr23=[1,1],kv=1024,nb=1,mask=0,sinks=1,max_bias=0.000000,logit_softcap=0.000000,prec=f32,type_K=q5_0,type_V=q5_0,permute=[0,1,2,3]): not supported [RD0] 
  FLASH_ATTN_EXT(hsk=64,hsv=64,nh=4,nr23=[1,1],kv=1024,nb=1,mask=0,sinks=1,max_bias=0.000000,logit_softcap=0.000000,prec=f32,type_K=q4_1,type_V=q4_1,permute=[0,1,2,3]): not supported [RD0] 
  FLASH_ATTN_EXT(hsk=64,hsv=64,nh=4,nr23=[1,1],kv=1024,nb=1,mask=0,sinks=1,max_bias=0.000000,logit_softcap=0.000000,prec=f32,type_K=q4_0,type_V=q4_0,permute=[0,1,2,3]): not supported [RD0] 
  FLASH_ATTN_EXT(hsk=64,hsv=64,nh=4,nr23=[1,1],kv=1024,nb=1,mask=0,sinks=1,max_bias=0.000000,logit_softcap=0.000000,prec=f32,type_K=iq4_nl,type_V=iq4_nl,permute=[0,1,2,3]): not supported [RD0] 
  FLASH_ATTN_EXT(hsk=64,hsv=64,nh=4,nr23=[1,1],kv=1024,nb=3,mask=0,sinks=1,max_bias=0.000000,logit_softcap=0.000000,prec=f32,type_K=f32,type_V=f32,permute=[0,1,2,3]): not supported [RD0] 
  FLASH_ATTN_EXT(hsk=64,hsv=64,nh=4,nr23=[1,1],kv=1024,nb=3,mask=0,sinks=1,max_bias=0.000000,logit_softcap=0.000000,prec=f32,type_K=f16,type_V=f16,permute=[0,1,2,3]): not supported [RD0] 
  FLASH_ATTN_EXT(hsk=64,hsv=64,nh=4,nr23=[1,1],kv=1024,nb=3,mask=0,sinks=1,max_bias=0.000000,logit_softcap=0.000000,prec=f32,type_K=bf16,type_V=bf16,permute=[0,1,2,3]): not supported [RD0] 
  FLASH_ATTN_EXT(hsk=64,hsv=64,nh=4,nr23=[1,1],kv=1024,nb=3,mask=0,sinks=1,max_bias=0.000000,logit_softcap=0.000000,prec=f32,type_K=q8_0,type_V=q8_0,permute=[0,1,2,3]): not supported [RD0] 
  FLASH_ATTN_EXT(hsk=64,hsv=64,nh=4,nr23=[1,1],kv=1024,nb=3,mask=0,sinks=1,max_bias=0.000000,logit_softcap=0.000000,prec=f32,type_K=q5_1,type_V=q5_1,permute=[0,1,2,3]): not supported [RD0] 
  FLASH_ATTN_EXT(hsk=64,hsv=64,nh=4,nr23=[1,1],kv=1024,nb=3,mask=0,sinks=1,max_bias=0.000000,logit_softcap=0.000000,prec=f32,type_K=q5_0,type_V=q5_0,permute=[0,1,2,3]): not supported [RD0] 
  FLASH_ATTN_EXT(hsk=64,hsv=64,nh=4,nr23=[1,1],kv=1024,nb=3,mask=0,sinks=1,max_bias=0.000000,logit_softcap=0.000000,prec=f32,type_K=q4_1,type_V=q4_1,permute=[0,1,2,3]): not supported [RD0] 
  FLASH_ATTN_EXT(hsk=64,hsv=64,nh=4,nr23=[1,1],kv=1024,nb=3,mask=0,sinks=1,max_bias=0.000000,logit_softcap=0.000000,prec=f32,type_K=q4_0,type_V=q4_0,permute=[0,1,2,3]): not supported [RD0] 
  FLASH_ATTN_EXT(hsk=64,hsv=64,nh=4,nr23=[1,1],kv=1024,nb=3,mask=0,sinks=1,max_bias=0.000000,logit_softcap=0.000000,prec=f32,type_K=iq4_nl,type_V=iq4_nl,permute=[0,1,2,3]): not supported [RD0] 
  FLASH_ATTN_EXT(hsk=64,hsv=64,nh=4,nr23=[1,1],kv=1024,nb=32,mask=0,sinks=1,max_bias=0.000000,logit_softcap=0.000000,prec=f32,type_K=f32,type_V=f32,permute=[0,1,2,3]): not supported [RD0] 
  FLASH_ATTN_EXT(hsk=64,hsv=64,nh=4,nr23=[1,1],kv=1024,nb=32,mask=0,sinks=1,max_bias=0.000000,logit_softcap=0.000000,prec=f32,type_K=f16,type_V=f16,permute=[0,1,2,3]): not supported [RD0] 
  FLASH_ATTN_EXT(hsk=64,hsv=64,nh=4,nr23=[1,1],kv=1024,nb=32,mask=0,sinks=1,max_bias=0.000000,logit_softcap=0.000000,prec=f32,type_K=bf16,type_V=bf16,permute=[0,1,2,3]): not supported [RD0] 
  FLASH_ATTN_EXT(hsk=64,hsv=64,nh=4,nr23=[1,1],kv=1024,nb=32,mask=0,sinks=1,max_bias=0.000000,logit_softcap=0.000000,prec=f32,type_K=q8_0,type_V=q8_0,permute=[0,1,2,3]): not supported [RD0] 
  FLASH_ATTN_EXT(hsk=64,hsv=64,nh=4,nr23=[1,1],kv=1024,nb=32,mask=0,sinks=1,max_bias=0.000000,logit_softcap=0.000000,prec=f32,type_K=q5_1,type_V=q5_1,permute=[0,1,2,3]): not supported [RD0] 
  FLASH_ATTN_EXT(hsk=64,hsv=64,nh=4,nr23=[1,1],kv=1024,nb=32,mask=0,sinks=1,max_bias=0.000000,logit_softcap=0.000000,prec=f32,type_K=q5_0,type_V=q5_0,permute=[0,1,2,3]): not supported [RD0] 
  FLASH_ATTN_EXT(hsk=64,hsv=64,nh=4,nr23=[1,1],kv=1024,nb=32,mask=0,sinks=1,max_bias=0.000000,logit_softcap=0.000000,prec=f32,type_K=q4_1,type_V=q4_1,permute=[0,1,2,3]): not supported [RD0] 
  FLASH_ATTN_EXT(hsk=64,hsv=64,nh=4,nr23=[1,1],kv=1024,nb=32,mask=0,sinks=1,max_bias=0.000000,logit_softcap=0.000000,prec=f32,type_K=q4_0,type_V=q4_0,permute=[0,1,2,3]): not supported [RD0] 
  FLASH_ATTN_EXT(hsk=64,hsv=64,nh=4,nr23=[1,1],kv=1024,nb=32,mask=0,sinks=1,max_bias=0.000000,logit_softcap=0.000000,prec=f32,type_K=iq4_nl,type_V=iq4_nl,permute=[0,1,2,3]): not supported [RD0] 
  FLASH_ATTN_EXT(hsk=64,hsv=64,nh=4,nr23=[1,1],kv=1024,nb=75,mask=0,sinks=1,max_bias=0.000000,logit_softcap=0.000000,prec=f32,type_K=f32,type_V=f32,permute=[0,1,2,3]): not supported [RD0] 
  FLASH_ATTN_EXT(hsk=64,hsv=64,nh=4,nr23=[1,1],kv=1024,nb=75,mask=0,sinks=1,max_bias=0.000000,logit_softcap=0.000000,prec=f32,type_K=f16,type_V=f16,permute=[0,1,2,3]): not supported [RD0] 
  FLASH_ATTN_EXT(hsk=64,hsv=64,nh=4,nr23=[1,1],kv=1024,nb=75,mask=0,sinks=1,max_bias=0.000000,logit_softcap=0.000000,prec=f32,type_K=bf16,type_V=bf16,permute=[0,1,2,3]): not supported [RD0] 
  FLASH_ATTN_EXT(hsk=64,hsv=64,nh=4,nr23=[1,1],kv=1024,nb=75,mask=0,sinks=1,max_bias=0.000000,logit_softcap=0.000000,prec=f32,type_K=q8_0,type_V=q8_0,permute=[0,1,2,3]): not supported [RD0] 
  FLASH_ATTN_EXT(hsk=64,hsv=64,nh=4,nr23=[1,1],kv=1024,nb=75,mask=0,sinks=1,max_bias=0.000000,logit_softcap=0.000000,prec=f32,type_K=q5_1,type_V=q5_1,permute=[0,1,2,3]): not supported [RD0] 
  FLASH_ATTN_EXT(hsk=64,hsv=64,nh=4,nr23=[1,1],kv=1024,nb=75,mask=0,sinks=1,max_bias=0.000000,logit_softcap=0.000000,prec=f32,type_K=q5_0,type_V=q5_0,permute=[0,1,2,3]): not supported [RD0] 
  FLASH_ATTN_EXT(hsk=64,hsv=64,nh=4,nr23=[1,1],kv=1024,nb=75,mask=0,sinks=1,max_bias=0.000000,logit_softcap=0.000000,prec=f32,type_K=q4_1,type_V=q4_1,permute=[0,1,2,3]): not supported [RD0] 
  FLASH_ATTN_EXT(hsk=64,hsv=64,nh=4,nr23=[1,1],kv=1024,nb=75,mask=0,sinks=1,max_bias=0.000000,logit_softcap=0.000000,prec=f32,type_K=q4_0,type_V=q4_0,permute=[0,1,2,3]): not supported [RD0] 
  FLASH_ATTN_EXT(hsk=64,hsv=64,nh=4,nr23=[1,1],kv=1024,nb=75,mask=0,sinks=1,max_bias=0.000000,logit_softcap=0.000000,prec=f32,type_K=iq4_nl,type_V=iq4_nl,permute=[0,1,2,3]): not supported [RD0] 
  FLASH_ATTN_EXT(hsk=64,hsv=64,nh=4,nr23=[4,1],kv=512,nb=1,mask=0,sinks=1,max_bias=0.000000,logit_softcap=0.000000,prec=f32,type_K=f32,type_V=f32,permute=[0,1,2,3]): not supported [RD0] 
  FLASH_ATTN_EXT(hsk=64,hsv=64,nh=4,nr23=[4,1],kv=512,nb=1,mask=0,sinks=1,max_bias=0.000000,logit_softcap=0.000000,prec=f32,type_K=f16,type_V=f16,permute=[0,1,2,3]): not supported [RD0] 
  FLASH_ATTN_EXT(hsk=64,hsv=64,nh=4,nr23=[4,1],kv=512,nb=1,mask=0,sinks=1,max_bias=0.000000,logit_softcap=0.000000,prec=f32,type_K=bf16,type_V=bf16,permute=[0,1,2,3]): not supported [RD0] 
  FLASH_ATTN_EXT(hsk=64,hsv=64,nh=4,nr23=[4,1],kv=512,nb=1,mask=0,sinks=1,max_bias=0.000000,logit_softcap=0.000000,prec=f32,type_K=q8_0,type_V=q8_0,permute=[0,1,2,3]): not supported [RD0] 
  FLASH_ATTN_EXT(hsk=64,hsv=64,nh=4,nr23=[4,1],kv=512,nb=1,mask=0,sinks=1,max_bias=0.000000,logit_softcap=0.000000,prec=f32,type_K=q5_1,type_V=q5_1,permute=[0,1,2,3]): not supported [RD0] 
  FLASH_ATTN_EXT(hsk=64,hsv=64,nh=4,nr23=[4,1],kv=512,nb=1,mask=0,sinks=1,max_bias=0.000000,logit_softcap=0.000000,prec=f32,type_K=q5_0,type_V=q5_0,permute=[0,1,2,3]): not supported [RD0] 
  FLASH_ATTN_EXT(hsk=64,hsv=64,nh=4,nr23=[4,1],kv=512,nb=1,mask=0,sinks=1,max_bias=0.000000,logit_softcap=0.000000,prec=f32,type_K=q4_1,type_V=q4_1,permute=[0,1,2,3]): not supported [RD0] 
  FLASH_ATTN_EXT(hsk=64,hsv=64,nh=4,nr23=[4,1],kv=512,nb=1,mask=0,sinks=1,max_bias=0.000000,logit_softcap=0.000000,prec=f32,type_K=q4_0,type_V=q4_0,permute=[0,1,2,3]): not supported [RD0] 
  FLASH_ATTN_EXT(hsk=64,hsv=64,nh=4,nr23=[4,1],kv=512,nb=1,mask=0,sinks=1,max_bias=0.000000,logit_softcap=0.000000,prec=f32,type_K=iq4_nl,type_V=iq4_nl,permute=[0,1,2,3]): not supported [RD0] 
  FLASH_ATTN_EXT(hsk=64,hsv=64,nh=4,nr23=[4,1],kv=512,nb=3,mask=0,sinks=1,max_bias=0.000000,logit_softcap=0.000000,prec=f32,type_K=f32,type_V=f32,permute=[0,1,2,3]): not supported [RD0] 
  FLASH_ATTN_EXT(hsk=64,hsv=64,nh=4,nr23=[4,1],kv=512,nb=3,mask=0,sinks=1,max_bias=0.000000,logit_softcap=0.000000,prec=f32,type_K=f16,type_V=f16,permute=[0,1,2,3]): not supported [RD0] 
  FLASH_ATTN_EXT(hsk=64,hsv=64,nh=4,nr23=[4,1],kv=512,nb=3,mask=0,sinks=1,max_bias=0.000000,logit_softcap=0.000000,prec=f32,type_K=bf16,type_V=bf16,permute=[0,1,2,3]): not supported [RD0] 
  FLASH_ATTN_EXT(hsk=64,hsv=64,nh=4,nr23=[4,1],kv=512,nb=3,mask=0,sinks=1,max_bias=0.000000,logit_softcap=0.000000,prec=f32,type_K=q8_0,type_V=q8_0,permute=[0,1,2,3]): not supported [RD0] 
  FLASH_ATTN_EXT(hsk=64,hsv=64,nh=4,nr23=[4,1],kv=512,nb=3,mask=0,sinks=1,max_bias=0.000000,logit_softcap=0.000000,prec=f32,type_K=q5_1,type_V=q5_1,permute=[0,1,2,3]): not supported [RD0] 
  FLASH_ATTN_EXT(hsk=64,hsv=64,nh=4,nr23=[4,1],kv=512,nb=3,mask=0,sinks=1,max_bias=0.000000,logit_softcap=0.000000,prec=f32,type_K=q5_0,type_V=q5_0,permute=[0,1,2,3]): not supported [RD0] 
  FLASH_ATTN_EXT(hsk=64,hsv=64,nh=4,nr23=[4,1],kv=512,nb=3,mask=0,sinks=1,max_bias=0.000000,logit_softcap=0.000000,prec=f32,type_K=q4_1,type_V=q4_1,permute=[0,1,2,3]): not supported [RD0] 
  FLASH_ATTN_EXT(hsk=64,hsv=64,nh=4,nr23=[4,1],kv=512,nb=3,mask=0,sinks=1,max_bias=0.000000,logit_softcap=0.000000,prec=f32,type_K=q4_0,type_V=q4_0,permute=[0,1,2,3]): not supported [RD0] 
  FLASH_ATTN_EXT(hsk=64,hsv=64,nh=4,nr23=[4,1],kv=512,nb=3,mask=0,sinks=1,max_bias=0.000000,logit_softcap=0.000000,prec=f32,type_K=iq4_nl,type_V=iq4_nl,permute=[0,1,2,3]): not supported [RD0] 
  FLASH_ATTN_EXT(hsk=64,hsv=64,nh=4,nr23=[4,1],kv=512,nb=32,mask=0,sinks=1,max_bias=0.000000,logit_softcap=0.000000,prec=f32,type_K=f32,type_V=f32,permute=[0,1,2,3]): not supported [RD0] 
  FLASH_ATTN_EXT(hsk=64,hsv=64,nh=4,nr23=[4,1],kv=512,nb=32,mask=0,sinks=1,max_bias=0.000000,logit_softcap=0.000000,prec=f32,type_K=f16,type_V=f16,permute=[0,1,2,3]): not supported [RD0] 
  FLASH_ATTN_EXT(hsk=64,hsv=64,nh=4,nr23=[4,1],kv=512,nb=32,mask=0,sinks=1,max_bias=0.000000,logit_softcap=0.000000,prec=f32,type_K=bf16,type_V=bf16,permute=[0,1,2,3]): not supported [RD0] 
  FLASH_ATTN_EXT(hsk=64,hsv=64,nh=4,nr23=[4,1],kv=512,nb=32,mask=0,sinks=1,max_bias=0.000000,logit_softcap=0.000000,prec=f32,type_K=q8_0,type_V=q8_0,permute=[0,1,2,3]): not supported [RD0] 
  FLASH_ATTN_EXT(hsk=64,hsv=64,nh=4,nr23=[4,1],kv=512,nb=32,mask=0,sinks=1,max_bias=0.000000,logit_softcap=0.000000,prec=f32,type_K=q5_1,type_V=q5_1,permute=[0,1,2,3]): not supported [RD0] 
  FLASH_ATTN_EXT(hsk=64,hsv=64,nh=4,nr23=[4,1],kv=512,nb=32,mask=0,sinks=1,max_bias=0.000000,logit_softcap=0.000000,prec=f32,type_K=q5_0,type_V=q5_0,permute=[0,1,2,3]): not supported [RD0] 
  FLASH_ATTN_EXT(hsk=64,hsv=64,nh=4,nr23=[4,1],kv=512,nb=32,mask=0,sinks=1,max_bias=0.000000,logit_softcap=0.000000,prec=f32,type_K=q4_1,type_V=q4_1,permute=[0,1,2,3]): not supported [RD0] 
  FLASH_ATTN_EXT(hsk=64,hsv=64,nh=4,nr23=[4,1],kv=512,nb=32,mask=0,sinks=1,max_bias=0.000000,logit_softcap=0.000000,prec=f32,type_K=q4_0,type_V=q4_0,permute=[0,1,2,3]): not supported [RD0] 
  FLASH_ATTN_EXT(hsk=64,hsv=64,nh=4,nr23=[4,1],kv=512,nb=32,mask=0,sinks=1,max_bias=0.000000,logit_softcap=0.000000,prec=f32,type_K=iq4_nl,type_V=iq4_nl,permute=[0,1,2,3]): not supported [RD0] 
  FLASH_ATTN_EXT(hsk=64,hsv=64,nh=4,nr23=[4,1],kv=512,nb=75,mask=0,sinks=1,max_bias=0.000000,logit_softcap=0.000000,prec=f32,type_K=f32,type_V=f32,permute=[0,1,2,3]): not supported [RD0] 
  FLASH_ATTN_EXT(hsk=64,hsv=64,nh=4,nr23=[4,1],kv=512,nb=75,mask=0,sinks=1,max_bias=0.000000,logit_softcap=0.000000,prec=f32,type_K=f16,type_V=f16,permute=[0,1,2,3]): not supported [RD0] 
  FLASH_ATTN_EXT(hsk=64,hsv=64,nh=4,nr23=[4,1],kv=512,nb=75,mask=0,sinks=1,max_bias=0.000000,logit_softcap=0.000000,prec=f32,type_K=bf16,type_V=bf16,permute=[0,1,2,3]): not supported [RD0] 
  FLASH_ATTN_EXT(hsk=64,hsv=64,nh=4,nr23=[4,1],kv=512,nb=75,mask=0,sinks=1,max_bias=0.000000,logit_softcap=0.000000,prec=f32,type_K=q8_0,type_V=q8_0,permute=[0,1,2,3]): not supported [RD0] 
  FLASH_ATTN_EXT(hsk=64,hsv=64,nh=4,nr23=[4,1],kv=512,nb=75,mask=0,sinks=1,max_bias=0.000000,logit_softcap=0.000000,prec=f32,type_K=q5_1,type_V=q5_1,permute=[0,1,2,3]): not supported [RD0] 
  FLASH_ATTN_EXT(hsk=64,hsv=64,nh=4,nr23=[4,1],kv=512,nb=75,mask=0,sinks=1,max_bias=0.000000,logit_softcap=0.000000,prec=f32,type_K=q5_0,type_V=q5_0,permute=[0,1,2,3]): not supported [RD0] 
  FLASH_ATTN_EXT(hsk=64,hsv=64,nh=4,nr23=[4,1],kv=512,nb=75,mask=0,sinks=1,max_bias=0.000000,logit_softcap=0.000000,prec=f32,type_K=q4_1,type_V=q4_1,permute=[0,1,2,3]): not supported [RD0] 
  FLASH_ATTN_EXT(hsk=64,hsv=64,nh=4,nr23=[4,1],kv=512,nb=75,mask=0,sinks=1,max_bias=0.000000,logit_softcap=0.000000,prec=f32,type_K=q4_0,type_V=q4_0,permute=[0,1,2,3]): not supported [RD0] 
  FLASH_ATTN_EXT(hsk=64,hsv=64,nh=4,nr23=[4,1],kv=512,nb=75,mask=0,sinks=1,max_bias=0.000000,logit_softcap=0.000000,prec=f32,type_K=iq4_nl,type_V=iq4_nl,permute=[0,1,2,3]): not supported [RD0] 
  FLASH_ATTN_EXT(hsk=64,hsv=64,nh=4,nr23=[1,3],kv=113,nb=1,mask=0,sinks=1,max_bias=0.000000,logit_softcap=0.000000,prec=f32,type_K=f32,type_V=f32,permute=[0,1,2,3]): not supported [RD0] 
  FLASH_ATTN_EXT(hsk=64,hsv=64,nh=4,nr23=[1,3],kv=113,nb=1,mask=0,sinks=1,max_bias=0.000000,logit_softcap=0.000000,prec=f32,type_K=f16,type_V=f16,permute=[0,1,2,3]): not supported [RD0] 
  FLASH_ATTN_EXT(hsk=64,hsv=64,nh=4,nr23=[1,3],kv=113,nb=1,mask=0,sinks=1,max_bias=0.000000,logit_softcap=0.000000,prec=f32,type_K=bf16,type_V=bf16,permute=[0,1,2,3]): not supported [RD0] 
  FLASH_ATTN_EXT(hsk=64,hsv=64,nh=4,nr23=[1,3],kv=113,nb=1,mask=0,sinks=1,max_bias=0.000000,logit_softcap=0.000000,prec=f32,type_K=q8_0,type_V=q8_0,permute=[0,1,2,3]): not supported [RD0] 
  FLASH_ATTN_EXT(hsk=64,hsv=64,nh=4,nr23=[1,3],kv=113,nb=1,mask=0,sinks=1,max_bias=0.000000,logit_softcap=0.000000,prec=f32,type_K=q5_1,type_V=q5_1,permute=[0,1,2,3]): not supported [RD0] 
  FLASH_ATTN_EXT(hsk=64,hsv=64,nh=4,nr23=[1,3],kv=113,nb=1,mask=0,sinks=1,max_bias=0.000000,logit_softcap=0.000000,prec=f32,type_K=q5_0,type_V=q5_0,permute=[0,1,2,3]): not supported [RD0] 
  FLASH_ATTN_EXT(hsk=64,hsv=64,nh=4,nr23=[1,3],kv=113,nb=1,mask=0,sinks=1,max_bias=0.000000,logit_softcap=0.000000,prec=f32,type_K=q4_1,type_V=q4_1,permute=[0,1,2,3]): not supported [RD0] 
  FLASH_ATTN_EXT(hsk=64,hsv=64,nh=4,nr23=[1,3],kv=113,nb=1,mask=0,sinks=1,max_bias=0.000000,logit_softcap=0.000000,prec=f32,type_K=q4_0,type_V=q4_0,permute=[0,1,2,3]): not supported [RD0] 
  FLASH_ATTN_EXT(hsk=64,hsv=64,nh=4,nr23=[1,3],kv=113,nb=1,mask=0,sinks=1,max_bias=0.000000,logit_softcap=0.000000,prec=f32,type_K=iq4_nl,type_V=iq4_nl,permute=[0,1,2,3]): not supported [RD0] 
  FLASH_ATTN_EXT(hsk=64,hsv=64,nh=4,nr23=[1,3],kv=113,nb=3,mask=0,sinks=1,max_bias=0.000000,logit_softcap=0.000000,prec=f32,type_K=f32,type_V=f32,permute=[0,1,2,3]): not supported [RD0] 
  FLASH_ATTN_EXT(hsk=64,hsv=64,nh=4,nr23=[1,3],kv=113,nb=3,mask=0,sinks=1,max_bias=0.000000,logit_softcap=0.000000,prec=f32,type_K=f16,type_V=f16,permute=[0,1,2,3]): not supported [RD0] 
  FLASH_ATTN_EXT(hsk=64,hsv=64,nh=4,nr23=[1,3],kv=113,nb=3,mask=0,sinks=1,max_bias=0.000000,logit_softcap=0.000000,prec=f32,type_K=bf16,type_V=bf16,permute=[0,1,2,3]): not supported [RD0] 
  FLASH_ATTN_EXT(hsk=64,hsv=64,nh=4,nr23=[1,3],kv=113,nb=3,mask=0,sinks=1,max_bias=0.000000,logit_softcap=0.000000,prec=f32,type_K=q8_0,type_V=q8_0,permute=[0,1,2,3]): not supported [RD0] 
  FLASH_ATTN_EXT(hsk=64,hsv=64,nh=4,nr23=[1,3],kv=113,nb=3,mask=0,sinks=1,max_bias=0.000000,logit_softcap=0.000000,prec=f32,type_K=q5_1,type_V=q5_1,permute=[0,1,2,3]): not supported [RD0] 
  FLASH_ATTN_EXT(hsk=64,hsv=64,nh=4,nr23=[1,3],kv=113,nb=3,mask=0,sinks=1,max_bias=0.000000,logit_softcap=0.000000,prec=f32,type_K=q5_0,type_V=q5_0,permute=[0,1,2,3]): not supported [RD0] 
  FLASH_ATTN_EXT(hsk=64,hsv=64,nh=4,nr23=[1,3],kv=113,nb=3,mask=0,sinks=1,max_bias=0.000000,logit_softcap=0.000000,prec=f32,type_K=q4_1,type_V=q4_1,permute=[0,1,2,3]): not supported [RD0] 
  FLASH_ATTN_EXT(hsk=64,hsv=64,nh=4,nr23=[1,3],kv=113,nb=3,mask=0,sinks=1,max_bias=0.000000,logit_softcap=0.000000,prec=f32,type_K=q4_0,type_V=q4_0,permute=[0,1,2,3]): not supported [RD0] 
  FLASH_ATTN_EXT(hsk=64,hsv=64,nh=4,nr23=[1,3],kv=113,nb=3,mask=0,sinks=1,max_bias=0.000000,logit_softcap=0.000000,prec=f32,type_K=iq4_nl,type_V=iq4_nl,permute=[0,1,2,3]): not supported [RD0] 
  FLASH_ATTN_EXT(hsk=64,hsv=64,nh=4,nr23=[1,3],kv=113,nb=32,mask=0,sinks=1,max_bias=0.000000,logit_softcap=0.000000,prec=f32,type_K=f32,type_V=f32,permute=[0,1,2,3]): not supported [RD0] 
  FLASH_ATTN_EXT(hsk=64,hsv=64,nh=4,nr23=[1,3],kv=113,nb=32,mask=0,sinks=1,max_bias=0.000000,logit_softcap=0.000000,prec=f32,type_K=f16,type_V=f16,permute=[0,1,2,3]): not supported [RD0] 
  FLASH_ATTN_EXT(hsk=64,hsv=64,nh=4,nr23=[1,3],kv=113,nb=32,mask=0,sinks=1,max_bias=0.000000,logit_softcap=0.000000,prec=f32,type_K=bf16,type_V=bf16,permute=[0,1,2,3]): not supported [RD0] 
  FLASH_ATTN_EXT(hsk=64,hsv=64,nh=4,nr23=[1,3],kv=113,nb=32,mask=0,sinks=1,max_bias=0.000000,logit_softcap=0.000000,prec=f32,type_K=q8_0,type_V=q8_0,permute=[0,1,2,3]): not supported [RD0] 
  FLASH_ATTN_EXT(hsk=64,hsv=64,nh=4,nr23=[1,3],kv=113,nb=32,mask=0,sinks=1,max_bias=0.000000,logit_softcap=0.000000,prec=f32,type_K=q5_1,type_V=q5_1,permute=[0,1,2,3]): not supported [RD0] 
  FLASH_ATTN_EXT(hsk=64,hsv=64,nh=4,nr23=[1,3],kv=113,nb=32,mask=0,sinks=1,max_bias=0.000000,logit_softcap=0.000000,prec=f32,type_K=q5_0,type_V=q5_0,permute=[0,1,2,3]): not supported [RD0] 
  FLASH_ATTN_EXT(hsk=64,hsv=64,nh=4,nr23=[1,3],kv=113,nb=32,mask=0,sinks=1,max_bias=0.000000,logit_softcap=0.000000,prec=f32,type_K=q4_1,type_V=q4_1,permute=[0,1,2,3]): not supported [RD0] 
  FLASH_ATTN_EXT(hsk=64,hsv=64,nh=4,nr23=[1,3],kv=113,nb=32,mask=0,sinks=1,max_bias=0.000000,logit_softcap=0.000000,prec=f32,type_K=q4_0,type_V=q4_0,permute=[0,1,2,3]): not supported [RD0] 
  FLASH_ATTN_EXT(hsk=64,hsv=64,nh=4,nr23=[1,3],kv=113,nb=32,mask=0,sinks=1,max_bias=0.000000,logit_softcap=0.000000,prec=f32,type_K=iq4_nl,type_V=iq4_nl,permute=[0,1,2,3]): not supported [RD0] 
  FLASH_ATTN_EXT(hsk=64,hsv=64,nh=4,nr23=[1,3],kv=113,nb=75,mask=0,sinks=1,max_bias=0.000000,logit_softcap=0.000000,prec=f32,type_K=f32,type_V=f32,permute=[0,1,2,3]): not supported [RD0] 
  FLASH_ATTN_EXT(hsk=64,hsv=64,nh=4,nr23=[1,3],kv=113,nb=75,mask=0,sinks=1,max_bias=0.000000,logit_softcap=0.000000,prec=f32,type_K=f16,type_V=f16,permute=[0,1,2,3]): not supported [RD0] 
  FLASH_ATTN_EXT(hsk=64,hsv=64,nh=4,nr23=[1,3],kv=113,nb=75,mask=0,sinks=1,max_bias=0.000000,logit_softcap=0.000000,prec=f32,type_K=bf16,type_V=bf16,permute=[0,1,2,3]): not supported [RD0] 
  FLASH_ATTN_EXT(hsk=64,hsv=64,nh=4,nr23=[1,3],kv=113,nb=75,mask=0,sinks=1,max_bias=0.000000,logit_softcap=0.000000,prec=f32,type_K=q8_0,type_V=q8_0,permute=[0,1,2,3]): not supported [RD0] 
  FLASH_ATTN_EXT(hsk=64,hsv=64,nh=4,nr23=[1,3],kv=113,nb=75,mask=0,sinks=1,max_bias=0.000000,logit_softcap=0.000000,prec=f32,type_K=q5_1,type_V=q5_1,permute=[0,1,2,3]): not supported [RD0] 
  FLASH_ATTN_EXT(hsk=64,hsv=64,nh=4,nr23=[1,3],kv=113,nb=75,mask=0,sinks=1,max_bias=0.000000,logit_softcap=0.000000,prec=f32,type_K=q5_0,type_V=q5_0,permute=[0,1,2,3]): not supported [RD0] 
  FLASH_ATTN_EXT(hsk=64,hsv=64,nh=4,nr23=[1,3],kv=113,nb=75,mask=0,sinks=1,max_bias=0.000000,logit_softcap=0.000000,prec=f32,type_K=q4_1,type_V=q4_1,permute=[0,1,2,3]): not supported [RD0] 
  FLASH_ATTN_EXT(hsk=64,hsv=64,nh=4,nr23=[1,3],kv=113,nb=75,mask=0,sinks=1,max_bias=0.000000,logit_softcap=0.000000,prec=f32,type_K=q4_0,type_V=q4_0,permute=[0,1,2,3]): not supported [RD0] 
  FLASH_ATTN_EXT(hsk=64,hsv=64,nh=4,nr23=[1,3],kv=113,nb=75,mask=0,sinks=1,max_bias=0.000000,logit_softcap=0.000000,prec=f32,type_K=iq4_nl,type_V=iq4_nl,permute=[0,1,2,3]): not supported [RD0] 
  FLASH_ATTN_EXT(hsk=64,hsv=64,nh=4,nr23=[1,3],kv=512,nb=1,mask=0,sinks=1,max_bias=0.000000,logit_softcap=0.000000,prec=f32,type_K=f32,type_V=f32,permute=[0,1,2,3]): not supported [RD0] 
  FLASH_ATTN_EXT(hsk=64,hsv=64,nh=4,nr23=[1,3],kv=512,nb=1,mask=0,sinks=1,max_bias=0.000000,logit_softcap=0.000000,prec=f32,type_K=f16,type_V=f16,permute=[0,1,2,3]): not supported [RD0] 
  FLASH_ATTN_EXT(hsk=64,hsv=64,nh=4,nr23=[1,3],kv=512,nb=1,mask=0,sinks=1,max_bias=0.000000,logit_softcap=0.000000,prec=f32,type_K=bf16,type_V=bf16,permute=[0,1,2,3]): not supported [RD0] 
  FLASH_ATTN_EXT(hsk=64,hsv=64,nh=4,nr23=[1,3],kv=512,nb=1,mask=0,sinks=1,max_bias=0.000000,logit_softcap=0.000000,prec=f32,type_K=q8_0,type_V=q8_0,permute=[0,1,2,3]): not supported [RD0] 
  FLASH_ATTN_EXT(hsk=64,hsv=64,nh=4,nr23=[1,3],kv=512,nb=1,mask=0,sinks=1,max_bias=0.000000,logit_softcap=0.000000,prec=f32,type_K=q5_1,type_V=q5_1,permute=[0,1,2,3]): not supported [RD0] 
  FLASH_ATTN_EXT(hsk=64,hsv=64,nh=4,nr23=[1,3],kv=512,nb=1,mask=0,sinks=1,max_bias=0.000000,logit_softcap=0.000000,prec=f32,type_K=q5_0,type_V=q5_0,permute=[0,1,2,3]): not supported [RD0] 
  FLASH_ATTN_EXT(hsk=64,hsv=64,nh=4,nr23=[1,3],kv=512,nb=1,mask=0,sinks=1,max_bias=0.000000,logit_softcap=0.000000,prec=f32,type_K=q4_1,type_V=q4_1,permute=[0,1,2,3]): not supported [RD0] 
  FLASH_ATTN_EXT(hsk=64,hsv=64,nh=4,nr23=[1,3],kv=512,nb=1,mask=0,sinks=1,max_bias=0.000000,logit_softcap=0.000000,prec=f32,type_K=q4_0,type_V=q4_0,permute=[0,1,2,3]): not supported [RD0] 
  FLASH_ATTN_EXT(hsk=64,hsv=64,nh=4,nr23=[1,3],kv=512,nb=1,mask=0,sinks=1,max_bias=0.000000,logit_softcap=0.000000,prec=f32,type_K=iq4_nl,type_V=iq4_nl,permute=[0,1,2,3]): not supported [RD0] 
  FLASH_ATTN_EXT(hsk=64,hsv=64,nh=4,nr23=[1,3],kv=512,nb=3,mask=0,sinks=1,max_bias=0.000000,logit_softcap=0.000000,prec=f32,type_K=f32,type_V=f32,permute=[0,1,2,3]): not supported [RD0] 
  FLASH_ATTN_EXT(hsk=64,hsv=64,nh=4,nr23=[1,3],kv=512,nb=3,mask=0,sinks=1,max_bias=0.000000,logit_softcap=0.000000,prec=f32,type_K=f16,type_V=f16,permute=[0,1,2,3]): not supported [RD0] 
  FLASH_ATTN_EXT(hsk=64,hsv=64,nh=4,nr23=[1,3],kv=512,nb=3,mask=0,sinks=1,max_bias=0.000000,logit_softcap=0.000000,prec=f32,type_K=bf16,type_V=bf16,permute=[0,1,2,3]): not supported [RD0] 
  FLASH_ATTN_EXT(hsk=64,hsv=64,nh=4,nr23=[1,3],kv=512,nb=3,mask=0,sinks=1,max_bias=0.000000,logit_softcap=0.000000,prec=f32,type_K=q8_0,type_V=q8_0,permute=[0,1,2,3]): not supported [RD0] 
  FLASH_ATTN_EXT(hsk=64,hsv=64,nh=4,nr23=[1,3],kv=512,nb=3,mask=0,sinks=1,max_bias=0.000000,logit_softcap=0.000000,prec=f32,type_K=q5_1,type_V=q5_1,permute=[0,1,2,3]): not supported [RD0] 
  FLASH_ATTN_EXT(hsk=64,hsv=64,nh=4,nr23=[1,3],kv=512,nb=3,mask=0,sinks=1,max_bias=0.000000,logit_softcap=0.000000,prec=f32,type_K=q5_0,type_V=q5_0,permute=[0,1,2,3]): not supported [RD0] 
  FLASH_ATTN_EXT(hsk=64,hsv=64,nh=4,nr23=[1,3],kv=512,nb=3,mask=0,sinks=1,max_bias=0.000000,logit_softcap=0.000000,prec=f32,type_K=q4_1,type_V=q4_1,permute=[0,1,2,3]): not supported [RD0] 
  FLASH_ATTN_EXT(hsk=64,hsv=64,nh=4,nr23=[1,3],kv=512,nb=3,mask=0,sinks=1,max_bias=0.000000,logit_softcap=0.000000,prec=f32,type_K=q4_0,type_V=q4_0,permute=[0,1,2,3]): not supported [RD0] 
  FLASH_ATTN_EXT(hsk=64,hsv=64,nh=4,nr23=[1,3],kv=512,nb=3,mask=0,sinks=1,max_bias=0.000000,logit_softcap=0.000000,prec=f32,type_K=iq4_nl,type_V=iq4_nl,permute=[0,1,2,3]): not supported [RD0] 
  FLASH_ATTN_EXT(hsk=64,hsv=64,nh=4,nr23=[1,3],kv=512,nb=32,mask=0,sinks=1,max_bias=0.000000,logit_softcap=0.000000,prec=f32,type_K=f32,type_V=f32,permute=[0,1,2,3]): not supported [RD0] 
  FLASH_ATTN_EXT(hsk=64,hsv=64,nh=4,nr23=[1,3],kv=512,nb=32,mask=0,sinks=1,max_bias=0.000000,logit_softcap=0.000000,prec=f32,type_K=f16,type_V=f16,permute=[0,1,2,3]): not supported [RD0] 
  FLASH_ATTN_EXT(hsk=64,hsv=64,nh=4,nr23=[1,3],kv=512,nb=32,mask=0,sinks=1,max_bias=0.000000,logit_softcap=0.000000,prec=f32,type_K=bf16,type_V=bf16,permute=[0,1,2,3]): not supported [RD0] 
  FLASH_ATTN_EXT(hsk=64,hsv=64,nh=4,nr23=[1,3],kv=512,nb=32,mask=0,sinks=1,max_bias=0.000000,logit_softcap=0.000000,prec=f32,type_K=q8_0,type_V=q8_0,permute=[0,1,2,3]): not supported [RD0] 
  FLASH_ATTN_EXT(hsk=64,hsv=64,nh=4,nr23=[1,3],kv=512,nb=32,mask=0,sinks=1,max_bias=0.000000,logit_softcap=0.000000,prec=f32,type_K=q5_1,type_V=q5_1,permute=[0,1,2,3]): not supported [RD0] 
  FLASH_ATTN_EXT(hsk=64,hsv=64,nh=4,nr23=[1,3],kv=512,nb=32,mask=0,sinks=1,max_bias=0.000000,logit_softcap=0.000000,prec=f32,type_K=q5_0,type_V=q5_0,permute=[0,1,2,3]): not supported [RD0] 
  FLASH_ATTN_EXT(hsk=64,hsv=64,nh=4,nr23=[1,3],kv=512,nb=32,mask=0,sinks=1,max_bias=0.000000,logit_softcap=0.000000,prec=f32,type_K=q4_1,type_V=q4_1,permute=[0,1,2,3]): not supported [RD0] 
  FLASH_ATTN_EXT(hsk=64,hsv=64,nh=4,nr23=[1,3],kv=512,nb=32,mask=0,sinks=1,max_bias=0.000000,logit_softcap=0.000000,prec=f32,type_K=q4_0,type_V=q4_0,permute=[0,1,2,3]): not supported [RD0] 
  FLASH_ATTN_EXT(hsk=64,hsv=64,nh=4,nr23=[1,3],kv=512,nb=32,mask=0,sinks=1,max_bias=0.000000,logit_softcap=0.000000,prec=f32,type_K=iq4_nl,type_V=iq4_nl,permute=[0,1,2,3]): not supported [RD0] 
  FLASH_ATTN_EXT(hsk=64,hsv=64,nh=4,nr23=[1,3],kv=512,nb=75,mask=0,sinks=1,max_bias=0.000000,logit_softcap=0.000000,prec=f32,type_K=f32,type_V=f32,permute=[0,1,2,3]): not supported [RD0] 
  FLASH_ATTN_EXT(hsk=64,hsv=64,nh=4,nr23=[1,3],kv=512,nb=75,mask=0,sinks=1,max_bias=0.000000,logit_softcap=0.000000,prec=f32,type_K=f16,type_V=f16,permute=[0,1,2,3]): not supported [RD0] 
  FLASH_ATTN_EXT(hsk=64,hsv=64,nh=4,nr23=[1,3],kv=512,nb=75,mask=0,sinks=1,max_bias=0.000000,logit_softcap=0.000000,prec=f32,type_K=bf16,type_V=bf16,permute=[0,1,2,3]): not supported [RD0] 
  FLASH_ATTN_EXT(hsk=64,hsv=64,nh=4,nr23=[1,3],kv=512,nb=75,mask=0,sinks=1,max_bias=0.000000,logit_softcap=0.000000,prec=f32,type_K=q8_0,type_V=q8_0,permute=[0,1,2,3]): not supported [RD0] 
  FLASH_ATTN_EXT(hsk=64,hsv=64,nh=4,nr23=[1,3],kv=512,nb=75,mask=0,sinks=1,max_bias=0.000000,logit_softcap=0.000000,prec=f32,type_K=q5_1,type_V=q5_1,permute=[0,1,2,3]): not supported [RD0] 
  FLASH_ATTN_EXT(hsk=64,hsv=64,nh=4,nr23=[1,3],kv=512,nb=75,mask=0,sinks=1,max_bias=0.000000,logit_softcap=0.000000,prec=f32,type_K=q5_0,type_V=q5_0,permute=[0,1,2,3]): not supported [RD0] 
  FLASH_ATTN_EXT(hsk=64,hsv=64,nh=4,nr23=[1,3],kv=512,nb=75,mask=0,sinks=1,max_bias=0.000000,logit_softcap=0.000000,prec=f32,type_K=q4_1,type_V=q4_1,permute=[0,1,2,3]): not supported [RD0] 
  FLASH_ATTN_EXT(hsk=64,hsv=64,nh=4,nr23=[1,3],kv=512,nb=75,mask=0,sinks=1,max_bias=0.000000,logit_softcap=0.000000,prec=f32,type_K=q4_0,type_V=q4_0,permute=[0,1,2,3]): not supported [RD0] 
  FLASH_ATTN_EXT(hsk=64,hsv=64,nh=4,nr23=[1,3],kv=512,nb=75,mask=0,sinks=1,max_bias=0.000000,logit_softcap=0.000000,prec=f32,type_K=iq4_nl,type_V=iq4_nl,permute=[0,1,2,3]): not supported [RD0] 
  FLASH_ATTN_EXT(hsk=64,hsv=64,nh=4,nr23=[1,3],kv=1024,nb=1,mask=0,sinks=1,max_bias=0.000000,logit_softcap=0.000000,prec=f32,type_K=f32,type_V=f32,permute=[0,1,2,3]): not supported [RD0] 
  FLASH_ATTN_EXT(hsk=64,hsv=64,nh=4,nr23=[1,3],kv=1024,nb=1,mask=0,sinks=1,max_bias=0.000000,logit_softcap=0.000000,prec=f32,type_K=f16,type_V=f16,permute=[0,1,2,3]): not supported [RD0] 
  FLASH_ATTN_EXT(hsk=64,hsv=64,nh=4,nr23=[1,3],kv=1024,nb=1,mask=0,sinks=1,max_bias=0.000000,logit_softcap=0.000000,prec=f32,type_K=bf16,type_V=bf16,permute=[0,1,2,3]): not supported [RD0] 
  FLASH_ATTN_EXT(hsk=64,hsv=64,nh=4,nr23=[1,3],kv=1024,nb=1,mask=0,sinks=1,max_bias=0.000000,logit_softcap=0.000000,prec=f32,type_K=q8_0,type_V=q8_0,permute=[0,1,2,3]): not supported [RD0] 
  FLASH_ATTN_EXT(hsk=64,hsv=64,nh=4,nr23=[1,3],kv=1024,nb=1,mask=0,sinks=1,max_bias=0.000000,logit_softcap=0.000000,prec=f32,type_K=q5_1,type_V=q5_1,permute=[0,1,2,3]): not supported [RD0] 
  FLASH_ATTN_EXT(hsk=64,hsv=64,nh=4,nr23=[1,3],kv=1024,nb=1,mask=0,sinks=1,max_bias=0.000000,logit_softcap=0.000000,prec=f32,type_K=q5_0,type_V=q5_0,permute=[0,1,2,3]): not supported [RD0] 
  FLASH_ATTN_EXT(hsk=64,hsv=64,nh=4,nr23=[1,3],kv=1024,nb=1,mask=0,sinks=1,max_bias=0.000000,logit_softcap=0.000000,prec=f32,type_K=q4_1,type_V=q4_1,permute=[0,1,2,3]): not supported [RD0] 
  FLASH_ATTN_EXT(hsk=64,hsv=64,nh=4,nr23=[1,3],kv=1024,nb=1,mask=0,sinks=1,max_bias=0.000000,logit_softcap=0.000000,prec=f32,type_K=q4_0,type_V=q4_0,permute=[0,1,2,3]): not supported [RD0] 
  FLASH_ATTN_EXT(hsk=64,hsv=64,nh=4,nr23=[1,3],kv=1024,nb=1,mask=0,sinks=1,max_bias=0.000000,logit_softcap=0.000000,prec=f32,type_K=iq4_nl,type_V=iq4_nl,permute=[0,1,2,3]): not supported [RD0] 
  FLASH_ATTN_EXT(hsk=64,hsv=64,nh=4,nr23=[1,3],kv=1024,nb=3,mask=0,sinks=1,max_bias=0.000000,logit_softcap=0.000000,prec=f32,type_K=f32,type_V=f32,permute=[0,1,2,3]): not supported [RD0] 
  FLASH_ATTN_EXT(hsk=64,hsv=64,nh=4,nr23=[1,3],kv=1024,nb=3,mask=0,sinks=1,max_bias=0.000000,logit_softcap=0.000000,prec=f32,type_K=f16,type_V=f16,permute=[0,1,2,3]): not supported [RD0] 
  FLASH_ATTN_EXT(hsk=64,hsv=64,nh=4,nr23=[1,3],kv=1024,nb=3,mask=0,sinks=1,max_bias=0.000000,logit_softcap=0.000000,prec=f32,type_K=bf16,type_V=bf16,permute=[0,1,2,3]): not supported [RD0] 
  FLASH_ATTN_EXT(hsk=64,hsv=64,nh=4,nr23=[1,3],kv=1024,nb=3,mask=0,sinks=1,max_bias=0.000000,logit_softcap=0.000000,prec=f32,type_K=q8_0,type_V=q8_0,permute=[0,1,2,3]): not supported [RD0] 
  FLASH_ATTN_EXT(hsk=64,hsv=64,nh=4,nr23=[1,3],kv=1024,nb=3,mask=0,sinks=1,max_bias=0.000000,logit_softcap=0.000000,prec=f32,type_K=q5_1,type_V=q5_1,permute=[0,1,2,3]): not supported [RD0] 
  FLASH_ATTN_EXT(hsk=64,hsv=64,nh=4,nr23=[1,3],kv=1024,nb=3,mask=0,sinks=1,max_bias=0.000000,logit_softcap=0.000000,prec=f32,type_K=q5_0,type_V=q5_0,permute=[0,1,2,3]): not supported [RD0] 
  FLASH_ATTN_EXT(hsk=64,hsv=64,nh=4,nr23=[1,3],kv=1024,nb=3,mask=0,sinks=1,max_bias=0.000000,logit_softcap=0.000000,prec=f32,type_K=q4_1,type_V=q4_1,permute=[0,1,2,3]): not supported [RD0] 
  FLASH_ATTN_EXT(hsk=64,hsv=64,nh=4,nr23=[1,3],kv=1024,nb=3,mask=0,sinks=1,max_bias=0.000000,logit_softcap=0.000000,prec=f32,type_K=q4_0,type_V=q4_0,permute=[0,1,2,3]): not supported [RD0] 
  FLASH_ATTN_EXT(hsk=64,hsv=64,nh=4,nr23=[1,3],kv=1024,nb=3,mask=0,sinks=1,max_bias=0.000000,logit_softcap=0.000000,prec=f32,type_K=iq4_nl,type_V=iq4_nl,permute=[0,1,2,3]): not supported [RD0] 
  FLASH_ATTN_EXT(hsk=64,hsv=64,nh=4,nr23=[1,3],kv=1024,nb=32,mask=0,sinks=1,max_bias=0.000000,logit_softcap=0.000000,prec=f32,type_K=f32,type_V=f32,permute=[0,1,2,3]): not supported [RD0] 
  FLASH_ATTN_EXT(hsk=64,hsv=64,nh=4,nr23=[1,3],kv=1024,nb=32,mask=0,sinks=1,max_bias=0.000000,logit_softcap=0.000000,prec=f32,type_K=f16,type_V=f16,permute=[0,1,2,3]): not supported [RD0] 
  FLASH_ATTN_EXT(hsk=64,hsv=64,nh=4,nr23=[1,3],kv=1024,nb=32,mask=0,sinks=1,max_bias=0.000000,logit_softcap=0.000000,prec=f32,type_K=bf16,type_V=bf16,permute=[0,1,2,3]): not supported [RD0] 
  FLASH_ATTN_EXT(hsk=64,hsv=64,nh=4,nr23=[1,3],kv=1024,nb=32,mask=0,sinks=1,max_bias=0.000000,logit_softcap=0.000000,prec=f32,type_K=q8_0,type_V=q8_0,permute=[0,1,2,3]): not supported [RD0] 
  FLASH_ATTN_EXT(hsk=64,hsv=64,nh=4,nr23=[1,3],kv=1024,nb=32,mask=0,sinks=1,max_bias=0.000000,logit_softcap=0.000000,prec=f32,type_K=q5_1,type_V=q5_1,permute=[0,1,2,3]): not supported [RD0] 
  FLASH_ATTN_EXT(hsk=64,hsv=64,nh=4,nr23=[1,3],kv=1024,nb=32,mask=0,sinks=1,max_bias=0.000000,logit_softcap=0.000000,prec=f32,type_K=q5_0,type_V=q5_0,permute=[0,1,2,3]): not supported [RD0] 
  FLASH_ATTN_EXT(hsk=64,hsv=64,nh=4,nr23=[1,3],kv=1024,nb=32,mask=0,sinks=1,max_bias=0.000000,logit_softcap=0.000000,prec=f32,type_K=q4_1,type_V=q4_1,permute=[0,1,2,3]): not supported [RD0] 
  FLASH_ATTN_EXT(hsk=64,hsv=64,nh=4,nr23=[1,3],kv=1024,nb=32,mask=0,sinks=1,max_bias=0.000000,logit_softcap=0.000000,prec=f32,type_K=q4_0,type_V=q4_0,permute=[0,1,2,3]): not supported [RD0] 
  FLASH_ATTN_EXT(hsk=64,hsv=64,nh=4,nr23=[1,3],kv=1024,nb=32,mask=0,sinks=1,max_bias=0.000000,logit_softcap=0.000000,prec=f32,type_K=iq4_nl,type_V=iq4_nl,permute=[0,1,2,3]): not supported [RD0] 
  FLASH_ATTN_EXT(hsk=64,hsv=64,nh=4,nr23=[1,3],kv=1024,nb=75,mask=0,sinks=1,max_bias=0.000000,logit_softcap=0.000000,prec=f32,type_K=f32,type_V=f32,permute=[0,1,2,3]): not supported [RD0] 
  FLASH_ATTN_EXT(hsk=64,hsv=64,nh=4,nr23=[1,3],kv=1024,nb=75,mask=0,sinks=1,max_bias=0.000000,logit_softcap=0.000000,prec=f32,type_K=f16,type_V=f16,permute=[0,1,2,3]): not supported [RD0] 
  FLASH_ATTN_EXT(hsk=64,hsv=64,nh=4,nr23=[1,3],kv=1024,nb=75,mask=0,sinks=1,max_bias=0.000000,logit_softcap=0.000000,prec=f32,type_K=bf16,type_V=bf16,permute=[0,1,2,3]): not supported [RD0] 
  FLASH_ATTN_EXT(hsk=64,hsv=64,nh=4,nr23=[1,3],kv=1024,nb=75,mask=0,sinks=1,max_bias=0.000000,logit_softcap=0.000000,prec=f32,type_K=q8_0,type_V=q8_0,permute=[0,1,2,3]): not supported [RD0] 
  FLASH_ATTN_EXT(hsk=64,hsv=64,nh=4,nr23=[1,3],kv=1024,nb=75,mask=0,sinks=1,max_bias=0.000000,logit_softcap=0.000000,prec=f32,type_K=q5_1,type_V=q5_1,permute=[0,1,2,3]): not supported [RD0] 
  FLASH_ATTN_EXT(hsk=64,hsv=64,nh=4,nr23=[1,3],kv=1024,nb=75,mask=0,sinks=1,max_bias=0.000000,logit_softcap=0.000000,prec=f32,type_K=q5_0,type_V=q5_0,permute=[0,1,2,3]): not supported [RD0] 
  FLASH_ATTN_EXT(hsk=64,hsv=64,nh=4,nr23=[1,3],kv=1024,nb=75,mask=0,sinks=1,max_bias=0.000000,logit_softcap=0.000000,prec=f32,type_K=q4_1,type_V=q4_1,permute=[0,1,2,3]): not supported [RD0] 
  FLASH_ATTN_EXT(hsk=64,hsv=64,nh=4,nr23=[1,3],kv=1024,nb=75,mask=0,sinks=1,max_bias=0.000000,logit_softcap=0.000000,prec=f32,type_K=q4_0,type_V=q4_0,permute=[0,1,2,3]): not supported [RD0] 
  FLASH_ATTN_EXT(hsk=64,hsv=64,nh=4,nr23=[1,3],kv=1024,nb=75,mask=0,sinks=1,max_bias=0.000000,logit_softcap=0.000000,prec=f32,type_K=iq4_nl,type_V=iq4_nl,permute=[0,1,2,3]): not supported [RD0] 
  FLASH_ATTN_EXT(hsk=64,hsv=64,nh=4,nr23=[4,3],kv=512,nb=1,mask=0,sinks=1,max_bias=0.000000,logit_softcap=0.000000,prec=f32,type_K=f32,type_V=f32,permute=[0,1,2,3]): not supported [RD0] 
  FLASH_ATTN_EXT(hsk=64,hsv=64,nh=4,nr23=[4,3],kv=512,nb=1,mask=0,sinks=1,max_bias=0.000000,logit_softcap=0.000000,prec=f32,type_K=f16,type_V=f16,permute=[0,1,2,3]): not supported [RD0] 
  FLASH_ATTN_EXT(hsk=64,hsv=64,nh=4,nr23=[4,3],kv=512,nb=1,mask=0,sinks=1,max_bias=0.000000,logit_softcap=0.000000,prec=f32,type_K=bf16,type_V=bf16,permute=[0,1,2,3]): not supported [RD0] 
  FLASH_ATTN_EXT(hsk=64,hsv=64,nh=4,nr23=[4,3],kv=512,nb=1,mask=0,sinks=1,max_bias=0.000000,logit_softcap=0.000000,prec=f32,type_K=q8_0,type_V=q8_0,permute=[0,1,2,3]): not supported [RD0] 
  FLASH_ATTN_EXT(hsk=64,hsv=64,nh=4,nr23=[4,3],kv=512,nb=1,mask=0,sinks=1,max_bias=0.000000,logit_softcap=0.000000,prec=f32,type_K=q5_1,type_V=q5_1,permute=[0,1,2,3]): not supported [RD0] 
  FLASH_ATTN_EXT(hsk=64,hsv=64,nh=4,nr23=[4,3],kv=512,nb=1,mask=0,sinks=1,max_bias=0.000000,logit_softcap=0.000000,prec=f32,type_K=q5_0,type_V=q5_0,permute=[0,1,2,3]): not supported [RD0] 
  FLASH_ATTN_EXT(hsk=64,hsv=64,nh=4,nr23=[4,3],kv=512,nb=1,mask=0,sinks=1,max_bias=0.000000,logit_softcap=0.000000,prec=f32,type_K=q4_1,type_V=q4_1,permute=[0,1,2,3]): not supported [RD0] 
  FLASH_ATTN_EXT(hsk=64,hsv=64,nh=4,nr23=[4,3],kv=512,nb=1,mask=0,sinks=1,max_bias=0.000000,logit_softcap=0.000000,prec=f32,type_K=q4_0,type_V=q4_0,permute=[0,1,2,3]): not supported [RD0] 
  FLASH_ATTN_EXT(hsk=64,hsv=64,nh=4,nr23=[4,3],kv=512,nb=1,mask=0,sinks=1,max_bias=0.000000,logit_softcap=0.000000,prec=f32,type_K=iq4_nl,type_V=iq4_nl,permute=[0,1,2,3]): not supported [RD0] 
  FLASH_ATTN_EXT(hsk=64,hsv=64,nh=4,nr23=[4,3],kv=512,nb=3,mask=0,sinks=1,max_bias=0.000000,logit_softcap=0.000000,prec=f32,type_K=f32,type_V=f32,permute=[0,1,2,3]): not supported [RD0] 
  FLASH_ATTN_EXT(hsk=64,hsv=64,nh=4,nr23=[4,3],kv=512,nb=3,mask=0,sinks=1,max_bias=0.000000,logit_softcap=0.000000,prec=f32,type_K=f16,type_V=f16,permute=[0,1,2,3]): not supported [RD0] 
  FLASH_ATTN_EXT(hsk=64,hsv=64,nh=4,nr23=[4,3],kv=512,nb=3,mask=0,sinks=1,max_bias=0.000000,logit_softcap=0.000000,prec=f32,type_K=bf16,type_V=bf16,permute=[0,1,2,3]): not supported [RD0] 
  FLASH_ATTN_EXT(hsk=64,hsv=64,nh=4,nr23=[4,3],kv=512,nb=3,mask=0,sinks=1,max_bias=0.000000,logit_softcap=0.000000,prec=f32,type_K=q8_0,type_V=q8_0,permute=[0,1,2,3]): not supported [RD0] 
  FLASH_ATTN_EXT(hsk=64,hsv=64,nh=4,nr23=[4,3],kv=512,nb=3,mask=0,sinks=1,max_bias=0.000000,logit_softcap=0.000000,prec=f32,type_K=q5_1,type_V=q5_1,permute=[0,1,2,3]): not supported [RD0] 
  FLASH_ATTN_EXT(hsk=64,hsv=64,nh=4,nr23=[4,3],kv=512,nb=3,mask=0,sinks=1,max_bias=0.000000,logit_softcap=0.000000,prec=f32,type_K=q5_0,type_V=q5_0,permute=[0,1,2,3]): not supported [RD0] 
  FLASH_ATTN_EXT(hsk=64,hsv=64,nh=4,nr23=[4,3],kv=512,nb=3,mask=0,sinks=1,max_bias=0.000000,logit_softcap=0.000000,prec=f32,type_K=q4_1,type_V=q4_1,permute=[0,1,2,3]): not supported [RD0] 
  FLASH_ATTN_EXT(hsk=64,hsv=64,nh=4,nr23=[4,3],kv=512,nb=3,mask=0,sinks=1,max_bias=0.000000,logit_softcap=0.000000,prec=f32,type_K=q4_0,type_V=q4_0,permute=[0,1,2,3]): not supported [RD0] 
  FLASH_ATTN_EXT(hsk=64,hsv=64,nh=4,nr23=[4,3],kv=512,nb=3,mask=0,sinks=1,max_bias=0.000000,logit_softcap=0.000000,prec=f32,type_K=iq4_nl,type_V=iq4_nl,permute=[0,1,2,3]): not supported [RD0] 
  FLASH_ATTN_EXT(hsk=64,hsv=64,nh=4,nr23=[4,3],kv=512,nb=32,mask=0,sinks=1,max_bias=0.000000,logit_softcap=0.000000,prec=f32,type_K=f32,type_V=f32,permute=[0,1,2,3]): not supported [RD0] 
  FLASH_ATTN_EXT(hsk=64,hsv=64,nh=4,nr23=[4,3],kv=512,nb=32,mask=0,sinks=1,max_bias=0.000000,logit_softcap=0.000000,prec=f32,type_K=f16,type_V=f16,permute=[0,1,2,3]): not supported [RD0] 
  FLASH_ATTN_EXT(hsk=64,hsv=64,nh=4,nr23=[4,3],kv=512,nb=32,mask=0,sinks=1,max_bias=0.000000,logit_softcap=0.000000,prec=f32,type_K=bf16,type_V=bf16,permute=[0,1,2,3]): not supported [RD0] 
  FLASH_ATTN_EXT(hsk=64,hsv=64,nh=4,nr23=[4,3],kv=512,nb=32,mask=0,sinks=1,max_bias=0.000000,logit_softcap=0.000000,prec=f32,type_K=q8_0,type_V=q8_0,permute=[0,1,2,3]): not supported [RD0] 
  FLASH_ATTN_EXT(hsk=64,hsv=64,nh=4,nr23=[4,3],kv=512,nb=32,mask=0,sinks=1,max_bias=0.000000,logit_softcap=0.000000,prec=f32,type_K=q5_1,type_V=q5_1,permute=[0,1,2,3]): not supported [RD0] 
  FLASH_ATTN_EXT(hsk=64,hsv=64,nh=4,nr23=[4,3],kv=512,nb=32,mask=0,sinks=1,max_bias=0.000000,logit_softcap=0.000000,prec=f32,type_K=q5_0,type_V=q5_0,permute=[0,1,2,3]): not supported [RD0] 
  FLASH_ATTN_EXT(hsk=64,hsv=64,nh=4,nr23=[4,3],kv=512,nb=32,mask=0,sinks=1,max_bias=0.000000,logit_softcap=0.000000,prec=f32,type_K=q4_1,type_V=q4_1,permute=[0,1,2,3]): not supported [RD0] 
  FLASH_ATTN_EXT(hsk=64,hsv=64,nh=4,nr23=[4,3],kv=512,nb=32,mask=0,sinks=1,max_bias=0.000000,logit_softcap=0.000000,prec=f32,type_K=q4_0,type_V=q4_0,permute=[0,1,2,3]): not supported [RD0] 
  FLASH_ATTN_EXT(hsk=64,hsv=64,nh=4,nr23=[4,3],kv=512,nb=32,mask=0,sinks=1,max_bias=0.000000,logit_softcap=0.000000,prec=f32,type_K=iq4_nl,type_V=iq4_nl,permute=[0,1,2,3]): not supported [RD0] 
  FLASH_ATTN_EXT(hsk=64,hsv=64,nh=4,nr23=[4,3],kv=512,nb=75,mask=0,sinks=1,max_bias=0.000000,logit_softcap=0.000000,prec=f32,type_K=f32,type_V=f32,permute=[0,1,2,3]): not supported [RD0] 
  FLASH_ATTN_EXT(hsk=64,hsv=64,nh=4,nr23=[4,3],kv=512,nb=75,mask=0,sinks=1,max_bias=0.000000,logit_softcap=0.000000,prec=f32,type_K=f16,type_V=f16,permute=[0,1,2,3]): not supported [RD0] 
  FLASH_ATTN_EXT(hsk=64,hsv=64,nh=4,nr23=[4,3],kv=512,nb=75,mask=0,sinks=1,max_bias=0.000000,logit_softcap=0.000000,prec=f32,type_K=bf16,type_V=bf16,permute=[0,1,2,3]): not supported [RD0] 
  FLASH_ATTN_EXT(hsk=64,hsv=64,nh=4,nr23=[4,3],kv=512,nb=75,mask=0,sinks=1,max_bias=0.000000,logit_softcap=0.000000,prec=f32,type_K=q8_0,type_V=q8_0,permute=[0,1,2,3]): not supported [RD0] 
  FLASH_ATTN_EXT(hsk=64,hsv=64,nh=4,nr23=[4,3],kv=512,nb=75,mask=0,sinks=1,max_bias=0.000000,logit_softcap=0.000000,prec=f32,type_K=q5_1,type_V=q5_1,permute=[0,1,2,3]): not supported [RD0] 
  FLASH_ATTN_EXT(hsk=64,hsv=64,nh=4,nr23=[4,3],kv=512,nb=75,mask=0,sinks=1,max_bias=0.000000,logit_softcap=0.000000,prec=f32,type_K=q5_0,type_V=q5_0,permute=[0,1,2,3]): not supported [RD0] 
  FLASH_ATTN_EXT(hsk=64,hsv=64,nh=4,nr23=[4,3],kv=512,nb=75,mask=0,sinks=1,max_bias=0.000000,logit_softcap=0.000000,prec=f32,type_K=q4_1,type_V=q4_1,permute=[0,1,2,3]): not supported [RD0] 
  FLASH_ATTN_EXT(hsk=64,hsv=64,nh=4,nr23=[4,3],kv=512,nb=75,mask=0,sinks=1,max_bias=0.000000,logit_softcap=0.000000,prec=f32,type_K=q4_0,type_V=q4_0,permute=[0,1,2,3]): not supported [RD0] 
  FLASH_ATTN_EXT(hsk=64,hsv=64,nh=4,nr23=[4,3],kv=512,nb=75,mask=0,sinks=1,max_bias=0.000000,logit_softcap=0.000000,prec=f32,type_K=iq4_nl,type_V=iq4_nl,permute=[0,1,2,3]): not supported [RD0] 
  FLASH_ATTN_EXT(hsk=64,hsv=64,nh=4,nr23=[1,1],kv=113,nb=1,mask=0,sinks=0,max_bias=0.000000,logit_softcap=0.000000,prec=f32,type_K=f32,type_V=f32,permute=[0,1,2,3]): OK
  FLASH_ATTN_EXT(hsk=64,hsv=64,nh=4,nr23=[1,1],kv=113,nb=1,mask=0,sinks=0,max_bias=0.000000,logit_softcap=0.000000,prec=f32,type_K=f16,type_V=f16,permute=[0,1,2,3]): OK
  FLASH_ATTN_EXT(hsk=64,hsv=64,nh=4,nr23=[1,1],kv=113,nb=1,mask=0,sinks=0,max_bias=0.000000,logit_softcap=0.000000,prec=f32,type_K=bf16,type_V=bf16,permute=[0,1,2,3]): not supported [RD0] 
  FLASH_ATTN_EXT(hsk=64,hsv=64,nh=4,nr23=[1,1],kv=113,nb=1,mask=0,sinks=0,max_bias=0.000000,logit_softcap=0.000000,prec=f32,type_K=q8_0,type_V=q8_0,permute=[0,1,2,3]): not supported [RD0] 
  FLASH_ATTN_EXT(hsk=64,hsv=64,nh=4,nr23=[1,1],kv=113,nb=1,mask=0,sinks=0,max_bias=0.000000,logit_softcap=0.000000,prec=f32,type_K=q5_1,type_V=q5_1,permute=[0,1,2,3]): not supported [RD0] 
  FLASH_ATTN_EXT(hsk=64,hsv=64,nh=4,nr23=[1,1],kv=113,nb=1,mask=0,sinks=0,max_bias=0.000000,logit_softcap=0.000000,prec=f32,type_K=q5_0,type_V=q5_0,permute=[0,1,2,3]): not supported [RD0] 
  FLASH_ATTN_EXT(hsk=64,hsv=64,nh=4,nr23=[1,1],kv=113,nb=1,mask=0,sinks=0,max_bias=0.000000,logit_softcap=0.000000,prec=f32,type_K=q4_1,type_V=q4_1,permute=[0,1,2,3]): not supported [RD0] 
  FLASH_ATTN_EXT(hsk=64,hsv=64,nh=4,nr23=[1,1],kv=113,nb=1,mask=0,sinks=0,max_bias=0.000000,logit_softcap=0.000000,prec=f32,type_K=q4_0,type_V=q4_0,permute=[0,1,2,3]): not supported [RD0] 
  FLASH_ATTN_EXT(hsk=64,hsv=64,nh=4,nr23=[1,1],kv=113,nb=1,mask=0,sinks=0,max_bias=0.000000,logit_softcap=0.000000,prec=f32,type_K=iq4_nl,type_V=iq4_nl,permute=[0,1,2,3]): not supported [RD0] 
  FLASH_ATTN_EXT(hsk=64,hsv=64,nh=4,nr23=[1,1],kv=113,nb=3,mask=0,sinks=0,max_bias=0.000000,logit_softcap=0.000000,prec=f32,type_K=f32,type_V=f32,permute=[0,1,2,3]): OK
  FLASH_ATTN_EXT(hsk=64,hsv=64,nh=4,nr23=[1,1],kv=113,nb=3,mask=0,sinks=0,max_bias=0.000000,logit_softcap=0.000000,prec=f32,type_K=f16,type_V=f16,permute=[0,1,2,3]): OK
  FLASH_ATTN_EXT(hsk=64,hsv=64,nh=4,nr23=[1,1],kv=113,nb=3,mask=0,sinks=0,max_bias=0.000000,logit_softcap=0.000000,prec=f32,type_K=bf16,type_V=bf16,permute=[0,1,2,3]): not supported [RD0] 
  FLASH_ATTN_EXT(hsk=64,hsv=64,nh=4,nr23=[1,1],kv=113,nb=3,mask=0,sinks=0,max_bias=0.000000,logit_softcap=0.000000,prec=f32,type_K=q8_0,type_V=q8_0,permute=[0,1,2,3]): not supported [RD0] 
  FLASH_ATTN_EXT(hsk=64,hsv=64,nh=4,nr23=[1,1],kv=113,nb=3,mask=0,sinks=0,max_bias=0.000000,logit_softcap=0.000000,prec=f32,type_K=q5_1,type_V=q5_1,permute=[0,1,2,3]): not supported [RD0] 
  FLASH_ATTN_EXT(hsk=64,hsv=64,nh=4,nr23=[1,1],kv=113,nb=3,mask=0,sinks=0,max_bias=0.000000,logit_softcap=0.000000,prec=f32,type_K=q5_0,type_V=q5_0,permute=[0,1,2,3]): not supported [RD0] 
  FLASH_ATTN_EXT(hsk=64,hsv=64,nh=4,nr23=[1,1],kv=113,nb=3,mask=0,sinks=0,max_bias=0.000000,logit_softcap=0.000000,prec=f32,type_K=q4_1,type_V=q4_1,permute=[0,1,2,3]): not supported [RD0] 
  FLASH_ATTN_EXT(hsk=64,hsv=64,nh=4,nr23=[1,1],kv=113,nb=3,mask=0,sinks=0,max_bias=0.000000,logit_softcap=0.000000,prec=f32,type_K=q4_0,type_V=q4_0,permute=[0,1,2,3]): not supported [RD0] 
  FLASH_ATTN_EXT(hsk=64,hsv=64,nh=4,nr23=[1,1],kv=113,nb=3,mask=0,sinks=0,max_bias=0.000000,logit_softcap=0.000000,prec=f32,type_K=iq4_nl,type_V=iq4_nl,permute=[0,1,2,3]): not supported [RD0] 
  FLASH_ATTN_EXT(hsk=64,hsv=64,nh=4,nr23=[1,1],kv=113,nb=32,mask=0,sinks=0,max_bias=0.000000,logit_softcap=0.000000,prec=f32,type_K=f32,type_V=f32,permute=[0,1,2,3]): OK
  FLASH_ATTN_EXT(hsk=64,hsv=64,nh=4,nr23=[1,1],kv=113,nb=32,mask=0,sinks=0,max_bias=0.000000,logit_softcap=0.000000,prec=f32,type_K=f16,type_V=f16,permute=[0,1,2,3]): OK
  FLASH_ATTN_EXT(hsk=64,hsv=64,nh=4,nr23=[1,1],kv=113,nb=32,mask=0,sinks=0,max_bias=0.000000,logit_softcap=0.000000,prec=f32,type_K=bf16,type_V=bf16,permute=[0,1,2,3]): not supported [RD0] 
  FLASH_ATTN_EXT(hsk=64,hsv=64,nh=4,nr23=[1,1],kv=113,nb=32,mask=0,sinks=0,max_bias=0.000000,logit_softcap=0.000000,prec=f32,type_K=q8_0,type_V=q8_0,permute=[0,1,2,3]): not supported [RD0] 
  FLASH_ATTN_EXT(hsk=64,hsv=64,nh=4,nr23=[1,1],kv=113,nb=32,mask=0,sinks=0,max_bias=0.000000,logit_softcap=0.000000,prec=f32,type_K=q5_1,type_V=q5_1,permute=[0,1,2,3]): not supported [RD0] 
  FLASH_ATTN_EXT(hsk=64,hsv=64,nh=4,nr23=[1,1],kv=113,nb=32,mask=0,sinks=0,max_bias=0.000000,logit_softcap=0.000000,prec=f32,type_K=q5_0,type_V=q5_0,permute=[0,1,2,3]): not supported [RD0] 
  FLASH_ATTN_EXT(hsk=64,hsv=64,nh=4,nr23=[1,1],kv=113,nb=32,mask=0,sinks=0,max_bias=0.000000,logit_softcap=0.000000,prec=f32,type_K=q4_1,type_V=q4_1,permute=[0,1,2,3]): not supported [RD0] 
  FLASH_ATTN_EXT(hsk=64,hsv=64,nh=4,nr23=[1,1],kv=113,nb=32,mask=0,sinks=0,max_bias=0.000000,logit_softcap=0.000000,prec=f32,type_K=q4_0,type_V=q4_0,permute=[0,1,2,3]): not supported [RD0] 
  FLASH_ATTN_EXT(hsk=64,hsv=64,nh=4,nr23=[1,1],kv=113,nb=32,mask=0,sinks=0,max_bias=0.000000,logit_softcap=0.000000,prec=f32,type_K=iq4_nl,type_V=iq4_nl,permute=[0,1,2,3]): not supported [RD0] 
  FLASH_ATTN_EXT(hsk=64,hsv=64,nh=4,nr23=[1,1],kv=113,nb=75,mask=0,sinks=0,max_bias=0.000000,logit_softcap=0.000000,prec=f32,type_K=f32,type_V=f32,permute=[0,1,2,3]): OK
  FLASH_ATTN_EXT(hsk=64,hsv=64,nh=4,nr23=[1,1],kv=113,nb=75,mask=0,sinks=0,max_bias=0.000000,logit_softcap=0.000000,prec=f32,type_K=f16,type_V=f16,permute=[0,1,2,3]): OK
  FLASH_ATTN_EXT(hsk=64,hsv=64,nh=4,nr23=[1,1],kv=113,nb=75,mask=0,sinks=0,max_bias=0.000000,logit_softcap=0.000000,prec=f32,type_K=bf16,type_V=bf16,permute=[0,1,2,3]): not supported [RD0] 
  FLASH_ATTN_EXT(hsk=64,hsv=64,nh=4,nr23=[1,1],kv=113,nb=75,mask=0,sinks=0,max_bias=0.000000,logit_softcap=0.000000,prec=f32,type_K=q8_0,type_V=q8_0,permute=[0,1,2,3]): not supported [RD0] 
  FLASH_ATTN_EXT(hsk=64,hsv=64,nh=4,nr23=[1,1],kv=113,nb=75,mask=0,sinks=0,max_bias=0.000000,logit_softcap=0.000000,prec=f32,type_K=q5_1,type_V=q5_1,permute=[0,1,2,3]): not supported [RD0] 
  FLASH_ATTN_EXT(hsk=64,hsv=64,nh=4,nr23=[1,1],kv=113,nb=75,mask=0,sinks=0,max_bias=0.000000,logit_softcap=0.000000,prec=f32,type_K=q5_0,type_V=q5_0,permute=[0,1,2,3]): not supported [RD0] 
  FLASH_ATTN_EXT(hsk=64,hsv=64,nh=4,nr23=[1,1],kv=113,nb=75,mask=0,sinks=0,max_bias=0.000000,logit_softcap=0.000000,prec=f32,type_K=q4_1,type_V=q4_1,permute=[0,1,2,3]): not supported [RD0] 
  FLASH_ATTN_EXT(hsk=64,hsv=64,nh=4,nr23=[1,1],kv=113,nb=75,mask=0,sinks=0,max_bias=0.000000,logit_softcap=0.000000,prec=f32,type_K=q4_0,type_V=q4_0,permute=[0,1,2,3]): not supported [RD0] 
  FLASH_ATTN_EXT(hsk=64,hsv=64,nh=4,nr23=[1,1],kv=113,nb=75,mask=0,sinks=0,max_bias=0.000000,logit_softcap=0.000000,prec=f32,type_K=iq4_nl,type_V=iq4_nl,permute=[0,1,2,3]): not supported [RD0] 
  FLASH_ATTN_EXT(hsk=64,hsv=64,nh=4,nr23=[1,1],kv=512,nb=1,mask=0,sinks=0,max_bias=0.000000,logit_softcap=0.000000,prec=f32,type_K=f32,type_V=f32,permute=[0,1,2,3]): OK
  FLASH_ATTN_EXT(hsk=64,hsv=64,nh=4,nr23=[1,1],kv=512,nb=1,mask=0,sinks=0,max_bias=0.000000,logit_softcap=0.000000,prec=f32,type_K=f16,type_V=f16,permute=[0,1,2,3]): OK
  FLASH_ATTN_EXT(hsk=64,hsv=64,nh=4,nr23=[1,1],kv=512,nb=1,mask=0,sinks=0,max_bias=0.000000,logit_softcap=0.000000,prec=f32,type_K=bf16,type_V=bf16,permute=[0,1,2,3]): not supported [RD0] 
  FLASH_ATTN_EXT(hsk=64,hsv=64,nh=4,nr23=[1,1],kv=512,nb=1,mask=0,sinks=0,max_bias=0.000000,logit_softcap=0.000000,prec=f32,type_K=q8_0,type_V=q8_0,permute=[0,1,2,3]): not supported [RD0] 
  FLASH_ATTN_EXT(hsk=64,hsv=64,nh=4,nr23=[1,1],kv=512,nb=1,mask=0,sinks=0,max_bias=0.000000,logit_softcap=0.000000,prec=f32,type_K=q5_1,type_V=q5_1,permute=[0,1,2,3]): not supported [RD0] 
  FLASH_ATTN_EXT(hsk=64,hsv=64,nh=4,nr23=[1,1],kv=512,nb=1,mask=0,sinks=0,max_bias=0.000000,logit_softcap=0.000000,prec=f32,type_K=q5_0,type_V=q5_0,permute=[0,1,2,3]): not supported [RD0] 
  FLASH_ATTN_EXT(hsk=64,hsv=64,nh=4,nr23=[1,1],kv=512,nb=1,mask=0,sinks=0,max_bias=0.000000,logit_softcap=0.000000,prec=f32,type_K=q4_1,type_V=q4_1,permute=[0,1,2,3]): not supported [RD0] 
  FLASH_ATTN_EXT(hsk=64,hsv=64,nh=4,nr23=[1,1],kv=512,nb=1,mask=0,sinks=0,max_bias=0.000000,logit_softcap=0.000000,prec=f32,type_K=q4_0,type_V=q4_0,permute=[0,1,2,3]): not supported [RD0] 
  FLASH_ATTN_EXT(hsk=64,hsv=64,nh=4,nr23=[1,1],kv=512,nb=1,mask=0,sinks=0,max_bias=0.000000,logit_softcap=0.000000,prec=f32,type_K=iq4_nl,type_V=iq4_nl,permute=[0,1,2,3]): not supported [RD0] 
  FLASH_ATTN_EXT(hsk=64,hsv=64,nh=4,nr23=[1,1],kv=512,nb=3,mask=0,sinks=0,max_bias=0.000000,logit_softcap=0.000000,prec=f32,type_K=f32,type_V=f32,permute=[0,1,2,3]): OK
  FLASH_ATTN_EXT(hsk=64,hsv=64,nh=4,nr23=[1,1],kv=512,nb=3,mask=0,sinks=0,max_bias=0.000000,logit_softcap=0.000000,prec=f32,type_K=f16,type_V=f16,permute=[0,1,2,3]): OK
  FLASH_ATTN_EXT(hsk=64,hsv=64,nh=4,nr23=[1,1],kv=512,nb=3,mask=0,sinks=0,max_bias=0.000000,logit_softcap=0.000000,prec=f32,type_K=bf16,type_V=bf16,permute=[0,1,2,3]): not supported [RD0] 
  FLASH_ATTN_EXT(hsk=64,hsv=64,nh=4,nr23=[1,1],kv=512,nb=3,mask=0,sinks=0,max_bias=0.000000,logit_softcap=0.000000,prec=f32,type_K=q8_0,type_V=q8_0,permute=[0,1,2,3]): not supported [RD0] 
  FLASH_ATTN_EXT(hsk=64,hsv=64,nh=4,nr23=[1,1],kv=512,nb=3,mask=0,sinks=0,max_bias=0.000000,logit_softcap=0.000000,prec=f32,type_K=q5_1,type_V=q5_1,permute=[0,1,2,3]): not supported [RD0] 
  FLASH_ATTN_EXT(hsk=64,hsv=64,nh=4,nr23=[1,1],kv=512,nb=3,mask=0,sinks=0,max_bias=0.000000,logit_softcap=0.000000,prec=f32,type_K=q5_0,type_V=q5_0,permute=[0,1,2,3]): not supported [RD0] 
  FLASH_ATTN_EXT(hsk=64,hsv=64,nh=4,nr23=[1,1],kv=512,nb=3,mask=0,sinks=0,max_bias=0.000000,logit_softcap=0.000000,prec=f32,type_K=q4_1,type_V=q4_1,permute=[0,1,2,3]): not supported [RD0] 
  FLASH_ATTN_EXT(hsk=64,hsv=64,nh=4,nr23=[1,1],kv=512,nb=3,mask=0,sinks=0,max_bias=0.000000,logit_softcap=0.000000,prec=f32,type_K=q4_0,type_V=q4_0,permute=[0,1,2,3]): not supported [RD0] 
  FLASH_ATTN_EXT(hsk=64,hsv=64,nh=4,nr23=[1,1],kv=512,nb=3,mask=0,sinks=0,max_bias=0.000000,logit_softcap=0.000000,prec=f32,type_K=iq4_nl,type_V=iq4_nl,permute=[0,1,2,3]): not supported [RD0] 
  FLASH_ATTN_EXT(hsk=64,hsv=64,nh=4,nr23=[1,1],kv=512,nb=32,mask=0,sinks=0,max_bias=0.000000,logit_softcap=0.000000,prec=f32,type_K=f32,type_V=f32,permute=[0,1,2,3]): OK
  FLASH_ATTN_EXT(hsk=64,hsv=64,nh=4,nr23=[1,1],kv=512,nb=32,mask=0,sinks=0,max_bias=0.000000,logit_softcap=0.000000,prec=f32,type_K=f16,type_V=f16,permute=[0,1,2,3]): OK
  FLASH_ATTN_EXT(hsk=64,hsv=64,nh=4,nr23=[1,1],kv=512,nb=32,mask=0,sinks=0,max_bias=0.000000,logit_softcap=0.000000,prec=f32,type_K=bf16,type_V=bf16,permute=[0,1,2,3]): not supported [RD0] 
  FLASH_ATTN_EXT(hsk=64,hsv=64,nh=4,nr23=[1,1],kv=512,nb=32,mask=0,sinks=0,max_bias=0.000000,logit_softcap=0.000000,prec=f32,type_K=q8_0,type_V=q8_0,permute=[0,1,2,3]): not supported [RD0] 
  FLASH_ATTN_EXT(hsk=64,hsv=64,nh=4,nr23=[1,1],kv=512,nb=32,mask=0,sinks=0,max_bias=0.000000,logit_softcap=0.000000,prec=f32,type_K=q5_1,type_V=q5_1,permute=[0,1,2,3]): not supported [RD0] 
  FLASH_ATTN_EXT(hsk=64,hsv=64,nh=4,nr23=[1,1],kv=512,nb=32,mask=0,sinks=0,max_bias=0.000000,logit_softcap=0.000000,prec=f32,type_K=q5_0,type_V=q5_0,permute=[0,1,2,3]): not supported [RD0] 
  FLASH_ATTN_EXT(hsk=64,hsv=64,nh=4,nr23=[1,1],kv=512,nb=32,mask=0,sinks=0,max_bias=0.000000,logit_softcap=0.000000,prec=f32,type_K=q4_1,type_V=q4_1,permute=[0,1,2,3]): not supported [RD0] 
  FLASH_ATTN_EXT(hsk=64,hsv=64,nh=4,nr23=[1,1],kv=512,nb=32,mask=0,sinks=0,max_bias=0.000000,logit_softcap=0.000000,prec=f32,type_K=q4_0,type_V=q4_0,permute=[0,1,2,3]): not supported [RD0] 
  FLASH_ATTN_EXT(hsk=64,hsv=64,nh=4,nr23=[1,1],kv=512,nb=32,mask=0,sinks=0,max_bias=0.000000,logit_softcap=0.000000,prec=f32,type_K=iq4_nl,type_V=iq4_nl,permute=[0,1,2,3]): not supported [RD0] 
  FLASH_ATTN_EXT(hsk=64,hsv=64,nh=4,nr23=[1,1],kv=512,nb=75,mask=0,sinks=0,max_bias=0.000000,logit_softcap=0.000000,prec=f32,type_K=f32,type_V=f32,permute=[0,1,2,3]): OK
  FLASH_ATTN_EXT(hsk=64,hsv=64,nh=4,nr23=[1,1],kv=512,nb=75,mask=0,sinks=0,max_bias=0.000000,logit_softcap=0.000000,prec=f32,type_K=f16,type_V=f16,permute=[0,1,2,3]): OK
  FLASH_ATTN_EXT(hsk=64,hsv=64,nh=4,nr23=[1,1],kv=512,nb=75,mask=0,sinks=0,max_bias=0.000000,logit_softcap=0.000000,prec=f32,type_K=bf16,type_V=bf16,permute=[0,1,2,3]): not supported [RD0] 
  FLASH_ATTN_EXT(hsk=64,hsv=64,nh=4,nr23=[1,1],kv=512,nb=75,mask=0,sinks=0,max_bias=0.000000,logit_softcap=0.000000,prec=f32,type_K=q8_0,type_V=q8_0,permute=[0,1,2,3]): not supported [RD0] 
  FLASH_ATTN_EXT(hsk=64,hsv=64,nh=4,nr23=[1,1],kv=512,nb=75,mask=0,sinks=0,max_bias=0.000000,logit_softcap=0.000000,prec=f32,type_K=q5_1,type_V=q5_1,permute=[0,1,2,3]): not supported [RD0] 
  FLASH_ATTN_EXT(hsk=64,hsv=64,nh=4,nr23=[1,1],kv=512,nb=75,mask=0,sinks=0,max_bias=0.000000,logit_softcap=0.000000,prec=f32,type_K=q5_0,type_V=q5_0,permute=[0,1,2,3]): not supported [RD0] 
  FLASH_ATTN_EXT(hsk=64,hsv=64,nh=4,nr23=[1,1],kv=512,nb=75,mask=0,sinks=0,max_bias=0.000000,logit_softcap=0.000000,prec=f32,type_K=q4_1,type_V=q4_1,permute=[0,1,2,3]): not supported [RD0] 
  FLASH_ATTN_EXT(hsk=64,hsv=64,nh=4,nr23=[1,1],kv=512,nb=75,mask=0,sinks=0,max_bias=0.000000,logit_softcap=0.000000,prec=f32,type_K=q4_0,type_V=q4_0,permute=[0,1,2,3]): not supported [RD0] 
  FLASH_ATTN_EXT(hsk=64,hsv=64,nh=4,nr23=[1,1],kv=512,nb=75,mask=0,sinks=0,max_bias=0.000000,logit_softcap=0.000000,prec=f32,type_K=iq4_nl,type_V=iq4_nl,permute=[0,1,2,3]): not supported [RD0] 
  FLASH_ATTN_EXT(hsk=64,hsv=64,nh=4,nr23=[1,1],kv=1024,nb=1,mask=0,sinks=0,max_bias=0.000000,logit_softcap=0.000000,prec=f32,type_K=f32,type_V=f32,permute=[0,1,2,3]): OK
  FLASH_ATTN_EXT(hsk=64,hsv=64,nh=4,nr23=[1,1],kv=1024,nb=1,mask=0,sinks=0,max_bias=0.000000,logit_softcap=0.000000,prec=f32,type_K=f16,type_V=f16,permute=[0,1,2,3]): OK
  FLASH_ATTN_EXT(hsk=64,hsv=64,nh=4,nr23=[1,1],kv=1024,nb=1,mask=0,sinks=0,max_bias=0.000000,logit_softcap=0.000000,prec=f32,type_K=bf16,type_V=bf16,permute=[0,1,2,3]): not supported [RD0] 
  FLASH_ATTN_EXT(hsk=64,hsv=64,nh=4,nr23=[1,1],kv=1024,nb=1,mask=0,sinks=0,max_bias=0.000000,logit_softcap=0.000000,prec=f32,type_K=q8_0,type_V=q8_0,permute=[0,1,2,3]): not supported [RD0] 
  FLASH_ATTN_EXT(hsk=64,hsv=64,nh=4,nr23=[1,1],kv=1024,nb=1,mask=0,sinks=0,max_bias=0.000000,logit_softcap=0.000000,prec=f32,type_K=q5_1,type_V=q5_1,permute=[0,1,2,3]): not supported [RD0] 
  FLASH_ATTN_EXT(hsk=64,hsv=64,nh=4,nr23=[1,1],kv=1024,nb=1,mask=0,sinks=0,max_bias=0.000000,logit_softcap=0.000000,prec=f32,type_K=q5_0,type_V=q5_0,permute=[0,1,2,3]): not supported [RD0] 
  FLASH_ATTN_EXT(hsk=64,hsv=64,nh=4,nr23=[1,1],kv=1024,nb=1,mask=0,sinks=0,max_bias=0.000000,logit_softcap=0.000000,prec=f32,type_K=q4_1,type_V=q4_1,permute=[0,1,2,3]): not supported [RD0] 
  FLASH_ATTN_EXT(hsk=64,hsv=64,nh=4,nr23=[1,1],kv=1024,nb=1,mask=0,sinks=0,max_bias=0.000000,logit_softcap=0.000000,prec=f32,type_K=q4_0,type_V=q4_0,permute=[0,1,2,3]): not supported [RD0] 
  FLASH_ATTN_EXT(hsk=64,hsv=64,nh=4,nr23=[1,1],kv=1024,nb=1,mask=0,sinks=0,max_bias=0.000000,logit_softcap=0.000000,prec=f32,type_K=iq4_nl,type_V=iq4_nl,permute=[0,1,2,3]): not supported [RD0] 
  FLASH_ATTN_EXT(hsk=64,hsv=64,nh=4,nr23=[1,1],kv=1024,nb=3,mask=0,sinks=0,max_bias=0.000000,logit_softcap=0.000000,prec=f32,type_K=f32,type_V=f32,permute=[0,1,2,3]): OK
  FLASH_ATTN_EXT(hsk=64,hsv=64,nh=4,nr23=[1,1],kv=1024,nb=3,mask=0,sinks=0,max_bias=0.000000,logit_softcap=0.000000,prec=f32,type_K=f16,type_V=f16,permute=[0,1,2,3]): OK
  FLASH_ATTN_EXT(hsk=64,hsv=64,nh=4,nr23=[1,1],kv=1024,nb=3,mask=0,sinks=0,max_bias=0.000000,logit_softcap=0.000000,prec=f32,type_K=bf16,type_V=bf16,permute=[0,1,2,3]): not supported [RD0] 
  FLASH_ATTN_EXT(hsk=64,hsv=64,nh=4,nr23=[1,1],kv=1024,nb=3,mask=0,sinks=0,max_bias=0.000000,logit_softcap=0.000000,prec=f32,type_K=q8_0,type_V=q8_0,permute=[0,1,2,3]): not supported [RD0] 
  FLASH_ATTN_EXT(hsk=64,hsv=64,nh=4,nr23=[1,1],kv=1024,nb=3,mask=0,sinks=0,max_bias=0.000000,logit_softcap=0.000000,prec=f32,type_K=q5_1,type_V=q5_1,permute=[0,1,2,3]): not supported [RD0] 
  FLASH_ATTN_EXT(hsk=64,hsv=64,nh=4,nr23=[1,1],kv=1024,nb=3,mask=0,sinks=0,max_bias=0.000000,logit_softcap=0.000000,prec=f32,type_K=q5_0,type_V=q5_0,permute=[0,1,2,3]): not supported [RD0] 
  FLASH_ATTN_EXT(hsk=64,hsv=64,nh=4,nr23=[1,1],kv=1024,nb=3,mask=0,sinks=0,max_bias=0.000000,logit_softcap=0.000000,prec=f32,type_K=q4_1,type_V=q4_1,permute=[0,1,2,3]): not supported [RD0] 
  FLASH_ATTN_EXT(hsk=64,hsv=64,nh=4,nr23=[1,1],kv=1024,nb=3,mask=0,sinks=0,max_bias=0.000000,logit_softcap=0.000000,prec=f32,type_K=q4_0,type_V=q4_0,permute=[0,1,2,3]): not supported [RD0] 
  FLASH_ATTN_EXT(hsk=64,hsv=64,nh=4,nr23=[1,1],kv=1024,nb=3,mask=0,sinks=0,max_bias=0.000000,logit_softcap=0.000000,prec=f32,type_K=iq4_nl,type_V=iq4_nl,permute=[0,1,2,3]): not supported [RD0] 
  FLASH_ATTN_EXT(hsk=64,hsv=64,nh=4,nr23=[1,1],kv=1024,nb=32,mask=0,sinks=0,max_bias=0.000000,logit_softcap=0.000000,prec=f32,type_K=f32,type_V=f32,permute=[0,1,2,3]): OK
  FLASH_ATTN_EXT(hsk=64,hsv=64,nh=4,nr23=[1,1],kv=1024,nb=32,mask=0,sinks=0,max_bias=0.000000,logit_softcap=0.000000,prec=f32,type_K=f16,type_V=f16,permute=[0,1,2,3]): OK
  FLASH_ATTN_EXT(hsk=64,hsv=64,nh=4,nr23=[1,1],kv=1024,nb=32,mask=0,sinks=0,max_bias=0.000000,logit_softcap=0.000000,prec=f32,type_K=bf16,type_V=bf16,permute=[0,1,2,3]): not supported [RD0] 
  FLASH_ATTN_EXT(hsk=64,hsv=64,nh=4,nr23=[1,1],kv=1024,nb=32,mask=0,sinks=0,max_bias=0.000000,logit_softcap=0.000000,prec=f32,type_K=q8_0,type_V=q8_0,permute=[0,1,2,3]): not supported [RD0] 
  FLASH_ATTN_EXT(hsk=64,hsv=64,nh=4,nr23=[1,1],kv=1024,nb=32,mask=0,sinks=0,max_bias=0.000000,logit_softcap=0.000000,prec=f32,type_K=q5_1,type_V=q5_1,permute=[0,1,2,3]): not supported [RD0] 
  FLASH_ATTN_EXT(hsk=64,hsv=64,nh=4,nr23=[1,1],kv=1024,nb=32,mask=0,sinks=0,max_bias=0.000000,logit_softcap=0.000000,prec=f32,type_K=q5_0,type_V=q5_0,permute=[0,1,2,3]): not supported [RD0] 
  FLASH_ATTN_EXT(hsk=64,hsv=64,nh=4,nr23=[1,1],kv=1024,nb=32,mask=0,sinks=0,max_bias=0.000000,logit_softcap=0.000000,prec=f32,type_K=q4_1,type_V=q4_1,permute=[0,1,2,3]): not supported [RD0] 
  FLASH_ATTN_EXT(hsk=64,hsv=64,nh=4,nr23=[1,1],kv=1024,nb=32,mask=0,sinks=0,max_bias=0.000000,logit_softcap=0.000000,prec=f32,type_K=q4_0,type_V=q4_0,permute=[0,1,2,3]): not supported [RD0] 
  FLASH_ATTN_EXT(hsk=64,hsv=64,nh=4,nr23=[1,1],kv=1024,nb=32,mask=0,sinks=0,max_bias=0.000000,logit_softcap=0.000000,prec=f32,type_K=iq4_nl,type_V=iq4_nl,permute=[0,1,2,3]): not supported [RD0] 
  FLASH_ATTN_EXT(hsk=64,hsv=64,nh=4,nr23=[1,1],kv=1024,nb=75,mask=0,sinks=0,max_bias=0.000000,logit_softcap=0.000000,prec=f32,type_K=f32,type_V=f32,permute=[0,1,2,3]): OK
  FLASH_ATTN_EXT(hsk=64,hsv=64,nh=4,nr23=[1,1],kv=1024,nb=75,mask=0,sinks=0,max_bias=0.000000,logit_softcap=0.000000,prec=f32,type_K=f16,type_V=f16,permute=[0,1,2,3]): OK
  FLASH_ATTN_EXT(hsk=64,hsv=64,nh=4,nr23=[1,1],kv=1024,nb=75,mask=0,sinks=0,max_bias=0.000000,logit_softcap=0.000000,prec=f32,type_K=bf16,type_V=bf16,permute=[0,1,2,3]): not supported [RD0] 
  FLASH_ATTN_EXT(hsk=64,hsv=64,nh=4,nr23=[1,1],kv=1024,nb=75,mask=0,sinks=0,max_bias=0.000000,logit_softcap=0.000000,prec=f32,type_K=q8_0,type_V=q8_0,permute=[0,1,2,3]): not supported [RD0] 
  FLASH_ATTN_EXT(hsk=64,hsv=64,nh=4,nr23=[1,1],kv=1024,nb=75,mask=0,sinks=0,max_bias=0.000000,logit_softcap=0.000000,prec=f32,type_K=q5_1,type_V=q5_1,permute=[0,1,2,3]): not supported [RD0] 
  FLASH_ATTN_EXT(hsk=64,hsv=64,nh=4,nr23=[1,1],kv=1024,nb=75,mask=0,sinks=0,max_bias=0.000000,logit_softcap=0.000000,prec=f32,type_K=q5_0,type_V=q5_0,permute=[0,1,2,3]): not supported [RD0] 
  FLASH_ATTN_EXT(hsk=64,hsv=64,nh=4,nr23=[1,1],kv=1024,nb=75,mask=0,sinks=0,max_bias=0.000000,logit_softcap=0.000000,prec=f32,type_K=q4_1,type_V=q4_1,permute=[0,1,2,3]): not supported [RD0] 
  FLASH_ATTN_EXT(hsk=64,hsv=64,nh=4,nr23=[1,1],kv=1024,nb=75,mask=0,sinks=0,max_bias=0.000000,logit_softcap=0.000000,prec=f32,type_K=q4_0,type_V=q4_0,permute=[0,1,2,3]): not supported [RD0] 
  FLASH_ATTN_EXT(hsk=64,hsv=64,nh=4,nr23=[1,1],kv=1024,nb=75,mask=0,sinks=0,max_bias=0.000000,logit_softcap=0.000000,prec=f32,type_K=iq4_nl,type_V=iq4_nl,permute=[0,1,2,3]): not supported [RD0] 
  FLASH_ATTN_EXT(hsk=64,hsv=64,nh=4,nr23=[4,1],kv=512,nb=1,mask=0,sinks=0,max_bias=0.000000,logit_softcap=0.000000,prec=f32,type_K=f32,type_V=f32,permute=[0,1,2,3]): OK
  FLASH_ATTN_EXT(hsk=64,hsv=64,nh=4,nr23=[4,1],kv=512,nb=1,mask=0,sinks=0,max_bias=0.000000,logit_softcap=0.000000,prec=f32,type_K=f16,type_V=f16,permute=[0,1,2,3]): OK
  FLASH_ATTN_EXT(hsk=64,hsv=64,nh=4,nr23=[4,1],kv=512,nb=1,mask=0,sinks=0,max_bias=0.000000,logit_softcap=0.000000,prec=f32,type_K=bf16,type_V=bf16,permute=[0,1,2,3]): not supported [RD0] 
  FLASH_ATTN_EXT(hsk=64,hsv=64,nh=4,nr23=[4,1],kv=512,nb=1,mask=0,sinks=0,max_bias=0.000000,logit_softcap=0.000000,prec=f32,type_K=q8_0,type_V=q8_0,permute=[0,1,2,3]): not supported [RD0] 
  FLASH_ATTN_EXT(hsk=64,hsv=64,nh=4,nr23=[4,1],kv=512,nb=1,mask=0,sinks=0,max_bias=0.000000,logit_softcap=0.000000,prec=f32,type_K=q5_1,type_V=q5_1,permute=[0,1,2,3]): not supported [RD0] 
  FLASH_ATTN_EXT(hsk=64,hsv=64,nh=4,nr23=[4,1],kv=512,nb=1,mask=0,sinks=0,max_bias=0.000000,logit_softcap=0.000000,prec=f32,type_K=q5_0,type_V=q5_0,permute=[0,1,2,3]): not supported [RD0] 
  FLASH_ATTN_EXT(hsk=64,hsv=64,nh=4,nr23=[4,1],kv=512,nb=1,mask=0,sinks=0,max_bias=0.000000,logit_softcap=0.000000,prec=f32,type_K=q4_1,type_V=q4_1,permute=[0,1,2,3]): not supported [RD0] 
  FLASH_ATTN_EXT(hsk=64,hsv=64,nh=4,nr23=[4,1],kv=512,nb=1,mask=0,sinks=0,max_bias=0.000000,logit_softcap=0.000000,prec=f32,type_K=q4_0,type_V=q4_0,permute=[0,1,2,3]): not supported [RD0] 
  FLASH_ATTN_EXT(hsk=64,hsv=64,nh=4,nr23=[4,1],kv=512,nb=1,mask=0,sinks=0,max_bias=0.000000,logit_softcap=0.000000,prec=f32,type_K=iq4_nl,type_V=iq4_nl,permute=[0,1,2,3]): not supported [RD0] 
  FLASH_ATTN_EXT(hsk=64,hsv=64,nh=4,nr23=[4,1],kv=512,nb=3,mask=0,sinks=0,max_bias=0.000000,logit_softcap=0.000000,prec=f32,type_K=f32,type_V=f32,permute=[0,1,2,3]): OK
  FLASH_ATTN_EXT(hsk=64,hsv=64,nh=4,nr23=[4,1],kv=512,nb=3,mask=0,sinks=0,max_bias=0.000000,logit_softcap=0.000000,prec=f32,type_K=f16,type_V=f16,permute=[0,1,2,3]): OK
  FLASH_ATTN_EXT(hsk=64,hsv=64,nh=4,nr23=[4,1],kv=512,nb=3,mask=0,sinks=0,max_bias=0.000000,logit_softcap=0.000000,prec=f32,type_K=bf16,type_V=bf16,permute=[0,1,2,3]): not supported [RD0] 
  FLASH_ATTN_EXT(hsk=64,hsv=64,nh=4,nr23=[4,1],kv=512,nb=3,mask=0,sinks=0,max_bias=0.000000,logit_softcap=0.000000,prec=f32,type_K=q8_0,type_V=q8_0,permute=[0,1,2,3]): not supported [RD0] 
  FLASH_ATTN_EXT(hsk=64,hsv=64,nh=4,nr23=[4,1],kv=512,nb=3,mask=0,sinks=0,max_bias=0.000000,logit_softcap=0.000000,prec=f32,type_K=q5_1,type_V=q5_1,permute=[0,1,2,3]): not supported [RD0] 
  FLASH_ATTN_EXT(hsk=64,hsv=64,nh=4,nr23=[4,1],kv=512,nb=3,mask=0,sinks=0,max_bias=0.000000,logit_softcap=0.000000,prec=f32,type_K=q5_0,type_V=q5_0,permute=[0,1,2,3]): not supported [RD0] 
  FLASH_ATTN_EXT(hsk=64,hsv=64,nh=4,nr23=[4,1],kv=512,nb=3,mask=0,sinks=0,max_bias=0.000000,logit_softcap=0.000000,prec=f32,type_K=q4_1,type_V=q4_1,permute=[0,1,2,3]): not supported [RD0] 
  FLASH_ATTN_EXT(hsk=64,hsv=64,nh=4,nr23=[4,1],kv=512,nb=3,mask=0,sinks=0,max_bias=0.000000,logit_softcap=0.000000,prec=f32,type_K=q4_0,type_V=q4_0,permute=[0,1,2,3]): not supported [RD0] 
  FLASH_ATTN_EXT(hsk=64,hsv=64,nh=4,nr23=[4,1],kv=512,nb=3,mask=0,sinks=0,max_bias=0.000000,logit_softcap=0.000000,prec=f32,type_K=iq4_nl,type_V=iq4_nl,permute=[0,1,2,3]): not supported [RD0] 
  FLASH_ATTN_EXT(hsk=64,hsv=64,nh=4,nr23=[4,1],kv=512,nb=32,mask=0,sinks=0,max_bias=0.000000,logit_softcap=0.000000,prec=f32,type_K=f32,type_V=f32,permute=[0,1,2,3]): OK
  FLASH_ATTN_EXT(hsk=64,hsv=64,nh=4,nr23=[4,1],kv=512,nb=32,mask=0,sinks=0,max_bias=0.000000,logit_softcap=0.000000,prec=f32,type_K=f16,type_V=f16,permute=[0,1,2,3]): OK
  FLASH_ATTN_EXT(hsk=64,hsv=64,nh=4,nr23=[4,1],kv=512,nb=32,mask=0,sinks=0,max_bias=0.000000,logit_softcap=0.000000,prec=f32,type_K=bf16,type_V=bf16,permute=[0,1,2,3]): not supported [RD0] 
  FLASH_ATTN_EXT(hsk=64,hsv=64,nh=4,nr23=[4,1],kv=512,nb=32,mask=0,sinks=0,max_bias=0.000000,logit_softcap=0.000000,prec=f32,type_K=q8_0,type_V=q8_0,permute=[0,1,2,3]): not supported [RD0] 
  FLASH_ATTN_EXT(hsk=64,hsv=64,nh=4,nr23=[4,1],kv=512,nb=32,mask=0,sinks=0,max_bias=0.000000,logit_softcap=0.000000,prec=f32,type_K=q5_1,type_V=q5_1,permute=[0,1,2,3]): not supported [RD0] 
  FLASH_ATTN_EXT(hsk=64,hsv=64,nh=4,nr23=[4,1],kv=512,nb=32,mask=0,sinks=0,max_bias=0.000000,logit_softcap=0.000000,prec=f32,type_K=q5_0,type_V=q5_0,permute=[0,1,2,3]): not supported [RD0] 
  FLASH_ATTN_EXT(hsk=64,hsv=64,nh=4,nr23=[4,1],kv=512,nb=32,mask=0,sinks=0,max_bias=0.000000,logit_softcap=0.000000,prec=f32,type_K=q4_1,type_V=q4_1,permute=[0,1,2,3]): not supported [RD0] 
  FLASH_ATTN_EXT(hsk=64,hsv=64,nh=4,nr23=[4,1],kv=512,nb=32,mask=0,sinks=0,max_bias=0.000000,logit_softcap=0.000000,prec=f32,type_K=q4_0,type_V=q4_0,permute=[0,1,2,3]): not supported [RD0] 
  FLASH_ATTN_EXT(hsk=64,hsv=64,nh=4,nr23=[4,1],kv=512,nb=32,mask=0,sinks=0,max_bias=0.000000,logit_softcap=0.000000,prec=f32,type_K=iq4_nl,type_V=iq4_nl,permute=[0,1,2,3]): not supported [RD0] 
  FLASH_ATTN_EXT(hsk=64,hsv=64,nh=4,nr23=[4,1],kv=512,nb=75,mask=0,sinks=0,max_bias=0.000000,logit_softcap=0.000000,prec=f32,type_K=f32,type_V=f32,permute=[0,1,2,3]): OK
  FLASH_ATTN_EXT(hsk=64,hsv=64,nh=4,nr23=[4,1],kv=512,nb=75,mask=0,sinks=0,max_bias=0.000000,logit_softcap=0.000000,prec=f32,type_K=f16,type_V=f16,permute=[0,1,2,3]): OK
  FLASH_ATTN_EXT(hsk=64,hsv=64,nh=4,nr23=[4,1],kv=512,nb=75,mask=0,sinks=0,max_bias=0.000000,logit_softcap=0.000000,prec=f32,type_K=bf16,type_V=bf16,permute=[0,1,2,3]): not supported [RD0] 
  FLASH_ATTN_EXT(hsk=64,hsv=64,nh=4,nr23=[4,1],kv=512,nb=75,mask=0,sinks=0,max_bias=0.000000,logit_softcap=0.000000,prec=f32,type_K=q8_0,type_V=q8_0,permute=[0,1,2,3]): not supported [RD0] 
  FLASH_ATTN_EXT(hsk=64,hsv=64,nh=4,nr23=[4,1],kv=512,nb=75,mask=0,sinks=0,max_bias=0.000000,logit_softcap=0.000000,prec=f32,type_K=q5_1,type_V=q5_1,permute=[0,1,2,3]): not supported [RD0] 
  FLASH_ATTN_EXT(hsk=64,hsv=64,nh=4,nr23=[4,1],kv=512,nb=75,mask=0,sinks=0,max_bias=0.000000,logit_softcap=0.000000,prec=f32,type_K=q5_0,type_V=q5_0,permute=[0,1,2,3]): not supported [RD0] 
  FLASH_ATTN_EXT(hsk=64,hsv=64,nh=4,nr23=[4,1],kv=512,nb=75,mask=0,sinks=0,max_bias=0.000000,logit_softcap=0.000000,prec=f32,type_K=q4_1,type_V=q4_1,permute=[0,1,2,3]): not supported [RD0] 
  FLASH_ATTN_EXT(hsk=64,hsv=64,nh=4,nr23=[4,1],kv=512,nb=75,mask=0,sinks=0,max_bias=0.000000,logit_softcap=0.000000,prec=f32,type_K=q4_0,type_V=q4_0,permute=[0,1,2,3]): not supported [RD0] 
  FLASH_ATTN_EXT(hsk=64,hsv=64,nh=4,nr23=[4,1],kv=512,nb=75,mask=0,sinks=0,max_bias=0.000000,logit_softcap=0.000000,prec=f32,type_K=iq4_nl,type_V=iq4_nl,permute=[0,1,2,3]): not supported [RD0] 
  FLASH_ATTN_EXT(hsk=64,hsv=64,nh=4,nr23=[1,3],kv=113,nb=1,mask=0,sinks=0,max_bias=0.000000,logit_softcap=0.000000,prec=f32,type_K=f32,type_V=f32,permute=[0,1,2,3]): OK
  FLASH_ATTN_EXT(hsk=64,hsv=64,nh=4,nr23=[1,3],kv=113,nb=1,mask=0,sinks=0,max_bias=0.000000,logit_softcap=0.000000,prec=f32,type_K=f16,type_V=f16,permute=[0,1,2,3]): OK
  FLASH_ATTN_EXT(hsk=64,hsv=64,nh=4,nr23=[1,3],kv=113,nb=1,mask=0,sinks=0,max_bias=0.000000,logit_softcap=0.000000,prec=f32,type_K=bf16,type_V=bf16,permute=[0,1,2,3]): not supported [RD0] 
  FLASH_ATTN_EXT(hsk=64,hsv=64,nh=4,nr23=[1,3],kv=113,nb=1,mask=0,sinks=0,max_bias=0.000000,logit_softcap=0.000000,prec=f32,type_K=q8_0,type_V=q8_0,permute=[0,1,2,3]): not supported [RD0] 
  FLASH_ATTN_EXT(hsk=64,hsv=64,nh=4,nr23=[1,3],kv=113,nb=1,mask=0,sinks=0,max_bias=0.000000,logit_softcap=0.000000,prec=f32,type_K=q5_1,type_V=q5_1,permute=[0,1,2,3]): not supported [RD0] 
  FLASH_ATTN_EXT(hsk=64,hsv=64,nh=4,nr23=[1,3],kv=113,nb=1,mask=0,sinks=0,max_bias=0.000000,logit_softcap=0.000000,prec=f32,type_K=q5_0,type_V=q5_0,permute=[0,1,2,3]): not supported [RD0] 
  FLASH_ATTN_EXT(hsk=64,hsv=64,nh=4,nr23=[1,3],kv=113,nb=1,mask=0,sinks=0,max_bias=0.000000,logit_softcap=0.000000,prec=f32,type_K=q4_1,type_V=q4_1,permute=[0,1,2,3]): not supported [RD0] 
  FLASH_ATTN_EXT(hsk=64,hsv=64,nh=4,nr23=[1,3],kv=113,nb=1,mask=0,sinks=0,max_bias=0.000000,logit_softcap=0.000000,prec=f32,type_K=q4_0,type_V=q4_0,permute=[0,1,2,3]): not supported [RD0] 
  FLASH_ATTN_EXT(hsk=64,hsv=64,nh=4,nr23=[1,3],kv=113,nb=1,mask=0,sinks=0,max_bias=0.000000,logit_softcap=0.000000,prec=f32,type_K=iq4_nl,type_V=iq4_nl,permute=[0,1,2,3]): not supported [RD0] 
  FLASH_ATTN_EXT(hsk=64,hsv=64,nh=4,nr23=[1,3],kv=113,nb=3,mask=0,sinks=0,max_bias=0.000000,logit_softcap=0.000000,prec=f32,type_K=f32,type_V=f32,permute=[0,1,2,3]): OK
  FLASH_ATTN_EXT(hsk=64,hsv=64,nh=4,nr23=[1,3],kv=113,nb=3,mask=0,sinks=0,max_bias=0.000000,logit_softcap=0.000000,prec=f32,type_K=f16,type_V=f16,permute=[0,1,2,3]): OK
  FLASH_ATTN_EXT(hsk=64,hsv=64,nh=4,nr23=[1,3],kv=113,nb=3,mask=0,sinks=0,max_bias=0.000000,logit_softcap=0.000000,prec=f32,type_K=bf16,type_V=bf16,permute=[0,1,2,3]): not supported [RD0] 
  FLASH_ATTN_EXT(hsk=64,hsv=64,nh=4,nr23=[1,3],kv=113,nb=3,mask=0,sinks=0,max_bias=0.000000,logit_softcap=0.000000,prec=f32,type_K=q8_0,type_V=q8_0,permute=[0,1,2,3]): not supported [RD0] 
  FLASH_ATTN_EXT(hsk=64,hsv=64,nh=4,nr23=[1,3],kv=113,nb=3,mask=0,sinks=0,max_bias=0.000000,logit_softcap=0.000000,prec=f32,type_K=q5_1,type_V=q5_1,permute=[0,1,2,3]): not supported [RD0] 
  FLASH_ATTN_EXT(hsk=64,hsv=64,nh=4,nr23=[1,3],kv=113,nb=3,mask=0,sinks=0,max_bias=0.000000,logit_softcap=0.000000,prec=f32,type_K=q5_0,type_V=q5_0,permute=[0,1,2,3]): not supported [RD0] 
  FLASH_ATTN_EXT(hsk=64,hsv=64,nh=4,nr23=[1,3],kv=113,nb=3,mask=0,sinks=0,max_bias=0.000000,logit_softcap=0.000000,prec=f32,type_K=q4_1,type_V=q4_1,permute=[0,1,2,3]): not supported [RD0] 
  FLASH_ATTN_EXT(hsk=64,hsv=64,nh=4,nr23=[1,3],kv=113,nb=3,mask=0,sinks=0,max_bias=0.000000,logit_softcap=0.000000,prec=f32,type_K=q4_0,type_V=q4_0,permute=[0,1,2,3]): not supported [RD0] 
  FLASH_ATTN_EXT(hsk=64,hsv=64,nh=4,nr23=[1,3],kv=113,nb=3,mask=0,sinks=0,max_bias=0.000000,logit_softcap=0.000000,prec=f32,type_K=iq4_nl,type_V=iq4_nl,permute=[0,1,2,3]): not supported [RD0] 
  FLASH_ATTN_EXT(hsk=64,hsv=64,nh=4,nr23=[1,3],kv=113,nb=32,mask=0,sinks=0,max_bias=0.000000,logit_softcap=0.000000,prec=f32,type_K=f32,type_V=f32,permute=[0,1,2,3]): OK
  FLASH_ATTN_EXT(hsk=64,hsv=64,nh=4,nr23=[1,3],kv=113,nb=32,mask=0,sinks=0,max_bias=0.000000,logit_softcap=0.000000,prec=f32,type_K=f16,type_V=f16,permute=[0,1,2,3]): OK
  FLASH_ATTN_EXT(hsk=64,hsv=64,nh=4,nr23=[1,3],kv=113,nb=32,mask=0,sinks=0,max_bias=0.000000,logit_softcap=0.000000,prec=f32,type_K=bf16,type_V=bf16,permute=[0,1,2,3]): not supported [RD0] 
  FLASH_ATTN_EXT(hsk=64,hsv=64,nh=4,nr23=[1,3],kv=113,nb=32,mask=0,sinks=0,max_bias=0.000000,logit_softcap=0.000000,prec=f32,type_K=q8_0,type_V=q8_0,permute=[0,1,2,3]): not supported [RD0] 
  FLASH_ATTN_EXT(hsk=64,hsv=64,nh=4,nr23=[1,3],kv=113,nb=32,mask=0,sinks=0,max_bias=0.000000,logit_softcap=0.000000,prec=f32,type_K=q5_1,type_V=q5_1,permute=[0,1,2,3]): not supported [RD0] 
  FLASH_ATTN_EXT(hsk=64,hsv=64,nh=4,nr23=[1,3],kv=113,nb=32,mask=0,sinks=0,max_bias=0.000000,logit_softcap=0.000000,prec=f32,type_K=q5_0,type_V=q5_0,permute=[0,1,2,3]): not supported [RD0] 
  FLASH_ATTN_EXT(hsk=64,hsv=64,nh=4,nr23=[1,3],kv=113,nb=32,mask=0,sinks=0,max_bias=0.000000,logit_softcap=0.000000,prec=f32,type_K=q4_1,type_V=q4_1,permute=[0,1,2,3]): not supported [RD0] 
  FLASH_ATTN_EXT(hsk=64,hsv=64,nh=4,nr23=[1,3],kv=113,nb=32,mask=0,sinks=0,max_bias=0.000000,logit_softcap=0.000000,prec=f32,type_K=q4_0,type_V=q4_0,permute=[0,1,2,3]): not supported [RD0] 
  FLASH_ATTN_EXT(hsk=64,hsv=64,nh=4,nr23=[1,3],kv=113,nb=32,mask=0,sinks=0,max_bias=0.000000,logit_softcap=0.000000,prec=f32,type_K=iq4_nl,type_V=iq4_nl,permute=[0,1,2,3]): not supported [RD0] 
  FLASH_ATTN_EXT(hsk=64,hsv=64,nh=4,nr23=[1,3],kv=113,nb=75,mask=0,sinks=0,max_bias=0.000000,logit_softcap=0.000000,prec=f32,type_K=f32,type_V=f32,permute=[0,1,2,3]): OK
  FLASH_ATTN_EXT(hsk=64,hsv=64,nh=4,nr23=[1,3],kv=113,nb=75,mask=0,sinks=0,max_bias=0.000000,logit_softcap=0.000000,prec=f32,type_K=f16,type_V=f16,permute=[0,1,2,3]): OK
  FLASH_ATTN_EXT(hsk=64,hsv=64,nh=4,nr23=[1,3],kv=113,nb=75,mask=0,sinks=0,max_bias=0.000000,logit_softcap=0.000000,prec=f32,type_K=bf16,type_V=bf16,permute=[0,1,2,3]): not supported [RD0] 
  FLASH_ATTN_EXT(hsk=64,hsv=64,nh=4,nr23=[1,3],kv=113,nb=75,mask=0,sinks=0,max_bias=0.000000,logit_softcap=0.000000,prec=f32,type_K=q8_0,type_V=q8_0,permute=[0,1,2,3]): not supported [RD0] 
  FLASH_ATTN_EXT(hsk=64,hsv=64,nh=4,nr23=[1,3],kv=113,nb=75,mask=0,sinks=0,max_bias=0.000000,logit_softcap=0.000000,prec=f32,type_K=q5_1,type_V=q5_1,permute=[0,1,2,3]): not supported [RD0] 
  FLASH_ATTN_EXT(hsk=64,hsv=64,nh=4,nr23=[1,3],kv=113,nb=75,mask=0,sinks=0,max_bias=0.000000,logit_softcap=0.000000,prec=f32,type_K=q5_0,type_V=q5_0,permute=[0,1,2,3]): not supported [RD0] 
  FLASH_ATTN_EXT(hsk=64,hsv=64,nh=4,nr23=[1,3],kv=113,nb=75,mask=0,sinks=0,max_bias=0.000000,logit_softcap=0.000000,prec=f32,type_K=q4_1,type_V=q4_1,permute=[0,1,2,3]): not supported [RD0] 
  FLASH_ATTN_EXT(hsk=64,hsv=64,nh=4,nr23=[1,3],kv=113,nb=75,mask=0,sinks=0,max_bias=0.000000,logit_softcap=0.000000,prec=f32,type_K=q4_0,type_V=q4_0,permute=[0,1,2,3]): not supported [RD0] 
  FLASH_ATTN_EXT(hsk=64,hsv=64,nh=4,nr23=[1,3],kv=113,nb=75,mask=0,sinks=0,max_bias=0.000000,logit_softcap=0.000000,prec=f32,type_K=iq4_nl,type_V=iq4_nl,permute=[0,1,2,3]): not supported [RD0] 
  FLASH_ATTN_EXT(hsk=64,hsv=64,nh=4,nr23=[1,3],kv=512,nb=1,mask=0,sinks=0,max_bias=0.000000,logit_softcap=0.000000,prec=f32,type_K=f32,type_V=f32,permute=[0,1,2,3]): OK
  FLASH_ATTN_EXT(hsk=64,hsv=64,nh=4,nr23=[1,3],kv=512,nb=1,mask=0,sinks=0,max_bias=0.000000,logit_softcap=0.000000,prec=f32,type_K=f16,type_V=f16,permute=[0,1,2,3]): OK
  FLASH_ATTN_EXT(hsk=64,hsv=64,nh=4,nr23=[1,3],kv=512,nb=1,mask=0,sinks=0,max_bias=0.000000,logit_softcap=0.000000,prec=f32,type_K=bf16,type_V=bf16,permute=[0,1,2,3]): not supported [RD0] 
  FLASH_ATTN_EXT(hsk=64,hsv=64,nh=4,nr23=[1,3],kv=512,nb=1,mask=0,sinks=0,max_bias=0.000000,logit_softcap=0.000000,prec=f32,type_K=q8_0,type_V=q8_0,permute=[0,1,2,3]): not supported [RD0] 
  FLASH_ATTN_EXT(hsk=64,hsv=64,nh=4,nr23=[1,3],kv=512,nb=1,mask=0,sinks=0,max_bias=0.000000,logit_softcap=0.000000,prec=f32,type_K=q5_1,type_V=q5_1,permute=[0,1,2,3]): not supported [RD0] 
  FLASH_ATTN_EXT(hsk=64,hsv=64,nh=4,nr23=[1,3],kv=512,nb=1,mask=0,sinks=0,max_bias=0.000000,logit_softcap=0.000000,prec=f32,type_K=q5_0,type_V=q5_0,permute=[0,1,2,3]): not supported [RD0] 
  FLASH_ATTN_EXT(hsk=64,hsv=64,nh=4,nr23=[1,3],kv=512,nb=1,mask=0,sinks=0,max_bias=0.000000,logit_softcap=0.000000,prec=f32,type_K=q4_1,type_V=q4_1,permute=[0,1,2,3]): not supported [RD0] 
  FLASH_ATTN_EXT(hsk=64,hsv=64,nh=4,nr23=[1,3],kv=512,nb=1,mask=0,sinks=0,max_bias=0.000000,logit_softcap=0.000000,prec=f32,type_K=q4_0,type_V=q4_0,permute=[0,1,2,3]): not supported [RD0] 
  FLASH_ATTN_EXT(hsk=64,hsv=64,nh=4,nr23=[1,3],kv=512,nb=1,mask=0,sinks=0,max_bias=0.000000,logit_softcap=0.000000,prec=f32,type_K=iq4_nl,type_V=iq4_nl,permute=[0,1,2,3]): not supported [RD0] 
  FLASH_ATTN_EXT(hsk=64,hsv=64,nh=4,nr23=[1,3],kv=512,nb=3,mask=0,sinks=0,max_bias=0.000000,logit_softcap=0.000000,prec=f32,type_K=f32,type_V=f32,permute=[0,1,2,3]): OK
  FLASH_ATTN_EXT(hsk=64,hsv=64,nh=4,nr23=[1,3],kv=512,nb=3,mask=0,sinks=0,max_bias=0.000000,logit_softcap=0.000000,prec=f32,type_K=f16,type_V=f16,permute=[0,1,2,3]): OK
  FLASH_ATTN_EXT(hsk=64,hsv=64,nh=4,nr23=[1,3],kv=512,nb=3,mask=0,sinks=0,max_bias=0.000000,logit_softcap=0.000000,prec=f32,type_K=bf16,type_V=bf16,permute=[0,1,2,3]): not supported [RD0] 
  FLASH_ATTN_EXT(hsk=64,hsv=64,nh=4,nr23=[1,3],kv=512,nb=3,mask=0,sinks=0,max_bias=0.000000,logit_softcap=0.000000,prec=f32,type_K=q8_0,type_V=q8_0,permute=[0,1,2,3]): not supported [RD0] 
  FLASH_ATTN_EXT(hsk=64,hsv=64,nh=4,nr23=[1,3],kv=512,nb=3,mask=0,sinks=0,max_bias=0.000000,logit_softcap=0.000000,prec=f32,type_K=q5_1,type_V=q5_1,permute=[0,1,2,3]): not supported [RD0] 
  FLASH_ATTN_EXT(hsk=64,hsv=64,nh=4,nr23=[1,3],kv=512,nb=3,mask=0,sinks=0,max_bias=0.000000,logit_softcap=0.000000,prec=f32,type_K=q5_0,type_V=q5_0,permute=[0,1,2,3]): not supported [RD0] 
  FLASH_ATTN_EXT(hsk=64,hsv=64,nh=4,nr23=[1,3],kv=512,nb=3,mask=0,sinks=0,max_bias=0.000000,logit_softcap=0.000000,prec=f32,type_K=q4_1,type_V=q4_1,permute=[0,1,2,3]): not supported [RD0] 
  FLASH_ATTN_EXT(hsk=64,hsv=64,nh=4,nr23=[1,3],kv=512,nb=3,mask=0,sinks=0,max_bias=0.000000,logit_softcap=0.000000,prec=f32,type_K=q4_0,type_V=q4_0,permute=[0,1,2,3]): not supported [RD0] 
  FLASH_ATTN_EXT(hsk=64,hsv=64,nh=4,nr23=[1,3],kv=512,nb=3,mask=0,sinks=0,max_bias=0.000000,logit_softcap=0.000000,prec=f32,type_K=iq4_nl,type_V=iq4_nl,permute=[0,1,2,3]): not supported [RD0] 
  FLASH_ATTN_EXT(hsk=64,hsv=64,nh=4,nr23=[1,3],kv=512,nb=32,mask=0,sinks=0,max_bias=0.000000,logit_softcap=0.000000,prec=f32,type_K=f32,type_V=f32,permute=[0,1,2,3]): OK
  FLASH_ATTN_EXT(hsk=64,hsv=64,nh=4,nr23=[1,3],kv=512,nb=32,mask=0,sinks=0,max_bias=0.000000,logit_softcap=0.000000,prec=f32,type_K=f16,type_V=f16,permute=[0,1,2,3]): OK
  FLASH_ATTN_EXT(hsk=64,hsv=64,nh=4,nr23=[1,3],kv=512,nb=32,mask=0,sinks=0,max_bias=0.000000,logit_softcap=0.000000,prec=f32,type_K=bf16,type_V=bf16,permute=[0,1,2,3]): not supported [RD0] 
  FLASH_ATTN_EXT(hsk=64,hsv=64,nh=4,nr23=[1,3],kv=512,nb=32,mask=0,sinks=0,max_bias=0.000000,logit_softcap=0.000000,prec=f32,type_K=q8_0,type_V=q8_0,permute=[0,1,2,3]): not supported [RD0] 
  FLASH_ATTN_EXT(hsk=64,hsv=64,nh=4,nr23=[1,3],kv=512,nb=32,mask=0,sinks=0,max_bias=0.000000,logit_softcap=0.000000,prec=f32,type_K=q5_1,type_V=q5_1,permute=[0,1,2,3]): not supported [RD0] 
  FLASH_ATTN_EXT(hsk=64,hsv=64,nh=4,nr23=[1,3],kv=512,nb=32,mask=0,sinks=0,max_bias=0.000000,logit_softcap=0.000000,prec=f32,type_K=q5_0,type_V=q5_0,permute=[0,1,2,3]): not supported [RD0] 
  FLASH_ATTN_EXT(hsk=64,hsv=64,nh=4,nr23=[1,3],kv=512,nb=32,mask=0,sinks=0,max_bias=0.000000,logit_softcap=0.000000,prec=f32,type_K=q4_1,type_V=q4_1,permute=[0,1,2,3]): not supported [RD0] 
  FLASH_ATTN_EXT(hsk=64,hsv=64,nh=4,nr23=[1,3],kv=512,nb=32,mask=0,sinks=0,max_bias=0.000000,logit_softcap=0.000000,prec=f32,type_K=q4_0,type_V=q4_0,permute=[0,1,2,3]): not supported [RD0] 
  FLASH_ATTN_EXT(hsk=64,hsv=64,nh=4,nr23=[1,3],kv=512,nb=32,mask=0,sinks=0,max_bias=0.000000,logit_softcap=0.000000,prec=f32,type_K=iq4_nl,type_V=iq4_nl,permute=[0,1,2,3]): not supported [RD0] 
  FLASH_ATTN_EXT(hsk=64,hsv=64,nh=4,nr23=[1,3],kv=512,nb=75,mask=0,sinks=0,max_bias=0.000000,logit_softcap=0.000000,prec=f32,type_K=f32,type_V=f32,permute=[0,1,2,3]): OK
  FLASH_ATTN_EXT(hsk=64,hsv=64,nh=4,nr23=[1,3],kv=512,nb=75,mask=0,sinks=0,max_bias=0.000000,logit_softcap=0.000000,prec=f32,type_K=f16,type_V=f16,permute=[0,1,2,3]): OK
  FLASH_ATTN_EXT(hsk=64,hsv=64,nh=4,nr23=[1,3],kv=512,nb=75,mask=0,sinks=0,max_bias=0.000000,logit_softcap=0.000000,prec=f32,type_K=bf16,type_V=bf16,permute=[0,1,2,3]): not supported [RD0] 
  FLASH_ATTN_EXT(hsk=64,hsv=64,nh=4,nr23=[1,3],kv=512,nb=75,mask=0,sinks=0,max_bias=0.000000,logit_softcap=0.000000,prec=f32,type_K=q8_0,type_V=q8_0,permute=[0,1,2,3]): not supported [RD0] 
  FLASH_ATTN_EXT(hsk=64,hsv=64,nh=4,nr23=[1,3],kv=512,nb=75,mask=0,sinks=0,max_bias=0.000000,logit_softcap=0.000000,prec=f32,type_K=q5_1,type_V=q5_1,permute=[0,1,2,3]): not supported [RD0] 
  FLASH_ATTN_EXT(hsk=64,hsv=64,nh=4,nr23=[1,3],kv=512,nb=75,mask=0,sinks=0,max_bias=0.000000,logit_softcap=0.000000,prec=f32,type_K=q5_0,type_V=q5_0,permute=[0,1,2,3]): not supported [RD0] 
  FLASH_ATTN_EXT(hsk=64,hsv=64,nh=4,nr23=[1,3],kv=512,nb=75,mask=0,sinks=0,max_bias=0.000000,logit_softcap=0.000000,prec=f32,type_K=q4_1,type_V=q4_1,permute=[0,1,2,3]): not supported [RD0] 
  FLASH_ATTN_EXT(hsk=64,hsv=64,nh=4,nr23=[1,3],kv=512,nb=75,mask=0,sinks=0,max_bias=0.000000,logit_softcap=0.000000,prec=f32,type_K=q4_0,type_V=q4_0,permute=[0,1,2,3]): not supported [RD0] 
  FLASH_ATTN_EXT(hsk=64,hsv=64,nh=4,nr23=[1,3],kv=512,nb=75,mask=0,sinks=0,max_bias=0.000000,logit_softcap=0.000000,prec=f32,type_K=iq4_nl,type_V=iq4_nl,permute=[0,1,2,3]): not supported [RD0] 
  FLASH_ATTN_EXT(hsk=64,hsv=64,nh=4,nr23=[1,3],kv=1024,nb=1,mask=0,sinks=0,max_bias=0.000000,logit_softcap=0.000000,prec=f32,type_K=f32,type_V=f32,permute=[0,1,2,3]): OK
  FLASH_ATTN_EXT(hsk=64,hsv=64,nh=4,nr23=[1,3],kv=1024,nb=1,mask=0,sinks=0,max_bias=0.000000,logit_softcap=0.000000,prec=f32,type_K=f16,type_V=f16,permute=[0,1,2,3]): OK
  FLASH_ATTN_EXT(hsk=64,hsv=64,nh=4,nr23=[1,3],kv=1024,nb=1,mask=0,sinks=0,max_bias=0.000000,logit_softcap=0.000000,prec=f32,type_K=bf16,type_V=bf16,permute=[0,1,2,3]): not supported [RD0] 
  FLASH_ATTN_EXT(hsk=64,hsv=64,nh=4,nr23=[1,3],kv=1024,nb=1,mask=0,sinks=0,max_bias=0.000000,logit_softcap=0.000000,prec=f32,type_K=q8_0,type_V=q8_0,permute=[0,1,2,3]): not supported [RD0] 
  FLASH_ATTN_EXT(hsk=64,hsv=64,nh=4,nr23=[1,3],kv=1024,nb=1,mask=0,sinks=0,max_bias=0.000000,logit_softcap=0.000000,prec=f32,type_K=q5_1,type_V=q5_1,permute=[0,1,2,3]): not supported [RD0] 
  FLASH_ATTN_EXT(hsk=64,hsv=64,nh=4,nr23=[1,3],kv=1024,nb=1,mask=0,sinks=0,max_bias=0.000000,logit_softcap=0.000000,prec=f32,type_K=q5_0,type_V=q5_0,permute=[0,1,2,3]): not supported [RD0] 
  FLASH_ATTN_EXT(hsk=64,hsv=64,nh=4,nr23=[1,3],kv=1024,nb=1,mask=0,sinks=0,max_bias=0.000000,logit_softcap=0.000000,prec=f32,type_K=q4_1,type_V=q4_1,permute=[0,1,2,3]): not supported [RD0] 
  FLASH_ATTN_EXT(hsk=64,hsv=64,nh=4,nr23=[1,3],kv=1024,nb=1,mask=0,sinks=0,max_bias=0.000000,logit_softcap=0.000000,prec=f32,type_K=q4_0,type_V=q4_0,permute=[0,1,2,3]): not supported [RD0] 
  FLASH_ATTN_EXT(hsk=64,hsv=64,nh=4,nr23=[1,3],kv=1024,nb=1,mask=0,sinks=0,max_bias=0.000000,logit_softcap=0.000000,prec=f32,type_K=iq4_nl,type_V=iq4_nl,permute=[0,1,2,3]): not supported [RD0] 
  FLASH_ATTN_EXT(hsk=64,hsv=64,nh=4,nr23=[1,3],kv=1024,nb=3,mask=0,sinks=0,max_bias=0.000000,logit_softcap=0.000000,prec=f32,type_K=f32,type_V=f32,permute=[0,1,2,3]): OK
  FLASH_ATTN_EXT(hsk=64,hsv=64,nh=4,nr23=[1,3],kv=1024,nb=3,mask=0,sinks=0,max_bias=0.000000,logit_softcap=0.000000,prec=f32,type_K=f16,type_V=f16,permute=[0,1,2,3]): OK
  FLASH_ATTN_EXT(hsk=64,hsv=64,nh=4,nr23=[1,3],kv=1024,nb=3,mask=0,sinks=0,max_bias=0.000000,logit_softcap=0.000000,prec=f32,type_K=bf16,type_V=bf16,permute=[0,1,2,3]): not supported [RD0] 
  FLASH_ATTN_EXT(hsk=64,hsv=64,nh=4,nr23=[1,3],kv=1024,nb=3,mask=0,sinks=0,max_bias=0.000000,logit_softcap=0.000000,prec=f32,type_K=q8_0,type_V=q8_0,permute=[0,1,2,3]): not supported [RD0] 
  FLASH_ATTN_EXT(hsk=64,hsv=64,nh=4,nr23=[1,3],kv=1024,nb=3,mask=0,sinks=0,max_bias=0.000000,logit_softcap=0.000000,prec=f32,type_K=q5_1,type_V=q5_1,permute=[0,1,2,3]): not supported [RD0] 
  FLASH_ATTN_EXT(hsk=64,hsv=64,nh=4,nr23=[1,3],kv=1024,nb=3,mask=0,sinks=0,max_bias=0.000000,logit_softcap=0.000000,prec=f32,type_K=q5_0,type_V=q5_0,permute=[0,1,2,3]): not supported [RD0] 
  FLASH_ATTN_EXT(hsk=64,hsv=64,nh=4,nr23=[1,3],kv=1024,nb=3,mask=0,sinks=0,max_bias=0.000000,logit_softcap=0.000000,prec=f32,type_K=q4_1,type_V=q4_1,permute=[0,1,2,3]): not supported [RD0] 
  FLASH_ATTN_EXT(hsk=64,hsv=64,nh=4,nr23=[1,3],kv=1024,nb=3,mask=0,sinks=0,max_bias=0.000000,logit_softcap=0.000000,prec=f32,type_K=q4_0,type_V=q4_0,permute=[0,1,2,3]): not supported [RD0] 
  FLASH_ATTN_EXT(hsk=64,hsv=64,nh=4,nr23=[1,3],kv=1024,nb=3,mask=0,sinks=0,max_bias=0.000000,logit_softcap=0.000000,prec=f32,type_K=iq4_nl,type_V=iq4_nl,permute=[0,1,2,3]): not supported [RD0] 
  FLASH_ATTN_EXT(hsk=64,hsv=64,nh=4,nr23=[1,3],kv=1024,nb=32,mask=0,sinks=0,max_bias=0.000000,logit_softcap=0.000000,prec=f32,type_K=f32,type_V=f32,permute=[0,1,2,3]): OK
  FLASH_ATTN_EXT(hsk=64,hsv=64,nh=4,nr23=[1,3],kv=1024,nb=32,mask=0,sinks=0,max_bias=0.000000,logit_softcap=0.000000,prec=f32,type_K=f16,type_V=f16,permute=[0,1,2,3]): OK
  FLASH_ATTN_EXT(hsk=64,hsv=64,nh=4,nr23=[1,3],kv=1024,nb=32,mask=0,sinks=0,max_bias=0.000000,logit_softcap=0.000000,prec=f32,type_K=bf16,type_V=bf16,permute=[0,1,2,3]): not supported [RD0] 
  FLASH_ATTN_EXT(hsk=64,hsv=64,nh=4,nr23=[1,3],kv=1024,nb=32,mask=0,sinks=0,max_bias=0.000000,logit_softcap=0.000000,prec=f32,type_K=q8_0,type_V=q8_0,permute=[0,1,2,3]): not supported [RD0] 
  FLASH_ATTN_EXT(hsk=64,hsv=64,nh=4,nr23=[1,3],kv=1024,nb=32,mask=0,sinks=0,max_bias=0.000000,logit_softcap=0.000000,prec=f32,type_K=q5_1,type_V=q5_1,permute=[0,1,2,3]): not supported [RD0] 
  FLASH_ATTN_EXT(hsk=64,hsv=64,nh=4,nr23=[1,3],kv=1024,nb=32,mask=0,sinks=0,max_bias=0.000000,logit_softcap=0.000000,prec=f32,type_K=q5_0,type_V=q5_0,permute=[0,1,2,3]): not supported [RD0] 
  FLASH_ATTN_EXT(hsk=64,hsv=64,nh=4,nr23=[1,3],kv=1024,nb=32,mask=0,sinks=0,max_bias=0.000000,logit_softcap=0.000000,prec=f32,type_K=q4_1,type_V=q4_1,permute=[0,1,2,3]): not supported [RD0] 
  FLASH_ATTN_EXT(hsk=64,hsv=64,nh=4,nr23=[1,3],kv=1024,nb=32,mask=0,sinks=0,max_bias=0.000000,logit_softcap=0.000000,prec=f32,type_K=q4_0,type_V=q4_0,permute=[0,1,2,3]): not supported [RD0] 
  FLASH_ATTN_EXT(hsk=64,hsv=64,nh=4,nr23=[1,3],kv=1024,nb=32,mask=0,sinks=0,max_bias=0.000000,logit_softcap=0.000000,prec=f32,type_K=iq4_nl,type_V=iq4_nl,permute=[0,1,2,3]): not supported [RD0] 
  FLASH_ATTN_EXT(hsk=64,hsv=64,nh=4,nr23=[1,3],kv=1024,nb=75,mask=0,sinks=0,max_bias=0.000000,logit_softcap=0.000000,prec=f32,type_K=f32,type_V=f32,permute=[0,1,2,3]): OK
  FLASH_ATTN_EXT(hsk=64,hsv=64,nh=4,nr23=[1,3],kv=1024,nb=75,mask=0,sinks=0,max_bias=0.000000,logit_softcap=0.000000,prec=f32,type_K=f16,type_V=f16,permute=[0,1,2,3]): OK
  FLASH_ATTN_EXT(hsk=64,hsv=64,nh=4,nr23=[1,3],kv=1024,nb=75,mask=0,sinks=0,max_bias=0.000000,logit_softcap=0.000000,prec=f32,type_K=bf16,type_V=bf16,permute=[0,1,2,3]): not supported [RD0] 
  FLASH_ATTN_EXT(hsk=64,hsv=64,nh=4,nr23=[1,3],kv=1024,nb=75,mask=0,sinks=0,max_bias=0.000000,logit_softcap=0.000000,prec=f32,type_K=q8_0,type_V=q8_0,permute=[0,1,2,3]): not supported [RD0] 
  FLASH_ATTN_EXT(hsk=64,hsv=64,nh=4,nr23=[1,3],kv=1024,nb=75,mask=0,sinks=0,max_bias=0.000000,logit_softcap=0.000000,prec=f32,type_K=q5_1,type_V=q5_1,permute=[0,1,2,3]): not supported [RD0] 
  FLASH_ATTN_EXT(hsk=64,hsv=64,nh=4,nr23=[1,3],kv=1024,nb=75,mask=0,sinks=0,max_bias=0.000000,logit_softcap=0.000000,prec=f32,type_K=q5_0,type_V=q5_0,permute=[0,1,2,3]): not supported [RD0] 
  FLASH_ATTN_EXT(hsk=64,hsv=64,nh=4,nr23=[1,3],kv=1024,nb=75,mask=0,sinks=0,max_bias=0.000000,logit_softcap=0.000000,prec=f32,type_K=q4_1,type_V=q4_1,permute=[0,1,2,3]): not supported [RD0] 
  FLASH_ATTN_EXT(hsk=64,hsv=64,nh=4,nr23=[1,3],kv=1024,nb=75,mask=0,sinks=0,max_bias=0.000000,logit_softcap=0.000000,prec=f32,type_K=q4_0,type_V=q4_0,permute=[0,1,2,3]): not supported [RD0] 
  FLASH_ATTN_EXT(hsk=64,hsv=64,nh=4,nr23=[1,3],kv=1024,nb=75,mask=0,sinks=0,max_bias=0.000000,logit_softcap=0.000000,prec=f32,type_K=iq4_nl,type_V=iq4_nl,permute=[0,1,2,3]): not supported [RD0] 
  FLASH_ATTN_EXT(hsk=64,hsv=64,nh=4,nr23=[4,3],kv=512,nb=1,mask=0,sinks=0,max_bias=0.000000,logit_softcap=0.000000,prec=f32,type_K=f32,type_V=f32,permute=[0,1,2,3]): OK
  FLASH_ATTN_EXT(hsk=64,hsv=64,nh=4,nr23=[4,3],kv=512,nb=1,mask=0,sinks=0,max_bias=0.000000,logit_softcap=0.000000,prec=f32,type_K=f16,type_V=f16,permute=[0,1,2,3]): OK
  FLASH_ATTN_EXT(hsk=64,hsv=64,nh=4,nr23=[4,3],kv=512,nb=1,mask=0,sinks=0,max_bias=0.000000,logit_softcap=0.000000,prec=f32,type_K=bf16,type_V=bf16,permute=[0,1,2,3]): not supported [RD0] 
  FLASH_ATTN_EXT(hsk=64,hsv=64,nh=4,nr23=[4,3],kv=512,nb=1,mask=0,sinks=0,max_bias=0.000000,logit_softcap=0.000000,prec=f32,type_K=q8_0,type_V=q8_0,permute=[0,1,2,3]): not supported [RD0] 
  FLASH_ATTN_EXT(hsk=64,hsv=64,nh=4,nr23=[4,3],kv=512,nb=1,mask=0,sinks=0,max_bias=0.000000,logit_softcap=0.000000,prec=f32,type_K=q5_1,type_V=q5_1,permute=[0,1,2,3]): not supported [RD0] 
  FLASH_ATTN_EXT(hsk=64,hsv=64,nh=4,nr23=[4,3],kv=512,nb=1,mask=0,sinks=0,max_bias=0.000000,logit_softcap=0.000000,prec=f32,type_K=q5_0,type_V=q5_0,permute=[0,1,2,3]): not supported [RD0] 
  FLASH_ATTN_EXT(hsk=64,hsv=64,nh=4,nr23=[4,3],kv=512,nb=1,mask=0,sinks=0,max_bias=0.000000,logit_softcap=0.000000,prec=f32,type_K=q4_1,type_V=q4_1,permute=[0,1,2,3]): not supported [RD0] 
  FLASH_ATTN_EXT(hsk=64,hsv=64,nh=4,nr23=[4,3],kv=512,nb=1,mask=0,sinks=0,max_bias=0.000000,logit_softcap=0.000000,prec=f32,type_K=q4_0,type_V=q4_0,permute=[0,1,2,3]): not supported [RD0] 
  FLASH_ATTN_EXT(hsk=64,hsv=64,nh=4,nr23=[4,3],kv=512,nb=1,mask=0,sinks=0,max_bias=0.000000,logit_softcap=0.000000,prec=f32,type_K=iq4_nl,type_V=iq4_nl,permute=[0,1,2,3]): not supported [RD0] 
  FLASH_ATTN_EXT(hsk=64,hsv=64,nh=4,nr23=[4,3],kv=512,nb=3,mask=0,sinks=0,max_bias=0.000000,logit_softcap=0.000000,prec=f32,type_K=f32,type_V=f32,permute=[0,1,2,3]): OK
  FLASH_ATTN_EXT(hsk=64,hsv=64,nh=4,nr23=[4,3],kv=512,nb=3,mask=0,sinks=0,max_bias=0.000000,logit_softcap=0.000000,prec=f32,type_K=f16,type_V=f16,permute=[0,1,2,3]): OK
  FLASH_ATTN_EXT(hsk=64,hsv=64,nh=4,nr23=[4,3],kv=512,nb=3,mask=0,sinks=0,max_bias=0.000000,logit_softcap=0.000000,prec=f32,type_K=bf16,type_V=bf16,permute=[0,1,2,3]): not supported [RD0] 
  FLASH_ATTN_EXT(hsk=64,hsv=64,nh=4,nr23=[4,3],kv=512,nb=3,mask=0,sinks=0,max_bias=0.000000,logit_softcap=0.000000,prec=f32,type_K=q8_0,type_V=q8_0,permute=[0,1,2,3]): not supported [RD0] 
  FLASH_ATTN_EXT(hsk=64,hsv=64,nh=4,nr23=[4,3],kv=512,nb=3,mask=0,sinks=0,max_bias=0.000000,logit_softcap=0.000000,prec=f32,type_K=q5_1,type_V=q5_1,permute=[0,1,2,3]): not supported [RD0] 
  FLASH_ATTN_EXT(hsk=64,hsv=64,nh=4,nr23=[4,3],kv=512,nb=3,mask=0,sinks=0,max_bias=0.000000,logit_softcap=0.000000,prec=f32,type_K=q5_0,type_V=q5_0,permute=[0,1,2,3]): not supported [RD0] 
  FLASH_ATTN_EXT(hsk=64,hsv=64,nh=4,nr23=[4,3],kv=512,nb=3,mask=0,sinks=0,max_bias=0.000000,logit_softcap=0.000000,prec=f32,type_K=q4_1,type_V=q4_1,permute=[0,1,2,3]): not supported [RD0] 
  FLASH_ATTN_EXT(hsk=64,hsv=64,nh=4,nr23=[4,3],kv=512,nb=3,mask=0,sinks=0,max_bias=0.000000,logit_softcap=0.000000,prec=f32,type_K=q4_0,type_V=q4_0,permute=[0,1,2,3]): not supported [RD0] 
  FLASH_ATTN_EXT(hsk=64,hsv=64,nh=4,nr23=[4,3],kv=512,nb=3,mask=0,sinks=0,max_bias=0.000000,logit_softcap=0.000000,prec=f32,type_K=iq4_nl,type_V=iq4_nl,permute=[0,1,2,3]): not supported [RD0] 
  FLASH_ATTN_EXT(hsk=64,hsv=64,nh=4,nr23=[4,3],kv=512,nb=32,mask=0,sinks=0,max_bias=0.000000,logit_softcap=0.000000,prec=f32,type_K=f32,type_V=f32,permute=[0,1,2,3]): OK
  FLASH_ATTN_EXT(hsk=64,hsv=64,nh=4,nr23=[4,3],kv=512,nb=32,mask=0,sinks=0,max_bias=0.000000,logit_softcap=0.000000,prec=f32,type_K=f16,type_V=f16,permute=[0,1,2,3]): OK
  FLASH_ATTN_EXT(hsk=64,hsv=64,nh=4,nr23=[4,3],kv=512,nb=32,mask=0,sinks=0,max_bias=0.000000,logit_softcap=0.000000,prec=f32,type_K=bf16,type_V=bf16,permute=[0,1,2,3]): not supported [RD0] 
  FLASH_ATTN_EXT(hsk=64,hsv=64,nh=4,nr23=[4,3],kv=512,nb=32,mask=0,sinks=0,max_bias=0.000000,logit_softcap=0.000000,prec=f32,type_K=q8_0,type_V=q8_0,permute=[0,1,2,3]): not supported [RD0] 
  FLASH_ATTN_EXT(hsk=64,hsv=64,nh=4,nr23=[4,3],kv=512,nb=32,mask=0,sinks=0,max_bias=0.000000,logit_softcap=0.000000,prec=f32,type_K=q5_1,type_V=q5_1,permute=[0,1,2,3]): not supported [RD0] 
  FLASH_ATTN_EXT(hsk=64,hsv=64,nh=4,nr23=[4,3],kv=512,nb=32,mask=0,sinks=0,max_bias=0.000000,logit_softcap=0.000000,prec=f32,type_K=q5_0,type_V=q5_0,permute=[0,1,2,3]): not supported [RD0] 
  FLASH_ATTN_EXT(hsk=64,hsv=64,nh=4,nr23=[4,3],kv=512,nb=32,mask=0,sinks=0,max_bias=0.000000,logit_softcap=0.000000,prec=f32,type_K=q4_1,type_V=q4_1,permute=[0,1,2,3]): not supported [RD0] 
  FLASH_ATTN_EXT(hsk=64,hsv=64,nh=4,nr23=[4,3],kv=512,nb=32,mask=0,sinks=0,max_bias=0.000000,logit_softcap=0.000000,prec=f32,type_K=q4_0,type_V=q4_0,permute=[0,1,2,3]): not supported [RD0] 
  FLASH_ATTN_EXT(hsk=64,hsv=64,nh=4,nr23=[4,3],kv=512,nb=32,mask=0,sinks=0,max_bias=0.000000,logit_softcap=0.000000,prec=f32,type_K=iq4_nl,type_V=iq4_nl,permute=[0,1,2,3]): not supported [RD0] 
  FLASH_ATTN_EXT(hsk=64,hsv=64,nh=4,nr23=[4,3],kv=512,nb=75,mask=0,sinks=0,max_bias=0.000000,logit_softcap=0.000000,prec=f32,type_K=f32,type_V=f32,permute=[0,1,2,3]): OK
  FLASH_ATTN_EXT(hsk=64,hsv=64,nh=4,nr23=[4,3],kv=512,nb=75,mask=0,sinks=0,max_bias=0.000000,logit_softcap=0.000000,prec=f32,type_K=f16,type_V=f16,permute=[0,1,2,3]): OK
  FLASH_ATTN_EXT(hsk=64,hsv=64,nh=4,nr23=[4,3],kv=512,nb=75,mask=0,sinks=0,max_bias=0.000000,logit_softcap=0.000000,prec=f32,type_K=bf16,type_V=bf16,permute=[0,1,2,3]): not supported [RD0] 
  FLASH_ATTN_EXT(hsk=64,hsv=64,nh=4,nr23=[4,3],kv=512,nb=75,mask=0,sinks=0,max_bias=0.000000,logit_softcap=0.000000,prec=f32,type_K=q8_0,type_V=q8_0,permute=[0,1,2,3]): not supported [RD0] 
  FLASH_ATTN_EXT(hsk=64,hsv=64,nh=4,nr23=[4,3],kv=512,nb=75,mask=0,sinks=0,max_bias=0.000000,logit_softcap=0.000000,prec=f32,type_K=q5_1,type_V=q5_1,permute=[0,1,2,3]): not supported [RD0] 
  FLASH_ATTN_EXT(hsk=64,hsv=64,nh=4,nr23=[4,3],kv=512,nb=75,mask=0,sinks=0,max_bias=0.000000,logit_softcap=0.000000,prec=f32,type_K=q5_0,type_V=q5_0,permute=[0,1,2,3]): not supported [RD0] 
  FLASH_ATTN_EXT(hsk=64,hsv=64,nh=4,nr23=[4,3],kv=512,nb=75,mask=0,sinks=0,max_bias=0.000000,logit_softcap=0.000000,prec=f32,type_K=q4_1,type_V=q4_1,permute=[0,1,2,3]): not supported [RD0] 
  FLASH_ATTN_EXT(hsk=64,hsv=64,nh=4,nr23=[4,3],kv=512,nb=75,mask=0,sinks=0,max_bias=0.000000,logit_softcap=0.000000,prec=f32,type_K=q4_0,type_V=q4_0,permute=[0,1,2,3]): not supported [RD0] 
  FLASH_ATTN_EXT(hsk=64,hsv=64,nh=4,nr23=[4,3],kv=512,nb=75,mask=0,sinks=0,max_bias=0.000000,logit_softcap=0.000000,prec=f32,type_K=iq4_nl,type_V=iq4_nl,permute=[0,1,2,3]): not supported [RD0] 
  FLASH_ATTN_EXT(hsk=72,hsv=72,nh=4,nr23=[1,1],kv=113,nb=1,mask=1,sinks=1,max_bias=0.000000,logit_softcap=0.000000,prec=f32,type_K=f32,type_V=f32,permute=[0,1,2,3]): not supported [RD0] 
  FLASH_ATTN_EXT(hsk=72,hsv=72,nh=4,nr23=[1,1],kv=113,nb=1,mask=1,sinks=1,max_bias=0.000000,logit_softcap=0.000000,prec=f32,type_K=f16,type_V=f16,permute=[0,1,2,3]): not supported [RD0] 
  FLASH_ATTN_EXT(hsk=72,hsv=72,nh=4,nr23=[1,1],kv=113,nb=1,mask=1,sinks=1,max_bias=0.000000,logit_softcap=0.000000,prec=f32,type_K=bf16,type_V=bf16,permute=[0,1,2,3]): not supported [RD0] 
  FLASH_ATTN_EXT(hsk=72,hsv=72,nh=4,nr23=[1,1],kv=113,nb=1,mask=1,sinks=1,max_bias=0.000000,logit_softcap=0.000000,prec=f32,type_K=q8_0,type_V=q8_0,permute=[0,1,2,3]): not supported [RD0] 
  FLASH_ATTN_EXT(hsk=72,hsv=72,nh=4,nr23=[1,1],kv=113,nb=1,mask=1,sinks=1,max_bias=0.000000,logit_softcap=0.000000,prec=f32,type_K=q5_1,type_V=q5_1,permute=[0,1,2,3]): not supported [RD0] 
  FLASH_ATTN_EXT(hsk=72,hsv=72,nh=4,nr23=[1,1],kv=113,nb=1,mask=1,sinks=1,max_bias=0.000000,logit_softcap=0.000000,prec=f32,type_K=q5_0,type_V=q5_0,permute=[0,1,2,3]): not supported [RD0] 
  FLASH_ATTN_EXT(hsk=72,hsv=72,nh=4,nr23=[1,1],kv=113,nb=1,mask=1,sinks=1,max_bias=0.000000,logit_softcap=0.000000,prec=f32,type_K=q4_1,type_V=q4_1,permute=[0,1,2,3]): not supported [RD0] 
  FLASH_ATTN_EXT(hsk=72,hsv=72,nh=4,nr23=[1,1],kv=113,nb=1,mask=1,sinks=1,max_bias=0.000000,logit_softcap=0.000000,prec=f32,type_K=q4_0,type_V=q4_0,permute=[0,1,2,3]): not supported [RD0] 
  FLASH_ATTN_EXT(hsk=72,hsv=72,nh=4,nr23=[1,1],kv=113,nb=1,mask=1,sinks=1,max_bias=0.000000,logit_softcap=0.000000,prec=f32,type_K=iq4_nl,type_V=iq4_nl,permute=[0,1,2,3]): not supported [RD0] 
  FLASH_ATTN_EXT(hsk=72,hsv=72,nh=4,nr23=[1,1],kv=113,nb=3,mask=1,sinks=1,max_bias=0.000000,logit_softcap=0.000000,prec=f32,type_K=f32,type_V=f32,permute=[0,1,2,3]): not supported [RD0] 
  FLASH_ATTN_EXT(hsk=72,hsv=72,nh=4,nr23=[1,1],kv=113,nb=3,mask=1,sinks=1,max_bias=0.000000,logit_softcap=0.000000,prec=f32,type_K=f16,type_V=f16,permute=[0,1,2,3]): not supported [RD0] 
  FLASH_ATTN_EXT(hsk=72,hsv=72,nh=4,nr23=[1,1],kv=113,nb=3,mask=1,sinks=1,max_bias=0.000000,logit_softcap=0.000000,prec=f32,type_K=bf16,type_V=bf16,permute=[0,1,2,3]): not supported [RD0] 
  FLASH_ATTN_EXT(hsk=72,hsv=72,nh=4,nr23=[1,1],kv=113,nb=3,mask=1,sinks=1,max_bias=0.000000,logit_softcap=0.000000,prec=f32,type_K=q8_0,type_V=q8_0,permute=[0,1,2,3]): not supported [RD0] 
  FLASH_ATTN_EXT(hsk=72,hsv=72,nh=4,nr23=[1,1],kv=113,nb=3,mask=1,sinks=1,max_bias=0.000000,logit_softcap=0.000000,prec=f32,type_K=q5_1,type_V=q5_1,permute=[0,1,2,3]): not supported [RD0] 
  FLASH_ATTN_EXT(hsk=72,hsv=72,nh=4,nr23=[1,1],kv=113,nb=3,mask=1,sinks=1,max_bias=0.000000,logit_softcap=0.000000,prec=f32,type_K=q5_0,type_V=q5_0,permute=[0,1,2,3]): not supported [RD0] 
  FLASH_ATTN_EXT(hsk=72,hsv=72,nh=4,nr23=[1,1],kv=113,nb=3,mask=1,sinks=1,max_bias=0.000000,logit_softcap=0.000000,prec=f32,type_K=q4_1,type_V=q4_1,permute=[0,1,2,3]): not supported [RD0] 
  FLASH_ATTN_EXT(hsk=72,hsv=72,nh=4,nr23=[1,1],kv=113,nb=3,mask=1,sinks=1,max_bias=0.000000,logit_softcap=0.000000,prec=f32,type_K=q4_0,type_V=q4_0,permute=[0,1,2,3]): not supported [RD0] 
  FLASH_ATTN_EXT(hsk=72,hsv=72,nh=4,nr23=[1,1],kv=113,nb=3,mask=1,sinks=1,max_bias=0.000000,logit_softcap=0.000000,prec=f32,type_K=iq4_nl,type_V=iq4_nl,permute=[0,1,2,3]): not supported [RD0] 
  FLASH_ATTN_EXT(hsk=72,hsv=72,nh=4,nr23=[1,1],kv=113,nb=32,mask=1,sinks=1,max_bias=0.000000,logit_softcap=0.000000,prec=f32,type_K=f32,type_V=f32,permute=[0,1,2,3]): not supported [RD0] 
  FLASH_ATTN_EXT(hsk=72,hsv=72,nh=4,nr23=[1,1],kv=113,nb=32,mask=1,sinks=1,max_bias=0.000000,logit_softcap=0.000000,prec=f32,type_K=f16,type_V=f16,permute=[0,1,2,3]): not supported [RD0] 
  FLASH_ATTN_EXT(hsk=72,hsv=72,nh=4,nr23=[1,1],kv=113,nb=32,mask=1,sinks=1,max_bias=0.000000,logit_softcap=0.000000,prec=f32,type_K=bf16,type_V=bf16,permute=[0,1,2,3]): not supported [RD0] 
  FLASH_ATTN_EXT(hsk=72,hsv=72,nh=4,nr23=[1,1],kv=113,nb=32,mask=1,sinks=1,max_bias=0.000000,logit_softcap=0.000000,prec=f32,type_K=q8_0,type_V=q8_0,permute=[0,1,2,3]): not supported [RD0] 
  FLASH_ATTN_EXT(hsk=72,hsv=72,nh=4,nr23=[1,1],kv=113,nb=32,mask=1,sinks=1,max_bias=0.000000,logit_softcap=0.000000,prec=f32,type_K=q5_1,type_V=q5_1,permute=[0,1,2,3]): not supported [RD0] 
  FLASH_ATTN_EXT(hsk=72,hsv=72,nh=4,nr23=[1,1],kv=113,nb=32,mask=1,sinks=1,max_bias=0.000000,logit_softcap=0.000000,prec=f32,type_K=q5_0,type_V=q5_0,permute=[0,1,2,3]): not supported [RD0] 
  FLASH_ATTN_EXT(hsk=72,hsv=72,nh=4,nr23=[1,1],kv=113,nb=32,mask=1,sinks=1,max_bias=0.000000,logit_softcap=0.000000,prec=f32,type_K=q4_1,type_V=q4_1,permute=[0,1,2,3]): not supported [RD0] 
  FLASH_ATTN_EXT(hsk=72,hsv=72,nh=4,nr23=[1,1],kv=113,nb=32,mask=1,sinks=1,max_bias=0.000000,logit_softcap=0.000000,prec=f32,type_K=q4_0,type_V=q4_0,permute=[0,1,2,3]): not supported [RD0] 
  FLASH_ATTN_EXT(hsk=72,hsv=72,nh=4,nr23=[1,1],kv=113,nb=32,mask=1,sinks=1,max_bias=0.000000,logit_softcap=0.000000,prec=f32,type_K=iq4_nl,type_V=iq4_nl,permute=[0,1,2,3]): not supported [RD0] 
  FLASH_ATTN_EXT(hsk=72,hsv=72,nh=4,nr23=[1,1],kv=113,nb=75,mask=1,sinks=1,max_bias=0.000000,logit_softcap=0.000000,prec=f32,type_K=f32,type_V=f32,permute=[0,1,2,3]): not supported [RD0] 
  FLASH_ATTN_EXT(hsk=72,hsv=72,nh=4,nr23=[1,1],kv=113,nb=75,mask=1,sinks=1,max_bias=0.000000,logit_softcap=0.000000,prec=f32,type_K=f16,type_V=f16,permute=[0,1,2,3]): not supported [RD0] 
  FLASH_ATTN_EXT(hsk=72,hsv=72,nh=4,nr23=[1,1],kv=113,nb=75,mask=1,sinks=1,max_bias=0.000000,logit_softcap=0.000000,prec=f32,type_K=bf16,type_V=bf16,permute=[0,1,2,3]): not supported [RD0] 
  FLASH_ATTN_EXT(hsk=72,hsv=72,nh=4,nr23=[1,1],kv=113,nb=75,mask=1,sinks=1,max_bias=0.000000,logit_softcap=0.000000,prec=f32,type_K=q8_0,type_V=q8_0,permute=[0,1,2,3]): not supported [RD0] 
  FLASH_ATTN_EXT(hsk=72,hsv=72,nh=4,nr23=[1,1],kv=113,nb=75,mask=1,sinks=1,max_bias=0.000000,logit_softcap=0.000000,prec=f32,type_K=q5_1,type_V=q5_1,permute=[0,1,2,3]): not supported [RD0] 
  FLASH_ATTN_EXT(hsk=72,hsv=72,nh=4,nr23=[1,1],kv=113,nb=75,mask=1,sinks=1,max_bias=0.000000,logit_softcap=0.000000,prec=f32,type_K=q5_0,type_V=q5_0,permute=[0,1,2,3]): not supported [RD0] 
  FLASH_ATTN_EXT(hsk=72,hsv=72,nh=4,nr23=[1,1],kv=113,nb=75,mask=1,sinks=1,max_bias=0.000000,logit_softcap=0.000000,prec=f32,type_K=q4_1,type_V=q4_1,permute=[0,1,2,3]): not supported [RD0] 
  FLASH_ATTN_EXT(hsk=72,hsv=72,nh=4,nr23=[1,1],kv=113,nb=75,mask=1,sinks=1,max_bias=0.000000,logit_softcap=0.000000,prec=f32,type_K=q4_0,type_V=q4_0,permute=[0,1,2,3]): not supported [RD0] 
  FLASH_ATTN_EXT(hsk=72,hsv=72,nh=4,nr23=[1,1],kv=113,nb=75,mask=1,sinks=1,max_bias=0.000000,logit_softcap=0.000000,prec=f32,type_K=iq4_nl,type_V=iq4_nl,permute=[0,1,2,3]): not supported [RD0] 
  FLASH_ATTN_EXT(hsk=72,hsv=72,nh=4,nr23=[1,1],kv=512,nb=1,mask=1,sinks=1,max_bias=0.000000,logit_softcap=0.000000,prec=f32,type_K=f32,type_V=f32,permute=[0,1,2,3]): not supported [RD0] 
  FLASH_ATTN_EXT(hsk=72,hsv=72,nh=4,nr23=[1,1],kv=512,nb=1,mask=1,sinks=1,max_bias=0.000000,logit_softcap=0.000000,prec=f32,type_K=f32,type_V=f32,permute=[0,2,1,3]): not supported [RD0] 
  FLASH_ATTN_EXT(hsk=72,hsv=72,nh=4,nr23=[1,1],kv=512,nb=1,mask=1,sinks=1,max_bias=0.000000,logit_softcap=0.000000,prec=f32,type_K=f16,type_V=f16,permute=[0,1,2,3]): not supported [RD0] 
  FLASH_ATTN_EXT(hsk=72,hsv=72,nh=4,nr23=[1,1],kv=512,nb=1,mask=1,sinks=1,max_bias=0.000000,logit_softcap=0.000000,prec=f32,type_K=f16,type_V=f16,permute=[0,2,1,3]): not supported [RD0] 
  FLASH_ATTN_EXT(hsk=72,hsv=72,nh=4,nr23=[1,1],kv=512,nb=1,mask=1,sinks=1,max_bias=0.000000,logit_softcap=0.000000,prec=f32,type_K=bf16,type_V=bf16,permute=[0,1,2,3]): not supported [RD0] 
  FLASH_ATTN_EXT(hsk=72,hsv=72,nh=4,nr23=[1,1],kv=512,nb=1,mask=1,sinks=1,max_bias=0.000000,logit_softcap=0.000000,prec=f32,type_K=bf16,type_V=bf16,permute=[0,2,1,3]): not supported [RD0] 
  FLASH_ATTN_EXT(hsk=72,hsv=72,nh=4,nr23=[1,1],kv=512,nb=1,mask=1,sinks=1,max_bias=0.000000,logit_softcap=0.000000,prec=f32,type_K=q8_0,type_V=q8_0,permute=[0,1,2,3]): not supported [RD0] 
  FLASH_ATTN_EXT(hsk=72,hsv=72,nh=4,nr23=[1,1],kv=512,nb=1,mask=1,sinks=1,max_bias=0.000000,logit_softcap=0.000000,prec=f32,type_K=q8_0,type_V=q8_0,permute=[0,2,1,3]): not supported [RD0] 
  FLASH_ATTN_EXT(hsk=72,hsv=72,nh=4,nr23=[1,1],kv=512,nb=1,mask=1,sinks=1,max_bias=0.000000,logit_softcap=0.000000,prec=f32,type_K=q5_1,type_V=q5_1,permute=[0,1,2,3]): not supported [RD0] 
  FLASH_ATTN_EXT(hsk=72,hsv=72,nh=4,nr23=[1,1],kv=512,nb=1,mask=1,sinks=1,max_bias=0.000000,logit_softcap=0.000000,prec=f32,type_K=q5_1,type_V=q5_1,permute=[0,2,1,3]): not supported [RD0] 
  FLASH_ATTN_EXT(hsk=72,hsv=72,nh=4,nr23=[1,1],kv=512,nb=1,mask=1,sinks=1,max_bias=0.000000,logit_softcap=0.000000,prec=f32,type_K=q5_0,type_V=q5_0,permute=[0,1,2,3]): not supported [RD0] 
  FLASH_ATTN_EXT(hsk=72,hsv=72,nh=4,nr23=[1,1],kv=512,nb=1,mask=1,sinks=1,max_bias=0.000000,logit_softcap=0.000000,prec=f32,type_K=q5_0,type_V=q5_0,permute=[0,2,1,3]): not supported [RD0] 
  FLASH_ATTN_EXT(hsk=72,hsv=72,nh=4,nr23=[1,1],kv=512,nb=1,mask=1,sinks=1,max_bias=0.000000,logit_softcap=0.000000,prec=f32,type_K=q4_1,type_V=q4_1,permute=[0,1,2,3]): not supported [RD0] 
  FLASH_ATTN_EXT(hsk=72,hsv=72,nh=4,nr23=[1,1],kv=512,nb=1,mask=1,sinks=1,max_bias=0.000000,logit_softcap=0.000000,prec=f32,type_K=q4_1,type_V=q4_1,permute=[0,2,1,3]): not supported [RD0] 
  FLASH_ATTN_EXT(hsk=72,hsv=72,nh=4,nr23=[1,1],kv=512,nb=1,mask=1,sinks=1,max_bias=0.000000,logit_softcap=0.000000,prec=f32,type_K=q4_0,type_V=q4_0,permute=[0,1,2,3]): not supported [RD0] 
  FLASH_ATTN_EXT(hsk=72,hsv=72,nh=4,nr23=[1,1],kv=512,nb=1,mask=1,sinks=1,max_bias=0.000000,logit_softcap=0.000000,prec=f32,type_K=q4_0,type_V=q4_0,permute=[0,2,1,3]): not supported [RD0] 
  FLASH_ATTN_EXT(hsk=72,hsv=72,nh=4,nr23=[1,1],kv=512,nb=1,mask=1,sinks=1,max_bias=0.000000,logit_softcap=0.000000,prec=f32,type_K=iq4_nl,type_V=iq4_nl,permute=[0,1,2,3]): not supported [RD0] 
  FLASH_ATTN_EXT(hsk=72,hsv=72,nh=4,nr23=[1,1],kv=512,nb=1,mask=1,sinks=1,max_bias=0.000000,logit_softcap=0.000000,prec=f32,type_K=iq4_nl,type_V=iq4_nl,permute=[0,2,1,3]): not supported [RD0] 
  FLASH_ATTN_EXT(hsk=72,hsv=72,nh=4,nr23=[1,1],kv=512,nb=3,mask=1,sinks=1,max_bias=0.000000,logit_softcap=0.000000,prec=f32,type_K=f32,type_V=f32,permute=[0,1,2,3]): not supported [RD0] 
  FLASH_ATTN_EXT(hsk=72,hsv=72,nh=4,nr23=[1,1],kv=512,nb=3,mask=1,sinks=1,max_bias=0.000000,logit_softcap=0.000000,prec=f32,type_K=f32,type_V=f32,permute=[0,2,1,3]): not supported [RD0] 
  FLASH_ATTN_EXT(hsk=72,hsv=72,nh=4,nr23=[1,1],kv=512,nb=3,mask=1,sinks=1,max_bias=0.000000,logit_softcap=0.000000,prec=f32,type_K=f16,type_V=f16,permute=[0,1,2,3]): not supported [RD0] 
  FLASH_ATTN_EXT(hsk=72,hsv=72,nh=4,nr23=[1,1],kv=512,nb=3,mask=1,sinks=1,max_bias=0.000000,logit_softcap=0.000000,prec=f32,type_K=f16,type_V=f16,permute=[0,2,1,3]): not supported [RD0] 
  FLASH_ATTN_EXT(hsk=72,hsv=72,nh=4,nr23=[1,1],kv=512,nb=3,mask=1,sinks=1,max_bias=0.000000,logit_softcap=0.000000,prec=f32,type_K=bf16,type_V=bf16,permute=[0,1,2,3]): not supported [RD0] 
  FLASH_ATTN_EXT(hsk=72,hsv=72,nh=4,nr23=[1,1],kv=512,nb=3,mask=1,sinks=1,max_bias=0.000000,logit_softcap=0.000000,prec=f32,type_K=bf16,type_V=bf16,permute=[0,2,1,3]): not supported [RD0] 
  FLASH_ATTN_EXT(hsk=72,hsv=72,nh=4,nr23=[1,1],kv=512,nb=3,mask=1,sinks=1,max_bias=0.000000,logit_softcap=0.000000,prec=f32,type_K=q8_0,type_V=q8_0,permute=[0,1,2,3]): not supported [RD0] 
  FLASH_ATTN_EXT(hsk=72,hsv=72,nh=4,nr23=[1,1],kv=512,nb=3,mask=1,sinks=1,max_bias=0.000000,logit_softcap=0.000000,prec=f32,type_K=q8_0,type_V=q8_0,permute=[0,2,1,3]): not supported [RD0] 
  FLASH_ATTN_EXT(hsk=72,hsv=72,nh=4,nr23=[1,1],kv=512,nb=3,mask=1,sinks=1,max_bias=0.000000,logit_softcap=0.000000,prec=f32,type_K=q5_1,type_V=q5_1,permute=[0,1,2,3]): not supported [RD0] 
  FLASH_ATTN_EXT(hsk=72,hsv=72,nh=4,nr23=[1,1],kv=512,nb=3,mask=1,sinks=1,max_bias=0.000000,logit_softcap=0.000000,prec=f32,type_K=q5_1,type_V=q5_1,permute=[0,2,1,3]): not supported [RD0] 
  FLASH_ATTN_EXT(hsk=72,hsv=72,nh=4,nr23=[1,1],kv=512,nb=3,mask=1,sinks=1,max_bias=0.000000,logit_softcap=0.000000,prec=f32,type_K=q5_0,type_V=q5_0,permute=[0,1,2,3]): not supported [RD0] 
  FLASH_ATTN_EXT(hsk=72,hsv=72,nh=4,nr23=[1,1],kv=512,nb=3,mask=1,sinks=1,max_bias=0.000000,logit_softcap=0.000000,prec=f32,type_K=q5_0,type_V=q5_0,permute=[0,2,1,3]): not supported [RD0] 
  FLASH_ATTN_EXT(hsk=72,hsv=72,nh=4,nr23=[1,1],kv=512,nb=3,mask=1,sinks=1,max_bias=0.000000,logit_softcap=0.000000,prec=f32,type_K=q4_1,type_V=q4_1,permute=[0,1,2,3]): not supported [RD0] 
  FLASH_ATTN_EXT(hsk=72,hsv=72,nh=4,nr23=[1,1],kv=512,nb=3,mask=1,sinks=1,max_bias=0.000000,logit_softcap=0.000000,prec=f32,type_K=q4_1,type_V=q4_1,permute=[0,2,1,3]): not supported [RD0] 
  FLASH_ATTN_EXT(hsk=72,hsv=72,nh=4,nr23=[1,1],kv=512,nb=3,mask=1,sinks=1,max_bias=0.000000,logit_softcap=0.000000,prec=f32,type_K=q4_0,type_V=q4_0,permute=[0,1,2,3]): not supported [RD0] 
  FLASH_ATTN_EXT(hsk=72,hsv=72,nh=4,nr23=[1,1],kv=512,nb=3,mask=1,sinks=1,max_bias=0.000000,logit_softcap=0.000000,prec=f32,type_K=q4_0,type_V=q4_0,permute=[0,2,1,3]): not supported [RD0] 
  FLASH_ATTN_EXT(hsk=72,hsv=72,nh=4,nr23=[1,1],kv=512,nb=3,mask=1,sinks=1,max_bias=0.000000,logit_softcap=0.000000,prec=f32,type_K=iq4_nl,type_V=iq4_nl,permute=[0,1,2,3]): not supported [RD0] 
  FLASH_ATTN_EXT(hsk=72,hsv=72,nh=4,nr23=[1,1],kv=512,nb=3,mask=1,sinks=1,max_bias=0.000000,logit_softcap=0.000000,prec=f32,type_K=iq4_nl,type_V=iq4_nl,permute=[0,2,1,3]): not supported [RD0] 
  FLASH_ATTN_EXT(hsk=72,hsv=72,nh=4,nr23=[1,1],kv=512,nb=32,mask=1,sinks=1,max_bias=0.000000,logit_softcap=0.000000,prec=f32,type_K=f32,type_V=f32,permute=[0,1,2,3]): not supported [RD0] 
  FLASH_ATTN_EXT(hsk=72,hsv=72,nh=4,nr23=[1,1],kv=512,nb=32,mask=1,sinks=1,max_bias=0.000000,logit_softcap=0.000000,prec=f32,type_K=f32,type_V=f32,permute=[0,2,1,3]): not supported [RD0] 
  FLASH_ATTN_EXT(hsk=72,hsv=72,nh=4,nr23=[1,1],kv=512,nb=32,mask=1,sinks=1,max_bias=0.000000,logit_softcap=0.000000,prec=f32,type_K=f16,type_V=f16,permute=[0,1,2,3]): not supported [RD0] 
  FLASH_ATTN_EXT(hsk=72,hsv=72,nh=4,nr23=[1,1],kv=512,nb=32,mask=1,sinks=1,max_bias=0.000000,logit_softcap=0.000000,prec=f32,type_K=f16,type_V=f16,permute=[0,2,1,3]): not supported [RD0] 
  FLASH_ATTN_EXT(hsk=72,hsv=72,nh=4,nr23=[1,1],kv=512,nb=32,mask=1,sinks=1,max_bias=0.000000,logit_softcap=0.000000,prec=f32,type_K=bf16,type_V=bf16,permute=[0,1,2,3]): not supported [RD0] 
  FLASH_ATTN_EXT(hsk=72,hsv=72,nh=4,nr23=[1,1],kv=512,nb=32,mask=1,sinks=1,max_bias=0.000000,logit_softcap=0.000000,prec=f32,type_K=bf16,type_V=bf16,permute=[0,2,1,3]): not supported [RD0] 
  FLASH_ATTN_EXT(hsk=72,hsv=72,nh=4,nr23=[1,1],kv=512,nb=32,mask=1,sinks=1,max_bias=0.000000,logit_softcap=0.000000,prec=f32,type_K=q8_0,type_V=q8_0,permute=[0,1,2,3]): not supported [RD0] 
  FLASH_ATTN_EXT(hsk=72,hsv=72,nh=4,nr23=[1,1],kv=512,nb=32,mask=1,sinks=1,max_bias=0.000000,logit_softcap=0.000000,prec=f32,type_K=q8_0,type_V=q8_0,permute=[0,2,1,3]): not supported [RD0] 
  FLASH_ATTN_EXT(hsk=72,hsv=72,nh=4,nr23=[1,1],kv=512,nb=32,mask=1,sinks=1,max_bias=0.000000,logit_softcap=0.000000,prec=f32,type_K=q5_1,type_V=q5_1,permute=[0,1,2,3]): not supported [RD0] 
  FLASH_ATTN_EXT(hsk=72,hsv=72,nh=4,nr23=[1,1],kv=512,nb=32,mask=1,sinks=1,max_bias=0.000000,logit_softcap=0.000000,prec=f32,type_K=q5_1,type_V=q5_1,permute=[0,2,1,3]): not supported [RD0] 
  FLASH_ATTN_EXT(hsk=72,hsv=72,nh=4,nr23=[1,1],kv=512,nb=32,mask=1,sinks=1,max_bias=0.000000,logit_softcap=0.000000,prec=f32,type_K=q5_0,type_V=q5_0,permute=[0,1,2,3]): not supported [RD0] 
  FLASH_ATTN_EXT(hsk=72,hsv=72,nh=4,nr23=[1,1],kv=512,nb=32,mask=1,sinks=1,max_bias=0.000000,logit_softcap=0.000000,prec=f32,type_K=q5_0,type_V=q5_0,permute=[0,2,1,3]): not supported [RD0] 
  FLASH_ATTN_EXT(hsk=72,hsv=72,nh=4,nr23=[1,1],kv=512,nb=32,mask=1,sinks=1,max_bias=0.000000,logit_softcap=0.000000,prec=f32,type_K=q4_1,type_V=q4_1,permute=[0,1,2,3]): not supported [RD0] 
  FLASH_ATTN_EXT(hsk=72,hsv=72,nh=4,nr23=[1,1],kv=512,nb=32,mask=1,sinks=1,max_bias=0.000000,logit_softcap=0.000000,prec=f32,type_K=q4_1,type_V=q4_1,permute=[0,2,1,3]): not supported [RD0] 
  FLASH_ATTN_EXT(hsk=72,hsv=72,nh=4,nr23=[1,1],kv=512,nb=32,mask=1,sinks=1,max_bias=0.000000,logit_softcap=0.000000,prec=f32,type_K=q4_0,type_V=q4_0,permute=[0,1,2,3]): not supported [RD0] 
  FLASH_ATTN_EXT(hsk=72,hsv=72,nh=4,nr23=[1,1],kv=512,nb=32,mask=1,sinks=1,max_bias=0.000000,logit_softcap=0.000000,prec=f32,type_K=q4_0,type_V=q4_0,permute=[0,2,1,3]): not supported [RD0] 
  FLASH_ATTN_EXT(hsk=72,hsv=72,nh=4,nr23=[1,1],kv=512,nb=32,mask=1,sinks=1,max_bias=0.000000,logit_softcap=0.000000,prec=f32,type_K=iq4_nl,type_V=iq4_nl,permute=[0,1,2,3]): not supported [RD0] 
  FLASH_ATTN_EXT(hsk=72,hsv=72,nh=4,nr23=[1,1],kv=512,nb=32,mask=1,sinks=1,max_bias=0.000000,logit_softcap=0.000000,prec=f32,type_K=iq4_nl,type_V=iq4_nl,permute=[0,2,1,3]): not supported [RD0] 
  FLASH_ATTN_EXT(hsk=72,hsv=72,nh=4,nr23=[1,1],kv=512,nb=75,mask=1,sinks=1,max_bias=0.000000,logit_softcap=0.000000,prec=f32,type_K=f32,type_V=f32,permute=[0,1,2,3]): not supported [RD0] 
  FLASH_ATTN_EXT(hsk=72,hsv=72,nh=4,nr23=[1,1],kv=512,nb=75,mask=1,sinks=1,max_bias=0.000000,logit_softcap=0.000000,prec=f32,type_K=f32,type_V=f32,permute=[0,2,1,3]): not supported [RD0] 
  FLASH_ATTN_EXT(hsk=72,hsv=72,nh=4,nr23=[1,1],kv=512,nb=75,mask=1,sinks=1,max_bias=0.000000,logit_softcap=0.000000,prec=f32,type_K=f16,type_V=f16,permute=[0,1,2,3]): not supported [RD0] 
  FLASH_ATTN_EXT(hsk=72,hsv=72,nh=4,nr23=[1,1],kv=512,nb=75,mask=1,sinks=1,max_bias=0.000000,logit_softcap=0.000000,prec=f32,type_K=f16,type_V=f16,permute=[0,2,1,3]): not supported [RD0] 
  FLASH_ATTN_EXT(hsk=72,hsv=72,nh=4,nr23=[1,1],kv=512,nb=75,mask=1,sinks=1,max_bias=0.000000,logit_softcap=0.000000,prec=f32,type_K=bf16,type_V=bf16,permute=[0,1,2,3]): not supported [RD0] 
  FLASH_ATTN_EXT(hsk=72,hsv=72,nh=4,nr23=[1,1],kv=512,nb=75,mask=1,sinks=1,max_bias=0.000000,logit_softcap=0.000000,prec=f32,type_K=bf16,type_V=bf16,permute=[0,2,1,3]): not supported [RD0] 
  FLASH_ATTN_EXT(hsk=72,hsv=72,nh=4,nr23=[1,1],kv=512,nb=75,mask=1,sinks=1,max_bias=0.000000,logit_softcap=0.000000,prec=f32,type_K=q8_0,type_V=q8_0,permute=[0,1,2,3]): not supported [RD0] 
  FLASH_ATTN_EXT(hsk=72,hsv=72,nh=4,nr23=[1,1],kv=512,nb=75,mask=1,sinks=1,max_bias=0.000000,logit_softcap=0.000000,prec=f32,type_K=q8_0,type_V=q8_0,permute=[0,2,1,3]): not supported [RD0] 
  FLASH_ATTN_EXT(hsk=72,hsv=72,nh=4,nr23=[1,1],kv=512,nb=75,mask=1,sinks=1,max_bias=0.000000,logit_softcap=0.000000,prec=f32,type_K=q5_1,type_V=q5_1,permute=[0,1,2,3]): not supported [RD0] 
  FLASH_ATTN_EXT(hsk=72,hsv=72,nh=4,nr23=[1,1],kv=512,nb=75,mask=1,sinks=1,max_bias=0.000000,logit_softcap=0.000000,prec=f32,type_K=q5_1,type_V=q5_1,permute=[0,2,1,3]): not supported [RD0] 
  FLASH_ATTN_EXT(hsk=72,hsv=72,nh=4,nr23=[1,1],kv=512,nb=75,mask=1,sinks=1,max_bias=0.000000,logit_softcap=0.000000,prec=f32,type_K=q5_0,type_V=q5_0,permute=[0,1,2,3]): not supported [RD0] 
  FLASH_ATTN_EXT(hsk=72,hsv=72,nh=4,nr23=[1,1],kv=512,nb=75,mask=1,sinks=1,max_bias=0.000000,logit_softcap=0.000000,prec=f32,type_K=q5_0,type_V=q5_0,permute=[0,2,1,3]): not supported [RD0] 
  FLASH_ATTN_EXT(hsk=72,hsv=72,nh=4,nr23=[1,1],kv=512,nb=75,mask=1,sinks=1,max_bias=0.000000,logit_softcap=0.000000,prec=f32,type_K=q4_1,type_V=q4_1,permute=[0,1,2,3]): not supported [RD0] 
  FLASH_ATTN_EXT(hsk=72,hsv=72,nh=4,nr23=[1,1],kv=512,nb=75,mask=1,sinks=1,max_bias=0.000000,logit_softcap=0.000000,prec=f32,type_K=q4_1,type_V=q4_1,permute=[0,2,1,3]): not supported [RD0] 
  FLASH_ATTN_EXT(hsk=72,hsv=72,nh=4,nr23=[1,1],kv=512,nb=75,mask=1,sinks=1,max_bias=0.000000,logit_softcap=0.000000,prec=f32,type_K=q4_0,type_V=q4_0,permute=[0,1,2,3]): not supported [RD0] 
  FLASH_ATTN_EXT(hsk=72,hsv=72,nh=4,nr23=[1,1],kv=512,nb=75,mask=1,sinks=1,max_bias=0.000000,logit_softcap=0.000000,prec=f32,type_K=q4_0,type_V=q4_0,permute=[0,2,1,3]): not supported [RD0] 
  FLASH_ATTN_EXT(hsk=72,hsv=72,nh=4,nr23=[1,1],kv=512,nb=75,mask=1,sinks=1,max_bias=0.000000,logit_softcap=0.000000,prec=f32,type_K=iq4_nl,type_V=iq4_nl,permute=[0,1,2,3]): not supported [RD0] 
  FLASH_ATTN_EXT(hsk=72,hsv=72,nh=4,nr23=[1,1],kv=512,nb=75,mask=1,sinks=1,max_bias=0.000000,logit_softcap=0.000000,prec=f32,type_K=iq4_nl,type_V=iq4_nl,permute=[0,2,1,3]): not supported [RD0] 
  FLASH_ATTN_EXT(hsk=72,hsv=72,nh=4,nr23=[1,1],kv=1024,nb=1,mask=1,sinks=1,max_bias=0.000000,logit_softcap=0.000000,prec=f32,type_K=f32,type_V=f32,permute=[0,1,2,3]): not supported [RD0] 
  FLASH_ATTN_EXT(hsk=72,hsv=72,nh=4,nr23=[1,1],kv=1024,nb=1,mask=1,sinks=1,max_bias=0.000000,logit_softcap=0.000000,prec=f32,type_K=f16,type_V=f16,permute=[0,1,2,3]): not supported [RD0] 
  FLASH_ATTN_EXT(hsk=72,hsv=72,nh=4,nr23=[1,1],kv=1024,nb=1,mask=1,sinks=1,max_bias=0.000000,logit_softcap=0.000000,prec=f32,type_K=bf16,type_V=bf16,permute=[0,1,2,3]): not supported [RD0] 
  FLASH_ATTN_EXT(hsk=72,hsv=72,nh=4,nr23=[1,1],kv=1024,nb=1,mask=1,sinks=1,max_bias=0.000000,logit_softcap=0.000000,prec=f32,type_K=q8_0,type_V=q8_0,permute=[0,1,2,3]): not supported [RD0] 
  FLASH_ATTN_EXT(hsk=72,hsv=72,nh=4,nr23=[1,1],kv=1024,nb=1,mask=1,sinks=1,max_bias=0.000000,logit_softcap=0.000000,prec=f32,type_K=q5_1,type_V=q5_1,permute=[0,1,2,3]): not supported [RD0] 
  FLASH_ATTN_EXT(hsk=72,hsv=72,nh=4,nr23=[1,1],kv=1024,nb=1,mask=1,sinks=1,max_bias=0.000000,logit_softcap=0.000000,prec=f32,type_K=q5_0,type_V=q5_0,permute=[0,1,2,3]): not supported [RD0] 
  FLASH_ATTN_EXT(hsk=72,hsv=72,nh=4,nr23=[1,1],kv=1024,nb=1,mask=1,sinks=1,max_bias=0.000000,logit_softcap=0.000000,prec=f32,type_K=q4_1,type_V=q4_1,permute=[0,1,2,3]): not supported [RD0] 
  FLASH_ATTN_EXT(hsk=72,hsv=72,nh=4,nr23=[1,1],kv=1024,nb=1,mask=1,sinks=1,max_bias=0.000000,logit_softcap=0.000000,prec=f32,type_K=q4_0,type_V=q4_0,permute=[0,1,2,3]): not supported [RD0] 
  FLASH_ATTN_EXT(hsk=72,hsv=72,nh=4,nr23=[1,1],kv=1024,nb=1,mask=1,sinks=1,max_bias=0.000000,logit_softcap=0.000000,prec=f32,type_K=iq4_nl,type_V=iq4_nl,permute=[0,1,2,3]): not supported [RD0] 
  FLASH_ATTN_EXT(hsk=72,hsv=72,nh=4,nr23=[1,1],kv=1024,nb=3,mask=1,sinks=1,max_bias=0.000000,logit_softcap=0.000000,prec=f32,type_K=f32,type_V=f32,permute=[0,1,2,3]): not supported [RD0] 
  FLASH_ATTN_EXT(hsk=72,hsv=72,nh=4,nr23=[1,1],kv=1024,nb=3,mask=1,sinks=1,max_bias=0.000000,logit_softcap=0.000000,prec=f32,type_K=f16,type_V=f16,permute=[0,1,2,3]): not supported [RD0] 
  FLASH_ATTN_EXT(hsk=72,hsv=72,nh=4,nr23=[1,1],kv=1024,nb=3,mask=1,sinks=1,max_bias=0.000000,logit_softcap=0.000000,prec=f32,type_K=bf16,type_V=bf16,permute=[0,1,2,3]): not supported [RD0] 
  FLASH_ATTN_EXT(hsk=72,hsv=72,nh=4,nr23=[1,1],kv=1024,nb=3,mask=1,sinks=1,max_bias=0.000000,logit_softcap=0.000000,prec=f32,type_K=q8_0,type_V=q8_0,permute=[0,1,2,3]): not supported [RD0] 
  FLASH_ATTN_EXT(hsk=72,hsv=72,nh=4,nr23=[1,1],kv=1024,nb=3,mask=1,sinks=1,max_bias=0.000000,logit_softcap=0.000000,prec=f32,type_K=q5_1,type_V=q5_1,permute=[0,1,2,3]): not supported [RD0] 
  FLASH_ATTN_EXT(hsk=72,hsv=72,nh=4,nr23=[1,1],kv=1024,nb=3,mask=1,sinks=1,max_bias=0.000000,logit_softcap=0.000000,prec=f32,type_K=q5_0,type_V=q5_0,permute=[0,1,2,3]): not supported [RD0] 
  FLASH_ATTN_EXT(hsk=72,hsv=72,nh=4,nr23=[1,1],kv=1024,nb=3,mask=1,sinks=1,max_bias=0.000000,logit_softcap=0.000000,prec=f32,type_K=q4_1,type_V=q4_1,permute=[0,1,2,3]): not supported [RD0] 
  FLASH_ATTN_EXT(hsk=72,hsv=72,nh=4,nr23=[1,1],kv=1024,nb=3,mask=1,sinks=1,max_bias=0.000000,logit_softcap=0.000000,prec=f32,type_K=q4_0,type_V=q4_0,permute=[0,1,2,3]): not supported [RD0] 
  FLASH_ATTN_EXT(hsk=72,hsv=72,nh=4,nr23=[1,1],kv=1024,nb=3,mask=1,sinks=1,max_bias=0.000000,logit_softcap=0.000000,prec=f32,type_K=iq4_nl,type_V=iq4_nl,permute=[0,1,2,3]): not supported [RD0] 
  FLASH_ATTN_EXT(hsk=72,hsv=72,nh=4,nr23=[1,1],kv=1024,nb=32,mask=1,sinks=1,max_bias=0.000000,logit_softcap=0.000000,prec=f32,type_K=f32,type_V=f32,permute=[0,1,2,3]): not supported [RD0] 
  FLASH_ATTN_EXT(hsk=72,hsv=72,nh=4,nr23=[1,1],kv=1024,nb=32,mask=1,sinks=1,max_bias=0.000000,logit_softcap=0.000000,prec=f32,type_K=f16,type_V=f16,permute=[0,1,2,3]): not supported [RD0] 
  FLASH_ATTN_EXT(hsk=72,hsv=72,nh=4,nr23=[1,1],kv=1024,nb=32,mask=1,sinks=1,max_bias=0.000000,logit_softcap=0.000000,prec=f32,type_K=bf16,type_V=bf16,permute=[0,1,2,3]): not supported [RD0] 
  FLASH_ATTN_EXT(hsk=72,hsv=72,nh=4,nr23=[1,1],kv=1024,nb=32,mask=1,sinks=1,max_bias=0.000000,logit_softcap=0.000000,prec=f32,type_K=q8_0,type_V=q8_0,permute=[0,1,2,3]): not supported [RD0] 
  FLASH_ATTN_EXT(hsk=72,hsv=72,nh=4,nr23=[1,1],kv=1024,nb=32,mask=1,sinks=1,max_bias=0.000000,logit_softcap=0.000000,prec=f32,type_K=q5_1,type_V=q5_1,permute=[0,1,2,3]): not supported [RD0] 
  FLASH_ATTN_EXT(hsk=72,hsv=72,nh=4,nr23=[1,1],kv=1024,nb=32,mask=1,sinks=1,max_bias=0.000000,logit_softcap=0.000000,prec=f32,type_K=q5_0,type_V=q5_0,permute=[0,1,2,3]): not supported [RD0] 
  FLASH_ATTN_EXT(hsk=72,hsv=72,nh=4,nr23=[1,1],kv=1024,nb=32,mask=1,sinks=1,max_bias=0.000000,logit_softcap=0.000000,prec=f32,type_K=q4_1,type_V=q4_1,permute=[0,1,2,3]): not supported [RD0] 
  FLASH_ATTN_EXT(hsk=72,hsv=72,nh=4,nr23=[1,1],kv=1024,nb=32,mask=1,sinks=1,max_bias=0.000000,logit_softcap=0.000000,prec=f32,type_K=q4_0,type_V=q4_0,permute=[0,1,2,3]): not supported [RD0] 
  FLASH_ATTN_EXT(hsk=72,hsv=72,nh=4,nr23=[1,1],kv=1024,nb=32,mask=1,sinks=1,max_bias=0.000000,logit_softcap=0.000000,prec=f32,type_K=iq4_nl,type_V=iq4_nl,permute=[0,1,2,3]): not supported [RD0] 
  FLASH_ATTN_EXT(hsk=72,hsv=72,nh=4,nr23=[1,1],kv=1024,nb=75,mask=1,sinks=1,max_bias=0.000000,logit_softcap=0.000000,prec=f32,type_K=f32,type_V=f32,permute=[0,1,2,3]): not supported [RD0] 
  FLASH_ATTN_EXT(hsk=72,hsv=72,nh=4,nr23=[1,1],kv=1024,nb=75,mask=1,sinks=1,max_bias=0.000000,logit_softcap=0.000000,prec=f32,type_K=f16,type_V=f16,permute=[0,1,2,3]): not supported [RD0] 
  FLASH_ATTN_EXT(hsk=72,hsv=72,nh=4,nr23=[1,1],kv=1024,nb=75,mask=1,sinks=1,max_bias=0.000000,logit_softcap=0.000000,prec=f32,type_K=bf16,type_V=bf16,permute=[0,1,2,3]): not supported [RD0] 
  FLASH_ATTN_EXT(hsk=72,hsv=72,nh=4,nr23=[1,1],kv=1024,nb=75,mask=1,sinks=1,max_bias=0.000000,logit_softcap=0.000000,prec=f32,type_K=q8_0,type_V=q8_0,permute=[0,1,2,3]): not supported [RD0] 
  FLASH_ATTN_EXT(hsk=72,hsv=72,nh=4,nr23=[1,1],kv=1024,nb=75,mask=1,sinks=1,max_bias=0.000000,logit_softcap=0.000000,prec=f32,type_K=q5_1,type_V=q5_1,permute=[0,1,2,3]): not supported [RD0] 
  FLASH_ATTN_EXT(hsk=72,hsv=72,nh=4,nr23=[1,1],kv=1024,nb=75,mask=1,sinks=1,max_bias=0.000000,logit_softcap=0.000000,prec=f32,type_K=q5_0,type_V=q5_0,permute=[0,1,2,3]): not supported [RD0] 
  FLASH_ATTN_EXT(hsk=72,hsv=72,nh=4,nr23=[1,1],kv=1024,nb=75,mask=1,sinks=1,max_bias=0.000000,logit_softcap=0.000000,prec=f32,type_K=q4_1,type_V=q4_1,permute=[0,1,2,3]): not supported [RD0] 
  FLASH_ATTN_EXT(hsk=72,hsv=72,nh=4,nr23=[1,1],kv=1024,nb=75,mask=1,sinks=1,max_bias=0.000000,logit_softcap=0.000000,prec=f32,type_K=q4_0,type_V=q4_0,permute=[0,1,2,3]): not supported [RD0] 
  FLASH_ATTN_EXT(hsk=72,hsv=72,nh=4,nr23=[1,1],kv=1024,nb=75,mask=1,sinks=1,max_bias=0.000000,logit_softcap=0.000000,prec=f32,type_K=iq4_nl,type_V=iq4_nl,permute=[0,1,2,3]): not supported [RD0] 
  FLASH_ATTN_EXT(hsk=72,hsv=72,nh=4,nr23=[4,1],kv=512,nb=1,mask=1,sinks=1,max_bias=0.000000,logit_softcap=0.000000,prec=f32,type_K=f32,type_V=f32,permute=[0,1,2,3]): not supported [RD0] 
  FLASH_ATTN_EXT(hsk=72,hsv=72,nh=4,nr23=[4,1],kv=512,nb=1,mask=1,sinks=1,max_bias=0.000000,logit_softcap=0.000000,prec=f32,type_K=f32,type_V=f32,permute=[0,2,1,3]): not supported [RD0] 
  FLASH_ATTN_EXT(hsk=72,hsv=72,nh=4,nr23=[4,1],kv=512,nb=1,mask=1,sinks=1,max_bias=0.000000,logit_softcap=0.000000,prec=f32,type_K=f16,type_V=f16,permute=[0,1,2,3]): not supported [RD0] 
  FLASH_ATTN_EXT(hsk=72,hsv=72,nh=4,nr23=[4,1],kv=512,nb=1,mask=1,sinks=1,max_bias=0.000000,logit_softcap=0.000000,prec=f32,type_K=f16,type_V=f16,permute=[0,2,1,3]): not supported [RD0] 
  FLASH_ATTN_EXT(hsk=72,hsv=72,nh=4,nr23=[4,1],kv=512,nb=1,mask=1,sinks=1,max_bias=0.000000,logit_softcap=0.000000,prec=f32,type_K=bf16,type_V=bf16,permute=[0,1,2,3]): not supported [RD0] 
  FLASH_ATTN_EXT(hsk=72,hsv=72,nh=4,nr23=[4,1],kv=512,nb=1,mask=1,sinks=1,max_bias=0.000000,logit_softcap=0.000000,prec=f32,type_K=bf16,type_V=bf16,permute=[0,2,1,3]): not supported [RD0] 
  FLASH_ATTN_EXT(hsk=72,hsv=72,nh=4,nr23=[4,1],kv=512,nb=1,mask=1,sinks=1,max_bias=0.000000,logit_softcap=0.000000,prec=f32,type_K=q8_0,type_V=q8_0,permute=[0,1,2,3]): not supported [RD0] 
  FLASH_ATTN_EXT(hsk=72,hsv=72,nh=4,nr23=[4,1],kv=512,nb=1,mask=1,sinks=1,max_bias=0.000000,logit_softcap=0.000000,prec=f32,type_K=q8_0,type_V=q8_0,permute=[0,2,1,3]): not supported [RD0] 
  FLASH_ATTN_EXT(hsk=72,hsv=72,nh=4,nr23=[4,1],kv=512,nb=1,mask=1,sinks=1,max_bias=0.000000,logit_softcap=0.000000,prec=f32,type_K=q5_1,type_V=q5_1,permute=[0,1,2,3]): not supported [RD0] 
  FLASH_ATTN_EXT(hsk=72,hsv=72,nh=4,nr23=[4,1],kv=512,nb=1,mask=1,sinks=1,max_bias=0.000000,logit_softcap=0.000000,prec=f32,type_K=q5_1,type_V=q5_1,permute=[0,2,1,3]): not supported [RD0] 
  FLASH_ATTN_EXT(hsk=72,hsv=72,nh=4,nr23=[4,1],kv=512,nb=1,mask=1,sinks=1,max_bias=0.000000,logit_softcap=0.000000,prec=f32,type_K=q5_0,type_V=q5_0,permute=[0,1,2,3]): not supported [RD0] 
  FLASH_ATTN_EXT(hsk=72,hsv=72,nh=4,nr23=[4,1],kv=512,nb=1,mask=1,sinks=1,max_bias=0.000000,logit_softcap=0.000000,prec=f32,type_K=q5_0,type_V=q5_0,permute=[0,2,1,3]): not supported [RD0] 
  FLASH_ATTN_EXT(hsk=72,hsv=72,nh=4,nr23=[4,1],kv=512,nb=1,mask=1,sinks=1,max_bias=0.000000,logit_softcap=0.000000,prec=f32,type_K=q4_1,type_V=q4_1,permute=[0,1,2,3]): not supported [RD0] 
  FLASH_ATTN_EXT(hsk=72,hsv=72,nh=4,nr23=[4,1],kv=512,nb=1,mask=1,sinks=1,max_bias=0.000000,logit_softcap=0.000000,prec=f32,type_K=q4_1,type_V=q4_1,permute=[0,2,1,3]): not supported [RD0] 
  FLASH_ATTN_EXT(hsk=72,hsv=72,nh=4,nr23=[4,1],kv=512,nb=1,mask=1,sinks=1,max_bias=0.000000,logit_softcap=0.000000,prec=f32,type_K=q4_0,type_V=q4_0,permute=[0,1,2,3]): not supported [RD0] 
  FLASH_ATTN_EXT(hsk=72,hsv=72,nh=4,nr23=[4,1],kv=512,nb=1,mask=1,sinks=1,max_bias=0.000000,logit_softcap=0.000000,prec=f32,type_K=q4_0,type_V=q4_0,permute=[0,2,1,3]): not supported [RD0] 
  FLASH_ATTN_EXT(hsk=72,hsv=72,nh=4,nr23=[4,1],kv=512,nb=1,mask=1,sinks=1,max_bias=0.000000,logit_softcap=0.000000,prec=f32,type_K=iq4_nl,type_V=iq4_nl,permute=[0,1,2,3]): not supported [RD0] 
  FLASH_ATTN_EXT(hsk=72,hsv=72,nh=4,nr23=[4,1],kv=512,nb=1,mask=1,sinks=1,max_bias=0.000000,logit_softcap=0.000000,prec=f32,type_K=iq4_nl,type_V=iq4_nl,permute=[0,2,1,3]): not supported [RD0] 
  FLASH_ATTN_EXT(hsk=72,hsv=72,nh=4,nr23=[4,1],kv=512,nb=3,mask=1,sinks=1,max_bias=0.000000,logit_softcap=0.000000,prec=f32,type_K=f32,type_V=f32,permute=[0,1,2,3]): not supported [RD0] 
  FLASH_ATTN_EXT(hsk=72,hsv=72,nh=4,nr23=[4,1],kv=512,nb=3,mask=1,sinks=1,max_bias=0.000000,logit_softcap=0.000000,prec=f32,type_K=f32,type_V=f32,permute=[0,2,1,3]): not supported [RD0] 
  FLASH_ATTN_EXT(hsk=72,hsv=72,nh=4,nr23=[4,1],kv=512,nb=3,mask=1,sinks=1,max_bias=0.000000,logit_softcap=0.000000,prec=f32,type_K=f16,type_V=f16,permute=[0,1,2,3]): not supported [RD0] 
  FLASH_ATTN_EXT(hsk=72,hsv=72,nh=4,nr23=[4,1],kv=512,nb=3,mask=1,sinks=1,max_bias=0.000000,logit_softcap=0.000000,prec=f32,type_K=f16,type_V=f16,permute=[0,2,1,3]): not supported [RD0] 
  FLASH_ATTN_EXT(hsk=72,hsv=72,nh=4,nr23=[4,1],kv=512,nb=3,mask=1,sinks=1,max_bias=0.000000,logit_softcap=0.000000,prec=f32,type_K=bf16,type_V=bf16,permute=[0,1,2,3]): not supported [RD0] 
  FLASH_ATTN_EXT(hsk=72,hsv=72,nh=4,nr23=[4,1],kv=512,nb=3,mask=1,sinks=1,max_bias=0.000000,logit_softcap=0.000000,prec=f32,type_K=bf16,type_V=bf16,permute=[0,2,1,3]): not supported [RD0] 
  FLASH_ATTN_EXT(hsk=72,hsv=72,nh=4,nr23=[4,1],kv=512,nb=3,mask=1,sinks=1,max_bias=0.000000,logit_softcap=0.000000,prec=f32,type_K=q8_0,type_V=q8_0,permute=[0,1,2,3]): not supported [RD0] 
  FLASH_ATTN_EXT(hsk=72,hsv=72,nh=4,nr23=[4,1],kv=512,nb=3,mask=1,sinks=1,max_bias=0.000000,logit_softcap=0.000000,prec=f32,type_K=q8_0,type_V=q8_0,permute=[0,2,1,3]): not supported [RD0] 
  FLASH_ATTN_EXT(hsk=72,hsv=72,nh=4,nr23=[4,1],kv=512,nb=3,mask=1,sinks=1,max_bias=0.000000,logit_softcap=0.000000,prec=f32,type_K=q5_1,type_V=q5_1,permute=[0,1,2,3]): not supported [RD0] 
  FLASH_ATTN_EXT(hsk=72,hsv=72,nh=4,nr23=[4,1],kv=512,nb=3,mask=1,sinks=1,max_bias=0.000000,logit_softcap=0.000000,prec=f32,type_K=q5_1,type_V=q5_1,permute=[0,2,1,3]): not supported [RD0] 
  FLASH_ATTN_EXT(hsk=72,hsv=72,nh=4,nr23=[4,1],kv=512,nb=3,mask=1,sinks=1,max_bias=0.000000,logit_softcap=0.000000,prec=f32,type_K=q5_0,type_V=q5_0,permute=[0,1,2,3]): not supported [RD0] 
  FLASH_ATTN_EXT(hsk=72,hsv=72,nh=4,nr23=[4,1],kv=512,nb=3,mask=1,sinks=1,max_bias=0.000000,logit_softcap=0.000000,prec=f32,type_K=q5_0,type_V=q5_0,permute=[0,2,1,3]): not supported [RD0] 
  FLASH_ATTN_EXT(hsk=72,hsv=72,nh=4,nr23=[4,1],kv=512,nb=3,mask=1,sinks=1,max_bias=0.000000,logit_softcap=0.000000,prec=f32,type_K=q4_1,type_V=q4_1,permute=[0,1,2,3]): not supported [RD0] 
  FLASH_ATTN_EXT(hsk=72,hsv=72,nh=4,nr23=[4,1],kv=512,nb=3,mask=1,sinks=1,max_bias=0.000000,logit_softcap=0.000000,prec=f32,type_K=q4_1,type_V=q4_1,permute=[0,2,1,3]): not supported [RD0] 
  FLASH_ATTN_EXT(hsk=72,hsv=72,nh=4,nr23=[4,1],kv=512,nb=3,mask=1,sinks=1,max_bias=0.000000,logit_softcap=0.000000,prec=f32,type_K=q4_0,type_V=q4_0,permute=[0,1,2,3]): not supported [RD0] 
  FLASH_ATTN_EXT(hsk=72,hsv=72,nh=4,nr23=[4,1],kv=512,nb=3,mask=1,sinks=1,max_bias=0.000000,logit_softcap=0.000000,prec=f32,type_K=q4_0,type_V=q4_0,permute=[0,2,1,3]): not supported [RD0] 
  FLASH_ATTN_EXT(hsk=72,hsv=72,nh=4,nr23=[4,1],kv=512,nb=3,mask=1,sinks=1,max_bias=0.000000,logit_softcap=0.000000,prec=f32,type_K=iq4_nl,type_V=iq4_nl,permute=[0,1,2,3]): not supported [RD0] 
  FLASH_ATTN_EXT(hsk=72,hsv=72,nh=4,nr23=[4,1],kv=512,nb=3,mask=1,sinks=1,max_bias=0.000000,logit_softcap=0.000000,prec=f32,type_K=iq4_nl,type_V=iq4_nl,permute=[0,2,1,3]): not supported [RD0] 
  FLASH_ATTN_EXT(hsk=72,hsv=72,nh=4,nr23=[4,1],kv=512,nb=32,mask=1,sinks=1,max_bias=0.000000,logit_softcap=0.000000,prec=f32,type_K=f32,type_V=f32,permute=[0,1,2,3]): not supported [RD0] 
  FLASH_ATTN_EXT(hsk=72,hsv=72,nh=4,nr23=[4,1],kv=512,nb=32,mask=1,sinks=1,max_bias=0.000000,logit_softcap=0.000000,prec=f32,type_K=f32,type_V=f32,permute=[0,2,1,3]): not supported [RD0] 
  FLASH_ATTN_EXT(hsk=72,hsv=72,nh=4,nr23=[4,1],kv=512,nb=32,mask=1,sinks=1,max_bias=0.000000,logit_softcap=0.000000,prec=f32,type_K=f16,type_V=f16,permute=[0,1,2,3]): not supported [RD0] 
  FLASH_ATTN_EXT(hsk=72,hsv=72,nh=4,nr23=[4,1],kv=512,nb=32,mask=1,sinks=1,max_bias=0.000000,logit_softcap=0.000000,prec=f32,type_K=f16,type_V=f16,permute=[0,2,1,3]): not supported [RD0] 
  FLASH_ATTN_EXT(hsk=72,hsv=72,nh=4,nr23=[4,1],kv=512,nb=32,mask=1,sinks=1,max_bias=0.000000,logit_softcap=0.000000,prec=f32,type_K=bf16,type_V=bf16,permute=[0,1,2,3]): not supported [RD0] 
  FLASH_ATTN_EXT(hsk=72,hsv=72,nh=4,nr23=[4,1],kv=512,nb=32,mask=1,sinks=1,max_bias=0.000000,logit_softcap=0.000000,prec=f32,type_K=bf16,type_V=bf16,permute=[0,2,1,3]): not supported [RD0] 
  FLASH_ATTN_EXT(hsk=72,hsv=72,nh=4,nr23=[4,1],kv=512,nb=32,mask=1,sinks=1,max_bias=0.000000,logit_softcap=0.000000,prec=f32,type_K=q8_0,type_V=q8_0,permute=[0,1,2,3]): not supported [RD0] 
  FLASH_ATTN_EXT(hsk=72,hsv=72,nh=4,nr23=[4,1],kv=512,nb=32,mask=1,sinks=1,max_bias=0.000000,logit_softcap=0.000000,prec=f32,type_K=q8_0,type_V=q8_0,permute=[0,2,1,3]): not supported [RD0] 
  FLASH_ATTN_EXT(hsk=72,hsv=72,nh=4,nr23=[4,1],kv=512,nb=32,mask=1,sinks=1,max_bias=0.000000,logit_softcap=0.000000,prec=f32,type_K=q5_1,type_V=q5_1,permute=[0,1,2,3]): not supported [RD0] 
  FLASH_ATTN_EXT(hsk=72,hsv=72,nh=4,nr23=[4,1],kv=512,nb=32,mask=1,sinks=1,max_bias=0.000000,logit_softcap=0.000000,prec=f32,type_K=q5_1,type_V=q5_1,permute=[0,2,1,3]): not supported [RD0] 
  FLASH_ATTN_EXT(hsk=72,hsv=72,nh=4,nr23=[4,1],kv=512,nb=32,mask=1,sinks=1,max_bias=0.000000,logit_softcap=0.000000,prec=f32,type_K=q5_0,type_V=q5_0,permute=[0,1,2,3]): not supported [RD0] 
  FLASH_ATTN_EXT(hsk=72,hsv=72,nh=4,nr23=[4,1],kv=512,nb=32,mask=1,sinks=1,max_bias=0.000000,logit_softcap=0.000000,prec=f32,type_K=q5_0,type_V=q5_0,permute=[0,2,1,3]): not supported [RD0] 
  FLASH_ATTN_EXT(hsk=72,hsv=72,nh=4,nr23=[4,1],kv=512,nb=32,mask=1,sinks=1,max_bias=0.000000,logit_softcap=0.000000,prec=f32,type_K=q4_1,type_V=q4_1,permute=[0,1,2,3]): not supported [RD0] 
  FLASH_ATTN_EXT(hsk=72,hsv=72,nh=4,nr23=[4,1],kv=512,nb=32,mask=1,sinks=1,max_bias=0.000000,logit_softcap=0.000000,prec=f32,type_K=q4_1,type_V=q4_1,permute=[0,2,1,3]): not supported [RD0] 
  FLASH_ATTN_EXT(hsk=72,hsv=72,nh=4,nr23=[4,1],kv=512,nb=32,mask=1,sinks=1,max_bias=0.000000,logit_softcap=0.000000,prec=f32,type_K=q4_0,type_V=q4_0,permute=[0,1,2,3]): not supported [RD0] 
  FLASH_ATTN_EXT(hsk=72,hsv=72,nh=4,nr23=[4,1],kv=512,nb=32,mask=1,sinks=1,max_bias=0.000000,logit_softcap=0.000000,prec=f32,type_K=q4_0,type_V=q4_0,permute=[0,2,1,3]): not supported [RD0] 
  FLASH_ATTN_EXT(hsk=72,hsv=72,nh=4,nr23=[4,1],kv=512,nb=32,mask=1,sinks=1,max_bias=0.000000,logit_softcap=0.000000,prec=f32,type_K=iq4_nl,type_V=iq4_nl,permute=[0,1,2,3]): not supported [RD0] 
  FLASH_ATTN_EXT(hsk=72,hsv=72,nh=4,nr23=[4,1],kv=512,nb=32,mask=1,sinks=1,max_bias=0.000000,logit_softcap=0.000000,prec=f32,type_K=iq4_nl,type_V=iq4_nl,permute=[0,2,1,3]): not supported [RD0] 
  FLASH_ATTN_EXT(hsk=72,hsv=72,nh=4,nr23=[4,1],kv=512,nb=75,mask=1,sinks=1,max_bias=0.000000,logit_softcap=0.000000,prec=f32,type_K=f32,type_V=f32,permute=[0,1,2,3]): not supported [RD0] 
  FLASH_ATTN_EXT(hsk=72,hsv=72,nh=4,nr23=[4,1],kv=512,nb=75,mask=1,sinks=1,max_bias=0.000000,logit_softcap=0.000000,prec=f32,type_K=f32,type_V=f32,permute=[0,2,1,3]): not supported [RD0] 
  FLASH_ATTN_EXT(hsk=72,hsv=72,nh=4,nr23=[4,1],kv=512,nb=75,mask=1,sinks=1,max_bias=0.000000,logit_softcap=0.000000,prec=f32,type_K=f16,type_V=f16,permute=[0,1,2,3]): not supported [RD0] 
  FLASH_ATTN_EXT(hsk=72,hsv=72,nh=4,nr23=[4,1],kv=512,nb=75,mask=1,sinks=1,max_bias=0.000000,logit_softcap=0.000000,prec=f32,type_K=f16,type_V=f16,permute=[0,2,1,3]): not supported [RD0] 
  FLASH_ATTN_EXT(hsk=72,hsv=72,nh=4,nr23=[4,1],kv=512,nb=75,mask=1,sinks=1,max_bias=0.000000,logit_softcap=0.000000,prec=f32,type_K=bf16,type_V=bf16,permute=[0,1,2,3]): not supported [RD0] 
  FLASH_ATTN_EXT(hsk=72,hsv=72,nh=4,nr23=[4,1],kv=512,nb=75,mask=1,sinks=1,max_bias=0.000000,logit_softcap=0.000000,prec=f32,type_K=bf16,type_V=bf16,permute=[0,2,1,3]): not supported [RD0] 
  FLASH_ATTN_EXT(hsk=72,hsv=72,nh=4,nr23=[4,1],kv=512,nb=75,mask=1,sinks=1,max_bias=0.000000,logit_softcap=0.000000,prec=f32,type_K=q8_0,type_V=q8_0,permute=[0,1,2,3]): not supported [RD0] 
  FLASH_ATTN_EXT(hsk=72,hsv=72,nh=4,nr23=[4,1],kv=512,nb=75,mask=1,sinks=1,max_bias=0.000000,logit_softcap=0.000000,prec=f32,type_K=q8_0,type_V=q8_0,permute=[0,2,1,3]): not supported [RD0] 
  FLASH_ATTN_EXT(hsk=72,hsv=72,nh=4,nr23=[4,1],kv=512,nb=75,mask=1,sinks=1,max_bias=0.000000,logit_softcap=0.000000,prec=f32,type_K=q5_1,type_V=q5_1,permute=[0,1,2,3]): not supported [RD0] 
  FLASH_ATTN_EXT(hsk=72,hsv=72,nh=4,nr23=[4,1],kv=512,nb=75,mask=1,sinks=1,max_bias=0.000000,logit_softcap=0.000000,prec=f32,type_K=q5_1,type_V=q5_1,permute=[0,2,1,3]): not supported [RD0] 
  FLASH_ATTN_EXT(hsk=72,hsv=72,nh=4,nr23=[4,1],kv=512,nb=75,mask=1,sinks=1,max_bias=0.000000,logit_softcap=0.000000,prec=f32,type_K=q5_0,type_V=q5_0,permute=[0,1,2,3]): not supported [RD0] 
  FLASH_ATTN_EXT(hsk=72,hsv=72,nh=4,nr23=[4,1],kv=512,nb=75,mask=1,sinks=1,max_bias=0.000000,logit_softcap=0.000000,prec=f32,type_K=q5_0,type_V=q5_0,permute=[0,2,1,3]): not supported [RD0] 
  FLASH_ATTN_EXT(hsk=72,hsv=72,nh=4,nr23=[4,1],kv=512,nb=75,mask=1,sinks=1,max_bias=0.000000,logit_softcap=0.000000,prec=f32,type_K=q4_1,type_V=q4_1,permute=[0,1,2,3]): not supported [RD0] 
  FLASH_ATTN_EXT(hsk=72,hsv=72,nh=4,nr23=[4,1],kv=512,nb=75,mask=1,sinks=1,max_bias=0.000000,logit_softcap=0.000000,prec=f32,type_K=q4_1,type_V=q4_1,permute=[0,2,1,3]): not supported [RD0] 
  FLASH_ATTN_EXT(hsk=72,hsv=72,nh=4,nr23=[4,1],kv=512,nb=75,mask=1,sinks=1,max_bias=0.000000,logit_softcap=0.000000,prec=f32,type_K=q4_0,type_V=q4_0,permute=[0,1,2,3]): not supported [RD0] 
  FLASH_ATTN_EXT(hsk=72,hsv=72,nh=4,nr23=[4,1],kv=512,nb=75,mask=1,sinks=1,max_bias=0.000000,logit_softcap=0.000000,prec=f32,type_K=q4_0,type_V=q4_0,permute=[0,2,1,3]): not supported [RD0] 
  FLASH_ATTN_EXT(hsk=72,hsv=72,nh=4,nr23=[4,1],kv=512,nb=75,mask=1,sinks=1,max_bias=0.000000,logit_softcap=0.000000,prec=f32,type_K=iq4_nl,type_V=iq4_nl,permute=[0,1,2,3]): not supported [RD0] 
  FLASH_ATTN_EXT(hsk=72,hsv=72,nh=4,nr23=[4,1],kv=512,nb=75,mask=1,sinks=1,max_bias=0.000000,logit_softcap=0.000000,prec=f32,type_K=iq4_nl,type_V=iq4_nl,permute=[0,2,1,3]): not supported [RD0] 
  FLASH_ATTN_EXT(hsk=72,hsv=72,nh=4,nr23=[1,1],kv=113,nb=1,mask=1,sinks=1,max_bias=8.000000,logit_softcap=0.000000,prec=f32,type_K=f32,type_V=f32,permute=[0,1,2,3]): not supported [RD0] 
  FLASH_ATTN_EXT(hsk=72,hsv=72,nh=4,nr23=[1,1],kv=113,nb=1,mask=1,sinks=1,max_bias=8.000000,logit_softcap=0.000000,prec=f32,type_K=f16,type_V=f16,permute=[0,1,2,3]): not supported [RD0] 
  FLASH_ATTN_EXT(hsk=72,hsv=72,nh=4,nr23=[1,1],kv=113,nb=1,mask=1,sinks=1,max_bias=8.000000,logit_softcap=0.000000,prec=f32,type_K=bf16,type_V=bf16,permute=[0,1,2,3]): not supported [RD0] 
  FLASH_ATTN_EXT(hsk=72,hsv=72,nh=4,nr23=[1,1],kv=113,nb=1,mask=1,sinks=1,max_bias=8.000000,logit_softcap=0.000000,prec=f32,type_K=q8_0,type_V=q8_0,permute=[0,1,2,3]): not supported [RD0] 
  FLASH_ATTN_EXT(hsk=72,hsv=72,nh=4,nr23=[1,1],kv=113,nb=1,mask=1,sinks=1,max_bias=8.000000,logit_softcap=0.000000,prec=f32,type_K=q5_1,type_V=q5_1,permute=[0,1,2,3]): not supported [RD0] 
  FLASH_ATTN_EXT(hsk=72,hsv=72,nh=4,nr23=[1,1],kv=113,nb=1,mask=1,sinks=1,max_bias=8.000000,logit_softcap=0.000000,prec=f32,type_K=q5_0,type_V=q5_0,permute=[0,1,2,3]): not supported [RD0] 
  FLASH_ATTN_EXT(hsk=72,hsv=72,nh=4,nr23=[1,1],kv=113,nb=1,mask=1,sinks=1,max_bias=8.000000,logit_softcap=0.000000,prec=f32,type_K=q4_1,type_V=q4_1,permute=[0,1,2,3]): not supported [RD0] 
  FLASH_ATTN_EXT(hsk=72,hsv=72,nh=4,nr23=[1,1],kv=113,nb=1,mask=1,sinks=1,max_bias=8.000000,logit_softcap=0.000000,prec=f32,type_K=q4_0,type_V=q4_0,permute=[0,1,2,3]): not supported [RD0] 
  FLASH_ATTN_EXT(hsk=72,hsv=72,nh=4,nr23=[1,1],kv=113,nb=1,mask=1,sinks=1,max_bias=8.000000,logit_softcap=0.000000,prec=f32,type_K=iq4_nl,type_V=iq4_nl,permute=[0,1,2,3]): not supported [RD0] 
  FLASH_ATTN_EXT(hsk=72,hsv=72,nh=4,nr23=[1,1],kv=113,nb=3,mask=1,sinks=1,max_bias=8.000000,logit_softcap=0.000000,prec=f32,type_K=f32,type_V=f32,permute=[0,1,2,3]): not supported [RD0] 
  FLASH_ATTN_EXT(hsk=72,hsv=72,nh=4,nr23=[1,1],kv=113,nb=3,mask=1,sinks=1,max_bias=8.000000,logit_softcap=0.000000,prec=f32,type_K=f16,type_V=f16,permute=[0,1,2,3]): not supported [RD0] 
  FLASH_ATTN_EXT(hsk=72,hsv=72,nh=4,nr23=[1,1],kv=113,nb=3,mask=1,sinks=1,max_bias=8.000000,logit_softcap=0.000000,prec=f32,type_K=bf16,type_V=bf16,permute=[0,1,2,3]): not supported [RD0] 
  FLASH_ATTN_EXT(hsk=72,hsv=72,nh=4,nr23=[1,1],kv=113,nb=3,mask=1,sinks=1,max_bias=8.000000,logit_softcap=0.000000,prec=f32,type_K=q8_0,type_V=q8_0,permute=[0,1,2,3]): not supported [RD0] 
  FLASH_ATTN_EXT(hsk=72,hsv=72,nh=4,nr23=[1,1],kv=113,nb=3,mask=1,sinks=1,max_bias=8.000000,logit_softcap=0.000000,prec=f32,type_K=q5_1,type_V=q5_1,permute=[0,1,2,3]): not supported [RD0] 
  FLASH_ATTN_EXT(hsk=72,hsv=72,nh=4,nr23=[1,1],kv=113,nb=3,mask=1,sinks=1,max_bias=8.000000,logit_softcap=0.000000,prec=f32,type_K=q5_0,type_V=q5_0,permute=[0,1,2,3]): not supported [RD0] 
  FLASH_ATTN_EXT(hsk=72,hsv=72,nh=4,nr23=[1,1],kv=113,nb=3,mask=1,sinks=1,max_bias=8.000000,logit_softcap=0.000000,prec=f32,type_K=q4_1,type_V=q4_1,permute=[0,1,2,3]): not supported [RD0] 
  FLASH_ATTN_EXT(hsk=72,hsv=72,nh=4,nr23=[1,1],kv=113,nb=3,mask=1,sinks=1,max_bias=8.000000,logit_softcap=0.000000,prec=f32,type_K=q4_0,type_V=q4_0,permute=[0,1,2,3]): not supported [RD0] 
  FLASH_ATTN_EXT(hsk=72,hsv=72,nh=4,nr23=[1,1],kv=113,nb=3,mask=1,sinks=1,max_bias=8.000000,logit_softcap=0.000000,prec=f32,type_K=iq4_nl,type_V=iq4_nl,permute=[0,1,2,3]): not supported [RD0] 
  FLASH_ATTN_EXT(hsk=72,hsv=72,nh=4,nr23=[1,1],kv=113,nb=32,mask=1,sinks=1,max_bias=8.000000,logit_softcap=0.000000,prec=f32,type_K=f32,type_V=f32,permute=[0,1,2,3]): not supported [RD0] 
  FLASH_ATTN_EXT(hsk=72,hsv=72,nh=4,nr23=[1,1],kv=113,nb=32,mask=1,sinks=1,max_bias=8.000000,logit_softcap=0.000000,prec=f32,type_K=f16,type_V=f16,permute=[0,1,2,3]): not supported [RD0] 
  FLASH_ATTN_EXT(hsk=72,hsv=72,nh=4,nr23=[1,1],kv=113,nb=32,mask=1,sinks=1,max_bias=8.000000,logit_softcap=0.000000,prec=f32,type_K=bf16,type_V=bf16,permute=[0,1,2,3]): not supported [RD0] 
  FLASH_ATTN_EXT(hsk=72,hsv=72,nh=4,nr23=[1,1],kv=113,nb=32,mask=1,sinks=1,max_bias=8.000000,logit_softcap=0.000000,prec=f32,type_K=q8_0,type_V=q8_0,permute=[0,1,2,3]): not supported [RD0] 
  FLASH_ATTN_EXT(hsk=72,hsv=72,nh=4,nr23=[1,1],kv=113,nb=32,mask=1,sinks=1,max_bias=8.000000,logit_softcap=0.000000,prec=f32,type_K=q5_1,type_V=q5_1,permute=[0,1,2,3]): not supported [RD0] 
  FLASH_ATTN_EXT(hsk=72,hsv=72,nh=4,nr23=[1,1],kv=113,nb=32,mask=1,sinks=1,max_bias=8.000000,logit_softcap=0.000000,prec=f32,type_K=q5_0,type_V=q5_0,permute=[0,1,2,3]): not supported [RD0] 
  FLASH_ATTN_EXT(hsk=72,hsv=72,nh=4,nr23=[1,1],kv=113,nb=32,mask=1,sinks=1,max_bias=8.000000,logit_softcap=0.000000,prec=f32,type_K=q4_1,type_V=q4_1,permute=[0,1,2,3]): not supported [RD0] 
  FLASH_ATTN_EXT(hsk=72,hsv=72,nh=4,nr23=[1,1],kv=113,nb=32,mask=1,sinks=1,max_bias=8.000000,logit_softcap=0.000000,prec=f32,type_K=q4_0,type_V=q4_0,permute=[0,1,2,3]): not supported [RD0] 
  FLASH_ATTN_EXT(hsk=72,hsv=72,nh=4,nr23=[1,1],kv=113,nb=32,mask=1,sinks=1,max_bias=8.000000,logit_softcap=0.000000,prec=f32,type_K=iq4_nl,type_V=iq4_nl,permute=[0,1,2,3]): not supported [RD0] 
  FLASH_ATTN_EXT(hsk=72,hsv=72,nh=4,nr23=[1,1],kv=113,nb=75,mask=1,sinks=1,max_bias=8.000000,logit_softcap=0.000000,prec=f32,type_K=f32,type_V=f32,permute=[0,1,2,3]): not supported [RD0] 
  FLASH_ATTN_EXT(hsk=72,hsv=72,nh=4,nr23=[1,1],kv=113,nb=75,mask=1,sinks=1,max_bias=8.000000,logit_softcap=0.000000,prec=f32,type_K=f16,type_V=f16,permute=[0,1,2,3]): not supported [RD0] 
  FLASH_ATTN_EXT(hsk=72,hsv=72,nh=4,nr23=[1,1],kv=113,nb=75,mask=1,sinks=1,max_bias=8.000000,logit_softcap=0.000000,prec=f32,type_K=bf16,type_V=bf16,permute=[0,1,2,3]): not supported [RD0] 
  FLASH_ATTN_EXT(hsk=72,hsv=72,nh=4,nr23=[1,1],kv=113,nb=75,mask=1,sinks=1,max_bias=8.000000,logit_softcap=0.000000,prec=f32,type_K=q8_0,type_V=q8_0,permute=[0,1,2,3]): not supported [RD0] 
  FLASH_ATTN_EXT(hsk=72,hsv=72,nh=4,nr23=[1,1],kv=113,nb=75,mask=1,sinks=1,max_bias=8.000000,logit_softcap=0.000000,prec=f32,type_K=q5_1,type_V=q5_1,permute=[0,1,2,3]): not supported [RD0] 
  FLASH_ATTN_EXT(hsk=72,hsv=72,nh=4,nr23=[1,1],kv=113,nb=75,mask=1,sinks=1,max_bias=8.000000,logit_softcap=0.000000,prec=f32,type_K=q5_0,type_V=q5_0,permute=[0,1,2,3]): not supported [RD0] 
  FLASH_ATTN_EXT(hsk=72,hsv=72,nh=4,nr23=[1,1],kv=113,nb=75,mask=1,sinks=1,max_bias=8.000000,logit_softcap=0.000000,prec=f32,type_K=q4_1,type_V=q4_1,permute=[0,1,2,3]): not supported [RD0] 
  FLASH_ATTN_EXT(hsk=72,hsv=72,nh=4,nr23=[1,1],kv=113,nb=75,mask=1,sinks=1,max_bias=8.000000,logit_softcap=0.000000,prec=f32,type_K=q4_0,type_V=q4_0,permute=[0,1,2,3]): not supported [RD0] 
  FLASH_ATTN_EXT(hsk=72,hsv=72,nh=4,nr23=[1,1],kv=113,nb=75,mask=1,sinks=1,max_bias=8.000000,logit_softcap=0.000000,prec=f32,type_K=iq4_nl,type_V=iq4_nl,permute=[0,1,2,3]): not supported [RD0] 
  FLASH_ATTN_EXT(hsk=72,hsv=72,nh=4,nr23=[1,1],kv=512,nb=1,mask=1,sinks=1,max_bias=8.000000,logit_softcap=0.000000,prec=f32,type_K=f32,type_V=f32,permute=[0,1,2,3]): not supported [RD0] 
  FLASH_ATTN_EXT(hsk=72,hsv=72,nh=4,nr23=[1,1],kv=512,nb=1,mask=1,sinks=1,max_bias=8.000000,logit_softcap=0.000000,prec=f32,type_K=f16,type_V=f16,permute=[0,1,2,3]): not supported [RD0] 
  FLASH_ATTN_EXT(hsk=72,hsv=72,nh=4,nr23=[1,1],kv=512,nb=1,mask=1,sinks=1,max_bias=8.000000,logit_softcap=0.000000,prec=f32,type_K=bf16,type_V=bf16,permute=[0,1,2,3]): not supported [RD0] 
  FLASH_ATTN_EXT(hsk=72,hsv=72,nh=4,nr23=[1,1],kv=512,nb=1,mask=1,sinks=1,max_bias=8.000000,logit_softcap=0.000000,prec=f32,type_K=q8_0,type_V=q8_0,permute=[0,1,2,3]): not supported [RD0] 
  FLASH_ATTN_EXT(hsk=72,hsv=72,nh=4,nr23=[1,1],kv=512,nb=1,mask=1,sinks=1,max_bias=8.000000,logit_softcap=0.000000,prec=f32,type_K=q5_1,type_V=q5_1,permute=[0,1,2,3]): not supported [RD0] 
  FLASH_ATTN_EXT(hsk=72,hsv=72,nh=4,nr23=[1,1],kv=512,nb=1,mask=1,sinks=1,max_bias=8.000000,logit_softcap=0.000000,prec=f32,type_K=q5_0,type_V=q5_0,permute=[0,1,2,3]): not supported [RD0] 
  FLASH_ATTN_EXT(hsk=72,hsv=72,nh=4,nr23=[1,1],kv=512,nb=1,mask=1,sinks=1,max_bias=8.000000,logit_softcap=0.000000,prec=f32,type_K=q4_1,type_V=q4_1,permute=[0,1,2,3]): not supported [RD0] 
  FLASH_ATTN_EXT(hsk=72,hsv=72,nh=4,nr23=[1,1],kv=512,nb=1,mask=1,sinks=1,max_bias=8.000000,logit_softcap=0.000000,prec=f32,type_K=q4_0,type_V=q4_0,permute=[0,1,2,3]): not supported [RD0] 
  FLASH_ATTN_EXT(hsk=72,hsv=72,nh=4,nr23=[1,1],kv=512,nb=1,mask=1,sinks=1,max_bias=8.000000,logit_softcap=0.000000,prec=f32,type_K=iq4_nl,type_V=iq4_nl,permute=[0,1,2,3]): not supported [RD0] 
  FLASH_ATTN_EXT(hsk=72,hsv=72,nh=4,nr23=[1,1],kv=512,nb=3,mask=1,sinks=1,max_bias=8.000000,logit_softcap=0.000000,prec=f32,type_K=f32,type_V=f32,permute=[0,1,2,3]): not supported [RD0] 
  FLASH_ATTN_EXT(hsk=72,hsv=72,nh=4,nr23=[1,1],kv=512,nb=3,mask=1,sinks=1,max_bias=8.000000,logit_softcap=0.000000,prec=f32,type_K=f16,type_V=f16,permute=[0,1,2,3]): not supported [RD0] 
  FLASH_ATTN_EXT(hsk=72,hsv=72,nh=4,nr23=[1,1],kv=512,nb=3,mask=1,sinks=1,max_bias=8.000000,logit_softcap=0.000000,prec=f32,type_K=bf16,type_V=bf16,permute=[0,1,2,3]): not supported [RD0] 
  FLASH_ATTN_EXT(hsk=72,hsv=72,nh=4,nr23=[1,1],kv=512,nb=3,mask=1,sinks=1,max_bias=8.000000,logit_softcap=0.000000,prec=f32,type_K=q8_0,type_V=q8_0,permute=[0,1,2,3]): not supported [RD0] 
  FLASH_ATTN_EXT(hsk=72,hsv=72,nh=4,nr23=[1,1],kv=512,nb=3,mask=1,sinks=1,max_bias=8.000000,logit_softcap=0.000000,prec=f32,type_K=q5_1,type_V=q5_1,permute=[0,1,2,3]): not supported [RD0] 
  FLASH_ATTN_EXT(hsk=72,hsv=72,nh=4,nr23=[1,1],kv=512,nb=3,mask=1,sinks=1,max_bias=8.000000,logit_softcap=0.000000,prec=f32,type_K=q5_0,type_V=q5_0,permute=[0,1,2,3]): not supported [RD0] 
  FLASH_ATTN_EXT(hsk=72,hsv=72,nh=4,nr23=[1,1],kv=512,nb=3,mask=1,sinks=1,max_bias=8.000000,logit_softcap=0.000000,prec=f32,type_K=q4_1,type_V=q4_1,permute=[0,1,2,3]): not supported [RD0] 
  FLASH_ATTN_EXT(hsk=72,hsv=72,nh=4,nr23=[1,1],kv=512,nb=3,mask=1,sinks=1,max_bias=8.000000,logit_softcap=0.000000,prec=f32,type_K=q4_0,type_V=q4_0,permute=[0,1,2,3]): not supported [RD0] 
  FLASH_ATTN_EXT(hsk=72,hsv=72,nh=4,nr23=[1,1],kv=512,nb=3,mask=1,sinks=1,max_bias=8.000000,logit_softcap=0.000000,prec=f32,type_K=iq4_nl,type_V=iq4_nl,permute=[0,1,2,3]): not supported [RD0] 
  FLASH_ATTN_EXT(hsk=72,hsv=72,nh=4,nr23=[1,1],kv=512,nb=32,mask=1,sinks=1,max_bias=8.000000,logit_softcap=0.000000,prec=f32,type_K=f32,type_V=f32,permute=[0,1,2,3]): not supported [RD0] 
  FLASH_ATTN_EXT(hsk=72,hsv=72,nh=4,nr23=[1,1],kv=512,nb=32,mask=1,sinks=1,max_bias=8.000000,logit_softcap=0.000000,prec=f32,type_K=f16,type_V=f16,permute=[0,1,2,3]): not supported [RD0] 
  FLASH_ATTN_EXT(hsk=72,hsv=72,nh=4,nr23=[1,1],kv=512,nb=32,mask=1,sinks=1,max_bias=8.000000,logit_softcap=0.000000,prec=f32,type_K=bf16,type_V=bf16,permute=[0,1,2,3]): not supported [RD0] 
  FLASH_ATTN_EXT(hsk=72,hsv=72,nh=4,nr23=[1,1],kv=512,nb=32,mask=1,sinks=1,max_bias=8.000000,logit_softcap=0.000000,prec=f32,type_K=q8_0,type_V=q8_0,permute=[0,1,2,3]): not supported [RD0] 
  FLASH_ATTN_EXT(hsk=72,hsv=72,nh=4,nr23=[1,1],kv=512,nb=32,mask=1,sinks=1,max_bias=8.000000,logit_softcap=0.000000,prec=f32,type_K=q5_1,type_V=q5_1,permute=[0,1,2,3]): not supported [RD0] 
  FLASH_ATTN_EXT(hsk=72,hsv=72,nh=4,nr23=[1,1],kv=512,nb=32,mask=1,sinks=1,max_bias=8.000000,logit_softcap=0.000000,prec=f32,type_K=q5_0,type_V=q5_0,permute=[0,1,2,3]): not supported [RD0] 
  FLASH_ATTN_EXT(hsk=72,hsv=72,nh=4,nr23=[1,1],kv=512,nb=32,mask=1,sinks=1,max_bias=8.000000,logit_softcap=0.000000,prec=f32,type_K=q4_1,type_V=q4_1,permute=[0,1,2,3]): not supported [RD0] 
  FLASH_ATTN_EXT(hsk=72,hsv=72,nh=4,nr23=[1,1],kv=512,nb=32,mask=1,sinks=1,max_bias=8.000000,logit_softcap=0.000000,prec=f32,type_K=q4_0,type_V=q4_0,permute=[0,1,2,3]): not supported [RD0] 
  FLASH_ATTN_EXT(hsk=72,hsv=72,nh=4,nr23=[1,1],kv=512,nb=32,mask=1,sinks=1,max_bias=8.000000,logit_softcap=0.000000,prec=f32,type_K=iq4_nl,type_V=iq4_nl,permute=[0,1,2,3]): not supported [RD0] 
  FLASH_ATTN_EXT(hsk=72,hsv=72,nh=4,nr23=[1,1],kv=512,nb=75,mask=1,sinks=1,max_bias=8.000000,logit_softcap=0.000000,prec=f32,type_K=f32,type_V=f32,permute=[0,1,2,3]): not supported [RD0] 
  FLASH_ATTN_EXT(hsk=72,hsv=72,nh=4,nr23=[1,1],kv=512,nb=75,mask=1,sinks=1,max_bias=8.000000,logit_softcap=0.000000,prec=f32,type_K=f16,type_V=f16,permute=[0,1,2,3]): not supported [RD0] 
  FLASH_ATTN_EXT(hsk=72,hsv=72,nh=4,nr23=[1,1],kv=512,nb=75,mask=1,sinks=1,max_bias=8.000000,logit_softcap=0.000000,prec=f32,type_K=bf16,type_V=bf16,permute=[0,1,2,3]): not supported [RD0] 
  FLASH_ATTN_EXT(hsk=72,hsv=72,nh=4,nr23=[1,1],kv=512,nb=75,mask=1,sinks=1,max_bias=8.000000,logit_softcap=0.000000,prec=f32,type_K=q8_0,type_V=q8_0,permute=[0,1,2,3]): not supported [RD0] 
  FLASH_ATTN_EXT(hsk=72,hsv=72,nh=4,nr23=[1,1],kv=512,nb=75,mask=1,sinks=1,max_bias=8.000000,logit_softcap=0.000000,prec=f32,type_K=q5_1,type_V=q5_1,permute=[0,1,2,3]): not supported [RD0] 
  FLASH_ATTN_EXT(hsk=72,hsv=72,nh=4,nr23=[1,1],kv=512,nb=75,mask=1,sinks=1,max_bias=8.000000,logit_softcap=0.000000,prec=f32,type_K=q5_0,type_V=q5_0,permute=[0,1,2,3]): not supported [RD0] 
  FLASH_ATTN_EXT(hsk=72,hsv=72,nh=4,nr23=[1,1],kv=512,nb=75,mask=1,sinks=1,max_bias=8.000000,logit_softcap=0.000000,prec=f32,type_K=q4_1,type_V=q4_1,permute=[0,1,2,3]): not supported [RD0] 
  FLASH_ATTN_EXT(hsk=72,hsv=72,nh=4,nr23=[1,1],kv=512,nb=75,mask=1,sinks=1,max_bias=8.000000,logit_softcap=0.000000,prec=f32,type_K=q4_0,type_V=q4_0,permute=[0,1,2,3]): not supported [RD0] 
  FLASH_ATTN_EXT(hsk=72,hsv=72,nh=4,nr23=[1,1],kv=512,nb=75,mask=1,sinks=1,max_bias=8.000000,logit_softcap=0.000000,prec=f32,type_K=iq4_nl,type_V=iq4_nl,permute=[0,1,2,3]): not supported [RD0] 
  FLASH_ATTN_EXT(hsk=72,hsv=72,nh=4,nr23=[1,1],kv=1024,nb=1,mask=1,sinks=1,max_bias=8.000000,logit_softcap=0.000000,prec=f32,type_K=f32,type_V=f32,permute=[0,1,2,3]): not supported [RD0] 
  FLASH_ATTN_EXT(hsk=72,hsv=72,nh=4,nr23=[1,1],kv=1024,nb=1,mask=1,sinks=1,max_bias=8.000000,logit_softcap=0.000000,prec=f32,type_K=f16,type_V=f16,permute=[0,1,2,3]): not supported [RD0] 
  FLASH_ATTN_EXT(hsk=72,hsv=72,nh=4,nr23=[1,1],kv=1024,nb=1,mask=1,sinks=1,max_bias=8.000000,logit_softcap=0.000000,prec=f32,type_K=bf16,type_V=bf16,permute=[0,1,2,3]): not supported [RD0] 
  FLASH_ATTN_EXT(hsk=72,hsv=72,nh=4,nr23=[1,1],kv=1024,nb=1,mask=1,sinks=1,max_bias=8.000000,logit_softcap=0.000000,prec=f32,type_K=q8_0,type_V=q8_0,permute=[0,1,2,3]): not supported [RD0] 
  FLASH_ATTN_EXT(hsk=72,hsv=72,nh=4,nr23=[1,1],kv=1024,nb=1,mask=1,sinks=1,max_bias=8.000000,logit_softcap=0.000000,prec=f32,type_K=q5_1,type_V=q5_1,permute=[0,1,2,3]): not supported [RD0] 
  FLASH_ATTN_EXT(hsk=72,hsv=72,nh=4,nr23=[1,1],kv=1024,nb=1,mask=1,sinks=1,max_bias=8.000000,logit_softcap=0.000000,prec=f32,type_K=q5_0,type_V=q5_0,permute=[0,1,2,3]): not supported [RD0] 
  FLASH_ATTN_EXT(hsk=72,hsv=72,nh=4,nr23=[1,1],kv=1024,nb=1,mask=1,sinks=1,max_bias=8.000000,logit_softcap=0.000000,prec=f32,type_K=q4_1,type_V=q4_1,permute=[0,1,2,3]): not supported [RD0] 
  FLASH_ATTN_EXT(hsk=72,hsv=72,nh=4,nr23=[1,1],kv=1024,nb=1,mask=1,sinks=1,max_bias=8.000000,logit_softcap=0.000000,prec=f32,type_K=q4_0,type_V=q4_0,permute=[0,1,2,3]): not supported [RD0] 
  FLASH_ATTN_EXT(hsk=72,hsv=72,nh=4,nr23=[1,1],kv=1024,nb=1,mask=1,sinks=1,max_bias=8.000000,logit_softcap=0.000000,prec=f32,type_K=iq4_nl,type_V=iq4_nl,permute=[0,1,2,3]): not supported [RD0] 
  FLASH_ATTN_EXT(hsk=72,hsv=72,nh=4,nr23=[1,1],kv=1024,nb=3,mask=1,sinks=1,max_bias=8.000000,logit_softcap=0.000000,prec=f32,type_K=f32,type_V=f32,permute=[0,1,2,3]): not supported [RD0] 
  FLASH_ATTN_EXT(hsk=72,hsv=72,nh=4,nr23=[1,1],kv=1024,nb=3,mask=1,sinks=1,max_bias=8.000000,logit_softcap=0.000000,prec=f32,type_K=f16,type_V=f16,permute=[0,1,2,3]): not supported [RD0] 
  FLASH_ATTN_EXT(hsk=72,hsv=72,nh=4,nr23=[1,1],kv=1024,nb=3,mask=1,sinks=1,max_bias=8.000000,logit_softcap=0.000000,prec=f32,type_K=bf16,type_V=bf16,permute=[0,1,2,3]): not supported [RD0] 
  FLASH_ATTN_EXT(hsk=72,hsv=72,nh=4,nr23=[1,1],kv=1024,nb=3,mask=1,sinks=1,max_bias=8.000000,logit_softcap=0.000000,prec=f32,type_K=q8_0,type_V=q8_0,permute=[0,1,2,3]): not supported [RD0] 
  FLASH_ATTN_EXT(hsk=72,hsv=72,nh=4,nr23=[1,1],kv=1024,nb=3,mask=1,sinks=1,max_bias=8.000000,logit_softcap=0.000000,prec=f32,type_K=q5_1,type_V=q5_1,permute=[0,1,2,3]): not supported [RD0] 
  FLASH_ATTN_EXT(hsk=72,hsv=72,nh=4,nr23=[1,1],kv=1024,nb=3,mask=1,sinks=1,max_bias=8.000000,logit_softcap=0.000000,prec=f32,type_K=q5_0,type_V=q5_0,permute=[0,1,2,3]): not supported [RD0] 
  FLASH_ATTN_EXT(hsk=72,hsv=72,nh=4,nr23=[1,1],kv=1024,nb=3,mask=1,sinks=1,max_bias=8.000000,logit_softcap=0.000000,prec=f32,type_K=q4_1,type_V=q4_1,permute=[0,1,2,3]): not supported [RD0] 
  FLASH_ATTN_EXT(hsk=72,hsv=72,nh=4,nr23=[1,1],kv=1024,nb=3,mask=1,sinks=1,max_bias=8.000000,logit_softcap=0.000000,prec=f32,type_K=q4_0,type_V=q4_0,permute=[0,1,2,3]): not supported [RD0] 
  FLASH_ATTN_EXT(hsk=72,hsv=72,nh=4,nr23=[1,1],kv=1024,nb=3,mask=1,sinks=1,max_bias=8.000000,logit_softcap=0.000000,prec=f32,type_K=iq4_nl,type_V=iq4_nl,permute=[0,1,2,3]): not supported [RD0] 
  FLASH_ATTN_EXT(hsk=72,hsv=72,nh=4,nr23=[1,1],kv=1024,nb=32,mask=1,sinks=1,max_bias=8.000000,logit_softcap=0.000000,prec=f32,type_K=f32,type_V=f32,permute=[0,1,2,3]): not supported [RD0] 
  FLASH_ATTN_EXT(hsk=72,hsv=72,nh=4,nr23=[1,1],kv=1024,nb=32,mask=1,sinks=1,max_bias=8.000000,logit_softcap=0.000000,prec=f32,type_K=f16,type_V=f16,permute=[0,1,2,3]): not supported [RD0] 
  FLASH_ATTN_EXT(hsk=72,hsv=72,nh=4,nr23=[1,1],kv=1024,nb=32,mask=1,sinks=1,max_bias=8.000000,logit_softcap=0.000000,prec=f32,type_K=bf16,type_V=bf16,permute=[0,1,2,3]): not supported [RD0] 
  FLASH_ATTN_EXT(hsk=72,hsv=72,nh=4,nr23=[1,1],kv=1024,nb=32,mask=1,sinks=1,max_bias=8.000000,logit_softcap=0.000000,prec=f32,type_K=q8_0,type_V=q8_0,permute=[0,1,2,3]): not supported [RD0] 
  FLASH_ATTN_EXT(hsk=72,hsv=72,nh=4,nr23=[1,1],kv=1024,nb=32,mask=1,sinks=1,max_bias=8.000000,logit_softcap=0.000000,prec=f32,type_K=q5_1,type_V=q5_1,permute=[0,1,2,3]): not supported [RD0] 
  FLASH_ATTN_EXT(hsk=72,hsv=72,nh=4,nr23=[1,1],kv=1024,nb=32,mask=1,sinks=1,max_bias=8.000000,logit_softcap=0.000000,prec=f32,type_K=q5_0,type_V=q5_0,permute=[0,1,2,3]): not supported [RD0] 
  FLASH_ATTN_EXT(hsk=72,hsv=72,nh=4,nr23=[1,1],kv=1024,nb=32,mask=1,sinks=1,max_bias=8.000000,logit_softcap=0.000000,prec=f32,type_K=q4_1,type_V=q4_1,permute=[0,1,2,3]): not supported [RD0] 
  FLASH_ATTN_EXT(hsk=72,hsv=72,nh=4,nr23=[1,1],kv=1024,nb=32,mask=1,sinks=1,max_bias=8.000000,logit_softcap=0.000000,prec=f32,type_K=q4_0,type_V=q4_0,permute=[0,1,2,3]): not supported [RD0] 
  FLASH_ATTN_EXT(hsk=72,hsv=72,nh=4,nr23=[1,1],kv=1024,nb=32,mask=1,sinks=1,max_bias=8.000000,logit_softcap=0.000000,prec=f32,type_K=iq4_nl,type_V=iq4_nl,permute=[0,1,2,3]): not supported [RD0] 
  FLASH_ATTN_EXT(hsk=72,hsv=72,nh=4,nr23=[1,1],kv=1024,nb=75,mask=1,sinks=1,max_bias=8.000000,logit_softcap=0.000000,prec=f32,type_K=f32,type_V=f32,permute=[0,1,2,3]): not supported [RD0] 
  FLASH_ATTN_EXT(hsk=72,hsv=72,nh=4,nr23=[1,1],kv=1024,nb=75,mask=1,sinks=1,max_bias=8.000000,logit_softcap=0.000000,prec=f32,type_K=f16,type_V=f16,permute=[0,1,2,3]): not supported [RD0] 
  FLASH_ATTN_EXT(hsk=72,hsv=72,nh=4,nr23=[1,1],kv=1024,nb=75,mask=1,sinks=1,max_bias=8.000000,logit_softcap=0.000000,prec=f32,type_K=bf16,type_V=bf16,permute=[0,1,2,3]): not supported [RD0] 
  FLASH_ATTN_EXT(hsk=72,hsv=72,nh=4,nr23=[1,1],kv=1024,nb=75,mask=1,sinks=1,max_bias=8.000000,logit_softcap=0.000000,prec=f32,type_K=q8_0,type_V=q8_0,permute=[0,1,2,3]): not supported [RD0] 
  FLASH_ATTN_EXT(hsk=72,hsv=72,nh=4,nr23=[1,1],kv=1024,nb=75,mask=1,sinks=1,max_bias=8.000000,logit_softcap=0.000000,prec=f32,type_K=q5_1,type_V=q5_1,permute=[0,1,2,3]): not supported [RD0] 
  FLASH_ATTN_EXT(hsk=72,hsv=72,nh=4,nr23=[1,1],kv=1024,nb=75,mask=1,sinks=1,max_bias=8.000000,logit_softcap=0.000000,prec=f32,type_K=q5_0,type_V=q5_0,permute=[0,1,2,3]): not supported [RD0] 
  FLASH_ATTN_EXT(hsk=72,hsv=72,nh=4,nr23=[1,1],kv=1024,nb=75,mask=1,sinks=1,max_bias=8.000000,logit_softcap=0.000000,prec=f32,type_K=q4_1,type_V=q4_1,permute=[0,1,2,3]): not supported [RD0] 
  FLASH_ATTN_EXT(hsk=72,hsv=72,nh=4,nr23=[1,1],kv=1024,nb=75,mask=1,sinks=1,max_bias=8.000000,logit_softcap=0.000000,prec=f32,type_K=q4_0,type_V=q4_0,permute=[0,1,2,3]): not supported [RD0] 
  FLASH_ATTN_EXT(hsk=72,hsv=72,nh=4,nr23=[1,1],kv=1024,nb=75,mask=1,sinks=1,max_bias=8.000000,logit_softcap=0.000000,prec=f32,type_K=iq4_nl,type_V=iq4_nl,permute=[0,1,2,3]): not supported [RD0] 
  FLASH_ATTN_EXT(hsk=72,hsv=72,nh=4,nr23=[4,1],kv=512,nb=1,mask=1,sinks=1,max_bias=8.000000,logit_softcap=0.000000,prec=f32,type_K=f32,type_V=f32,permute=[0,1,2,3]): not supported [RD0] 
  FLASH_ATTN_EXT(hsk=72,hsv=72,nh=4,nr23=[4,1],kv=512,nb=1,mask=1,sinks=1,max_bias=8.000000,logit_softcap=0.000000,prec=f32,type_K=f16,type_V=f16,permute=[0,1,2,3]): not supported [RD0] 
  FLASH_ATTN_EXT(hsk=72,hsv=72,nh=4,nr23=[4,1],kv=512,nb=1,mask=1,sinks=1,max_bias=8.000000,logit_softcap=0.000000,prec=f32,type_K=bf16,type_V=bf16,permute=[0,1,2,3]): not supported [RD0] 
  FLASH_ATTN_EXT(hsk=72,hsv=72,nh=4,nr23=[4,1],kv=512,nb=1,mask=1,sinks=1,max_bias=8.000000,logit_softcap=0.000000,prec=f32,type_K=q8_0,type_V=q8_0,permute=[0,1,2,3]): not supported [RD0] 
  FLASH_ATTN_EXT(hsk=72,hsv=72,nh=4,nr23=[4,1],kv=512,nb=1,mask=1,sinks=1,max_bias=8.000000,logit_softcap=0.000000,prec=f32,type_K=q5_1,type_V=q5_1,permute=[0,1,2,3]): not supported [RD0] 
  FLASH_ATTN_EXT(hsk=72,hsv=72,nh=4,nr23=[4,1],kv=512,nb=1,mask=1,sinks=1,max_bias=8.000000,logit_softcap=0.000000,prec=f32,type_K=q5_0,type_V=q5_0,permute=[0,1,2,3]): not supported [RD0] 
  FLASH_ATTN_EXT(hsk=72,hsv=72,nh=4,nr23=[4,1],kv=512,nb=1,mask=1,sinks=1,max_bias=8.000000,logit_softcap=0.000000,prec=f32,type_K=q4_1,type_V=q4_1,permute=[0,1,2,3]): not supported [RD0] 
  FLASH_ATTN_EXT(hsk=72,hsv=72,nh=4,nr23=[4,1],kv=512,nb=1,mask=1,sinks=1,max_bias=8.000000,logit_softcap=0.000000,prec=f32,type_K=q4_0,type_V=q4_0,permute=[0,1,2,3]): not supported [RD0] 
  FLASH_ATTN_EXT(hsk=72,hsv=72,nh=4,nr23=[4,1],kv=512,nb=1,mask=1,sinks=1,max_bias=8.000000,logit_softcap=0.000000,prec=f32,type_K=iq4_nl,type_V=iq4_nl,permute=[0,1,2,3]): not supported [RD0] 
  FLASH_ATTN_EXT(hsk=72,hsv=72,nh=4,nr23=[4,1],kv=512,nb=3,mask=1,sinks=1,max_bias=8.000000,logit_softcap=0.000000,prec=f32,type_K=f32,type_V=f32,permute=[0,1,2,3]): not supported [RD0] 
  FLASH_ATTN_EXT(hsk=72,hsv=72,nh=4,nr23=[4,1],kv=512,nb=3,mask=1,sinks=1,max_bias=8.000000,logit_softcap=0.000000,prec=f32,type_K=f16,type_V=f16,permute=[0,1,2,3]): not supported [RD0] 
  FLASH_ATTN_EXT(hsk=72,hsv=72,nh=4,nr23=[4,1],kv=512,nb=3,mask=1,sinks=1,max_bias=8.000000,logit_softcap=0.000000,prec=f32,type_K=bf16,type_V=bf16,permute=[0,1,2,3]): not supported [RD0] 
  FLASH_ATTN_EXT(hsk=72,hsv=72,nh=4,nr23=[4,1],kv=512,nb=3,mask=1,sinks=1,max_bias=8.000000,logit_softcap=0.000000,prec=f32,type_K=q8_0,type_V=q8_0,permute=[0,1,2,3]): not supported [RD0] 
  FLASH_ATTN_EXT(hsk=72,hsv=72,nh=4,nr23=[4,1],kv=512,nb=3,mask=1,sinks=1,max_bias=8.000000,logit_softcap=0.000000,prec=f32,type_K=q5_1,type_V=q5_1,permute=[0,1,2,3]): not supported [RD0] 
  FLASH_ATTN_EXT(hsk=72,hsv=72,nh=4,nr23=[4,1],kv=512,nb=3,mask=1,sinks=1,max_bias=8.000000,logit_softcap=0.000000,prec=f32,type_K=q5_0,type_V=q5_0,permute=[0,1,2,3]): not supported [RD0] 
  FLASH_ATTN_EXT(hsk=72,hsv=72,nh=4,nr23=[4,1],kv=512,nb=3,mask=1,sinks=1,max_bias=8.000000,logit_softcap=0.000000,prec=f32,type_K=q4_1,type_V=q4_1,permute=[0,1,2,3]): not supported [RD0] 
  FLASH_ATTN_EXT(hsk=72,hsv=72,nh=4,nr23=[4,1],kv=512,nb=3,mask=1,sinks=1,max_bias=8.000000,logit_softcap=0.000000,prec=f32,type_K=q4_0,type_V=q4_0,permute=[0,1,2,3]): not supported [RD0] 
  FLASH_ATTN_EXT(hsk=72,hsv=72,nh=4,nr23=[4,1],kv=512,nb=3,mask=1,sinks=1,max_bias=8.000000,logit_softcap=0.000000,prec=f32,type_K=iq4_nl,type_V=iq4_nl,permute=[0,1,2,3]): not supported [RD0] 
  FLASH_ATTN_EXT(hsk=72,hsv=72,nh=4,nr23=[4,1],kv=512,nb=32,mask=1,sinks=1,max_bias=8.000000,logit_softcap=0.000000,prec=f32,type_K=f32,type_V=f32,permute=[0,1,2,3]): not supported [RD0] 
  FLASH_ATTN_EXT(hsk=72,hsv=72,nh=4,nr23=[4,1],kv=512,nb=32,mask=1,sinks=1,max_bias=8.000000,logit_softcap=0.000000,prec=f32,type_K=f16,type_V=f16,permute=[0,1,2,3]): not supported [RD0] 
  FLASH_ATTN_EXT(hsk=72,hsv=72,nh=4,nr23=[4,1],kv=512,nb=32,mask=1,sinks=1,max_bias=8.000000,logit_softcap=0.000000,prec=f32,type_K=bf16,type_V=bf16,permute=[0,1,2,3]): not supported [RD0] 
  FLASH_ATTN_EXT(hsk=72,hsv=72,nh=4,nr23=[4,1],kv=512,nb=32,mask=1,sinks=1,max_bias=8.000000,logit_softcap=0.000000,prec=f32,type_K=q8_0,type_V=q8_0,permute=[0,1,2,3]): not supported [RD0] 
  FLASH_ATTN_EXT(hsk=72,hsv=72,nh=4,nr23=[4,1],kv=512,nb=32,mask=1,sinks=1,max_bias=8.000000,logit_softcap=0.000000,prec=f32,type_K=q5_1,type_V=q5_1,permute=[0,1,2,3]): not supported [RD0] 
  FLASH_ATTN_EXT(hsk=72,hsv=72,nh=4,nr23=[4,1],kv=512,nb=32,mask=1,sinks=1,max_bias=8.000000,logit_softcap=0.000000,prec=f32,type_K=q5_0,type_V=q5_0,permute=[0,1,2,3]): not supported [RD0] 
  FLASH_ATTN_EXT(hsk=72,hsv=72,nh=4,nr23=[4,1],kv=512,nb=32,mask=1,sinks=1,max_bias=8.000000,logit_softcap=0.000000,prec=f32,type_K=q4_1,type_V=q4_1,permute=[0,1,2,3]): not supported [RD0] 
  FLASH_ATTN_EXT(hsk=72,hsv=72,nh=4,nr23=[4,1],kv=512,nb=32,mask=1,sinks=1,max_bias=8.000000,logit_softcap=0.000000,prec=f32,type_K=q4_0,type_V=q4_0,permute=[0,1,2,3]): not supported [RD0] 
  FLASH_ATTN_EXT(hsk=72,hsv=72,nh=4,nr23=[4,1],kv=512,nb=32,mask=1,sinks=1,max_bias=8.000000,logit_softcap=0.000000,prec=f32,type_K=iq4_nl,type_V=iq4_nl,permute=[0,1,2,3]): not supported [RD0] 
  FLASH_ATTN_EXT(hsk=72,hsv=72,nh=4,nr23=[4,1],kv=512,nb=75,mask=1,sinks=1,max_bias=8.000000,logit_softcap=0.000000,prec=f32,type_K=f32,type_V=f32,permute=[0,1,2,3]): not supported [RD0] 
  FLASH_ATTN_EXT(hsk=72,hsv=72,nh=4,nr23=[4,1],kv=512,nb=75,mask=1,sinks=1,max_bias=8.000000,logit_softcap=0.000000,prec=f32,type_K=f16,type_V=f16,permute=[0,1,2,3]): not supported [RD0] 
  FLASH_ATTN_EXT(hsk=72,hsv=72,nh=4,nr23=[4,1],kv=512,nb=75,mask=1,sinks=1,max_bias=8.000000,logit_softcap=0.000000,prec=f32,type_K=bf16,type_V=bf16,permute=[0,1,2,3]): not supported [RD0] 
  FLASH_ATTN_EXT(hsk=72,hsv=72,nh=4,nr23=[4,1],kv=512,nb=75,mask=1,sinks=1,max_bias=8.000000,logit_softcap=0.000000,prec=f32,type_K=q8_0,type_V=q8_0,permute=[0,1,2,3]): not supported [RD0] 
  FLASH_ATTN_EXT(hsk=72,hsv=72,nh=4,nr23=[4,1],kv=512,nb=75,mask=1,sinks=1,max_bias=8.000000,logit_softcap=0.000000,prec=f32,type_K=q5_1,type_V=q5_1,permute=[0,1,2,3]): not supported [RD0] 
  FLASH_ATTN_EXT(hsk=72,hsv=72,nh=4,nr23=[4,1],kv=512,nb=75,mask=1,sinks=1,max_bias=8.000000,logit_softcap=0.000000,prec=f32,type_K=q5_0,type_V=q5_0,permute=[0,1,2,3]): not supported [RD0] 
  FLASH_ATTN_EXT(hsk=72,hsv=72,nh=4,nr23=[4,1],kv=512,nb=75,mask=1,sinks=1,max_bias=8.000000,logit_softcap=0.000000,prec=f32,type_K=q4_1,type_V=q4_1,permute=[0,1,2,3]): not supported [RD0] 
  FLASH_ATTN_EXT(hsk=72,hsv=72,nh=4,nr23=[4,1],kv=512,nb=75,mask=1,sinks=1,max_bias=8.000000,logit_softcap=0.000000,prec=f32,type_K=q4_0,type_V=q4_0,permute=[0,1,2,3]): not supported [RD0] 
  FLASH_ATTN_EXT(hsk=72,hsv=72,nh=4,nr23=[4,1],kv=512,nb=75,mask=1,sinks=1,max_bias=8.000000,logit_softcap=0.000000,prec=f32,type_K=iq4_nl,type_V=iq4_nl,permute=[0,1,2,3]): not supported [RD0] 
  FLASH_ATTN_EXT(hsk=72,hsv=72,nh=4,nr23=[1,1],kv=113,nb=1,mask=1,sinks=0,max_bias=0.000000,logit_softcap=0.000000,prec=f32,type_K=f32,type_V=f32,permute=[0,1,2,3]): not supported [RD0] 
  FLASH_ATTN_EXT(hsk=72,hsv=72,nh=4,nr23=[1,1],kv=113,nb=1,mask=1,sinks=0,max_bias=0.000000,logit_softcap=0.000000,prec=f32,type_K=f16,type_V=f16,permute=[0,1,2,3]): not supported [RD0] 
  FLASH_ATTN_EXT(hsk=72,hsv=72,nh=4,nr23=[1,1],kv=113,nb=1,mask=1,sinks=0,max_bias=0.000000,logit_softcap=0.000000,prec=f32,type_K=bf16,type_V=bf16,permute=[0,1,2,3]): not supported [RD0] 
  FLASH_ATTN_EXT(hsk=72,hsv=72,nh=4,nr23=[1,1],kv=113,nb=1,mask=1,sinks=0,max_bias=0.000000,logit_softcap=0.000000,prec=f32,type_K=q8_0,type_V=q8_0,permute=[0,1,2,3]): not supported [RD0] 
  FLASH_ATTN_EXT(hsk=72,hsv=72,nh=4,nr23=[1,1],kv=113,nb=1,mask=1,sinks=0,max_bias=0.000000,logit_softcap=0.000000,prec=f32,type_K=q5_1,type_V=q5_1,permute=[0,1,2,3]): not supported [RD0] 
  FLASH_ATTN_EXT(hsk=72,hsv=72,nh=4,nr23=[1,1],kv=113,nb=1,mask=1,sinks=0,max_bias=0.000000,logit_softcap=0.000000,prec=f32,type_K=q5_0,type_V=q5_0,permute=[0,1,2,3]): not supported [RD0] 
  FLASH_ATTN_EXT(hsk=72,hsv=72,nh=4,nr23=[1,1],kv=113,nb=1,mask=1,sinks=0,max_bias=0.000000,logit_softcap=0.000000,prec=f32,type_K=q4_1,type_V=q4_1,permute=[0,1,2,3]): not supported [RD0] 
  FLASH_ATTN_EXT(hsk=72,hsv=72,nh=4,nr23=[1,1],kv=113,nb=1,mask=1,sinks=0,max_bias=0.000000,logit_softcap=0.000000,prec=f32,type_K=q4_0,type_V=q4_0,permute=[0,1,2,3]): not supported [RD0] 
  FLASH_ATTN_EXT(hsk=72,hsv=72,nh=4,nr23=[1,1],kv=113,nb=1,mask=1,sinks=0,max_bias=0.000000,logit_softcap=0.000000,prec=f32,type_K=iq4_nl,type_V=iq4_nl,permute=[0,1,2,3]): not supported [RD0] 
  FLASH_ATTN_EXT(hsk=72,hsv=72,nh=4,nr23=[1,1],kv=113,nb=3,mask=1,sinks=0,max_bias=0.000000,logit_softcap=0.000000,prec=f32,type_K=f32,type_V=f32,permute=[0,1,2,3]): not supported [RD0] 
  FLASH_ATTN_EXT(hsk=72,hsv=72,nh=4,nr23=[1,1],kv=113,nb=3,mask=1,sinks=0,max_bias=0.000000,logit_softcap=0.000000,prec=f32,type_K=f16,type_V=f16,permute=[0,1,2,3]): not supported [RD0] 
  FLASH_ATTN_EXT(hsk=72,hsv=72,nh=4,nr23=[1,1],kv=113,nb=3,mask=1,sinks=0,max_bias=0.000000,logit_softcap=0.000000,prec=f32,type_K=bf16,type_V=bf16,permute=[0,1,2,3]): not supported [RD0] 
  FLASH_ATTN_EXT(hsk=72,hsv=72,nh=4,nr23=[1,1],kv=113,nb=3,mask=1,sinks=0,max_bias=0.000000,logit_softcap=0.000000,prec=f32,type_K=q8_0,type_V=q8_0,permute=[0,1,2,3]): not supported [RD0] 
  FLASH_ATTN_EXT(hsk=72,hsv=72,nh=4,nr23=[1,1],kv=113,nb=3,mask=1,sinks=0,max_bias=0.000000,logit_softcap=0.000000,prec=f32,type_K=q5_1,type_V=q5_1,permute=[0,1,2,3]): not supported [RD0] 
  FLASH_ATTN_EXT(hsk=72,hsv=72,nh=4,nr23=[1,1],kv=113,nb=3,mask=1,sinks=0,max_bias=0.000000,logit_softcap=0.000000,prec=f32,type_K=q5_0,type_V=q5_0,permute=[0,1,2,3]): not supported [RD0] 
  FLASH_ATTN_EXT(hsk=72,hsv=72,nh=4,nr23=[1,1],kv=113,nb=3,mask=1,sinks=0,max_bias=0.000000,logit_softcap=0.000000,prec=f32,type_K=q4_1,type_V=q4_1,permute=[0,1,2,3]): not supported [RD0] 
  FLASH_ATTN_EXT(hsk=72,hsv=72,nh=4,nr23=[1,1],kv=113,nb=3,mask=1,sinks=0,max_bias=0.000000,logit_softcap=0.000000,prec=f32,type_K=q4_0,type_V=q4_0,permute=[0,1,2,3]): not supported [RD0] 
  FLASH_ATTN_EXT(hsk=72,hsv=72,nh=4,nr23=[1,1],kv=113,nb=3,mask=1,sinks=0,max_bias=0.000000,logit_softcap=0.000000,prec=f32,type_K=iq4_nl,type_V=iq4_nl,permute=[0,1,2,3]): not supported [RD0] 
  FLASH_ATTN_EXT(hsk=72,hsv=72,nh=4,nr23=[1,1],kv=113,nb=32,mask=1,sinks=0,max_bias=0.000000,logit_softcap=0.000000,prec=f32,type_K=f32,type_V=f32,permute=[0,1,2,3]): not supported [RD0] 
  FLASH_ATTN_EXT(hsk=72,hsv=72,nh=4,nr23=[1,1],kv=113,nb=32,mask=1,sinks=0,max_bias=0.000000,logit_softcap=0.000000,prec=f32,type_K=f16,type_V=f16,permute=[0,1,2,3]): not supported [RD0] 
  FLASH_ATTN_EXT(hsk=72,hsv=72,nh=4,nr23=[1,1],kv=113,nb=32,mask=1,sinks=0,max_bias=0.000000,logit_softcap=0.000000,prec=f32,type_K=bf16,type_V=bf16,permute=[0,1,2,3]): not supported [RD0] 
  FLASH_ATTN_EXT(hsk=72,hsv=72,nh=4,nr23=[1,1],kv=113,nb=32,mask=1,sinks=0,max_bias=0.000000,logit_softcap=0.000000,prec=f32,type_K=q8_0,type_V=q8_0,permute=[0,1,2,3]): not supported [RD0] 
  FLASH_ATTN_EXT(hsk=72,hsv=72,nh=4,nr23=[1,1],kv=113,nb=32,mask=1,sinks=0,max_bias=0.000000,logit_softcap=0.000000,prec=f32,type_K=q5_1,type_V=q5_1,permute=[0,1,2,3]): not supported [RD0] 
  FLASH_ATTN_EXT(hsk=72,hsv=72,nh=4,nr23=[1,1],kv=113,nb=32,mask=1,sinks=0,max_bias=0.000000,logit_softcap=0.000000,prec=f32,type_K=q5_0,type_V=q5_0,permute=[0,1,2,3]): not supported [RD0] 
  FLASH_ATTN_EXT(hsk=72,hsv=72,nh=4,nr23=[1,1],kv=113,nb=32,mask=1,sinks=0,max_bias=0.000000,logit_softcap=0.000000,prec=f32,type_K=q4_1,type_V=q4_1,permute=[0,1,2,3]): not supported [RD0] 
  FLASH_ATTN_EXT(hsk=72,hsv=72,nh=4,nr23=[1,1],kv=113,nb=32,mask=1,sinks=0,max_bias=0.000000,logit_softcap=0.000000,prec=f32,type_K=q4_0,type_V=q4_0,permute=[0,1,2,3]): not supported [RD0] 
  FLASH_ATTN_EXT(hsk=72,hsv=72,nh=4,nr23=[1,1],kv=113,nb=32,mask=1,sinks=0,max_bias=0.000000,logit_softcap=0.000000,prec=f32,type_K=iq4_nl,type_V=iq4_nl,permute=[0,1,2,3]): not supported [RD0] 
  FLASH_ATTN_EXT(hsk=72,hsv=72,nh=4,nr23=[1,1],kv=113,nb=75,mask=1,sinks=0,max_bias=0.000000,logit_softcap=0.000000,prec=f32,type_K=f32,type_V=f32,permute=[0,1,2,3]): not supported [RD0] 
  FLASH_ATTN_EXT(hsk=72,hsv=72,nh=4,nr23=[1,1],kv=113,nb=75,mask=1,sinks=0,max_bias=0.000000,logit_softcap=0.000000,prec=f32,type_K=f16,type_V=f16,permute=[0,1,2,3]): not supported [RD0] 
  FLASH_ATTN_EXT(hsk=72,hsv=72,nh=4,nr23=[1,1],kv=113,nb=75,mask=1,sinks=0,max_bias=0.000000,logit_softcap=0.000000,prec=f32,type_K=bf16,type_V=bf16,permute=[0,1,2,3]): not supported [RD0] 
  FLASH_ATTN_EXT(hsk=72,hsv=72,nh=4,nr23=[1,1],kv=113,nb=75,mask=1,sinks=0,max_bias=0.000000,logit_softcap=0.000000,prec=f32,type_K=q8_0,type_V=q8_0,permute=[0,1,2,3]): not supported [RD0] 
  FLASH_ATTN_EXT(hsk=72,hsv=72,nh=4,nr23=[1,1],kv=113,nb=75,mask=1,sinks=0,max_bias=0.000000,logit_softcap=0.000000,prec=f32,type_K=q5_1,type_V=q5_1,permute=[0,1,2,3]): not supported [RD0] 
  FLASH_ATTN_EXT(hsk=72,hsv=72,nh=4,nr23=[1,1],kv=113,nb=75,mask=1,sinks=0,max_bias=0.000000,logit_softcap=0.000000,prec=f32,type_K=q5_0,type_V=q5_0,permute=[0,1,2,3]): not supported [RD0] 
  FLASH_ATTN_EXT(hsk=72,hsv=72,nh=4,nr23=[1,1],kv=113,nb=75,mask=1,sinks=0,max_bias=0.000000,logit_softcap=0.000000,prec=f32,type_K=q4_1,type_V=q4_1,permute=[0,1,2,3]): not supported [RD0] 
  FLASH_ATTN_EXT(hsk=72,hsv=72,nh=4,nr23=[1,1],kv=113,nb=75,mask=1,sinks=0,max_bias=0.000000,logit_softcap=0.000000,prec=f32,type_K=q4_0,type_V=q4_0,permute=[0,1,2,3]): not supported [RD0] 
  FLASH_ATTN_EXT(hsk=72,hsv=72,nh=4,nr23=[1,1],kv=113,nb=75,mask=1,sinks=0,max_bias=0.000000,logit_softcap=0.000000,prec=f32,type_K=iq4_nl,type_V=iq4_nl,permute=[0,1,2,3]): not supported [RD0] 
  FLASH_ATTN_EXT(hsk=72,hsv=72,nh=4,nr23=[1,1],kv=512,nb=1,mask=1,sinks=0,max_bias=0.000000,logit_softcap=0.000000,prec=f32,type_K=f32,type_V=f32,permute=[0,1,2,3]): not supported [RD0] 
  FLASH_ATTN_EXT(hsk=72,hsv=72,nh=4,nr23=[1,1],kv=512,nb=1,mask=1,sinks=0,max_bias=0.000000,logit_softcap=0.000000,prec=f32,type_K=f32,type_V=f32,permute=[0,2,1,3]): not supported [RD0] 
  FLASH_ATTN_EXT(hsk=72,hsv=72,nh=4,nr23=[1,1],kv=512,nb=1,mask=1,sinks=0,max_bias=0.000000,logit_softcap=0.000000,prec=f32,type_K=f16,type_V=f16,permute=[0,1,2,3]): not supported [RD0] 
  FLASH_ATTN_EXT(hsk=72,hsv=72,nh=4,nr23=[1,1],kv=512,nb=1,mask=1,sinks=0,max_bias=0.000000,logit_softcap=0.000000,prec=f32,type_K=f16,type_V=f16,permute=[0,2,1,3]): not supported [RD0] 
  FLASH_ATTN_EXT(hsk=72,hsv=72,nh=4,nr23=[1,1],kv=512,nb=1,mask=1,sinks=0,max_bias=0.000000,logit_softcap=0.000000,prec=f32,type_K=bf16,type_V=bf16,permute=[0,1,2,3]): not supported [RD0] 
  FLASH_ATTN_EXT(hsk=72,hsv=72,nh=4,nr23=[1,1],kv=512,nb=1,mask=1,sinks=0,max_bias=0.000000,logit_softcap=0.000000,prec=f32,type_K=bf16,type_V=bf16,permute=[0,2,1,3]): not supported [RD0] 
  FLASH_ATTN_EXT(hsk=72,hsv=72,nh=4,nr23=[1,1],kv=512,nb=1,mask=1,sinks=0,max_bias=0.000000,logit_softcap=0.000000,prec=f32,type_K=q8_0,type_V=q8_0,permute=[0,1,2,3]): not supported [RD0] 
  FLASH_ATTN_EXT(hsk=72,hsv=72,nh=4,nr23=[1,1],kv=512,nb=1,mask=1,sinks=0,max_bias=0.000000,logit_softcap=0.000000,prec=f32,type_K=q8_0,type_V=q8_0,permute=[0,2,1,3]): not supported [RD0] 
  FLASH_ATTN_EXT(hsk=72,hsv=72,nh=4,nr23=[1,1],kv=512,nb=1,mask=1,sinks=0,max_bias=0.000000,logit_softcap=0.000000,prec=f32,type_K=q5_1,type_V=q5_1,permute=[0,1,2,3]): not supported [RD0] 
  FLASH_ATTN_EXT(hsk=72,hsv=72,nh=4,nr23=[1,1],kv=512,nb=1,mask=1,sinks=0,max_bias=0.000000,logit_softcap=0.000000,prec=f32,type_K=q5_1,type_V=q5_1,permute=[0,2,1,3]): not supported [RD0] 
  FLASH_ATTN_EXT(hsk=72,hsv=72,nh=4,nr23=[1,1],kv=512,nb=1,mask=1,sinks=0,max_bias=0.000000,logit_softcap=0.000000,prec=f32,type_K=q5_0,type_V=q5_0,permute=[0,1,2,3]): not supported [RD0] 
  FLASH_ATTN_EXT(hsk=72,hsv=72,nh=4,nr23=[1,1],kv=512,nb=1,mask=1,sinks=0,max_bias=0.000000,logit_softcap=0.000000,prec=f32,type_K=q5_0,type_V=q5_0,permute=[0,2,1,3]): not supported [RD0] 
  FLASH_ATTN_EXT(hsk=72,hsv=72,nh=4,nr23=[1,1],kv=512,nb=1,mask=1,sinks=0,max_bias=0.000000,logit_softcap=0.000000,prec=f32,type_K=q4_1,type_V=q4_1,permute=[0,1,2,3]): not supported [RD0] 
  FLASH_ATTN_EXT(hsk=72,hsv=72,nh=4,nr23=[1,1],kv=512,nb=1,mask=1,sinks=0,max_bias=0.000000,logit_softcap=0.000000,prec=f32,type_K=q4_1,type_V=q4_1,permute=[0,2,1,3]): not supported [RD0] 
  FLASH_ATTN_EXT(hsk=72,hsv=72,nh=4,nr23=[1,1],kv=512,nb=1,mask=1,sinks=0,max_bias=0.000000,logit_softcap=0.000000,prec=f32,type_K=q4_0,type_V=q4_0,permute=[0,1,2,3]): not supported [RD0] 
  FLASH_ATTN_EXT(hsk=72,hsv=72,nh=4,nr23=[1,1],kv=512,nb=1,mask=1,sinks=0,max_bias=0.000000,logit_softcap=0.000000,prec=f32,type_K=q4_0,type_V=q4_0,permute=[0,2,1,3]): not supported [RD0] 
  FLASH_ATTN_EXT(hsk=72,hsv=72,nh=4,nr23=[1,1],kv=512,nb=1,mask=1,sinks=0,max_bias=0.000000,logit_softcap=0.000000,prec=f32,type_K=iq4_nl,type_V=iq4_nl,permute=[0,1,2,3]): not supported [RD0] 
  FLASH_ATTN_EXT(hsk=72,hsv=72,nh=4,nr23=[1,1],kv=512,nb=1,mask=1,sinks=0,max_bias=0.000000,logit_softcap=0.000000,prec=f32,type_K=iq4_nl,type_V=iq4_nl,permute=[0,2,1,3]): not supported [RD0] 
  FLASH_ATTN_EXT(hsk=72,hsv=72,nh=4,nr23=[1,1],kv=512,nb=3,mask=1,sinks=0,max_bias=0.000000,logit_softcap=0.000000,prec=f32,type_K=f32,type_V=f32,permute=[0,1,2,3]): not supported [RD0] 
  FLASH_ATTN_EXT(hsk=72,hsv=72,nh=4,nr23=[1,1],kv=512,nb=3,mask=1,sinks=0,max_bias=0.000000,logit_softcap=0.000000,prec=f32,type_K=f32,type_V=f32,permute=[0,2,1,3]): not supported [RD0] 
  FLASH_ATTN_EXT(hsk=72,hsv=72,nh=4,nr23=[1,1],kv=512,nb=3,mask=1,sinks=0,max_bias=0.000000,logit_softcap=0.000000,prec=f32,type_K=f16,type_V=f16,permute=[0,1,2,3]): not supported [RD0] 
  FLASH_ATTN_EXT(hsk=72,hsv=72,nh=4,nr23=[1,1],kv=512,nb=3,mask=1,sinks=0,max_bias=0.000000,logit_softcap=0.000000,prec=f32,type_K=f16,type_V=f16,permute=[0,2,1,3]): not supported [RD0] 
  FLASH_ATTN_EXT(hsk=72,hsv=72,nh=4,nr23=[1,1],kv=512,nb=3,mask=1,sinks=0,max_bias=0.000000,logit_softcap=0.000000,prec=f32,type_K=bf16,type_V=bf16,permute=[0,1,2,3]): not supported [RD0] 
  FLASH_ATTN_EXT(hsk=72,hsv=72,nh=4,nr23=[1,1],kv=512,nb=3,mask=1,sinks=0,max_bias=0.000000,logit_softcap=0.000000,prec=f32,type_K=bf16,type_V=bf16,permute=[0,2,1,3]): not supported [RD0] 
  FLASH_ATTN_EXT(hsk=72,hsv=72,nh=4,nr23=[1,1],kv=512,nb=3,mask=1,sinks=0,max_bias=0.000000,logit_softcap=0.000000,prec=f32,type_K=q8_0,type_V=q8_0,permute=[0,1,2,3]): not supported [RD0] 
  FLASH_ATTN_EXT(hsk=72,hsv=72,nh=4,nr23=[1,1],kv=512,nb=3,mask=1,sinks=0,max_bias=0.000000,logit_softcap=0.000000,prec=f32,type_K=q8_0,type_V=q8_0,permute=[0,2,1,3]): not supported [RD0] 
  FLASH_ATTN_EXT(hsk=72,hsv=72,nh=4,nr23=[1,1],kv=512,nb=3,mask=1,sinks=0,max_bias=0.000000,logit_softcap=0.000000,prec=f32,type_K=q5_1,type_V=q5_1,permute=[0,1,2,3]): not supported [RD0] 
  FLASH_ATTN_EXT(hsk=72,hsv=72,nh=4,nr23=[1,1],kv=512,nb=3,mask=1,sinks=0,max_bias=0.000000,logit_softcap=0.000000,prec=f32,type_K=q5_1,type_V=q5_1,permute=[0,2,1,3]): not supported [RD0] 
  FLASH_ATTN_EXT(hsk=72,hsv=72,nh=4,nr23=[1,1],kv=512,nb=3,mask=1,sinks=0,max_bias=0.000000,logit_softcap=0.000000,prec=f32,type_K=q5_0,type_V=q5_0,permute=[0,1,2,3]): not supported [RD0] 
  FLASH_ATTN_EXT(hsk=72,hsv=72,nh=4,nr23=[1,1],kv=512,nb=3,mask=1,sinks=0,max_bias=0.000000,logit_softcap=0.000000,prec=f32,type_K=q5_0,type_V=q5_0,permute=[0,2,1,3]): not supported [RD0] 
  FLASH_ATTN_EXT(hsk=72,hsv=72,nh=4,nr23=[1,1],kv=512,nb=3,mask=1,sinks=0,max_bias=0.000000,logit_softcap=0.000000,prec=f32,type_K=q4_1,type_V=q4_1,permute=[0,1,2,3]): not supported [RD0] 
  FLASH_ATTN_EXT(hsk=72,hsv=72,nh=4,nr23=[1,1],kv=512,nb=3,mask=1,sinks=0,max_bias=0.000000,logit_softcap=0.000000,prec=f32,type_K=q4_1,type_V=q4_1,permute=[0,2,1,3]): not supported [RD0] 
  FLASH_ATTN_EXT(hsk=72,hsv=72,nh=4,nr23=[1,1],kv=512,nb=3,mask=1,sinks=0,max_bias=0.000000,logit_softcap=0.000000,prec=f32,type_K=q4_0,type_V=q4_0,permute=[0,1,2,3]): not supported [RD0] 
  FLASH_ATTN_EXT(hsk=72,hsv=72,nh=4,nr23=[1,1],kv=512,nb=3,mask=1,sinks=0,max_bias=0.000000,logit_softcap=0.000000,prec=f32,type_K=q4_0,type_V=q4_0,permute=[0,2,1,3]): not supported [RD0] 
  FLASH_ATTN_EXT(hsk=72,hsv=72,nh=4,nr23=[1,1],kv=512,nb=3,mask=1,sinks=0,max_bias=0.000000,logit_softcap=0.000000,prec=f32,type_K=iq4_nl,type_V=iq4_nl,permute=[0,1,2,3]): not supported [RD0] 
  FLASH_ATTN_EXT(hsk=72,hsv=72,nh=4,nr23=[1,1],kv=512,nb=3,mask=1,sinks=0,max_bias=0.000000,logit_softcap=0.000000,prec=f32,type_K=iq4_nl,type_V=iq4_nl,permute=[0,2,1,3]): not supported [RD0] 
  FLASH_ATTN_EXT(hsk=72,hsv=72,nh=4,nr23=[1,1],kv=512,nb=32,mask=1,sinks=0,max_bias=0.000000,logit_softcap=0.000000,prec=f32,type_K=f32,type_V=f32,permute=[0,1,2,3]): not supported [RD0] 
  FLASH_ATTN_EXT(hsk=72,hsv=72,nh=4,nr23=[1,1],kv=512,nb=32,mask=1,sinks=0,max_bias=0.000000,logit_softcap=0.000000,prec=f32,type_K=f32,type_V=f32,permute=[0,2,1,3]): not supported [RD0] 
  FLASH_ATTN_EXT(hsk=72,hsv=72,nh=4,nr23=[1,1],kv=512,nb=32,mask=1,sinks=0,max_bias=0.000000,logit_softcap=0.000000,prec=f32,type_K=f16,type_V=f16,permute=[0,1,2,3]): not supported [RD0] 
  FLASH_ATTN_EXT(hsk=72,hsv=72,nh=4,nr23=[1,1],kv=512,nb=32,mask=1,sinks=0,max_bias=0.000000,logit_softcap=0.000000,prec=f32,type_K=f16,type_V=f16,permute=[0,2,1,3]): not supported [RD0] 
  FLASH_ATTN_EXT(hsk=72,hsv=72,nh=4,nr23=[1,1],kv=512,nb=32,mask=1,sinks=0,max_bias=0.000000,logit_softcap=0.000000,prec=f32,type_K=bf16,type_V=bf16,permute=[0,1,2,3]): not supported [RD0] 
  FLASH_ATTN_EXT(hsk=72,hsv=72,nh=4,nr23=[1,1],kv=512,nb=32,mask=1,sinks=0,max_bias=0.000000,logit_softcap=0.000000,prec=f32,type_K=bf16,type_V=bf16,permute=[0,2,1,3]): not supported [RD0] 
  FLASH_ATTN_EXT(hsk=72,hsv=72,nh=4,nr23=[1,1],kv=512,nb=32,mask=1,sinks=0,max_bias=0.000000,logit_softcap=0.000000,prec=f32,type_K=q8_0,type_V=q8_0,permute=[0,1,2,3]): not supported [RD0] 
  FLASH_ATTN_EXT(hsk=72,hsv=72,nh=4,nr23=[1,1],kv=512,nb=32,mask=1,sinks=0,max_bias=0.000000,logit_softcap=0.000000,prec=f32,type_K=q8_0,type_V=q8_0,permute=[0,2,1,3]): not supported [RD0] 
  FLASH_ATTN_EXT(hsk=72,hsv=72,nh=4,nr23=[1,1],kv=512,nb=32,mask=1,sinks=0,max_bias=0.000000,logit_softcap=0.000000,prec=f32,type_K=q5_1,type_V=q5_1,permute=[0,1,2,3]): not supported [RD0] 
  FLASH_ATTN_EXT(hsk=72,hsv=72,nh=4,nr23=[1,1],kv=512,nb=32,mask=1,sinks=0,max_bias=0.000000,logit_softcap=0.000000,prec=f32,type_K=q5_1,type_V=q5_1,permute=[0,2,1,3]): not supported [RD0] 
  FLASH_ATTN_EXT(hsk=72,hsv=72,nh=4,nr23=[1,1],kv=512,nb=32,mask=1,sinks=0,max_bias=0.000000,logit_softcap=0.000000,prec=f32,type_K=q5_0,type_V=q5_0,permute=[0,1,2,3]): not supported [RD0] 
  FLASH_ATTN_EXT(hsk=72,hsv=72,nh=4,nr23=[1,1],kv=512,nb=32,mask=1,sinks=0,max_bias=0.000000,logit_softcap=0.000000,prec=f32,type_K=q5_0,type_V=q5_0,permute=[0,2,1,3]): not supported [RD0] 
  FLASH_ATTN_EXT(hsk=72,hsv=72,nh=4,nr23=[1,1],kv=512,nb=32,mask=1,sinks=0,max_bias=0.000000,logit_softcap=0.000000,prec=f32,type_K=q4_1,type_V=q4_1,permute=[0,1,2,3]): not supported [RD0] 
  FLASH_ATTN_EXT(hsk=72,hsv=72,nh=4,nr23=[1,1],kv=512,nb=32,mask=1,sinks=0,max_bias=0.000000,logit_softcap=0.000000,prec=f32,type_K=q4_1,type_V=q4_1,permute=[0,2,1,3]): not supported [RD0] 
  FLASH_ATTN_EXT(hsk=72,hsv=72,nh=4,nr23=[1,1],kv=512,nb=32,mask=1,sinks=0,max_bias=0.000000,logit_softcap=0.000000,prec=f32,type_K=q4_0,type_V=q4_0,permute=[0,1,2,3]): not supported [RD0] 
  FLASH_ATTN_EXT(hsk=72,hsv=72,nh=4,nr23=[1,1],kv=512,nb=32,mask=1,sinks=0,max_bias=0.000000,logit_softcap=0.000000,prec=f32,type_K=q4_0,type_V=q4_0,permute=[0,2,1,3]): not supported [RD0] 
  FLASH_ATTN_EXT(hsk=72,hsv=72,nh=4,nr23=[1,1],kv=512,nb=32,mask=1,sinks=0,max_bias=0.000000,logit_softcap=0.000000,prec=f32,type_K=iq4_nl,type_V=iq4_nl,permute=[0,1,2,3]): not supported [RD0] 
  FLASH_ATTN_EXT(hsk=72,hsv=72,nh=4,nr23=[1,1],kv=512,nb=32,mask=1,sinks=0,max_bias=0.000000,logit_softcap=0.000000,prec=f32,type_K=iq4_nl,type_V=iq4_nl,permute=[0,2,1,3]): not supported [RD0] 
  FLASH_ATTN_EXT(hsk=72,hsv=72,nh=4,nr23=[1,1],kv=512,nb=75,mask=1,sinks=0,max_bias=0.000000,logit_softcap=0.000000,prec=f32,type_K=f32,type_V=f32,permute=[0,1,2,3]): not supported [RD0] 
  FLASH_ATTN_EXT(hsk=72,hsv=72,nh=4,nr23=[1,1],kv=512,nb=75,mask=1,sinks=0,max_bias=0.000000,logit_softcap=0.000000,prec=f32,type_K=f32,type_V=f32,permute=[0,2,1,3]): not supported [RD0] 
  FLASH_ATTN_EXT(hsk=72,hsv=72,nh=4,nr23=[1,1],kv=512,nb=75,mask=1,sinks=0,max_bias=0.000000,logit_softcap=0.000000,prec=f32,type_K=f16,type_V=f16,permute=[0,1,2,3]): not supported [RD0] 
  FLASH_ATTN_EXT(hsk=72,hsv=72,nh=4,nr23=[1,1],kv=512,nb=75,mask=1,sinks=0,max_bias=0.000000,logit_softcap=0.000000,prec=f32,type_K=f16,type_V=f16,permute=[0,2,1,3]): not supported [RD0] 
  FLASH_ATTN_EXT(hsk=72,hsv=72,nh=4,nr23=[1,1],kv=512,nb=75,mask=1,sinks=0,max_bias=0.000000,logit_softcap=0.000000,prec=f32,type_K=bf16,type_V=bf16,permute=[0,1,2,3]): not supported [RD0] 
  FLASH_ATTN_EXT(hsk=72,hsv=72,nh=4,nr23=[1,1],kv=512,nb=75,mask=1,sinks=0,max_bias=0.000000,logit_softcap=0.000000,prec=f32,type_K=bf16,type_V=bf16,permute=[0,2,1,3]): not supported [RD0] 
  FLASH_ATTN_EXT(hsk=72,hsv=72,nh=4,nr23=[1,1],kv=512,nb=75,mask=1,sinks=0,max_bias=0.000000,logit_softcap=0.000000,prec=f32,type_K=q8_0,type_V=q8_0,permute=[0,1,2,3]): not supported [RD0] 
  FLASH_ATTN_EXT(hsk=72,hsv=72,nh=4,nr23=[1,1],kv=512,nb=75,mask=1,sinks=0,max_bias=0.000000,logit_softcap=0.000000,prec=f32,type_K=q8_0,type_V=q8_0,permute=[0,2,1,3]): not supported [RD0] 
  FLASH_ATTN_EXT(hsk=72,hsv=72,nh=4,nr23=[1,1],kv=512,nb=75,mask=1,sinks=0,max_bias=0.000000,logit_softcap=0.000000,prec=f32,type_K=q5_1,type_V=q5_1,permute=[0,1,2,3]): not supported [RD0] 
  FLASH_ATTN_EXT(hsk=72,hsv=72,nh=4,nr23=[1,1],kv=512,nb=75,mask=1,sinks=0,max_bias=0.000000,logit_softcap=0.000000,prec=f32,type_K=q5_1,type_V=q5_1,permute=[0,2,1,3]): not supported [RD0] 
  FLASH_ATTN_EXT(hsk=72,hsv=72,nh=4,nr23=[1,1],kv=512,nb=75,mask=1,sinks=0,max_bias=0.000000,logit_softcap=0.000000,prec=f32,type_K=q5_0,type_V=q5_0,permute=[0,1,2,3]): not supported [RD0] 
  FLASH_ATTN_EXT(hsk=72,hsv=72,nh=4,nr23=[1,1],kv=512,nb=75,mask=1,sinks=0,max_bias=0.000000,logit_softcap=0.000000,prec=f32,type_K=q5_0,type_V=q5_0,permute=[0,2,1,3]): not supported [RD0] 
  FLASH_ATTN_EXT(hsk=72,hsv=72,nh=4,nr23=[1,1],kv=512,nb=75,mask=1,sinks=0,max_bias=0.000000,logit_softcap=0.000000,prec=f32,type_K=q4_1,type_V=q4_1,permute=[0,1,2,3]): not supported [RD0] 
  FLASH_ATTN_EXT(hsk=72,hsv=72,nh=4,nr23=[1,1],kv=512,nb=75,mask=1,sinks=0,max_bias=0.000000,logit_softcap=0.000000,prec=f32,type_K=q4_1,type_V=q4_1,permute=[0,2,1,3]): not supported [RD0] 
  FLASH_ATTN_EXT(hsk=72,hsv=72,nh=4,nr23=[1,1],kv=512,nb=75,mask=1,sinks=0,max_bias=0.000000,logit_softcap=0.000000,prec=f32,type_K=q4_0,type_V=q4_0,permute=[0,1,2,3]): not supported [RD0] 
  FLASH_ATTN_EXT(hsk=72,hsv=72,nh=4,nr23=[1,1],kv=512,nb=75,mask=1,sinks=0,max_bias=0.000000,logit_softcap=0.000000,prec=f32,type_K=q4_0,type_V=q4_0,permute=[0,2,1,3]): not supported [RD0] 
  FLASH_ATTN_EXT(hsk=72,hsv=72,nh=4,nr23=[1,1],kv=512,nb=75,mask=1,sinks=0,max_bias=0.000000,logit_softcap=0.000000,prec=f32,type_K=iq4_nl,type_V=iq4_nl,permute=[0,1,2,3]): not supported [RD0] 
  FLASH_ATTN_EXT(hsk=72,hsv=72,nh=4,nr23=[1,1],kv=512,nb=75,mask=1,sinks=0,max_bias=0.000000,logit_softcap=0.000000,prec=f32,type_K=iq4_nl,type_V=iq4_nl,permute=[0,2,1,3]): not supported [RD0] 
  FLASH_ATTN_EXT(hsk=72,hsv=72,nh=4,nr23=[1,1],kv=1024,nb=1,mask=1,sinks=0,max_bias=0.000000,logit_softcap=0.000000,prec=f32,type_K=f32,type_V=f32,permute=[0,1,2,3]): not supported [RD0] 
  FLASH_ATTN_EXT(hsk=72,hsv=72,nh=4,nr23=[1,1],kv=1024,nb=1,mask=1,sinks=0,max_bias=0.000000,logit_softcap=0.000000,prec=f32,type_K=f16,type_V=f16,permute=[0,1,2,3]): not supported [RD0] 
  FLASH_ATTN_EXT(hsk=72,hsv=72,nh=4,nr23=[1,1],kv=1024,nb=1,mask=1,sinks=0,max_bias=0.000000,logit_softcap=0.000000,prec=f32,type_K=bf16,type_V=bf16,permute=[0,1,2,3]): not supported [RD0] 
  FLASH_ATTN_EXT(hsk=72,hsv=72,nh=4,nr23=[1,1],kv=1024,nb=1,mask=1,sinks=0,max_bias=0.000000,logit_softcap=0.000000,prec=f32,type_K=q8_0,type_V=q8_0,permute=[0,1,2,3]): not supported [RD0] 
  FLASH_ATTN_EXT(hsk=72,hsv=72,nh=4,nr23=[1,1],kv=1024,nb=1,mask=1,sinks=0,max_bias=0.000000,logit_softcap=0.000000,prec=f32,type_K=q5_1,type_V=q5_1,permute=[0,1,2,3]): not supported [RD0] 
  FLASH_ATTN_EXT(hsk=72,hsv=72,nh=4,nr23=[1,1],kv=1024,nb=1,mask=1,sinks=0,max_bias=0.000000,logit_softcap=0.000000,prec=f32,type_K=q5_0,type_V=q5_0,permute=[0,1,2,3]): not supported [RD0] 
  FLASH_ATTN_EXT(hsk=72,hsv=72,nh=4,nr23=[1,1],kv=1024,nb=1,mask=1,sinks=0,max_bias=0.000000,logit_softcap=0.000000,prec=f32,type_K=q4_1,type_V=q4_1,permute=[0,1,2,3]): not supported [RD0] 
  FLASH_ATTN_EXT(hsk=72,hsv=72,nh=4,nr23=[1,1],kv=1024,nb=1,mask=1,sinks=0,max_bias=0.000000,logit_softcap=0.000000,prec=f32,type_K=q4_0,type_V=q4_0,permute=[0,1,2,3]): not supported [RD0] 
  FLASH_ATTN_EXT(hsk=72,hsv=72,nh=4,nr23=[1,1],kv=1024,nb=1,mask=1,sinks=0,max_bias=0.000000,logit_softcap=0.000000,prec=f32,type_K=iq4_nl,type_V=iq4_nl,permute=[0,1,2,3]): not supported [RD0] 
  FLASH_ATTN_EXT(hsk=72,hsv=72,nh=4,nr23=[1,1],kv=1024,nb=3,mask=1,sinks=0,max_bias=0.000000,logit_softcap=0.000000,prec=f32,type_K=f32,type_V=f32,permute=[0,1,2,3]): not supported [RD0] 
  FLASH_ATTN_EXT(hsk=72,hsv=72,nh=4,nr23=[1,1],kv=1024,nb=3,mask=1,sinks=0,max_bias=0.000000,logit_softcap=0.000000,prec=f32,type_K=f16,type_V=f16,permute=[0,1,2,3]): not supported [RD0] 
  FLASH_ATTN_EXT(hsk=72,hsv=72,nh=4,nr23=[1,1],kv=1024,nb=3,mask=1,sinks=0,max_bias=0.000000,logit_softcap=0.000000,prec=f32,type_K=bf16,type_V=bf16,permute=[0,1,2,3]): not supported [RD0] 
  FLASH_ATTN_EXT(hsk=72,hsv=72,nh=4,nr23=[1,1],kv=1024,nb=3,mask=1,sinks=0,max_bias=0.000000,logit_softcap=0.000000,prec=f32,type_K=q8_0,type_V=q8_0,permute=[0,1,2,3]): not supported [RD0] 
  FLASH_ATTN_EXT(hsk=72,hsv=72,nh=4,nr23=[1,1],kv=1024,nb=3,mask=1,sinks=0,max_bias=0.000000,logit_softcap=0.000000,prec=f32,type_K=q5_1,type_V=q5_1,permute=[0,1,2,3]): not supported [RD0] 
  FLASH_ATTN_EXT(hsk=72,hsv=72,nh=4,nr23=[1,1],kv=1024,nb=3,mask=1,sinks=0,max_bias=0.000000,logit_softcap=0.000000,prec=f32,type_K=q5_0,type_V=q5_0,permute=[0,1,2,3]): not supported [RD0] 
  FLASH_ATTN_EXT(hsk=72,hsv=72,nh=4,nr23=[1,1],kv=1024,nb=3,mask=1,sinks=0,max_bias=0.000000,logit_softcap=0.000000,prec=f32,type_K=q4_1,type_V=q4_1,permute=[0,1,2,3]): not supported [RD0] 
  FLASH_ATTN_EXT(hsk=72,hsv=72,nh=4,nr23=[1,1],kv=1024,nb=3,mask=1,sinks=0,max_bias=0.000000,logit_softcap=0.000000,prec=f32,type_K=q4_0,type_V=q4_0,permute=[0,1,2,3]): not supported [RD0] 
  FLASH_ATTN_EXT(hsk=72,hsv=72,nh=4,nr23=[1,1],kv=1024,nb=3,mask=1,sinks=0,max_bias=0.000000,logit_softcap=0.000000,prec=f32,type_K=iq4_nl,type_V=iq4_nl,permute=[0,1,2,3]): not supported [RD0] 
  FLASH_ATTN_EXT(hsk=72,hsv=72,nh=4,nr23=[1,1],kv=1024,nb=32,mask=1,sinks=0,max_bias=0.000000,logit_softcap=0.000000,prec=f32,type_K=f32,type_V=f32,permute=[0,1,2,3]): not supported [RD0] 
  FLASH_ATTN_EXT(hsk=72,hsv=72,nh=4,nr23=[1,1],kv=1024,nb=32,mask=1,sinks=0,max_bias=0.000000,logit_softcap=0.000000,prec=f32,type_K=f16,type_V=f16,permute=[0,1,2,3]): not supported [RD0] 
  FLASH_ATTN_EXT(hsk=72,hsv=72,nh=4,nr23=[1,1],kv=1024,nb=32,mask=1,sinks=0,max_bias=0.000000,logit_softcap=0.000000,prec=f32,type_K=bf16,type_V=bf16,permute=[0,1,2,3]): not supported [RD0] 
  FLASH_ATTN_EXT(hsk=72,hsv=72,nh=4,nr23=[1,1],kv=1024,nb=32,mask=1,sinks=0,max_bias=0.000000,logit_softcap=0.000000,prec=f32,type_K=q8_0,type_V=q8_0,permute=[0,1,2,3]): not supported [RD0] 
  FLASH_ATTN_EXT(hsk=72,hsv=72,nh=4,nr23=[1,1],kv=1024,nb=32,mask=1,sinks=0,max_bias=0.000000,logit_softcap=0.000000,prec=f32,type_K=q5_1,type_V=q5_1,permute=[0,1,2,3]): not supported [RD0] 
  FLASH_ATTN_EXT(hsk=72,hsv=72,nh=4,nr23=[1,1],kv=1024,nb=32,mask=1,sinks=0,max_bias=0.000000,logit_softcap=0.000000,prec=f32,type_K=q5_0,type_V=q5_0,permute=[0,1,2,3]): not supported [RD0] 
  FLASH_ATTN_EXT(hsk=72,hsv=72,nh=4,nr23=[1,1],kv=1024,nb=32,mask=1,sinks=0,max_bias=0.000000,logit_softcap=0.000000,prec=f32,type_K=q4_1,type_V=q4_1,permute=[0,1,2,3]): not supported [RD0] 
  FLASH_ATTN_EXT(hsk=72,hsv=72,nh=4,nr23=[1,1],kv=1024,nb=32,mask=1,sinks=0,max_bias=0.000000,logit_softcap=0.000000,prec=f32,type_K=q4_0,type_V=q4_0,permute=[0,1,2,3]): not supported [RD0] 
  FLASH_ATTN_EXT(hsk=72,hsv=72,nh=4,nr23=[1,1],kv=1024,nb=32,mask=1,sinks=0,max_bias=0.000000,logit_softcap=0.000000,prec=f32,type_K=iq4_nl,type_V=iq4_nl,permute=[0,1,2,3]): not supported [RD0] 
  FLASH_ATTN_EXT(hsk=72,hsv=72,nh=4,nr23=[1,1],kv=1024,nb=75,mask=1,sinks=0,max_bias=0.000000,logit_softcap=0.000000,prec=f32,type_K=f32,type_V=f32,permute=[0,1,2,3]): not supported [RD0] 
  FLASH_ATTN_EXT(hsk=72,hsv=72,nh=4,nr23=[1,1],kv=1024,nb=75,mask=1,sinks=0,max_bias=0.000000,logit_softcap=0.000000,prec=f32,type_K=f16,type_V=f16,permute=[0,1,2,3]): not supported [RD0] 
  FLASH_ATTN_EXT(hsk=72,hsv=72,nh=4,nr23=[1,1],kv=1024,nb=75,mask=1,sinks=0,max_bias=0.000000,logit_softcap=0.000000,prec=f32,type_K=bf16,type_V=bf16,permute=[0,1,2,3]): not supported [RD0] 
  FLASH_ATTN_EXT(hsk=72,hsv=72,nh=4,nr23=[1,1],kv=1024,nb=75,mask=1,sinks=0,max_bias=0.000000,logit_softcap=0.000000,prec=f32,type_K=q8_0,type_V=q8_0,permute=[0,1,2,3]): not supported [RD0] 
  FLASH_ATTN_EXT(hsk=72,hsv=72,nh=4,nr23=[1,1],kv=1024,nb=75,mask=1,sinks=0,max_bias=0.000000,logit_softcap=0.000000,prec=f32,type_K=q5_1,type_V=q5_1,permute=[0,1,2,3]): not supported [RD0] 
  FLASH_ATTN_EXT(hsk=72,hsv=72,nh=4,nr23=[1,1],kv=1024,nb=75,mask=1,sinks=0,max_bias=0.000000,logit_softcap=0.000000,prec=f32,type_K=q5_0,type_V=q5_0,permute=[0,1,2,3]): not supported [RD0] 
  FLASH_ATTN_EXT(hsk=72,hsv=72,nh=4,nr23=[1,1],kv=1024,nb=75,mask=1,sinks=0,max_bias=0.000000,logit_softcap=0.000000,prec=f32,type_K=q4_1,type_V=q4_1,permute=[0,1,2,3]): not supported [RD0] 
  FLASH_ATTN_EXT(hsk=72,hsv=72,nh=4,nr23=[1,1],kv=1024,nb=75,mask=1,sinks=0,max_bias=0.000000,logit_softcap=0.000000,prec=f32,type_K=q4_0,type_V=q4_0,permute=[0,1,2,3]): not supported [RD0] 
  FLASH_ATTN_EXT(hsk=72,hsv=72,nh=4,nr23=[1,1],kv=1024,nb=75,mask=1,sinks=0,max_bias=0.000000,logit_softcap=0.000000,prec=f32,type_K=iq4_nl,type_V=iq4_nl,permute=[0,1,2,3]): not supported [RD0] 
  FLASH_ATTN_EXT(hsk=72,hsv=72,nh=4,nr23=[4,1],kv=512,nb=1,mask=1,sinks=0,max_bias=0.000000,logit_softcap=0.000000,prec=f32,type_K=f32,type_V=f32,permute=[0,1,2,3]): not supported [RD0] 
  FLASH_ATTN_EXT(hsk=72,hsv=72,nh=4,nr23=[4,1],kv=512,nb=1,mask=1,sinks=0,max_bias=0.000000,logit_softcap=0.000000,prec=f32,type_K=f32,type_V=f32,permute=[0,2,1,3]): not supported [RD0] 
  FLASH_ATTN_EXT(hsk=72,hsv=72,nh=4,nr23=[4,1],kv=512,nb=1,mask=1,sinks=0,max_bias=0.000000,logit_softcap=0.000000,prec=f32,type_K=f16,type_V=f16,permute=[0,1,2,3]): not supported [RD0] 
  FLASH_ATTN_EXT(hsk=72,hsv=72,nh=4,nr23=[4,1],kv=512,nb=1,mask=1,sinks=0,max_bias=0.000000,logit_softcap=0.000000,prec=f32,type_K=f16,type_V=f16,permute=[0,2,1,3]): not supported [RD0] 
  FLASH_ATTN_EXT(hsk=72,hsv=72,nh=4,nr23=[4,1],kv=512,nb=1,mask=1,sinks=0,max_bias=0.000000,logit_softcap=0.000000,prec=f32,type_K=bf16,type_V=bf16,permute=[0,1,2,3]): not supported [RD0] 
  FLASH_ATTN_EXT(hsk=72,hsv=72,nh=4,nr23=[4,1],kv=512,nb=1,mask=1,sinks=0,max_bias=0.000000,logit_softcap=0.000000,prec=f32,type_K=bf16,type_V=bf16,permute=[0,2,1,3]): not supported [RD0] 
  FLASH_ATTN_EXT(hsk=72,hsv=72,nh=4,nr23=[4,1],kv=512,nb=1,mask=1,sinks=0,max_bias=0.000000,logit_softcap=0.000000,prec=f32,type_K=q8_0,type_V=q8_0,permute=[0,1,2,3]): not supported [RD0] 
  FLASH_ATTN_EXT(hsk=72,hsv=72,nh=4,nr23=[4,1],kv=512,nb=1,mask=1,sinks=0,max_bias=0.000000,logit_softcap=0.000000,prec=f32,type_K=q8_0,type_V=q8_0,permute=[0,2,1,3]): not supported [RD0] 
  FLASH_ATTN_EXT(hsk=72,hsv=72,nh=4,nr23=[4,1],kv=512,nb=1,mask=1,sinks=0,max_bias=0.000000,logit_softcap=0.000000,prec=f32,type_K=q5_1,type_V=q5_1,permute=[0,1,2,3]): not supported [RD0] 
  FLASH_ATTN_EXT(hsk=72,hsv=72,nh=4,nr23=[4,1],kv=512,nb=1,mask=1,sinks=0,max_bias=0.000000,logit_softcap=0.000000,prec=f32,type_K=q5_1,type_V=q5_1,permute=[0,2,1,3]): not supported [RD0] 
  FLASH_ATTN_EXT(hsk=72,hsv=72,nh=4,nr23=[4,1],kv=512,nb=1,mask=1,sinks=0,max_bias=0.000000,logit_softcap=0.000000,prec=f32,type_K=q5_0,type_V=q5_0,permute=[0,1,2,3]): not supported [RD0] 
  FLASH_ATTN_EXT(hsk=72,hsv=72,nh=4,nr23=[4,1],kv=512,nb=1,mask=1,sinks=0,max_bias=0.000000,logit_softcap=0.000000,prec=f32,type_K=q5_0,type_V=q5_0,permute=[0,2,1,3]): not supported [RD0] 
  FLASH_ATTN_EXT(hsk=72,hsv=72,nh=4,nr23=[4,1],kv=512,nb=1,mask=1,sinks=0,max_bias=0.000000,logit_softcap=0.000000,prec=f32,type_K=q4_1,type_V=q4_1,permute=[0,1,2,3]): not supported [RD0] 
  FLASH_ATTN_EXT(hsk=72,hsv=72,nh=4,nr23=[4,1],kv=512,nb=1,mask=1,sinks=0,max_bias=0.000000,logit_softcap=0.000000,prec=f32,type_K=q4_1,type_V=q4_1,permute=[0,2,1,3]): not supported [RD0] 
  FLASH_ATTN_EXT(hsk=72,hsv=72,nh=4,nr23=[4,1],kv=512,nb=1,mask=1,sinks=0,max_bias=0.000000,logit_softcap=0.000000,prec=f32,type_K=q4_0,type_V=q4_0,permute=[0,1,2,3]): not supported [RD0] 
  FLASH_ATTN_EXT(hsk=72,hsv=72,nh=4,nr23=[4,1],kv=512,nb=1,mask=1,sinks=0,max_bias=0.000000,logit_softcap=0.000000,prec=f32,type_K=q4_0,type_V=q4_0,permute=[0,2,1,3]): not supported [RD0] 
  FLASH_ATTN_EXT(hsk=72,hsv=72,nh=4,nr23=[4,1],kv=512,nb=1,mask=1,sinks=0,max_bias=0.000000,logit_softcap=0.000000,prec=f32,type_K=iq4_nl,type_V=iq4_nl,permute=[0,1,2,3]): not supported [RD0] 
  FLASH_ATTN_EXT(hsk=72,hsv=72,nh=4,nr23=[4,1],kv=512,nb=1,mask=1,sinks=0,max_bias=0.000000,logit_softcap=0.000000,prec=f32,type_K=iq4_nl,type_V=iq4_nl,permute=[0,2,1,3]): not supported [RD0] 
  FLASH_ATTN_EXT(hsk=72,hsv=72,nh=4,nr23=[4,1],kv=512,nb=3,mask=1,sinks=0,max_bias=0.000000,logit_softcap=0.000000,prec=f32,type_K=f32,type_V=f32,permute=[0,1,2,3]): not supported [RD0] 
  FLASH_ATTN_EXT(hsk=72,hsv=72,nh=4,nr23=[4,1],kv=512,nb=3,mask=1,sinks=0,max_bias=0.000000,logit_softcap=0.000000,prec=f32,type_K=f32,type_V=f32,permute=[0,2,1,3]): not supported [RD0] 
  FLASH_ATTN_EXT(hsk=72,hsv=72,nh=4,nr23=[4,1],kv=512,nb=3,mask=1,sinks=0,max_bias=0.000000,logit_softcap=0.000000,prec=f32,type_K=f16,type_V=f16,permute=[0,1,2,3]): not supported [RD0] 
  FLASH_ATTN_EXT(hsk=72,hsv=72,nh=4,nr23=[4,1],kv=512,nb=3,mask=1,sinks=0,max_bias=0.000000,logit_softcap=0.000000,prec=f32,type_K=f16,type_V=f16,permute=[0,2,1,3]): not supported [RD0] 
  FLASH_ATTN_EXT(hsk=72,hsv=72,nh=4,nr23=[4,1],kv=512,nb=3,mask=1,sinks=0,max_bias=0.000000,logit_softcap=0.000000,prec=f32,type_K=bf16,type_V=bf16,permute=[0,1,2,3]): not supported [RD0] 
  FLASH_ATTN_EXT(hsk=72,hsv=72,nh=4,nr23=[4,1],kv=512,nb=3,mask=1,sinks=0,max_bias=0.000000,logit_softcap=0.000000,prec=f32,type_K=bf16,type_V=bf16,permute=[0,2,1,3]): not supported [RD0] 
  FLASH_ATTN_EXT(hsk=72,hsv=72,nh=4,nr23=[4,1],kv=512,nb=3,mask=1,sinks=0,max_bias=0.000000,logit_softcap=0.000000,prec=f32,type_K=q8_0,type_V=q8_0,permute=[0,1,2,3]): not supported [RD0] 
  FLASH_ATTN_EXT(hsk=72,hsv=72,nh=4,nr23=[4,1],kv=512,nb=3,mask=1,sinks=0,max_bias=0.000000,logit_softcap=0.000000,prec=f32,type_K=q8_0,type_V=q8_0,permute=[0,2,1,3]): not supported [RD0] 
  FLASH_ATTN_EXT(hsk=72,hsv=72,nh=4,nr23=[4,1],kv=512,nb=3,mask=1,sinks=0,max_bias=0.000000,logit_softcap=0.000000,prec=f32,type_K=q5_1,type_V=q5_1,permute=[0,1,2,3]): not supported [RD0] 
  FLASH_ATTN_EXT(hsk=72,hsv=72,nh=4,nr23=[4,1],kv=512,nb=3,mask=1,sinks=0,max_bias=0.000000,logit_softcap=0.000000,prec=f32,type_K=q5_1,type_V=q5_1,permute=[0,2,1,3]): not supported [RD0] 
  FLASH_ATTN_EXT(hsk=72,hsv=72,nh=4,nr23=[4,1],kv=512,nb=3,mask=1,sinks=0,max_bias=0.000000,logit_softcap=0.000000,prec=f32,type_K=q5_0,type_V=q5_0,permute=[0,1,2,3]): not supported [RD0] 
  FLASH_ATTN_EXT(hsk=72,hsv=72,nh=4,nr23=[4,1],kv=512,nb=3,mask=1,sinks=0,max_bias=0.000000,logit_softcap=0.000000,prec=f32,type_K=q5_0,type_V=q5_0,permute=[0,2,1,3]): not supported [RD0] 
  FLASH_ATTN_EXT(hsk=72,hsv=72,nh=4,nr23=[4,1],kv=512,nb=3,mask=1,sinks=0,max_bias=0.000000,logit_softcap=0.000000,prec=f32,type_K=q4_1,type_V=q4_1,permute=[0,1,2,3]): not supported [RD0] 
  FLASH_ATTN_EXT(hsk=72,hsv=72,nh=4,nr23=[4,1],kv=512,nb=3,mask=1,sinks=0,max_bias=0.000000,logit_softcap=0.000000,prec=f32,type_K=q4_1,type_V=q4_1,permute=[0,2,1,3]): not supported [RD0] 
  FLASH_ATTN_EXT(hsk=72,hsv=72,nh=4,nr23=[4,1],kv=512,nb=3,mask=1,sinks=0,max_bias=0.000000,logit_softcap=0.000000,prec=f32,type_K=q4_0,type_V=q4_0,permute=[0,1,2,3]): not supported [RD0] 
  FLASH_ATTN_EXT(hsk=72,hsv=72,nh=4,nr23=[4,1],kv=512,nb=3,mask=1,sinks=0,max_bias=0.000000,logit_softcap=0.000000,prec=f32,type_K=q4_0,type_V=q4_0,permute=[0,2,1,3]): not supported [RD0] 
  FLASH_ATTN_EXT(hsk=72,hsv=72,nh=4,nr23=[4,1],kv=512,nb=3,mask=1,sinks=0,max_bias=0.000000,logit_softcap=0.000000,prec=f32,type_K=iq4_nl,type_V=iq4_nl,permute=[0,1,2,3]): not supported [RD0] 
  FLASH_ATTN_EXT(hsk=72,hsv=72,nh=4,nr23=[4,1],kv=512,nb=3,mask=1,sinks=0,max_bias=0.000000,logit_softcap=0.000000,prec=f32,type_K=iq4_nl,type_V=iq4_nl,permute=[0,2,1,3]): not supported [RD0] 
  FLASH_ATTN_EXT(hsk=72,hsv=72,nh=4,nr23=[4,1],kv=512,nb=32,mask=1,sinks=0,max_bias=0.000000,logit_softcap=0.000000,prec=f32,type_K=f32,type_V=f32,permute=[0,1,2,3]): not supported [RD0] 
  FLASH_ATTN_EXT(hsk=72,hsv=72,nh=4,nr23=[4,1],kv=512,nb=32,mask=1,sinks=0,max_bias=0.000000,logit_softcap=0.000000,prec=f32,type_K=f32,type_V=f32,permute=[0,2,1,3]): not supported [RD0] 
  FLASH_ATTN_EXT(hsk=72,hsv=72,nh=4,nr23=[4,1],kv=512,nb=32,mask=1,sinks=0,max_bias=0.000000,logit_softcap=0.000000,prec=f32,type_K=f16,type_V=f16,permute=[0,1,2,3]): not supported [RD0] 
  FLASH_ATTN_EXT(hsk=72,hsv=72,nh=4,nr23=[4,1],kv=512,nb=32,mask=1,sinks=0,max_bias=0.000000,logit_softcap=0.000000,prec=f32,type_K=f16,type_V=f16,permute=[0,2,1,3]): not supported [RD0] 
  FLASH_ATTN_EXT(hsk=72,hsv=72,nh=4,nr23=[4,1],kv=512,nb=32,mask=1,sinks=0,max_bias=0.000000,logit_softcap=0.000000,prec=f32,type_K=bf16,type_V=bf16,permute=[0,1,2,3]): not supported [RD0] 
  FLASH_ATTN_EXT(hsk=72,hsv=72,nh=4,nr23=[4,1],kv=512,nb=32,mask=1,sinks=0,max_bias=0.000000,logit_softcap=0.000000,prec=f32,type_K=bf16,type_V=bf16,permute=[0,2,1,3]): not supported [RD0] 
  FLASH_ATTN_EXT(hsk=72,hsv=72,nh=4,nr23=[4,1],kv=512,nb=32,mask=1,sinks=0,max_bias=0.000000,logit_softcap=0.000000,prec=f32,type_K=q8_0,type_V=q8_0,permute=[0,1,2,3]): not supported [RD0] 
  FLASH_ATTN_EXT(hsk=72,hsv=72,nh=4,nr23=[4,1],kv=512,nb=32,mask=1,sinks=0,max_bias=0.000000,logit_softcap=0.000000,prec=f32,type_K=q8_0,type_V=q8_0,permute=[0,2,1,3]): not supported [RD0] 
  FLASH_ATTN_EXT(hsk=72,hsv=72,nh=4,nr23=[4,1],kv=512,nb=32,mask=1,sinks=0,max_bias=0.000000,logit_softcap=0.000000,prec=f32,type_K=q5_1,type_V=q5_1,permute=[0,1,2,3]): not supported [RD0] 
  FLASH_ATTN_EXT(hsk=72,hsv=72,nh=4,nr23=[4,1],kv=512,nb=32,mask=1,sinks=0,max_bias=0.000000,logit_softcap=0.000000,prec=f32,type_K=q5_1,type_V=q5_1,permute=[0,2,1,3]): not supported [RD0] 
  FLASH_ATTN_EXT(hsk=72,hsv=72,nh=4,nr23=[4,1],kv=512,nb=32,mask=1,sinks=0,max_bias=0.000000,logit_softcap=0.000000,prec=f32,type_K=q5_0,type_V=q5_0,permute=[0,1,2,3]): not supported [RD0] 
  FLASH_ATTN_EXT(hsk=72,hsv=72,nh=4,nr23=[4,1],kv=512,nb=32,mask=1,sinks=0,max_bias=0.000000,logit_softcap=0.000000,prec=f32,type_K=q5_0,type_V=q5_0,permute=[0,2,1,3]): not supported [RD0] 
  FLASH_ATTN_EXT(hsk=72,hsv=72,nh=4,nr23=[4,1],kv=512,nb=32,mask=1,sinks=0,max_bias=0.000000,logit_softcap=0.000000,prec=f32,type_K=q4_1,type_V=q4_1,permute=[0,1,2,3]): not supported [RD0] 
  FLASH_ATTN_EXT(hsk=72,hsv=72,nh=4,nr23=[4,1],kv=512,nb=32,mask=1,sinks=0,max_bias=0.000000,logit_softcap=0.000000,prec=f32,type_K=q4_1,type_V=q4_1,permute=[0,2,1,3]): not supported [RD0] 
  FLASH_ATTN_EXT(hsk=72,hsv=72,nh=4,nr23=[4,1],kv=512,nb=32,mask=1,sinks=0,max_bias=0.000000,logit_softcap=0.000000,prec=f32,type_K=q4_0,type_V=q4_0,permute=[0,1,2,3]): not supported [RD0] 
  FLASH_ATTN_EXT(hsk=72,hsv=72,nh=4,nr23=[4,1],kv=512,nb=32,mask=1,sinks=0,max_bias=0.000000,logit_softcap=0.000000,prec=f32,type_K=q4_0,type_V=q4_0,permute=[0,2,1,3]): not supported [RD0] 
  FLASH_ATTN_EXT(hsk=72,hsv=72,nh=4,nr23=[4,1],kv=512,nb=32,mask=1,sinks=0,max_bias=0.000000,logit_softcap=0.000000,prec=f32,type_K=iq4_nl,type_V=iq4_nl,permute=[0,1,2,3]): not supported [RD0] 
  FLASH_ATTN_EXT(hsk=72,hsv=72,nh=4,nr23=[4,1],kv=512,nb=32,mask=1,sinks=0,max_bias=0.000000,logit_softcap=0.000000,prec=f32,type_K=iq4_nl,type_V=iq4_nl,permute=[0,2,1,3]): not supported [RD0] 
  FLASH_ATTN_EXT(hsk=72,hsv=72,nh=4,nr23=[4,1],kv=512,nb=75,mask=1,sinks=0,max_bias=0.000000,logit_softcap=0.000000,prec=f32,type_K=f32,type_V=f32,permute=[0,1,2,3]): not supported [RD0] 
  FLASH_ATTN_EXT(hsk=72,hsv=72,nh=4,nr23=[4,1],kv=512,nb=75,mask=1,sinks=0,max_bias=0.000000,logit_softcap=0.000000,prec=f32,type_K=f32,type_V=f32,permute=[0,2,1,3]): not supported [RD0] 
  FLASH_ATTN_EXT(hsk=72,hsv=72,nh=4,nr23=[4,1],kv=512,nb=75,mask=1,sinks=0,max_bias=0.000000,logit_softcap=0.000000,prec=f32,type_K=f16,type_V=f16,permute=[0,1,2,3]): not supported [RD0] 
  FLASH_ATTN_EXT(hsk=72,hsv=72,nh=4,nr23=[4,1],kv=512,nb=75,mask=1,sinks=0,max_bias=0.000000,logit_softcap=0.000000,prec=f32,type_K=f16,type_V=f16,permute=[0,2,1,3]): not supported [RD0] 
  FLASH_ATTN_EXT(hsk=72,hsv=72,nh=4,nr23=[4,1],kv=512,nb=75,mask=1,sinks=0,max_bias=0.000000,logit_softcap=0.000000,prec=f32,type_K=bf16,type_V=bf16,permute=[0,1,2,3]): not supported [RD0] 
  FLASH_ATTN_EXT(hsk=72,hsv=72,nh=4,nr23=[4,1],kv=512,nb=75,mask=1,sinks=0,max_bias=0.000000,logit_softcap=0.000000,prec=f32,type_K=bf16,type_V=bf16,permute=[0,2,1,3]): not supported [RD0] 
  FLASH_ATTN_EXT(hsk=72,hsv=72,nh=4,nr23=[4,1],kv=512,nb=75,mask=1,sinks=0,max_bias=0.000000,logit_softcap=0.000000,prec=f32,type_K=q8_0,type_V=q8_0,permute=[0,1,2,3]): not supported [RD0] 
  FLASH_ATTN_EXT(hsk=72,hsv=72,nh=4,nr23=[4,1],kv=512,nb=75,mask=1,sinks=0,max_bias=0.000000,logit_softcap=0.000000,prec=f32,type_K=q8_0,type_V=q8_0,permute=[0,2,1,3]): not supported [RD0] 
  FLASH_ATTN_EXT(hsk=72,hsv=72,nh=4,nr23=[4,1],kv=512,nb=75,mask=1,sinks=0,max_bias=0.000000,logit_softcap=0.000000,prec=f32,type_K=q5_1,type_V=q5_1,permute=[0,1,2,3]): not supported [RD0] 
  FLASH_ATTN_EXT(hsk=72,hsv=72,nh=4,nr23=[4,1],kv=512,nb=75,mask=1,sinks=0,max_bias=0.000000,logit_softcap=0.000000,prec=f32,type_K=q5_1,type_V=q5_1,permute=[0,2,1,3]): not supported [RD0] 
  FLASH_ATTN_EXT(hsk=72,hsv=72,nh=4,nr23=[4,1],kv=512,nb=75,mask=1,sinks=0,max_bias=0.000000,logit_softcap=0.000000,prec=f32,type_K=q5_0,type_V=q5_0,permute=[0,1,2,3]): not supported [RD0] 
  FLASH_ATTN_EXT(hsk=72,hsv=72,nh=4,nr23=[4,1],kv=512,nb=75,mask=1,sinks=0,max_bias=0.000000,logit_softcap=0.000000,prec=f32,type_K=q5_0,type_V=q5_0,permute=[0,2,1,3]): not supported [RD0] 
  FLASH_ATTN_EXT(hsk=72,hsv=72,nh=4,nr23=[4,1],kv=512,nb=75,mask=1,sinks=0,max_bias=0.000000,logit_softcap=0.000000,prec=f32,type_K=q4_1,type_V=q4_1,permute=[0,1,2,3]): not supported [RD0] 
  FLASH_ATTN_EXT(hsk=72,hsv=72,nh=4,nr23=[4,1],kv=512,nb=75,mask=1,sinks=0,max_bias=0.000000,logit_softcap=0.000000,prec=f32,type_K=q4_1,type_V=q4_1,permute=[0,2,1,3]): not supported [RD0] 
  FLASH_ATTN_EXT(hsk=72,hsv=72,nh=4,nr23=[4,1],kv=512,nb=75,mask=1,sinks=0,max_bias=0.000000,logit_softcap=0.000000,prec=f32,type_K=q4_0,type_V=q4_0,permute=[0,1,2,3]): not supported [RD0] 
  FLASH_ATTN_EXT(hsk=72,hsv=72,nh=4,nr23=[4,1],kv=512,nb=75,mask=1,sinks=0,max_bias=0.000000,logit_softcap=0.000000,prec=f32,type_K=q4_0,type_V=q4_0,permute=[0,2,1,3]): not supported [RD0] 
  FLASH_ATTN_EXT(hsk=72,hsv=72,nh=4,nr23=[4,1],kv=512,nb=75,mask=1,sinks=0,max_bias=0.000000,logit_softcap=0.000000,prec=f32,type_K=iq4_nl,type_V=iq4_nl,permute=[0,1,2,3]): not supported [RD0] 
  FLASH_ATTN_EXT(hsk=72,hsv=72,nh=4,nr23=[4,1],kv=512,nb=75,mask=1,sinks=0,max_bias=0.000000,logit_softcap=0.000000,prec=f32,type_K=iq4_nl,type_V=iq4_nl,permute=[0,2,1,3]): not supported [RD0] 
  FLASH_ATTN_EXT(hsk=72,hsv=72,nh=4,nr23=[1,1],kv=113,nb=1,mask=1,sinks=0,max_bias=8.000000,logit_softcap=0.000000,prec=f32,type_K=f32,type_V=f32,permute=[0,1,2,3]): not supported [RD0] 
  FLASH_ATTN_EXT(hsk=72,hsv=72,nh=4,nr23=[1,1],kv=113,nb=1,mask=1,sinks=0,max_bias=8.000000,logit_softcap=0.000000,prec=f32,type_K=f16,type_V=f16,permute=[0,1,2,3]): not supported [RD0] 
  FLASH_ATTN_EXT(hsk=72,hsv=72,nh=4,nr23=[1,1],kv=113,nb=1,mask=1,sinks=0,max_bias=8.000000,logit_softcap=0.000000,prec=f32,type_K=bf16,type_V=bf16,permute=[0,1,2,3]): not supported [RD0] 
  FLASH_ATTN_EXT(hsk=72,hsv=72,nh=4,nr23=[1,1],kv=113,nb=1,mask=1,sinks=0,max_bias=8.000000,logit_softcap=0.000000,prec=f32,type_K=q8_0,type_V=q8_0,permute=[0,1,2,3]): not supported [RD0] 
  FLASH_ATTN_EXT(hsk=72,hsv=72,nh=4,nr23=[1,1],kv=113,nb=1,mask=1,sinks=0,max_bias=8.000000,logit_softcap=0.000000,prec=f32,type_K=q5_1,type_V=q5_1,permute=[0,1,2,3]): not supported [RD0] 
  FLASH_ATTN_EXT(hsk=72,hsv=72,nh=4,nr23=[1,1],kv=113,nb=1,mask=1,sinks=0,max_bias=8.000000,logit_softcap=0.000000,prec=f32,type_K=q5_0,type_V=q5_0,permute=[0,1,2,3]): not supported [RD0] 
  FLASH_ATTN_EXT(hsk=72,hsv=72,nh=4,nr23=[1,1],kv=113,nb=1,mask=1,sinks=0,max_bias=8.000000,logit_softcap=0.000000,prec=f32,type_K=q4_1,type_V=q4_1,permute=[0,1,2,3]): not supported [RD0] 
  FLASH_ATTN_EXT(hsk=72,hsv=72,nh=4,nr23=[1,1],kv=113,nb=1,mask=1,sinks=0,max_bias=8.000000,logit_softcap=0.000000,prec=f32,type_K=q4_0,type_V=q4_0,permute=[0,1,2,3]): not supported [RD0] 
  FLASH_ATTN_EXT(hsk=72,hsv=72,nh=4,nr23=[1,1],kv=113,nb=1,mask=1,sinks=0,max_bias=8.000000,logit_softcap=0.000000,prec=f32,type_K=iq4_nl,type_V=iq4_nl,permute=[0,1,2,3]): not supported [RD0] 
  FLASH_ATTN_EXT(hsk=72,hsv=72,nh=4,nr23=[1,1],kv=113,nb=3,mask=1,sinks=0,max_bias=8.000000,logit_softcap=0.000000,prec=f32,type_K=f32,type_V=f32,permute=[0,1,2,3]): not supported [RD0] 
  FLASH_ATTN_EXT(hsk=72,hsv=72,nh=4,nr23=[1,1],kv=113,nb=3,mask=1,sinks=0,max_bias=8.000000,logit_softcap=0.000000,prec=f32,type_K=f16,type_V=f16,permute=[0,1,2,3]): not supported [RD0] 
  FLASH_ATTN_EXT(hsk=72,hsv=72,nh=4,nr23=[1,1],kv=113,nb=3,mask=1,sinks=0,max_bias=8.000000,logit_softcap=0.000000,prec=f32,type_K=bf16,type_V=bf16,permute=[0,1,2,3]): not supported [RD0] 
  FLASH_ATTN_EXT(hsk=72,hsv=72,nh=4,nr23=[1,1],kv=113,nb=3,mask=1,sinks=0,max_bias=8.000000,logit_softcap=0.000000,prec=f32,type_K=q8_0,type_V=q8_0,permute=[0,1,2,3]): not supported [RD0] 
  FLASH_ATTN_EXT(hsk=72,hsv=72,nh=4,nr23=[1,1],kv=113,nb=3,mask=1,sinks=0,max_bias=8.000000,logit_softcap=0.000000,prec=f32,type_K=q5_1,type_V=q5_1,permute=[0,1,2,3]): not supported [RD0] 
  FLASH_ATTN_EXT(hsk=72,hsv=72,nh=4,nr23=[1,1],kv=113,nb=3,mask=1,sinks=0,max_bias=8.000000,logit_softcap=0.000000,prec=f32,type_K=q5_0,type_V=q5_0,permute=[0,1,2,3]): not supported [RD0] 
  FLASH_ATTN_EXT(hsk=72,hsv=72,nh=4,nr23=[1,1],kv=113,nb=3,mask=1,sinks=0,max_bias=8.000000,logit_softcap=0.000000,prec=f32,type_K=q4_1,type_V=q4_1,permute=[0,1,2,3]): not supported [RD0] 
  FLASH_ATTN_EXT(hsk=72,hsv=72,nh=4,nr23=[1,1],kv=113,nb=3,mask=1,sinks=0,max_bias=8.000000,logit_softcap=0.000000,prec=f32,type_K=q4_0,type_V=q4_0,permute=[0,1,2,3]): not supported [RD0] 
  FLASH_ATTN_EXT(hsk=72,hsv=72,nh=4,nr23=[1,1],kv=113,nb=3,mask=1,sinks=0,max_bias=8.000000,logit_softcap=0.000000,prec=f32,type_K=iq4_nl,type_V=iq4_nl,permute=[0,1,2,3]): not supported [RD0] 
  FLASH_ATTN_EXT(hsk=72,hsv=72,nh=4,nr23=[1,1],kv=113,nb=32,mask=1,sinks=0,max_bias=8.000000,logit_softcap=0.000000,prec=f32,type_K=f32,type_V=f32,permute=[0,1,2,3]): not supported [RD0] 
  FLASH_ATTN_EXT(hsk=72,hsv=72,nh=4,nr23=[1,1],kv=113,nb=32,mask=1,sinks=0,max_bias=8.000000,logit_softcap=0.000000,prec=f32,type_K=f16,type_V=f16,permute=[0,1,2,3]): not supported [RD0] 
  FLASH_ATTN_EXT(hsk=72,hsv=72,nh=4,nr23=[1,1],kv=113,nb=32,mask=1,sinks=0,max_bias=8.000000,logit_softcap=0.000000,prec=f32,type_K=bf16,type_V=bf16,permute=[0,1,2,3]): not supported [RD0] 
  FLASH_ATTN_EXT(hsk=72,hsv=72,nh=4,nr23=[1,1],kv=113,nb=32,mask=1,sinks=0,max_bias=8.000000,logit_softcap=0.000000,prec=f32,type_K=q8_0,type_V=q8_0,permute=[0,1,2,3]): not supported [RD0] 
  FLASH_ATTN_EXT(hsk=72,hsv=72,nh=4,nr23=[1,1],kv=113,nb=32,mask=1,sinks=0,max_bias=8.000000,logit_softcap=0.000000,prec=f32,type_K=q5_1,type_V=q5_1,permute=[0,1,2,3]): not supported [RD0] 
  FLASH_ATTN_EXT(hsk=72,hsv=72,nh=4,nr23=[1,1],kv=113,nb=32,mask=1,sinks=0,max_bias=8.000000,logit_softcap=0.000000,prec=f32,type_K=q5_0,type_V=q5_0,permute=[0,1,2,3]): not supported [RD0] 
  FLASH_ATTN_EXT(hsk=72,hsv=72,nh=4,nr23=[1,1],kv=113,nb=32,mask=1,sinks=0,max_bias=8.000000,logit_softcap=0.000000,prec=f32,type_K=q4_1,type_V=q4_1,permute=[0,1,2,3]): not supported [RD0] 
  FLASH_ATTN_EXT(hsk=72,hsv=72,nh=4,nr23=[1,1],kv=113,nb=32,mask=1,sinks=0,max_bias=8.000000,logit_softcap=0.000000,prec=f32,type_K=q4_0,type_V=q4_0,permute=[0,1,2,3]): not supported [RD0] 
  FLASH_ATTN_EXT(hsk=72,hsv=72,nh=4,nr23=[1,1],kv=113,nb=32,mask=1,sinks=0,max_bias=8.000000,logit_softcap=0.000000,prec=f32,type_K=iq4_nl,type_V=iq4_nl,permute=[0,1,2,3]): not supported [RD0] 
  FLASH_ATTN_EXT(hsk=72,hsv=72,nh=4,nr23=[1,1],kv=113,nb=75,mask=1,sinks=0,max_bias=8.000000,logit_softcap=0.000000,prec=f32,type_K=f32,type_V=f32,permute=[0,1,2,3]): not supported [RD0] 
  FLASH_ATTN_EXT(hsk=72,hsv=72,nh=4,nr23=[1,1],kv=113,nb=75,mask=1,sinks=0,max_bias=8.000000,logit_softcap=0.000000,prec=f32,type_K=f16,type_V=f16,permute=[0,1,2,3]): not supported [RD0] 
  FLASH_ATTN_EXT(hsk=72,hsv=72,nh=4,nr23=[1,1],kv=113,nb=75,mask=1,sinks=0,max_bias=8.000000,logit_softcap=0.000000,prec=f32,type_K=bf16,type_V=bf16,permute=[0,1,2,3]): not supported [RD0] 
  FLASH_ATTN_EXT(hsk=72,hsv=72,nh=4,nr23=[1,1],kv=113,nb=75,mask=1,sinks=0,max_bias=8.000000,logit_softcap=0.000000,prec=f32,type_K=q8_0,type_V=q8_0,permute=[0,1,2,3]): not supported [RD0] 
  FLASH_ATTN_EXT(hsk=72,hsv=72,nh=4,nr23=[1,1],kv=113,nb=75,mask=1,sinks=0,max_bias=8.000000,logit_softcap=0.000000,prec=f32,type_K=q5_1,type_V=q5_1,permute=[0,1,2,3]): not supported [RD0] 
  FLASH_ATTN_EXT(hsk=72,hsv=72,nh=4,nr23=[1,1],kv=113,nb=75,mask=1,sinks=0,max_bias=8.000000,logit_softcap=0.000000,prec=f32,type_K=q5_0,type_V=q5_0,permute=[0,1,2,3]): not supported [RD0] 
  FLASH_ATTN_EXT(hsk=72,hsv=72,nh=4,nr23=[1,1],kv=113,nb=75,mask=1,sinks=0,max_bias=8.000000,logit_softcap=0.000000,prec=f32,type_K=q4_1,type_V=q4_1,permute=[0,1,2,3]): not supported [RD0] 
  FLASH_ATTN_EXT(hsk=72,hsv=72,nh=4,nr23=[1,1],kv=113,nb=75,mask=1,sinks=0,max_bias=8.000000,logit_softcap=0.000000,prec=f32,type_K=q4_0,type_V=q4_0,permute=[0,1,2,3]): not supported [RD0] 
  FLASH_ATTN_EXT(hsk=72,hsv=72,nh=4,nr23=[1,1],kv=113,nb=75,mask=1,sinks=0,max_bias=8.000000,logit_softcap=0.000000,prec=f32,type_K=iq4_nl,type_V=iq4_nl,permute=[0,1,2,3]): not supported [RD0] 
  FLASH_ATTN_EXT(hsk=72,hsv=72,nh=4,nr23=[1,1],kv=512,nb=1,mask=1,sinks=0,max_bias=8.000000,logit_softcap=0.000000,prec=f32,type_K=f32,type_V=f32,permute=[0,1,2,3]): not supported [RD0] 
  FLASH_ATTN_EXT(hsk=72,hsv=72,nh=4,nr23=[1,1],kv=512,nb=1,mask=1,sinks=0,max_bias=8.000000,logit_softcap=0.000000,prec=f32,type_K=f16,type_V=f16,permute=[0,1,2,3]): not supported [RD0] 
  FLASH_ATTN_EXT(hsk=72,hsv=72,nh=4,nr23=[1,1],kv=512,nb=1,mask=1,sinks=0,max_bias=8.000000,logit_softcap=0.000000,prec=f32,type_K=bf16,type_V=bf16,permute=[0,1,2,3]): not supported [RD0] 
  FLASH_ATTN_EXT(hsk=72,hsv=72,nh=4,nr23=[1,1],kv=512,nb=1,mask=1,sinks=0,max_bias=8.000000,logit_softcap=0.000000,prec=f32,type_K=q8_0,type_V=q8_0,permute=[0,1,2,3]): not supported [RD0] 
  FLASH_ATTN_EXT(hsk=72,hsv=72,nh=4,nr23=[1,1],kv=512,nb=1,mask=1,sinks=0,max_bias=8.000000,logit_softcap=0.000000,prec=f32,type_K=q5_1,type_V=q5_1,permute=[0,1,2,3]): not supported [RD0] 
  FLASH_ATTN_EXT(hsk=72,hsv=72,nh=4,nr23=[1,1],kv=512,nb=1,mask=1,sinks=0,max_bias=8.000000,logit_softcap=0.000000,prec=f32,type_K=q5_0,type_V=q5_0,permute=[0,1,2,3]): not supported [RD0] 
  FLASH_ATTN_EXT(hsk=72,hsv=72,nh=4,nr23=[1,1],kv=512,nb=1,mask=1,sinks=0,max_bias=8.000000,logit_softcap=0.000000,prec=f32,type_K=q4_1,type_V=q4_1,permute=[0,1,2,3]): not supported [RD0] 
  FLASH_ATTN_EXT(hsk=72,hsv=72,nh=4,nr23=[1,1],kv=512,nb=1,mask=1,sinks=0,max_bias=8.000000,logit_softcap=0.000000,prec=f32,type_K=q4_0,type_V=q4_0,permute=[0,1,2,3]): not supported [RD0] 
  FLASH_ATTN_EXT(hsk=72,hsv=72,nh=4,nr23=[1,1],kv=512,nb=1,mask=1,sinks=0,max_bias=8.000000,logit_softcap=0.000000,prec=f32,type_K=iq4_nl,type_V=iq4_nl,permute=[0,1,2,3]): not supported [RD0] 
  FLASH_ATTN_EXT(hsk=72,hsv=72,nh=4,nr23=[1,1],kv=512,nb=3,mask=1,sinks=0,max_bias=8.000000,logit_softcap=0.000000,prec=f32,type_K=f32,type_V=f32,permute=[0,1,2,3]): not supported [RD0] 
  FLASH_ATTN_EXT(hsk=72,hsv=72,nh=4,nr23=[1,1],kv=512,nb=3,mask=1,sinks=0,max_bias=8.000000,logit_softcap=0.000000,prec=f32,type_K=f16,type_V=f16,permute=[0,1,2,3]): not supported [RD0] 
  FLASH_ATTN_EXT(hsk=72,hsv=72,nh=4,nr23=[1,1],kv=512,nb=3,mask=1,sinks=0,max_bias=8.000000,logit_softcap=0.000000,prec=f32,type_K=bf16,type_V=bf16,permute=[0,1,2,3]): not supported [RD0] 
  FLASH_ATTN_EXT(hsk=72,hsv=72,nh=4,nr23=[1,1],kv=512,nb=3,mask=1,sinks=0,max_bias=8.000000,logit_softcap=0.000000,prec=f32,type_K=q8_0,type_V=q8_0,permute=[0,1,2,3]): not supported [RD0] 
  FLASH_ATTN_EXT(hsk=72,hsv=72,nh=4,nr23=[1,1],kv=512,nb=3,mask=1,sinks=0,max_bias=8.000000,logit_softcap=0.000000,prec=f32,type_K=q5_1,type_V=q5_1,permute=[0,1,2,3]): not supported [RD0] 
  FLASH_ATTN_EXT(hsk=72,hsv=72,nh=4,nr23=[1,1],kv=512,nb=3,mask=1,sinks=0,max_bias=8.000000,logit_softcap=0.000000,prec=f32,type_K=q5_0,type_V=q5_0,permute=[0,1,2,3]): not supported [RD0] 
  FLASH_ATTN_EXT(hsk=72,hsv=72,nh=4,nr23=[1,1],kv=512,nb=3,mask=1,sinks=0,max_bias=8.000000,logit_softcap=0.000000,prec=f32,type_K=q4_1,type_V=q4_1,permute=[0,1,2,3]): not supported [RD0] 
  FLASH_ATTN_EXT(hsk=72,hsv=72,nh=4,nr23=[1,1],kv=512,nb=3,mask=1,sinks=0,max_bias=8.000000,logit_softcap=0.000000,prec=f32,type_K=q4_0,type_V=q4_0,permute=[0,1,2,3]): not supported [RD0] 
  FLASH_ATTN_EXT(hsk=72,hsv=72,nh=4,nr23=[1,1],kv=512,nb=3,mask=1,sinks=0,max_bias=8.000000,logit_softcap=0.000000,prec=f32,type_K=iq4_nl,type_V=iq4_nl,permute=[0,1,2,3]): not supported [RD0] 
  FLASH_ATTN_EXT(hsk=72,hsv=72,nh=4,nr23=[1,1],kv=512,nb=32,mask=1,sinks=0,max_bias=8.000000,logit_softcap=0.000000,prec=f32,type_K=f32,type_V=f32,permute=[0,1,2,3]): not supported [RD0] 
  FLASH_ATTN_EXT(hsk=72,hsv=72,nh=4,nr23=[1,1],kv=512,nb=32,mask=1,sinks=0,max_bias=8.000000,logit_softcap=0.000000,prec=f32,type_K=f16,type_V=f16,permute=[0,1,2,3]): not supported [RD0] 
  FLASH_ATTN_EXT(hsk=72,hsv=72,nh=4,nr23=[1,1],kv=512,nb=32,mask=1,sinks=0,max_bias=8.000000,logit_softcap=0.000000,prec=f32,type_K=bf16,type_V=bf16,permute=[0,1,2,3]): not supported [RD0] 
  FLASH_ATTN_EXT(hsk=72,hsv=72,nh=4,nr23=[1,1],kv=512,nb=32,mask=1,sinks=0,max_bias=8.000000,logit_softcap=0.000000,prec=f32,type_K=q8_0,type_V=q8_0,permute=[0,1,2,3]): not supported [RD0] 
  FLASH_ATTN_EXT(hsk=72,hsv=72,nh=4,nr23=[1,1],kv=512,nb=32,mask=1,sinks=0,max_bias=8.000000,logit_softcap=0.000000,prec=f32,type_K=q5_1,type_V=q5_1,permute=[0,1,2,3]): not supported [RD0] 
  FLASH_ATTN_EXT(hsk=72,hsv=72,nh=4,nr23=[1,1],kv=512,nb=32,mask=1,sinks=0,max_bias=8.000000,logit_softcap=0.000000,prec=f32,type_K=q5_0,type_V=q5_0,permute=[0,1,2,3]): not supported [RD0] 
  FLASH_ATTN_EXT(hsk=72,hsv=72,nh=4,nr23=[1,1],kv=512,nb=32,mask=1,sinks=0,max_bias=8.000000,logit_softcap=0.000000,prec=f32,type_K=q4_1,type_V=q4_1,permute=[0,1,2,3]): not supported [RD0] 
  FLASH_ATTN_EXT(hsk=72,hsv=72,nh=4,nr23=[1,1],kv=512,nb=32,mask=1,sinks=0,max_bias=8.000000,logit_softcap=0.000000,prec=f32,type_K=q4_0,type_V=q4_0,permute=[0,1,2,3]): not supported [RD0] 
  FLASH_ATTN_EXT(hsk=72,hsv=72,nh=4,nr23=[1,1],kv=512,nb=32,mask=1,sinks=0,max_bias=8.000000,logit_softcap=0.000000,prec=f32,type_K=iq4_nl,type_V=iq4_nl,permute=[0,1,2,3]): not supported [RD0] 
  FLASH_ATTN_EXT(hsk=72,hsv=72,nh=4,nr23=[1,1],kv=512,nb=75,mask=1,sinks=0,max_bias=8.000000,logit_softcap=0.000000,prec=f32,type_K=f32,type_V=f32,permute=[0,1,2,3]): not supported [RD0] 
  FLASH_ATTN_EXT(hsk=72,hsv=72,nh=4,nr23=[1,1],kv=512,nb=75,mask=1,sinks=0,max_bias=8.000000,logit_softcap=0.000000,prec=f32,type_K=f16,type_V=f16,permute=[0,1,2,3]): not supported [RD0] 
  FLASH_ATTN_EXT(hsk=72,hsv=72,nh=4,nr23=[1,1],kv=512,nb=75,mask=1,sinks=0,max_bias=8.000000,logit_softcap=0.000000,prec=f32,type_K=bf16,type_V=bf16,permute=[0,1,2,3]): not supported [RD0] 
  FLASH_ATTN_EXT(hsk=72,hsv=72,nh=4,nr23=[1,1],kv=512,nb=75,mask=1,sinks=0,max_bias=8.000000,logit_softcap=0.000000,prec=f32,type_K=q8_0,type_V=q8_0,permute=[0,1,2,3]): not supported [RD0] 
  FLASH_ATTN_EXT(hsk=72,hsv=72,nh=4,nr23=[1,1],kv=512,nb=75,mask=1,sinks=0,max_bias=8.000000,logit_softcap=0.000000,prec=f32,type_K=q5_1,type_V=q5_1,permute=[0,1,2,3]): not supported [RD0] 
  FLASH_ATTN_EXT(hsk=72,hsv=72,nh=4,nr23=[1,1],kv=512,nb=75,mask=1,sinks=0,max_bias=8.000000,logit_softcap=0.000000,prec=f32,type_K=q5_0,type_V=q5_0,permute=[0,1,2,3]): not supported [RD0] 
  FLASH_ATTN_EXT(hsk=72,hsv=72,nh=4,nr23=[1,1],kv=512,nb=75,mask=1,sinks=0,max_bias=8.000000,logit_softcap=0.000000,prec=f32,type_K=q4_1,type_V=q4_1,permute=[0,1,2,3]): not supported [RD0] 
  FLASH_ATTN_EXT(hsk=72,hsv=72,nh=4,nr23=[1,1],kv=512,nb=75,mask=1,sinks=0,max_bias=8.000000,logit_softcap=0.000000,prec=f32,type_K=q4_0,type_V=q4_0,permute=[0,1,2,3]): not supported [RD0] 
  FLASH_ATTN_EXT(hsk=72,hsv=72,nh=4,nr23=[1,1],kv=512,nb=75,mask=1,sinks=0,max_bias=8.000000,logit_softcap=0.000000,prec=f32,type_K=iq4_nl,type_V=iq4_nl,permute=[0,1,2,3]): not supported [RD0] 
  FLASH_ATTN_EXT(hsk=72,hsv=72,nh=4,nr23=[1,1],kv=1024,nb=1,mask=1,sinks=0,max_bias=8.000000,logit_softcap=0.000000,prec=f32,type_K=f32,type_V=f32,permute=[0,1,2,3]): not supported [RD0] 
  FLASH_ATTN_EXT(hsk=72,hsv=72,nh=4,nr23=[1,1],kv=1024,nb=1,mask=1,sinks=0,max_bias=8.000000,logit_softcap=0.000000,prec=f32,type_K=f16,type_V=f16,permute=[0,1,2,3]): not supported [RD0] 
  FLASH_ATTN_EXT(hsk=72,hsv=72,nh=4,nr23=[1,1],kv=1024,nb=1,mask=1,sinks=0,max_bias=8.000000,logit_softcap=0.000000,prec=f32,type_K=bf16,type_V=bf16,permute=[0,1,2,3]): not supported [RD0] 
  FLASH_ATTN_EXT(hsk=72,hsv=72,nh=4,nr23=[1,1],kv=1024,nb=1,mask=1,sinks=0,max_bias=8.000000,logit_softcap=0.000000,prec=f32,type_K=q8_0,type_V=q8_0,permute=[0,1,2,3]): not supported [RD0] 
  FLASH_ATTN_EXT(hsk=72,hsv=72,nh=4,nr23=[1,1],kv=1024,nb=1,mask=1,sinks=0,max_bias=8.000000,logit_softcap=0.000000,prec=f32,type_K=q5_1,type_V=q5_1,permute=[0,1,2,3]): not supported [RD0] 
  FLASH_ATTN_EXT(hsk=72,hsv=72,nh=4,nr23=[1,1],kv=1024,nb=1,mask=1,sinks=0,max_bias=8.000000,logit_softcap=0.000000,prec=f32,type_K=q5_0,type_V=q5_0,permute=[0,1,2,3]): not supported [RD0] 
  FLASH_ATTN_EXT(hsk=72,hsv=72,nh=4,nr23=[1,1],kv=1024,nb=1,mask=1,sinks=0,max_bias=8.000000,logit_softcap=0.000000,prec=f32,type_K=q4_1,type_V=q4_1,permute=[0,1,2,3]): not supported [RD0] 
  FLASH_ATTN_EXT(hsk=72,hsv=72,nh=4,nr23=[1,1],kv=1024,nb=1,mask=1,sinks=0,max_bias=8.000000,logit_softcap=0.000000,prec=f32,type_K=q4_0,type_V=q4_0,permute=[0,1,2,3]): not supported [RD0] 
  FLASH_ATTN_EXT(hsk=72,hsv=72,nh=4,nr23=[1,1],kv=1024,nb=1,mask=1,sinks=0,max_bias=8.000000,logit_softcap=0.000000,prec=f32,type_K=iq4_nl,type_V=iq4_nl,permute=[0,1,2,3]): not supported [RD0] 
  FLASH_ATTN_EXT(hsk=72,hsv=72,nh=4,nr23=[1,1],kv=1024,nb=3,mask=1,sinks=0,max_bias=8.000000,logit_softcap=0.000000,prec=f32,type_K=f32,type_V=f32,permute=[0,1,2,3]): not supported [RD0] 
  FLASH_ATTN_EXT(hsk=72,hsv=72,nh=4,nr23=[1,1],kv=1024,nb=3,mask=1,sinks=0,max_bias=8.000000,logit_softcap=0.000000,prec=f32,type_K=f16,type_V=f16,permute=[0,1,2,3]): not supported [RD0] 
  FLASH_ATTN_EXT(hsk=72,hsv=72,nh=4,nr23=[1,1],kv=1024,nb=3,mask=1,sinks=0,max_bias=8.000000,logit_softcap=0.000000,prec=f32,type_K=bf16,type_V=bf16,permute=[0,1,2,3]): not supported [RD0] 
  FLASH_ATTN_EXT(hsk=72,hsv=72,nh=4,nr23=[1,1],kv=1024,nb=3,mask=1,sinks=0,max_bias=8.000000,logit_softcap=0.000000,prec=f32,type_K=q8_0,type_V=q8_0,permute=[0,1,2,3]): not supported [RD0] 
  FLASH_ATTN_EXT(hsk=72,hsv=72,nh=4,nr23=[1,1],kv=1024,nb=3,mask=1,sinks=0,max_bias=8.000000,logit_softcap=0.000000,prec=f32,type_K=q5_1,type_V=q5_1,permute=[0,1,2,3]): not supported [RD0] 
  FLASH_ATTN_EXT(hsk=72,hsv=72,nh=4,nr23=[1,1],kv=1024,nb=3,mask=1,sinks=0,max_bias=8.000000,logit_softcap=0.000000,prec=f32,type_K=q5_0,type_V=q5_0,permute=[0,1,2,3]): not supported [RD0] 
  FLASH_ATTN_EXT(hsk=72,hsv=72,nh=4,nr23=[1,1],kv=1024,nb=3,mask=1,sinks=0,max_bias=8.000000,logit_softcap=0.000000,prec=f32,type_K=q4_1,type_V=q4_1,permute=[0,1,2,3]): not supported [RD0] 
  FLASH_ATTN_EXT(hsk=72,hsv=72,nh=4,nr23=[1,1],kv=1024,nb=3,mask=1,sinks=0,max_bias=8.000000,logit_softcap=0.000000,prec=f32,type_K=q4_0,type_V=q4_0,permute=[0,1,2,3]): not supported [RD0] 
  FLASH_ATTN_EXT(hsk=72,hsv=72,nh=4,nr23=[1,1],kv=1024,nb=3,mask=1,sinks=0,max_bias=8.000000,logit_softcap=0.000000,prec=f32,type_K=iq4_nl,type_V=iq4_nl,permute=[0,1,2,3]): not supported [RD0] 
  FLASH_ATTN_EXT(hsk=72,hsv=72,nh=4,nr23=[1,1],kv=1024,nb=32,mask=1,sinks=0,max_bias=8.000000,logit_softcap=0.000000,prec=f32,type_K=f32,type_V=f32,permute=[0,1,2,3]): not supported [RD0] 
  FLASH_ATTN_EXT(hsk=72,hsv=72,nh=4,nr23=[1,1],kv=1024,nb=32,mask=1,sinks=0,max_bias=8.000000,logit_softcap=0.000000,prec=f32,type_K=f16,type_V=f16,permute=[0,1,2,3]): not supported [RD0] 
  FLASH_ATTN_EXT(hsk=72,hsv=72,nh=4,nr23=[1,1],kv=1024,nb=32,mask=1,sinks=0,max_bias=8.000000,logit_softcap=0.000000,prec=f32,type_K=bf16,type_V=bf16,permute=[0,1,2,3]): not supported [RD0] 
  FLASH_ATTN_EXT(hsk=72,hsv=72,nh=4,nr23=[1,1],kv=1024,nb=32,mask=1,sinks=0,max_bias=8.000000,logit_softcap=0.000000,prec=f32,type_K=q8_0,type_V=q8_0,permute=[0,1,2,3]): not supported [RD0] 
  FLASH_ATTN_EXT(hsk=72,hsv=72,nh=4,nr23=[1,1],kv=1024,nb=32,mask=1,sinks=0,max_bias=8.000000,logit_softcap=0.000000,prec=f32,type_K=q5_1,type_V=q5_1,permute=[0,1,2,3]): not supported [RD0] 
  FLASH_ATTN_EXT(hsk=72,hsv=72,nh=4,nr23=[1,1],kv=1024,nb=32,mask=1,sinks=0,max_bias=8.000000,logit_softcap=0.000000,prec=f32,type_K=q5_0,type_V=q5_0,permute=[0,1,2,3]): not supported [RD0] 
  FLASH_ATTN_EXT(hsk=72,hsv=72,nh=4,nr23=[1,1],kv=1024,nb=32,mask=1,sinks=0,max_bias=8.000000,logit_softcap=0.000000,prec=f32,type_K=q4_1,type_V=q4_1,permute=[0,1,2,3]): not supported [RD0] 
  FLASH_ATTN_EXT(hsk=72,hsv=72,nh=4,nr23=[1,1],kv=1024,nb=32,mask=1,sinks=0,max_bias=8.000000,logit_softcap=0.000000,prec=f32,type_K=q4_0,type_V=q4_0,permute=[0,1,2,3]): not supported [RD0] 
  FLASH_ATTN_EXT(hsk=72,hsv=72,nh=4,nr23=[1,1],kv=1024,nb=32,mask=1,sinks=0,max_bias=8.000000,logit_softcap=0.000000,prec=f32,type_K=iq4_nl,type_V=iq4_nl,permute=[0,1,2,3]): not supported [RD0] 
  FLASH_ATTN_EXT(hsk=72,hsv=72,nh=4,nr23=[1,1],kv=1024,nb=75,mask=1,sinks=0,max_bias=8.000000,logit_softcap=0.000000,prec=f32,type_K=f32,type_V=f32,permute=[0,1,2,3]): not supported [RD0] 
  FLASH_ATTN_EXT(hsk=72,hsv=72,nh=4,nr23=[1,1],kv=1024,nb=75,mask=1,sinks=0,max_bias=8.000000,logit_softcap=0.000000,prec=f32,type_K=f16,type_V=f16,permute=[0,1,2,3]): not supported [RD0] 
  FLASH_ATTN_EXT(hsk=72,hsv=72,nh=4,nr23=[1,1],kv=1024,nb=75,mask=1,sinks=0,max_bias=8.000000,logit_softcap=0.000000,prec=f32,type_K=bf16,type_V=bf16,permute=[0,1,2,3]): not supported [RD0] 
  FLASH_ATTN_EXT(hsk=72,hsv=72,nh=4,nr23=[1,1],kv=1024,nb=75,mask=1,sinks=0,max_bias=8.000000,logit_softcap=0.000000,prec=f32,type_K=q8_0,type_V=q8_0,permute=[0,1,2,3]): not supported [RD0] 
  FLASH_ATTN_EXT(hsk=72,hsv=72,nh=4,nr23=[1,1],kv=1024,nb=75,mask=1,sinks=0,max_bias=8.000000,logit_softcap=0.000000,prec=f32,type_K=q5_1,type_V=q5_1,permute=[0,1,2,3]): not supported [RD0] 
  FLASH_ATTN_EXT(hsk=72,hsv=72,nh=4,nr23=[1,1],kv=1024,nb=75,mask=1,sinks=0,max_bias=8.000000,logit_softcap=0.000000,prec=f32,type_K=q5_0,type_V=q5_0,permute=[0,1,2,3]): not supported [RD0] 
  FLASH_ATTN_EXT(hsk=72,hsv=72,nh=4,nr23=[1,1],kv=1024,nb=75,mask=1,sinks=0,max_bias=8.000000,logit_softcap=0.000000,prec=f32,type_K=q4_1,type_V=q4_1,permute=[0,1,2,3]): not supported [RD0] 
  FLASH_ATTN_EXT(hsk=72,hsv=72,nh=4,nr23=[1,1],kv=1024,nb=75,mask=1,sinks=0,max_bias=8.000000,logit_softcap=0.000000,prec=f32,type_K=q4_0,type_V=q4_0,permute=[0,1,2,3]): not supported [RD0] 
  FLASH_ATTN_EXT(hsk=72,hsv=72,nh=4,nr23=[1,1],kv=1024,nb=75,mask=1,sinks=0,max_bias=8.000000,logit_softcap=0.000000,prec=f32,type_K=iq4_nl,type_V=iq4_nl,permute=[0,1,2,3]): not supported [RD0] 
  FLASH_ATTN_EXT(hsk=72,hsv=72,nh=4,nr23=[4,1],kv=512,nb=1,mask=1,sinks=0,max_bias=8.000000,logit_softcap=0.000000,prec=f32,type_K=f32,type_V=f32,permute=[0,1,2,3]): not supported [RD0] 
  FLASH_ATTN_EXT(hsk=72,hsv=72,nh=4,nr23=[4,1],kv=512,nb=1,mask=1,sinks=0,max_bias=8.000000,logit_softcap=0.000000,prec=f32,type_K=f16,type_V=f16,permute=[0,1,2,3]): not supported [RD0] 
  FLASH_ATTN_EXT(hsk=72,hsv=72,nh=4,nr23=[4,1],kv=512,nb=1,mask=1,sinks=0,max_bias=8.000000,logit_softcap=0.000000,prec=f32,type_K=bf16,type_V=bf16,permute=[0,1,2,3]): not supported [RD0] 
  FLASH_ATTN_EXT(hsk=72,hsv=72,nh=4,nr23=[4,1],kv=512,nb=1,mask=1,sinks=0,max_bias=8.000000,logit_softcap=0.000000,prec=f32,type_K=q8_0,type_V=q8_0,permute=[0,1,2,3]): not supported [RD0] 
  FLASH_ATTN_EXT(hsk=72,hsv=72,nh=4,nr23=[4,1],kv=512,nb=1,mask=1,sinks=0,max_bias=8.000000,logit_softcap=0.000000,prec=f32,type_K=q5_1,type_V=q5_1,permute=[0,1,2,3]): not supported [RD0] 
  FLASH_ATTN_EXT(hsk=72,hsv=72,nh=4,nr23=[4,1],kv=512,nb=1,mask=1,sinks=0,max_bias=8.000000,logit_softcap=0.000000,prec=f32,type_K=q5_0,type_V=q5_0,permute=[0,1,2,3]): not supported [RD0] 
  FLASH_ATTN_EXT(hsk=72,hsv=72,nh=4,nr23=[4,1],kv=512,nb=1,mask=1,sinks=0,max_bias=8.000000,logit_softcap=0.000000,prec=f32,type_K=q4_1,type_V=q4_1,permute=[0,1,2,3]): not supported [RD0] 
  FLASH_ATTN_EXT(hsk=72,hsv=72,nh=4,nr23=[4,1],kv=512,nb=1,mask=1,sinks=0,max_bias=8.000000,logit_softcap=0.000000,prec=f32,type_K=q4_0,type_V=q4_0,permute=[0,1,2,3]): not supported [RD0] 
  FLASH_ATTN_EXT(hsk=72,hsv=72,nh=4,nr23=[4,1],kv=512,nb=1,mask=1,sinks=0,max_bias=8.000000,logit_softcap=0.000000,prec=f32,type_K=iq4_nl,type_V=iq4_nl,permute=[0,1,2,3]): not supported [RD0] 
  FLASH_ATTN_EXT(hsk=72,hsv=72,nh=4,nr23=[4,1],kv=512,nb=3,mask=1,sinks=0,max_bias=8.000000,logit_softcap=0.000000,prec=f32,type_K=f32,type_V=f32,permute=[0,1,2,3]): not supported [RD0] 
  FLASH_ATTN_EXT(hsk=72,hsv=72,nh=4,nr23=[4,1],kv=512,nb=3,mask=1,sinks=0,max_bias=8.000000,logit_softcap=0.000000,prec=f32,type_K=f16,type_V=f16,permute=[0,1,2,3]): not supported [RD0] 
  FLASH_ATTN_EXT(hsk=72,hsv=72,nh=4,nr23=[4,1],kv=512,nb=3,mask=1,sinks=0,max_bias=8.000000,logit_softcap=0.000000,prec=f32,type_K=bf16,type_V=bf16,permute=[0,1,2,3]): not supported [RD0] 
  FLASH_ATTN_EXT(hsk=72,hsv=72,nh=4,nr23=[4,1],kv=512,nb=3,mask=1,sinks=0,max_bias=8.000000,logit_softcap=0.000000,prec=f32,type_K=q8_0,type_V=q8_0,permute=[0,1,2,3]): not supported [RD0] 
  FLASH_ATTN_EXT(hsk=72,hsv=72,nh=4,nr23=[4,1],kv=512,nb=3,mask=1,sinks=0,max_bias=8.000000,logit_softcap=0.000000,prec=f32,type_K=q5_1,type_V=q5_1,permute=[0,1,2,3]): not supported [RD0] 
  FLASH_ATTN_EXT(hsk=72,hsv=72,nh=4,nr23=[4,1],kv=512,nb=3,mask=1,sinks=0,max_bias=8.000000,logit_softcap=0.000000,prec=f32,type_K=q5_0,type_V=q5_0,permute=[0,1,2,3]): not supported [RD0] 
  FLASH_ATTN_EXT(hsk=72,hsv=72,nh=4,nr23=[4,1],kv=512,nb=3,mask=1,sinks=0,max_bias=8.000000,logit_softcap=0.000000,prec=f32,type_K=q4_1,type_V=q4_1,permute=[0,1,2,3]): not supported [RD0] 
  FLASH_ATTN_EXT(hsk=72,hsv=72,nh=4,nr23=[4,1],kv=512,nb=3,mask=1,sinks=0,max_bias=8.000000,logit_softcap=0.000000,prec=f32,type_K=q4_0,type_V=q4_0,permute=[0,1,2,3]): not supported [RD0] 
  FLASH_ATTN_EXT(hsk=72,hsv=72,nh=4,nr23=[4,1],kv=512,nb=3,mask=1,sinks=0,max_bias=8.000000,logit_softcap=0.000000,prec=f32,type_K=iq4_nl,type_V=iq4_nl,permute=[0,1,2,3]): not supported [RD0] 
  FLASH_ATTN_EXT(hsk=72,hsv=72,nh=4,nr23=[4,1],kv=512,nb=32,mask=1,sinks=0,max_bias=8.000000,logit_softcap=0.000000,prec=f32,type_K=f32,type_V=f32,permute=[0,1,2,3]): not supported [RD0] 
  FLASH_ATTN_EXT(hsk=72,hsv=72,nh=4,nr23=[4,1],kv=512,nb=32,mask=1,sinks=0,max_bias=8.000000,logit_softcap=0.000000,prec=f32,type_K=f16,type_V=f16,permute=[0,1,2,3]): not supported [RD0] 
  FLASH_ATTN_EXT(hsk=72,hsv=72,nh=4,nr23=[4,1],kv=512,nb=32,mask=1,sinks=0,max_bias=8.000000,logit_softcap=0.000000,prec=f32,type_K=bf16,type_V=bf16,permute=[0,1,2,3]): not supported [RD0] 
  FLASH_ATTN_EXT(hsk=72,hsv=72,nh=4,nr23=[4,1],kv=512,nb=32,mask=1,sinks=0,max_bias=8.000000,logit_softcap=0.000000,prec=f32,type_K=q8_0,type_V=q8_0,permute=[0,1,2,3]): not supported [RD0] 
  FLASH_ATTN_EXT(hsk=72,hsv=72,nh=4,nr23=[4,1],kv=512,nb=32,mask=1,sinks=0,max_bias=8.000000,logit_softcap=0.000000,prec=f32,type_K=q5_1,type_V=q5_1,permute=[0,1,2,3]): not supported [RD0] 
  FLASH_ATTN_EXT(hsk=72,hsv=72,nh=4,nr23=[4,1],kv=512,nb=32,mask=1,sinks=0,max_bias=8.000000,logit_softcap=0.000000,prec=f32,type_K=q5_0,type_V=q5_0,permute=[0,1,2,3]): not supported [RD0] 
  FLASH_ATTN_EXT(hsk=72,hsv=72,nh=4,nr23=[4,1],kv=512,nb=32,mask=1,sinks=0,max_bias=8.000000,logit_softcap=0.000000,prec=f32,type_K=q4_1,type_V=q4_1,permute=[0,1,2,3]): not supported [RD0] 
  FLASH_ATTN_EXT(hsk=72,hsv=72,nh=4,nr23=[4,1],kv=512,nb=32,mask=1,sinks=0,max_bias=8.000000,logit_softcap=0.000000,prec=f32,type_K=q4_0,type_V=q4_0,permute=[0,1,2,3]): not supported [RD0] 
  FLASH_ATTN_EXT(hsk=72,hsv=72,nh=4,nr23=[4,1],kv=512,nb=32,mask=1,sinks=0,max_bias=8.000000,logit_softcap=0.000000,prec=f32,type_K=iq4_nl,type_V=iq4_nl,permute=[0,1,2,3]): not supported [RD0] 
  FLASH_ATTN_EXT(hsk=72,hsv=72,nh=4,nr23=[4,1],kv=512,nb=75,mask=1,sinks=0,max_bias=8.000000,logit_softcap=0.000000,prec=f32,type_K=f32,type_V=f32,permute=[0,1,2,3]): not supported [RD0] 
  FLASH_ATTN_EXT(hsk=72,hsv=72,nh=4,nr23=[4,1],kv=512,nb=75,mask=1,sinks=0,max_bias=8.000000,logit_softcap=0.000000,prec=f32,type_K=f16,type_V=f16,permute=[0,1,2,3]): not supported [RD0] 
  FLASH_ATTN_EXT(hsk=72,hsv=72,nh=4,nr23=[4,1],kv=512,nb=75,mask=1,sinks=0,max_bias=8.000000,logit_softcap=0.000000,prec=f32,type_K=bf16,type_V=bf16,permute=[0,1,2,3]): not supported [RD0] 
  FLASH_ATTN_EXT(hsk=72,hsv=72,nh=4,nr23=[4,1],kv=512,nb=75,mask=1,sinks=0,max_bias=8.000000,logit_softcap=0.000000,prec=f32,type_K=q8_0,type_V=q8_0,permute=[0,1,2,3]): not supported [RD0] 
  FLASH_ATTN_EXT(hsk=72,hsv=72,nh=4,nr23=[4,1],kv=512,nb=75,mask=1,sinks=0,max_bias=8.000000,logit_softcap=0.000000,prec=f32,type_K=q5_1,type_V=q5_1,permute=[0,1,2,3]): not supported [RD0] 
  FLASH_ATTN_EXT(hsk=72,hsv=72,nh=4,nr23=[4,1],kv=512,nb=75,mask=1,sinks=0,max_bias=8.000000,logit_softcap=0.000000,prec=f32,type_K=q5_0,type_V=q5_0,permute=[0,1,2,3]): not supported [RD0] 
  FLASH_ATTN_EXT(hsk=72,hsv=72,nh=4,nr23=[4,1],kv=512,nb=75,mask=1,sinks=0,max_bias=8.000000,logit_softcap=0.000000,prec=f32,type_K=q4_1,type_V=q4_1,permute=[0,1,2,3]): not supported [RD0] 
  FLASH_ATTN_EXT(hsk=72,hsv=72,nh=4,nr23=[4,1],kv=512,nb=75,mask=1,sinks=0,max_bias=8.000000,logit_softcap=0.000000,prec=f32,type_K=q4_0,type_V=q4_0,permute=[0,1,2,3]): not supported [RD0] 
  FLASH_ATTN_EXT(hsk=72,hsv=72,nh=4,nr23=[4,1],kv=512,nb=75,mask=1,sinks=0,max_bias=8.000000,logit_softcap=0.000000,prec=f32,type_K=iq4_nl,type_V=iq4_nl,permute=[0,1,2,3]): not supported [RD0] 
  FLASH_ATTN_EXT(hsk=72,hsv=72,nh=4,nr23=[1,1],kv=113,nb=1,mask=0,sinks=1,max_bias=0.000000,logit_softcap=0.000000,prec=f32,type_K=f32,type_V=f32,permute=[0,1,2,3]): not supported [RD0] 
  FLASH_ATTN_EXT(hsk=72,hsv=72,nh=4,nr23=[1,1],kv=113,nb=1,mask=0,sinks=1,max_bias=0.000000,logit_softcap=0.000000,prec=f32,type_K=f16,type_V=f16,permute=[0,1,2,3]): not supported [RD0] 
  FLASH_ATTN_EXT(hsk=72,hsv=72,nh=4,nr23=[1,1],kv=113,nb=1,mask=0,sinks=1,max_bias=0.000000,logit_softcap=0.000000,prec=f32,type_K=bf16,type_V=bf16,permute=[0,1,2,3]): not supported [RD0] 
  FLASH_ATTN_EXT(hsk=72,hsv=72,nh=4,nr23=[1,1],kv=113,nb=1,mask=0,sinks=1,max_bias=0.000000,logit_softcap=0.000000,prec=f32,type_K=q8_0,type_V=q8_0,permute=[0,1,2,3]): not supported [RD0] 
  FLASH_ATTN_EXT(hsk=72,hsv=72,nh=4,nr23=[1,1],kv=113,nb=1,mask=0,sinks=1,max_bias=0.000000,logit_softcap=0.000000,prec=f32,type_K=q5_1,type_V=q5_1,permute=[0,1,2,3]): not supported [RD0] 
  FLASH_ATTN_EXT(hsk=72,hsv=72,nh=4,nr23=[1,1],kv=113,nb=1,mask=0,sinks=1,max_bias=0.000000,logit_softcap=0.000000,prec=f32,type_K=q5_0,type_V=q5_0,permute=[0,1,2,3]): not supported [RD0] 
  FLASH_ATTN_EXT(hsk=72,hsv=72,nh=4,nr23=[1,1],kv=113,nb=1,mask=0,sinks=1,max_bias=0.000000,logit_softcap=0.000000,prec=f32,type_K=q4_1,type_V=q4_1,permute=[0,1,2,3]): not supported [RD0] 
  FLASH_ATTN_EXT(hsk=72,hsv=72,nh=4,nr23=[1,1],kv=113,nb=1,mask=0,sinks=1,max_bias=0.000000,logit_softcap=0.000000,prec=f32,type_K=q4_0,type_V=q4_0,permute=[0,1,2,3]): not supported [RD0] 
  FLASH_ATTN_EXT(hsk=72,hsv=72,nh=4,nr23=[1,1],kv=113,nb=1,mask=0,sinks=1,max_bias=0.000000,logit_softcap=0.000000,prec=f32,type_K=iq4_nl,type_V=iq4_nl,permute=[0,1,2,3]): not supported [RD0] 
  FLASH_ATTN_EXT(hsk=72,hsv=72,nh=4,nr23=[1,1],kv=113,nb=3,mask=0,sinks=1,max_bias=0.000000,logit_softcap=0.000000,prec=f32,type_K=f32,type_V=f32,permute=[0,1,2,3]): not supported [RD0] 
  FLASH_ATTN_EXT(hsk=72,hsv=72,nh=4,nr23=[1,1],kv=113,nb=3,mask=0,sinks=1,max_bias=0.000000,logit_softcap=0.000000,prec=f32,type_K=f16,type_V=f16,permute=[0,1,2,3]): not supported [RD0] 
  FLASH_ATTN_EXT(hsk=72,hsv=72,nh=4,nr23=[1,1],kv=113,nb=3,mask=0,sinks=1,max_bias=0.000000,logit_softcap=0.000000,prec=f32,type_K=bf16,type_V=bf16,permute=[0,1,2,3]): not supported [RD0] 
  FLASH_ATTN_EXT(hsk=72,hsv=72,nh=4,nr23=[1,1],kv=113,nb=3,mask=0,sinks=1,max_bias=0.000000,logit_softcap=0.000000,prec=f32,type_K=q8_0,type_V=q8_0,permute=[0,1,2,3]): not supported [RD0] 
  FLASH_ATTN_EXT(hsk=72,hsv=72,nh=4,nr23=[1,1],kv=113,nb=3,mask=0,sinks=1,max_bias=0.000000,logit_softcap=0.000000,prec=f32,type_K=q5_1,type_V=q5_1,permute=[0,1,2,3]): not supported [RD0] 
  FLASH_ATTN_EXT(hsk=72,hsv=72,nh=4,nr23=[1,1],kv=113,nb=3,mask=0,sinks=1,max_bias=0.000000,logit_softcap=0.000000,prec=f32,type_K=q5_0,type_V=q5_0,permute=[0,1,2,3]): not supported [RD0] 
  FLASH_ATTN_EXT(hsk=72,hsv=72,nh=4,nr23=[1,1],kv=113,nb=3,mask=0,sinks=1,max_bias=0.000000,logit_softcap=0.000000,prec=f32,type_K=q4_1,type_V=q4_1,permute=[0,1,2,3]): not supported [RD0] 
  FLASH_ATTN_EXT(hsk=72,hsv=72,nh=4,nr23=[1,1],kv=113,nb=3,mask=0,sinks=1,max_bias=0.000000,logit_softcap=0.000000,prec=f32,type_K=q4_0,type_V=q4_0,permute=[0,1,2,3]): not supported [RD0] 
  FLASH_ATTN_EXT(hsk=72,hsv=72,nh=4,nr23=[1,1],kv=113,nb=3,mask=0,sinks=1,max_bias=0.000000,logit_softcap=0.000000,prec=f32,type_K=iq4_nl,type_V=iq4_nl,permute=[0,1,2,3]): not supported [RD0] 
  FLASH_ATTN_EXT(hsk=72,hsv=72,nh=4,nr23=[1,1],kv=113,nb=32,mask=0,sinks=1,max_bias=0.000000,logit_softcap=0.000000,prec=f32,type_K=f32,type_V=f32,permute=[0,1,2,3]): not supported [RD0] 
  FLASH_ATTN_EXT(hsk=72,hsv=72,nh=4,nr23=[1,1],kv=113,nb=32,mask=0,sinks=1,max_bias=0.000000,logit_softcap=0.000000,prec=f32,type_K=f16,type_V=f16,permute=[0,1,2,3]): not supported [RD0] 
  FLASH_ATTN_EXT(hsk=72,hsv=72,nh=4,nr23=[1,1],kv=113,nb=32,mask=0,sinks=1,max_bias=0.000000,logit_softcap=0.000000,prec=f32,type_K=bf16,type_V=bf16,permute=[0,1,2,3]): not supported [RD0] 
  FLASH_ATTN_EXT(hsk=72,hsv=72,nh=4,nr23=[1,1],kv=113,nb=32,mask=0,sinks=1,max_bias=0.000000,logit_softcap=0.000000,prec=f32,type_K=q8_0,type_V=q8_0,permute=[0,1,2,3]): not supported [RD0] 
  FLASH_ATTN_EXT(hsk=72,hsv=72,nh=4,nr23=[1,1],kv=113,nb=32,mask=0,sinks=1,max_bias=0.000000,logit_softcap=0.000000,prec=f32,type_K=q5_1,type_V=q5_1,permute=[0,1,2,3]): not supported [RD0] 
  FLASH_ATTN_EXT(hsk=72,hsv=72,nh=4,nr23=[1,1],kv=113,nb=32,mask=0,sinks=1,max_bias=0.000000,logit_softcap=0.000000,prec=f32,type_K=q5_0,type_V=q5_0,permute=[0,1,2,3]): not supported [RD0] 
  FLASH_ATTN_EXT(hsk=72,hsv=72,nh=4,nr23=[1,1],kv=113,nb=32,mask=0,sinks=1,max_bias=0.000000,logit_softcap=0.000000,prec=f32,type_K=q4_1,type_V=q4_1,permute=[0,1,2,3]): not supported [RD0] 
  FLASH_ATTN_EXT(hsk=72,hsv=72,nh=4,nr23=[1,1],kv=113,nb=32,mask=0,sinks=1,max_bias=0.000000,logit_softcap=0.000000,prec=f32,type_K=q4_0,type_V=q4_0,permute=[0,1,2,3]): not supported [RD0] 
  FLASH_ATTN_EXT(hsk=72,hsv=72,nh=4,nr23=[1,1],kv=113,nb=32,mask=0,sinks=1,max_bias=0.000000,logit_softcap=0.000000,prec=f32,type_K=iq4_nl,type_V=iq4_nl,permute=[0,1,2,3]): not supported [RD0] 
  FLASH_ATTN_EXT(hsk=72,hsv=72,nh=4,nr23=[1,1],kv=113,nb=75,mask=0,sinks=1,max_bias=0.000000,logit_softcap=0.000000,prec=f32,type_K=f32,type_V=f32,permute=[0,1,2,3]): not supported [RD0] 
  FLASH_ATTN_EXT(hsk=72,hsv=72,nh=4,nr23=[1,1],kv=113,nb=75,mask=0,sinks=1,max_bias=0.000000,logit_softcap=0.000000,prec=f32,type_K=f16,type_V=f16,permute=[0,1,2,3]): not supported [RD0] 
  FLASH_ATTN_EXT(hsk=72,hsv=72,nh=4,nr23=[1,1],kv=113,nb=75,mask=0,sinks=1,max_bias=0.000000,logit_softcap=0.000000,prec=f32,type_K=bf16,type_V=bf16,permute=[0,1,2,3]): not supported [RD0] 
  FLASH_ATTN_EXT(hsk=72,hsv=72,nh=4,nr23=[1,1],kv=113,nb=75,mask=0,sinks=1,max_bias=0.000000,logit_softcap=0.000000,prec=f32,type_K=q8_0,type_V=q8_0,permute=[0,1,2,3]): not supported [RD0] 
  FLASH_ATTN_EXT(hsk=72,hsv=72,nh=4,nr23=[1,1],kv=113,nb=75,mask=0,sinks=1,max_bias=0.000000,logit_softcap=0.000000,prec=f32,type_K=q5_1,type_V=q5_1,permute=[0,1,2,3]): not supported [RD0] 
  FLASH_ATTN_EXT(hsk=72,hsv=72,nh=4,nr23=[1,1],kv=113,nb=75,mask=0,sinks=1,max_bias=0.000000,logit_softcap=0.000000,prec=f32,type_K=q5_0,type_V=q5_0,permute=[0,1,2,3]): not supported [RD0] 
  FLASH_ATTN_EXT(hsk=72,hsv=72,nh=4,nr23=[1,1],kv=113,nb=75,mask=0,sinks=1,max_bias=0.000000,logit_softcap=0.000000,prec=f32,type_K=q4_1,type_V=q4_1,permute=[0,1,2,3]): not supported [RD0] 
  FLASH_ATTN_EXT(hsk=72,hsv=72,nh=4,nr23=[1,1],kv=113,nb=75,mask=0,sinks=1,max_bias=0.000000,logit_softcap=0.000000,prec=f32,type_K=q4_0,type_V=q4_0,permute=[0,1,2,3]): not supported [RD0] 
  FLASH_ATTN_EXT(hsk=72,hsv=72,nh=4,nr23=[1,1],kv=113,nb=75,mask=0,sinks=1,max_bias=0.000000,logit_softcap=0.000000,prec=f32,type_K=iq4_nl,type_V=iq4_nl,permute=[0,1,2,3]): not supported [RD0] 
  FLASH_ATTN_EXT(hsk=72,hsv=72,nh=4,nr23=[1,1],kv=512,nb=1,mask=0,sinks=1,max_bias=0.000000,logit_softcap=0.000000,prec=f32,type_K=f32,type_V=f32,permute=[0,1,2,3]): not supported [RD0] 
  FLASH_ATTN_EXT(hsk=72,hsv=72,nh=4,nr23=[1,1],kv=512,nb=1,mask=0,sinks=1,max_bias=0.000000,logit_softcap=0.000000,prec=f32,type_K=f16,type_V=f16,permute=[0,1,2,3]): not supported [RD0] 
  FLASH_ATTN_EXT(hsk=72,hsv=72,nh=4,nr23=[1,1],kv=512,nb=1,mask=0,sinks=1,max_bias=0.000000,logit_softcap=0.000000,prec=f32,type_K=bf16,type_V=bf16,permute=[0,1,2,3]): not supported [RD0] 
  FLASH_ATTN_EXT(hsk=72,hsv=72,nh=4,nr23=[1,1],kv=512,nb=1,mask=0,sinks=1,max_bias=0.000000,logit_softcap=0.000000,prec=f32,type_K=q8_0,type_V=q8_0,permute=[0,1,2,3]): not supported [RD0] 
  FLASH_ATTN_EXT(hsk=72,hsv=72,nh=4,nr23=[1,1],kv=512,nb=1,mask=0,sinks=1,max_bias=0.000000,logit_softcap=0.000000,prec=f32,type_K=q5_1,type_V=q5_1,permute=[0,1,2,3]): not supported [RD0] 
  FLASH_ATTN_EXT(hsk=72,hsv=72,nh=4,nr23=[1,1],kv=512,nb=1,mask=0,sinks=1,max_bias=0.000000,logit_softcap=0.000000,prec=f32,type_K=q5_0,type_V=q5_0,permute=[0,1,2,3]): not supported [RD0] 
  FLASH_ATTN_EXT(hsk=72,hsv=72,nh=4,nr23=[1,1],kv=512,nb=1,mask=0,sinks=1,max_bias=0.000000,logit_softcap=0.000000,prec=f32,type_K=q4_1,type_V=q4_1,permute=[0,1,2,3]): not supported [RD0] 
  FLASH_ATTN_EXT(hsk=72,hsv=72,nh=4,nr23=[1,1],kv=512,nb=1,mask=0,sinks=1,max_bias=0.000000,logit_softcap=0.000000,prec=f32,type_K=q4_0,type_V=q4_0,permute=[0,1,2,3]): not supported [RD0] 
  FLASH_ATTN_EXT(hsk=72,hsv=72,nh=4,nr23=[1,1],kv=512,nb=1,mask=0,sinks=1,max_bias=0.000000,logit_softcap=0.000000,prec=f32,type_K=iq4_nl,type_V=iq4_nl,permute=[0,1,2,3]): not supported [RD0] 
  FLASH_ATTN_EXT(hsk=72,hsv=72,nh=4,nr23=[1,1],kv=512,nb=3,mask=0,sinks=1,max_bias=0.000000,logit_softcap=0.000000,prec=f32,type_K=f32,type_V=f32,permute=[0,1,2,3]): not supported [RD0] 
  FLASH_ATTN_EXT(hsk=72,hsv=72,nh=4,nr23=[1,1],kv=512,nb=3,mask=0,sinks=1,max_bias=0.000000,logit_softcap=0.000000,prec=f32,type_K=f16,type_V=f16,permute=[0,1,2,3]): not supported [RD0] 
  FLASH_ATTN_EXT(hsk=72,hsv=72,nh=4,nr23=[1,1],kv=512,nb=3,mask=0,sinks=1,max_bias=0.000000,logit_softcap=0.000000,prec=f32,type_K=bf16,type_V=bf16,permute=[0,1,2,3]): not supported [RD0] 
  FLASH_ATTN_EXT(hsk=72,hsv=72,nh=4,nr23=[1,1],kv=512,nb=3,mask=0,sinks=1,max_bias=0.000000,logit_softcap=0.000000,prec=f32,type_K=q8_0,type_V=q8_0,permute=[0,1,2,3]): not supported [RD0] 
  FLASH_ATTN_EXT(hsk=72,hsv=72,nh=4,nr23=[1,1],kv=512,nb=3,mask=0,sinks=1,max_bias=0.000000,logit_softcap=0.000000,prec=f32,type_K=q5_1,type_V=q5_1,permute=[0,1,2,3]): not supported [RD0] 
  FLASH_ATTN_EXT(hsk=72,hsv=72,nh=4,nr23=[1,1],kv=512,nb=3,mask=0,sinks=1,max_bias=0.000000,logit_softcap=0.000000,prec=f32,type_K=q5_0,type_V=q5_0,permute=[0,1,2,3]): not supported [RD0] 
  FLASH_ATTN_EXT(hsk=72,hsv=72,nh=4,nr23=[1,1],kv=512,nb=3,mask=0,sinks=1,max_bias=0.000000,logit_softcap=0.000000,prec=f32,type_K=q4_1,type_V=q4_1,permute=[0,1,2,3]): not supported [RD0] 
  FLASH_ATTN_EXT(hsk=72,hsv=72,nh=4,nr23=[1,1],kv=512,nb=3,mask=0,sinks=1,max_bias=0.000000,logit_softcap=0.000000,prec=f32,type_K=q4_0,type_V=q4_0,permute=[0,1,2,3]): not supported [RD0] 
  FLASH_ATTN_EXT(hsk=72,hsv=72,nh=4,nr23=[1,1],kv=512,nb=3,mask=0,sinks=1,max_bias=0.000000,logit_softcap=0.000000,prec=f32,type_K=iq4_nl,type_V=iq4_nl,permute=[0,1,2,3]): not supported [RD0] 
  FLASH_ATTN_EXT(hsk=72,hsv=72,nh=4,nr23=[1,1],kv=512,nb=32,mask=0,sinks=1,max_bias=0.000000,logit_softcap=0.000000,prec=f32,type_K=f32,type_V=f32,permute=[0,1,2,3]): not supported [RD0] 
  FLASH_ATTN_EXT(hsk=72,hsv=72,nh=4,nr23=[1,1],kv=512,nb=32,mask=0,sinks=1,max_bias=0.000000,logit_softcap=0.000000,prec=f32,type_K=f16,type_V=f16,permute=[0,1,2,3]): not supported [RD0] 
  FLASH_ATTN_EXT(hsk=72,hsv=72,nh=4,nr23=[1,1],kv=512,nb=32,mask=0,sinks=1,max_bias=0.000000,logit_softcap=0.000000,prec=f32,type_K=bf16,type_V=bf16,permute=[0,1,2,3]): not supported [RD0] 
  FLASH_ATTN_EXT(hsk=72,hsv=72,nh=4,nr23=[1,1],kv=512,nb=32,mask=0,sinks=1,max_bias=0.000000,logit_softcap=0.000000,prec=f32,type_K=q8_0,type_V=q8_0,permute=[0,1,2,3]): not supported [RD0] 
  FLASH_ATTN_EXT(hsk=72,hsv=72,nh=4,nr23=[1,1],kv=512,nb=32,mask=0,sinks=1,max_bias=0.000000,logit_softcap=0.000000,prec=f32,type_K=q5_1,type_V=q5_1,permute=[0,1,2,3]): not supported [RD0] 
  FLASH_ATTN_EXT(hsk=72,hsv=72,nh=4,nr23=[1,1],kv=512,nb=32,mask=0,sinks=1,max_bias=0.000000,logit_softcap=0.000000,prec=f32,type_K=q5_0,type_V=q5_0,permute=[0,1,2,3]): not supported [RD0] 
  FLASH_ATTN_EXT(hsk=72,hsv=72,nh=4,nr23=[1,1],kv=512,nb=32,mask=0,sinks=1,max_bias=0.000000,logit_softcap=0.000000,prec=f32,type_K=q4_1,type_V=q4_1,permute=[0,1,2,3]): not supported [RD0] 
  FLASH_ATTN_EXT(hsk=72,hsv=72,nh=4,nr23=[1,1],kv=512,nb=32,mask=0,sinks=1,max_bias=0.000000,logit_softcap=0.000000,prec=f32,type_K=q4_0,type_V=q4_0,permute=[0,1,2,3]): not supported [RD0] 
  FLASH_ATTN_EXT(hsk=72,hsv=72,nh=4,nr23=[1,1],kv=512,nb=32,mask=0,sinks=1,max_bias=0.000000,logit_softcap=0.000000,prec=f32,type_K=iq4_nl,type_V=iq4_nl,permute=[0,1,2,3]): not supported [RD0] 
  FLASH_ATTN_EXT(hsk=72,hsv=72,nh=4,nr23=[1,1],kv=512,nb=75,mask=0,sinks=1,max_bias=0.000000,logit_softcap=0.000000,prec=f32,type_K=f32,type_V=f32,permute=[0,1,2,3]): not supported [RD0] 
  FLASH_ATTN_EXT(hsk=72,hsv=72,nh=4,nr23=[1,1],kv=512,nb=75,mask=0,sinks=1,max_bias=0.000000,logit_softcap=0.000000,prec=f32,type_K=f16,type_V=f16,permute=[0,1,2,3]): not supported [RD0] 
  FLASH_ATTN_EXT(hsk=72,hsv=72,nh=4,nr23=[1,1],kv=512,nb=75,mask=0,sinks=1,max_bias=0.000000,logit_softcap=0.000000,prec=f32,type_K=bf16,type_V=bf16,permute=[0,1,2,3]): not supported [RD0] 
  FLASH_ATTN_EXT(hsk=72,hsv=72,nh=4,nr23=[1,1],kv=512,nb=75,mask=0,sinks=1,max_bias=0.000000,logit_softcap=0.000000,prec=f32,type_K=q8_0,type_V=q8_0,permute=[0,1,2,3]): not supported [RD0] 
  FLASH_ATTN_EXT(hsk=72,hsv=72,nh=4,nr23=[1,1],kv=512,nb=75,mask=0,sinks=1,max_bias=0.000000,logit_softcap=0.000000,prec=f32,type_K=q5_1,type_V=q5_1,permute=[0,1,2,3]): not supported [RD0] 
  FLASH_ATTN_EXT(hsk=72,hsv=72,nh=4,nr23=[1,1],kv=512,nb=75,mask=0,sinks=1,max_bias=0.000000,logit_softcap=0.000000,prec=f32,type_K=q5_0,type_V=q5_0,permute=[0,1,2,3]): not supported [RD0] 
  FLASH_ATTN_EXT(hsk=72,hsv=72,nh=4,nr23=[1,1],kv=512,nb=75,mask=0,sinks=1,max_bias=0.000000,logit_softcap=0.000000,prec=f32,type_K=q4_1,type_V=q4_1,permute=[0,1,2,3]): not supported [RD0] 
  FLASH_ATTN_EXT(hsk=72,hsv=72,nh=4,nr23=[1,1],kv=512,nb=75,mask=0,sinks=1,max_bias=0.000000,logit_softcap=0.000000,prec=f32,type_K=q4_0,type_V=q4_0,permute=[0,1,2,3]): not supported [RD0] 
  FLASH_ATTN_EXT(hsk=72,hsv=72,nh=4,nr23=[1,1],kv=512,nb=75,mask=0,sinks=1,max_bias=0.000000,logit_softcap=0.000000,prec=f32,type_K=iq4_nl,type_V=iq4_nl,permute=[0,1,2,3]): not supported [RD0] 
  FLASH_ATTN_EXT(hsk=72,hsv=72,nh=4,nr23=[1,1],kv=1024,nb=1,mask=0,sinks=1,max_bias=0.000000,logit_softcap=0.000000,prec=f32,type_K=f32,type_V=f32,permute=[0,1,2,3]): not supported [RD0] 
  FLASH_ATTN_EXT(hsk=72,hsv=72,nh=4,nr23=[1,1],kv=1024,nb=1,mask=0,sinks=1,max_bias=0.000000,logit_softcap=0.000000,prec=f32,type_K=f16,type_V=f16,permute=[0,1,2,3]): not supported [RD0] 
  FLASH_ATTN_EXT(hsk=72,hsv=72,nh=4,nr23=[1,1],kv=1024,nb=1,mask=0,sinks=1,max_bias=0.000000,logit_softcap=0.000000,prec=f32,type_K=bf16,type_V=bf16,permute=[0,1,2,3]): not supported [RD0] 
  FLASH_ATTN_EXT(hsk=72,hsv=72,nh=4,nr23=[1,1],kv=1024,nb=1,mask=0,sinks=1,max_bias=0.000000,logit_softcap=0.000000,prec=f32,type_K=q8_0,type_V=q8_0,permute=[0,1,2,3]): not supported [RD0] 
  FLASH_ATTN_EXT(hsk=72,hsv=72,nh=4,nr23=[1,1],kv=1024,nb=1,mask=0,sinks=1,max_bias=0.000000,logit_softcap=0.000000,prec=f32,type_K=q5_1,type_V=q5_1,permute=[0,1,2,3]): not supported [RD0] 
  FLASH_ATTN_EXT(hsk=72,hsv=72,nh=4,nr23=[1,1],kv=1024,nb=1,mask=0,sinks=1,max_bias=0.000000,logit_softcap=0.000000,prec=f32,type_K=q5_0,type_V=q5_0,permute=[0,1,2,3]): not supported [RD0] 
  FLASH_ATTN_EXT(hsk=72,hsv=72,nh=4,nr23=[1,1],kv=1024,nb=1,mask=0,sinks=1,max_bias=0.000000,logit_softcap=0.000000,prec=f32,type_K=q4_1,type_V=q4_1,permute=[0,1,2,3]): not supported [RD0] 
  FLASH_ATTN_EXT(hsk=72,hsv=72,nh=4,nr23=[1,1],kv=1024,nb=1,mask=0,sinks=1,max_bias=0.000000,logit_softcap=0.000000,prec=f32,type_K=q4_0,type_V=q4_0,permute=[0,1,2,3]): not supported [RD0] 
  FLASH_ATTN_EXT(hsk=72,hsv=72,nh=4,nr23=[1,1],kv=1024,nb=1,mask=0,sinks=1,max_bias=0.000000,logit_softcap=0.000000,prec=f32,type_K=iq4_nl,type_V=iq4_nl,permute=[0,1,2,3]): not supported [RD0] 
  FLASH_ATTN_EXT(hsk=72,hsv=72,nh=4,nr23=[1,1],kv=1024,nb=3,mask=0,sinks=1,max_bias=0.000000,logit_softcap=0.000000,prec=f32,type_K=f32,type_V=f32,permute=[0,1,2,3]): not supported [RD0] 
  FLASH_ATTN_EXT(hsk=72,hsv=72,nh=4,nr23=[1,1],kv=1024,nb=3,mask=0,sinks=1,max_bias=0.000000,logit_softcap=0.000000,prec=f32,type_K=f16,type_V=f16,permute=[0,1,2,3]): not supported [RD0] 
  FLASH_ATTN_EXT(hsk=72,hsv=72,nh=4,nr23=[1,1],kv=1024,nb=3,mask=0,sinks=1,max_bias=0.000000,logit_softcap=0.000000,prec=f32,type_K=bf16,type_V=bf16,permute=[0,1,2,3]): not supported [RD0] 
  FLASH_ATTN_EXT(hsk=72,hsv=72,nh=4,nr23=[1,1],kv=1024,nb=3,mask=0,sinks=1,max_bias=0.000000,logit_softcap=0.000000,prec=f32,type_K=q8_0,type_V=q8_0,permute=[0,1,2,3]): not supported [RD0] 
  FLASH_ATTN_EXT(hsk=72,hsv=72,nh=4,nr23=[1,1],kv=1024,nb=3,mask=0,sinks=1,max_bias=0.000000,logit_softcap=0.000000,prec=f32,type_K=q5_1,type_V=q5_1,permute=[0,1,2,3]): not supported [RD0] 
  FLASH_ATTN_EXT(hsk=72,hsv=72,nh=4,nr23=[1,1],kv=1024,nb=3,mask=0,sinks=1,max_bias=0.000000,logit_softcap=0.000000,prec=f32,type_K=q5_0,type_V=q5_0,permute=[0,1,2,3]): not supported [RD0] 
  FLASH_ATTN_EXT(hsk=72,hsv=72,nh=4,nr23=[1,1],kv=1024,nb=3,mask=0,sinks=1,max_bias=0.000000,logit_softcap=0.000000,prec=f32,type_K=q4_1,type_V=q4_1,permute=[0,1,2,3]): not supported [RD0] 
  FLASH_ATTN_EXT(hsk=72,hsv=72,nh=4,nr23=[1,1],kv=1024,nb=3,mask=0,sinks=1,max_bias=0.000000,logit_softcap=0.000000,prec=f32,type_K=q4_0,type_V=q4_0,permute=[0,1,2,3]): not supported [RD0] 
  FLASH_ATTN_EXT(hsk=72,hsv=72,nh=4,nr23=[1,1],kv=1024,nb=3,mask=0,sinks=1,max_bias=0.000000,logit_softcap=0.000000,prec=f32,type_K=iq4_nl,type_V=iq4_nl,permute=[0,1,2,3]): not supported [RD0] 
  FLASH_ATTN_EXT(hsk=72,hsv=72,nh=4,nr23=[1,1],kv=1024,nb=32,mask=0,sinks=1,max_bias=0.000000,logit_softcap=0.000000,prec=f32,type_K=f32,type_V=f32,permute=[0,1,2,3]): not supported [RD0] 
  FLASH_ATTN_EXT(hsk=72,hsv=72,nh=4,nr23=[1,1],kv=1024,nb=32,mask=0,sinks=1,max_bias=0.000000,logit_softcap=0.000000,prec=f32,type_K=f16,type_V=f16,permute=[0,1,2,3]): not supported [RD0] 
  FLASH_ATTN_EXT(hsk=72,hsv=72,nh=4,nr23=[1,1],kv=1024,nb=32,mask=0,sinks=1,max_bias=0.000000,logit_softcap=0.000000,prec=f32,type_K=bf16,type_V=bf16,permute=[0,1,2,3]): not supported [RD0] 
  FLASH_ATTN_EXT(hsk=72,hsv=72,nh=4,nr23=[1,1],kv=1024,nb=32,mask=0,sinks=1,max_bias=0.000000,logit_softcap=0.000000,prec=f32,type_K=q8_0,type_V=q8_0,permute=[0,1,2,3]): not supported [RD0] 
  FLASH_ATTN_EXT(hsk=72,hsv=72,nh=4,nr23=[1,1],kv=1024,nb=32,mask=0,sinks=1,max_bias=0.000000,logit_softcap=0.000000,prec=f32,type_K=q5_1,type_V=q5_1,permute=[0,1,2,3]): not supported [RD0] 
  FLASH_ATTN_EXT(hsk=72,hsv=72,nh=4,nr23=[1,1],kv=1024,nb=32,mask=0,sinks=1,max_bias=0.000000,logit_softcap=0.000000,prec=f32,type_K=q5_0,type_V=q5_0,permute=[0,1,2,3]): not supported [RD0] 
  FLASH_ATTN_EXT(hsk=72,hsv=72,nh=4,nr23=[1,1],kv=1024,nb=32,mask=0,sinks=1,max_bias=0.000000,logit_softcap=0.000000,prec=f32,type_K=q4_1,type_V=q4_1,permute=[0,1,2,3]): not supported [RD0] 
  FLASH_ATTN_EXT(hsk=72,hsv=72,nh=4,nr23=[1,1],kv=1024,nb=32,mask=0,sinks=1,max_bias=0.000000,logit_softcap=0.000000,prec=f32,type_K=q4_0,type_V=q4_0,permute=[0,1,2,3]): not supported [RD0] 
  FLASH_ATTN_EXT(hsk=72,hsv=72,nh=4,nr23=[1,1],kv=1024,nb=32,mask=0,sinks=1,max_bias=0.000000,logit_softcap=0.000000,prec=f32,type_K=iq4_nl,type_V=iq4_nl,permute=[0,1,2,3]): not supported [RD0] 
  FLASH_ATTN_EXT(hsk=72,hsv=72,nh=4,nr23=[1,1],kv=1024,nb=75,mask=0,sinks=1,max_bias=0.000000,logit_softcap=0.000000,prec=f32,type_K=f32,type_V=f32,permute=[0,1,2,3]): not supported [RD0] 
  FLASH_ATTN_EXT(hsk=72,hsv=72,nh=4,nr23=[1,1],kv=1024,nb=75,mask=0,sinks=1,max_bias=0.000000,logit_softcap=0.000000,prec=f32,type_K=f16,type_V=f16,permute=[0,1,2,3]): not supported [RD0] 
  FLASH_ATTN_EXT(hsk=72,hsv=72,nh=4,nr23=[1,1],kv=1024,nb=75,mask=0,sinks=1,max_bias=0.000000,logit_softcap=0.000000,prec=f32,type_K=bf16,type_V=bf16,permute=[0,1,2,3]): not supported [RD0] 
  FLASH_ATTN_EXT(hsk=72,hsv=72,nh=4,nr23=[1,1],kv=1024,nb=75,mask=0,sinks=1,max_bias=0.000000,logit_softcap=0.000000,prec=f32,type_K=q8_0,type_V=q8_0,permute=[0,1,2,3]): not supported [RD0] 
  FLASH_ATTN_EXT(hsk=72,hsv=72,nh=4,nr23=[1,1],kv=1024,nb=75,mask=0,sinks=1,max_bias=0.000000,logit_softcap=0.000000,prec=f32,type_K=q5_1,type_V=q5_1,permute=[0,1,2,3]): not supported [RD0] 
  FLASH_ATTN_EXT(hsk=72,hsv=72,nh=4,nr23=[1,1],kv=1024,nb=75,mask=0,sinks=1,max_bias=0.000000,logit_softcap=0.000000,prec=f32,type_K=q5_0,type_V=q5_0,permute=[0,1,2,3]): not supported [RD0] 
  FLASH_ATTN_EXT(hsk=72,hsv=72,nh=4,nr23=[1,1],kv=1024,nb=75,mask=0,sinks=1,max_bias=0.000000,logit_softcap=0.000000,prec=f32,type_K=q4_1,type_V=q4_1,permute=[0,1,2,3]): not supported [RD0] 
  FLASH_ATTN_EXT(hsk=72,hsv=72,nh=4,nr23=[1,1],kv=1024,nb=75,mask=0,sinks=1,max_bias=0.000000,logit_softcap=0.000000,prec=f32,type_K=q4_0,type_V=q4_0,permute=[0,1,2,3]): not supported [RD0] 
  FLASH_ATTN_EXT(hsk=72,hsv=72,nh=4,nr23=[1,1],kv=1024,nb=75,mask=0,sinks=1,max_bias=0.000000,logit_softcap=0.000000,prec=f32,type_K=iq4_nl,type_V=iq4_nl,permute=[0,1,2,3]): not supported [RD0] 
  FLASH_ATTN_EXT(hsk=72,hsv=72,nh=4,nr23=[4,1],kv=512,nb=1,mask=0,sinks=1,max_bias=0.000000,logit_softcap=0.000000,prec=f32,type_K=f32,type_V=f32,permute=[0,1,2,3]): not supported [RD0] 
  FLASH_ATTN_EXT(hsk=72,hsv=72,nh=4,nr23=[4,1],kv=512,nb=1,mask=0,sinks=1,max_bias=0.000000,logit_softcap=0.000000,prec=f32,type_K=f16,type_V=f16,permute=[0,1,2,3]): not supported [RD0] 
  FLASH_ATTN_EXT(hsk=72,hsv=72,nh=4,nr23=[4,1],kv=512,nb=1,mask=0,sinks=1,max_bias=0.000000,logit_softcap=0.000000,prec=f32,type_K=bf16,type_V=bf16,permute=[0,1,2,3]): not supported [RD0] 
  FLASH_ATTN_EXT(hsk=72,hsv=72,nh=4,nr23=[4,1],kv=512,nb=1,mask=0,sinks=1,max_bias=0.000000,logit_softcap=0.000000,prec=f32,type_K=q8_0,type_V=q8_0,permute=[0,1,2,3]): not supported [RD0] 
  FLASH_ATTN_EXT(hsk=72,hsv=72,nh=4,nr23=[4,1],kv=512,nb=1,mask=0,sinks=1,max_bias=0.000000,logit_softcap=0.000000,prec=f32,type_K=q5_1,type_V=q5_1,permute=[0,1,2,3]): not supported [RD0] 
  FLASH_ATTN_EXT(hsk=72,hsv=72,nh=4,nr23=[4,1],kv=512,nb=1,mask=0,sinks=1,max_bias=0.000000,logit_softcap=0.000000,prec=f32,type_K=q5_0,type_V=q5_0,permute=[0,1,2,3]): not supported [RD0] 
  FLASH_ATTN_EXT(hsk=72,hsv=72,nh=4,nr23=[4,1],kv=512,nb=1,mask=0,sinks=1,max_bias=0.000000,logit_softcap=0.000000,prec=f32,type_K=q4_1,type_V=q4_1,permute=[0,1,2,3]): not supported [RD0] 
  FLASH_ATTN_EXT(hsk=72,hsv=72,nh=4,nr23=[4,1],kv=512,nb=1,mask=0,sinks=1,max_bias=0.000000,logit_softcap=0.000000,prec=f32,type_K=q4_0,type_V=q4_0,permute=[0,1,2,3]): not supported [RD0] 
  FLASH_ATTN_EXT(hsk=72,hsv=72,nh=4,nr23=[4,1],kv=512,nb=1,mask=0,sinks=1,max_bias=0.000000,logit_softcap=0.000000,prec=f32,type_K=iq4_nl,type_V=iq4_nl,permute=[0,1,2,3]): not supported [RD0] 
  FLASH_ATTN_EXT(hsk=72,hsv=72,nh=4,nr23=[4,1],kv=512,nb=3,mask=0,sinks=1,max_bias=0.000000,logit_softcap=0.000000,prec=f32,type_K=f32,type_V=f32,permute=[0,1,2,3]): not supported [RD0] 
  FLASH_ATTN_EXT(hsk=72,hsv=72,nh=4,nr23=[4,1],kv=512,nb=3,mask=0,sinks=1,max_bias=0.000000,logit_softcap=0.000000,prec=f32,type_K=f16,type_V=f16,permute=[0,1,2,3]): not supported [RD0] 
  FLASH_ATTN_EXT(hsk=72,hsv=72,nh=4,nr23=[4,1],kv=512,nb=3,mask=0,sinks=1,max_bias=0.000000,logit_softcap=0.000000,prec=f32,type_K=bf16,type_V=bf16,permute=[0,1,2,3]): not supported [RD0] 
  FLASH_ATTN_EXT(hsk=72,hsv=72,nh=4,nr23=[4,1],kv=512,nb=3,mask=0,sinks=1,max_bias=0.000000,logit_softcap=0.000000,prec=f32,type_K=q8_0,type_V=q8_0,permute=[0,1,2,3]): not supported [RD0] 
  FLASH_ATTN_EXT(hsk=72,hsv=72,nh=4,nr23=[4,1],kv=512,nb=3,mask=0,sinks=1,max_bias=0.000000,logit_softcap=0.000000,prec=f32,type_K=q5_1,type_V=q5_1,permute=[0,1,2,3]): not supported [RD0] 
  FLASH_ATTN_EXT(hsk=72,hsv=72,nh=4,nr23=[4,1],kv=512,nb=3,mask=0,sinks=1,max_bias=0.000000,logit_softcap=0.000000,prec=f32,type_K=q5_0,type_V=q5_0,permute=[0,1,2,3]): not supported [RD0] 
  FLASH_ATTN_EXT(hsk=72,hsv=72,nh=4,nr23=[4,1],kv=512,nb=3,mask=0,sinks=1,max_bias=0.000000,logit_softcap=0.000000,prec=f32,type_K=q4_1,type_V=q4_1,permute=[0,1,2,3]): not supported [RD0] 
  FLASH_ATTN_EXT(hsk=72,hsv=72,nh=4,nr23=[4,1],kv=512,nb=3,mask=0,sinks=1,max_bias=0.000000,logit_softcap=0.000000,prec=f32,type_K=q4_0,type_V=q4_0,permute=[0,1,2,3]): not supported [RD0] 
  FLASH_ATTN_EXT(hsk=72,hsv=72,nh=4,nr23=[4,1],kv=512,nb=3,mask=0,sinks=1,max_bias=0.000000,logit_softcap=0.000000,prec=f32,type_K=iq4_nl,type_V=iq4_nl,permute=[0,1,2,3]): not supported [RD0] 
  FLASH_ATTN_EXT(hsk=72,hsv=72,nh=4,nr23=[4,1],kv=512,nb=32,mask=0,sinks=1,max_bias=0.000000,logit_softcap=0.000000,prec=f32,type_K=f32,type_V=f32,permute=[0,1,2,3]): not supported [RD0] 
  FLASH_ATTN_EXT(hsk=72,hsv=72,nh=4,nr23=[4,1],kv=512,nb=32,mask=0,sinks=1,max_bias=0.000000,logit_softcap=0.000000,prec=f32,type_K=f16,type_V=f16,permute=[0,1,2,3]): not supported [RD0] 
  FLASH_ATTN_EXT(hsk=72,hsv=72,nh=4,nr23=[4,1],kv=512,nb=32,mask=0,sinks=1,max_bias=0.000000,logit_softcap=0.000000,prec=f32,type_K=bf16,type_V=bf16,permute=[0,1,2,3]): not supported [RD0] 
  FLASH_ATTN_EXT(hsk=72,hsv=72,nh=4,nr23=[4,1],kv=512,nb=32,mask=0,sinks=1,max_bias=0.000000,logit_softcap=0.000000,prec=f32,type_K=q8_0,type_V=q8_0,permute=[0,1,2,3]): not supported [RD0] 
  FLASH_ATTN_EXT(hsk=72,hsv=72,nh=4,nr23=[4,1],kv=512,nb=32,mask=0,sinks=1,max_bias=0.000000,logit_softcap=0.000000,prec=f32,type_K=q5_1,type_V=q5_1,permute=[0,1,2,3]): not supported [RD0] 
  FLASH_ATTN_EXT(hsk=72,hsv=72,nh=4,nr23=[4,1],kv=512,nb=32,mask=0,sinks=1,max_bias=0.000000,logit_softcap=0.000000,prec=f32,type_K=q5_0,type_V=q5_0,permute=[0,1,2,3]): not supported [RD0] 
  FLASH_ATTN_EXT(hsk=72,hsv=72,nh=4,nr23=[4,1],kv=512,nb=32,mask=0,sinks=1,max_bias=0.000000,logit_softcap=0.000000,prec=f32,type_K=q4_1,type_V=q4_1,permute=[0,1,2,3]): not supported [RD0] 
  FLASH_ATTN_EXT(hsk=72,hsv=72,nh=4,nr23=[4,1],kv=512,nb=32,mask=0,sinks=1,max_bias=0.000000,logit_softcap=0.000000,prec=f32,type_K=q4_0,type_V=q4_0,permute=[0,1,2,3]): not supported [RD0] 
  FLASH_ATTN_EXT(hsk=72,hsv=72,nh=4,nr23=[4,1],kv=512,nb=32,mask=0,sinks=1,max_bias=0.000000,logit_softcap=0.000000,prec=f32,type_K=iq4_nl,type_V=iq4_nl,permute=[0,1,2,3]): not supported [RD0] 
  FLASH_ATTN_EXT(hsk=72,hsv=72,nh=4,nr23=[4,1],kv=512,nb=75,mask=0,sinks=1,max_bias=0.000000,logit_softcap=0.000000,prec=f32,type_K=f32,type_V=f32,permute=[0,1,2,3]): not supported [RD0] 
  FLASH_ATTN_EXT(hsk=72,hsv=72,nh=4,nr23=[4,1],kv=512,nb=75,mask=0,sinks=1,max_bias=0.000000,logit_softcap=0.000000,prec=f32,type_K=f16,type_V=f16,permute=[0,1,2,3]): not supported [RD0] 
  FLASH_ATTN_EXT(hsk=72,hsv=72,nh=4,nr23=[4,1],kv=512,nb=75,mask=0,sinks=1,max_bias=0.000000,logit_softcap=0.000000,prec=f32,type_K=bf16,type_V=bf16,permute=[0,1,2,3]): not supported [RD0] 
  FLASH_ATTN_EXT(hsk=72,hsv=72,nh=4,nr23=[4,1],kv=512,nb=75,mask=0,sinks=1,max_bias=0.000000,logit_softcap=0.000000,prec=f32,type_K=q8_0,type_V=q8_0,permute=[0,1,2,3]): not supported [RD0] 
  FLASH_ATTN_EXT(hsk=72,hsv=72,nh=4,nr23=[4,1],kv=512,nb=75,mask=0,sinks=1,max_bias=0.000000,logit_softcap=0.000000,prec=f32,type_K=q5_1,type_V=q5_1,permute=[0,1,2,3]): not supported [RD0] 
  FLASH_ATTN_EXT(hsk=72,hsv=72,nh=4,nr23=[4,1],kv=512,nb=75,mask=0,sinks=1,max_bias=0.000000,logit_softcap=0.000000,prec=f32,type_K=q5_0,type_V=q5_0,permute=[0,1,2,3]): not supported [RD0] 
  FLASH_ATTN_EXT(hsk=72,hsv=72,nh=4,nr23=[4,1],kv=512,nb=75,mask=0,sinks=1,max_bias=0.000000,logit_softcap=0.000000,prec=f32,type_K=q4_1,type_V=q4_1,permute=[0,1,2,3]): not supported [RD0] 
  FLASH_ATTN_EXT(hsk=72,hsv=72,nh=4,nr23=[4,1],kv=512,nb=75,mask=0,sinks=1,max_bias=0.000000,logit_softcap=0.000000,prec=f32,type_K=q4_0,type_V=q4_0,permute=[0,1,2,3]): not supported [RD0] 
  FLASH_ATTN_EXT(hsk=72,hsv=72,nh=4,nr23=[4,1],kv=512,nb=75,mask=0,sinks=1,max_bias=0.000000,logit_softcap=0.000000,prec=f32,type_K=iq4_nl,type_V=iq4_nl,permute=[0,1,2,3]): not supported [RD0] 
  FLASH_ATTN_EXT(hsk=72,hsv=72,nh=4,nr23=[1,1],kv=113,nb=1,mask=0,sinks=0,max_bias=0.000000,logit_softcap=0.000000,prec=f32,type_K=f32,type_V=f32,permute=[0,1,2,3]): not supported [RD0] 
  FLASH_ATTN_EXT(hsk=72,hsv=72,nh=4,nr23=[1,1],kv=113,nb=1,mask=0,sinks=0,max_bias=0.000000,logit_softcap=0.000000,prec=f32,type_K=f16,type_V=f16,permute=[0,1,2,3]): not supported [RD0] 
  FLASH_ATTN_EXT(hsk=72,hsv=72,nh=4,nr23=[1,1],kv=113,nb=1,mask=0,sinks=0,max_bias=0.000000,logit_softcap=0.000000,prec=f32,type_K=bf16,type_V=bf16,permute=[0,1,2,3]): not supported [RD0] 
  FLASH_ATTN_EXT(hsk=72,hsv=72,nh=4,nr23=[1,1],kv=113,nb=1,mask=0,sinks=0,max_bias=0.000000,logit_softcap=0.000000,prec=f32,type_K=q8_0,type_V=q8_0,permute=[0,1,2,3]): not supported [RD0] 
  FLASH_ATTN_EXT(hsk=72,hsv=72,nh=4,nr23=[1,1],kv=113,nb=1,mask=0,sinks=0,max_bias=0.000000,logit_softcap=0.000000,prec=f32,type_K=q5_1,type_V=q5_1,permute=[0,1,2,3]): not supported [RD0] 
  FLASH_ATTN_EXT(hsk=72,hsv=72,nh=4,nr23=[1,1],kv=113,nb=1,mask=0,sinks=0,max_bias=0.000000,logit_softcap=0.000000,prec=f32,type_K=q5_0,type_V=q5_0,permute=[0,1,2,3]): not supported [RD0] 
  FLASH_ATTN_EXT(hsk=72,hsv=72,nh=4,nr23=[1,1],kv=113,nb=1,mask=0,sinks=0,max_bias=0.000000,logit_softcap=0.000000,prec=f32,type_K=q4_1,type_V=q4_1,permute=[0,1,2,3]): not supported [RD0] 
  FLASH_ATTN_EXT(hsk=72,hsv=72,nh=4,nr23=[1,1],kv=113,nb=1,mask=0,sinks=0,max_bias=0.000000,logit_softcap=0.000000,prec=f32,type_K=q4_0,type_V=q4_0,permute=[0,1,2,3]): not supported [RD0] 
  FLASH_ATTN_EXT(hsk=72,hsv=72,nh=4,nr23=[1,1],kv=113,nb=1,mask=0,sinks=0,max_bias=0.000000,logit_softcap=0.000000,prec=f32,type_K=iq4_nl,type_V=iq4_nl,permute=[0,1,2,3]): not supported [RD0] 
  FLASH_ATTN_EXT(hsk=72,hsv=72,nh=4,nr23=[1,1],kv=113,nb=3,mask=0,sinks=0,max_bias=0.000000,logit_softcap=0.000000,prec=f32,type_K=f32,type_V=f32,permute=[0,1,2,3]): not supported [RD0] 
  FLASH_ATTN_EXT(hsk=72,hsv=72,nh=4,nr23=[1,1],kv=113,nb=3,mask=0,sinks=0,max_bias=0.000000,logit_softcap=0.000000,prec=f32,type_K=f16,type_V=f16,permute=[0,1,2,3]): not supported [RD0] 
  FLASH_ATTN_EXT(hsk=72,hsv=72,nh=4,nr23=[1,1],kv=113,nb=3,mask=0,sinks=0,max_bias=0.000000,logit_softcap=0.000000,prec=f32,type_K=bf16,type_V=bf16,permute=[0,1,2,3]): not supported [RD0] 
  FLASH_ATTN_EXT(hsk=72,hsv=72,nh=4,nr23=[1,1],kv=113,nb=3,mask=0,sinks=0,max_bias=0.000000,logit_softcap=0.000000,prec=f32,type_K=q8_0,type_V=q8_0,permute=[0,1,2,3]): not supported [RD0] 
  FLASH_ATTN_EXT(hsk=72,hsv=72,nh=4,nr23=[1,1],kv=113,nb=3,mask=0,sinks=0,max_bias=0.000000,logit_softcap=0.000000,prec=f32,type_K=q5_1,type_V=q5_1,permute=[0,1,2,3]): not supported [RD0] 
  FLASH_ATTN_EXT(hsk=72,hsv=72,nh=4,nr23=[1,1],kv=113,nb=3,mask=0,sinks=0,max_bias=0.000000,logit_softcap=0.000000,prec=f32,type_K=q5_0,type_V=q5_0,permute=[0,1,2,3]): not supported [RD0] 
  FLASH_ATTN_EXT(hsk=72,hsv=72,nh=4,nr23=[1,1],kv=113,nb=3,mask=0,sinks=0,max_bias=0.000000,logit_softcap=0.000000,prec=f32,type_K=q4_1,type_V=q4_1,permute=[0,1,2,3]): not supported [RD0] 
  FLASH_ATTN_EXT(hsk=72,hsv=72,nh=4,nr23=[1,1],kv=113,nb=3,mask=0,sinks=0,max_bias=0.000000,logit_softcap=0.000000,prec=f32,type_K=q4_0,type_V=q4_0,permute=[0,1,2,3]): not supported [RD0] 
  FLASH_ATTN_EXT(hsk=72,hsv=72,nh=4,nr23=[1,1],kv=113,nb=3,mask=0,sinks=0,max_bias=0.000000,logit_softcap=0.000000,prec=f32,type_K=iq4_nl,type_V=iq4_nl,permute=[0,1,2,3]): not supported [RD0] 
  FLASH_ATTN_EXT(hsk=72,hsv=72,nh=4,nr23=[1,1],kv=113,nb=32,mask=0,sinks=0,max_bias=0.000000,logit_softcap=0.000000,prec=f32,type_K=f32,type_V=f32,permute=[0,1,2,3]): not supported [RD0] 
  FLASH_ATTN_EXT(hsk=72,hsv=72,nh=4,nr23=[1,1],kv=113,nb=32,mask=0,sinks=0,max_bias=0.000000,logit_softcap=0.000000,prec=f32,type_K=f16,type_V=f16,permute=[0,1,2,3]): not supported [RD0] 
  FLASH_ATTN_EXT(hsk=72,hsv=72,nh=4,nr23=[1,1],kv=113,nb=32,mask=0,sinks=0,max_bias=0.000000,logit_softcap=0.000000,prec=f32,type_K=bf16,type_V=bf16,permute=[0,1,2,3]): not supported [RD0] 
  FLASH_ATTN_EXT(hsk=72,hsv=72,nh=4,nr23=[1,1],kv=113,nb=32,mask=0,sinks=0,max_bias=0.000000,logit_softcap=0.000000,prec=f32,type_K=q8_0,type_V=q8_0,permute=[0,1,2,3]): not supported [RD0] 
  FLASH_ATTN_EXT(hsk=72,hsv=72,nh=4,nr23=[1,1],kv=113,nb=32,mask=0,sinks=0,max_bias=0.000000,logit_softcap=0.000000,prec=f32,type_K=q5_1,type_V=q5_1,permute=[0,1,2,3]): not supported [RD0] 
  FLASH_ATTN_EXT(hsk=72,hsv=72,nh=4,nr23=[1,1],kv=113,nb=32,mask=0,sinks=0,max_bias=0.000000,logit_softcap=0.000000,prec=f32,type_K=q5_0,type_V=q5_0,permute=[0,1,2,3]): not supported [RD0] 
  FLASH_ATTN_EXT(hsk=72,hsv=72,nh=4,nr23=[1,1],kv=113,nb=32,mask=0,sinks=0,max_bias=0.000000,logit_softcap=0.000000,prec=f32,type_K=q4_1,type_V=q4_1,permute=[0,1,2,3]): not supported [RD0] 
  FLASH_ATTN_EXT(hsk=72,hsv=72,nh=4,nr23=[1,1],kv=113,nb=32,mask=0,sinks=0,max_bias=0.000000,logit_softcap=0.000000,prec=f32,type_K=q4_0,type_V=q4_0,permute=[0,1,2,3]): not supported [RD0] 
  FLASH_ATTN_EXT(hsk=72,hsv=72,nh=4,nr23=[1,1],kv=113,nb=32,mask=0,sinks=0,max_bias=0.000000,logit_softcap=0.000000,prec=f32,type_K=iq4_nl,type_V=iq4_nl,permute=[0,1,2,3]): not supported [RD0] 
  FLASH_ATTN_EXT(hsk=72,hsv=72,nh=4,nr23=[1,1],kv=113,nb=75,mask=0,sinks=0,max_bias=0.000000,logit_softcap=0.000000,prec=f32,type_K=f32,type_V=f32,permute=[0,1,2,3]): not supported [RD0] 
  FLASH_ATTN_EXT(hsk=72,hsv=72,nh=4,nr23=[1,1],kv=113,nb=75,mask=0,sinks=0,max_bias=0.000000,logit_softcap=0.000000,prec=f32,type_K=f16,type_V=f16,permute=[0,1,2,3]): not supported [RD0] 
  FLASH_ATTN_EXT(hsk=72,hsv=72,nh=4,nr23=[1,1],kv=113,nb=75,mask=0,sinks=0,max_bias=0.000000,logit_softcap=0.000000,prec=f32,type_K=bf16,type_V=bf16,permute=[0,1,2,3]): not supported [RD0] 
  FLASH_ATTN_EXT(hsk=72,hsv=72,nh=4,nr23=[1,1],kv=113,nb=75,mask=0,sinks=0,max_bias=0.000000,logit_softcap=0.000000,prec=f32,type_K=q8_0,type_V=q8_0,permute=[0,1,2,3]): not supported [RD0] 
  FLASH_ATTN_EXT(hsk=72,hsv=72,nh=4,nr23=[1,1],kv=113,nb=75,mask=0,sinks=0,max_bias=0.000000,logit_softcap=0.000000,prec=f32,type_K=q5_1,type_V=q5_1,permute=[0,1,2,3]): not supported [RD0] 
  FLASH_ATTN_EXT(hsk=72,hsv=72,nh=4,nr23=[1,1],kv=113,nb=75,mask=0,sinks=0,max_bias=0.000000,logit_softcap=0.000000,prec=f32,type_K=q5_0,type_V=q5_0,permute=[0,1,2,3]): not supported [RD0] 
  FLASH_ATTN_EXT(hsk=72,hsv=72,nh=4,nr23=[1,1],kv=113,nb=75,mask=0,sinks=0,max_bias=0.000000,logit_softcap=0.000000,prec=f32,type_K=q4_1,type_V=q4_1,permute=[0,1,2,3]): not supported [RD0] 
  FLASH_ATTN_EXT(hsk=72,hsv=72,nh=4,nr23=[1,1],kv=113,nb=75,mask=0,sinks=0,max_bias=0.000000,logit_softcap=0.000000,prec=f32,type_K=q4_0,type_V=q4_0,permute=[0,1,2,3]): not supported [RD0] 
  FLASH_ATTN_EXT(hsk=72,hsv=72,nh=4,nr23=[1,1],kv=113,nb=75,mask=0,sinks=0,max_bias=0.000000,logit_softcap=0.000000,prec=f32,type_K=iq4_nl,type_V=iq4_nl,permute=[0,1,2,3]): not supported [RD0] 
  FLASH_ATTN_EXT(hsk=72,hsv=72,nh=4,nr23=[1,1],kv=512,nb=1,mask=0,sinks=0,max_bias=0.000000,logit_softcap=0.000000,prec=f32,type_K=f32,type_V=f32,permute=[0,1,2,3]): not supported [RD0] 
  FLASH_ATTN_EXT(hsk=72,hsv=72,nh=4,nr23=[1,1],kv=512,nb=1,mask=0,sinks=0,max_bias=0.000000,logit_softcap=0.000000,prec=f32,type_K=f16,type_V=f16,permute=[0,1,2,3]): not supported [RD0] 
  FLASH_ATTN_EXT(hsk=72,hsv=72,nh=4,nr23=[1,1],kv=512,nb=1,mask=0,sinks=0,max_bias=0.000000,logit_softcap=0.000000,prec=f32,type_K=bf16,type_V=bf16,permute=[0,1,2,3]): not supported [RD0] 
  FLASH_ATTN_EXT(hsk=72,hsv=72,nh=4,nr23=[1,1],kv=512,nb=1,mask=0,sinks=0,max_bias=0.000000,logit_softcap=0.000000,prec=f32,type_K=q8_0,type_V=q8_0,permute=[0,1,2,3]): not supported [RD0] 
  FLASH_ATTN_EXT(hsk=72,hsv=72,nh=4,nr23=[1,1],kv=512,nb=1,mask=0,sinks=0,max_bias=0.000000,logit_softcap=0.000000,prec=f32,type_K=q5_1,type_V=q5_1,permute=[0,1,2,3]): not supported [RD0] 
  FLASH_ATTN_EXT(hsk=72,hsv=72,nh=4,nr23=[1,1],kv=512,nb=1,mask=0,sinks=0,max_bias=0.000000,logit_softcap=0.000000,prec=f32,type_K=q5_0,type_V=q5_0,permute=[0,1,2,3]): not supported [RD0] 
  FLASH_ATTN_EXT(hsk=72,hsv=72,nh=4,nr23=[1,1],kv=512,nb=1,mask=0,sinks=0,max_bias=0.000000,logit_softcap=0.000000,prec=f32,type_K=q4_1,type_V=q4_1,permute=[0,1,2,3]): not supported [RD0] 
  FLASH_ATTN_EXT(hsk=72,hsv=72,nh=4,nr23=[1,1],kv=512,nb=1,mask=0,sinks=0,max_bias=0.000000,logit_softcap=0.000000,prec=f32,type_K=q4_0,type_V=q4_0,permute=[0,1,2,3]): not supported [RD0] 
  FLASH_ATTN_EXT(hsk=72,hsv=72,nh=4,nr23=[1,1],kv=512,nb=1,mask=0,sinks=0,max_bias=0.000000,logit_softcap=0.000000,prec=f32,type_K=iq4_nl,type_V=iq4_nl,permute=[0,1,2,3]): not supported [RD0] 
  FLASH_ATTN_EXT(hsk=72,hsv=72,nh=4,nr23=[1,1],kv=512,nb=3,mask=0,sinks=0,max_bias=0.000000,logit_softcap=0.000000,prec=f32,type_K=f32,type_V=f32,permute=[0,1,2,3]): not supported [RD0] 
  FLASH_ATTN_EXT(hsk=72,hsv=72,nh=4,nr23=[1,1],kv=512,nb=3,mask=0,sinks=0,max_bias=0.000000,logit_softcap=0.000000,prec=f32,type_K=f16,type_V=f16,permute=[0,1,2,3]): not supported [RD0] 
  FLASH_ATTN_EXT(hsk=72,hsv=72,nh=4,nr23=[1,1],kv=512,nb=3,mask=0,sinks=0,max_bias=0.000000,logit_softcap=0.000000,prec=f32,type_K=bf16,type_V=bf16,permute=[0,1,2,3]): not supported [RD0] 
  FLASH_ATTN_EXT(hsk=72,hsv=72,nh=4,nr23=[1,1],kv=512,nb=3,mask=0,sinks=0,max_bias=0.000000,logit_softcap=0.000000,prec=f32,type_K=q8_0,type_V=q8_0,permute=[0,1,2,3]): not supported [RD0] 
  FLASH_ATTN_EXT(hsk=72,hsv=72,nh=4,nr23=[1,1],kv=512,nb=3,mask=0,sinks=0,max_bias=0.000000,logit_softcap=0.000000,prec=f32,type_K=q5_1,type_V=q5_1,permute=[0,1,2,3]): not supported [RD0] 
  FLASH_ATTN_EXT(hsk=72,hsv=72,nh=4,nr23=[1,1],kv=512,nb=3,mask=0,sinks=0,max_bias=0.000000,logit_softcap=0.000000,prec=f32,type_K=q5_0,type_V=q5_0,permute=[0,1,2,3]): not supported [RD0] 
  FLASH_ATTN_EXT(hsk=72,hsv=72,nh=4,nr23=[1,1],kv=512,nb=3,mask=0,sinks=0,max_bias=0.000000,logit_softcap=0.000000,prec=f32,type_K=q4_1,type_V=q4_1,permute=[0,1,2,3]): not supported [RD0] 
  FLASH_ATTN_EXT(hsk=72,hsv=72,nh=4,nr23=[1,1],kv=512,nb=3,mask=0,sinks=0,max_bias=0.000000,logit_softcap=0.000000,prec=f32,type_K=q4_0,type_V=q4_0,permute=[0,1,2,3]): not supported [RD0] 
  FLASH_ATTN_EXT(hsk=72,hsv=72,nh=4,nr23=[1,1],kv=512,nb=3,mask=0,sinks=0,max_bias=0.000000,logit_softcap=0.000000,prec=f32,type_K=iq4_nl,type_V=iq4_nl,permute=[0,1,2,3]): not supported [RD0] 
  FLASH_ATTN_EXT(hsk=72,hsv=72,nh=4,nr23=[1,1],kv=512,nb=32,mask=0,sinks=0,max_bias=0.000000,logit_softcap=0.000000,prec=f32,type_K=f32,type_V=f32,permute=[0,1,2,3]): not supported [RD0] 
  FLASH_ATTN_EXT(hsk=72,hsv=72,nh=4,nr23=[1,1],kv=512,nb=32,mask=0,sinks=0,max_bias=0.000000,logit_softcap=0.000000,prec=f32,type_K=f16,type_V=f16,permute=[0,1,2,3]): not supported [RD0] 
  FLASH_ATTN_EXT(hsk=72,hsv=72,nh=4,nr23=[1,1],kv=512,nb=32,mask=0,sinks=0,max_bias=0.000000,logit_softcap=0.000000,prec=f32,type_K=bf16,type_V=bf16,permute=[0,1,2,3]): not supported [RD0] 
  FLASH_ATTN_EXT(hsk=72,hsv=72,nh=4,nr23=[1,1],kv=512,nb=32,mask=0,sinks=0,max_bias=0.000000,logit_softcap=0.000000,prec=f32,type_K=q8_0,type_V=q8_0,permute=[0,1,2,3]): not supported [RD0] 
  FLASH_ATTN_EXT(hsk=72,hsv=72,nh=4,nr23=[1,1],kv=512,nb=32,mask=0,sinks=0,max_bias=0.000000,logit_softcap=0.000000,prec=f32,type_K=q5_1,type_V=q5_1,permute=[0,1,2,3]): not supported [RD0] 
  FLASH_ATTN_EXT(hsk=72,hsv=72,nh=4,nr23=[1,1],kv=512,nb=32,mask=0,sinks=0,max_bias=0.000000,logit_softcap=0.000000,prec=f32,type_K=q5_0,type_V=q5_0,permute=[0,1,2,3]): not supported [RD0] 
  FLASH_ATTN_EXT(hsk=72,hsv=72,nh=4,nr23=[1,1],kv=512,nb=32,mask=0,sinks=0,max_bias=0.000000,logit_softcap=0.000000,prec=f32,type_K=q4_1,type_V=q4_1,permute=[0,1,2,3]): not supported [RD0] 
  FLASH_ATTN_EXT(hsk=72,hsv=72,nh=4,nr23=[1,1],kv=512,nb=32,mask=0,sinks=0,max_bias=0.000000,logit_softcap=0.000000,prec=f32,type_K=q4_0,type_V=q4_0,permute=[0,1,2,3]): not supported [RD0] 
  FLASH_ATTN_EXT(hsk=72,hsv=72,nh=4,nr23=[1,1],kv=512,nb=32,mask=0,sinks=0,max_bias=0.000000,logit_softcap=0.000000,prec=f32,type_K=iq4_nl,type_V=iq4_nl,permute=[0,1,2,3]): not supported [RD0] 
  FLASH_ATTN_EXT(hsk=72,hsv=72,nh=4,nr23=[1,1],kv=512,nb=75,mask=0,sinks=0,max_bias=0.000000,logit_softcap=0.000000,prec=f32,type_K=f32,type_V=f32,permute=[0,1,2,3]): not supported [RD0] 
  FLASH_ATTN_EXT(hsk=72,hsv=72,nh=4,nr23=[1,1],kv=512,nb=75,mask=0,sinks=0,max_bias=0.000000,logit_softcap=0.000000,prec=f32,type_K=f16,type_V=f16,permute=[0,1,2,3]): not supported [RD0] 
  FLASH_ATTN_EXT(hsk=72,hsv=72,nh=4,nr23=[1,1],kv=512,nb=75,mask=0,sinks=0,max_bias=0.000000,logit_softcap=0.000000,prec=f32,type_K=bf16,type_V=bf16,permute=[0,1,2,3]): not supported [RD0] 
  FLASH_ATTN_EXT(hsk=72,hsv=72,nh=4,nr23=[1,1],kv=512,nb=75,mask=0,sinks=0,max_bias=0.000000,logit_softcap=0.000000,prec=f32,type_K=q8_0,type_V=q8_0,permute=[0,1,2,3]): not supported [RD0] 
  FLASH_ATTN_EXT(hsk=72,hsv=72,nh=4,nr23=[1,1],kv=512,nb=75,mask=0,sinks=0,max_bias=0.000000,logit_softcap=0.000000,prec=f32,type_K=q5_1,type_V=q5_1,permute=[0,1,2,3]): not supported [RD0] 
  FLASH_ATTN_EXT(hsk=72,hsv=72,nh=4,nr23=[1,1],kv=512,nb=75,mask=0,sinks=0,max_bias=0.000000,logit_softcap=0.000000,prec=f32,type_K=q5_0,type_V=q5_0,permute=[0,1,2,3]): not supported [RD0] 
  FLASH_ATTN_EXT(hsk=72,hsv=72,nh=4,nr23=[1,1],kv=512,nb=75,mask=0,sinks=0,max_bias=0.000000,logit_softcap=0.000000,prec=f32,type_K=q4_1,type_V=q4_1,permute=[0,1,2,3]): not supported [RD0] 
  FLASH_ATTN_EXT(hsk=72,hsv=72,nh=4,nr23=[1,1],kv=512,nb=75,mask=0,sinks=0,max_bias=0.000000,logit_softcap=0.000000,prec=f32,type_K=q4_0,type_V=q4_0,permute=[0,1,2,3]): not supported [RD0] 
  FLASH_ATTN_EXT(hsk=72,hsv=72,nh=4,nr23=[1,1],kv=512,nb=75,mask=0,sinks=0,max_bias=0.000000,logit_softcap=0.000000,prec=f32,type_K=iq4_nl,type_V=iq4_nl,permute=[0,1,2,3]): not supported [RD0] 
  FLASH_ATTN_EXT(hsk=72,hsv=72,nh=4,nr23=[1,1],kv=1024,nb=1,mask=0,sinks=0,max_bias=0.000000,logit_softcap=0.000000,prec=f32,type_K=f32,type_V=f32,permute=[0,1,2,3]): not supported [RD0] 
  FLASH_ATTN_EXT(hsk=72,hsv=72,nh=4,nr23=[1,1],kv=1024,nb=1,mask=0,sinks=0,max_bias=0.000000,logit_softcap=0.000000,prec=f32,type_K=f16,type_V=f16,permute=[0,1,2,3]): not supported [RD0] 
  FLASH_ATTN_EXT(hsk=72,hsv=72,nh=4,nr23=[1,1],kv=1024,nb=1,mask=0,sinks=0,max_bias=0.000000,logit_softcap=0.000000,prec=f32,type_K=bf16,type_V=bf16,permute=[0,1,2,3]): not supported [RD0] 
  FLASH_ATTN_EXT(hsk=72,hsv=72,nh=4,nr23=[1,1],kv=1024,nb=1,mask=0,sinks=0,max_bias=0.000000,logit_softcap=0.000000,prec=f32,type_K=q8_0,type_V=q8_0,permute=[0,1,2,3]): not supported [RD0] 
  FLASH_ATTN_EXT(hsk=72,hsv=72,nh=4,nr23=[1,1],kv=1024,nb=1,mask=0,sinks=0,max_bias=0.000000,logit_softcap=0.000000,prec=f32,type_K=q5_1,type_V=q5_1,permute=[0,1,2,3]): not supported [RD0] 
  FLASH_ATTN_EXT(hsk=72,hsv=72,nh=4,nr23=[1,1],kv=1024,nb=1,mask=0,sinks=0,max_bias=0.000000,logit_softcap=0.000000,prec=f32,type_K=q5_0,type_V=q5_0,permute=[0,1,2,3]): not supported [RD0] 
  FLASH_ATTN_EXT(hsk=72,hsv=72,nh=4,nr23=[1,1],kv=1024,nb=1,mask=0,sinks=0,max_bias=0.000000,logit_softcap=0.000000,prec=f32,type_K=q4_1,type_V=q4_1,permute=[0,1,2,3]): not supported [RD0] 
  FLASH_ATTN_EXT(hsk=72,hsv=72,nh=4,nr23=[1,1],kv=1024,nb=1,mask=0,sinks=0,max_bias=0.000000,logit_softcap=0.000000,prec=f32,type_K=q4_0,type_V=q4_0,permute=[0,1,2,3]): not supported [RD0] 
  FLASH_ATTN_EXT(hsk=72,hsv=72,nh=4,nr23=[1,1],kv=1024,nb=1,mask=0,sinks=0,max_bias=0.000000,logit_softcap=0.000000,prec=f32,type_K=iq4_nl,type_V=iq4_nl,permute=[0,1,2,3]): not supported [RD0] 
  FLASH_ATTN_EXT(hsk=72,hsv=72,nh=4,nr23=[1,1],kv=1024,nb=3,mask=0,sinks=0,max_bias=0.000000,logit_softcap=0.000000,prec=f32,type_K=f32,type_V=f32,permute=[0,1,2,3]): not supported [RD0] 
  FLASH_ATTN_EXT(hsk=72,hsv=72,nh=4,nr23=[1,1],kv=1024,nb=3,mask=0,sinks=0,max_bias=0.000000,logit_softcap=0.000000,prec=f32,type_K=f16,type_V=f16,permute=[0,1,2,3]): not supported [RD0] 
  FLASH_ATTN_EXT(hsk=72,hsv=72,nh=4,nr23=[1,1],kv=1024,nb=3,mask=0,sinks=0,max_bias=0.000000,logit_softcap=0.000000,prec=f32,type_K=bf16,type_V=bf16,permute=[0,1,2,3]): not supported [RD0] 
  FLASH_ATTN_EXT(hsk=72,hsv=72,nh=4,nr23=[1,1],kv=1024,nb=3,mask=0,sinks=0,max_bias=0.000000,logit_softcap=0.000000,prec=f32,type_K=q8_0,type_V=q8_0,permute=[0,1,2,3]): not supported [RD0] 
  FLASH_ATTN_EXT(hsk=72,hsv=72,nh=4,nr23=[1,1],kv=1024,nb=3,mask=0,sinks=0,max_bias=0.000000,logit_softcap=0.000000,prec=f32,type_K=q5_1,type_V=q5_1,permute=[0,1,2,3]): not supported [RD0] 
  FLASH_ATTN_EXT(hsk=72,hsv=72,nh=4,nr23=[1,1],kv=1024,nb=3,mask=0,sinks=0,max_bias=0.000000,logit_softcap=0.000000,prec=f32,type_K=q5_0,type_V=q5_0,permute=[0,1,2,3]): not supported [RD0] 
  FLASH_ATTN_EXT(hsk=72,hsv=72,nh=4,nr23=[1,1],kv=1024,nb=3,mask=0,sinks=0,max_bias=0.000000,logit_softcap=0.000000,prec=f32,type_K=q4_1,type_V=q4_1,permute=[0,1,2,3]): not supported [RD0] 
  FLASH_ATTN_EXT(hsk=72,hsv=72,nh=4,nr23=[1,1],kv=1024,nb=3,mask=0,sinks=0,max_bias=0.000000,logit_softcap=0.000000,prec=f32,type_K=q4_0,type_V=q4_0,permute=[0,1,2,3]): not supported [RD0] 
  FLASH_ATTN_EXT(hsk=72,hsv=72,nh=4,nr23=[1,1],kv=1024,nb=3,mask=0,sinks=0,max_bias=0.000000,logit_softcap=0.000000,prec=f32,type_K=iq4_nl,type_V=iq4_nl,permute=[0,1,2,3]): not supported [RD0] 
  FLASH_ATTN_EXT(hsk=72,hsv=72,nh=4,nr23=[1,1],kv=1024,nb=32,mask=0,sinks=0,max_bias=0.000000,logit_softcap=0.000000,prec=f32,type_K=f32,type_V=f32,permute=[0,1,2,3]): not supported [RD0] 
  FLASH_ATTN_EXT(hsk=72,hsv=72,nh=4,nr23=[1,1],kv=1024,nb=32,mask=0,sinks=0,max_bias=0.000000,logit_softcap=0.000000,prec=f32,type_K=f16,type_V=f16,permute=[0,1,2,3]): not supported [RD0] 
  FLASH_ATTN_EXT(hsk=72,hsv=72,nh=4,nr23=[1,1],kv=1024,nb=32,mask=0,sinks=0,max_bias=0.000000,logit_softcap=0.000000,prec=f32,type_K=bf16,type_V=bf16,permute=[0,1,2,3]): not supported [RD0] 
  FLASH_ATTN_EXT(hsk=72,hsv=72,nh=4,nr23=[1,1],kv=1024,nb=32,mask=0,sinks=0,max_bias=0.000000,logit_softcap=0.000000,prec=f32,type_K=q8_0,type_V=q8_0,permute=[0,1,2,3]): not supported [RD0] 
  FLASH_ATTN_EXT(hsk=72,hsv=72,nh=4,nr23=[1,1],kv=1024,nb=32,mask=0,sinks=0,max_bias=0.000000,logit_softcap=0.000000,prec=f32,type_K=q5_1,type_V=q5_1,permute=[0,1,2,3]): not supported [RD0] 
  FLASH_ATTN_EXT(hsk=72,hsv=72,nh=4,nr23=[1,1],kv=1024,nb=32,mask=0,sinks=0,max_bias=0.000000,logit_softcap=0.000000,prec=f32,type_K=q5_0,type_V=q5_0,permute=[0,1,2,3]): not supported [RD0] 
  FLASH_ATTN_EXT(hsk=72,hsv=72,nh=4,nr23=[1,1],kv=1024,nb=32,mask=0,sinks=0,max_bias=0.000000,logit_softcap=0.000000,prec=f32,type_K=q4_1,type_V=q4_1,permute=[0,1,2,3]): not supported [RD0] 
  FLASH_ATTN_EXT(hsk=72,hsv=72,nh=4,nr23=[1,1],kv=1024,nb=32,mask=0,sinks=0,max_bias=0.000000,logit_softcap=0.000000,prec=f32,type_K=q4_0,type_V=q4_0,permute=[0,1,2,3]): not supported [RD0] 
  FLASH_ATTN_EXT(hsk=72,hsv=72,nh=4,nr23=[1,1],kv=1024,nb=32,mask=0,sinks=0,max_bias=0.000000,logit_softcap=0.000000,prec=f32,type_K=iq4_nl,type_V=iq4_nl,permute=[0,1,2,3]): not supported [RD0] 
  FLASH_ATTN_EXT(hsk=72,hsv=72,nh=4,nr23=[1,1],kv=1024,nb=75,mask=0,sinks=0,max_bias=0.000000,logit_softcap=0.000000,prec=f32,type_K=f32,type_V=f32,permute=[0,1,2,3]): not supported [RD0] 
  FLASH_ATTN_EXT(hsk=72,hsv=72,nh=4,nr23=[1,1],kv=1024,nb=75,mask=0,sinks=0,max_bias=0.000000,logit_softcap=0.000000,prec=f32,type_K=f16,type_V=f16,permute=[0,1,2,3]): not supported [RD0] 
  FLASH_ATTN_EXT(hsk=72,hsv=72,nh=4,nr23=[1,1],kv=1024,nb=75,mask=0,sinks=0,max_bias=0.000000,logit_softcap=0.000000,prec=f32,type_K=bf16,type_V=bf16,permute=[0,1,2,3]): not supported [RD0] 
  FLASH_ATTN_EXT(hsk=72,hsv=72,nh=4,nr23=[1,1],kv=1024,nb=75,mask=0,sinks=0,max_bias=0.000000,logit_softcap=0.000000,prec=f32,type_K=q8_0,type_V=q8_0,permute=[0,1,2,3]): not supported [RD0] 
  FLASH_ATTN_EXT(hsk=72,hsv=72,nh=4,nr23=[1,1],kv=1024,nb=75,mask=0,sinks=0,max_bias=0.000000,logit_softcap=0.000000,prec=f32,type_K=q5_1,type_V=q5_1,permute=[0,1,2,3]): not supported [RD0] 
  FLASH_ATTN_EXT(hsk=72,hsv=72,nh=4,nr23=[1,1],kv=1024,nb=75,mask=0,sinks=0,max_bias=0.000000,logit_softcap=0.000000,prec=f32,type_K=q5_0,type_V=q5_0,permute=[0,1,2,3]): not supported [RD0] 
  FLASH_ATTN_EXT(hsk=72,hsv=72,nh=4,nr23=[1,1],kv=1024,nb=75,mask=0,sinks=0,max_bias=0.000000,logit_softcap=0.000000,prec=f32,type_K=q4_1,type_V=q4_1,permute=[0,1,2,3]): not supported [RD0] 
  FLASH_ATTN_EXT(hsk=72,hsv=72,nh=4,nr23=[1,1],kv=1024,nb=75,mask=0,sinks=0,max_bias=0.000000,logit_softcap=0.000000,prec=f32,type_K=q4_0,type_V=q4_0,permute=[0,1,2,3]): not supported [RD0] 
  FLASH_ATTN_EXT(hsk=72,hsv=72,nh=4,nr23=[1,1],kv=1024,nb=75,mask=0,sinks=0,max_bias=0.000000,logit_softcap=0.000000,prec=f32,type_K=iq4_nl,type_V=iq4_nl,permute=[0,1,2,3]): not supported [RD0] 
  FLASH_ATTN_EXT(hsk=72,hsv=72,nh=4,nr23=[4,1],kv=512,nb=1,mask=0,sinks=0,max_bias=0.000000,logit_softcap=0.000000,prec=f32,type_K=f32,type_V=f32,permute=[0,1,2,3]): not supported [RD0] 
  FLASH_ATTN_EXT(hsk=72,hsv=72,nh=4,nr23=[4,1],kv=512,nb=1,mask=0,sinks=0,max_bias=0.000000,logit_softcap=0.000000,prec=f32,type_K=f16,type_V=f16,permute=[0,1,2,3]): not supported [RD0] 
  FLASH_ATTN_EXT(hsk=72,hsv=72,nh=4,nr23=[4,1],kv=512,nb=1,mask=0,sinks=0,max_bias=0.000000,logit_softcap=0.000000,prec=f32,type_K=bf16,type_V=bf16,permute=[0,1,2,3]): not supported [RD0] 
  FLASH_ATTN_EXT(hsk=72,hsv=72,nh=4,nr23=[4,1],kv=512,nb=1,mask=0,sinks=0,max_bias=0.000000,logit_softcap=0.000000,prec=f32,type_K=q8_0,type_V=q8_0,permute=[0,1,2,3]): not supported [RD0] 
  FLASH_ATTN_EXT(hsk=72,hsv=72,nh=4,nr23=[4,1],kv=512,nb=1,mask=0,sinks=0,max_bias=0.000000,logit_softcap=0.000000,prec=f32,type_K=q5_1,type_V=q5_1,permute=[0,1,2,3]): not supported [RD0] 
  FLASH_ATTN_EXT(hsk=72,hsv=72,nh=4,nr23=[4,1],kv=512,nb=1,mask=0,sinks=0,max_bias=0.000000,logit_softcap=0.000000,prec=f32,type_K=q5_0,type_V=q5_0,permute=[0,1,2,3]): not supported [RD0] 
  FLASH_ATTN_EXT(hsk=72,hsv=72,nh=4,nr23=[4,1],kv=512,nb=1,mask=0,sinks=0,max_bias=0.000000,logit_softcap=0.000000,prec=f32,type_K=q4_1,type_V=q4_1,permute=[0,1,2,3]): not supported [RD0] 
  FLASH_ATTN_EXT(hsk=72,hsv=72,nh=4,nr23=[4,1],kv=512,nb=1,mask=0,sinks=0,max_bias=0.000000,logit_softcap=0.000000,prec=f32,type_K=q4_0,type_V=q4_0,permute=[0,1,2,3]): not supported [RD0] 
  FLASH_ATTN_EXT(hsk=72,hsv=72,nh=4,nr23=[4,1],kv=512,nb=1,mask=0,sinks=0,max_bias=0.000000,logit_softcap=0.000000,prec=f32,type_K=iq4_nl,type_V=iq4_nl,permute=[0,1,2,3]): not supported [RD0] 
  FLASH_ATTN_EXT(hsk=72,hsv=72,nh=4,nr23=[4,1],kv=512,nb=3,mask=0,sinks=0,max_bias=0.000000,logit_softcap=0.000000,prec=f32,type_K=f32,type_V=f32,permute=[0,1,2,3]): not supported [RD0] 
  FLASH_ATTN_EXT(hsk=72,hsv=72,nh=4,nr23=[4,1],kv=512,nb=3,mask=0,sinks=0,max_bias=0.000000,logit_softcap=0.000000,prec=f32,type_K=f16,type_V=f16,permute=[0,1,2,3]): not supported [RD0] 
  FLASH_ATTN_EXT(hsk=72,hsv=72,nh=4,nr23=[4,1],kv=512,nb=3,mask=0,sinks=0,max_bias=0.000000,logit_softcap=0.000000,prec=f32,type_K=bf16,type_V=bf16,permute=[0,1,2,3]): not supported [RD0] 
  FLASH_ATTN_EXT(hsk=72,hsv=72,nh=4,nr23=[4,1],kv=512,nb=3,mask=0,sinks=0,max_bias=0.000000,logit_softcap=0.000000,prec=f32,type_K=q8_0,type_V=q8_0,permute=[0,1,2,3]): not supported [RD0] 
  FLASH_ATTN_EXT(hsk=72,hsv=72,nh=4,nr23=[4,1],kv=512,nb=3,mask=0,sinks=0,max_bias=0.000000,logit_softcap=0.000000,prec=f32,type_K=q5_1,type_V=q5_1,permute=[0,1,2,3]): not supported [RD0] 
  FLASH_ATTN_EXT(hsk=72,hsv=72,nh=4,nr23=[4,1],kv=512,nb=3,mask=0,sinks=0,max_bias=0.000000,logit_softcap=0.000000,prec=f32,type_K=q5_0,type_V=q5_0,permute=[0,1,2,3]): not supported [RD0] 
  FLASH_ATTN_EXT(hsk=72,hsv=72,nh=4,nr23=[4,1],kv=512,nb=3,mask=0,sinks=0,max_bias=0.000000,logit_softcap=0.000000,prec=f32,type_K=q4_1,type_V=q4_1,permute=[0,1,2,3]): not supported [RD0] 
  FLASH_ATTN_EXT(hsk=72,hsv=72,nh=4,nr23=[4,1],kv=512,nb=3,mask=0,sinks=0,max_bias=0.000000,logit_softcap=0.000000,prec=f32,type_K=q4_0,type_V=q4_0,permute=[0,1,2,3]): not supported [RD0] 
  FLASH_ATTN_EXT(hsk=72,hsv=72,nh=4,nr23=[4,1],kv=512,nb=3,mask=0,sinks=0,max_bias=0.000000,logit_softcap=0.000000,prec=f32,type_K=iq4_nl,type_V=iq4_nl,permute=[0,1,2,3]): not supported [RD0] 
  FLASH_ATTN_EXT(hsk=72,hsv=72,nh=4,nr23=[4,1],kv=512,nb=32,mask=0,sinks=0,max_bias=0.000000,logit_softcap=0.000000,prec=f32,type_K=f32,type_V=f32,permute=[0,1,2,3]): not supported [RD0] 
  FLASH_ATTN_EXT(hsk=72,hsv=72,nh=4,nr23=[4,1],kv=512,nb=32,mask=0,sinks=0,max_bias=0.000000,logit_softcap=0.000000,prec=f32,type_K=f16,type_V=f16,permute=[0,1,2,3]): not supported [RD0] 
  FLASH_ATTN_EXT(hsk=72,hsv=72,nh=4,nr23=[4,1],kv=512,nb=32,mask=0,sinks=0,max_bias=0.000000,logit_softcap=0.000000,prec=f32,type_K=bf16,type_V=bf16,permute=[0,1,2,3]): not supported [RD0] 
  FLASH_ATTN_EXT(hsk=72,hsv=72,nh=4,nr23=[4,1],kv=512,nb=32,mask=0,sinks=0,max_bias=0.000000,logit_softcap=0.000000,prec=f32,type_K=q8_0,type_V=q8_0,permute=[0,1,2,3]): not supported [RD0] 
  FLASH_ATTN_EXT(hsk=72,hsv=72,nh=4,nr23=[4,1],kv=512,nb=32,mask=0,sinks=0,max_bias=0.000000,logit_softcap=0.000000,prec=f32,type_K=q5_1,type_V=q5_1,permute=[0,1,2,3]): not supported [RD0] 
  FLASH_ATTN_EXT(hsk=72,hsv=72,nh=4,nr23=[4,1],kv=512,nb=32,mask=0,sinks=0,max_bias=0.000000,logit_softcap=0.000000,prec=f32,type_K=q5_0,type_V=q5_0,permute=[0,1,2,3]): not supported [RD0] 
  FLASH_ATTN_EXT(hsk=72,hsv=72,nh=4,nr23=[4,1],kv=512,nb=32,mask=0,sinks=0,max_bias=0.000000,logit_softcap=0.000000,prec=f32,type_K=q4_1,type_V=q4_1,permute=[0,1,2,3]): not supported [RD0] 
  FLASH_ATTN_EXT(hsk=72,hsv=72,nh=4,nr23=[4,1],kv=512,nb=32,mask=0,sinks=0,max_bias=0.000000,logit_softcap=0.000000,prec=f32,type_K=q4_0,type_V=q4_0,permute=[0,1,2,3]): not supported [RD0] 
  FLASH_ATTN_EXT(hsk=72,hsv=72,nh=4,nr23=[4,1],kv=512,nb=32,mask=0,sinks=0,max_bias=0.000000,logit_softcap=0.000000,prec=f32,type_K=iq4_nl,type_V=iq4_nl,permute=[0,1,2,3]): not supported [RD0] 
  FLASH_ATTN_EXT(hsk=72,hsv=72,nh=4,nr23=[4,1],kv=512,nb=75,mask=0,sinks=0,max_bias=0.000000,logit_softcap=0.000000,prec=f32,type_K=f32,type_V=f32,permute=[0,1,2,3]): not supported [RD0] 
  FLASH_ATTN_EXT(hsk=72,hsv=72,nh=4,nr23=[4,1],kv=512,nb=75,mask=0,sinks=0,max_bias=0.000000,logit_softcap=0.000000,prec=f32,type_K=f16,type_V=f16,permute=[0,1,2,3]): not supported [RD0] 
  FLASH_ATTN_EXT(hsk=72,hsv=72,nh=4,nr23=[4,1],kv=512,nb=75,mask=0,sinks=0,max_bias=0.000000,logit_softcap=0.000000,prec=f32,type_K=bf16,type_V=bf16,permute=[0,1,2,3]): not supported [RD0] 
  FLASH_ATTN_EXT(hsk=72,hsv=72,nh=4,nr23=[4,1],kv=512,nb=75,mask=0,sinks=0,max_bias=0.000000,logit_softcap=0.000000,prec=f32,type_K=q8_0,type_V=q8_0,permute=[0,1,2,3]): not supported [RD0] 
  FLASH_ATTN_EXT(hsk=72,hsv=72,nh=4,nr23=[4,1],kv=512,nb=75,mask=0,sinks=0,max_bias=0.000000,logit_softcap=0.000000,prec=f32,type_K=q5_1,type_V=q5_1,permute=[0,1,2,3]): not supported [RD0] 
  FLASH_ATTN_EXT(hsk=72,hsv=72,nh=4,nr23=[4,1],kv=512,nb=75,mask=0,sinks=0,max_bias=0.000000,logit_softcap=0.000000,prec=f32,type_K=q5_0,type_V=q5_0,permute=[0,1,2,3]): not supported [RD0] 
  FLASH_ATTN_EXT(hsk=72,hsv=72,nh=4,nr23=[4,1],kv=512,nb=75,mask=0,sinks=0,max_bias=0.000000,logit_softcap=0.000000,prec=f32,type_K=q4_1,type_V=q4_1,permute=[0,1,2,3]): not supported [RD0] 
  FLASH_ATTN_EXT(hsk=72,hsv=72,nh=4,nr23=[4,1],kv=512,nb=75,mask=0,sinks=0,max_bias=0.000000,logit_softcap=0.000000,prec=f32,type_K=q4_0,type_V=q4_0,permute=[0,1,2,3]): not supported [RD0] 
  FLASH_ATTN_EXT(hsk=72,hsv=72,nh=4,nr23=[4,1],kv=512,nb=75,mask=0,sinks=0,max_bias=0.000000,logit_softcap=0.000000,prec=f32,type_K=iq4_nl,type_V=iq4_nl,permute=[0,1,2,3]): not supported [RD0] 
  FLASH_ATTN_EXT(hsk=80,hsv=80,nh=4,nr23=[1,1],kv=113,nb=1,mask=1,sinks=1,max_bias=0.000000,logit_softcap=0.000000,prec=f32,type_K=f16,type_V=f16,permute=[0,1,2,3]): not supported [RD0] 
  FLASH_ATTN_EXT(hsk=80,hsv=80,nh=4,nr23=[1,1],kv=113,nb=3,mask=1,sinks=1,max_bias=0.000000,logit_softcap=0.000000,prec=f32,type_K=f16,type_V=f16,permute=[0,1,2,3]): not supported [RD0] 
  FLASH_ATTN_EXT(hsk=80,hsv=80,nh=4,nr23=[1,1],kv=113,nb=32,mask=1,sinks=1,max_bias=0.000000,logit_softcap=0.000000,prec=f32,type_K=f16,type_V=f16,permute=[0,1,2,3]): not supported [RD0] 
  FLASH_ATTN_EXT(hsk=80,hsv=80,nh=4,nr23=[1,1],kv=113,nb=75,mask=1,sinks=1,max_bias=0.000000,logit_softcap=0.000000,prec=f32,type_K=f16,type_V=f16,permute=[0,1,2,3]): not supported [RD0] 
  FLASH_ATTN_EXT(hsk=80,hsv=80,nh=4,nr23=[1,1],kv=512,nb=1,mask=1,sinks=1,max_bias=0.000000,logit_softcap=0.000000,prec=f32,type_K=f16,type_V=f16,permute=[0,1,2,3]): not supported [RD0] 
  FLASH_ATTN_EXT(hsk=80,hsv=80,nh=4,nr23=[1,1],kv=512,nb=1,mask=1,sinks=1,max_bias=0.000000,logit_softcap=0.000000,prec=f32,type_K=f16,type_V=f16,permute=[0,2,1,3]): not supported [RD0] 
  FLASH_ATTN_EXT(hsk=80,hsv=80,nh=4,nr23=[1,1],kv=512,nb=3,mask=1,sinks=1,max_bias=0.000000,logit_softcap=0.000000,prec=f32,type_K=f16,type_V=f16,permute=[0,1,2,3]): not supported [RD0] 
  FLASH_ATTN_EXT(hsk=80,hsv=80,nh=4,nr23=[1,1],kv=512,nb=3,mask=1,sinks=1,max_bias=0.000000,logit_softcap=0.000000,prec=f32,type_K=f16,type_V=f16,permute=[0,2,1,3]): not supported [RD0] 
  FLASH_ATTN_EXT(hsk=80,hsv=80,nh=4,nr23=[1,1],kv=512,nb=32,mask=1,sinks=1,max_bias=0.000000,logit_softcap=0.000000,prec=f32,type_K=f16,type_V=f16,permute=[0,1,2,3]): not supported [RD0] 
  FLASH_ATTN_EXT(hsk=80,hsv=80,nh=4,nr23=[1,1],kv=512,nb=32,mask=1,sinks=1,max_bias=0.000000,logit_softcap=0.000000,prec=f32,type_K=f16,type_V=f16,permute=[0,2,1,3]): not supported [RD0] 
  FLASH_ATTN_EXT(hsk=80,hsv=80,nh=4,nr23=[1,1],kv=512,nb=75,mask=1,sinks=1,max_bias=0.000000,logit_softcap=0.000000,prec=f32,type_K=f16,type_V=f16,permute=[0,1,2,3]): not supported [RD0] 
  FLASH_ATTN_EXT(hsk=80,hsv=80,nh=4,nr23=[1,1],kv=512,nb=75,mask=1,sinks=1,max_bias=0.000000,logit_softcap=0.000000,prec=f32,type_K=f16,type_V=f16,permute=[0,2,1,3]): not supported [RD0] 
  FLASH_ATTN_EXT(hsk=80,hsv=80,nh=4,nr23=[1,1],kv=1024,nb=1,mask=1,sinks=1,max_bias=0.000000,logit_softcap=0.000000,prec=f32,type_K=f16,type_V=f16,permute=[0,1,2,3]): not supported [RD0] 
  FLASH_ATTN_EXT(hsk=80,hsv=80,nh=4,nr23=[1,1],kv=1024,nb=3,mask=1,sinks=1,max_bias=0.000000,logit_softcap=0.000000,prec=f32,type_K=f16,type_V=f16,permute=[0,1,2,3]): not supported [RD0] 
  FLASH_ATTN_EXT(hsk=80,hsv=80,nh=4,nr23=[1,1],kv=1024,nb=32,mask=1,sinks=1,max_bias=0.000000,logit_softcap=0.000000,prec=f32,type_K=f16,type_V=f16,permute=[0,1,2,3]): not supported [RD0] 
  FLASH_ATTN_EXT(hsk=80,hsv=80,nh=4,nr23=[1,1],kv=1024,nb=75,mask=1,sinks=1,max_bias=0.000000,logit_softcap=0.000000,prec=f32,type_K=f16,type_V=f16,permute=[0,1,2,3]): not supported [RD0] 
  FLASH_ATTN_EXT(hsk=80,hsv=80,nh=4,nr23=[4,1],kv=512,nb=1,mask=1,sinks=1,max_bias=0.000000,logit_softcap=0.000000,prec=f32,type_K=f16,type_V=f16,permute=[0,1,2,3]): not supported [RD0] 
  FLASH_ATTN_EXT(hsk=80,hsv=80,nh=4,nr23=[4,1],kv=512,nb=1,mask=1,sinks=1,max_bias=0.000000,logit_softcap=0.000000,prec=f32,type_K=f16,type_V=f16,permute=[0,2,1,3]): not supported [RD0] 
  FLASH_ATTN_EXT(hsk=80,hsv=80,nh=4,nr23=[4,1],kv=512,nb=3,mask=1,sinks=1,max_bias=0.000000,logit_softcap=0.000000,prec=f32,type_K=f16,type_V=f16,permute=[0,1,2,3]): not supported [RD0] 
  FLASH_ATTN_EXT(hsk=80,hsv=80,nh=4,nr23=[4,1],kv=512,nb=3,mask=1,sinks=1,max_bias=0.000000,logit_softcap=0.000000,prec=f32,type_K=f16,type_V=f16,permute=[0,2,1,3]): not supported [RD0] 
  FLASH_ATTN_EXT(hsk=80,hsv=80,nh=4,nr23=[4,1],kv=512,nb=32,mask=1,sinks=1,max_bias=0.000000,logit_softcap=0.000000,prec=f32,type_K=f16,type_V=f16,permute=[0,1,2,3]): not supported [RD0] 
  FLASH_ATTN_EXT(hsk=80,hsv=80,nh=4,nr23=[4,1],kv=512,nb=32,mask=1,sinks=1,max_bias=0.000000,logit_softcap=0.000000,prec=f32,type_K=f16,type_V=f16,permute=[0,2,1,3]): not supported [RD0] 
  FLASH_ATTN_EXT(hsk=80,hsv=80,nh=4,nr23=[4,1],kv=512,nb=75,mask=1,sinks=1,max_bias=0.000000,logit_softcap=0.000000,prec=f32,type_K=f16,type_V=f16,permute=[0,1,2,3]): not supported [RD0] 
  FLASH_ATTN_EXT(hsk=80,hsv=80,nh=4,nr23=[4,1],kv=512,nb=75,mask=1,sinks=1,max_bias=0.000000,logit_softcap=0.000000,prec=f32,type_K=f16,type_V=f16,permute=[0,2,1,3]): not supported [RD0] 
  FLASH_ATTN_EXT(hsk=80,hsv=80,nh=4,nr23=[1,1],kv=113,nb=1,mask=1,sinks=1,max_bias=8.000000,logit_softcap=0.000000,prec=f32,type_K=f16,type_V=f16,permute=[0,1,2,3]): not supported [RD0] 
  FLASH_ATTN_EXT(hsk=80,hsv=80,nh=4,nr23=[1,1],kv=113,nb=3,mask=1,sinks=1,max_bias=8.000000,logit_softcap=0.000000,prec=f32,type_K=f16,type_V=f16,permute=[0,1,2,3]): not supported [RD0] 
  FLASH_ATTN_EXT(hsk=80,hsv=80,nh=4,nr23=[1,1],kv=113,nb=32,mask=1,sinks=1,max_bias=8.000000,logit_softcap=0.000000,prec=f32,type_K=f16,type_V=f16,permute=[0,1,2,3]): not supported [RD0] 
  FLASH_ATTN_EXT(hsk=80,hsv=80,nh=4,nr23=[1,1],kv=113,nb=75,mask=1,sinks=1,max_bias=8.000000,logit_softcap=0.000000,prec=f32,type_K=f16,type_V=f16,permute=[0,1,2,3]): not supported [RD0] 
  FLASH_ATTN_EXT(hsk=80,hsv=80,nh=4,nr23=[1,1],kv=512,nb=1,mask=1,sinks=1,max_bias=8.000000,logit_softcap=0.000000,prec=f32,type_K=f16,type_V=f16,permute=[0,1,2,3]): not supported [RD0] 
  FLASH_ATTN_EXT(hsk=80,hsv=80,nh=4,nr23=[1,1],kv=512,nb=3,mask=1,sinks=1,max_bias=8.000000,logit_softcap=0.000000,prec=f32,type_K=f16,type_V=f16,permute=[0,1,2,3]): not supported [RD0] 
  FLASH_ATTN_EXT(hsk=80,hsv=80,nh=4,nr23=[1,1],kv=512,nb=32,mask=1,sinks=1,max_bias=8.000000,logit_softcap=0.000000,prec=f32,type_K=f16,type_V=f16,permute=[0,1,2,3]): not supported [RD0] 
  FLASH_ATTN_EXT(hsk=80,hsv=80,nh=4,nr23=[1,1],kv=512,nb=75,mask=1,sinks=1,max_bias=8.000000,logit_softcap=0.000000,prec=f32,type_K=f16,type_V=f16,permute=[0,1,2,3]): not supported [RD0] 
  FLASH_ATTN_EXT(hsk=80,hsv=80,nh=4,nr23=[1,1],kv=1024,nb=1,mask=1,sinks=1,max_bias=8.000000,logit_softcap=0.000000,prec=f32,type_K=f16,type_V=f16,permute=[0,1,2,3]): not supported [RD0] 
  FLASH_ATTN_EXT(hsk=80,hsv=80,nh=4,nr23=[1,1],kv=1024,nb=3,mask=1,sinks=1,max_bias=8.000000,logit_softcap=0.000000,prec=f32,type_K=f16,type_V=f16,permute=[0,1,2,3]): not supported [RD0] 
  FLASH_ATTN_EXT(hsk=80,hsv=80,nh=4,nr23=[1,1],kv=1024,nb=32,mask=1,sinks=1,max_bias=8.000000,logit_softcap=0.000000,prec=f32,type_K=f16,type_V=f16,permute=[0,1,2,3]): not supported [RD0] 
  FLASH_ATTN_EXT(hsk=80,hsv=80,nh=4,nr23=[1,1],kv=1024,nb=75,mask=1,sinks=1,max_bias=8.000000,logit_softcap=0.000000,prec=f32,type_K=f16,type_V=f16,permute=[0,1,2,3]): not supported [RD0] 
  FLASH_ATTN_EXT(hsk=80,hsv=80,nh=4,nr23=[4,1],kv=512,nb=1,mask=1,sinks=1,max_bias=8.000000,logit_softcap=0.000000,prec=f32,type_K=f16,type_V=f16,permute=[0,1,2,3]): not supported [RD0] 
  FLASH_ATTN_EXT(hsk=80,hsv=80,nh=4,nr23=[4,1],kv=512,nb=3,mask=1,sinks=1,max_bias=8.000000,logit_softcap=0.000000,prec=f32,type_K=f16,type_V=f16,permute=[0,1,2,3]): not supported [RD0] 
  FLASH_ATTN_EXT(hsk=80,hsv=80,nh=4,nr23=[4,1],kv=512,nb=32,mask=1,sinks=1,max_bias=8.000000,logit_softcap=0.000000,prec=f32,type_K=f16,type_V=f16,permute=[0,1,2,3]): not supported [RD0] 
  FLASH_ATTN_EXT(hsk=80,hsv=80,nh=4,nr23=[4,1],kv=512,nb=75,mask=1,sinks=1,max_bias=8.000000,logit_softcap=0.000000,prec=f32,type_K=f16,type_V=f16,permute=[0,1,2,3]): not supported [RD0] 
  FLASH_ATTN_EXT(hsk=80,hsv=80,nh=4,nr23=[1,1],kv=113,nb=1,mask=1,sinks=0,max_bias=0.000000,logit_softcap=0.000000,prec=f32,type_K=f16,type_V=f16,permute=[0,1,2,3]): not supported [RD0] 
  FLASH_ATTN_EXT(hsk=80,hsv=80,nh=4,nr23=[1,1],kv=113,nb=3,mask=1,sinks=0,max_bias=0.000000,logit_softcap=0.000000,prec=f32,type_K=f16,type_V=f16,permute=[0,1,2,3]): not supported [RD0] 
  FLASH_ATTN_EXT(hsk=80,hsv=80,nh=4,nr23=[1,1],kv=113,nb=32,mask=1,sinks=0,max_bias=0.000000,logit_softcap=0.000000,prec=f32,type_K=f16,type_V=f16,permute=[0,1,2,3]): not supported [RD0] 
  FLASH_ATTN_EXT(hsk=80,hsv=80,nh=4,nr23=[1,1],kv=113,nb=75,mask=1,sinks=0,max_bias=0.000000,logit_softcap=0.000000,prec=f32,type_K=f16,type_V=f16,permute=[0,1,2,3]): not supported [RD0] 
  FLASH_ATTN_EXT(hsk=80,hsv=80,nh=4,nr23=[1,1],kv=512,nb=1,mask=1,sinks=0,max_bias=0.000000,logit_softcap=0.000000,prec=f32,type_K=f16,type_V=f16,permute=[0,1,2,3]): not supported [RD0] 
  FLASH_ATTN_EXT(hsk=80,hsv=80,nh=4,nr23=[1,1],kv=512,nb=1,mask=1,sinks=0,max_bias=0.000000,logit_softcap=0.000000,prec=f32,type_K=f16,type_V=f16,permute=[0,2,1,3]): not supported [RD0] 
  FLASH_ATTN_EXT(hsk=80,hsv=80,nh=4,nr23=[1,1],kv=512,nb=3,mask=1,sinks=0,max_bias=0.000000,logit_softcap=0.000000,prec=f32,type_K=f16,type_V=f16,permute=[0,1,2,3]): not supported [RD0] 
  FLASH_ATTN_EXT(hsk=80,hsv=80,nh=4,nr23=[1,1],kv=512,nb=3,mask=1,sinks=0,max_bias=0.000000,logit_softcap=0.000000,prec=f32,type_K=f16,type_V=f16,permute=[0,2,1,3]): not supported [RD0] 
  FLASH_ATTN_EXT(hsk=80,hsv=80,nh=4,nr23=[1,1],kv=512,nb=32,mask=1,sinks=0,max_bias=0.000000,logit_softcap=0.000000,prec=f32,type_K=f16,type_V=f16,permute=[0,1,2,3]): not supported [RD0] 
  FLASH_ATTN_EXT(hsk=80,hsv=80,nh=4,nr23=[1,1],kv=512,nb=32,mask=1,sinks=0,max_bias=0.000000,logit_softcap=0.000000,prec=f32,type_K=f16,type_V=f16,permute=[0,2,1,3]): not supported [RD0] 
  FLASH_ATTN_EXT(hsk=80,hsv=80,nh=4,nr23=[1,1],kv=512,nb=75,mask=1,sinks=0,max_bias=0.000000,logit_softcap=0.000000,prec=f32,type_K=f16,type_V=f16,permute=[0,1,2,3]): not supported [RD0] 
  FLASH_ATTN_EXT(hsk=80,hsv=80,nh=4,nr23=[1,1],kv=512,nb=75,mask=1,sinks=0,max_bias=0.000000,logit_softcap=0.000000,prec=f32,type_K=f16,type_V=f16,permute=[0,2,1,3]): not supported [RD0] 
  FLASH_ATTN_EXT(hsk=80,hsv=80,nh=4,nr23=[1,1],kv=1024,nb=1,mask=1,sinks=0,max_bias=0.000000,logit_softcap=0.000000,prec=f32,type_K=f16,type_V=f16,permute=[0,1,2,3]): not supported [RD0] 
  FLASH_ATTN_EXT(hsk=80,hsv=80,nh=4,nr23=[1,1],kv=1024,nb=3,mask=1,sinks=0,max_bias=0.000000,logit_softcap=0.000000,prec=f32,type_K=f16,type_V=f16,permute=[0,1,2,3]): not supported [RD0] 
  FLASH_ATTN_EXT(hsk=80,hsv=80,nh=4,nr23=[1,1],kv=1024,nb=32,mask=1,sinks=0,max_bias=0.000000,logit_softcap=0.000000,prec=f32,type_K=f16,type_V=f16,permute=[0,1,2,3]): not supported [RD0] 
  FLASH_ATTN_EXT(hsk=80,hsv=80,nh=4,nr23=[1,1],kv=1024,nb=75,mask=1,sinks=0,max_bias=0.000000,logit_softcap=0.000000,prec=f32,type_K=f16,type_V=f16,permute=[0,1,2,3]): not supported [RD0] 
  FLASH_ATTN_EXT(hsk=80,hsv=80,nh=4,nr23=[4,1],kv=512,nb=1,mask=1,sinks=0,max_bias=0.000000,logit_softcap=0.000000,prec=f32,type_K=f16,type_V=f16,permute=[0,1,2,3]): not supported [RD0] 
  FLASH_ATTN_EXT(hsk=80,hsv=80,nh=4,nr23=[4,1],kv=512,nb=1,mask=1,sinks=0,max_bias=0.000000,logit_softcap=0.000000,prec=f32,type_K=f16,type_V=f16,permute=[0,2,1,3]): not supported [RD0] 
  FLASH_ATTN_EXT(hsk=80,hsv=80,nh=4,nr23=[4,1],kv=512,nb=3,mask=1,sinks=0,max_bias=0.000000,logit_softcap=0.000000,prec=f32,type_K=f16,type_V=f16,permute=[0,1,2,3]): not supported [RD0] 
  FLASH_ATTN_EXT(hsk=80,hsv=80,nh=4,nr23=[4,1],kv=512,nb=3,mask=1,sinks=0,max_bias=0.000000,logit_softcap=0.000000,prec=f32,type_K=f16,type_V=f16,permute=[0,2,1,3]): not supported [RD0] 
  FLASH_ATTN_EXT(hsk=80,hsv=80,nh=4,nr23=[4,1],kv=512,nb=32,mask=1,sinks=0,max_bias=0.000000,logit_softcap=0.000000,prec=f32,type_K=f16,type_V=f16,permute=[0,1,2,3]): not supported [RD0] 
  FLASH_ATTN_EXT(hsk=80,hsv=80,nh=4,nr23=[4,1],kv=512,nb=32,mask=1,sinks=0,max_bias=0.000000,logit_softcap=0.000000,prec=f32,type_K=f16,type_V=f16,permute=[0,2,1,3]): not supported [RD0] 
  FLASH_ATTN_EXT(hsk=80,hsv=80,nh=4,nr23=[4,1],kv=512,nb=75,mask=1,sinks=0,max_bias=0.000000,logit_softcap=0.000000,prec=f32,type_K=f16,type_V=f16,permute=[0,1,2,3]): not supported [RD0] 
  FLASH_ATTN_EXT(hsk=80,hsv=80,nh=4,nr23=[4,1],kv=512,nb=75,mask=1,sinks=0,max_bias=0.000000,logit_softcap=0.000000,prec=f32,type_K=f16,type_V=f16,permute=[0,2,1,3]): not supported [RD0] 
  FLASH_ATTN_EXT(hsk=80,hsv=80,nh=4,nr23=[1,1],kv=113,nb=1,mask=1,sinks=0,max_bias=8.000000,logit_softcap=0.000000,prec=f32,type_K=f16,type_V=f16,permute=[0,1,2,3]): not supported [RD0] 
  FLASH_ATTN_EXT(hsk=80,hsv=80,nh=4,nr23=[1,1],kv=113,nb=3,mask=1,sinks=0,max_bias=8.000000,logit_softcap=0.000000,prec=f32,type_K=f16,type_V=f16,permute=[0,1,2,3]): not supported [RD0] 
  FLASH_ATTN_EXT(hsk=80,hsv=80,nh=4,nr23=[1,1],kv=113,nb=32,mask=1,sinks=0,max_bias=8.000000,logit_softcap=0.000000,prec=f32,type_K=f16,type_V=f16,permute=[0,1,2,3]): not supported [RD0] 
  FLASH_ATTN_EXT(hsk=80,hsv=80,nh=4,nr23=[1,1],kv=113,nb=75,mask=1,sinks=0,max_bias=8.000000,logit_softcap=0.000000,prec=f32,type_K=f16,type_V=f16,permute=[0,1,2,3]): not supported [RD0] 
  FLASH_ATTN_EXT(hsk=80,hsv=80,nh=4,nr23=[1,1],kv=512,nb=1,mask=1,sinks=0,max_bias=8.000000,logit_softcap=0.000000,prec=f32,type_K=f16,type_V=f16,permute=[0,1,2,3]): not supported [RD0] 
  FLASH_ATTN_EXT(hsk=80,hsv=80,nh=4,nr23=[1,1],kv=512,nb=3,mask=1,sinks=0,max_bias=8.000000,logit_softcap=0.000000,prec=f32,type_K=f16,type_V=f16,permute=[0,1,2,3]): not supported [RD0] 
  FLASH_ATTN_EXT(hsk=80,hsv=80,nh=4,nr23=[1,1],kv=512,nb=32,mask=1,sinks=0,max_bias=8.000000,logit_softcap=0.000000,prec=f32,type_K=f16,type_V=f16,permute=[0,1,2,3]): not supported [RD0] 
  FLASH_ATTN_EXT(hsk=80,hsv=80,nh=4,nr23=[1,1],kv=512,nb=75,mask=1,sinks=0,max_bias=8.000000,logit_softcap=0.000000,prec=f32,type_K=f16,type_V=f16,permute=[0,1,2,3]): not supported [RD0] 
  FLASH_ATTN_EXT(hsk=80,hsv=80,nh=4,nr23=[1,1],kv=1024,nb=1,mask=1,sinks=0,max_bias=8.000000,logit_softcap=0.000000,prec=f32,type_K=f16,type_V=f16,permute=[0,1,2,3]): not supported [RD0] 
  FLASH_ATTN_EXT(hsk=80,hsv=80,nh=4,nr23=[1,1],kv=1024,nb=3,mask=1,sinks=0,max_bias=8.000000,logit_softcap=0.000000,prec=f32,type_K=f16,type_V=f16,permute=[0,1,2,3]): not supported [RD0] 
  FLASH_ATTN_EXT(hsk=80,hsv=80,nh=4,nr23=[1,1],kv=1024,nb=32,mask=1,sinks=0,max_bias=8.000000,logit_softcap=0.000000,prec=f32,type_K=f16,type_V=f16,permute=[0,1,2,3]): not supported [RD0] 
  FLASH_ATTN_EXT(hsk=80,hsv=80,nh=4,nr23=[1,1],kv=1024,nb=75,mask=1,sinks=0,max_bias=8.000000,logit_softcap=0.000000,prec=f32,type_K=f16,type_V=f16,permute=[0,1,2,3]): not supported [RD0] 
  FLASH_ATTN_EXT(hsk=80,hsv=80,nh=4,nr23=[4,1],kv=512,nb=1,mask=1,sinks=0,max_bias=8.000000,logit_softcap=0.000000,prec=f32,type_K=f16,type_V=f16,permute=[0,1,2,3]): not supported [RD0] 
  FLASH_ATTN_EXT(hsk=80,hsv=80,nh=4,nr23=[4,1],kv=512,nb=3,mask=1,sinks=0,max_bias=8.000000,logit_softcap=0.000000,prec=f32,type_K=f16,type_V=f16,permute=[0,1,2,3]): not supported [RD0] 
  FLASH_ATTN_EXT(hsk=80,hsv=80,nh=4,nr23=[4,1],kv=512,nb=32,mask=1,sinks=0,max_bias=8.000000,logit_softcap=0.000000,prec=f32,type_K=f16,type_V=f16,permute=[0,1,2,3]): not supported [RD0] 
  FLASH_ATTN_EXT(hsk=80,hsv=80,nh=4,nr23=[4,1],kv=512,nb=75,mask=1,sinks=0,max_bias=8.000000,logit_softcap=0.000000,prec=f32,type_K=f16,type_V=f16,permute=[0,1,2,3]): not supported [RD0] 
  FLASH_ATTN_EXT(hsk=80,hsv=80,nh=4,nr23=[1,1],kv=113,nb=1,mask=0,sinks=1,max_bias=0.000000,logit_softcap=0.000000,prec=f32,type_K=f16,type_V=f16,permute=[0,1,2,3]): not supported [RD0] 
  FLASH_ATTN_EXT(hsk=80,hsv=80,nh=4,nr23=[1,1],kv=113,nb=3,mask=0,sinks=1,max_bias=0.000000,logit_softcap=0.000000,prec=f32,type_K=f16,type_V=f16,permute=[0,1,2,3]): not supported [RD0] 
  FLASH_ATTN_EXT(hsk=80,hsv=80,nh=4,nr23=[1,1],kv=113,nb=32,mask=0,sinks=1,max_bias=0.000000,logit_softcap=0.000000,prec=f32,type_K=f16,type_V=f16,permute=[0,1,2,3]): not supported [RD0] 
  FLASH_ATTN_EXT(hsk=80,hsv=80,nh=4,nr23=[1,1],kv=113,nb=75,mask=0,sinks=1,max_bias=0.000000,logit_softcap=0.000000,prec=f32,type_K=f16,type_V=f16,permute=[0,1,2,3]): not supported [RD0] 
  FLASH_ATTN_EXT(hsk=80,hsv=80,nh=4,nr23=[1,1],kv=512,nb=1,mask=0,sinks=1,max_bias=0.000000,logit_softcap=0.000000,prec=f32,type_K=f16,type_V=f16,permute=[0,1,2,3]): not supported [RD0] 
  FLASH_ATTN_EXT(hsk=80,hsv=80,nh=4,nr23=[1,1],kv=512,nb=3,mask=0,sinks=1,max_bias=0.000000,logit_softcap=0.000000,prec=f32,type_K=f16,type_V=f16,permute=[0,1,2,3]): not supported [RD0] 
  FLASH_ATTN_EXT(hsk=80,hsv=80,nh=4,nr23=[1,1],kv=512,nb=32,mask=0,sinks=1,max_bias=0.000000,logit_softcap=0.000000,prec=f32,type_K=f16,type_V=f16,permute=[0,1,2,3]): not supported [RD0] 
  FLASH_ATTN_EXT(hsk=80,hsv=80,nh=4,nr23=[1,1],kv=512,nb=75,mask=0,sinks=1,max_bias=0.000000,logit_softcap=0.000000,prec=f32,type_K=f16,type_V=f16,permute=[0,1,2,3]): not supported [RD0] 
  FLASH_ATTN_EXT(hsk=80,hsv=80,nh=4,nr23=[1,1],kv=1024,nb=1,mask=0,sinks=1,max_bias=0.000000,logit_softcap=0.000000,prec=f32,type_K=f16,type_V=f16,permute=[0,1,2,3]): not supported [RD0] 
  FLASH_ATTN_EXT(hsk=80,hsv=80,nh=4,nr23=[1,1],kv=1024,nb=3,mask=0,sinks=1,max_bias=0.000000,logit_softcap=0.000000,prec=f32,type_K=f16,type_V=f16,permute=[0,1,2,3]): not supported [RD0] 
  FLASH_ATTN_EXT(hsk=80,hsv=80,nh=4,nr23=[1,1],kv=1024,nb=32,mask=0,sinks=1,max_bias=0.000000,logit_softcap=0.000000,prec=f32,type_K=f16,type_V=f16,permute=[0,1,2,3]): not supported [RD0] 
  FLASH_ATTN_EXT(hsk=80,hsv=80,nh=4,nr23=[1,1],kv=1024,nb=75,mask=0,sinks=1,max_bias=0.000000,logit_softcap=0.000000,prec=f32,type_K=f16,type_V=f16,permute=[0,1,2,3]): not supported [RD0] 
  FLASH_ATTN_EXT(hsk=80,hsv=80,nh=4,nr23=[4,1],kv=512,nb=1,mask=0,sinks=1,max_bias=0.000000,logit_softcap=0.000000,prec=f32,type_K=f16,type_V=f16,permute=[0,1,2,3]): not supported [RD0] 
  FLASH_ATTN_EXT(hsk=80,hsv=80,nh=4,nr23=[4,1],kv=512,nb=3,mask=0,sinks=1,max_bias=0.000000,logit_softcap=0.000000,prec=f32,type_K=f16,type_V=f16,permute=[0,1,2,3]): not supported [RD0] 
  FLASH_ATTN_EXT(hsk=80,hsv=80,nh=4,nr23=[4,1],kv=512,nb=32,mask=0,sinks=1,max_bias=0.000000,logit_softcap=0.000000,prec=f32,type_K=f16,type_V=f16,permute=[0,1,2,3]): not supported [RD0] 
  FLASH_ATTN_EXT(hsk=80,hsv=80,nh=4,nr23=[4,1],kv=512,nb=75,mask=0,sinks=1,max_bias=0.000000,logit_softcap=0.000000,prec=f32,type_K=f16,type_V=f16,permute=[0,1,2,3]): not supported [RD0] 
  FLASH_ATTN_EXT(hsk=80,hsv=80,nh=4,nr23=[1,1],kv=113,nb=1,mask=0,sinks=0,max_bias=0.000000,logit_softcap=0.000000,prec=f32,type_K=f16,type_V=f16,permute=[0,1,2,3]): not supported [RD0] 
  FLASH_ATTN_EXT(hsk=80,hsv=80,nh=4,nr23=[1,1],kv=113,nb=3,mask=0,sinks=0,max_bias=0.000000,logit_softcap=0.000000,prec=f32,type_K=f16,type_V=f16,permute=[0,1,2,3]): not supported [RD0] 
  FLASH_ATTN_EXT(hsk=80,hsv=80,nh=4,nr23=[1,1],kv=113,nb=32,mask=0,sinks=0,max_bias=0.000000,logit_softcap=0.000000,prec=f32,type_K=f16,type_V=f16,permute=[0,1,2,3]): not supported [RD0] 
  FLASH_ATTN_EXT(hsk=80,hsv=80,nh=4,nr23=[1,1],kv=113,nb=75,mask=0,sinks=0,max_bias=0.000000,logit_softcap=0.000000,prec=f32,type_K=f16,type_V=f16,permute=[0,1,2,3]): not supported [RD0] 
  FLASH_ATTN_EXT(hsk=80,hsv=80,nh=4,nr23=[1,1],kv=512,nb=1,mask=0,sinks=0,max_bias=0.000000,logit_softcap=0.000000,prec=f32,type_K=f16,type_V=f16,permute=[0,1,2,3]): not supported [RD0] 
  FLASH_ATTN_EXT(hsk=80,hsv=80,nh=4,nr23=[1,1],kv=512,nb=3,mask=0,sinks=0,max_bias=0.000000,logit_softcap=0.000000,prec=f32,type_K=f16,type_V=f16,permute=[0,1,2,3]): not supported [RD0] 
  FLASH_ATTN_EXT(hsk=80,hsv=80,nh=4,nr23=[1,1],kv=512,nb=32,mask=0,sinks=0,max_bias=0.000000,logit_softcap=0.000000,prec=f32,type_K=f16,type_V=f16,permute=[0,1,2,3]): not supported [RD0] 
  FLASH_ATTN_EXT(hsk=80,hsv=80,nh=4,nr23=[1,1],kv=512,nb=75,mask=0,sinks=0,max_bias=0.000000,logit_softcap=0.000000,prec=f32,type_K=f16,type_V=f16,permute=[0,1,2,3]): not supported [RD0] 
  FLASH_ATTN_EXT(hsk=80,hsv=80,nh=4,nr23=[1,1],kv=1024,nb=1,mask=0,sinks=0,max_bias=0.000000,logit_softcap=0.000000,prec=f32,type_K=f16,type_V=f16,permute=[0,1,2,3]): not supported [RD0] 
  FLASH_ATTN_EXT(hsk=80,hsv=80,nh=4,nr23=[1,1],kv=1024,nb=3,mask=0,sinks=0,max_bias=0.000000,logit_softcap=0.000000,prec=f32,type_K=f16,type_V=f16,permute=[0,1,2,3]): not supported [RD0] 
  FLASH_ATTN_EXT(hsk=80,hsv=80,nh=4,nr23=[1,1],kv=1024,nb=32,mask=0,sinks=0,max_bias=0.000000,logit_softcap=0.000000,prec=f32,type_K=f16,type_V=f16,permute=[0,1,2,3]): not supported [RD0] 
  FLASH_ATTN_EXT(hsk=80,hsv=80,nh=4,nr23=[1,1],kv=1024,nb=75,mask=0,sinks=0,max_bias=0.000000,logit_softcap=0.000000,prec=f32,type_K=f16,type_V=f16,permute=[0,1,2,3]): not supported [RD0] 
  FLASH_ATTN_EXT(hsk=80,hsv=80,nh=4,nr23=[4,1],kv=512,nb=1,mask=0,sinks=0,max_bias=0.000000,logit_softcap=0.000000,prec=f32,type_K=f16,type_V=f16,permute=[0,1,2,3]): not supported [RD0] 
  FLASH_ATTN_EXT(hsk=80,hsv=80,nh=4,nr23=[4,1],kv=512,nb=3,mask=0,sinks=0,max_bias=0.000000,logit_softcap=0.000000,prec=f32,type_K=f16,type_V=f16,permute=[0,1,2,3]): not supported [RD0] 
  FLASH_ATTN_EXT(hsk=80,hsv=80,nh=4,nr23=[4,1],kv=512,nb=32,mask=0,sinks=0,max_bias=0.000000,logit_softcap=0.000000,prec=f32,type_K=f16,type_V=f16,permute=[0,1,2,3]): not supported [RD0] 
  FLASH_ATTN_EXT(hsk=80,hsv=80,nh=4,nr23=[4,1],kv=512,nb=75,mask=0,sinks=0,max_bias=0.000000,logit_softcap=0.000000,prec=f32,type_K=f16,type_V=f16,permute=[0,1,2,3]): not supported [RD0] 
  FLASH_ATTN_EXT(hsk=96,hsv=96,nh=4,nr23=[1,1],kv=113,nb=1,mask=1,sinks=1,max_bias=0.000000,logit_softcap=0.000000,prec=f32,type_K=f16,type_V=f16,permute=[0,1,2,3]): not supported [RD0] 
  FLASH_ATTN_EXT(hsk=96,hsv=96,nh=4,nr23=[1,1],kv=113,nb=3,mask=1,sinks=1,max_bias=0.000000,logit_softcap=0.000000,prec=f32,type_K=f16,type_V=f16,permute=[0,1,2,3]): not supported [RD0] 
  FLASH_ATTN_EXT(hsk=96,hsv=96,nh=4,nr23=[1,1],kv=113,nb=32,mask=1,sinks=1,max_bias=0.000000,logit_softcap=0.000000,prec=f32,type_K=f16,type_V=f16,permute=[0,1,2,3]): not supported [RD0] 
  FLASH_ATTN_EXT(hsk=96,hsv=96,nh=4,nr23=[1,1],kv=113,nb=75,mask=1,sinks=1,max_bias=0.000000,logit_softcap=0.000000,prec=f32,type_K=f16,type_V=f16,permute=[0,1,2,3]): not supported [RD0] 
  FLASH_ATTN_EXT(hsk=96,hsv=96,nh=4,nr23=[1,1],kv=512,nb=1,mask=1,sinks=1,max_bias=0.000000,logit_softcap=0.000000,prec=f32,type_K=f16,type_V=f16,permute=[0,1,2,3]): not supported [RD0] 
  FLASH_ATTN_EXT(hsk=96,hsv=96,nh=4,nr23=[1,1],kv=512,nb=1,mask=1,sinks=1,max_bias=0.000000,logit_softcap=0.000000,prec=f32,type_K=f16,type_V=f16,permute=[0,2,1,3]): not supported [RD0] 
  FLASH_ATTN_EXT(hsk=96,hsv=96,nh=4,nr23=[1,1],kv=512,nb=3,mask=1,sinks=1,max_bias=0.000000,logit_softcap=0.000000,prec=f32,type_K=f16,type_V=f16,permute=[0,1,2,3]): not supported [RD0] 
  FLASH_ATTN_EXT(hsk=96,hsv=96,nh=4,nr23=[1,1],kv=512,nb=3,mask=1,sinks=1,max_bias=0.000000,logit_softcap=0.000000,prec=f32,type_K=f16,type_V=f16,permute=[0,2,1,3]): not supported [RD0] 
  FLASH_ATTN_EXT(hsk=96,hsv=96,nh=4,nr23=[1,1],kv=512,nb=32,mask=1,sinks=1,max_bias=0.000000,logit_softcap=0.000000,prec=f32,type_K=f16,type_V=f16,permute=[0,1,2,3]): not supported [RD0] 
  FLASH_ATTN_EXT(hsk=96,hsv=96,nh=4,nr23=[1,1],kv=512,nb=32,mask=1,sinks=1,max_bias=0.000000,logit_softcap=0.000000,prec=f32,type_K=f16,type_V=f16,permute=[0,2,1,3]): not supported [RD0] 
  FLASH_ATTN_EXT(hsk=96,hsv=96,nh=4,nr23=[1,1],kv=512,nb=75,mask=1,sinks=1,max_bias=0.000000,logit_softcap=0.000000,prec=f32,type_K=f16,type_V=f16,permute=[0,1,2,3]): not supported [RD0] 
  FLASH_ATTN_EXT(hsk=96,hsv=96,nh=4,nr23=[1,1],kv=512,nb=75,mask=1,sinks=1,max_bias=0.000000,logit_softcap=0.000000,prec=f32,type_K=f16,type_V=f16,permute=[0,2,1,3]): not supported [RD0] 
  FLASH_ATTN_EXT(hsk=96,hsv=96,nh=4,nr23=[1,1],kv=1024,nb=1,mask=1,sinks=1,max_bias=0.000000,logit_softcap=0.000000,prec=f32,type_K=f16,type_V=f16,permute=[0,1,2,3]): not supported [RD0] 
  FLASH_ATTN_EXT(hsk=96,hsv=96,nh=4,nr23=[1,1],kv=1024,nb=3,mask=1,sinks=1,max_bias=0.000000,logit_softcap=0.000000,prec=f32,type_K=f16,type_V=f16,permute=[0,1,2,3]): not supported [RD0] 
  FLASH_ATTN_EXT(hsk=96,hsv=96,nh=4,nr23=[1,1],kv=1024,nb=32,mask=1,sinks=1,max_bias=0.000000,logit_softcap=0.000000,prec=f32,type_K=f16,type_V=f16,permute=[0,1,2,3]): not supported [RD0] 
  FLASH_ATTN_EXT(hsk=96,hsv=96,nh=4,nr23=[1,1],kv=1024,nb=75,mask=1,sinks=1,max_bias=0.000000,logit_softcap=0.000000,prec=f32,type_K=f16,type_V=f16,permute=[0,1,2,3]): not supported [RD0] 
  FLASH_ATTN_EXT(hsk=96,hsv=96,nh=4,nr23=[4,1],kv=512,nb=1,mask=1,sinks=1,max_bias=0.000000,logit_softcap=0.000000,prec=f32,type_K=f16,type_V=f16,permute=[0,1,2,3]): not supported [RD0] 
  FLASH_ATTN_EXT(hsk=96,hsv=96,nh=4,nr23=[4,1],kv=512,nb=1,mask=1,sinks=1,max_bias=0.000000,logit_softcap=0.000000,prec=f32,type_K=f16,type_V=f16,permute=[0,2,1,3]): not supported [RD0] 
  FLASH_ATTN_EXT(hsk=96,hsv=96,nh=4,nr23=[4,1],kv=512,nb=3,mask=1,sinks=1,max_bias=0.000000,logit_softcap=0.000000,prec=f32,type_K=f16,type_V=f16,permute=[0,1,2,3]): not supported [RD0] 
  FLASH_ATTN_EXT(hsk=96,hsv=96,nh=4,nr23=[4,1],kv=512,nb=3,mask=1,sinks=1,max_bias=0.000000,logit_softcap=0.000000,prec=f32,type_K=f16,type_V=f16,permute=[0,2,1,3]): not supported [RD0] 
  FLASH_ATTN_EXT(hsk=96,hsv=96,nh=4,nr23=[4,1],kv=512,nb=32,mask=1,sinks=1,max_bias=0.000000,logit_softcap=0.000000,prec=f32,type_K=f16,type_V=f16,permute=[0,1,2,3]): not supported [RD0] 
  FLASH_ATTN_EXT(hsk=96,hsv=96,nh=4,nr23=[4,1],kv=512,nb=32,mask=1,sinks=1,max_bias=0.000000,logit_softcap=0.000000,prec=f32,type_K=f16,type_V=f16,permute=[0,2,1,3]): not supported [RD0] 
  FLASH_ATTN_EXT(hsk=96,hsv=96,nh=4,nr23=[4,1],kv=512,nb=75,mask=1,sinks=1,max_bias=0.000000,logit_softcap=0.000000,prec=f32,type_K=f16,type_V=f16,permute=[0,1,2,3]): not supported [RD0] 
  FLASH_ATTN_EXT(hsk=96,hsv=96,nh=4,nr23=[4,1],kv=512,nb=75,mask=1,sinks=1,max_bias=0.000000,logit_softcap=0.000000,prec=f32,type_K=f16,type_V=f16,permute=[0,2,1,3]): not supported [RD0] 
  FLASH_ATTN_EXT(hsk=96,hsv=96,nh=4,nr23=[1,1],kv=113,nb=1,mask=1,sinks=1,max_bias=8.000000,logit_softcap=0.000000,prec=f32,type_K=f16,type_V=f16,permute=[0,1,2,3]): not supported [RD0] 
  FLASH_ATTN_EXT(hsk=96,hsv=96,nh=4,nr23=[1,1],kv=113,nb=3,mask=1,sinks=1,max_bias=8.000000,logit_softcap=0.000000,prec=f32,type_K=f16,type_V=f16,permute=[0,1,2,3]): not supported [RD0] 
  FLASH_ATTN_EXT(hsk=96,hsv=96,nh=4,nr23=[1,1],kv=113,nb=32,mask=1,sinks=1,max_bias=8.000000,logit_softcap=0.000000,prec=f32,type_K=f16,type_V=f16,permute=[0,1,2,3]): not supported [RD0] 
  FLASH_ATTN_EXT(hsk=96,hsv=96,nh=4,nr23=[1,1],kv=113,nb=75,mask=1,sinks=1,max_bias=8.000000,logit_softcap=0.000000,prec=f32,type_K=f16,type_V=f16,permute=[0,1,2,3]): not supported [RD0] 
  FLASH_ATTN_EXT(hsk=96,hsv=96,nh=4,nr23=[1,1],kv=512,nb=1,mask=1,sinks=1,max_bias=8.000000,logit_softcap=0.000000,prec=f32,type_K=f16,type_V=f16,permute=[0,1,2,3]): not supported [RD0] 
  FLASH_ATTN_EXT(hsk=96,hsv=96,nh=4,nr23=[1,1],kv=512,nb=3,mask=1,sinks=1,max_bias=8.000000,logit_softcap=0.000000,prec=f32,type_K=f16,type_V=f16,permute=[0,1,2,3]): not supported [RD0] 
  FLASH_ATTN_EXT(hsk=96,hsv=96,nh=4,nr23=[1,1],kv=512,nb=32,mask=1,sinks=1,max_bias=8.000000,logit_softcap=0.000000,prec=f32,type_K=f16,type_V=f16,permute=[0,1,2,3]): not supported [RD0] 
  FLASH_ATTN_EXT(hsk=96,hsv=96,nh=4,nr23=[1,1],kv=512,nb=75,mask=1,sinks=1,max_bias=8.000000,logit_softcap=0.000000,prec=f32,type_K=f16,type_V=f16,permute=[0,1,2,3]): not supported [RD0] 
  FLASH_ATTN_EXT(hsk=96,hsv=96,nh=4,nr23=[1,1],kv=1024,nb=1,mask=1,sinks=1,max_bias=8.000000,logit_softcap=0.000000,prec=f32,type_K=f16,type_V=f16,permute=[0,1,2,3]): not supported [RD0] 
  FLASH_ATTN_EXT(hsk=96,hsv=96,nh=4,nr23=[1,1],kv=1024,nb=3,mask=1,sinks=1,max_bias=8.000000,logit_softcap=0.000000,prec=f32,type_K=f16,type_V=f16,permute=[0,1,2,3]): not supported [RD0] 
  FLASH_ATTN_EXT(hsk=96,hsv=96,nh=4,nr23=[1,1],kv=1024,nb=32,mask=1,sinks=1,max_bias=8.000000,logit_softcap=0.000000,prec=f32,type_K=f16,type_V=f16,permute=[0,1,2,3]): not supported [RD0] 
  FLASH_ATTN_EXT(hsk=96,hsv=96,nh=4,nr23=[1,1],kv=1024,nb=75,mask=1,sinks=1,max_bias=8.000000,logit_softcap=0.000000,prec=f32,type_K=f16,type_V=f16,permute=[0,1,2,3]): not supported [RD0] 
  FLASH_ATTN_EXT(hsk=96,hsv=96,nh=4,nr23=[4,1],kv=512,nb=1,mask=1,sinks=1,max_bias=8.000000,logit_softcap=0.000000,prec=f32,type_K=f16,type_V=f16,permute=[0,1,2,3]): not supported [RD0] 
  FLASH_ATTN_EXT(hsk=96,hsv=96,nh=4,nr23=[4,1],kv=512,nb=3,mask=1,sinks=1,max_bias=8.000000,logit_softcap=0.000000,prec=f32,type_K=f16,type_V=f16,permute=[0,1,2,3]): not supported [RD0] 
  FLASH_ATTN_EXT(hsk=96,hsv=96,nh=4,nr23=[4,1],kv=512,nb=32,mask=1,sinks=1,max_bias=8.000000,logit_softcap=0.000000,prec=f32,type_K=f16,type_V=f16,permute=[0,1,2,3]): not supported [RD0] 
  FLASH_ATTN_EXT(hsk=96,hsv=96,nh=4,nr23=[4,1],kv=512,nb=75,mask=1,sinks=1,max_bias=8.000000,logit_softcap=0.000000,prec=f32,type_K=f16,type_V=f16,permute=[0,1,2,3]): not supported [RD0] 
  FLASH_ATTN_EXT(hsk=96,hsv=96,nh=4,nr23=[1,1],kv=113,nb=1,mask=1,sinks=0,max_bias=0.000000,logit_softcap=0.000000,prec=f32,type_K=f16,type_V=f16,permute=[0,1,2,3]): not supported [RD0] 
  FLASH_ATTN_EXT(hsk=96,hsv=96,nh=4,nr23=[1,1],kv=113,nb=3,mask=1,sinks=0,max_bias=0.000000,logit_softcap=0.000000,prec=f32,type_K=f16,type_V=f16,permute=[0,1,2,3]): not supported [RD0] 
  FLASH_ATTN_EXT(hsk=96,hsv=96,nh=4,nr23=[1,1],kv=113,nb=32,mask=1,sinks=0,max_bias=0.000000,logit_softcap=0.000000,prec=f32,type_K=f16,type_V=f16,permute=[0,1,2,3]): not supported [RD0] 
  FLASH_ATTN_EXT(hsk=96,hsv=96,nh=4,nr23=[1,1],kv=113,nb=75,mask=1,sinks=0,max_bias=0.000000,logit_softcap=0.000000,prec=f32,type_K=f16,type_V=f16,permute=[0,1,2,3]): not supported [RD0] 
  FLASH_ATTN_EXT(hsk=96,hsv=96,nh=4,nr23=[1,1],kv=512,nb=1,mask=1,sinks=0,max_bias=0.000000,logit_softcap=0.000000,prec=f32,type_K=f16,type_V=f16,permute=[0,1,2,3]): not supported [RD0] 
  FLASH_ATTN_EXT(hsk=96,hsv=96,nh=4,nr23=[1,1],kv=512,nb=1,mask=1,sinks=0,max_bias=0.000000,logit_softcap=0.000000,prec=f32,type_K=f16,type_V=f16,permute=[0,2,1,3]): not supported [RD0] 
  FLASH_ATTN_EXT(hsk=96,hsv=96,nh=4,nr23=[1,1],kv=512,nb=3,mask=1,sinks=0,max_bias=0.000000,logit_softcap=0.000000,prec=f32,type_K=f16,type_V=f16,permute=[0,1,2,3]): not supported [RD0] 
  FLASH_ATTN_EXT(hsk=96,hsv=96,nh=4,nr23=[1,1],kv=512,nb=3,mask=1,sinks=0,max_bias=0.000000,logit_softcap=0.000000,prec=f32,type_K=f16,type_V=f16,permute=[0,2,1,3]): not supported [RD0] 
  FLASH_ATTN_EXT(hsk=96,hsv=96,nh=4,nr23=[1,1],kv=512,nb=32,mask=1,sinks=0,max_bias=0.000000,logit_softcap=0.000000,prec=f32,type_K=f16,type_V=f16,permute=[0,1,2,3]): not supported [RD0] 
  FLASH_ATTN_EXT(hsk=96,hsv=96,nh=4,nr23=[1,1],kv=512,nb=32,mask=1,sinks=0,max_bias=0.000000,logit_softcap=0.000000,prec=f32,type_K=f16,type_V=f16,permute=[0,2,1,3]): not supported [RD0] 
  FLASH_ATTN_EXT(hsk=96,hsv=96,nh=4,nr23=[1,1],kv=512,nb=75,mask=1,sinks=0,max_bias=0.000000,logit_softcap=0.000000,prec=f32,type_K=f16,type_V=f16,permute=[0,1,2,3]): not supported [RD0] 
  FLASH_ATTN_EXT(hsk=96,hsv=96,nh=4,nr23=[1,1],kv=512,nb=75,mask=1,sinks=0,max_bias=0.000000,logit_softcap=0.000000,prec=f32,type_K=f16,type_V=f16,permute=[0,2,1,3]): not supported [RD0] 
  FLASH_ATTN_EXT(hsk=96,hsv=96,nh=4,nr23=[1,1],kv=1024,nb=1,mask=1,sinks=0,max_bias=0.000000,logit_softcap=0.000000,prec=f32,type_K=f16,type_V=f16,permute=[0,1,2,3]): not supported [RD0] 
  FLASH_ATTN_EXT(hsk=96,hsv=96,nh=4,nr23=[1,1],kv=1024,nb=3,mask=1,sinks=0,max_bias=0.000000,logit_softcap=0.000000,prec=f32,type_K=f16,type_V=f16,permute=[0,1,2,3]): not supported [RD0] 
  FLASH_ATTN_EXT(hsk=96,hsv=96,nh=4,nr23=[1,1],kv=1024,nb=32,mask=1,sinks=0,max_bias=0.000000,logit_softcap=0.000000,prec=f32,type_K=f16,type_V=f16,permute=[0,1,2,3]): not supported [RD0] 
  FLASH_ATTN_EXT(hsk=96,hsv=96,nh=4,nr23=[1,1],kv=1024,nb=75,mask=1,sinks=0,max_bias=0.000000,logit_softcap=0.000000,prec=f32,type_K=f16,type_V=f16,permute=[0,1,2,3]): not supported [RD0] 
  FLASH_ATTN_EXT(hsk=96,hsv=96,nh=4,nr23=[4,1],kv=512,nb=1,mask=1,sinks=0,max_bias=0.000000,logit_softcap=0.000000,prec=f32,type_K=f16,type_V=f16,permute=[0,1,2,3]): not supported [RD0] 
  FLASH_ATTN_EXT(hsk=96,hsv=96,nh=4,nr23=[4,1],kv=512,nb=1,mask=1,sinks=0,max_bias=0.000000,logit_softcap=0.000000,prec=f32,type_K=f16,type_V=f16,permute=[0,2,1,3]): not supported [RD0] 
  FLASH_ATTN_EXT(hsk=96,hsv=96,nh=4,nr23=[4,1],kv=512,nb=3,mask=1,sinks=0,max_bias=0.000000,logit_softcap=0.000000,prec=f32,type_K=f16,type_V=f16,permute=[0,1,2,3]): not supported [RD0] 
  FLASH_ATTN_EXT(hsk=96,hsv=96,nh=4,nr23=[4,1],kv=512,nb=3,mask=1,sinks=0,max_bias=0.000000,logit_softcap=0.000000,prec=f32,type_K=f16,type_V=f16,permute=[0,2,1,3]): not supported [RD0] 
  FLASH_ATTN_EXT(hsk=96,hsv=96,nh=4,nr23=[4,1],kv=512,nb=32,mask=1,sinks=0,max_bias=0.000000,logit_softcap=0.000000,prec=f32,type_K=f16,type_V=f16,permute=[0,1,2,3]): not supported [RD0] 
  FLASH_ATTN_EXT(hsk=96,hsv=96,nh=4,nr23=[4,1],kv=512,nb=32,mask=1,sinks=0,max_bias=0.000000,logit_softcap=0.000000,prec=f32,type_K=f16,type_V=f16,permute=[0,2,1,3]): not supported [RD0] 
  FLASH_ATTN_EXT(hsk=96,hsv=96,nh=4,nr23=[4,1],kv=512,nb=75,mask=1,sinks=0,max_bias=0.000000,logit_softcap=0.000000,prec=f32,type_K=f16,type_V=f16,permute=[0,1,2,3]): not supported [RD0] 
  FLASH_ATTN_EXT(hsk=96,hsv=96,nh=4,nr23=[4,1],kv=512,nb=75,mask=1,sinks=0,max_bias=0.000000,logit_softcap=0.000000,prec=f32,type_K=f16,type_V=f16,permute=[0,2,1,3]): not supported [RD0] 
  FLASH_ATTN_EXT(hsk=96,hsv=96,nh=4,nr23=[1,1],kv=113,nb=1,mask=1,sinks=0,max_bias=8.000000,logit_softcap=0.000000,prec=f32,type_K=f16,type_V=f16,permute=[0,1,2,3]): not supported [RD0] 
  FLASH_ATTN_EXT(hsk=96,hsv=96,nh=4,nr23=[1,1],kv=113,nb=3,mask=1,sinks=0,max_bias=8.000000,logit_softcap=0.000000,prec=f32,type_K=f16,type_V=f16,permute=[0,1,2,3]): not supported [RD0] 
  FLASH_ATTN_EXT(hsk=96,hsv=96,nh=4,nr23=[1,1],kv=113,nb=32,mask=1,sinks=0,max_bias=8.000000,logit_softcap=0.000000,prec=f32,type_K=f16,type_V=f16,permute=[0,1,2,3]): not supported [RD0] 
  FLASH_ATTN_EXT(hsk=96,hsv=96,nh=4,nr23=[1,1],kv=113,nb=75,mask=1,sinks=0,max_bias=8.000000,logit_softcap=0.000000,prec=f32,type_K=f16,type_V=f16,permute=[0,1,2,3]): not supported [RD0] 
  FLASH_ATTN_EXT(hsk=96,hsv=96,nh=4,nr23=[1,1],kv=512,nb=1,mask=1,sinks=0,max_bias=8.000000,logit_softcap=0.000000,prec=f32,type_K=f16,type_V=f16,permute=[0,1,2,3]): not supported [RD0] 
  FLASH_ATTN_EXT(hsk=96,hsv=96,nh=4,nr23=[1,1],kv=512,nb=3,mask=1,sinks=0,max_bias=8.000000,logit_softcap=0.000000,prec=f32,type_K=f16,type_V=f16,permute=[0,1,2,3]): not supported [RD0] 
  FLASH_ATTN_EXT(hsk=96,hsv=96,nh=4,nr23=[1,1],kv=512,nb=32,mask=1,sinks=0,max_bias=8.000000,logit_softcap=0.000000,prec=f32,type_K=f16,type_V=f16,permute=[0,1,2,3]): not supported [RD0] 
  FLASH_ATTN_EXT(hsk=96,hsv=96,nh=4,nr23=[1,1],kv=512,nb=75,mask=1,sinks=0,max_bias=8.000000,logit_softcap=0.000000,prec=f32,type_K=f16,type_V=f16,permute=[0,1,2,3]): not supported [RD0] 
  FLASH_ATTN_EXT(hsk=96,hsv=96,nh=4,nr23=[1,1],kv=1024,nb=1,mask=1,sinks=0,max_bias=8.000000,logit_softcap=0.000000,prec=f32,type_K=f16,type_V=f16,permute=[0,1,2,3]): not supported [RD0] 
  FLASH_ATTN_EXT(hsk=96,hsv=96,nh=4,nr23=[1,1],kv=1024,nb=3,mask=1,sinks=0,max_bias=8.000000,logit_softcap=0.000000,prec=f32,type_K=f16,type_V=f16,permute=[0,1,2,3]): not supported [RD0] 
  FLASH_ATTN_EXT(hsk=96,hsv=96,nh=4,nr23=[1,1],kv=1024,nb=32,mask=1,sinks=0,max_bias=8.000000,logit_softcap=0.000000,prec=f32,type_K=f16,type_V=f16,permute=[0,1,2,3]): not supported [RD0] 
  FLASH_ATTN_EXT(hsk=96,hsv=96,nh=4,nr23=[1,1],kv=1024,nb=75,mask=1,sinks=0,max_bias=8.000000,logit_softcap=0.000000,prec=f32,type_K=f16,type_V=f16,permute=[0,1,2,3]): not supported [RD0] 
  FLASH_ATTN_EXT(hsk=96,hsv=96,nh=4,nr23=[4,1],kv=512,nb=1,mask=1,sinks=0,max_bias=8.000000,logit_softcap=0.000000,prec=f32,type_K=f16,type_V=f16,permute=[0,1,2,3]): not supported [RD0] 
  FLASH_ATTN_EXT(hsk=96,hsv=96,nh=4,nr23=[4,1],kv=512,nb=3,mask=1,sinks=0,max_bias=8.000000,logit_softcap=0.000000,prec=f32,type_K=f16,type_V=f16,permute=[0,1,2,3]): not supported [RD0] 
  FLASH_ATTN_EXT(hsk=96,hsv=96,nh=4,nr23=[4,1],kv=512,nb=32,mask=1,sinks=0,max_bias=8.000000,logit_softcap=0.000000,prec=f32,type_K=f16,type_V=f16,permute=[0,1,2,3]): not supported [RD0] 
  FLASH_ATTN_EXT(hsk=96,hsv=96,nh=4,nr23=[4,1],kv=512,nb=75,mask=1,sinks=0,max_bias=8.000000,logit_softcap=0.000000,prec=f32,type_K=f16,type_V=f16,permute=[0,1,2,3]): not supported [RD0] 
  FLASH_ATTN_EXT(hsk=96,hsv=96,nh=4,nr23=[1,1],kv=113,nb=1,mask=0,sinks=1,max_bias=0.000000,logit_softcap=0.000000,prec=f32,type_K=f16,type_V=f16,permute=[0,1,2,3]): not supported [RD0] 
  FLASH_ATTN_EXT(hsk=96,hsv=96,nh=4,nr23=[1,1],kv=113,nb=3,mask=0,sinks=1,max_bias=0.000000,logit_softcap=0.000000,prec=f32,type_K=f16,type_V=f16,permute=[0,1,2,3]): not supported [RD0] 
  FLASH_ATTN_EXT(hsk=96,hsv=96,nh=4,nr23=[1,1],kv=113,nb=32,mask=0,sinks=1,max_bias=0.000000,logit_softcap=0.000000,prec=f32,type_K=f16,type_V=f16,permute=[0,1,2,3]): not supported [RD0] 
  FLASH_ATTN_EXT(hsk=96,hsv=96,nh=4,nr23=[1,1],kv=113,nb=75,mask=0,sinks=1,max_bias=0.000000,logit_softcap=0.000000,prec=f32,type_K=f16,type_V=f16,permute=[0,1,2,3]): not supported [RD0] 
  FLASH_ATTN_EXT(hsk=96,hsv=96,nh=4,nr23=[1,1],kv=512,nb=1,mask=0,sinks=1,max_bias=0.000000,logit_softcap=0.000000,prec=f32,type_K=f16,type_V=f16,permute=[0,1,2,3]): not supported [RD0] 
  FLASH_ATTN_EXT(hsk=96,hsv=96,nh=4,nr23=[1,1],kv=512,nb=3,mask=0,sinks=1,max_bias=0.000000,logit_softcap=0.000000,prec=f32,type_K=f16,type_V=f16,permute=[0,1,2,3]): not supported [RD0] 
  FLASH_ATTN_EXT(hsk=96,hsv=96,nh=4,nr23=[1,1],kv=512,nb=32,mask=0,sinks=1,max_bias=0.000000,logit_softcap=0.000000,prec=f32,type_K=f16,type_V=f16,permute=[0,1,2,3]): not supported [RD0] 
  FLASH_ATTN_EXT(hsk=96,hsv=96,nh=4,nr23=[1,1],kv=512,nb=75,mask=0,sinks=1,max_bias=0.000000,logit_softcap=0.000000,prec=f32,type_K=f16,type_V=f16,permute=[0,1,2,3]): not supported [RD0] 
  FLASH_ATTN_EXT(hsk=96,hsv=96,nh=4,nr23=[1,1],kv=1024,nb=1,mask=0,sinks=1,max_bias=0.000000,logit_softcap=0.000000,prec=f32,type_K=f16,type_V=f16,permute=[0,1,2,3]): not supported [RD0] 
  FLASH_ATTN_EXT(hsk=96,hsv=96,nh=4,nr23=[1,1],kv=1024,nb=3,mask=0,sinks=1,max_bias=0.000000,logit_softcap=0.000000,prec=f32,type_K=f16,type_V=f16,permute=[0,1,2,3]): not supported [RD0] 
  FLASH_ATTN_EXT(hsk=96,hsv=96,nh=4,nr23=[1,1],kv=1024,nb=32,mask=0,sinks=1,max_bias=0.000000,logit_softcap=0.000000,prec=f32,type_K=f16,type_V=f16,permute=[0,1,2,3]): not supported [RD0] 
  FLASH_ATTN_EXT(hsk=96,hsv=96,nh=4,nr23=[1,1],kv=1024,nb=75,mask=0,sinks=1,max_bias=0.000000,logit_softcap=0.000000,prec=f32,type_K=f16,type_V=f16,permute=[0,1,2,3]): not supported [RD0] 
  FLASH_ATTN_EXT(hsk=96,hsv=96,nh=4,nr23=[4,1],kv=512,nb=1,mask=0,sinks=1,max_bias=0.000000,logit_softcap=0.000000,prec=f32,type_K=f16,type_V=f16,permute=[0,1,2,3]): not supported [RD0] 
  FLASH_ATTN_EXT(hsk=96,hsv=96,nh=4,nr23=[4,1],kv=512,nb=3,mask=0,sinks=1,max_bias=0.000000,logit_softcap=0.000000,prec=f32,type_K=f16,type_V=f16,permute=[0,1,2,3]): not supported [RD0] 
  FLASH_ATTN_EXT(hsk=96,hsv=96,nh=4,nr23=[4,1],kv=512,nb=32,mask=0,sinks=1,max_bias=0.000000,logit_softcap=0.000000,prec=f32,type_K=f16,type_V=f16,permute=[0,1,2,3]): not supported [RD0] 
  FLASH_ATTN_EXT(hsk=96,hsv=96,nh=4,nr23=[4,1],kv=512,nb=75,mask=0,sinks=1,max_bias=0.000000,logit_softcap=0.000000,prec=f32,type_K=f16,type_V=f16,permute=[0,1,2,3]): not supported [RD0] 
  FLASH_ATTN_EXT(hsk=96,hsv=96,nh=4,nr23=[1,1],kv=113,nb=1,mask=0,sinks=0,max_bias=0.000000,logit_softcap=0.000000,prec=f32,type_K=f16,type_V=f16,permute=[0,1,2,3]): not supported [RD0] 
  FLASH_ATTN_EXT(hsk=96,hsv=96,nh=4,nr23=[1,1],kv=113,nb=3,mask=0,sinks=0,max_bias=0.000000,logit_softcap=0.000000,prec=f32,type_K=f16,type_V=f16,permute=[0,1,2,3]): not supported [RD0] 
  FLASH_ATTN_EXT(hsk=96,hsv=96,nh=4,nr23=[1,1],kv=113,nb=32,mask=0,sinks=0,max_bias=0.000000,logit_softcap=0.000000,prec=f32,type_K=f16,type_V=f16,permute=[0,1,2,3]): not supported [RD0] 
  FLASH_ATTN_EXT(hsk=96,hsv=96,nh=4,nr23=[1,1],kv=113,nb=75,mask=0,sinks=0,max_bias=0.000000,logit_softcap=0.000000,prec=f32,type_K=f16,type_V=f16,permute=[0,1,2,3]): not supported [RD0] 
  FLASH_ATTN_EXT(hsk=96,hsv=96,nh=4,nr23=[1,1],kv=512,nb=1,mask=0,sinks=0,max_bias=0.000000,logit_softcap=0.000000,prec=f32,type_K=f16,type_V=f16,permute=[0,1,2,3]): not supported [RD0] 
  FLASH_ATTN_EXT(hsk=96,hsv=96,nh=4,nr23=[1,1],kv=512,nb=3,mask=0,sinks=0,max_bias=0.000000,logit_softcap=0.000000,prec=f32,type_K=f16,type_V=f16,permute=[0,1,2,3]): not supported [RD0] 
  FLASH_ATTN_EXT(hsk=96,hsv=96,nh=4,nr23=[1,1],kv=512,nb=32,mask=0,sinks=0,max_bias=0.000000,logit_softcap=0.000000,prec=f32,type_K=f16,type_V=f16,permute=[0,1,2,3]): not supported [RD0] 
  FLASH_ATTN_EXT(hsk=96,hsv=96,nh=4,nr23=[1,1],kv=512,nb=75,mask=0,sinks=0,max_bias=0.000000,logit_softcap=0.000000,prec=f32,type_K=f16,type_V=f16,permute=[0,1,2,3]): not supported [RD0] 
  FLASH_ATTN_EXT(hsk=96,hsv=96,nh=4,nr23=[1,1],kv=1024,nb=1,mask=0,sinks=0,max_bias=0.000000,logit_softcap=0.000000,prec=f32,type_K=f16,type_V=f16,permute=[0,1,2,3]): not supported [RD0] 
  FLASH_ATTN_EXT(hsk=96,hsv=96,nh=4,nr23=[1,1],kv=1024,nb=3,mask=0,sinks=0,max_bias=0.000000,logit_softcap=0.000000,prec=f32,type_K=f16,type_V=f16,permute=[0,1,2,3]): not supported [RD0] 
  FLASH_ATTN_EXT(hsk=96,hsv=96,nh=4,nr23=[1,1],kv=1024,nb=32,mask=0,sinks=0,max_bias=0.000000,logit_softcap=0.000000,prec=f32,type_K=f16,type_V=f16,permute=[0,1,2,3]): not supported [RD0] 
  FLASH_ATTN_EXT(hsk=96,hsv=96,nh=4,nr23=[1,1],kv=1024,nb=75,mask=0,sinks=0,max_bias=0.000000,logit_softcap=0.000000,prec=f32,type_K=f16,type_V=f16,permute=[0,1,2,3]): not supported [RD0] 
  FLASH_ATTN_EXT(hsk=96,hsv=96,nh=4,nr23=[4,1],kv=512,nb=1,mask=0,sinks=0,max_bias=0.000000,logit_softcap=0.000000,prec=f32,type_K=f16,type_V=f16,permute=[0,1,2,3]): not supported [RD0] 
  FLASH_ATTN_EXT(hsk=96,hsv=96,nh=4,nr23=[4,1],kv=512,nb=3,mask=0,sinks=0,max_bias=0.000000,logit_softcap=0.000000,prec=f32,type_K=f16,type_V=f16,permute=[0,1,2,3]): not supported [RD0] 
  FLASH_ATTN_EXT(hsk=96,hsv=96,nh=4,nr23=[4,1],kv=512,nb=32,mask=0,sinks=0,max_bias=0.000000,logit_softcap=0.000000,prec=f32,type_K=f16,type_V=f16,permute=[0,1,2,3]): not supported [RD0] 
  FLASH_ATTN_EXT(hsk=96,hsv=96,nh=4,nr23=[4,1],kv=512,nb=75,mask=0,sinks=0,max_bias=0.000000,logit_softcap=0.000000,prec=f32,type_K=f16,type_V=f16,permute=[0,1,2,3]): not supported [RD0] 
  FLASH_ATTN_EXT(hsk=128,hsv=128,nh=4,nr23=[1,1],kv=113,nb=1,mask=1,sinks=1,max_bias=0.000000,logit_softcap=0.000000,prec=f32,type_K=f16,type_V=f16,permute=[0,1,2,3]): not supported [RD0] 
  FLASH_ATTN_EXT(hsk=128,hsv=128,nh=4,nr23=[1,1],kv=113,nb=1,mask=1,sinks=1,max_bias=0.000000,logit_softcap=0.000000,prec=def,type_K=f16,type_V=f16,permute=[0,1,2,3]): not supported [RD0] 
  FLASH_ATTN_EXT(hsk=128,hsv=128,nh=4,nr23=[1,1],kv=113,nb=3,mask=1,sinks=1,max_bias=0.000000,logit_softcap=0.000000,prec=f32,type_K=f16,type_V=f16,permute=[0,1,2,3]): not supported [RD0] 
  FLASH_ATTN_EXT(hsk=128,hsv=128,nh=4,nr23=[1,1],kv=113,nb=3,mask=1,sinks=1,max_bias=0.000000,logit_softcap=0.000000,prec=def,type_K=f16,type_V=f16,permute=[0,1,2,3]): not supported [RD0] 
  FLASH_ATTN_EXT(hsk=128,hsv=128,nh=4,nr23=[1,1],kv=113,nb=32,mask=1,sinks=1,max_bias=0.000000,logit_softcap=0.000000,prec=f32,type_K=f16,type_V=f16,permute=[0,1,2,3]): not supported [RD0] 
  FLASH_ATTN_EXT(hsk=128,hsv=128,nh=4,nr23=[1,1],kv=113,nb=32,mask=1,sinks=1,max_bias=0.000000,logit_softcap=0.000000,prec=def,type_K=f16,type_V=f16,permute=[0,1,2,3]): not supported [RD0] 
  FLASH_ATTN_EXT(hsk=128,hsv=128,nh=4,nr23=[1,1],kv=113,nb=75,mask=1,sinks=1,max_bias=0.000000,logit_softcap=0.000000,prec=f32,type_K=f16,type_V=f16,permute=[0,1,2,3]): not supported [RD0] 
  FLASH_ATTN_EXT(hsk=128,hsv=128,nh=4,nr23=[1,1],kv=113,nb=75,mask=1,sinks=1,max_bias=0.000000,logit_softcap=0.000000,prec=def,type_K=f16,type_V=f16,permute=[0,1,2,3]): not supported [RD0] 
  FLASH_ATTN_EXT(hsk=128,hsv=128,nh=4,nr23=[1,1],kv=512,nb=1,mask=1,sinks=1,max_bias=0.000000,logit_softcap=0.000000,prec=f32,type_K=f16,type_V=f16,permute=[0,1,2,3]): not supported [RD0] 
  FLASH_ATTN_EXT(hsk=128,hsv=128,nh=4,nr23=[1,1],kv=512,nb=1,mask=1,sinks=1,max_bias=0.000000,logit_softcap=0.000000,prec=f32,type_K=f16,type_V=f16,permute=[0,2,1,3]): not supported [RD0] 
  FLASH_ATTN_EXT(hsk=128,hsv=128,nh=4,nr23=[1,1],kv=512,nb=1,mask=1,sinks=1,max_bias=0.000000,logit_softcap=0.000000,prec=def,type_K=f16,type_V=f16,permute=[0,1,2,3]): not supported [RD0] 
  FLASH_ATTN_EXT(hsk=128,hsv=128,nh=4,nr23=[1,1],kv=512,nb=1,mask=1,sinks=1,max_bias=0.000000,logit_softcap=0.000000,prec=def,type_K=f16,type_V=f16,permute=[0,2,1,3]): not supported [RD0] 
  FLASH_ATTN_EXT(hsk=128,hsv=128,nh=4,nr23=[1,1],kv=512,nb=3,mask=1,sinks=1,max_bias=0.000000,logit_softcap=0.000000,prec=f32,type_K=f16,type_V=f16,permute=[0,1,2,3]): not supported [RD0] 
  FLASH_ATTN_EXT(hsk=128,hsv=128,nh=4,nr23=[1,1],kv=512,nb=3,mask=1,sinks=1,max_bias=0.000000,logit_softcap=0.000000,prec=f32,type_K=f16,type_V=f16,permute=[0,2,1,3]): not supported [RD0] 
  FLASH_ATTN_EXT(hsk=128,hsv=128,nh=4,nr23=[1,1],kv=512,nb=3,mask=1,sinks=1,max_bias=0.000000,logit_softcap=0.000000,prec=def,type_K=f16,type_V=f16,permute=[0,1,2,3]): not supported [RD0] 
  FLASH_ATTN_EXT(hsk=128,hsv=128,nh=4,nr23=[1,1],kv=512,nb=3,mask=1,sinks=1,max_bias=0.000000,logit_softcap=0.000000,prec=def,type_K=f16,type_V=f16,permute=[0,2,1,3]): not supported [RD0] 
  FLASH_ATTN_EXT(hsk=128,hsv=128,nh=4,nr23=[1,1],kv=512,nb=32,mask=1,sinks=1,max_bias=0.000000,logit_softcap=0.000000,prec=f32,type_K=f16,type_V=f16,permute=[0,1,2,3]): not supported [RD0] 
  FLASH_ATTN_EXT(hsk=128,hsv=128,nh=4,nr23=[1,1],kv=512,nb=32,mask=1,sinks=1,max_bias=0.000000,logit_softcap=0.000000,prec=f32,type_K=f16,type_V=f16,permute=[0,2,1,3]): not supported [RD0] 
  FLASH_ATTN_EXT(hsk=128,hsv=128,nh=4,nr23=[1,1],kv=512,nb=32,mask=1,sinks=1,max_bias=0.000000,logit_softcap=0.000000,prec=def,type_K=f16,type_V=f16,permute=[0,1,2,3]): not supported [RD0] 
  FLASH_ATTN_EXT(hsk=128,hsv=128,nh=4,nr23=[1,1],kv=512,nb=32,mask=1,sinks=1,max_bias=0.000000,logit_softcap=0.000000,prec=def,type_K=f16,type_V=f16,permute=[0,2,1,3]): not supported [RD0] 
  FLASH_ATTN_EXT(hsk=128,hsv=128,nh=4,nr23=[1,1],kv=512,nb=75,mask=1,sinks=1,max_bias=0.000000,logit_softcap=0.000000,prec=f32,type_K=f16,type_V=f16,permute=[0,1,2,3]): not supported [RD0] 
  FLASH_ATTN_EXT(hsk=128,hsv=128,nh=4,nr23=[1,1],kv=512,nb=75,mask=1,sinks=1,max_bias=0.000000,logit_softcap=0.000000,prec=f32,type_K=f16,type_V=f16,permute=[0,2,1,3]): not supported [RD0] 
  FLASH_ATTN_EXT(hsk=128,hsv=128,nh=4,nr23=[1,1],kv=512,nb=75,mask=1,sinks=1,max_bias=0.000000,logit_softcap=0.000000,prec=def,type_K=f16,type_V=f16,permute=[0,1,2,3]): not supported [RD0] 
  FLASH_ATTN_EXT(hsk=128,hsv=128,nh=4,nr23=[1,1],kv=512,nb=75,mask=1,sinks=1,max_bias=0.000000,logit_softcap=0.000000,prec=def,type_K=f16,type_V=f16,permute=[0,2,1,3]): not supported [RD0] 
  FLASH_ATTN_EXT(hsk=128,hsv=128,nh=4,nr23=[1,1],kv=1024,nb=1,mask=1,sinks=1,max_bias=0.000000,logit_softcap=0.000000,prec=f32,type_K=f16,type_V=f16,permute=[0,1,2,3]): not supported [RD0] 
  FLASH_ATTN_EXT(hsk=128,hsv=128,nh=4,nr23=[1,1],kv=1024,nb=1,mask=1,sinks=1,max_bias=0.000000,logit_softcap=0.000000,prec=def,type_K=f16,type_V=f16,permute=[0,1,2,3]): not supported [RD0] 
  FLASH_ATTN_EXT(hsk=128,hsv=128,nh=4,nr23=[1,1],kv=1024,nb=3,mask=1,sinks=1,max_bias=0.000000,logit_softcap=0.000000,prec=f32,type_K=f16,type_V=f16,permute=[0,1,2,3]): not supported [RD0] 
  FLASH_ATTN_EXT(hsk=128,hsv=128,nh=4,nr23=[1,1],kv=1024,nb=3,mask=1,sinks=1,max_bias=0.000000,logit_softcap=0.000000,prec=def,type_K=f16,type_V=f16,permute=[0,1,2,3]): not supported [RD0] 
  FLASH_ATTN_EXT(hsk=128,hsv=128,nh=4,nr23=[1,1],kv=1024,nb=32,mask=1,sinks=1,max_bias=0.000000,logit_softcap=0.000000,prec=f32,type_K=f16,type_V=f16,permute=[0,1,2,3]): not supported [RD0] 
  FLASH_ATTN_EXT(hsk=128,hsv=128,nh=4,nr23=[1,1],kv=1024,nb=32,mask=1,sinks=1,max_bias=0.000000,logit_softcap=0.000000,prec=def,type_K=f16,type_V=f16,permute=[0,1,2,3]): not supported [RD0] 
  FLASH_ATTN_EXT(hsk=128,hsv=128,nh=4,nr23=[1,1],kv=1024,nb=75,mask=1,sinks=1,max_bias=0.000000,logit_softcap=0.000000,prec=f32,type_K=f16,type_V=f16,permute=[0,1,2,3]): not supported [RD0] 
  FLASH_ATTN_EXT(hsk=128,hsv=128,nh=4,nr23=[1,1],kv=1024,nb=75,mask=1,sinks=1,max_bias=0.000000,logit_softcap=0.000000,prec=def,type_K=f16,type_V=f16,permute=[0,1,2,3]): not supported [RD0] 
  FLASH_ATTN_EXT(hsk=128,hsv=128,nh=4,nr23=[4,1],kv=512,nb=1,mask=1,sinks=1,max_bias=0.000000,logit_softcap=0.000000,prec=f32,type_K=f16,type_V=f16,permute=[0,1,2,3]): not supported [RD0] 
  FLASH_ATTN_EXT(hsk=128,hsv=128,nh=4,nr23=[4,1],kv=512,nb=1,mask=1,sinks=1,max_bias=0.000000,logit_softcap=0.000000,prec=f32,type_K=f16,type_V=f16,permute=[0,2,1,3]): not supported [RD0] 
  FLASH_ATTN_EXT(hsk=128,hsv=128,nh=4,nr23=[4,1],kv=512,nb=1,mask=1,sinks=1,max_bias=0.000000,logit_softcap=0.000000,prec=def,type_K=f16,type_V=f16,permute=[0,1,2,3]): not supported [RD0] 
  FLASH_ATTN_EXT(hsk=128,hsv=128,nh=4,nr23=[4,1],kv=512,nb=1,mask=1,sinks=1,max_bias=0.000000,logit_softcap=0.000000,prec=def,type_K=f16,type_V=f16,permute=[0,2,1,3]): not supported [RD0] 
  FLASH_ATTN_EXT(hsk=128,hsv=128,nh=4,nr23=[4,1],kv=512,nb=3,mask=1,sinks=1,max_bias=0.000000,logit_softcap=0.000000,prec=f32,type_K=f16,type_V=f16,permute=[0,1,2,3]): not supported [RD0] 
  FLASH_ATTN_EXT(hsk=128,hsv=128,nh=4,nr23=[4,1],kv=512,nb=3,mask=1,sinks=1,max_bias=0.000000,logit_softcap=0.000000,prec=f32,type_K=f16,type_V=f16,permute=[0,2,1,3]): not supported [RD0] 
  FLASH_ATTN_EXT(hsk=128,hsv=128,nh=4,nr23=[4,1],kv=512,nb=3,mask=1,sinks=1,max_bias=0.000000,logit_softcap=0.000000,prec=def,type_K=f16,type_V=f16,permute=[0,1,2,3]): not supported [RD0] 
  FLASH_ATTN_EXT(hsk=128,hsv=128,nh=4,nr23=[4,1],kv=512,nb=3,mask=1,sinks=1,max_bias=0.000000,logit_softcap=0.000000,prec=def,type_K=f16,type_V=f16,permute=[0,2,1,3]): not supported [RD0] 
  FLASH_ATTN_EXT(hsk=128,hsv=128,nh=4,nr23=[4,1],kv=512,nb=32,mask=1,sinks=1,max_bias=0.000000,logit_softcap=0.000000,prec=f32,type_K=f16,type_V=f16,permute=[0,1,2,3]): not supported [RD0] 
  FLASH_ATTN_EXT(hsk=128,hsv=128,nh=4,nr23=[4,1],kv=512,nb=32,mask=1,sinks=1,max_bias=0.000000,logit_softcap=0.000000,prec=f32,type_K=f16,type_V=f16,permute=[0,2,1,3]): not supported [RD0] 
  FLASH_ATTN_EXT(hsk=128,hsv=128,nh=4,nr23=[4,1],kv=512,nb=32,mask=1,sinks=1,max_bias=0.000000,logit_softcap=0.000000,prec=def,type_K=f16,type_V=f16,permute=[0,1,2,3]): not supported [RD0] 
  FLASH_ATTN_EXT(hsk=128,hsv=128,nh=4,nr23=[4,1],kv=512,nb=32,mask=1,sinks=1,max_bias=0.000000,logit_softcap=0.000000,prec=def,type_K=f16,type_V=f16,permute=[0,2,1,3]): not supported [RD0] 
  FLASH_ATTN_EXT(hsk=128,hsv=128,nh=4,nr23=[4,1],kv=512,nb=75,mask=1,sinks=1,max_bias=0.000000,logit_softcap=0.000000,prec=f32,type_K=f16,type_V=f16,permute=[0,1,2,3]): not supported [RD0] 
  FLASH_ATTN_EXT(hsk=128,hsv=128,nh=4,nr23=[4,1],kv=512,nb=75,mask=1,sinks=1,max_bias=0.000000,logit_softcap=0.000000,prec=f32,type_K=f16,type_V=f16,permute=[0,2,1,3]): not supported [RD0] 
  FLASH_ATTN_EXT(hsk=128,hsv=128,nh=4,nr23=[4,1],kv=512,nb=75,mask=1,sinks=1,max_bias=0.000000,logit_softcap=0.000000,prec=def,type_K=f16,type_V=f16,permute=[0,1,2,3]): not supported [RD0] 
  FLASH_ATTN_EXT(hsk=128,hsv=128,nh=4,nr23=[4,1],kv=512,nb=75,mask=1,sinks=1,max_bias=0.000000,logit_softcap=0.000000,prec=def,type_K=f16,type_V=f16,permute=[0,2,1,3]): not supported [RD0] 
  FLASH_ATTN_EXT(hsk=128,hsv=128,nh=4,nr23=[12,1],kv=512,nb=1,mask=1,sinks=1,max_bias=0.000000,logit_softcap=0.000000,prec=f32,type_K=f16,type_V=f16,permute=[0,1,2,3]): not supported [RD0] 
  FLASH_ATTN_EXT(hsk=128,hsv=128,nh=4,nr23=[12,1],kv=512,nb=1,mask=1,sinks=1,max_bias=0.000000,logit_softcap=0.000000,prec=f32,type_K=f16,type_V=f16,permute=[0,2,1,3]): not supported [RD0] 
  FLASH_ATTN_EXT(hsk=128,hsv=128,nh=4,nr23=[12,1],kv=512,nb=1,mask=1,sinks=1,max_bias=0.000000,logit_softcap=0.000000,prec=def,type_K=f16,type_V=f16,permute=[0,1,2,3]): not supported [RD0] 
  FLASH_ATTN_EXT(hsk=128,hsv=128,nh=4,nr23=[12,1],kv=512,nb=1,mask=1,sinks=1,max_bias=0.000000,logit_softcap=0.000000,prec=def,type_K=f16,type_V=f16,permute=[0,2,1,3]): not supported [RD0] 
  FLASH_ATTN_EXT(hsk=128,hsv=128,nh=4,nr23=[12,1],kv=512,nb=3,mask=1,sinks=1,max_bias=0.000000,logit_softcap=0.000000,prec=f32,type_K=f16,type_V=f16,permute=[0,1,2,3]): not supported [RD0] 
  FLASH_ATTN_EXT(hsk=128,hsv=128,nh=4,nr23=[12,1],kv=512,nb=3,mask=1,sinks=1,max_bias=0.000000,logit_softcap=0.000000,prec=f32,type_K=f16,type_V=f16,permute=[0,2,1,3]): not supported [RD0] 
  FLASH_ATTN_EXT(hsk=128,hsv=128,nh=4,nr23=[12,1],kv=512,nb=3,mask=1,sinks=1,max_bias=0.000000,logit_softcap=0.000000,prec=def,type_K=f16,type_V=f16,permute=[0,1,2,3]): not supported [RD0] 
  FLASH_ATTN_EXT(hsk=128,hsv=128,nh=4,nr23=[12,1],kv=512,nb=3,mask=1,sinks=1,max_bias=0.000000,logit_softcap=0.000000,prec=def,type_K=f16,type_V=f16,permute=[0,2,1,3]): not supported [RD0] 
  FLASH_ATTN_EXT(hsk=128,hsv=128,nh=4,nr23=[12,1],kv=512,nb=32,mask=1,sinks=1,max_bias=0.000000,logit_softcap=0.000000,prec=f32,type_K=f16,type_V=f16,permute=[0,1,2,3]): not supported [RD0] 
  FLASH_ATTN_EXT(hsk=128,hsv=128,nh=4,nr23=[12,1],kv=512,nb=32,mask=1,sinks=1,max_bias=0.000000,logit_softcap=0.000000,prec=f32,type_K=f16,type_V=f16,permute=[0,2,1,3]): not supported [RD0] 
  FLASH_ATTN_EXT(hsk=128,hsv=128,nh=4,nr23=[12,1],kv=512,nb=32,mask=1,sinks=1,max_bias=0.000000,logit_softcap=0.000000,prec=def,type_K=f16,type_V=f16,permute=[0,1,2,3]): not supported [RD0] 
  FLASH_ATTN_EXT(hsk=128,hsv=128,nh=4,nr23=[12,1],kv=512,nb=32,mask=1,sinks=1,max_bias=0.000000,logit_softcap=0.000000,prec=def,type_K=f16,type_V=f16,permute=[0,2,1,3]): not supported [RD0] 
  FLASH_ATTN_EXT(hsk=128,hsv=128,nh=4,nr23=[12,1],kv=512,nb=75,mask=1,sinks=1,max_bias=0.000000,logit_softcap=0.000000,prec=f32,type_K=f16,type_V=f16,permute=[0,1,2,3]): not supported [RD0] 
  FLASH_ATTN_EXT(hsk=128,hsv=128,nh=4,nr23=[12,1],kv=512,nb=75,mask=1,sinks=1,max_bias=0.000000,logit_softcap=0.000000,prec=f32,type_K=f16,type_V=f16,permute=[0,2,1,3]): not supported [RD0] 
  FLASH_ATTN_EXT(hsk=128,hsv=128,nh=4,nr23=[12,1],kv=512,nb=75,mask=1,sinks=1,max_bias=0.000000,logit_softcap=0.000000,prec=def,type_K=f16,type_V=f16,permute=[0,1,2,3]): not supported [RD0] 
  FLASH_ATTN_EXT(hsk=128,hsv=128,nh=4,nr23=[12,1],kv=512,nb=75,mask=1,sinks=1,max_bias=0.000000,logit_softcap=0.000000,prec=def,type_K=f16,type_V=f16,permute=[0,2,1,3]): not supported [RD0] 
  FLASH_ATTN_EXT(hsk=128,hsv=128,nh=4,nr23=[1,1],kv=113,nb=1,mask=1,sinks=1,max_bias=0.000000,logit_softcap=10.000000,prec=f32,type_K=f16,type_V=f16,permute=[0,1,2,3]): not supported [RD0] 
  FLASH_ATTN_EXT(hsk=128,hsv=128,nh=4,nr23=[1,1],kv=113,nb=1,mask=1,sinks=1,max_bias=0.000000,logit_softcap=10.000000,prec=def,type_K=f16,type_V=f16,permute=[0,1,2,3]): not supported [RD0] 
  FLASH_ATTN_EXT(hsk=128,hsv=128,nh=4,nr23=[1,1],kv=113,nb=3,mask=1,sinks=1,max_bias=0.000000,logit_softcap=10.000000,prec=f32,type_K=f16,type_V=f16,permute=[0,1,2,3]): not supported [RD0] 
  FLASH_ATTN_EXT(hsk=128,hsv=128,nh=4,nr23=[1,1],kv=113,nb=3,mask=1,sinks=1,max_bias=0.000000,logit_softcap=10.000000,prec=def,type_K=f16,type_V=f16,permute=[0,1,2,3]): not supported [RD0] 
  FLASH_ATTN_EXT(hsk=128,hsv=128,nh=4,nr23=[1,1],kv=113,nb=32,mask=1,sinks=1,max_bias=0.000000,logit_softcap=10.000000,prec=f32,type_K=f16,type_V=f16,permute=[0,1,2,3]): not supported [RD0] 
  FLASH_ATTN_EXT(hsk=128,hsv=128,nh=4,nr23=[1,1],kv=113,nb=32,mask=1,sinks=1,max_bias=0.000000,logit_softcap=10.000000,prec=def,type_K=f16,type_V=f16,permute=[0,1,2,3]): not supported [RD0] 
  FLASH_ATTN_EXT(hsk=128,hsv=128,nh=4,nr23=[1,1],kv=113,nb=75,mask=1,sinks=1,max_bias=0.000000,logit_softcap=10.000000,prec=f32,type_K=f16,type_V=f16,permute=[0,1,2,3]): not supported [RD0] 
  FLASH_ATTN_EXT(hsk=128,hsv=128,nh=4,nr23=[1,1],kv=113,nb=75,mask=1,sinks=1,max_bias=0.000000,logit_softcap=10.000000,prec=def,type_K=f16,type_V=f16,permute=[0,1,2,3]): not supported [RD0] 
  FLASH_ATTN_EXT(hsk=128,hsv=128,nh=4,nr23=[1,1],kv=512,nb=1,mask=1,sinks=1,max_bias=0.000000,logit_softcap=10.000000,prec=f32,type_K=f16,type_V=f16,permute=[0,1,2,3]): not supported [RD0] 
  FLASH_ATTN_EXT(hsk=128,hsv=128,nh=4,nr23=[1,1],kv=512,nb=1,mask=1,sinks=1,max_bias=0.000000,logit_softcap=10.000000,prec=def,type_K=f16,type_V=f16,permute=[0,1,2,3]): not supported [RD0] 
  FLASH_ATTN_EXT(hsk=128,hsv=128,nh=4,nr23=[1,1],kv=512,nb=3,mask=1,sinks=1,max_bias=0.000000,logit_softcap=10.000000,prec=f32,type_K=f16,type_V=f16,permute=[0,1,2,3]): not supported [RD0] 
  FLASH_ATTN_EXT(hsk=128,hsv=128,nh=4,nr23=[1,1],kv=512,nb=3,mask=1,sinks=1,max_bias=0.000000,logit_softcap=10.000000,prec=def,type_K=f16,type_V=f16,permute=[0,1,2,3]): not supported [RD0] 
  FLASH_ATTN_EXT(hsk=128,hsv=128,nh=4,nr23=[1,1],kv=512,nb=32,mask=1,sinks=1,max_bias=0.000000,logit_softcap=10.000000,prec=f32,type_K=f16,type_V=f16,permute=[0,1,2,3]): not supported [RD0] 
  FLASH_ATTN_EXT(hsk=128,hsv=128,nh=4,nr23=[1,1],kv=512,nb=32,mask=1,sinks=1,max_bias=0.000000,logit_softcap=10.000000,prec=def,type_K=f16,type_V=f16,permute=[0,1,2,3]): not supported [RD0] 
  FLASH_ATTN_EXT(hsk=128,hsv=128,nh=4,nr23=[1,1],kv=512,nb=75,mask=1,sinks=1,max_bias=0.000000,logit_softcap=10.000000,prec=f32,type_K=f16,type_V=f16,permute=[0,1,2,3]): not supported [RD0] 
  FLASH_ATTN_EXT(hsk=128,hsv=128,nh=4,nr23=[1,1],kv=512,nb=75,mask=1,sinks=1,max_bias=0.000000,logit_softcap=10.000000,prec=def,type_K=f16,type_V=f16,permute=[0,1,2,3]): not supported [RD0] 
  FLASH_ATTN_EXT(hsk=128,hsv=128,nh=4,nr23=[1,1],kv=1024,nb=1,mask=1,sinks=1,max_bias=0.000000,logit_softcap=10.000000,prec=f32,type_K=f16,type_V=f16,permute=[0,1,2,3]): not supported [RD0] 
  FLASH_ATTN_EXT(hsk=128,hsv=128,nh=4,nr23=[1,1],kv=1024,nb=1,mask=1,sinks=1,max_bias=0.000000,logit_softcap=10.000000,prec=def,type_K=f16,type_V=f16,permute=[0,1,2,3]): not supported [RD0] 
  FLASH_ATTN_EXT(hsk=128,hsv=128,nh=4,nr23=[1,1],kv=1024,nb=3,mask=1,sinks=1,max_bias=0.000000,logit_softcap=10.000000,prec=f32,type_K=f16,type_V=f16,permute=[0,1,2,3]): not supported [RD0] 
  FLASH_ATTN_EXT(hsk=128,hsv=128,nh=4,nr23=[1,1],kv=1024,nb=3,mask=1,sinks=1,max_bias=0.000000,logit_softcap=10.000000,prec=def,type_K=f16,type_V=f16,permute=[0,1,2,3]): not supported [RD0] 
  FLASH_ATTN_EXT(hsk=128,hsv=128,nh=4,nr23=[1,1],kv=1024,nb=32,mask=1,sinks=1,max_bias=0.000000,logit_softcap=10.000000,prec=f32,type_K=f16,type_V=f16,permute=[0,1,2,3]): not supported [RD0] 
  FLASH_ATTN_EXT(hsk=128,hsv=128,nh=4,nr23=[1,1],kv=1024,nb=32,mask=1,sinks=1,max_bias=0.000000,logit_softcap=10.000000,prec=def,type_K=f16,type_V=f16,permute=[0,1,2,3]): not supported [RD0] 
  FLASH_ATTN_EXT(hsk=128,hsv=128,nh=4,nr23=[1,1],kv=1024,nb=75,mask=1,sinks=1,max_bias=0.000000,logit_softcap=10.000000,prec=f32,type_K=f16,type_V=f16,permute=[0,1,2,3]): not supported [RD0] 
  FLASH_ATTN_EXT(hsk=128,hsv=128,nh=4,nr23=[1,1],kv=1024,nb=75,mask=1,sinks=1,max_bias=0.000000,logit_softcap=10.000000,prec=def,type_K=f16,type_V=f16,permute=[0,1,2,3]): not supported [RD0] 
  FLASH_ATTN_EXT(hsk=128,hsv=128,nh=4,nr23=[4,1],kv=512,nb=1,mask=1,sinks=1,max_bias=0.000000,logit_softcap=10.000000,prec=f32,type_K=f16,type_V=f16,permute=[0,1,2,3]): not supported [RD0] 
  FLASH_ATTN_EXT(hsk=128,hsv=128,nh=4,nr23=[4,1],kv=512,nb=1,mask=1,sinks=1,max_bias=0.000000,logit_softcap=10.000000,prec=def,type_K=f16,type_V=f16,permute=[0,1,2,3]): not supported [RD0] 
  FLASH_ATTN_EXT(hsk=128,hsv=128,nh=4,nr23=[4,1],kv=512,nb=3,mask=1,sinks=1,max_bias=0.000000,logit_softcap=10.000000,prec=f32,type_K=f16,type_V=f16,permute=[0,1,2,3]): not supported [RD0] 
  FLASH_ATTN_EXT(hsk=128,hsv=128,nh=4,nr23=[4,1],kv=512,nb=3,mask=1,sinks=1,max_bias=0.000000,logit_softcap=10.000000,prec=def,type_K=f16,type_V=f16,permute=[0,1,2,3]): not supported [RD0] 
  FLASH_ATTN_EXT(hsk=128,hsv=128,nh=4,nr23=[4,1],kv=512,nb=32,mask=1,sinks=1,max_bias=0.000000,logit_softcap=10.000000,prec=f32,type_K=f16,type_V=f16,permute=[0,1,2,3]): not supported [RD0] 
  FLASH_ATTN_EXT(hsk=128,hsv=128,nh=4,nr23=[4,1],kv=512,nb=32,mask=1,sinks=1,max_bias=0.000000,logit_softcap=10.000000,prec=def,type_K=f16,type_V=f16,permute=[0,1,2,3]): not supported [RD0] 
  FLASH_ATTN_EXT(hsk=128,hsv=128,nh=4,nr23=[4,1],kv=512,nb=75,mask=1,sinks=1,max_bias=0.000000,logit_softcap=10.000000,prec=f32,type_K=f16,type_V=f16,permute=[0,1,2,3]): not supported [RD0] 
  FLASH_ATTN_EXT(hsk=128,hsv=128,nh=4,nr23=[4,1],kv=512,nb=75,mask=1,sinks=1,max_bias=0.000000,logit_softcap=10.000000,prec=def,type_K=f16,type_V=f16,permute=[0,1,2,3]): not supported [RD0] 
  FLASH_ATTN_EXT(hsk=128,hsv=128,nh=4,nr23=[12,1],kv=512,nb=1,mask=1,sinks=1,max_bias=0.000000,logit_softcap=10.000000,prec=f32,type_K=f16,type_V=f16,permute=[0,1,2,3]): not supported [RD0] 
  FLASH_ATTN_EXT(hsk=128,hsv=128,nh=4,nr23=[12,1],kv=512,nb=1,mask=1,sinks=1,max_bias=0.000000,logit_softcap=10.000000,prec=def,type_K=f16,type_V=f16,permute=[0,1,2,3]): not supported [RD0] 
  FLASH_ATTN_EXT(hsk=128,hsv=128,nh=4,nr23=[12,1],kv=512,nb=3,mask=1,sinks=1,max_bias=0.000000,logit_softcap=10.000000,prec=f32,type_K=f16,type_V=f16,permute=[0,1,2,3]): not supported [RD0] 
  FLASH_ATTN_EXT(hsk=128,hsv=128,nh=4,nr23=[12,1],kv=512,nb=3,mask=1,sinks=1,max_bias=0.000000,logit_softcap=10.000000,prec=def,type_K=f16,type_V=f16,permute=[0,1,2,3]): not supported [RD0] 
  FLASH_ATTN_EXT(hsk=128,hsv=128,nh=4,nr23=[12,1],kv=512,nb=32,mask=1,sinks=1,max_bias=0.000000,logit_softcap=10.000000,prec=f32,type_K=f16,type_V=f16,permute=[0,1,2,3]): not supported [RD0] 
  FLASH_ATTN_EXT(hsk=128,hsv=128,nh=4,nr23=[12,1],kv=512,nb=32,mask=1,sinks=1,max_bias=0.000000,logit_softcap=10.000000,prec=def,type_K=f16,type_V=f16,permute=[0,1,2,3]): not supported [RD0] 
  FLASH_ATTN_EXT(hsk=128,hsv=128,nh=4,nr23=[12,1],kv=512,nb=75,mask=1,sinks=1,max_bias=0.000000,logit_softcap=10.000000,prec=f32,type_K=f16,type_V=f16,permute=[0,1,2,3]): not supported [RD0] 
  FLASH_ATTN_EXT(hsk=128,hsv=128,nh=4,nr23=[12,1],kv=512,nb=75,mask=1,sinks=1,max_bias=0.000000,logit_softcap=10.000000,prec=def,type_K=f16,type_V=f16,permute=[0,1,2,3]): not supported [RD0] 
  FLASH_ATTN_EXT(hsk=128,hsv=128,nh=4,nr23=[1,1],kv=113,nb=1,mask=1,sinks=1,max_bias=8.000000,logit_softcap=0.000000,prec=f32,type_K=f16,type_V=f16,permute=[0,1,2,3]): not supported [RD0] 
  FLASH_ATTN_EXT(hsk=128,hsv=128,nh=4,nr23=[1,1],kv=113,nb=1,mask=1,sinks=1,max_bias=8.000000,logit_softcap=0.000000,prec=def,type_K=f16,type_V=f16,permute=[0,1,2,3]): not supported [RD0] 
  FLASH_ATTN_EXT(hsk=128,hsv=128,nh=4,nr23=[1,1],kv=113,nb=3,mask=1,sinks=1,max_bias=8.000000,logit_softcap=0.000000,prec=f32,type_K=f16,type_V=f16,permute=[0,1,2,3]): not supported [RD0] 
  FLASH_ATTN_EXT(hsk=128,hsv=128,nh=4,nr23=[1,1],kv=113,nb=3,mask=1,sinks=1,max_bias=8.000000,logit_softcap=0.000000,prec=def,type_K=f16,type_V=f16,permute=[0,1,2,3]): not supported [RD0] 
  FLASH_ATTN_EXT(hsk=128,hsv=128,nh=4,nr23=[1,1],kv=113,nb=32,mask=1,sinks=1,max_bias=8.000000,logit_softcap=0.000000,prec=f32,type_K=f16,type_V=f16,permute=[0,1,2,3]): not supported [RD0] 
  FLASH_ATTN_EXT(hsk=128,hsv=128,nh=4,nr23=[1,1],kv=113,nb=32,mask=1,sinks=1,max_bias=8.000000,logit_softcap=0.000000,prec=def,type_K=f16,type_V=f16,permute=[0,1,2,3]): not supported [RD0] 
  FLASH_ATTN_EXT(hsk=128,hsv=128,nh=4,nr23=[1,1],kv=113,nb=75,mask=1,sinks=1,max_bias=8.000000,logit_softcap=0.000000,prec=f32,type_K=f16,type_V=f16,permute=[0,1,2,3]): not supported [RD0] 
  FLASH_ATTN_EXT(hsk=128,hsv=128,nh=4,nr23=[1,1],kv=113,nb=75,mask=1,sinks=1,max_bias=8.000000,logit_softcap=0.000000,prec=def,type_K=f16,type_V=f16,permute=[0,1,2,3]): not supported [RD0] 
  FLASH_ATTN_EXT(hsk=128,hsv=128,nh=4,nr23=[1,1],kv=512,nb=1,mask=1,sinks=1,max_bias=8.000000,logit_softcap=0.000000,prec=f32,type_K=f16,type_V=f16,permute=[0,1,2,3]): not supported [RD0] 
  FLASH_ATTN_EXT(hsk=128,hsv=128,nh=4,nr23=[1,1],kv=512,nb=1,mask=1,sinks=1,max_bias=8.000000,logit_softcap=0.000000,prec=def,type_K=f16,type_V=f16,permute=[0,1,2,3]): not supported [RD0] 
  FLASH_ATTN_EXT(hsk=128,hsv=128,nh=4,nr23=[1,1],kv=512,nb=3,mask=1,sinks=1,max_bias=8.000000,logit_softcap=0.000000,prec=f32,type_K=f16,type_V=f16,permute=[0,1,2,3]): not supported [RD0] 
  FLASH_ATTN_EXT(hsk=128,hsv=128,nh=4,nr23=[1,1],kv=512,nb=3,mask=1,sinks=1,max_bias=8.000000,logit_softcap=0.000000,prec=def,type_K=f16,type_V=f16,permute=[0,1,2,3]): not supported [RD0] 
  FLASH_ATTN_EXT(hsk=128,hsv=128,nh=4,nr23=[1,1],kv=512,nb=32,mask=1,sinks=1,max_bias=8.000000,logit_softcap=0.000000,prec=f32,type_K=f16,type_V=f16,permute=[0,1,2,3]): not supported [RD0] 
  FLASH_ATTN_EXT(hsk=128,hsv=128,nh=4,nr23=[1,1],kv=512,nb=32,mask=1,sinks=1,max_bias=8.000000,logit_softcap=0.000000,prec=def,type_K=f16,type_V=f16,permute=[0,1,2,3]): not supported [RD0] 
  FLASH_ATTN_EXT(hsk=128,hsv=128,nh=4,nr23=[1,1],kv=512,nb=75,mask=1,sinks=1,max_bias=8.000000,logit_softcap=0.000000,prec=f32,type_K=f16,type_V=f16,permute=[0,1,2,3]): not supported [RD0] 
  FLASH_ATTN_EXT(hsk=128,hsv=128,nh=4,nr23=[1,1],kv=512,nb=75,mask=1,sinks=1,max_bias=8.000000,logit_softcap=0.000000,prec=def,type_K=f16,type_V=f16,permute=[0,1,2,3]): not supported [RD0] 
  FLASH_ATTN_EXT(hsk=128,hsv=128,nh=4,nr23=[1,1],kv=1024,nb=1,mask=1,sinks=1,max_bias=8.000000,logit_softcap=0.000000,prec=f32,type_K=f16,type_V=f16,permute=[0,1,2,3]): not supported [RD0] 
  FLASH_ATTN_EXT(hsk=128,hsv=128,nh=4,nr23=[1,1],kv=1024,nb=1,mask=1,sinks=1,max_bias=8.000000,logit_softcap=0.000000,prec=def,type_K=f16,type_V=f16,permute=[0,1,2,3]): not supported [RD0] 
  FLASH_ATTN_EXT(hsk=128,hsv=128,nh=4,nr23=[1,1],kv=1024,nb=3,mask=1,sinks=1,max_bias=8.000000,logit_softcap=0.000000,prec=f32,type_K=f16,type_V=f16,permute=[0,1,2,3]): not supported [RD0] 
  FLASH_ATTN_EXT(hsk=128,hsv=128,nh=4,nr23=[1,1],kv=1024,nb=3,mask=1,sinks=1,max_bias=8.000000,logit_softcap=0.000000,prec=def,type_K=f16,type_V=f16,permute=[0,1,2,3]): not supported [RD0] 
  FLASH_ATTN_EXT(hsk=128,hsv=128,nh=4,nr23=[1,1],kv=1024,nb=32,mask=1,sinks=1,max_bias=8.000000,logit_softcap=0.000000,prec=f32,type_K=f16,type_V=f16,permute=[0,1,2,3]): not supported [RD0] 
  FLASH_ATTN_EXT(hsk=128,hsv=128,nh=4,nr23=[1,1],kv=1024,nb=32,mask=1,sinks=1,max_bias=8.000000,logit_softcap=0.000000,prec=def,type_K=f16,type_V=f16,permute=[0,1,2,3]): not supported [RD0] 
  FLASH_ATTN_EXT(hsk=128,hsv=128,nh=4,nr23=[1,1],kv=1024,nb=75,mask=1,sinks=1,max_bias=8.000000,logit_softcap=0.000000,prec=f32,type_K=f16,type_V=f16,permute=[0,1,2,3]): not supported [RD0] 
  FLASH_ATTN_EXT(hsk=128,hsv=128,nh=4,nr23=[1,1],kv=1024,nb=75,mask=1,sinks=1,max_bias=8.000000,logit_softcap=0.000000,prec=def,type_K=f16,type_V=f16,permute=[0,1,2,3]): not supported [RD0] 
  FLASH_ATTN_EXT(hsk=128,hsv=128,nh=4,nr23=[4,1],kv=512,nb=1,mask=1,sinks=1,max_bias=8.000000,logit_softcap=0.000000,prec=f32,type_K=f16,type_V=f16,permute=[0,1,2,3]): not supported [RD0] 
  FLASH_ATTN_EXT(hsk=128,hsv=128,nh=4,nr23=[4,1],kv=512,nb=1,mask=1,sinks=1,max_bias=8.000000,logit_softcap=0.000000,prec=def,type_K=f16,type_V=f16,permute=[0,1,2,3]): not supported [RD0] 
  FLASH_ATTN_EXT(hsk=128,hsv=128,nh=4,nr23=[4,1],kv=512,nb=3,mask=1,sinks=1,max_bias=8.000000,logit_softcap=0.000000,prec=f32,type_K=f16,type_V=f16,permute=[0,1,2,3]): not supported [RD0] 
  FLASH_ATTN_EXT(hsk=128,hsv=128,nh=4,nr23=[4,1],kv=512,nb=3,mask=1,sinks=1,max_bias=8.000000,logit_softcap=0.000000,prec=def,type_K=f16,type_V=f16,permute=[0,1,2,3]): not supported [RD0] 
  FLASH_ATTN_EXT(hsk=128,hsv=128,nh=4,nr23=[4,1],kv=512,nb=32,mask=1,sinks=1,max_bias=8.000000,logit_softcap=0.000000,prec=f32,type_K=f16,type_V=f16,permute=[0,1,2,3]): not supported [RD0] 
  FLASH_ATTN_EXT(hsk=128,hsv=128,nh=4,nr23=[4,1],kv=512,nb=32,mask=1,sinks=1,max_bias=8.000000,logit_softcap=0.000000,prec=def,type_K=f16,type_V=f16,permute=[0,1,2,3]): not supported [RD0] 
  FLASH_ATTN_EXT(hsk=128,hsv=128,nh=4,nr23=[4,1],kv=512,nb=75,mask=1,sinks=1,max_bias=8.000000,logit_softcap=0.000000,prec=f32,type_K=f16,type_V=f16,permute=[0,1,2,3]): not supported [RD0] 
  FLASH_ATTN_EXT(hsk=128,hsv=128,nh=4,nr23=[4,1],kv=512,nb=75,mask=1,sinks=1,max_bias=8.000000,logit_softcap=0.000000,prec=def,type_K=f16,type_V=f16,permute=[0,1,2,3]): not supported [RD0] 
  FLASH_ATTN_EXT(hsk=128,hsv=128,nh=4,nr23=[12,1],kv=512,nb=1,mask=1,sinks=1,max_bias=8.000000,logit_softcap=0.000000,prec=f32,type_K=f16,type_V=f16,permute=[0,1,2,3]): not supported [RD0] 
  FLASH_ATTN_EXT(hsk=128,hsv=128,nh=4,nr23=[12,1],kv=512,nb=1,mask=1,sinks=1,max_bias=8.000000,logit_softcap=0.000000,prec=def,type_K=f16,type_V=f16,permute=[0,1,2,3]): not supported [RD0] 
  FLASH_ATTN_EXT(hsk=128,hsv=128,nh=4,nr23=[12,1],kv=512,nb=3,mask=1,sinks=1,max_bias=8.000000,logit_softcap=0.000000,prec=f32,type_K=f16,type_V=f16,permute=[0,1,2,3]): not supported [RD0] 
  FLASH_ATTN_EXT(hsk=128,hsv=128,nh=4,nr23=[12,1],kv=512,nb=3,mask=1,sinks=1,max_bias=8.000000,logit_softcap=0.000000,prec=def,type_K=f16,type_V=f16,permute=[0,1,2,3]): not supported [RD0] 
  FLASH_ATTN_EXT(hsk=128,hsv=128,nh=4,nr23=[12,1],kv=512,nb=32,mask=1,sinks=1,max_bias=8.000000,logit_softcap=0.000000,prec=f32,type_K=f16,type_V=f16,permute=[0,1,2,3]): not supported [RD0] 
  FLASH_ATTN_EXT(hsk=128,hsv=128,nh=4,nr23=[12,1],kv=512,nb=32,mask=1,sinks=1,max_bias=8.000000,logit_softcap=0.000000,prec=def,type_K=f16,type_V=f16,permute=[0,1,2,3]): not supported [RD0] 
  FLASH_ATTN_EXT(hsk=128,hsv=128,nh=4,nr23=[12,1],kv=512,nb=75,mask=1,sinks=1,max_bias=8.000000,logit_softcap=0.000000,prec=f32,type_K=f16,type_V=f16,permute=[0,1,2,3]): not supported [RD0] 
  FLASH_ATTN_EXT(hsk=128,hsv=128,nh=4,nr23=[12,1],kv=512,nb=75,mask=1,sinks=1,max_bias=8.000000,logit_softcap=0.000000,prec=def,type_K=f16,type_V=f16,permute=[0,1,2,3]): not supported [RD0] 
  FLASH_ATTN_EXT(hsk=128,hsv=128,nh=4,nr23=[1,1],kv=113,nb=1,mask=1,sinks=1,max_bias=8.000000,logit_softcap=10.000000,prec=f32,type_K=f16,type_V=f16,permute=[0,1,2,3]): not supported [RD0] 
  FLASH_ATTN_EXT(hsk=128,hsv=128,nh=4,nr23=[1,1],kv=113,nb=1,mask=1,sinks=1,max_bias=8.000000,logit_softcap=10.000000,prec=def,type_K=f16,type_V=f16,permute=[0,1,2,3]): not supported [RD0] 
  FLASH_ATTN_EXT(hsk=128,hsv=128,nh=4,nr23=[1,1],kv=113,nb=3,mask=1,sinks=1,max_bias=8.000000,logit_softcap=10.000000,prec=f32,type_K=f16,type_V=f16,permute=[0,1,2,3]): not supported [RD0] 
  FLASH_ATTN_EXT(hsk=128,hsv=128,nh=4,nr23=[1,1],kv=113,nb=3,mask=1,sinks=1,max_bias=8.000000,logit_softcap=10.000000,prec=def,type_K=f16,type_V=f16,permute=[0,1,2,3]): not supported [RD0] 
  FLASH_ATTN_EXT(hsk=128,hsv=128,nh=4,nr23=[1,1],kv=113,nb=32,mask=1,sinks=1,max_bias=8.000000,logit_softcap=10.000000,prec=f32,type_K=f16,type_V=f16,permute=[0,1,2,3]): not supported [RD0] 
  FLASH_ATTN_EXT(hsk=128,hsv=128,nh=4,nr23=[1,1],kv=113,nb=32,mask=1,sinks=1,max_bias=8.000000,logit_softcap=10.000000,prec=def,type_K=f16,type_V=f16,permute=[0,1,2,3]): not supported [RD0] 
  FLASH_ATTN_EXT(hsk=128,hsv=128,nh=4,nr23=[1,1],kv=113,nb=75,mask=1,sinks=1,max_bias=8.000000,logit_softcap=10.000000,prec=f32,type_K=f16,type_V=f16,permute=[0,1,2,3]): not supported [RD0] 
  FLASH_ATTN_EXT(hsk=128,hsv=128,nh=4,nr23=[1,1],kv=113,nb=75,mask=1,sinks=1,max_bias=8.000000,logit_softcap=10.000000,prec=def,type_K=f16,type_V=f16,permute=[0,1,2,3]): not supported [RD0] 
  FLASH_ATTN_EXT(hsk=128,hsv=128,nh=4,nr23=[1,1],kv=512,nb=1,mask=1,sinks=1,max_bias=8.000000,logit_softcap=10.000000,prec=f32,type_K=f16,type_V=f16,permute=[0,1,2,3]): not supported [RD0] 
  FLASH_ATTN_EXT(hsk=128,hsv=128,nh=4,nr23=[1,1],kv=512,nb=1,mask=1,sinks=1,max_bias=8.000000,logit_softcap=10.000000,prec=def,type_K=f16,type_V=f16,permute=[0,1,2,3]): not supported [RD0] 
  FLASH_ATTN_EXT(hsk=128,hsv=128,nh=4,nr23=[1,1],kv=512,nb=3,mask=1,sinks=1,max_bias=8.000000,logit_softcap=10.000000,prec=f32,type_K=f16,type_V=f16,permute=[0,1,2,3]): not supported [RD0] 
  FLASH_ATTN_EXT(hsk=128,hsv=128,nh=4,nr23=[1,1],kv=512,nb=3,mask=1,sinks=1,max_bias=8.000000,logit_softcap=10.000000,prec=def,type_K=f16,type_V=f16,permute=[0,1,2,3]): not supported [RD0] 
  FLASH_ATTN_EXT(hsk=128,hsv=128,nh=4,nr23=[1,1],kv=512,nb=32,mask=1,sinks=1,max_bias=8.000000,logit_softcap=10.000000,prec=f32,type_K=f16,type_V=f16,permute=[0,1,2,3]): not supported [RD0] 
  FLASH_ATTN_EXT(hsk=128,hsv=128,nh=4,nr23=[1,1],kv=512,nb=32,mask=1,sinks=1,max_bias=8.000000,logit_softcap=10.000000,prec=def,type_K=f16,type_V=f16,permute=[0,1,2,3]): not supported [RD0] 
  FLASH_ATTN_EXT(hsk=128,hsv=128,nh=4,nr23=[1,1],kv=512,nb=75,mask=1,sinks=1,max_bias=8.000000,logit_softcap=10.000000,prec=f32,type_K=f16,type_V=f16,permute=[0,1,2,3]): not supported [RD0] 
  FLASH_ATTN_EXT(hsk=128,hsv=128,nh=4,nr23=[1,1],kv=512,nb=75,mask=1,sinks=1,max_bias=8.000000,logit_softcap=10.000000,prec=def,type_K=f16,type_V=f16,permute=[0,1,2,3]): not supported [RD0] 
  FLASH_ATTN_EXT(hsk=128,hsv=128,nh=4,nr23=[1,1],kv=1024,nb=1,mask=1,sinks=1,max_bias=8.000000,logit_softcap=10.000000,prec=f32,type_K=f16,type_V=f16,permute=[0,1,2,3]): not supported [RD0] 
  FLASH_ATTN_EXT(hsk=128,hsv=128,nh=4,nr23=[1,1],kv=1024,nb=1,mask=1,sinks=1,max_bias=8.000000,logit_softcap=10.000000,prec=def,type_K=f16,type_V=f16,permute=[0,1,2,3]): not supported [RD0] 
  FLASH_ATTN_EXT(hsk=128,hsv=128,nh=4,nr23=[1,1],kv=1024,nb=3,mask=1,sinks=1,max_bias=8.000000,logit_softcap=10.000000,prec=f32,type_K=f16,type_V=f16,permute=[0,1,2,3]): not supported [RD0] 
  FLASH_ATTN_EXT(hsk=128,hsv=128,nh=4,nr23=[1,1],kv=1024,nb=3,mask=1,sinks=1,max_bias=8.000000,logit_softcap=10.000000,prec=def,type_K=f16,type_V=f16,permute=[0,1,2,3]): not supported [RD0] 
  FLASH_ATTN_EXT(hsk=128,hsv=128,nh=4,nr23=[1,1],kv=1024,nb=32,mask=1,sinks=1,max_bias=8.000000,logit_softcap=10.000000,prec=f32,type_K=f16,type_V=f16,permute=[0,1,2,3]): not supported [RD0] 
  FLASH_ATTN_EXT(hsk=128,hsv=128,nh=4,nr23=[1,1],kv=1024,nb=32,mask=1,sinks=1,max_bias=8.000000,logit_softcap=10.000000,prec=def,type_K=f16,type_V=f16,permute=[0,1,2,3]): not supported [RD0] 
  FLASH_ATTN_EXT(hsk=128,hsv=128,nh=4,nr23=[1,1],kv=1024,nb=75,mask=1,sinks=1,max_bias=8.000000,logit_softcap=10.000000,prec=f32,type_K=f16,type_V=f16,permute=[0,1,2,3]): not supported [RD0] 
  FLASH_ATTN_EXT(hsk=128,hsv=128,nh=4,nr23=[1,1],kv=1024,nb=75,mask=1,sinks=1,max_bias=8.000000,logit_softcap=10.000000,prec=def,type_K=f16,type_V=f16,permute=[0,1,2,3]): not supported [RD0] 
  FLASH_ATTN_EXT(hsk=128,hsv=128,nh=4,nr23=[4,1],kv=512,nb=1,mask=1,sinks=1,max_bias=8.000000,logit_softcap=10.000000,prec=f32,type_K=f16,type_V=f16,permute=[0,1,2,3]): not supported [RD0] 
  FLASH_ATTN_EXT(hsk=128,hsv=128,nh=4,nr23=[4,1],kv=512,nb=1,mask=1,sinks=1,max_bias=8.000000,logit_softcap=10.000000,prec=def,type_K=f16,type_V=f16,permute=[0,1,2,3]): not supported [RD0] 
  FLASH_ATTN_EXT(hsk=128,hsv=128,nh=4,nr23=[4,1],kv=512,nb=3,mask=1,sinks=1,max_bias=8.000000,logit_softcap=10.000000,prec=f32,type_K=f16,type_V=f16,permute=[0,1,2,3]): not supported [RD0] 
  FLASH_ATTN_EXT(hsk=128,hsv=128,nh=4,nr23=[4,1],kv=512,nb=3,mask=1,sinks=1,max_bias=8.000000,logit_softcap=10.000000,prec=def,type_K=f16,type_V=f16,permute=[0,1,2,3]): not supported [RD0] 
  FLASH_ATTN_EXT(hsk=128,hsv=128,nh=4,nr23=[4,1],kv=512,nb=32,mask=1,sinks=1,max_bias=8.000000,logit_softcap=10.000000,prec=f32,type_K=f16,type_V=f16,permute=[0,1,2,3]): not supported [RD0] 
  FLASH_ATTN_EXT(hsk=128,hsv=128,nh=4,nr23=[4,1],kv=512,nb=32,mask=1,sinks=1,max_bias=8.000000,logit_softcap=10.000000,prec=def,type_K=f16,type_V=f16,permute=[0,1,2,3]): not supported [RD0] 
  FLASH_ATTN_EXT(hsk=128,hsv=128,nh=4,nr23=[4,1],kv=512,nb=75,mask=1,sinks=1,max_bias=8.000000,logit_softcap=10.000000,prec=f32,type_K=f16,type_V=f16,permute=[0,1,2,3]): not supported [RD0] 
  FLASH_ATTN_EXT(hsk=128,hsv=128,nh=4,nr23=[4,1],kv=512,nb=75,mask=1,sinks=1,max_bias=8.000000,logit_softcap=10.000000,prec=def,type_K=f16,type_V=f16,permute=[0,1,2,3]): not supported [RD0] 
  FLASH_ATTN_EXT(hsk=128,hsv=128,nh=4,nr23=[12,1],kv=512,nb=1,mask=1,sinks=1,max_bias=8.000000,logit_softcap=10.000000,prec=f32,type_K=f16,type_V=f16,permute=[0,1,2,3]): not supported [RD0] 
  FLASH_ATTN_EXT(hsk=128,hsv=128,nh=4,nr23=[12,1],kv=512,nb=1,mask=1,sinks=1,max_bias=8.000000,logit_softcap=10.000000,prec=def,type_K=f16,type_V=f16,permute=[0,1,2,3]): not supported [RD0] 
  FLASH_ATTN_EXT(hsk=128,hsv=128,nh=4,nr23=[12,1],kv=512,nb=3,mask=1,sinks=1,max_bias=8.000000,logit_softcap=10.000000,prec=f32,type_K=f16,type_V=f16,permute=[0,1,2,3]): not supported [RD0] 
  FLASH_ATTN_EXT(hsk=128,hsv=128,nh=4,nr23=[12,1],kv=512,nb=3,mask=1,sinks=1,max_bias=8.000000,logit_softcap=10.000000,prec=def,type_K=f16,type_V=f16,permute=[0,1,2,3]): not supported [RD0] 
  FLASH_ATTN_EXT(hsk=128,hsv=128,nh=4,nr23=[12,1],kv=512,nb=32,mask=1,sinks=1,max_bias=8.000000,logit_softcap=10.000000,prec=f32,type_K=f16,type_V=f16,permute=[0,1,2,3]): not supported [RD0] 
  FLASH_ATTN_EXT(hsk=128,hsv=128,nh=4,nr23=[12,1],kv=512,nb=32,mask=1,sinks=1,max_bias=8.000000,logit_softcap=10.000000,prec=def,type_K=f16,type_V=f16,permute=[0,1,2,3]): not supported [RD0] 
  FLASH_ATTN_EXT(hsk=128,hsv=128,nh=4,nr23=[12,1],kv=512,nb=75,mask=1,sinks=1,max_bias=8.000000,logit_softcap=10.000000,prec=f32,type_K=f16,type_V=f16,permute=[0,1,2,3]): not supported [RD0] 
  FLASH_ATTN_EXT(hsk=128,hsv=128,nh=4,nr23=[12,1],kv=512,nb=75,mask=1,sinks=1,max_bias=8.000000,logit_softcap=10.000000,prec=def,type_K=f16,type_V=f16,permute=[0,1,2,3]): not supported [RD0] 
  FLASH_ATTN_EXT(hsk=128,hsv=128,nh=4,nr23=[1,1],kv=113,nb=1,mask=1,sinks=0,max_bias=0.000000,logit_softcap=0.000000,prec=f32,type_K=f16,type_V=f16,permute=[0,1,2,3]): not supported [RD0] 
  FLASH_ATTN_EXT(hsk=128,hsv=128,nh=4,nr23=[1,1],kv=113,nb=1,mask=1,sinks=0,max_bias=0.000000,logit_softcap=0.000000,prec=def,type_K=f16,type_V=f16,permute=[0,1,2,3]): not supported [RD0] 
  FLASH_ATTN_EXT(hsk=128,hsv=128,nh=4,nr23=[1,1],kv=113,nb=3,mask=1,sinks=0,max_bias=0.000000,logit_softcap=0.000000,prec=f32,type_K=f16,type_V=f16,permute=[0,1,2,3]): not supported [RD0] 
  FLASH_ATTN_EXT(hsk=128,hsv=128,nh=4,nr23=[1,1],kv=113,nb=3,mask=1,sinks=0,max_bias=0.000000,logit_softcap=0.000000,prec=def,type_K=f16,type_V=f16,permute=[0,1,2,3]): not supported [RD0] 
  FLASH_ATTN_EXT(hsk=128,hsv=128,nh=4,nr23=[1,1],kv=113,nb=32,mask=1,sinks=0,max_bias=0.000000,logit_softcap=0.000000,prec=f32,type_K=f16,type_V=f16,permute=[0,1,2,3]): not supported [RD0] 
  FLASH_ATTN_EXT(hsk=128,hsv=128,nh=4,nr23=[1,1],kv=113,nb=32,mask=1,sinks=0,max_bias=0.000000,logit_softcap=0.000000,prec=def,type_K=f16,type_V=f16,permute=[0,1,2,3]): not supported [RD0] 
  FLASH_ATTN_EXT(hsk=128,hsv=128,nh=4,nr23=[1,1],kv=113,nb=75,mask=1,sinks=0,max_bias=0.000000,logit_softcap=0.000000,prec=f32,type_K=f16,type_V=f16,permute=[0,1,2,3]): not supported [RD0] 
  FLASH_ATTN_EXT(hsk=128,hsv=128,nh=4,nr23=[1,1],kv=113,nb=75,mask=1,sinks=0,max_bias=0.000000,logit_softcap=0.000000,prec=def,type_K=f16,type_V=f16,permute=[0,1,2,3]): not supported [RD0] 
  FLASH_ATTN_EXT(hsk=128,hsv=128,nh=4,nr23=[1,1],kv=512,nb=1,mask=1,sinks=0,max_bias=0.000000,logit_softcap=0.000000,prec=f32,type_K=f16,type_V=f16,permute=[0,1,2,3]): not supported [RD0] 
  FLASH_ATTN_EXT(hsk=128,hsv=128,nh=4,nr23=[1,1],kv=512,nb=1,mask=1,sinks=0,max_bias=0.000000,logit_softcap=0.000000,prec=f32,type_K=f16,type_V=f16,permute=[0,2,1,3]): not supported [RD0] 
  FLASH_ATTN_EXT(hsk=128,hsv=128,nh=4,nr23=[1,1],kv=512,nb=1,mask=1,sinks=0,max_bias=0.000000,logit_softcap=0.000000,prec=def,type_K=f16,type_V=f16,permute=[0,1,2,3]): not supported [RD0] 
  FLASH_ATTN_EXT(hsk=128,hsv=128,nh=4,nr23=[1,1],kv=512,nb=1,mask=1,sinks=0,max_bias=0.000000,logit_softcap=0.000000,prec=def,type_K=f16,type_V=f16,permute=[0,2,1,3]): not supported [RD0] 
  FLASH_ATTN_EXT(hsk=128,hsv=128,nh=4,nr23=[1,1],kv=512,nb=3,mask=1,sinks=0,max_bias=0.000000,logit_softcap=0.000000,prec=f32,type_K=f16,type_V=f16,permute=[0,1,2,3]): not supported [RD0] 
  FLASH_ATTN_EXT(hsk=128,hsv=128,nh=4,nr23=[1,1],kv=512,nb=3,mask=1,sinks=0,max_bias=0.000000,logit_softcap=0.000000,prec=f32,type_K=f16,type_V=f16,permute=[0,2,1,3]): not supported [RD0] 
  FLASH_ATTN_EXT(hsk=128,hsv=128,nh=4,nr23=[1,1],kv=512,nb=3,mask=1,sinks=0,max_bias=0.000000,logit_softcap=0.000000,prec=def,type_K=f16,type_V=f16,permute=[0,1,2,3]): not supported [RD0] 
  FLASH_ATTN_EXT(hsk=128,hsv=128,nh=4,nr23=[1,1],kv=512,nb=3,mask=1,sinks=0,max_bias=0.000000,logit_softcap=0.000000,prec=def,type_K=f16,type_V=f16,permute=[0,2,1,3]): not supported [RD0] 
  FLASH_ATTN_EXT(hsk=128,hsv=128,nh=4,nr23=[1,1],kv=512,nb=32,mask=1,sinks=0,max_bias=0.000000,logit_softcap=0.000000,prec=f32,type_K=f16,type_V=f16,permute=[0,1,2,3]): not supported [RD0] 
  FLASH_ATTN_EXT(hsk=128,hsv=128,nh=4,nr23=[1,1],kv=512,nb=32,mask=1,sinks=0,max_bias=0.000000,logit_softcap=0.000000,prec=f32,type_K=f16,type_V=f16,permute=[0,2,1,3]): not supported [RD0] 
  FLASH_ATTN_EXT(hsk=128,hsv=128,nh=4,nr23=[1,1],kv=512,nb=32,mask=1,sinks=0,max_bias=0.000000,logit_softcap=0.000000,prec=def,type_K=f16,type_V=f16,permute=[0,1,2,3]): not supported [RD0] 
  FLASH_ATTN_EXT(hsk=128,hsv=128,nh=4,nr23=[1,1],kv=512,nb=32,mask=1,sinks=0,max_bias=0.000000,logit_softcap=0.000000,prec=def,type_K=f16,type_V=f16,permute=[0,2,1,3]): not supported [RD0] 
  FLASH_ATTN_EXT(hsk=128,hsv=128,nh=4,nr23=[1,1],kv=512,nb=75,mask=1,sinks=0,max_bias=0.000000,logit_softcap=0.000000,prec=f32,type_K=f16,type_V=f16,permute=[0,1,2,3]): not supported [RD0] 
  FLASH_ATTN_EXT(hsk=128,hsv=128,nh=4,nr23=[1,1],kv=512,nb=75,mask=1,sinks=0,max_bias=0.000000,logit_softcap=0.000000,prec=f32,type_K=f16,type_V=f16,permute=[0,2,1,3]): not supported [RD0] 
  FLASH_ATTN_EXT(hsk=128,hsv=128,nh=4,nr23=[1,1],kv=512,nb=75,mask=1,sinks=0,max_bias=0.000000,logit_softcap=0.000000,prec=def,type_K=f16,type_V=f16,permute=[0,1,2,3]): not supported [RD0] 
  FLASH_ATTN_EXT(hsk=128,hsv=128,nh=4,nr23=[1,1],kv=512,nb=75,mask=1,sinks=0,max_bias=0.000000,logit_softcap=0.000000,prec=def,type_K=f16,type_V=f16,permute=[0,2,1,3]): not supported [RD0] 
  FLASH_ATTN_EXT(hsk=128,hsv=128,nh=4,nr23=[1,1],kv=1024,nb=1,mask=1,sinks=0,max_bias=0.000000,logit_softcap=0.000000,prec=f32,type_K=f16,type_V=f16,permute=[0,1,2,3]): not supported [RD0] 
  FLASH_ATTN_EXT(hsk=128,hsv=128,nh=4,nr23=[1,1],kv=1024,nb=1,mask=1,sinks=0,max_bias=0.000000,logit_softcap=0.000000,prec=def,type_K=f16,type_V=f16,permute=[0,1,2,3]): not supported [RD0] 
  FLASH_ATTN_EXT(hsk=128,hsv=128,nh=4,nr23=[1,1],kv=1024,nb=3,mask=1,sinks=0,max_bias=0.000000,logit_softcap=0.000000,prec=f32,type_K=f16,type_V=f16,permute=[0,1,2,3]): not supported [RD0] 
  FLASH_ATTN_EXT(hsk=128,hsv=128,nh=4,nr23=[1,1],kv=1024,nb=3,mask=1,sinks=0,max_bias=0.000000,logit_softcap=0.000000,prec=def,type_K=f16,type_V=f16,permute=[0,1,2,3]): not supported [RD0] 
  FLASH_ATTN_EXT(hsk=128,hsv=128,nh=4,nr23=[1,1],kv=1024,nb=32,mask=1,sinks=0,max_bias=0.000000,logit_softcap=0.000000,prec=f32,type_K=f16,type_V=f16,permute=[0,1,2,3]): not supported [RD0] 
  FLASH_ATTN_EXT(hsk=128,hsv=128,nh=4,nr23=[1,1],kv=1024,nb=32,mask=1,sinks=0,max_bias=0.000000,logit_softcap=0.000000,prec=def,type_K=f16,type_V=f16,permute=[0,1,2,3]): not supported [RD0] 
  FLASH_ATTN_EXT(hsk=128,hsv=128,nh=4,nr23=[1,1],kv=1024,nb=75,mask=1,sinks=0,max_bias=0.000000,logit_softcap=0.000000,prec=f32,type_K=f16,type_V=f16,permute=[0,1,2,3]): not supported [RD0] 
  FLASH_ATTN_EXT(hsk=128,hsv=128,nh=4,nr23=[1,1],kv=1024,nb=75,mask=1,sinks=0,max_bias=0.000000,logit_softcap=0.000000,prec=def,type_K=f16,type_V=f16,permute=[0,1,2,3]): not supported [RD0] 
  FLASH_ATTN_EXT(hsk=128,hsv=128,nh=4,nr23=[4,1],kv=512,nb=1,mask=1,sinks=0,max_bias=0.000000,logit_softcap=0.000000,prec=f32,type_K=f16,type_V=f16,permute=[0,1,2,3]): not supported [RD0] 
  FLASH_ATTN_EXT(hsk=128,hsv=128,nh=4,nr23=[4,1],kv=512,nb=1,mask=1,sinks=0,max_bias=0.000000,logit_softcap=0.000000,prec=f32,type_K=f16,type_V=f16,permute=[0,2,1,3]): not supported [RD0] 
  FLASH_ATTN_EXT(hsk=128,hsv=128,nh=4,nr23=[4,1],kv=512,nb=1,mask=1,sinks=0,max_bias=0.000000,logit_softcap=0.000000,prec=def,type_K=f16,type_V=f16,permute=[0,1,2,3]): not supported [RD0] 
  FLASH_ATTN_EXT(hsk=128,hsv=128,nh=4,nr23=[4,1],kv=512,nb=1,mask=1,sinks=0,max_bias=0.000000,logit_softcap=0.000000,prec=def,type_K=f16,type_V=f16,permute=[0,2,1,3]): not supported [RD0] 
  FLASH_ATTN_EXT(hsk=128,hsv=128,nh=4,nr23=[4,1],kv=512,nb=3,mask=1,sinks=0,max_bias=0.000000,logit_softcap=0.000000,prec=f32,type_K=f16,type_V=f16,permute=[0,1,2,3]): not supported [RD0] 
  FLASH_ATTN_EXT(hsk=128,hsv=128,nh=4,nr23=[4,1],kv=512,nb=3,mask=1,sinks=0,max_bias=0.000000,logit_softcap=0.000000,prec=f32,type_K=f16,type_V=f16,permute=[0,2,1,3]): not supported [RD0] 
  FLASH_ATTN_EXT(hsk=128,hsv=128,nh=4,nr23=[4,1],kv=512,nb=3,mask=1,sinks=0,max_bias=0.000000,logit_softcap=0.000000,prec=def,type_K=f16,type_V=f16,permute=[0,1,2,3]): not supported [RD0] 
  FLASH_ATTN_EXT(hsk=128,hsv=128,nh=4,nr23=[4,1],kv=512,nb=3,mask=1,sinks=0,max_bias=0.000000,logit_softcap=0.000000,prec=def,type_K=f16,type_V=f16,permute=[0,2,1,3]): not supported [RD0] 
  FLASH_ATTN_EXT(hsk=128,hsv=128,nh=4,nr23=[4,1],kv=512,nb=32,mask=1,sinks=0,max_bias=0.000000,logit_softcap=0.000000,prec=f32,type_K=f16,type_V=f16,permute=[0,1,2,3]): not supported [RD0] 
  FLASH_ATTN_EXT(hsk=128,hsv=128,nh=4,nr23=[4,1],kv=512,nb=32,mask=1,sinks=0,max_bias=0.000000,logit_softcap=0.000000,prec=f32,type_K=f16,type_V=f16,permute=[0,2,1,3]): not supported [RD0] 
  FLASH_ATTN_EXT(hsk=128,hsv=128,nh=4,nr23=[4,1],kv=512,nb=32,mask=1,sinks=0,max_bias=0.000000,logit_softcap=0.000000,prec=def,type_K=f16,type_V=f16,permute=[0,1,2,3]): not supported [RD0] 
  FLASH_ATTN_EXT(hsk=128,hsv=128,nh=4,nr23=[4,1],kv=512,nb=32,mask=1,sinks=0,max_bias=0.000000,logit_softcap=0.000000,prec=def,type_K=f16,type_V=f16,permute=[0,2,1,3]): not supported [RD0] 
  FLASH_ATTN_EXT(hsk=128,hsv=128,nh=4,nr23=[4,1],kv=512,nb=75,mask=1,sinks=0,max_bias=0.000000,logit_softcap=0.000000,prec=f32,type_K=f16,type_V=f16,permute=[0,1,2,3]): not supported [RD0] 
  FLASH_ATTN_EXT(hsk=128,hsv=128,nh=4,nr23=[4,1],kv=512,nb=75,mask=1,sinks=0,max_bias=0.000000,logit_softcap=0.000000,prec=f32,type_K=f16,type_V=f16,permute=[0,2,1,3]): not supported [RD0] 
  FLASH_ATTN_EXT(hsk=128,hsv=128,nh=4,nr23=[4,1],kv=512,nb=75,mask=1,sinks=0,max_bias=0.000000,logit_softcap=0.000000,prec=def,type_K=f16,type_V=f16,permute=[0,1,2,3]): not supported [RD0] 
  FLASH_ATTN_EXT(hsk=128,hsv=128,nh=4,nr23=[4,1],kv=512,nb=75,mask=1,sinks=0,max_bias=0.000000,logit_softcap=0.000000,prec=def,type_K=f16,type_V=f16,permute=[0,2,1,3]): not supported [RD0] 
  FLASH_ATTN_EXT(hsk=128,hsv=128,nh=4,nr23=[12,1],kv=512,nb=1,mask=1,sinks=0,max_bias=0.000000,logit_softcap=0.000000,prec=f32,type_K=f16,type_V=f16,permute=[0,1,2,3]): not supported [RD0] 
  FLASH_ATTN_EXT(hsk=128,hsv=128,nh=4,nr23=[12,1],kv=512,nb=1,mask=1,sinks=0,max_bias=0.000000,logit_softcap=0.000000,prec=f32,type_K=f16,type_V=f16,permute=[0,2,1,3]): not supported [RD0] 
  FLASH_ATTN_EXT(hsk=128,hsv=128,nh=4,nr23=[12,1],kv=512,nb=1,mask=1,sinks=0,max_bias=0.000000,logit_softcap=0.000000,prec=def,type_K=f16,type_V=f16,permute=[0,1,2,3]): not supported [RD0] 
  FLASH_ATTN_EXT(hsk=128,hsv=128,nh=4,nr23=[12,1],kv=512,nb=1,mask=1,sinks=0,max_bias=0.000000,logit_softcap=0.000000,prec=def,type_K=f16,type_V=f16,permute=[0,2,1,3]): not supported [RD0] 
  FLASH_ATTN_EXT(hsk=128,hsv=128,nh=4,nr23=[12,1],kv=512,nb=3,mask=1,sinks=0,max_bias=0.000000,logit_softcap=0.000000,prec=f32,type_K=f16,type_V=f16,permute=[0,1,2,3]): not supported [RD0] 
  FLASH_ATTN_EXT(hsk=128,hsv=128,nh=4,nr23=[12,1],kv=512,nb=3,mask=1,sinks=0,max_bias=0.000000,logit_softcap=0.000000,prec=f32,type_K=f16,type_V=f16,permute=[0,2,1,3]): not supported [RD0] 
  FLASH_ATTN_EXT(hsk=128,hsv=128,nh=4,nr23=[12,1],kv=512,nb=3,mask=1,sinks=0,max_bias=0.000000,logit_softcap=0.000000,prec=def,type_K=f16,type_V=f16,permute=[0,1,2,3]): not supported [RD0] 
  FLASH_ATTN_EXT(hsk=128,hsv=128,nh=4,nr23=[12,1],kv=512,nb=3,mask=1,sinks=0,max_bias=0.000000,logit_softcap=0.000000,prec=def,type_K=f16,type_V=f16,permute=[0,2,1,3]): not supported [RD0] 
  FLASH_ATTN_EXT(hsk=128,hsv=128,nh=4,nr23=[12,1],kv=512,nb=32,mask=1,sinks=0,max_bias=0.000000,logit_softcap=0.000000,prec=f32,type_K=f16,type_V=f16,permute=[0,1,2,3]): not supported [RD0] 
  FLASH_ATTN_EXT(hsk=128,hsv=128,nh=4,nr23=[12,1],kv=512,nb=32,mask=1,sinks=0,max_bias=0.000000,logit_softcap=0.000000,prec=f32,type_K=f16,type_V=f16,permute=[0,2,1,3]): not supported [RD0] 
  FLASH_ATTN_EXT(hsk=128,hsv=128,nh=4,nr23=[12,1],kv=512,nb=32,mask=1,sinks=0,max_bias=0.000000,logit_softcap=0.000000,prec=def,type_K=f16,type_V=f16,permute=[0,1,2,3]): not supported [RD0] 
  FLASH_ATTN_EXT(hsk=128,hsv=128,nh=4,nr23=[12,1],kv=512,nb=32,mask=1,sinks=0,max_bias=0.000000,logit_softcap=0.000000,prec=def,type_K=f16,type_V=f16,permute=[0,2,1,3]): not supported [RD0] 
  FLASH_ATTN_EXT(hsk=128,hsv=128,nh=4,nr23=[12,1],kv=512,nb=75,mask=1,sinks=0,max_bias=0.000000,logit_softcap=0.000000,prec=f32,type_K=f16,type_V=f16,permute=[0,1,2,3]): not supported [RD0] 
  FLASH_ATTN_EXT(hsk=128,hsv=128,nh=4,nr23=[12,1],kv=512,nb=75,mask=1,sinks=0,max_bias=0.000000,logit_softcap=0.000000,prec=f32,type_K=f16,type_V=f16,permute=[0,2,1,3]): not supported [RD0] 
  FLASH_ATTN_EXT(hsk=128,hsv=128,nh=4,nr23=[12,1],kv=512,nb=75,mask=1,sinks=0,max_bias=0.000000,logit_softcap=0.000000,prec=def,type_K=f16,type_V=f16,permute=[0,1,2,3]): not supported [RD0] 
  FLASH_ATTN_EXT(hsk=128,hsv=128,nh=4,nr23=[12,1],kv=512,nb=75,mask=1,sinks=0,max_bias=0.000000,logit_softcap=0.000000,prec=def,type_K=f16,type_V=f16,permute=[0,2,1,3]): not supported [RD0] 
  FLASH_ATTN_EXT(hsk=128,hsv=128,nh=4,nr23=[1,1],kv=113,nb=1,mask=1,sinks=0,max_bias=0.000000,logit_softcap=10.000000,prec=f32,type_K=f16,type_V=f16,permute=[0,1,2,3]): not supported [RD0] 
  FLASH_ATTN_EXT(hsk=128,hsv=128,nh=4,nr23=[1,1],kv=113,nb=1,mask=1,sinks=0,max_bias=0.000000,logit_softcap=10.000000,prec=def,type_K=f16,type_V=f16,permute=[0,1,2,3]): not supported [RD0] 
  FLASH_ATTN_EXT(hsk=128,hsv=128,nh=4,nr23=[1,1],kv=113,nb=3,mask=1,sinks=0,max_bias=0.000000,logit_softcap=10.000000,prec=f32,type_K=f16,type_V=f16,permute=[0,1,2,3]): not supported [RD0] 
  FLASH_ATTN_EXT(hsk=128,hsv=128,nh=4,nr23=[1,1],kv=113,nb=3,mask=1,sinks=0,max_bias=0.000000,logit_softcap=10.000000,prec=def,type_K=f16,type_V=f16,permute=[0,1,2,3]): not supported [RD0] 
  FLASH_ATTN_EXT(hsk=128,hsv=128,nh=4,nr23=[1,1],kv=113,nb=32,mask=1,sinks=0,max_bias=0.000000,logit_softcap=10.000000,prec=f32,type_K=f16,type_V=f16,permute=[0,1,2,3]): not supported [RD0] 
  FLASH_ATTN_EXT(hsk=128,hsv=128,nh=4,nr23=[1,1],kv=113,nb=32,mask=1,sinks=0,max_bias=0.000000,logit_softcap=10.000000,prec=def,type_K=f16,type_V=f16,permute=[0,1,2,3]): not supported [RD0] 
  FLASH_ATTN_EXT(hsk=128,hsv=128,nh=4,nr23=[1,1],kv=113,nb=75,mask=1,sinks=0,max_bias=0.000000,logit_softcap=10.000000,prec=f32,type_K=f16,type_V=f16,permute=[0,1,2,3]): not supported [RD0] 
  FLASH_ATTN_EXT(hsk=128,hsv=128,nh=4,nr23=[1,1],kv=113,nb=75,mask=1,sinks=0,max_bias=0.000000,logit_softcap=10.000000,prec=def,type_K=f16,type_V=f16,permute=[0,1,2,3]): not supported [RD0] 
  FLASH_ATTN_EXT(hsk=128,hsv=128,nh=4,nr23=[1,1],kv=512,nb=1,mask=1,sinks=0,max_bias=0.000000,logit_softcap=10.000000,prec=f32,type_K=f16,type_V=f16,permute=[0,1,2,3]): not supported [RD0] 
  FLASH_ATTN_EXT(hsk=128,hsv=128,nh=4,nr23=[1,1],kv=512,nb=1,mask=1,sinks=0,max_bias=0.000000,logit_softcap=10.000000,prec=def,type_K=f16,type_V=f16,permute=[0,1,2,3]): not supported [RD0] 
  FLASH_ATTN_EXT(hsk=128,hsv=128,nh=4,nr23=[1,1],kv=512,nb=3,mask=1,sinks=0,max_bias=0.000000,logit_softcap=10.000000,prec=f32,type_K=f16,type_V=f16,permute=[0,1,2,3]): not supported [RD0] 
  FLASH_ATTN_EXT(hsk=128,hsv=128,nh=4,nr23=[1,1],kv=512,nb=3,mask=1,sinks=0,max_bias=0.000000,logit_softcap=10.000000,prec=def,type_K=f16,type_V=f16,permute=[0,1,2,3]): not supported [RD0] 
  FLASH_ATTN_EXT(hsk=128,hsv=128,nh=4,nr23=[1,1],kv=512,nb=32,mask=1,sinks=0,max_bias=0.000000,logit_softcap=10.000000,prec=f32,type_K=f16,type_V=f16,permute=[0,1,2,3]): not supported [RD0] 
  FLASH_ATTN_EXT(hsk=128,hsv=128,nh=4,nr23=[1,1],kv=512,nb=32,mask=1,sinks=0,max_bias=0.000000,logit_softcap=10.000000,prec=def,type_K=f16,type_V=f16,permute=[0,1,2,3]): not supported [RD0] 
  FLASH_ATTN_EXT(hsk=128,hsv=128,nh=4,nr23=[1,1],kv=512,nb=75,mask=1,sinks=0,max_bias=0.000000,logit_softcap=10.000000,prec=f32,type_K=f16,type_V=f16,permute=[0,1,2,3]): not supported [RD0] 
  FLASH_ATTN_EXT(hsk=128,hsv=128,nh=4,nr23=[1,1],kv=512,nb=75,mask=1,sinks=0,max_bias=0.000000,logit_softcap=10.000000,prec=def,type_K=f16,type_V=f16,permute=[0,1,2,3]): not supported [RD0] 
  FLASH_ATTN_EXT(hsk=128,hsv=128,nh=4,nr23=[1,1],kv=1024,nb=1,mask=1,sinks=0,max_bias=0.000000,logit_softcap=10.000000,prec=f32,type_K=f16,type_V=f16,permute=[0,1,2,3]): not supported [RD0] 
  FLASH_ATTN_EXT(hsk=128,hsv=128,nh=4,nr23=[1,1],kv=1024,nb=1,mask=1,sinks=0,max_bias=0.000000,logit_softcap=10.000000,prec=def,type_K=f16,type_V=f16,permute=[0,1,2,3]): not supported [RD0] 
  FLASH_ATTN_EXT(hsk=128,hsv=128,nh=4,nr23=[1,1],kv=1024,nb=3,mask=1,sinks=0,max_bias=0.000000,logit_softcap=10.000000,prec=f32,type_K=f16,type_V=f16,permute=[0,1,2,3]): not supported [RD0] 
  FLASH_ATTN_EXT(hsk=128,hsv=128,nh=4,nr23=[1,1],kv=1024,nb=3,mask=1,sinks=0,max_bias=0.000000,logit_softcap=10.000000,prec=def,type_K=f16,type_V=f16,permute=[0,1,2,3]): not supported [RD0] 
  FLASH_ATTN_EXT(hsk=128,hsv=128,nh=4,nr23=[1,1],kv=1024,nb=32,mask=1,sinks=0,max_bias=0.000000,logit_softcap=10.000000,prec=f32,type_K=f16,type_V=f16,permute=[0,1,2,3]): not supported [RD0] 
  FLASH_ATTN_EXT(hsk=128,hsv=128,nh=4,nr23=[1,1],kv=1024,nb=32,mask=1,sinks=0,max_bias=0.000000,logit_softcap=10.000000,prec=def,type_K=f16,type_V=f16,permute=[0,1,2,3]): not supported [RD0] 
  FLASH_ATTN_EXT(hsk=128,hsv=128,nh=4,nr23=[1,1],kv=1024,nb=75,mask=1,sinks=0,max_bias=0.000000,logit_softcap=10.000000,prec=f32,type_K=f16,type_V=f16,permute=[0,1,2,3]): not supported [RD0] 
  FLASH_ATTN_EXT(hsk=128,hsv=128,nh=4,nr23=[1,1],kv=1024,nb=75,mask=1,sinks=0,max_bias=0.000000,logit_softcap=10.000000,prec=def,type_K=f16,type_V=f16,permute=[0,1,2,3]): not supported [RD0] 
  FLASH_ATTN_EXT(hsk=128,hsv=128,nh=4,nr23=[4,1],kv=512,nb=1,mask=1,sinks=0,max_bias=0.000000,logit_softcap=10.000000,prec=f32,type_K=f16,type_V=f16,permute=[0,1,2,3]): not supported [RD0] 
  FLASH_ATTN_EXT(hsk=128,hsv=128,nh=4,nr23=[4,1],kv=512,nb=1,mask=1,sinks=0,max_bias=0.000000,logit_softcap=10.000000,prec=def,type_K=f16,type_V=f16,permute=[0,1,2,3]): not supported [RD0] 
  FLASH_ATTN_EXT(hsk=128,hsv=128,nh=4,nr23=[4,1],kv=512,nb=3,mask=1,sinks=0,max_bias=0.000000,logit_softcap=10.000000,prec=f32,type_K=f16,type_V=f16,permute=[0,1,2,3]): not supported [RD0] 
  FLASH_ATTN_EXT(hsk=128,hsv=128,nh=4,nr23=[4,1],kv=512,nb=3,mask=1,sinks=0,max_bias=0.000000,logit_softcap=10.000000,prec=def,type_K=f16,type_V=f16,permute=[0,1,2,3]): not supported [RD0] 
  FLASH_ATTN_EXT(hsk=128,hsv=128,nh=4,nr23=[4,1],kv=512,nb=32,mask=1,sinks=0,max_bias=0.000000,logit_softcap=10.000000,prec=f32,type_K=f16,type_V=f16,permute=[0,1,2,3]): not supported [RD0] 
  FLASH_ATTN_EXT(hsk=128,hsv=128,nh=4,nr23=[4,1],kv=512,nb=32,mask=1,sinks=0,max_bias=0.000000,logit_softcap=10.000000,prec=def,type_K=f16,type_V=f16,permute=[0,1,2,3]): not supported [RD0] 
  FLASH_ATTN_EXT(hsk=128,hsv=128,nh=4,nr23=[4,1],kv=512,nb=75,mask=1,sinks=0,max_bias=0.000000,logit_softcap=10.000000,prec=f32,type_K=f16,type_V=f16,permute=[0,1,2,3]): not supported [RD0] 
  FLASH_ATTN_EXT(hsk=128,hsv=128,nh=4,nr23=[4,1],kv=512,nb=75,mask=1,sinks=0,max_bias=0.000000,logit_softcap=10.000000,prec=def,type_K=f16,type_V=f16,permute=[0,1,2,3]): not supported [RD0] 
  FLASH_ATTN_EXT(hsk=128,hsv=128,nh=4,nr23=[12,1],kv=512,nb=1,mask=1,sinks=0,max_bias=0.000000,logit_softcap=10.000000,prec=f32,type_K=f16,type_V=f16,permute=[0,1,2,3]): not supported [RD0] 
  FLASH_ATTN_EXT(hsk=128,hsv=128,nh=4,nr23=[12,1],kv=512,nb=1,mask=1,sinks=0,max_bias=0.000000,logit_softcap=10.000000,prec=def,type_K=f16,type_V=f16,permute=[0,1,2,3]): not supported [RD0] 
  FLASH_ATTN_EXT(hsk=128,hsv=128,nh=4,nr23=[12,1],kv=512,nb=3,mask=1,sinks=0,max_bias=0.000000,logit_softcap=10.000000,prec=f32,type_K=f16,type_V=f16,permute=[0,1,2,3]): not supported [RD0] 
  FLASH_ATTN_EXT(hsk=128,hsv=128,nh=4,nr23=[12,1],kv=512,nb=3,mask=1,sinks=0,max_bias=0.000000,logit_softcap=10.000000,prec=def,type_K=f16,type_V=f16,permute=[0,1,2,3]): not supported [RD0] 
  FLASH_ATTN_EXT(hsk=128,hsv=128,nh=4,nr23=[12,1],kv=512,nb=32,mask=1,sinks=0,max_bias=0.000000,logit_softcap=10.000000,prec=f32,type_K=f16,type_V=f16,permute=[0,1,2,3]): not supported [RD0] 
  FLASH_ATTN_EXT(hsk=128,hsv=128,nh=4,nr23=[12,1],kv=512,nb=32,mask=1,sinks=0,max_bias=0.000000,logit_softcap=10.000000,prec=def,type_K=f16,type_V=f16,permute=[0,1,2,3]): not supported [RD0] 
  FLASH_ATTN_EXT(hsk=128,hsv=128,nh=4,nr23=[12,1],kv=512,nb=75,mask=1,sinks=0,max_bias=0.000000,logit_softcap=10.000000,prec=f32,type_K=f16,type_V=f16,permute=[0,1,2,3]): not supported [RD0] 
  FLASH_ATTN_EXT(hsk=128,hsv=128,nh=4,nr23=[12,1],kv=512,nb=75,mask=1,sinks=0,max_bias=0.000000,logit_softcap=10.000000,prec=def,type_K=f16,type_V=f16,permute=[0,1,2,3]): not supported [RD0] 
  FLASH_ATTN_EXT(hsk=128,hsv=128,nh=4,nr23=[1,1],kv=113,nb=1,mask=1,sinks=0,max_bias=8.000000,logit_softcap=0.000000,prec=f32,type_K=f16,type_V=f16,permute=[0,1,2,3]): not supported [RD0] 
  FLASH_ATTN_EXT(hsk=128,hsv=128,nh=4,nr23=[1,1],kv=113,nb=1,mask=1,sinks=0,max_bias=8.000000,logit_softcap=0.000000,prec=def,type_K=f16,type_V=f16,permute=[0,1,2,3]): not supported [RD0] 
  FLASH_ATTN_EXT(hsk=128,hsv=128,nh=4,nr23=[1,1],kv=113,nb=3,mask=1,sinks=0,max_bias=8.000000,logit_softcap=0.000000,prec=f32,type_K=f16,type_V=f16,permute=[0,1,2,3]): not supported [RD0] 
  FLASH_ATTN_EXT(hsk=128,hsv=128,nh=4,nr23=[1,1],kv=113,nb=3,mask=1,sinks=0,max_bias=8.000000,logit_softcap=0.000000,prec=def,type_K=f16,type_V=f16,permute=[0,1,2,3]): not supported [RD0] 
  FLASH_ATTN_EXT(hsk=128,hsv=128,nh=4,nr23=[1,1],kv=113,nb=32,mask=1,sinks=0,max_bias=8.000000,logit_softcap=0.000000,prec=f32,type_K=f16,type_V=f16,permute=[0,1,2,3]): not supported [RD0] 
  FLASH_ATTN_EXT(hsk=128,hsv=128,nh=4,nr23=[1,1],kv=113,nb=32,mask=1,sinks=0,max_bias=8.000000,logit_softcap=0.000000,prec=def,type_K=f16,type_V=f16,permute=[0,1,2,3]): not supported [RD0] 
  FLASH_ATTN_EXT(hsk=128,hsv=128,nh=4,nr23=[1,1],kv=113,nb=75,mask=1,sinks=0,max_bias=8.000000,logit_softcap=0.000000,prec=f32,type_K=f16,type_V=f16,permute=[0,1,2,3]): not supported [RD0] 
  FLASH_ATTN_EXT(hsk=128,hsv=128,nh=4,nr23=[1,1],kv=113,nb=75,mask=1,sinks=0,max_bias=8.000000,logit_softcap=0.000000,prec=def,type_K=f16,type_V=f16,permute=[0,1,2,3]): not supported [RD0] 
  FLASH_ATTN_EXT(hsk=128,hsv=128,nh=4,nr23=[1,1],kv=512,nb=1,mask=1,sinks=0,max_bias=8.000000,logit_softcap=0.000000,prec=f32,type_K=f16,type_V=f16,permute=[0,1,2,3]): not supported [RD0] 
  FLASH_ATTN_EXT(hsk=128,hsv=128,nh=4,nr23=[1,1],kv=512,nb=1,mask=1,sinks=0,max_bias=8.000000,logit_softcap=0.000000,prec=def,type_K=f16,type_V=f16,permute=[0,1,2,3]): not supported [RD0] 
  FLASH_ATTN_EXT(hsk=128,hsv=128,nh=4,nr23=[1,1],kv=512,nb=3,mask=1,sinks=0,max_bias=8.000000,logit_softcap=0.000000,prec=f32,type_K=f16,type_V=f16,permute=[0,1,2,3]): not supported [RD0] 
  FLASH_ATTN_EXT(hsk=128,hsv=128,nh=4,nr23=[1,1],kv=512,nb=3,mask=1,sinks=0,max_bias=8.000000,logit_softcap=0.000000,prec=def,type_K=f16,type_V=f16,permute=[0,1,2,3]): not supported [RD0] 
  FLASH_ATTN_EXT(hsk=128,hsv=128,nh=4,nr23=[1,1],kv=512,nb=32,mask=1,sinks=0,max_bias=8.000000,logit_softcap=0.000000,prec=f32,type_K=f16,type_V=f16,permute=[0,1,2,3]): not supported [RD0] 
  FLASH_ATTN_EXT(hsk=128,hsv=128,nh=4,nr23=[1,1],kv=512,nb=32,mask=1,sinks=0,max_bias=8.000000,logit_softcap=0.000000,prec=def,type_K=f16,type_V=f16,permute=[0,1,2,3]): not supported [RD0] 
  FLASH_ATTN_EXT(hsk=128,hsv=128,nh=4,nr23=[1,1],kv=512,nb=75,mask=1,sinks=0,max_bias=8.000000,logit_softcap=0.000000,prec=f32,type_K=f16,type_V=f16,permute=[0,1,2,3]): not supported [RD0] 
  FLASH_ATTN_EXT(hsk=128,hsv=128,nh=4,nr23=[1,1],kv=512,nb=75,mask=1,sinks=0,max_bias=8.000000,logit_softcap=0.000000,prec=def,type_K=f16,type_V=f16,permute=[0,1,2,3]): not supported [RD0] 
  FLASH_ATTN_EXT(hsk=128,hsv=128,nh=4,nr23=[1,1],kv=1024,nb=1,mask=1,sinks=0,max_bias=8.000000,logit_softcap=0.000000,prec=f32,type_K=f16,type_V=f16,permute=[0,1,2,3]): not supported [RD0] 
  FLASH_ATTN_EXT(hsk=128,hsv=128,nh=4,nr23=[1,1],kv=1024,nb=1,mask=1,sinks=0,max_bias=8.000000,logit_softcap=0.000000,prec=def,type_K=f16,type_V=f16,permute=[0,1,2,3]): not supported [RD0] 
  FLASH_ATTN_EXT(hsk=128,hsv=128,nh=4,nr23=[1,1],kv=1024,nb=3,mask=1,sinks=0,max_bias=8.000000,logit_softcap=0.000000,prec=f32,type_K=f16,type_V=f16,permute=[0,1,2,3]): not supported [RD0] 
  FLASH_ATTN_EXT(hsk=128,hsv=128,nh=4,nr23=[1,1],kv=1024,nb=3,mask=1,sinks=0,max_bias=8.000000,logit_softcap=0.000000,prec=def,type_K=f16,type_V=f16,permute=[0,1,2,3]): not supported [RD0] 
  FLASH_ATTN_EXT(hsk=128,hsv=128,nh=4,nr23=[1,1],kv=1024,nb=32,mask=1,sinks=0,max_bias=8.000000,logit_softcap=0.000000,prec=f32,type_K=f16,type_V=f16,permute=[0,1,2,3]): not supported [RD0] 
  FLASH_ATTN_EXT(hsk=128,hsv=128,nh=4,nr23=[1,1],kv=1024,nb=32,mask=1,sinks=0,max_bias=8.000000,logit_softcap=0.000000,prec=def,type_K=f16,type_V=f16,permute=[0,1,2,3]): not supported [RD0] 
  FLASH_ATTN_EXT(hsk=128,hsv=128,nh=4,nr23=[1,1],kv=1024,nb=75,mask=1,sinks=0,max_bias=8.000000,logit_softcap=0.000000,prec=f32,type_K=f16,type_V=f16,permute=[0,1,2,3]): not supported [RD0] 
  FLASH_ATTN_EXT(hsk=128,hsv=128,nh=4,nr23=[1,1],kv=1024,nb=75,mask=1,sinks=0,max_bias=8.000000,logit_softcap=0.000000,prec=def,type_K=f16,type_V=f16,permute=[0,1,2,3]): not supported [RD0] 
  FLASH_ATTN_EXT(hsk=128,hsv=128,nh=4,nr23=[4,1],kv=512,nb=1,mask=1,sinks=0,max_bias=8.000000,logit_softcap=0.000000,prec=f32,type_K=f16,type_V=f16,permute=[0,1,2,3]): not supported [RD0] 
  FLASH_ATTN_EXT(hsk=128,hsv=128,nh=4,nr23=[4,1],kv=512,nb=1,mask=1,sinks=0,max_bias=8.000000,logit_softcap=0.000000,prec=def,type_K=f16,type_V=f16,permute=[0,1,2,3]): not supported [RD0] 
  FLASH_ATTN_EXT(hsk=128,hsv=128,nh=4,nr23=[4,1],kv=512,nb=3,mask=1,sinks=0,max_bias=8.000000,logit_softcap=0.000000,prec=f32,type_K=f16,type_V=f16,permute=[0,1,2,3]): not supported [RD0] 
  FLASH_ATTN_EXT(hsk=128,hsv=128,nh=4,nr23=[4,1],kv=512,nb=3,mask=1,sinks=0,max_bias=8.000000,logit_softcap=0.000000,prec=def,type_K=f16,type_V=f16,permute=[0,1,2,3]): not supported [RD0] 
  FLASH_ATTN_EXT(hsk=128,hsv=128,nh=4,nr23=[4,1],kv=512,nb=32,mask=1,sinks=0,max_bias=8.000000,logit_softcap=0.000000,prec=f32,type_K=f16,type_V=f16,permute=[0,1,2,3]): not supported [RD0] 
  FLASH_ATTN_EXT(hsk=128,hsv=128,nh=4,nr23=[4,1],kv=512,nb=32,mask=1,sinks=0,max_bias=8.000000,logit_softcap=0.000000,prec=def,type_K=f16,type_V=f16,permute=[0,1,2,3]): not supported [RD0] 
  FLASH_ATTN_EXT(hsk=128,hsv=128,nh=4,nr23=[4,1],kv=512,nb=75,mask=1,sinks=0,max_bias=8.000000,logit_softcap=0.000000,prec=f32,type_K=f16,type_V=f16,permute=[0,1,2,3]): not supported [RD0] 
  FLASH_ATTN_EXT(hsk=128,hsv=128,nh=4,nr23=[4,1],kv=512,nb=75,mask=1,sinks=0,max_bias=8.000000,logit_softcap=0.000000,prec=def,type_K=f16,type_V=f16,permute=[0,1,2,3]): not supported [RD0] 
  FLASH_ATTN_EXT(hsk=128,hsv=128,nh=4,nr23=[12,1],kv=512,nb=1,mask=1,sinks=0,max_bias=8.000000,logit_softcap=0.000000,prec=f32,type_K=f16,type_V=f16,permute=[0,1,2,3]): not supported [RD0] 
  FLASH_ATTN_EXT(hsk=128,hsv=128,nh=4,nr23=[12,1],kv=512,nb=1,mask=1,sinks=0,max_bias=8.000000,logit_softcap=0.000000,prec=def,type_K=f16,type_V=f16,permute=[0,1,2,3]): not supported [RD0] 
  FLASH_ATTN_EXT(hsk=128,hsv=128,nh=4,nr23=[12,1],kv=512,nb=3,mask=1,sinks=0,max_bias=8.000000,logit_softcap=0.000000,prec=f32,type_K=f16,type_V=f16,permute=[0,1,2,3]): not supported [RD0] 
  FLASH_ATTN_EXT(hsk=128,hsv=128,nh=4,nr23=[12,1],kv=512,nb=3,mask=1,sinks=0,max_bias=8.000000,logit_softcap=0.000000,prec=def,type_K=f16,type_V=f16,permute=[0,1,2,3]): not supported [RD0] 
  FLASH_ATTN_EXT(hsk=128,hsv=128,nh=4,nr23=[12,1],kv=512,nb=32,mask=1,sinks=0,max_bias=8.000000,logit_softcap=0.000000,prec=f32,type_K=f16,type_V=f16,permute=[0,1,2,3]): not supported [RD0] 
  FLASH_ATTN_EXT(hsk=128,hsv=128,nh=4,nr23=[12,1],kv=512,nb=32,mask=1,sinks=0,max_bias=8.000000,logit_softcap=0.000000,prec=def,type_K=f16,type_V=f16,permute=[0,1,2,3]): not supported [RD0] 
  FLASH_ATTN_EXT(hsk=128,hsv=128,nh=4,nr23=[12,1],kv=512,nb=75,mask=1,sinks=0,max_bias=8.000000,logit_softcap=0.000000,prec=f32,type_K=f16,type_V=f16,permute=[0,1,2,3]): not supported [RD0] 
  FLASH_ATTN_EXT(hsk=128,hsv=128,nh=4,nr23=[12,1],kv=512,nb=75,mask=1,sinks=0,max_bias=8.000000,logit_softcap=0.000000,prec=def,type_K=f16,type_V=f16,permute=[0,1,2,3]): not supported [RD0] 
  FLASH_ATTN_EXT(hsk=128,hsv=128,nh=4,nr23=[1,1],kv=113,nb=1,mask=1,sinks=0,max_bias=8.000000,logit_softcap=10.000000,prec=f32,type_K=f16,type_V=f16,permute=[0,1,2,3]): not supported [RD0] 
  FLASH_ATTN_EXT(hsk=128,hsv=128,nh=4,nr23=[1,1],kv=113,nb=1,mask=1,sinks=0,max_bias=8.000000,logit_softcap=10.000000,prec=def,type_K=f16,type_V=f16,permute=[0,1,2,3]): not supported [RD0] 
  FLASH_ATTN_EXT(hsk=128,hsv=128,nh=4,nr23=[1,1],kv=113,nb=3,mask=1,sinks=0,max_bias=8.000000,logit_softcap=10.000000,prec=f32,type_K=f16,type_V=f16,permute=[0,1,2,3]): not supported [RD0] 
  FLASH_ATTN_EXT(hsk=128,hsv=128,nh=4,nr23=[1,1],kv=113,nb=3,mask=1,sinks=0,max_bias=8.000000,logit_softcap=10.000000,prec=def,type_K=f16,type_V=f16,permute=[0,1,2,3]): not supported [RD0] 
  FLASH_ATTN_EXT(hsk=128,hsv=128,nh=4,nr23=[1,1],kv=113,nb=32,mask=1,sinks=0,max_bias=8.000000,logit_softcap=10.000000,prec=f32,type_K=f16,type_V=f16,permute=[0,1,2,3]): not supported [RD0] 
  FLASH_ATTN_EXT(hsk=128,hsv=128,nh=4,nr23=[1,1],kv=113,nb=32,mask=1,sinks=0,max_bias=8.000000,logit_softcap=10.000000,prec=def,type_K=f16,type_V=f16,permute=[0,1,2,3]): not supported [RD0] 
  FLASH_ATTN_EXT(hsk=128,hsv=128,nh=4,nr23=[1,1],kv=113,nb=75,mask=1,sinks=0,max_bias=8.000000,logit_softcap=10.000000,prec=f32,type_K=f16,type_V=f16,permute=[0,1,2,3]): not supported [RD0] 
  FLASH_ATTN_EXT(hsk=128,hsv=128,nh=4,nr23=[1,1],kv=113,nb=75,mask=1,sinks=0,max_bias=8.000000,logit_softcap=10.000000,prec=def,type_K=f16,type_V=f16,permute=[0,1,2,3]): not supported [RD0] 
  FLASH_ATTN_EXT(hsk=128,hsv=128,nh=4,nr23=[1,1],kv=512,nb=1,mask=1,sinks=0,max_bias=8.000000,logit_softcap=10.000000,prec=f32,type_K=f16,type_V=f16,permute=[0,1,2,3]): not supported [RD0] 
  FLASH_ATTN_EXT(hsk=128,hsv=128,nh=4,nr23=[1,1],kv=512,nb=1,mask=1,sinks=0,max_bias=8.000000,logit_softcap=10.000000,prec=def,type_K=f16,type_V=f16,permute=[0,1,2,3]): not supported [RD0] 
  FLASH_ATTN_EXT(hsk=128,hsv=128,nh=4,nr23=[1,1],kv=512,nb=3,mask=1,sinks=0,max_bias=8.000000,logit_softcap=10.000000,prec=f32,type_K=f16,type_V=f16,permute=[0,1,2,3]): not supported [RD0] 
  FLASH_ATTN_EXT(hsk=128,hsv=128,nh=4,nr23=[1,1],kv=512,nb=3,mask=1,sinks=0,max_bias=8.000000,logit_softcap=10.000000,prec=def,type_K=f16,type_V=f16,permute=[0,1,2,3]): not supported [RD0] 
  FLASH_ATTN_EXT(hsk=128,hsv=128,nh=4,nr23=[1,1],kv=512,nb=32,mask=1,sinks=0,max_bias=8.000000,logit_softcap=10.000000,prec=f32,type_K=f16,type_V=f16,permute=[0,1,2,3]): not supported [RD0] 
  FLASH_ATTN_EXT(hsk=128,hsv=128,nh=4,nr23=[1,1],kv=512,nb=32,mask=1,sinks=0,max_bias=8.000000,logit_softcap=10.000000,prec=def,type_K=f16,type_V=f16,permute=[0,1,2,3]): not supported [RD0] 
  FLASH_ATTN_EXT(hsk=128,hsv=128,nh=4,nr23=[1,1],kv=512,nb=75,mask=1,sinks=0,max_bias=8.000000,logit_softcap=10.000000,prec=f32,type_K=f16,type_V=f16,permute=[0,1,2,3]): not supported [RD0] 
  FLASH_ATTN_EXT(hsk=128,hsv=128,nh=4,nr23=[1,1],kv=512,nb=75,mask=1,sinks=0,max_bias=8.000000,logit_softcap=10.000000,prec=def,type_K=f16,type_V=f16,permute=[0,1,2,3]): not supported [RD0] 
  FLASH_ATTN_EXT(hsk=128,hsv=128,nh=4,nr23=[1,1],kv=1024,nb=1,mask=1,sinks=0,max_bias=8.000000,logit_softcap=10.000000,prec=f32,type_K=f16,type_V=f16,permute=[0,1,2,3]): not supported [RD0] 
  FLASH_ATTN_EXT(hsk=128,hsv=128,nh=4,nr23=[1,1],kv=1024,nb=1,mask=1,sinks=0,max_bias=8.000000,logit_softcap=10.000000,prec=def,type_K=f16,type_V=f16,permute=[0,1,2,3]): not supported [RD0] 
  FLASH_ATTN_EXT(hsk=128,hsv=128,nh=4,nr23=[1,1],kv=1024,nb=3,mask=1,sinks=0,max_bias=8.000000,logit_softcap=10.000000,prec=f32,type_K=f16,type_V=f16,permute=[0,1,2,3]): not supported [RD0] 
  FLASH_ATTN_EXT(hsk=128,hsv=128,nh=4,nr23=[1,1],kv=1024,nb=3,mask=1,sinks=0,max_bias=8.000000,logit_softcap=10.000000,prec=def,type_K=f16,type_V=f16,permute=[0,1,2,3]): not supported [RD0] 
  FLASH_ATTN_EXT(hsk=128,hsv=128,nh=4,nr23=[1,1],kv=1024,nb=32,mask=1,sinks=0,max_bias=8.000000,logit_softcap=10.000000,prec=f32,type_K=f16,type_V=f16,permute=[0,1,2,3]): not supported [RD0] 
  FLASH_ATTN_EXT(hsk=128,hsv=128,nh=4,nr23=[1,1],kv=1024,nb=32,mask=1,sinks=0,max_bias=8.000000,logit_softcap=10.000000,prec=def,type_K=f16,type_V=f16,permute=[0,1,2,3]): not supported [RD0] 
  FLASH_ATTN_EXT(hsk=128,hsv=128,nh=4,nr23=[1,1],kv=1024,nb=75,mask=1,sinks=0,max_bias=8.000000,logit_softcap=10.000000,prec=f32,type_K=f16,type_V=f16,permute=[0,1,2,3]): not supported [RD0] 
  FLASH_ATTN_EXT(hsk=128,hsv=128,nh=4,nr23=[1,1],kv=1024,nb=75,mask=1,sinks=0,max_bias=8.000000,logit_softcap=10.000000,prec=def,type_K=f16,type_V=f16,permute=[0,1,2,3]): not supported [RD0] 
  FLASH_ATTN_EXT(hsk=128,hsv=128,nh=4,nr23=[4,1],kv=512,nb=1,mask=1,sinks=0,max_bias=8.000000,logit_softcap=10.000000,prec=f32,type_K=f16,type_V=f16,permute=[0,1,2,3]): not supported [RD0] 
  FLASH_ATTN_EXT(hsk=128,hsv=128,nh=4,nr23=[4,1],kv=512,nb=1,mask=1,sinks=0,max_bias=8.000000,logit_softcap=10.000000,prec=def,type_K=f16,type_V=f16,permute=[0,1,2,3]): not supported [RD0] 
  FLASH_ATTN_EXT(hsk=128,hsv=128,nh=4,nr23=[4,1],kv=512,nb=3,mask=1,sinks=0,max_bias=8.000000,logit_softcap=10.000000,prec=f32,type_K=f16,type_V=f16,permute=[0,1,2,3]): not supported [RD0] 
  FLASH_ATTN_EXT(hsk=128,hsv=128,nh=4,nr23=[4,1],kv=512,nb=3,mask=1,sinks=0,max_bias=8.000000,logit_softcap=10.000000,prec=def,type_K=f16,type_V=f16,permute=[0,1,2,3]): not supported [RD0] 
  FLASH_ATTN_EXT(hsk=128,hsv=128,nh=4,nr23=[4,1],kv=512,nb=32,mask=1,sinks=0,max_bias=8.000000,logit_softcap=10.000000,prec=f32,type_K=f16,type_V=f16,permute=[0,1,2,3]): not supported [RD0] 
  FLASH_ATTN_EXT(hsk=128,hsv=128,nh=4,nr23=[4,1],kv=512,nb=32,mask=1,sinks=0,max_bias=8.000000,logit_softcap=10.000000,prec=def,type_K=f16,type_V=f16,permute=[0,1,2,3]): not supported [RD0] 
  FLASH_ATTN_EXT(hsk=128,hsv=128,nh=4,nr23=[4,1],kv=512,nb=75,mask=1,sinks=0,max_bias=8.000000,logit_softcap=10.000000,prec=f32,type_K=f16,type_V=f16,permute=[0,1,2,3]): not supported [RD0] 
  FLASH_ATTN_EXT(hsk=128,hsv=128,nh=4,nr23=[4,1],kv=512,nb=75,mask=1,sinks=0,max_bias=8.000000,logit_softcap=10.000000,prec=def,type_K=f16,type_V=f16,permute=[0,1,2,3]): not supported [RD0] 
  FLASH_ATTN_EXT(hsk=128,hsv=128,nh=4,nr23=[12,1],kv=512,nb=1,mask=1,sinks=0,max_bias=8.000000,logit_softcap=10.000000,prec=f32,type_K=f16,type_V=f16,permute=[0,1,2,3]): not supported [RD0] 
  FLASH_ATTN_EXT(hsk=128,hsv=128,nh=4,nr23=[12,1],kv=512,nb=1,mask=1,sinks=0,max_bias=8.000000,logit_softcap=10.000000,prec=def,type_K=f16,type_V=f16,permute=[0,1,2,3]): not supported [RD0] 
  FLASH_ATTN_EXT(hsk=128,hsv=128,nh=4,nr23=[12,1],kv=512,nb=3,mask=1,sinks=0,max_bias=8.000000,logit_softcap=10.000000,prec=f32,type_K=f16,type_V=f16,permute=[0,1,2,3]): not supported [RD0] 
  FLASH_ATTN_EXT(hsk=128,hsv=128,nh=4,nr23=[12,1],kv=512,nb=3,mask=1,sinks=0,max_bias=8.000000,logit_softcap=10.000000,prec=def,type_K=f16,type_V=f16,permute=[0,1,2,3]): not supported [RD0] 
  FLASH_ATTN_EXT(hsk=128,hsv=128,nh=4,nr23=[12,1],kv=512,nb=32,mask=1,sinks=0,max_bias=8.000000,logit_softcap=10.000000,prec=f32,type_K=f16,type_V=f16,permute=[0,1,2,3]): not supported [RD0] 
  FLASH_ATTN_EXT(hsk=128,hsv=128,nh=4,nr23=[12,1],kv=512,nb=32,mask=1,sinks=0,max_bias=8.000000,logit_softcap=10.000000,prec=def,type_K=f16,type_V=f16,permute=[0,1,2,3]): not supported [RD0] 
  FLASH_ATTN_EXT(hsk=128,hsv=128,nh=4,nr23=[12,1],kv=512,nb=75,mask=1,sinks=0,max_bias=8.000000,logit_softcap=10.000000,prec=f32,type_K=f16,type_V=f16,permute=[0,1,2,3]): not supported [RD0] 
  FLASH_ATTN_EXT(hsk=128,hsv=128,nh=4,nr23=[12,1],kv=512,nb=75,mask=1,sinks=0,max_bias=8.000000,logit_softcap=10.000000,prec=def,type_K=f16,type_V=f16,permute=[0,1,2,3]): not supported [RD0] 
  FLASH_ATTN_EXT(hsk=128,hsv=128,nh=4,nr23=[1,1],kv=113,nb=1,mask=0,sinks=1,max_bias=0.000000,logit_softcap=0.000000,prec=f32,type_K=f16,type_V=f16,permute=[0,1,2,3]): not supported [RD0] 
  FLASH_ATTN_EXT(hsk=128,hsv=128,nh=4,nr23=[1,1],kv=113,nb=1,mask=0,sinks=1,max_bias=0.000000,logit_softcap=0.000000,prec=def,type_K=f16,type_V=f16,permute=[0,1,2,3]): not supported [RD0] 
  FLASH_ATTN_EXT(hsk=128,hsv=128,nh=4,nr23=[1,1],kv=113,nb=3,mask=0,sinks=1,max_bias=0.000000,logit_softcap=0.000000,prec=f32,type_K=f16,type_V=f16,permute=[0,1,2,3]): not supported [RD0] 
  FLASH_ATTN_EXT(hsk=128,hsv=128,nh=4,nr23=[1,1],kv=113,nb=3,mask=0,sinks=1,max_bias=0.000000,logit_softcap=0.000000,prec=def,type_K=f16,type_V=f16,permute=[0,1,2,3]): not supported [RD0] 
  FLASH_ATTN_EXT(hsk=128,hsv=128,nh=4,nr23=[1,1],kv=113,nb=32,mask=0,sinks=1,max_bias=0.000000,logit_softcap=0.000000,prec=f32,type_K=f16,type_V=f16,permute=[0,1,2,3]): not supported [RD0] 
  FLASH_ATTN_EXT(hsk=128,hsv=128,nh=4,nr23=[1,1],kv=113,nb=32,mask=0,sinks=1,max_bias=0.000000,logit_softcap=0.000000,prec=def,type_K=f16,type_V=f16,permute=[0,1,2,3]): not supported [RD0] 
  FLASH_ATTN_EXT(hsk=128,hsv=128,nh=4,nr23=[1,1],kv=113,nb=75,mask=0,sinks=1,max_bias=0.000000,logit_softcap=0.000000,prec=f32,type_K=f16,type_V=f16,permute=[0,1,2,3]): not supported [RD0] 
  FLASH_ATTN_EXT(hsk=128,hsv=128,nh=4,nr23=[1,1],kv=113,nb=75,mask=0,sinks=1,max_bias=0.000000,logit_softcap=0.000000,prec=def,type_K=f16,type_V=f16,permute=[0,1,2,3]): not supported [RD0] 
  FLASH_ATTN_EXT(hsk=128,hsv=128,nh=4,nr23=[1,1],kv=512,nb=1,mask=0,sinks=1,max_bias=0.000000,logit_softcap=0.000000,prec=f32,type_K=f16,type_V=f16,permute=[0,1,2,3]): not supported [RD0] 
  FLASH_ATTN_EXT(hsk=128,hsv=128,nh=4,nr23=[1,1],kv=512,nb=1,mask=0,sinks=1,max_bias=0.000000,logit_softcap=0.000000,prec=def,type_K=f16,type_V=f16,permute=[0,1,2,3]): not supported [RD0] 
  FLASH_ATTN_EXT(hsk=128,hsv=128,nh=4,nr23=[1,1],kv=512,nb=3,mask=0,sinks=1,max_bias=0.000000,logit_softcap=0.000000,prec=f32,type_K=f16,type_V=f16,permute=[0,1,2,3]): not supported [RD0] 
  FLASH_ATTN_EXT(hsk=128,hsv=128,nh=4,nr23=[1,1],kv=512,nb=3,mask=0,sinks=1,max_bias=0.000000,logit_softcap=0.000000,prec=def,type_K=f16,type_V=f16,permute=[0,1,2,3]): not supported [RD0] 
  FLASH_ATTN_EXT(hsk=128,hsv=128,nh=4,nr23=[1,1],kv=512,nb=32,mask=0,sinks=1,max_bias=0.000000,logit_softcap=0.000000,prec=f32,type_K=f16,type_V=f16,permute=[0,1,2,3]): not supported [RD0] 
  FLASH_ATTN_EXT(hsk=128,hsv=128,nh=4,nr23=[1,1],kv=512,nb=32,mask=0,sinks=1,max_bias=0.000000,logit_softcap=0.000000,prec=def,type_K=f16,type_V=f16,permute=[0,1,2,3]): not supported [RD0] 
  FLASH_ATTN_EXT(hsk=128,hsv=128,nh=4,nr23=[1,1],kv=512,nb=75,mask=0,sinks=1,max_bias=0.000000,logit_softcap=0.000000,prec=f32,type_K=f16,type_V=f16,permute=[0,1,2,3]): not supported [RD0] 
  FLASH_ATTN_EXT(hsk=128,hsv=128,nh=4,nr23=[1,1],kv=512,nb=75,mask=0,sinks=1,max_bias=0.000000,logit_softcap=0.000000,prec=def,type_K=f16,type_V=f16,permute=[0,1,2,3]): not supported [RD0] 
  FLASH_ATTN_EXT(hsk=128,hsv=128,nh=4,nr23=[1,1],kv=1024,nb=1,mask=0,sinks=1,max_bias=0.000000,logit_softcap=0.000000,prec=f32,type_K=f16,type_V=f16,permute=[0,1,2,3]): not supported [RD0] 
  FLASH_ATTN_EXT(hsk=128,hsv=128,nh=4,nr23=[1,1],kv=1024,nb=1,mask=0,sinks=1,max_bias=0.000000,logit_softcap=0.000000,prec=def,type_K=f16,type_V=f16,permute=[0,1,2,3]): not supported [RD0] 
  FLASH_ATTN_EXT(hsk=128,hsv=128,nh=4,nr23=[1,1],kv=1024,nb=3,mask=0,sinks=1,max_bias=0.000000,logit_softcap=0.000000,prec=f32,type_K=f16,type_V=f16,permute=[0,1,2,3]): not supported [RD0] 
  FLASH_ATTN_EXT(hsk=128,hsv=128,nh=4,nr23=[1,1],kv=1024,nb=3,mask=0,sinks=1,max_bias=0.000000,logit_softcap=0.000000,prec=def,type_K=f16,type_V=f16,permute=[0,1,2,3]): not supported [RD0] 
  FLASH_ATTN_EXT(hsk=128,hsv=128,nh=4,nr23=[1,1],kv=1024,nb=32,mask=0,sinks=1,max_bias=0.000000,logit_softcap=0.000000,prec=f32,type_K=f16,type_V=f16,permute=[0,1,2,3]): not supported [RD0] 
  FLASH_ATTN_EXT(hsk=128,hsv=128,nh=4,nr23=[1,1],kv=1024,nb=32,mask=0,sinks=1,max_bias=0.000000,logit_softcap=0.000000,prec=def,type_K=f16,type_V=f16,permute=[0,1,2,3]): not supported [RD0] 
  FLASH_ATTN_EXT(hsk=128,hsv=128,nh=4,nr23=[1,1],kv=1024,nb=75,mask=0,sinks=1,max_bias=0.000000,logit_softcap=0.000000,prec=f32,type_K=f16,type_V=f16,permute=[0,1,2,3]): not supported [RD0] 
  FLASH_ATTN_EXT(hsk=128,hsv=128,nh=4,nr23=[1,1],kv=1024,nb=75,mask=0,sinks=1,max_bias=0.000000,logit_softcap=0.000000,prec=def,type_K=f16,type_V=f16,permute=[0,1,2,3]): not supported [RD0] 
  FLASH_ATTN_EXT(hsk=128,hsv=128,nh=4,nr23=[4,1],kv=512,nb=1,mask=0,sinks=1,max_bias=0.000000,logit_softcap=0.000000,prec=f32,type_K=f16,type_V=f16,permute=[0,1,2,3]): not supported [RD0] 
  FLASH_ATTN_EXT(hsk=128,hsv=128,nh=4,nr23=[4,1],kv=512,nb=1,mask=0,sinks=1,max_bias=0.000000,logit_softcap=0.000000,prec=def,type_K=f16,type_V=f16,permute=[0,1,2,3]): not supported [RD0] 
  FLASH_ATTN_EXT(hsk=128,hsv=128,nh=4,nr23=[4,1],kv=512,nb=3,mask=0,sinks=1,max_bias=0.000000,logit_softcap=0.000000,prec=f32,type_K=f16,type_V=f16,permute=[0,1,2,3]): not supported [RD0] 
  FLASH_ATTN_EXT(hsk=128,hsv=128,nh=4,nr23=[4,1],kv=512,nb=3,mask=0,sinks=1,max_bias=0.000000,logit_softcap=0.000000,prec=def,type_K=f16,type_V=f16,permute=[0,1,2,3]): not supported [RD0] 
  FLASH_ATTN_EXT(hsk=128,hsv=128,nh=4,nr23=[4,1],kv=512,nb=32,mask=0,sinks=1,max_bias=0.000000,logit_softcap=0.000000,prec=f32,type_K=f16,type_V=f16,permute=[0,1,2,3]): not supported [RD0] 
  FLASH_ATTN_EXT(hsk=128,hsv=128,nh=4,nr23=[4,1],kv=512,nb=32,mask=0,sinks=1,max_bias=0.000000,logit_softcap=0.000000,prec=def,type_K=f16,type_V=f16,permute=[0,1,2,3]): not supported [RD0] 
  FLASH_ATTN_EXT(hsk=128,hsv=128,nh=4,nr23=[4,1],kv=512,nb=75,mask=0,sinks=1,max_bias=0.000000,logit_softcap=0.000000,prec=f32,type_K=f16,type_V=f16,permute=[0,1,2,3]): not supported [RD0] 
  FLASH_ATTN_EXT(hsk=128,hsv=128,nh=4,nr23=[4,1],kv=512,nb=75,mask=0,sinks=1,max_bias=0.000000,logit_softcap=0.000000,prec=def,type_K=f16,type_V=f16,permute=[0,1,2,3]): not supported [RD0] 
  FLASH_ATTN_EXT(hsk=128,hsv=128,nh=4,nr23=[12,1],kv=512,nb=1,mask=0,sinks=1,max_bias=0.000000,logit_softcap=0.000000,prec=f32,type_K=f16,type_V=f16,permute=[0,1,2,3]): not supported [RD0] 
  FLASH_ATTN_EXT(hsk=128,hsv=128,nh=4,nr23=[12,1],kv=512,nb=1,mask=0,sinks=1,max_bias=0.000000,logit_softcap=0.000000,prec=def,type_K=f16,type_V=f16,permute=[0,1,2,3]): not supported [RD0] 
  FLASH_ATTN_EXT(hsk=128,hsv=128,nh=4,nr23=[12,1],kv=512,nb=3,mask=0,sinks=1,max_bias=0.000000,logit_softcap=0.000000,prec=f32,type_K=f16,type_V=f16,permute=[0,1,2,3]): not supported [RD0] 
  FLASH_ATTN_EXT(hsk=128,hsv=128,nh=4,nr23=[12,1],kv=512,nb=3,mask=0,sinks=1,max_bias=0.000000,logit_softcap=0.000000,prec=def,type_K=f16,type_V=f16,permute=[0,1,2,3]): not supported [RD0] 
  FLASH_ATTN_EXT(hsk=128,hsv=128,nh=4,nr23=[12,1],kv=512,nb=32,mask=0,sinks=1,max_bias=0.000000,logit_softcap=0.000000,prec=f32,type_K=f16,type_V=f16,permute=[0,1,2,3]): not supported [RD0] 
  FLASH_ATTN_EXT(hsk=128,hsv=128,nh=4,nr23=[12,1],kv=512,nb=32,mask=0,sinks=1,max_bias=0.000000,logit_softcap=0.000000,prec=def,type_K=f16,type_V=f16,permute=[0,1,2,3]): not supported [RD0] 
  FLASH_ATTN_EXT(hsk=128,hsv=128,nh=4,nr23=[12,1],kv=512,nb=75,mask=0,sinks=1,max_bias=0.000000,logit_softcap=0.000000,prec=f32,type_K=f16,type_V=f16,permute=[0,1,2,3]): not supported [RD0] 
  FLASH_ATTN_EXT(hsk=128,hsv=128,nh=4,nr23=[12,1],kv=512,nb=75,mask=0,sinks=1,max_bias=0.000000,logit_softcap=0.000000,prec=def,type_K=f16,type_V=f16,permute=[0,1,2,3]): not supported [RD0] 
  FLASH_ATTN_EXT(hsk=128,hsv=128,nh=4,nr23=[1,1],kv=113,nb=1,mask=0,sinks=1,max_bias=0.000000,logit_softcap=10.000000,prec=f32,type_K=f16,type_V=f16,permute=[0,1,2,3]): not supported [RD0] 
  FLASH_ATTN_EXT(hsk=128,hsv=128,nh=4,nr23=[1,1],kv=113,nb=1,mask=0,sinks=1,max_bias=0.000000,logit_softcap=10.000000,prec=def,type_K=f16,type_V=f16,permute=[0,1,2,3]): not supported [RD0] 
  FLASH_ATTN_EXT(hsk=128,hsv=128,nh=4,nr23=[1,1],kv=113,nb=3,mask=0,sinks=1,max_bias=0.000000,logit_softcap=10.000000,prec=f32,type_K=f16,type_V=f16,permute=[0,1,2,3]): not supported [RD0] 
  FLASH_ATTN_EXT(hsk=128,hsv=128,nh=4,nr23=[1,1],kv=113,nb=3,mask=0,sinks=1,max_bias=0.000000,logit_softcap=10.000000,prec=def,type_K=f16,type_V=f16,permute=[0,1,2,3]): not supported [RD0] 
  FLASH_ATTN_EXT(hsk=128,hsv=128,nh=4,nr23=[1,1],kv=113,nb=32,mask=0,sinks=1,max_bias=0.000000,logit_softcap=10.000000,prec=f32,type_K=f16,type_V=f16,permute=[0,1,2,3]): not supported [RD0] 
  FLASH_ATTN_EXT(hsk=128,hsv=128,nh=4,nr23=[1,1],kv=113,nb=32,mask=0,sinks=1,max_bias=0.000000,logit_softcap=10.000000,prec=def,type_K=f16,type_V=f16,permute=[0,1,2,3]): not supported [RD0] 
  FLASH_ATTN_EXT(hsk=128,hsv=128,nh=4,nr23=[1,1],kv=113,nb=75,mask=0,sinks=1,max_bias=0.000000,logit_softcap=10.000000,prec=f32,type_K=f16,type_V=f16,permute=[0,1,2,3]): not supported [RD0] 
  FLASH_ATTN_EXT(hsk=128,hsv=128,nh=4,nr23=[1,1],kv=113,nb=75,mask=0,sinks=1,max_bias=0.000000,logit_softcap=10.000000,prec=def,type_K=f16,type_V=f16,permute=[0,1,2,3]): not supported [RD0] 
  FLASH_ATTN_EXT(hsk=128,hsv=128,nh=4,nr23=[1,1],kv=512,nb=1,mask=0,sinks=1,max_bias=0.000000,logit_softcap=10.000000,prec=f32,type_K=f16,type_V=f16,permute=[0,1,2,3]): not supported [RD0] 
  FLASH_ATTN_EXT(hsk=128,hsv=128,nh=4,nr23=[1,1],kv=512,nb=1,mask=0,sinks=1,max_bias=0.000000,logit_softcap=10.000000,prec=def,type_K=f16,type_V=f16,permute=[0,1,2,3]): not supported [RD0] 
  FLASH_ATTN_EXT(hsk=128,hsv=128,nh=4,nr23=[1,1],kv=512,nb=3,mask=0,sinks=1,max_bias=0.000000,logit_softcap=10.000000,prec=f32,type_K=f16,type_V=f16,permute=[0,1,2,3]): not supported [RD0] 
  FLASH_ATTN_EXT(hsk=128,hsv=128,nh=4,nr23=[1,1],kv=512,nb=3,mask=0,sinks=1,max_bias=0.000000,logit_softcap=10.000000,prec=def,type_K=f16,type_V=f16,permute=[0,1,2,3]): not supported [RD0] 
  FLASH_ATTN_EXT(hsk=128,hsv=128,nh=4,nr23=[1,1],kv=512,nb=32,mask=0,sinks=1,max_bias=0.000000,logit_softcap=10.000000,prec=f32,type_K=f16,type_V=f16,permute=[0,1,2,3]): not supported [RD0] 
  FLASH_ATTN_EXT(hsk=128,hsv=128,nh=4,nr23=[1,1],kv=512,nb=32,mask=0,sinks=1,max_bias=0.000000,logit_softcap=10.000000,prec=def,type_K=f16,type_V=f16,permute=[0,1,2,3]): not supported [RD0] 
  FLASH_ATTN_EXT(hsk=128,hsv=128,nh=4,nr23=[1,1],kv=512,nb=75,mask=0,sinks=1,max_bias=0.000000,logit_softcap=10.000000,prec=f32,type_K=f16,type_V=f16,permute=[0,1,2,3]): not supported [RD0] 
  FLASH_ATTN_EXT(hsk=128,hsv=128,nh=4,nr23=[1,1],kv=512,nb=75,mask=0,sinks=1,max_bias=0.000000,logit_softcap=10.000000,prec=def,type_K=f16,type_V=f16,permute=[0,1,2,3]): not supported [RD0] 
  FLASH_ATTN_EXT(hsk=128,hsv=128,nh=4,nr23=[1,1],kv=1024,nb=1,mask=0,sinks=1,max_bias=0.000000,logit_softcap=10.000000,prec=f32,type_K=f16,type_V=f16,permute=[0,1,2,3]): not supported [RD0] 
  FLASH_ATTN_EXT(hsk=128,hsv=128,nh=4,nr23=[1,1],kv=1024,nb=1,mask=0,sinks=1,max_bias=0.000000,logit_softcap=10.000000,prec=def,type_K=f16,type_V=f16,permute=[0,1,2,3]): not supported [RD0] 
  FLASH_ATTN_EXT(hsk=128,hsv=128,nh=4,nr23=[1,1],kv=1024,nb=3,mask=0,sinks=1,max_bias=0.000000,logit_softcap=10.000000,prec=f32,type_K=f16,type_V=f16,permute=[0,1,2,3]): not supported [RD0] 
  FLASH_ATTN_EXT(hsk=128,hsv=128,nh=4,nr23=[1,1],kv=1024,nb=3,mask=0,sinks=1,max_bias=0.000000,logit_softcap=10.000000,prec=def,type_K=f16,type_V=f16,permute=[0,1,2,3]): not supported [RD0] 
  FLASH_ATTN_EXT(hsk=128,hsv=128,nh=4,nr23=[1,1],kv=1024,nb=32,mask=0,sinks=1,max_bias=0.000000,logit_softcap=10.000000,prec=f32,type_K=f16,type_V=f16,permute=[0,1,2,3]): not supported [RD0] 
  FLASH_ATTN_EXT(hsk=128,hsv=128,nh=4,nr23=[1,1],kv=1024,nb=32,mask=0,sinks=1,max_bias=0.000000,logit_softcap=10.000000,prec=def,type_K=f16,type_V=f16,permute=[0,1,2,3]): not supported [RD0] 
  FLASH_ATTN_EXT(hsk=128,hsv=128,nh=4,nr23=[1,1],kv=1024,nb=75,mask=0,sinks=1,max_bias=0.000000,logit_softcap=10.000000,prec=f32,type_K=f16,type_V=f16,permute=[0,1,2,3]): not supported [RD0] 
  FLASH_ATTN_EXT(hsk=128,hsv=128,nh=4,nr23=[1,1],kv=1024,nb=75,mask=0,sinks=1,max_bias=0.000000,logit_softcap=10.000000,prec=def,type_K=f16,type_V=f16,permute=[0,1,2,3]): not supported [RD0] 
  FLASH_ATTN_EXT(hsk=128,hsv=128,nh=4,nr23=[4,1],kv=512,nb=1,mask=0,sinks=1,max_bias=0.000000,logit_softcap=10.000000,prec=f32,type_K=f16,type_V=f16,permute=[0,1,2,3]): not supported [RD0] 
  FLASH_ATTN_EXT(hsk=128,hsv=128,nh=4,nr23=[4,1],kv=512,nb=1,mask=0,sinks=1,max_bias=0.000000,logit_softcap=10.000000,prec=def,type_K=f16,type_V=f16,permute=[0,1,2,3]): not supported [RD0] 
  FLASH_ATTN_EXT(hsk=128,hsv=128,nh=4,nr23=[4,1],kv=512,nb=3,mask=0,sinks=1,max_bias=0.000000,logit_softcap=10.000000,prec=f32,type_K=f16,type_V=f16,permute=[0,1,2,3]): not supported [RD0] 
  FLASH_ATTN_EXT(hsk=128,hsv=128,nh=4,nr23=[4,1],kv=512,nb=3,mask=0,sinks=1,max_bias=0.000000,logit_softcap=10.000000,prec=def,type_K=f16,type_V=f16,permute=[0,1,2,3]): not supported [RD0] 
  FLASH_ATTN_EXT(hsk=128,hsv=128,nh=4,nr23=[4,1],kv=512,nb=32,mask=0,sinks=1,max_bias=0.000000,logit_softcap=10.000000,prec=f32,type_K=f16,type_V=f16,permute=[0,1,2,3]): not supported [RD0] 
  FLASH_ATTN_EXT(hsk=128,hsv=128,nh=4,nr23=[4,1],kv=512,nb=32,mask=0,sinks=1,max_bias=0.000000,logit_softcap=10.000000,prec=def,type_K=f16,type_V=f16,permute=[0,1,2,3]): not supported [RD0] 
  FLASH_ATTN_EXT(hsk=128,hsv=128,nh=4,nr23=[4,1],kv=512,nb=75,mask=0,sinks=1,max_bias=0.000000,logit_softcap=10.000000,prec=f32,type_K=f16,type_V=f16,permute=[0,1,2,3]): not supported [RD0] 
  FLASH_ATTN_EXT(hsk=128,hsv=128,nh=4,nr23=[4,1],kv=512,nb=75,mask=0,sinks=1,max_bias=0.000000,logit_softcap=10.000000,prec=def,type_K=f16,type_V=f16,permute=[0,1,2,3]): not supported [RD0] 
  FLASH_ATTN_EXT(hsk=128,hsv=128,nh=4,nr23=[12,1],kv=512,nb=1,mask=0,sinks=1,max_bias=0.000000,logit_softcap=10.000000,prec=f32,type_K=f16,type_V=f16,permute=[0,1,2,3]): not supported [RD0] 
  FLASH_ATTN_EXT(hsk=128,hsv=128,nh=4,nr23=[12,1],kv=512,nb=1,mask=0,sinks=1,max_bias=0.000000,logit_softcap=10.000000,prec=def,type_K=f16,type_V=f16,permute=[0,1,2,3]): not supported [RD0] 
  FLASH_ATTN_EXT(hsk=128,hsv=128,nh=4,nr23=[12,1],kv=512,nb=3,mask=0,sinks=1,max_bias=0.000000,logit_softcap=10.000000,prec=f32,type_K=f16,type_V=f16,permute=[0,1,2,3]): not supported [RD0] 
  FLASH_ATTN_EXT(hsk=128,hsv=128,nh=4,nr23=[12,1],kv=512,nb=3,mask=0,sinks=1,max_bias=0.000000,logit_softcap=10.000000,prec=def,type_K=f16,type_V=f16,permute=[0,1,2,3]): not supported [RD0] 
  FLASH_ATTN_EXT(hsk=128,hsv=128,nh=4,nr23=[12,1],kv=512,nb=32,mask=0,sinks=1,max_bias=0.000000,logit_softcap=10.000000,prec=f32,type_K=f16,type_V=f16,permute=[0,1,2,3]): not supported [RD0] 
  FLASH_ATTN_EXT(hsk=128,hsv=128,nh=4,nr23=[12,1],kv=512,nb=32,mask=0,sinks=1,max_bias=0.000000,logit_softcap=10.000000,prec=def,type_K=f16,type_V=f16,permute=[0,1,2,3]): not supported [RD0] 
  FLASH_ATTN_EXT(hsk=128,hsv=128,nh=4,nr23=[12,1],kv=512,nb=75,mask=0,sinks=1,max_bias=0.000000,logit_softcap=10.000000,prec=f32,type_K=f16,type_V=f16,permute=[0,1,2,3]): not supported [RD0] 
  FLASH_ATTN_EXT(hsk=128,hsv=128,nh=4,nr23=[12,1],kv=512,nb=75,mask=0,sinks=1,max_bias=0.000000,logit_softcap=10.000000,prec=def,type_K=f16,type_V=f16,permute=[0,1,2,3]): not supported [RD0] 
  FLASH_ATTN_EXT(hsk=128,hsv=128,nh=4,nr23=[1,1],kv=113,nb=1,mask=0,sinks=0,max_bias=0.000000,logit_softcap=0.000000,prec=f32,type_K=f16,type_V=f16,permute=[0,1,2,3]): OK
  FLASH_ATTN_EXT(hsk=128,hsv=128,nh=4,nr23=[1,1],kv=113,nb=1,mask=0,sinks=0,max_bias=0.000000,logit_softcap=0.000000,prec=def,type_K=f16,type_V=f16,permute=[0,1,2,3]): OK
  FLASH_ATTN_EXT(hsk=128,hsv=128,nh=4,nr23=[1,1],kv=113,nb=3,mask=0,sinks=0,max_bias=0.000000,logit_softcap=0.000000,prec=f32,type_K=f16,type_V=f16,permute=[0,1,2,3]): OK
  FLASH_ATTN_EXT(hsk=128,hsv=128,nh=4,nr23=[1,1],kv=113,nb=3,mask=0,sinks=0,max_bias=0.000000,logit_softcap=0.000000,prec=def,type_K=f16,type_V=f16,permute=[0,1,2,3]): OK
  FLASH_ATTN_EXT(hsk=128,hsv=128,nh=4,nr23=[1,1],kv=113,nb=32,mask=0,sinks=0,max_bias=0.000000,logit_softcap=0.000000,prec=f32,type_K=f16,type_V=f16,permute=[0,1,2,3]): OK
  FLASH_ATTN_EXT(hsk=128,hsv=128,nh=4,nr23=[1,1],kv=113,nb=32,mask=0,sinks=0,max_bias=0.000000,logit_softcap=0.000000,prec=def,type_K=f16,type_V=f16,permute=[0,1,2,3]): OK
  FLASH_ATTN_EXT(hsk=128,hsv=128,nh=4,nr23=[1,1],kv=113,nb=75,mask=0,sinks=0,max_bias=0.000000,logit_softcap=0.000000,prec=f32,type_K=f16,type_V=f16,permute=[0,1,2,3]): OK
  FLASH_ATTN_EXT(hsk=128,hsv=128,nh=4,nr23=[1,1],kv=113,nb=75,mask=0,sinks=0,max_bias=0.000000,logit_softcap=0.000000,prec=def,type_K=f16,type_V=f16,permute=[0,1,2,3]): OK
  FLASH_ATTN_EXT(hsk=128,hsv=128,nh=4,nr23=[1,1],kv=512,nb=1,mask=0,sinks=0,max_bias=0.000000,logit_softcap=0.000000,prec=f32,type_K=f16,type_V=f16,permute=[0,1,2,3]): OK
  FLASH_ATTN_EXT(hsk=128,hsv=128,nh=4,nr23=[1,1],kv=512,nb=1,mask=0,sinks=0,max_bias=0.000000,logit_softcap=0.000000,prec=def,type_K=f16,type_V=f16,permute=[0,1,2,3]): OK
  FLASH_ATTN_EXT(hsk=128,hsv=128,nh=4,nr23=[1,1],kv=512,nb=3,mask=0,sinks=0,max_bias=0.000000,logit_softcap=0.000000,prec=f32,type_K=f16,type_V=f16,permute=[0,1,2,3]): OK
  FLASH_ATTN_EXT(hsk=128,hsv=128,nh=4,nr23=[1,1],kv=512,nb=3,mask=0,sinks=0,max_bias=0.000000,logit_softcap=0.000000,prec=def,type_K=f16,type_V=f16,permute=[0,1,2,3]): OK
  FLASH_ATTN_EXT(hsk=128,hsv=128,nh=4,nr23=[1,1],kv=512,nb=32,mask=0,sinks=0,max_bias=0.000000,logit_softcap=0.000000,prec=f32,type_K=f16,type_V=f16,permute=[0,1,2,3]): OK
  FLASH_ATTN_EXT(hsk=128,hsv=128,nh=4,nr23=[1,1],kv=512,nb=32,mask=0,sinks=0,max_bias=0.000000,logit_softcap=0.000000,prec=def,type_K=f16,type_V=f16,permute=[0,1,2,3]): OK
  FLASH_ATTN_EXT(hsk=128,hsv=128,nh=4,nr23=[1,1],kv=512,nb=75,mask=0,sinks=0,max_bias=0.000000,logit_softcap=0.000000,prec=f32,type_K=f16,type_V=f16,permute=[0,1,2,3]): OK
  FLASH_ATTN_EXT(hsk=128,hsv=128,nh=4,nr23=[1,1],kv=512,nb=75,mask=0,sinks=0,max_bias=0.000000,logit_softcap=0.000000,prec=def,type_K=f16,type_V=f16,permute=[0,1,2,3]): OK
  FLASH_ATTN_EXT(hsk=128,hsv=128,nh=4,nr23=[1,1],kv=1024,nb=1,mask=0,sinks=0,max_bias=0.000000,logit_softcap=0.000000,prec=f32,type_K=f16,type_V=f16,permute=[0,1,2,3]): OK
  FLASH_ATTN_EXT(hsk=128,hsv=128,nh=4,nr23=[1,1],kv=1024,nb=1,mask=0,sinks=0,max_bias=0.000000,logit_softcap=0.000000,prec=def,type_K=f16,type_V=f16,permute=[0,1,2,3]): OK
  FLASH_ATTN_EXT(hsk=128,hsv=128,nh=4,nr23=[1,1],kv=1024,nb=3,mask=0,sinks=0,max_bias=0.000000,logit_softcap=0.000000,prec=f32,type_K=f16,type_V=f16,permute=[0,1,2,3]): OK
  FLASH_ATTN_EXT(hsk=128,hsv=128,nh=4,nr23=[1,1],kv=1024,nb=3,mask=0,sinks=0,max_bias=0.000000,logit_softcap=0.000000,prec=def,type_K=f16,type_V=f16,permute=[0,1,2,3]): OK
  FLASH_ATTN_EXT(hsk=128,hsv=128,nh=4,nr23=[1,1],kv=1024,nb=32,mask=0,sinks=0,max_bias=0.000000,logit_softcap=0.000000,prec=f32,type_K=f16,type_V=f16,permute=[0,1,2,3]): OK
  FLASH_ATTN_EXT(hsk=128,hsv=128,nh=4,nr23=[1,1],kv=1024,nb=32,mask=0,sinks=0,max_bias=0.000000,logit_softcap=0.000000,prec=def,type_K=f16,type_V=f16,permute=[0,1,2,3]): OK
  FLASH_ATTN_EXT(hsk=128,hsv=128,nh=4,nr23=[1,1],kv=1024,nb=75,mask=0,sinks=0,max_bias=0.000000,logit_softcap=0.000000,prec=f32,type_K=f16,type_V=f16,permute=[0,1,2,3]): OK
  FLASH_ATTN_EXT(hsk=128,hsv=128,nh=4,nr23=[1,1],kv=1024,nb=75,mask=0,sinks=0,max_bias=0.000000,logit_softcap=0.000000,prec=def,type_K=f16,type_V=f16,permute=[0,1,2,3]): OK
  FLASH_ATTN_EXT(hsk=128,hsv=128,nh=4,nr23=[4,1],kv=512,nb=1,mask=0,sinks=0,max_bias=0.000000,logit_softcap=0.000000,prec=f32,type_K=f16,type_V=f16,permute=[0,1,2,3]): OK
  FLASH_ATTN_EXT(hsk=128,hsv=128,nh=4,nr23=[4,1],kv=512,nb=1,mask=0,sinks=0,max_bias=0.000000,logit_softcap=0.000000,prec=def,type_K=f16,type_V=f16,permute=[0,1,2,3]): OK
  FLASH_ATTN_EXT(hsk=128,hsv=128,nh=4,nr23=[4,1],kv=512,nb=3,mask=0,sinks=0,max_bias=0.000000,logit_softcap=0.000000,prec=f32,type_K=f16,type_V=f16,permute=[0,1,2,3]): OK
  FLASH_ATTN_EXT(hsk=128,hsv=128,nh=4,nr23=[4,1],kv=512,nb=3,mask=0,sinks=0,max_bias=0.000000,logit_softcap=0.000000,prec=def,type_K=f16,type_V=f16,permute=[0,1,2,3]): OK
  FLASH_ATTN_EXT(hsk=128,hsv=128,nh=4,nr23=[4,1],kv=512,nb=32,mask=0,sinks=0,max_bias=0.000000,logit_softcap=0.000000,prec=f32,type_K=f16,type_V=f16,permute=[0,1,2,3]): OK
  FLASH_ATTN_EXT(hsk=128,hsv=128,nh=4,nr23=[4,1],kv=512,nb=32,mask=0,sinks=0,max_bias=0.000000,logit_softcap=0.000000,prec=def,type_K=f16,type_V=f16,permute=[0,1,2,3]): OK
  FLASH_ATTN_EXT(hsk=128,hsv=128,nh=4,nr23=[4,1],kv=512,nb=75,mask=0,sinks=0,max_bias=0.000000,logit_softcap=0.000000,prec=f32,type_K=f16,type_V=f16,permute=[0,1,2,3]): OK
  FLASH_ATTN_EXT(hsk=128,hsv=128,nh=4,nr23=[4,1],kv=512,nb=75,mask=0,sinks=0,max_bias=0.000000,logit_softcap=0.000000,prec=def,type_K=f16,type_V=f16,permute=[0,1,2,3]): OK
  FLASH_ATTN_EXT(hsk=128,hsv=128,nh=4,nr23=[12,1],kv=512,nb=1,mask=0,sinks=0,max_bias=0.000000,logit_softcap=0.000000,prec=f32,type_K=f16,type_V=f16,permute=[0,1,2,3]): OK
  FLASH_ATTN_EXT(hsk=128,hsv=128,nh=4,nr23=[12,1],kv=512,nb=1,mask=0,sinks=0,max_bias=0.000000,logit_softcap=0.000000,prec=def,type_K=f16,type_V=f16,permute=[0,1,2,3]): OK
  FLASH_ATTN_EXT(hsk=128,hsv=128,nh=4,nr23=[12,1],kv=512,nb=3,mask=0,sinks=0,max_bias=0.000000,logit_softcap=0.000000,prec=f32,type_K=f16,type_V=f16,permute=[0,1,2,3]): OK
  FLASH_ATTN_EXT(hsk=128,hsv=128,nh=4,nr23=[12,1],kv=512,nb=3,mask=0,sinks=0,max_bias=0.000000,logit_softcap=0.000000,prec=def,type_K=f16,type_V=f16,permute=[0,1,2,3]): OK
  FLASH_ATTN_EXT(hsk=128,hsv=128,nh=4,nr23=[12,1],kv=512,nb=32,mask=0,sinks=0,max_bias=0.000000,logit_softcap=0.000000,prec=f32,type_K=f16,type_V=f16,permute=[0,1,2,3]): OK
  FLASH_ATTN_EXT(hsk=128,hsv=128,nh=4,nr23=[12,1],kv=512,nb=32,mask=0,sinks=0,max_bias=0.000000,logit_softcap=0.000000,prec=def,type_K=f16,type_V=f16,permute=[0,1,2,3]): OK
  FLASH_ATTN_EXT(hsk=128,hsv=128,nh=4,nr23=[12,1],kv=512,nb=75,mask=0,sinks=0,max_bias=0.000000,logit_softcap=0.000000,prec=f32,type_K=f16,type_V=f16,permute=[0,1,2,3]): OK
  FLASH_ATTN_EXT(hsk=128,hsv=128,nh=4,nr23=[12,1],kv=512,nb=75,mask=0,sinks=0,max_bias=0.000000,logit_softcap=0.000000,prec=def,type_K=f16,type_V=f16,permute=[0,1,2,3]): OK
  FLASH_ATTN_EXT(hsk=128,hsv=128,nh=4,nr23=[1,1],kv=113,nb=1,mask=0,sinks=0,max_bias=0.000000,logit_softcap=10.000000,prec=f32,type_K=f16,type_V=f16,permute=[0,1,2,3]): OK
  FLASH_ATTN_EXT(hsk=128,hsv=128,nh=4,nr23=[1,1],kv=113,nb=1,mask=0,sinks=0,max_bias=0.000000,logit_softcap=10.000000,prec=def,type_K=f16,type_V=f16,permute=[0,1,2,3]): OK
  FLASH_ATTN_EXT(hsk=128,hsv=128,nh=4,nr23=[1,1],kv=113,nb=3,mask=0,sinks=0,max_bias=0.000000,logit_softcap=10.000000,prec=f32,type_K=f16,type_V=f16,permute=[0,1,2,3]): OK
  FLASH_ATTN_EXT(hsk=128,hsv=128,nh=4,nr23=[1,1],kv=113,nb=3,mask=0,sinks=0,max_bias=0.000000,logit_softcap=10.000000,prec=def,type_K=f16,type_V=f16,permute=[0,1,2,3]): OK
  FLASH_ATTN_EXT(hsk=128,hsv=128,nh=4,nr23=[1,1],kv=113,nb=32,mask=0,sinks=0,max_bias=0.000000,logit_softcap=10.000000,prec=f32,type_K=f16,type_V=f16,permute=[0,1,2,3]): OK
  FLASH_ATTN_EXT(hsk=128,hsv=128,nh=4,nr23=[1,1],kv=113,nb=32,mask=0,sinks=0,max_bias=0.000000,logit_softcap=10.000000,prec=def,type_K=f16,type_V=f16,permute=[0,1,2,3]): OK
  FLASH_ATTN_EXT(hsk=128,hsv=128,nh=4,nr23=[1,1],kv=113,nb=75,mask=0,sinks=0,max_bias=0.000000,logit_softcap=10.000000,prec=f32,type_K=f16,type_V=f16,permute=[0,1,2,3]): OK
  FLASH_ATTN_EXT(hsk=128,hsv=128,nh=4,nr23=[1,1],kv=113,nb=75,mask=0,sinks=0,max_bias=0.000000,logit_softcap=10.000000,prec=def,type_K=f16,type_V=f16,permute=[0,1,2,3]): OK
  FLASH_ATTN_EXT(hsk=128,hsv=128,nh=4,nr23=[1,1],kv=512,nb=1,mask=0,sinks=0,max_bias=0.000000,logit_softcap=10.000000,prec=f32,type_K=f16,type_V=f16,permute=[0,1,2,3]): OK
  FLASH_ATTN_EXT(hsk=128,hsv=128,nh=4,nr23=[1,1],kv=512,nb=1,mask=0,sinks=0,max_bias=0.000000,logit_softcap=10.000000,prec=def,type_K=f16,type_V=f16,permute=[0,1,2,3]): OK
  FLASH_ATTN_EXT(hsk=128,hsv=128,nh=4,nr23=[1,1],kv=512,nb=3,mask=0,sinks=0,max_bias=0.000000,logit_softcap=10.000000,prec=f32,type_K=f16,type_V=f16,permute=[0,1,2,3]): OK
  FLASH_ATTN_EXT(hsk=128,hsv=128,nh=4,nr23=[1,1],kv=512,nb=3,mask=0,sinks=0,max_bias=0.000000,logit_softcap=10.000000,prec=def,type_K=f16,type_V=f16,permute=[0,1,2,3]): OK
  FLASH_ATTN_EXT(hsk=128,hsv=128,nh=4,nr23=[1,1],kv=512,nb=32,mask=0,sinks=0,max_bias=0.000000,logit_softcap=10.000000,prec=f32,type_K=f16,type_V=f16,permute=[0,1,2,3]): OK
  FLASH_ATTN_EXT(hsk=128,hsv=128,nh=4,nr23=[1,1],kv=512,nb=32,mask=0,sinks=0,max_bias=0.000000,logit_softcap=10.000000,prec=def,type_K=f16,type_V=f16,permute=[0,1,2,3]): OK
  FLASH_ATTN_EXT(hsk=128,hsv=128,nh=4,nr23=[1,1],kv=512,nb=75,mask=0,sinks=0,max_bias=0.000000,logit_softcap=10.000000,prec=f32,type_K=f16,type_V=f16,permute=[0,1,2,3]): OK
  FLASH_ATTN_EXT(hsk=128,hsv=128,nh=4,nr23=[1,1],kv=512,nb=75,mask=0,sinks=0,max_bias=0.000000,logit_softcap=10.000000,prec=def,type_K=f16,type_V=f16,permute=[0,1,2,3]): OK
  FLASH_ATTN_EXT(hsk=128,hsv=128,nh=4,nr23=[1,1],kv=1024,nb=1,mask=0,sinks=0,max_bias=0.000000,logit_softcap=10.000000,prec=f32,type_K=f16,type_V=f16,permute=[0,1,2,3]): OK
  FLASH_ATTN_EXT(hsk=128,hsv=128,nh=4,nr23=[1,1],kv=1024,nb=1,mask=0,sinks=0,max_bias=0.000000,logit_softcap=10.000000,prec=def,type_K=f16,type_V=f16,permute=[0,1,2,3]): OK
  FLASH_ATTN_EXT(hsk=128,hsv=128,nh=4,nr23=[1,1],kv=1024,nb=3,mask=0,sinks=0,max_bias=0.000000,logit_softcap=10.000000,prec=f32,type_K=f16,type_V=f16,permute=[0,1,2,3]): OK
  FLASH_ATTN_EXT(hsk=128,hsv=128,nh=4,nr23=[1,1],kv=1024,nb=3,mask=0,sinks=0,max_bias=0.000000,logit_softcap=10.000000,prec=def,type_K=f16,type_V=f16,permute=[0,1,2,3]): OK
  FLASH_ATTN_EXT(hsk=128,hsv=128,nh=4,nr23=[1,1],kv=1024,nb=32,mask=0,sinks=0,max_bias=0.000000,logit_softcap=10.000000,prec=f32,type_K=f16,type_V=f16,permute=[0,1,2,3]): OK
  FLASH_ATTN_EXT(hsk=128,hsv=128,nh=4,nr23=[1,1],kv=1024,nb=32,mask=0,sinks=0,max_bias=0.000000,logit_softcap=10.000000,prec=def,type_K=f16,type_V=f16,permute=[0,1,2,3]): OK
  FLASH_ATTN_EXT(hsk=128,hsv=128,nh=4,nr23=[1,1],kv=1024,nb=75,mask=0,sinks=0,max_bias=0.000000,logit_softcap=10.000000,prec=f32,type_K=f16,type_V=f16,permute=[0,1,2,3]): OK
  FLASH_ATTN_EXT(hsk=128,hsv=128,nh=4,nr23=[1,1],kv=1024,nb=75,mask=0,sinks=0,max_bias=0.000000,logit_softcap=10.000000,prec=def,type_K=f16,type_V=f16,permute=[0,1,2,3]): OK
  FLASH_ATTN_EXT(hsk=128,hsv=128,nh=4,nr23=[4,1],kv=512,nb=1,mask=0,sinks=0,max_bias=0.000000,logit_softcap=10.000000,prec=f32,type_K=f16,type_V=f16,permute=[0,1,2,3]): OK
  FLASH_ATTN_EXT(hsk=128,hsv=128,nh=4,nr23=[4,1],kv=512,nb=1,mask=0,sinks=0,max_bias=0.000000,logit_softcap=10.000000,prec=def,type_K=f16,type_V=f16,permute=[0,1,2,3]): OK
  FLASH_ATTN_EXT(hsk=128,hsv=128,nh=4,nr23=[4,1],kv=512,nb=3,mask=0,sinks=0,max_bias=0.000000,logit_softcap=10.000000,prec=f32,type_K=f16,type_V=f16,permute=[0,1,2,3]): OK
  FLASH_ATTN_EXT(hsk=128,hsv=128,nh=4,nr23=[4,1],kv=512,nb=3,mask=0,sinks=0,max_bias=0.000000,logit_softcap=10.000000,prec=def,type_K=f16,type_V=f16,permute=[0,1,2,3]): OK
  FLASH_ATTN_EXT(hsk=128,hsv=128,nh=4,nr23=[4,1],kv=512,nb=32,mask=0,sinks=0,max_bias=0.000000,logit_softcap=10.000000,prec=f32,type_K=f16,type_V=f16,permute=[0,1,2,3]): OK
  FLASH_ATTN_EXT(hsk=128,hsv=128,nh=4,nr23=[4,1],kv=512,nb=32,mask=0,sinks=0,max_bias=0.000000,logit_softcap=10.000000,prec=def,type_K=f16,type_V=f16,permute=[0,1,2,3]): OK
  FLASH_ATTN_EXT(hsk=128,hsv=128,nh=4,nr23=[4,1],kv=512,nb=75,mask=0,sinks=0,max_bias=0.000000,logit_softcap=10.000000,prec=f32,type_K=f16,type_V=f16,permute=[0,1,2,3]): OK
  FLASH_ATTN_EXT(hsk=128,hsv=128,nh=4,nr23=[4,1],kv=512,nb=75,mask=0,sinks=0,max_bias=0.000000,logit_softcap=10.000000,prec=def,type_K=f16,type_V=f16,permute=[0,1,2,3]): OK
  FLASH_ATTN_EXT(hsk=128,hsv=128,nh=4,nr23=[12,1],kv=512,nb=1,mask=0,sinks=0,max_bias=0.000000,logit_softcap=10.000000,prec=f32,type_K=f16,type_V=f16,permute=[0,1,2,3]): OK
  FLASH_ATTN_EXT(hsk=128,hsv=128,nh=4,nr23=[12,1],kv=512,nb=1,mask=0,sinks=0,max_bias=0.000000,logit_softcap=10.000000,prec=def,type_K=f16,type_V=f16,permute=[0,1,2,3]): OK
  FLASH_ATTN_EXT(hsk=128,hsv=128,nh=4,nr23=[12,1],kv=512,nb=3,mask=0,sinks=0,max_bias=0.000000,logit_softcap=10.000000,prec=f32,type_K=f16,type_V=f16,permute=[0,1,2,3]): OK
  FLASH_ATTN_EXT(hsk=128,hsv=128,nh=4,nr23=[12,1],kv=512,nb=3,mask=0,sinks=0,max_bias=0.000000,logit_softcap=10.000000,prec=def,type_K=f16,type_V=f16,permute=[0,1,2,3]): OK
  FLASH_ATTN_EXT(hsk=128,hsv=128,nh=4,nr23=[12,1],kv=512,nb=32,mask=0,sinks=0,max_bias=0.000000,logit_softcap=10.000000,prec=f32,type_K=f16,type_V=f16,permute=[0,1,2,3]): OK
  FLASH_ATTN_EXT(hsk=128,hsv=128,nh=4,nr23=[12,1],kv=512,nb=32,mask=0,sinks=0,max_bias=0.000000,logit_softcap=10.000000,prec=def,type_K=f16,type_V=f16,permute=[0,1,2,3]): OK
  FLASH_ATTN_EXT(hsk=128,hsv=128,nh=4,nr23=[12,1],kv=512,nb=75,mask=0,sinks=0,max_bias=0.000000,logit_softcap=10.000000,prec=f32,type_K=f16,type_V=f16,permute=[0,1,2,3]): OK
  FLASH_ATTN_EXT(hsk=128,hsv=128,nh=4,nr23=[12,1],kv=512,nb=75,mask=0,sinks=0,max_bias=0.000000,logit_softcap=10.000000,prec=def,type_K=f16,type_V=f16,permute=[0,1,2,3]): OK
  FLASH_ATTN_EXT(hsk=192,hsv=128,nh=4,nr23=[1,1],kv=113,nb=1,mask=1,sinks=1,max_bias=0.000000,logit_softcap=0.000000,prec=f32,type_K=f16,type_V=f16,permute=[0,1,2,3]): not supported [RD0] 
  FLASH_ATTN_EXT(hsk=192,hsv=128,nh=4,nr23=[1,1],kv=113,nb=3,mask=1,sinks=1,max_bias=0.000000,logit_softcap=0.000000,prec=f32,type_K=f16,type_V=f16,permute=[0,1,2,3]): not supported [RD0] 
  FLASH_ATTN_EXT(hsk=192,hsv=128,nh=4,nr23=[1,1],kv=113,nb=32,mask=1,sinks=1,max_bias=0.000000,logit_softcap=0.000000,prec=f32,type_K=f16,type_V=f16,permute=[0,1,2,3]): not supported [RD0] 
  FLASH_ATTN_EXT(hsk=192,hsv=128,nh=4,nr23=[1,1],kv=113,nb=75,mask=1,sinks=1,max_bias=0.000000,logit_softcap=0.000000,prec=f32,type_K=f16,type_V=f16,permute=[0,1,2,3]): not supported [RD0] 
  FLASH_ATTN_EXT(hsk=192,hsv=128,nh=4,nr23=[1,1],kv=512,nb=1,mask=1,sinks=1,max_bias=0.000000,logit_softcap=0.000000,prec=f32,type_K=f16,type_V=f16,permute=[0,1,2,3]): not supported [RD0] 
  FLASH_ATTN_EXT(hsk=192,hsv=128,nh=4,nr23=[1,1],kv=512,nb=1,mask=1,sinks=1,max_bias=0.000000,logit_softcap=0.000000,prec=f32,type_K=f16,type_V=f16,permute=[0,2,1,3]): not supported [RD0] 
  FLASH_ATTN_EXT(hsk=192,hsv=128,nh=4,nr23=[1,1],kv=512,nb=3,mask=1,sinks=1,max_bias=0.000000,logit_softcap=0.000000,prec=f32,type_K=f16,type_V=f16,permute=[0,1,2,3]): not supported [RD0] 
  FLASH_ATTN_EXT(hsk=192,hsv=128,nh=4,nr23=[1,1],kv=512,nb=3,mask=1,sinks=1,max_bias=0.000000,logit_softcap=0.000000,prec=f32,type_K=f16,type_V=f16,permute=[0,2,1,3]): not supported [RD0] 
  FLASH_ATTN_EXT(hsk=192,hsv=128,nh=4,nr23=[1,1],kv=512,nb=32,mask=1,sinks=1,max_bias=0.000000,logit_softcap=0.000000,prec=f32,type_K=f16,type_V=f16,permute=[0,1,2,3]): not supported [RD0] 
  FLASH_ATTN_EXT(hsk=192,hsv=128,nh=4,nr23=[1,1],kv=512,nb=32,mask=1,sinks=1,max_bias=0.000000,logit_softcap=0.000000,prec=f32,type_K=f16,type_V=f16,permute=[0,2,1,3]): not supported [RD0] 
  FLASH_ATTN_EXT(hsk=192,hsv=128,nh=4,nr23=[1,1],kv=512,nb=75,mask=1,sinks=1,max_bias=0.000000,logit_softcap=0.000000,prec=f32,type_K=f16,type_V=f16,permute=[0,1,2,3]): not supported [RD0] 
  FLASH_ATTN_EXT(hsk=192,hsv=128,nh=4,nr23=[1,1],kv=512,nb=75,mask=1,sinks=1,max_bias=0.000000,logit_softcap=0.000000,prec=f32,type_K=f16,type_V=f16,permute=[0,2,1,3]): not supported [RD0] 
  FLASH_ATTN_EXT(hsk=192,hsv=128,nh=4,nr23=[1,1],kv=1024,nb=1,mask=1,sinks=1,max_bias=0.000000,logit_softcap=0.000000,prec=f32,type_K=f16,type_V=f16,permute=[0,1,2,3]): not supported [RD0] 
  FLASH_ATTN_EXT(hsk=192,hsv=128,nh=4,nr23=[1,1],kv=1024,nb=3,mask=1,sinks=1,max_bias=0.000000,logit_softcap=0.000000,prec=f32,type_K=f16,type_V=f16,permute=[0,1,2,3]): not supported [RD0] 
  FLASH_ATTN_EXT(hsk=192,hsv=128,nh=4,nr23=[1,1],kv=1024,nb=32,mask=1,sinks=1,max_bias=0.000000,logit_softcap=0.000000,prec=f32,type_K=f16,type_V=f16,permute=[0,1,2,3]): not supported [RD0] 
  FLASH_ATTN_EXT(hsk=192,hsv=128,nh=4,nr23=[1,1],kv=1024,nb=75,mask=1,sinks=1,max_bias=0.000000,logit_softcap=0.000000,prec=f32,type_K=f16,type_V=f16,permute=[0,1,2,3]): not supported [RD0] 
  FLASH_ATTN_EXT(hsk=192,hsv=128,nh=4,nr23=[4,1],kv=512,nb=1,mask=1,sinks=1,max_bias=0.000000,logit_softcap=0.000000,prec=f32,type_K=f16,type_V=f16,permute=[0,1,2,3]): not supported [RD0] 
  FLASH_ATTN_EXT(hsk=192,hsv=128,nh=4,nr23=[4,1],kv=512,nb=1,mask=1,sinks=1,max_bias=0.000000,logit_softcap=0.000000,prec=f32,type_K=f16,type_V=f16,permute=[0,2,1,3]): not supported [RD0] 
  FLASH_ATTN_EXT(hsk=192,hsv=128,nh=4,nr23=[4,1],kv=512,nb=3,mask=1,sinks=1,max_bias=0.000000,logit_softcap=0.000000,prec=f32,type_K=f16,type_V=f16,permute=[0,1,2,3]): not supported [RD0] 
  FLASH_ATTN_EXT(hsk=192,hsv=128,nh=4,nr23=[4,1],kv=512,nb=3,mask=1,sinks=1,max_bias=0.000000,logit_softcap=0.000000,prec=f32,type_K=f16,type_V=f16,permute=[0,2,1,3]): not supported [RD0] 
  FLASH_ATTN_EXT(hsk=192,hsv=128,nh=4,nr23=[4,1],kv=512,nb=32,mask=1,sinks=1,max_bias=0.000000,logit_softcap=0.000000,prec=f32,type_K=f16,type_V=f16,permute=[0,1,2,3]): not supported [RD0] 
  FLASH_ATTN_EXT(hsk=192,hsv=128,nh=4,nr23=[4,1],kv=512,nb=32,mask=1,sinks=1,max_bias=0.000000,logit_softcap=0.000000,prec=f32,type_K=f16,type_V=f16,permute=[0,2,1,3]): not supported [RD0] 
  FLASH_ATTN_EXT(hsk=192,hsv=128,nh=4,nr23=[4,1],kv=512,nb=75,mask=1,sinks=1,max_bias=0.000000,logit_softcap=0.000000,prec=f32,type_K=f16,type_V=f16,permute=[0,1,2,3]): not supported [RD0] 
  FLASH_ATTN_EXT(hsk=192,hsv=128,nh=4,nr23=[4,1],kv=512,nb=75,mask=1,sinks=1,max_bias=0.000000,logit_softcap=0.000000,prec=f32,type_K=f16,type_V=f16,permute=[0,2,1,3]): not supported [RD0] 
  FLASH_ATTN_EXT(hsk=192,hsv=128,nh=4,nr23=[8,1],kv=512,nb=1,mask=1,sinks=1,max_bias=0.000000,logit_softcap=0.000000,prec=f32,type_K=f16,type_V=f16,permute=[0,1,2,3]): not supported [RD0] 
  FLASH_ATTN_EXT(hsk=192,hsv=128,nh=4,nr23=[8,1],kv=512,nb=1,mask=1,sinks=1,max_bias=0.000000,logit_softcap=0.000000,prec=f32,type_K=f16,type_V=f16,permute=[0,2,1,3]): not supported [RD0] 
  FLASH_ATTN_EXT(hsk=192,hsv=128,nh=4,nr23=[8,1],kv=512,nb=3,mask=1,sinks=1,max_bias=0.000000,logit_softcap=0.000000,prec=f32,type_K=f16,type_V=f16,permute=[0,1,2,3]): not supported [RD0] 
  FLASH_ATTN_EXT(hsk=192,hsv=128,nh=4,nr23=[8,1],kv=512,nb=3,mask=1,sinks=1,max_bias=0.000000,logit_softcap=0.000000,prec=f32,type_K=f16,type_V=f16,permute=[0,2,1,3]): not supported [RD0] 
  FLASH_ATTN_EXT(hsk=192,hsv=128,nh=4,nr23=[8,1],kv=512,nb=32,mask=1,sinks=1,max_bias=0.000000,logit_softcap=0.000000,prec=f32,type_K=f16,type_V=f16,permute=[0,1,2,3]): not supported [RD0] 
  FLASH_ATTN_EXT(hsk=192,hsv=128,nh=4,nr23=[8,1],kv=512,nb=32,mask=1,sinks=1,max_bias=0.000000,logit_softcap=0.000000,prec=f32,type_K=f16,type_V=f16,permute=[0,2,1,3]): not supported [RD0] 
  FLASH_ATTN_EXT(hsk=192,hsv=128,nh=4,nr23=[8,1],kv=512,nb=75,mask=1,sinks=1,max_bias=0.000000,logit_softcap=0.000000,prec=f32,type_K=f16,type_V=f16,permute=[0,1,2,3]): not supported [RD0] 
  FLASH_ATTN_EXT(hsk=192,hsv=128,nh=4,nr23=[8,1],kv=512,nb=75,mask=1,sinks=1,max_bias=0.000000,logit_softcap=0.000000,prec=f32,type_K=f16,type_V=f16,permute=[0,2,1,3]): not supported [RD0] 
  FLASH_ATTN_EXT(hsk=192,hsv=128,nh=4,nr23=[16,1],kv=512,nb=1,mask=1,sinks=1,max_bias=0.000000,logit_softcap=0.000000,prec=f32,type_K=f16,type_V=f16,permute=[0,1,2,3]): not supported [RD0] 
  FLASH_ATTN_EXT(hsk=192,hsv=128,nh=4,nr23=[16,1],kv=512,nb=1,mask=1,sinks=1,max_bias=0.000000,logit_softcap=0.000000,prec=f32,type_K=f16,type_V=f16,permute=[0,2,1,3]): not supported [RD0] 
  FLASH_ATTN_EXT(hsk=192,hsv=128,nh=4,nr23=[16,1],kv=512,nb=3,mask=1,sinks=1,max_bias=0.000000,logit_softcap=0.000000,prec=f32,type_K=f16,type_V=f16,permute=[0,1,2,3]): not supported [RD0] 
  FLASH_ATTN_EXT(hsk=192,hsv=128,nh=4,nr23=[16,1],kv=512,nb=3,mask=1,sinks=1,max_bias=0.000000,logit_softcap=0.000000,prec=f32,type_K=f16,type_V=f16,permute=[0,2,1,3]): not supported [RD0] 
  FLASH_ATTN_EXT(hsk=192,hsv=128,nh=4,nr23=[16,1],kv=512,nb=32,mask=1,sinks=1,max_bias=0.000000,logit_softcap=0.000000,prec=f32,type_K=f16,type_V=f16,permute=[0,1,2,3]): not supported [RD0] 
  FLASH_ATTN_EXT(hsk=192,hsv=128,nh=4,nr23=[16,1],kv=512,nb=32,mask=1,sinks=1,max_bias=0.000000,logit_softcap=0.000000,prec=f32,type_K=f16,type_V=f16,permute=[0,2,1,3]): not supported [RD0] 
  FLASH_ATTN_EXT(hsk=192,hsv=128,nh=4,nr23=[16,1],kv=512,nb=75,mask=1,sinks=1,max_bias=0.000000,logit_softcap=0.000000,prec=f32,type_K=f16,type_V=f16,permute=[0,1,2,3]): not supported [RD0] 
  FLASH_ATTN_EXT(hsk=192,hsv=128,nh=4,nr23=[16,1],kv=512,nb=75,mask=1,sinks=1,max_bias=0.000000,logit_softcap=0.000000,prec=f32,type_K=f16,type_V=f16,permute=[0,2,1,3]): not supported [RD0] 
  FLASH_ATTN_EXT(hsk=192,hsv=128,nh=4,nr23=[1,1],kv=113,nb=1,mask=1,sinks=1,max_bias=8.000000,logit_softcap=0.000000,prec=f32,type_K=f16,type_V=f16,permute=[0,1,2,3]): not supported [RD0] 
  FLASH_ATTN_EXT(hsk=192,hsv=128,nh=4,nr23=[1,1],kv=113,nb=3,mask=1,sinks=1,max_bias=8.000000,logit_softcap=0.000000,prec=f32,type_K=f16,type_V=f16,permute=[0,1,2,3]): not supported [RD0] 
  FLASH_ATTN_EXT(hsk=192,hsv=128,nh=4,nr23=[1,1],kv=113,nb=32,mask=1,sinks=1,max_bias=8.000000,logit_softcap=0.000000,prec=f32,type_K=f16,type_V=f16,permute=[0,1,2,3]): not supported [RD0] 
  FLASH_ATTN_EXT(hsk=192,hsv=128,nh=4,nr23=[1,1],kv=113,nb=75,mask=1,sinks=1,max_bias=8.000000,logit_softcap=0.000000,prec=f32,type_K=f16,type_V=f16,permute=[0,1,2,3]): not supported [RD0] 
  FLASH_ATTN_EXT(hsk=192,hsv=128,nh=4,nr23=[1,1],kv=512,nb=1,mask=1,sinks=1,max_bias=8.000000,logit_softcap=0.000000,prec=f32,type_K=f16,type_V=f16,permute=[0,1,2,3]): not supported [RD0] 
  FLASH_ATTN_EXT(hsk=192,hsv=128,nh=4,nr23=[1,1],kv=512,nb=3,mask=1,sinks=1,max_bias=8.000000,logit_softcap=0.000000,prec=f32,type_K=f16,type_V=f16,permute=[0,1,2,3]): not supported [RD0] 
  FLASH_ATTN_EXT(hsk=192,hsv=128,nh=4,nr23=[1,1],kv=512,nb=32,mask=1,sinks=1,max_bias=8.000000,logit_softcap=0.000000,prec=f32,type_K=f16,type_V=f16,permute=[0,1,2,3]): not supported [RD0] 
  FLASH_ATTN_EXT(hsk=192,hsv=128,nh=4,nr23=[1,1],kv=512,nb=75,mask=1,sinks=1,max_bias=8.000000,logit_softcap=0.000000,prec=f32,type_K=f16,type_V=f16,permute=[0,1,2,3]): not supported [RD0] 
  FLASH_ATTN_EXT(hsk=192,hsv=128,nh=4,nr23=[1,1],kv=1024,nb=1,mask=1,sinks=1,max_bias=8.000000,logit_softcap=0.000000,prec=f32,type_K=f16,type_V=f16,permute=[0,1,2,3]): not supported [RD0] 
  FLASH_ATTN_EXT(hsk=192,hsv=128,nh=4,nr23=[1,1],kv=1024,nb=3,mask=1,sinks=1,max_bias=8.000000,logit_softcap=0.000000,prec=f32,type_K=f16,type_V=f16,permute=[0,1,2,3]): not supported [RD0] 
  FLASH_ATTN_EXT(hsk=192,hsv=128,nh=4,nr23=[1,1],kv=1024,nb=32,mask=1,sinks=1,max_bias=8.000000,logit_softcap=0.000000,prec=f32,type_K=f16,type_V=f16,permute=[0,1,2,3]): not supported [RD0] 
  FLASH_ATTN_EXT(hsk=192,hsv=128,nh=4,nr23=[1,1],kv=1024,nb=75,mask=1,sinks=1,max_bias=8.000000,logit_softcap=0.000000,prec=f32,type_K=f16,type_V=f16,permute=[0,1,2,3]): not supported [RD0] 
  FLASH_ATTN_EXT(hsk=192,hsv=128,nh=4,nr23=[4,1],kv=512,nb=1,mask=1,sinks=1,max_bias=8.000000,logit_softcap=0.000000,prec=f32,type_K=f16,type_V=f16,permute=[0,1,2,3]): not supported [RD0] 
  FLASH_ATTN_EXT(hsk=192,hsv=128,nh=4,nr23=[4,1],kv=512,nb=3,mask=1,sinks=1,max_bias=8.000000,logit_softcap=0.000000,prec=f32,type_K=f16,type_V=f16,permute=[0,1,2,3]): not supported [RD0] 
  FLASH_ATTN_EXT(hsk=192,hsv=128,nh=4,nr23=[4,1],kv=512,nb=32,mask=1,sinks=1,max_bias=8.000000,logit_softcap=0.000000,prec=f32,type_K=f16,type_V=f16,permute=[0,1,2,3]): not supported [RD0] 
  FLASH_ATTN_EXT(hsk=192,hsv=128,nh=4,nr23=[4,1],kv=512,nb=75,mask=1,sinks=1,max_bias=8.000000,logit_softcap=0.000000,prec=f32,type_K=f16,type_V=f16,permute=[0,1,2,3]): not supported [RD0] 
  FLASH_ATTN_EXT(hsk=192,hsv=128,nh=4,nr23=[8,1],kv=512,nb=1,mask=1,sinks=1,max_bias=8.000000,logit_softcap=0.000000,prec=f32,type_K=f16,type_V=f16,permute=[0,1,2,3]): not supported [RD0] 
  FLASH_ATTN_EXT(hsk=192,hsv=128,nh=4,nr23=[8,1],kv=512,nb=3,mask=1,sinks=1,max_bias=8.000000,logit_softcap=0.000000,prec=f32,type_K=f16,type_V=f16,permute=[0,1,2,3]): not supported [RD0] 
  FLASH_ATTN_EXT(hsk=192,hsv=128,nh=4,nr23=[8,1],kv=512,nb=32,mask=1,sinks=1,max_bias=8.000000,logit_softcap=0.000000,prec=f32,type_K=f16,type_V=f16,permute=[0,1,2,3]): not supported [RD0] 
  FLASH_ATTN_EXT(hsk=192,hsv=128,nh=4,nr23=[8,1],kv=512,nb=75,mask=1,sinks=1,max_bias=8.000000,logit_softcap=0.000000,prec=f32,type_K=f16,type_V=f16,permute=[0,1,2,3]): not supported [RD0] 
  FLASH_ATTN_EXT(hsk=192,hsv=128,nh=4,nr23=[16,1],kv=512,nb=1,mask=1,sinks=1,max_bias=8.000000,logit_softcap=0.000000,prec=f32,type_K=f16,type_V=f16,permute=[0,1,2,3]): not supported [RD0] 
  FLASH_ATTN_EXT(hsk=192,hsv=128,nh=4,nr23=[16,1],kv=512,nb=3,mask=1,sinks=1,max_bias=8.000000,logit_softcap=0.000000,prec=f32,type_K=f16,type_V=f16,permute=[0,1,2,3]): not supported [RD0] 
  FLASH_ATTN_EXT(hsk=192,hsv=128,nh=4,nr23=[16,1],kv=512,nb=32,mask=1,sinks=1,max_bias=8.000000,logit_softcap=0.000000,prec=f32,type_K=f16,type_V=f16,permute=[0,1,2,3]): not supported [RD0] 
  FLASH_ATTN_EXT(hsk=192,hsv=128,nh=4,nr23=[16,1],kv=512,nb=75,mask=1,sinks=1,max_bias=8.000000,logit_softcap=0.000000,prec=f32,type_K=f16,type_V=f16,permute=[0,1,2,3]): not supported [RD0] 
  FLASH_ATTN_EXT(hsk=192,hsv=128,nh=4,nr23=[1,1],kv=113,nb=1,mask=1,sinks=0,max_bias=0.000000,logit_softcap=0.000000,prec=f32,type_K=f16,type_V=f16,permute=[0,1,2,3]): not supported [RD0] 
  FLASH_ATTN_EXT(hsk=192,hsv=128,nh=4,nr23=[1,1],kv=113,nb=3,mask=1,sinks=0,max_bias=0.000000,logit_softcap=0.000000,prec=f32,type_K=f16,type_V=f16,permute=[0,1,2,3]): not supported [RD0] 
  FLASH_ATTN_EXT(hsk=192,hsv=128,nh=4,nr23=[1,1],kv=113,nb=32,mask=1,sinks=0,max_bias=0.000000,logit_softcap=0.000000,prec=f32,type_K=f16,type_V=f16,permute=[0,1,2,3]): not supported [RD0] 
  FLASH_ATTN_EXT(hsk=192,hsv=128,nh=4,nr23=[1,1],kv=113,nb=75,mask=1,sinks=0,max_bias=0.000000,logit_softcap=0.000000,prec=f32,type_K=f16,type_V=f16,permute=[0,1,2,3]): not supported [RD0] 
  FLASH_ATTN_EXT(hsk=192,hsv=128,nh=4,nr23=[1,1],kv=512,nb=1,mask=1,sinks=0,max_bias=0.000000,logit_softcap=0.000000,prec=f32,type_K=f16,type_V=f16,permute=[0,1,2,3]): not supported [RD0] 
  FLASH_ATTN_EXT(hsk=192,hsv=128,nh=4,nr23=[1,1],kv=512,nb=1,mask=1,sinks=0,max_bias=0.000000,logit_softcap=0.000000,prec=f32,type_K=f16,type_V=f16,permute=[0,2,1,3]): not supported [RD0] 
  FLASH_ATTN_EXT(hsk=192,hsv=128,nh=4,nr23=[1,1],kv=512,nb=3,mask=1,sinks=0,max_bias=0.000000,logit_softcap=0.000000,prec=f32,type_K=f16,type_V=f16,permute=[0,1,2,3]): not supported [RD0] 
  FLASH_ATTN_EXT(hsk=192,hsv=128,nh=4,nr23=[1,1],kv=512,nb=3,mask=1,sinks=0,max_bias=0.000000,logit_softcap=0.000000,prec=f32,type_K=f16,type_V=f16,permute=[0,2,1,3]): not supported [RD0] 
  FLASH_ATTN_EXT(hsk=192,hsv=128,nh=4,nr23=[1,1],kv=512,nb=32,mask=1,sinks=0,max_bias=0.000000,logit_softcap=0.000000,prec=f32,type_K=f16,type_V=f16,permute=[0,1,2,3]): not supported [RD0] 
  FLASH_ATTN_EXT(hsk=192,hsv=128,nh=4,nr23=[1,1],kv=512,nb=32,mask=1,sinks=0,max_bias=0.000000,logit_softcap=0.000000,prec=f32,type_K=f16,type_V=f16,permute=[0,2,1,3]): not supported [RD0] 
  FLASH_ATTN_EXT(hsk=192,hsv=128,nh=4,nr23=[1,1],kv=512,nb=75,mask=1,sinks=0,max_bias=0.000000,logit_softcap=0.000000,prec=f32,type_K=f16,type_V=f16,permute=[0,1,2,3]): not supported [RD0] 
  FLASH_ATTN_EXT(hsk=192,hsv=128,nh=4,nr23=[1,1],kv=512,nb=75,mask=1,sinks=0,max_bias=0.000000,logit_softcap=0.000000,prec=f32,type_K=f16,type_V=f16,permute=[0,2,1,3]): not supported [RD0] 
  FLASH_ATTN_EXT(hsk=192,hsv=128,nh=4,nr23=[1,1],kv=1024,nb=1,mask=1,sinks=0,max_bias=0.000000,logit_softcap=0.000000,prec=f32,type_K=f16,type_V=f16,permute=[0,1,2,3]): not supported [RD0] 
  FLASH_ATTN_EXT(hsk=192,hsv=128,nh=4,nr23=[1,1],kv=1024,nb=3,mask=1,sinks=0,max_bias=0.000000,logit_softcap=0.000000,prec=f32,type_K=f16,type_V=f16,permute=[0,1,2,3]): not supported [RD0] 
  FLASH_ATTN_EXT(hsk=192,hsv=128,nh=4,nr23=[1,1],kv=1024,nb=32,mask=1,sinks=0,max_bias=0.000000,logit_softcap=0.000000,prec=f32,type_K=f16,type_V=f16,permute=[0,1,2,3]): not supported [RD0] 
  FLASH_ATTN_EXT(hsk=192,hsv=128,nh=4,nr23=[1,1],kv=1024,nb=75,mask=1,sinks=0,max_bias=0.000000,logit_softcap=0.000000,prec=f32,type_K=f16,type_V=f16,permute=[0,1,2,3]): not supported [RD0] 
  FLASH_ATTN_EXT(hsk=192,hsv=128,nh=4,nr23=[4,1],kv=512,nb=1,mask=1,sinks=0,max_bias=0.000000,logit_softcap=0.000000,prec=f32,type_K=f16,type_V=f16,permute=[0,1,2,3]): not supported [RD0] 
  FLASH_ATTN_EXT(hsk=192,hsv=128,nh=4,nr23=[4,1],kv=512,nb=1,mask=1,sinks=0,max_bias=0.000000,logit_softcap=0.000000,prec=f32,type_K=f16,type_V=f16,permute=[0,2,1,3]): not supported [RD0] 
  FLASH_ATTN_EXT(hsk=192,hsv=128,nh=4,nr23=[4,1],kv=512,nb=3,mask=1,sinks=0,max_bias=0.000000,logit_softcap=0.000000,prec=f32,type_K=f16,type_V=f16,permute=[0,1,2,3]): not supported [RD0] 
  FLASH_ATTN_EXT(hsk=192,hsv=128,nh=4,nr23=[4,1],kv=512,nb=3,mask=1,sinks=0,max_bias=0.000000,logit_softcap=0.000000,prec=f32,type_K=f16,type_V=f16,permute=[0,2,1,3]): not supported [RD0] 
  FLASH_ATTN_EXT(hsk=192,hsv=128,nh=4,nr23=[4,1],kv=512,nb=32,mask=1,sinks=0,max_bias=0.000000,logit_softcap=0.000000,prec=f32,type_K=f16,type_V=f16,permute=[0,1,2,3]): not supported [RD0] 
  FLASH_ATTN_EXT(hsk=192,hsv=128,nh=4,nr23=[4,1],kv=512,nb=32,mask=1,sinks=0,max_bias=0.000000,logit_softcap=0.000000,prec=f32,type_K=f16,type_V=f16,permute=[0,2,1,3]): not supported [RD0] 
  FLASH_ATTN_EXT(hsk=192,hsv=128,nh=4,nr23=[4,1],kv=512,nb=75,mask=1,sinks=0,max_bias=0.000000,logit_softcap=0.000000,prec=f32,type_K=f16,type_V=f16,permute=[0,1,2,3]): not supported [RD0] 
  FLASH_ATTN_EXT(hsk=192,hsv=128,nh=4,nr23=[4,1],kv=512,nb=75,mask=1,sinks=0,max_bias=0.000000,logit_softcap=0.000000,prec=f32,type_K=f16,type_V=f16,permute=[0,2,1,3]): not supported [RD0] 
  FLASH_ATTN_EXT(hsk=192,hsv=128,nh=4,nr23=[8,1],kv=512,nb=1,mask=1,sinks=0,max_bias=0.000000,logit_softcap=0.000000,prec=f32,type_K=f16,type_V=f16,permute=[0,1,2,3]): not supported [RD0] 
  FLASH_ATTN_EXT(hsk=192,hsv=128,nh=4,nr23=[8,1],kv=512,nb=1,mask=1,sinks=0,max_bias=0.000000,logit_softcap=0.000000,prec=f32,type_K=f16,type_V=f16,permute=[0,2,1,3]): not supported [RD0] 
  FLASH_ATTN_EXT(hsk=192,hsv=128,nh=4,nr23=[8,1],kv=512,nb=3,mask=1,sinks=0,max_bias=0.000000,logit_softcap=0.000000,prec=f32,type_K=f16,type_V=f16,permute=[0,1,2,3]): not supported [RD0] 
  FLASH_ATTN_EXT(hsk=192,hsv=128,nh=4,nr23=[8,1],kv=512,nb=3,mask=1,sinks=0,max_bias=0.000000,logit_softcap=0.000000,prec=f32,type_K=f16,type_V=f16,permute=[0,2,1,3]): not supported [RD0] 
  FLASH_ATTN_EXT(hsk=192,hsv=128,nh=4,nr23=[8,1],kv=512,nb=32,mask=1,sinks=0,max_bias=0.000000,logit_softcap=0.000000,prec=f32,type_K=f16,type_V=f16,permute=[0,1,2,3]): not supported [RD0] 
  FLASH_ATTN_EXT(hsk=192,hsv=128,nh=4,nr23=[8,1],kv=512,nb=32,mask=1,sinks=0,max_bias=0.000000,logit_softcap=0.000000,prec=f32,type_K=f16,type_V=f16,permute=[0,2,1,3]): not supported [RD0] 
  FLASH_ATTN_EXT(hsk=192,hsv=128,nh=4,nr23=[8,1],kv=512,nb=75,mask=1,sinks=0,max_bias=0.000000,logit_softcap=0.000000,prec=f32,type_K=f16,type_V=f16,permute=[0,1,2,3]): not supported [RD0] 
  FLASH_ATTN_EXT(hsk=192,hsv=128,nh=4,nr23=[8,1],kv=512,nb=75,mask=1,sinks=0,max_bias=0.000000,logit_softcap=0.000000,prec=f32,type_K=f16,type_V=f16,permute=[0,2,1,3]): not supported [RD0] 
  FLASH_ATTN_EXT(hsk=192,hsv=128,nh=4,nr23=[16,1],kv=512,nb=1,mask=1,sinks=0,max_bias=0.000000,logit_softcap=0.000000,prec=f32,type_K=f16,type_V=f16,permute=[0,1,2,3]): not supported [RD0] 
  FLASH_ATTN_EXT(hsk=192,hsv=128,nh=4,nr23=[16,1],kv=512,nb=1,mask=1,sinks=0,max_bias=0.000000,logit_softcap=0.000000,prec=f32,type_K=f16,type_V=f16,permute=[0,2,1,3]): not supported [RD0] 
  FLASH_ATTN_EXT(hsk=192,hsv=128,nh=4,nr23=[16,1],kv=512,nb=3,mask=1,sinks=0,max_bias=0.000000,logit_softcap=0.000000,prec=f32,type_K=f16,type_V=f16,permute=[0,1,2,3]): not supported [RD0] 
  FLASH_ATTN_EXT(hsk=192,hsv=128,nh=4,nr23=[16,1],kv=512,nb=3,mask=1,sinks=0,max_bias=0.000000,logit_softcap=0.000000,prec=f32,type_K=f16,type_V=f16,permute=[0,2,1,3]): not supported [RD0] 
  FLASH_ATTN_EXT(hsk=192,hsv=128,nh=4,nr23=[16,1],kv=512,nb=32,mask=1,sinks=0,max_bias=0.000000,logit_softcap=0.000000,prec=f32,type_K=f16,type_V=f16,permute=[0,1,2,3]): not supported [RD0] 
  FLASH_ATTN_EXT(hsk=192,hsv=128,nh=4,nr23=[16,1],kv=512,nb=32,mask=1,sinks=0,max_bias=0.000000,logit_softcap=0.000000,prec=f32,type_K=f16,type_V=f16,permute=[0,2,1,3]): not supported [RD0] 
  FLASH_ATTN_EXT(hsk=192,hsv=128,nh=4,nr23=[16,1],kv=512,nb=75,mask=1,sinks=0,max_bias=0.000000,logit_softcap=0.000000,prec=f32,type_K=f16,type_V=f16,permute=[0,1,2,3]): not supported [RD0] 
  FLASH_ATTN_EXT(hsk=192,hsv=128,nh=4,nr23=[16,1],kv=512,nb=75,mask=1,sinks=0,max_bias=0.000000,logit_softcap=0.000000,prec=f32,type_K=f16,type_V=f16,permute=[0,2,1,3]): not supported [RD0] 
  FLASH_ATTN_EXT(hsk=192,hsv=128,nh=4,nr23=[1,1],kv=113,nb=1,mask=1,sinks=0,max_bias=8.000000,logit_softcap=0.000000,prec=f32,type_K=f16,type_V=f16,permute=[0,1,2,3]): not supported [RD0] 
  FLASH_ATTN_EXT(hsk=192,hsv=128,nh=4,nr23=[1,1],kv=113,nb=3,mask=1,sinks=0,max_bias=8.000000,logit_softcap=0.000000,prec=f32,type_K=f16,type_V=f16,permute=[0,1,2,3]): not supported [RD0] 
  FLASH_ATTN_EXT(hsk=192,hsv=128,nh=4,nr23=[1,1],kv=113,nb=32,mask=1,sinks=0,max_bias=8.000000,logit_softcap=0.000000,prec=f32,type_K=f16,type_V=f16,permute=[0,1,2,3]): not supported [RD0] 
  FLASH_ATTN_EXT(hsk=192,hsv=128,nh=4,nr23=[1,1],kv=113,nb=75,mask=1,sinks=0,max_bias=8.000000,logit_softcap=0.000000,prec=f32,type_K=f16,type_V=f16,permute=[0,1,2,3]): not supported [RD0] 
  FLASH_ATTN_EXT(hsk=192,hsv=128,nh=4,nr23=[1,1],kv=512,nb=1,mask=1,sinks=0,max_bias=8.000000,logit_softcap=0.000000,prec=f32,type_K=f16,type_V=f16,permute=[0,1,2,3]): not supported [RD0] 
  FLASH_ATTN_EXT(hsk=192,hsv=128,nh=4,nr23=[1,1],kv=512,nb=3,mask=1,sinks=0,max_bias=8.000000,logit_softcap=0.000000,prec=f32,type_K=f16,type_V=f16,permute=[0,1,2,3]): not supported [RD0] 
  FLASH_ATTN_EXT(hsk=192,hsv=128,nh=4,nr23=[1,1],kv=512,nb=32,mask=1,sinks=0,max_bias=8.000000,logit_softcap=0.000000,prec=f32,type_K=f16,type_V=f16,permute=[0,1,2,3]): not supported [RD0] 
  FLASH_ATTN_EXT(hsk=192,hsv=128,nh=4,nr23=[1,1],kv=512,nb=75,mask=1,sinks=0,max_bias=8.000000,logit_softcap=0.000000,prec=f32,type_K=f16,type_V=f16,permute=[0,1,2,3]): not supported [RD0] 
  FLASH_ATTN_EXT(hsk=192,hsv=128,nh=4,nr23=[1,1],kv=1024,nb=1,mask=1,sinks=0,max_bias=8.000000,logit_softcap=0.000000,prec=f32,type_K=f16,type_V=f16,permute=[0,1,2,3]): not supported [RD0] 
  FLASH_ATTN_EXT(hsk=192,hsv=128,nh=4,nr23=[1,1],kv=1024,nb=3,mask=1,sinks=0,max_bias=8.000000,logit_softcap=0.000000,prec=f32,type_K=f16,type_V=f16,permute=[0,1,2,3]): not supported [RD0] 
  FLASH_ATTN_EXT(hsk=192,hsv=128,nh=4,nr23=[1,1],kv=1024,nb=32,mask=1,sinks=0,max_bias=8.000000,logit_softcap=0.000000,prec=f32,type_K=f16,type_V=f16,permute=[0,1,2,3]): not supported [RD0] 
  FLASH_ATTN_EXT(hsk=192,hsv=128,nh=4,nr23=[1,1],kv=1024,nb=75,mask=1,sinks=0,max_bias=8.000000,logit_softcap=0.000000,prec=f32,type_K=f16,type_V=f16,permute=[0,1,2,3]): not supported [RD0] 
  FLASH_ATTN_EXT(hsk=192,hsv=128,nh=4,nr23=[4,1],kv=512,nb=1,mask=1,sinks=0,max_bias=8.000000,logit_softcap=0.000000,prec=f32,type_K=f16,type_V=f16,permute=[0,1,2,3]): not supported [RD0] 
  FLASH_ATTN_EXT(hsk=192,hsv=128,nh=4,nr23=[4,1],kv=512,nb=3,mask=1,sinks=0,max_bias=8.000000,logit_softcap=0.000000,prec=f32,type_K=f16,type_V=f16,permute=[0,1,2,3]): not supported [RD0] 
  FLASH_ATTN_EXT(hsk=192,hsv=128,nh=4,nr23=[4,1],kv=512,nb=32,mask=1,sinks=0,max_bias=8.000000,logit_softcap=0.000000,prec=f32,type_K=f16,type_V=f16,permute=[0,1,2,3]): not supported [RD0] 
  FLASH_ATTN_EXT(hsk=192,hsv=128,nh=4,nr23=[4,1],kv=512,nb=75,mask=1,sinks=0,max_bias=8.000000,logit_softcap=0.000000,prec=f32,type_K=f16,type_V=f16,permute=[0,1,2,3]): not supported [RD0] 
  FLASH_ATTN_EXT(hsk=192,hsv=128,nh=4,nr23=[8,1],kv=512,nb=1,mask=1,sinks=0,max_bias=8.000000,logit_softcap=0.000000,prec=f32,type_K=f16,type_V=f16,permute=[0,1,2,3]): not supported [RD0] 
  FLASH_ATTN_EXT(hsk=192,hsv=128,nh=4,nr23=[8,1],kv=512,nb=3,mask=1,sinks=0,max_bias=8.000000,logit_softcap=0.000000,prec=f32,type_K=f16,type_V=f16,permute=[0,1,2,3]): not supported [RD0] 
  FLASH_ATTN_EXT(hsk=192,hsv=128,nh=4,nr23=[8,1],kv=512,nb=32,mask=1,sinks=0,max_bias=8.000000,logit_softcap=0.000000,prec=f32,type_K=f16,type_V=f16,permute=[0,1,2,3]): not supported [RD0] 
  FLASH_ATTN_EXT(hsk=192,hsv=128,nh=4,nr23=[8,1],kv=512,nb=75,mask=1,sinks=0,max_bias=8.000000,logit_softcap=0.000000,prec=f32,type_K=f16,type_V=f16,permute=[0,1,2,3]): not supported [RD0] 
  FLASH_ATTN_EXT(hsk=192,hsv=128,nh=4,nr23=[16,1],kv=512,nb=1,mask=1,sinks=0,max_bias=8.000000,logit_softcap=0.000000,prec=f32,type_K=f16,type_V=f16,permute=[0,1,2,3]): not supported [RD0] 
  FLASH_ATTN_EXT(hsk=192,hsv=128,nh=4,nr23=[16,1],kv=512,nb=3,mask=1,sinks=0,max_bias=8.000000,logit_softcap=0.000000,prec=f32,type_K=f16,type_V=f16,permute=[0,1,2,3]): not supported [RD0] 
  FLASH_ATTN_EXT(hsk=192,hsv=128,nh=4,nr23=[16,1],kv=512,nb=32,mask=1,sinks=0,max_bias=8.000000,logit_softcap=0.000000,prec=f32,type_K=f16,type_V=f16,permute=[0,1,2,3]): not supported [RD0] 
  FLASH_ATTN_EXT(hsk=192,hsv=128,nh=4,nr23=[16,1],kv=512,nb=75,mask=1,sinks=0,max_bias=8.000000,logit_softcap=0.000000,prec=f32,type_K=f16,type_V=f16,permute=[0,1,2,3]): not supported [RD0] 
  FLASH_ATTN_EXT(hsk=192,hsv=128,nh=4,nr23=[1,1],kv=113,nb=1,mask=0,sinks=1,max_bias=0.000000,logit_softcap=0.000000,prec=f32,type_K=f16,type_V=f16,permute=[0,1,2,3]): not supported [RD0] 
  FLASH_ATTN_EXT(hsk=192,hsv=128,nh=4,nr23=[1,1],kv=113,nb=3,mask=0,sinks=1,max_bias=0.000000,logit_softcap=0.000000,prec=f32,type_K=f16,type_V=f16,permute=[0,1,2,3]): not supported [RD0] 
  FLASH_ATTN_EXT(hsk=192,hsv=128,nh=4,nr23=[1,1],kv=113,nb=32,mask=0,sinks=1,max_bias=0.000000,logit_softcap=0.000000,prec=f32,type_K=f16,type_V=f16,permute=[0,1,2,3]): not supported [RD0] 
  FLASH_ATTN_EXT(hsk=192,hsv=128,nh=4,nr23=[1,1],kv=113,nb=75,mask=0,sinks=1,max_bias=0.000000,logit_softcap=0.000000,prec=f32,type_K=f16,type_V=f16,permute=[0,1,2,3]): not supported [RD0] 
  FLASH_ATTN_EXT(hsk=192,hsv=128,nh=4,nr23=[1,1],kv=512,nb=1,mask=0,sinks=1,max_bias=0.000000,logit_softcap=0.000000,prec=f32,type_K=f16,type_V=f16,permute=[0,1,2,3]): not supported [RD0] 
  FLASH_ATTN_EXT(hsk=192,hsv=128,nh=4,nr23=[1,1],kv=512,nb=3,mask=0,sinks=1,max_bias=0.000000,logit_softcap=0.000000,prec=f32,type_K=f16,type_V=f16,permute=[0,1,2,3]): not supported [RD0] 
  FLASH_ATTN_EXT(hsk=192,hsv=128,nh=4,nr23=[1,1],kv=512,nb=32,mask=0,sinks=1,max_bias=0.000000,logit_softcap=0.000000,prec=f32,type_K=f16,type_V=f16,permute=[0,1,2,3]): not supported [RD0] 
  FLASH_ATTN_EXT(hsk=192,hsv=128,nh=4,nr23=[1,1],kv=512,nb=75,mask=0,sinks=1,max_bias=0.000000,logit_softcap=0.000000,prec=f32,type_K=f16,type_V=f16,permute=[0,1,2,3]): not supported [RD0] 
  FLASH_ATTN_EXT(hsk=192,hsv=128,nh=4,nr23=[1,1],kv=1024,nb=1,mask=0,sinks=1,max_bias=0.000000,logit_softcap=0.000000,prec=f32,type_K=f16,type_V=f16,permute=[0,1,2,3]): not supported [RD0] 
  FLASH_ATTN_EXT(hsk=192,hsv=128,nh=4,nr23=[1,1],kv=1024,nb=3,mask=0,sinks=1,max_bias=0.000000,logit_softcap=0.000000,prec=f32,type_K=f16,type_V=f16,permute=[0,1,2,3]): not supported [RD0] 
  FLASH_ATTN_EXT(hsk=192,hsv=128,nh=4,nr23=[1,1],kv=1024,nb=32,mask=0,sinks=1,max_bias=0.000000,logit_softcap=0.000000,prec=f32,type_K=f16,type_V=f16,permute=[0,1,2,3]): not supported [RD0] 
  FLASH_ATTN_EXT(hsk=192,hsv=128,nh=4,nr23=[1,1],kv=1024,nb=75,mask=0,sinks=1,max_bias=0.000000,logit_softcap=0.000000,prec=f32,type_K=f16,type_V=f16,permute=[0,1,2,3]): not supported [RD0] 
  FLASH_ATTN_EXT(hsk=192,hsv=128,nh=4,nr23=[4,1],kv=512,nb=1,mask=0,sinks=1,max_bias=0.000000,logit_softcap=0.000000,prec=f32,type_K=f16,type_V=f16,permute=[0,1,2,3]): not supported [RD0] 
  FLASH_ATTN_EXT(hsk=192,hsv=128,nh=4,nr23=[4,1],kv=512,nb=3,mask=0,sinks=1,max_bias=0.000000,logit_softcap=0.000000,prec=f32,type_K=f16,type_V=f16,permute=[0,1,2,3]): not supported [RD0] 
  FLASH_ATTN_EXT(hsk=192,hsv=128,nh=4,nr23=[4,1],kv=512,nb=32,mask=0,sinks=1,max_bias=0.000000,logit_softcap=0.000000,prec=f32,type_K=f16,type_V=f16,permute=[0,1,2,3]): not supported [RD0] 
  FLASH_ATTN_EXT(hsk=192,hsv=128,nh=4,nr23=[4,1],kv=512,nb=75,mask=0,sinks=1,max_bias=0.000000,logit_softcap=0.000000,prec=f32,type_K=f16,type_V=f16,permute=[0,1,2,3]): not supported [RD0] 
  FLASH_ATTN_EXT(hsk=192,hsv=128,nh=4,nr23=[8,1],kv=512,nb=1,mask=0,sinks=1,max_bias=0.000000,logit_softcap=0.000000,prec=f32,type_K=f16,type_V=f16,permute=[0,1,2,3]): not supported [RD0] 
  FLASH_ATTN_EXT(hsk=192,hsv=128,nh=4,nr23=[8,1],kv=512,nb=3,mask=0,sinks=1,max_bias=0.000000,logit_softcap=0.000000,prec=f32,type_K=f16,type_V=f16,permute=[0,1,2,3]): not supported [RD0] 
  FLASH_ATTN_EXT(hsk=192,hsv=128,nh=4,nr23=[8,1],kv=512,nb=32,mask=0,sinks=1,max_bias=0.000000,logit_softcap=0.000000,prec=f32,type_K=f16,type_V=f16,permute=[0,1,2,3]): not supported [RD0] 
  FLASH_ATTN_EXT(hsk=192,hsv=128,nh=4,nr23=[8,1],kv=512,nb=75,mask=0,sinks=1,max_bias=0.000000,logit_softcap=0.000000,prec=f32,type_K=f16,type_V=f16,permute=[0,1,2,3]): not supported [RD0] 
  FLASH_ATTN_EXT(hsk=192,hsv=128,nh=4,nr23=[16,1],kv=512,nb=1,mask=0,sinks=1,max_bias=0.000000,logit_softcap=0.000000,prec=f32,type_K=f16,type_V=f16,permute=[0,1,2,3]): not supported [RD0] 
  FLASH_ATTN_EXT(hsk=192,hsv=128,nh=4,nr23=[16,1],kv=512,nb=3,mask=0,sinks=1,max_bias=0.000000,logit_softcap=0.000000,prec=f32,type_K=f16,type_V=f16,permute=[0,1,2,3]): not supported [RD0] 
  FLASH_ATTN_EXT(hsk=192,hsv=128,nh=4,nr23=[16,1],kv=512,nb=32,mask=0,sinks=1,max_bias=0.000000,logit_softcap=0.000000,prec=f32,type_K=f16,type_V=f16,permute=[0,1,2,3]): not supported [RD0] 
  FLASH_ATTN_EXT(hsk=192,hsv=128,nh=4,nr23=[16,1],kv=512,nb=75,mask=0,sinks=1,max_bias=0.000000,logit_softcap=0.000000,prec=f32,type_K=f16,type_V=f16,permute=[0,1,2,3]): not supported [RD0] 
  FLASH_ATTN_EXT(hsk=192,hsv=128,nh=4,nr23=[1,1],kv=113,nb=1,mask=0,sinks=0,max_bias=0.000000,logit_softcap=0.000000,prec=f32,type_K=f16,type_V=f16,permute=[0,1,2,3]): not supported [RD0] 
  FLASH_ATTN_EXT(hsk=192,hsv=128,nh=4,nr23=[1,1],kv=113,nb=3,mask=0,sinks=0,max_bias=0.000000,logit_softcap=0.000000,prec=f32,type_K=f16,type_V=f16,permute=[0,1,2,3]): not supported [RD0] 
  FLASH_ATTN_EXT(hsk=192,hsv=128,nh=4,nr23=[1,1],kv=113,nb=32,mask=0,sinks=0,max_bias=0.000000,logit_softcap=0.000000,prec=f32,type_K=f16,type_V=f16,permute=[0,1,2,3]): not supported [RD0] 
  FLASH_ATTN_EXT(hsk=192,hsv=128,nh=4,nr23=[1,1],kv=113,nb=75,mask=0,sinks=0,max_bias=0.000000,logit_softcap=0.000000,prec=f32,type_K=f16,type_V=f16,permute=[0,1,2,3]): not supported [RD0] 
  FLASH_ATTN_EXT(hsk=192,hsv=128,nh=4,nr23=[1,1],kv=512,nb=1,mask=0,sinks=0,max_bias=0.000000,logit_softcap=0.000000,prec=f32,type_K=f16,type_V=f16,permute=[0,1,2,3]): not supported [RD0] 
  FLASH_ATTN_EXT(hsk=192,hsv=128,nh=4,nr23=[1,1],kv=512,nb=3,mask=0,sinks=0,max_bias=0.000000,logit_softcap=0.000000,prec=f32,type_K=f16,type_V=f16,permute=[0,1,2,3]): not supported [RD0] 
  FLASH_ATTN_EXT(hsk=192,hsv=128,nh=4,nr23=[1,1],kv=512,nb=32,mask=0,sinks=0,max_bias=0.000000,logit_softcap=0.000000,prec=f32,type_K=f16,type_V=f16,permute=[0,1,2,3]): not supported [RD0] 
  FLASH_ATTN_EXT(hsk=192,hsv=128,nh=4,nr23=[1,1],kv=512,nb=75,mask=0,sinks=0,max_bias=0.000000,logit_softcap=0.000000,prec=f32,type_K=f16,type_V=f16,permute=[0,1,2,3]): not supported [RD0] 
  FLASH_ATTN_EXT(hsk=192,hsv=128,nh=4,nr23=[1,1],kv=1024,nb=1,mask=0,sinks=0,max_bias=0.000000,logit_softcap=0.000000,prec=f32,type_K=f16,type_V=f16,permute=[0,1,2,3]): not supported [RD0] 
  FLASH_ATTN_EXT(hsk=192,hsv=128,nh=4,nr23=[1,1],kv=1024,nb=3,mask=0,sinks=0,max_bias=0.000000,logit_softcap=0.000000,prec=f32,type_K=f16,type_V=f16,permute=[0,1,2,3]): not supported [RD0] 
  FLASH_ATTN_EXT(hsk=192,hsv=128,nh=4,nr23=[1,1],kv=1024,nb=32,mask=0,sinks=0,max_bias=0.000000,logit_softcap=0.000000,prec=f32,type_K=f16,type_V=f16,permute=[0,1,2,3]): not supported [RD0] 
  FLASH_ATTN_EXT(hsk=192,hsv=128,nh=4,nr23=[1,1],kv=1024,nb=75,mask=0,sinks=0,max_bias=0.000000,logit_softcap=0.000000,prec=f32,type_K=f16,type_V=f16,permute=[0,1,2,3]): not supported [RD0] 
  FLASH_ATTN_EXT(hsk=192,hsv=128,nh=4,nr23=[4,1],kv=512,nb=1,mask=0,sinks=0,max_bias=0.000000,logit_softcap=0.000000,prec=f32,type_K=f16,type_V=f16,permute=[0,1,2,3]): not supported [RD0] 
  FLASH_ATTN_EXT(hsk=192,hsv=128,nh=4,nr23=[4,1],kv=512,nb=3,mask=0,sinks=0,max_bias=0.000000,logit_softcap=0.000000,prec=f32,type_K=f16,type_V=f16,permute=[0,1,2,3]): not supported [RD0] 
  FLASH_ATTN_EXT(hsk=192,hsv=128,nh=4,nr23=[4,1],kv=512,nb=32,mask=0,sinks=0,max_bias=0.000000,logit_softcap=0.000000,prec=f32,type_K=f16,type_V=f16,permute=[0,1,2,3]): not supported [RD0] 
  FLASH_ATTN_EXT(hsk=192,hsv=128,nh=4,nr23=[4,1],kv=512,nb=75,mask=0,sinks=0,max_bias=0.000000,logit_softcap=0.000000,prec=f32,type_K=f16,type_V=f16,permute=[0,1,2,3]): not supported [RD0] 
  FLASH_ATTN_EXT(hsk=192,hsv=128,nh=4,nr23=[8,1],kv=512,nb=1,mask=0,sinks=0,max_bias=0.000000,logit_softcap=0.000000,prec=f32,type_K=f16,type_V=f16,permute=[0,1,2,3]): not supported [RD0] 
  FLASH_ATTN_EXT(hsk=192,hsv=128,nh=4,nr23=[8,1],kv=512,nb=3,mask=0,sinks=0,max_bias=0.000000,logit_softcap=0.000000,prec=f32,type_K=f16,type_V=f16,permute=[0,1,2,3]): not supported [RD0] 
  FLASH_ATTN_EXT(hsk=192,hsv=128,nh=4,nr23=[8,1],kv=512,nb=32,mask=0,sinks=0,max_bias=0.000000,logit_softcap=0.000000,prec=f32,type_K=f16,type_V=f16,permute=[0,1,2,3]): not supported [RD0] 
  FLASH_ATTN_EXT(hsk=192,hsv=128,nh=4,nr23=[8,1],kv=512,nb=75,mask=0,sinks=0,max_bias=0.000000,logit_softcap=0.000000,prec=f32,type_K=f16,type_V=f16,permute=[0,1,2,3]): not supported [RD0] 
  FLASH_ATTN_EXT(hsk=192,hsv=128,nh=4,nr23=[16,1],kv=512,nb=1,mask=0,sinks=0,max_bias=0.000000,logit_softcap=0.000000,prec=f32,type_K=f16,type_V=f16,permute=[0,1,2,3]): not supported [RD0] 
  FLASH_ATTN_EXT(hsk=192,hsv=128,nh=4,nr23=[16,1],kv=512,nb=3,mask=0,sinks=0,max_bias=0.000000,logit_softcap=0.000000,prec=f32,type_K=f16,type_V=f16,permute=[0,1,2,3]): not supported [RD0] 
  FLASH_ATTN_EXT(hsk=192,hsv=128,nh=4,nr23=[16,1],kv=512,nb=32,mask=0,sinks=0,max_bias=0.000000,logit_softcap=0.000000,prec=f32,type_K=f16,type_V=f16,permute=[0,1,2,3]): not supported [RD0] 
  FLASH_ATTN_EXT(hsk=192,hsv=128,nh=4,nr23=[16,1],kv=512,nb=75,mask=0,sinks=0,max_bias=0.000000,logit_softcap=0.000000,prec=f32,type_K=f16,type_V=f16,permute=[0,1,2,3]): not supported [RD0] 
  FLASH_ATTN_EXT(hsk=192,hsv=192,nh=4,nr23=[1,1],kv=113,nb=1,mask=1,sinks=1,max_bias=0.000000,logit_softcap=0.000000,prec=f32,type_K=f16,type_V=f16,permute=[0,1,2,3]): not supported [RD0] 
  FLASH_ATTN_EXT(hsk=192,hsv=192,nh=4,nr23=[1,1],kv=113,nb=3,mask=1,sinks=1,max_bias=0.000000,logit_softcap=0.000000,prec=f32,type_K=f16,type_V=f16,permute=[0,1,2,3]): not supported [RD0] 
  FLASH_ATTN_EXT(hsk=192,hsv=192,nh=4,nr23=[1,1],kv=113,nb=32,mask=1,sinks=1,max_bias=0.000000,logit_softcap=0.000000,prec=f32,type_K=f16,type_V=f16,permute=[0,1,2,3]): not supported [RD0] 
  FLASH_ATTN_EXT(hsk=192,hsv=192,nh=4,nr23=[1,1],kv=113,nb=75,mask=1,sinks=1,max_bias=0.000000,logit_softcap=0.000000,prec=f32,type_K=f16,type_V=f16,permute=[0,1,2,3]): not supported [RD0] 
  FLASH_ATTN_EXT(hsk=192,hsv=192,nh=4,nr23=[1,1],kv=512,nb=1,mask=1,sinks=1,max_bias=0.000000,logit_softcap=0.000000,prec=f32,type_K=f16,type_V=f16,permute=[0,1,2,3]): not supported [RD0] 
  FLASH_ATTN_EXT(hsk=192,hsv=192,nh=4,nr23=[1,1],kv=512,nb=1,mask=1,sinks=1,max_bias=0.000000,logit_softcap=0.000000,prec=f32,type_K=f16,type_V=f16,permute=[0,2,1,3]): not supported [RD0] 
  FLASH_ATTN_EXT(hsk=192,hsv=192,nh=4,nr23=[1,1],kv=512,nb=3,mask=1,sinks=1,max_bias=0.000000,logit_softcap=0.000000,prec=f32,type_K=f16,type_V=f16,permute=[0,1,2,3]): not supported [RD0] 
  FLASH_ATTN_EXT(hsk=192,hsv=192,nh=4,nr23=[1,1],kv=512,nb=3,mask=1,sinks=1,max_bias=0.000000,logit_softcap=0.000000,prec=f32,type_K=f16,type_V=f16,permute=[0,2,1,3]): not supported [RD0] 
  FLASH_ATTN_EXT(hsk=192,hsv=192,nh=4,nr23=[1,1],kv=512,nb=32,mask=1,sinks=1,max_bias=0.000000,logit_softcap=0.000000,prec=f32,type_K=f16,type_V=f16,permute=[0,1,2,3]): not supported [RD0] 
  FLASH_ATTN_EXT(hsk=192,hsv=192,nh=4,nr23=[1,1],kv=512,nb=32,mask=1,sinks=1,max_bias=0.000000,logit_softcap=0.000000,prec=f32,type_K=f16,type_V=f16,permute=[0,2,1,3]): not supported [RD0] 
  FLASH_ATTN_EXT(hsk=192,hsv=192,nh=4,nr23=[1,1],kv=512,nb=75,mask=1,sinks=1,max_bias=0.000000,logit_softcap=0.000000,prec=f32,type_K=f16,type_V=f16,permute=[0,1,2,3]): not supported [RD0] 
  FLASH_ATTN_EXT(hsk=192,hsv=192,nh=4,nr23=[1,1],kv=512,nb=75,mask=1,sinks=1,max_bias=0.000000,logit_softcap=0.000000,prec=f32,type_K=f16,type_V=f16,permute=[0,2,1,3]): not supported [RD0] 
  FLASH_ATTN_EXT(hsk=192,hsv=192,nh=4,nr23=[1,1],kv=1024,nb=1,mask=1,sinks=1,max_bias=0.000000,logit_softcap=0.000000,prec=f32,type_K=f16,type_V=f16,permute=[0,1,2,3]): not supported [RD0] 
  FLASH_ATTN_EXT(hsk=192,hsv=192,nh=4,nr23=[1,1],kv=1024,nb=3,mask=1,sinks=1,max_bias=0.000000,logit_softcap=0.000000,prec=f32,type_K=f16,type_V=f16,permute=[0,1,2,3]): not supported [RD0] 
  FLASH_ATTN_EXT(hsk=192,hsv=192,nh=4,nr23=[1,1],kv=1024,nb=32,mask=1,sinks=1,max_bias=0.000000,logit_softcap=0.000000,prec=f32,type_K=f16,type_V=f16,permute=[0,1,2,3]): not supported [RD0] 
  FLASH_ATTN_EXT(hsk=192,hsv=192,nh=4,nr23=[1,1],kv=1024,nb=75,mask=1,sinks=1,max_bias=0.000000,logit_softcap=0.000000,prec=f32,type_K=f16,type_V=f16,permute=[0,1,2,3]): not supported [RD0] 
  FLASH_ATTN_EXT(hsk=192,hsv=192,nh=4,nr23=[4,1],kv=512,nb=1,mask=1,sinks=1,max_bias=0.000000,logit_softcap=0.000000,prec=f32,type_K=f16,type_V=f16,permute=[0,1,2,3]): not supported [RD0] 
  FLASH_ATTN_EXT(hsk=192,hsv=192,nh=4,nr23=[4,1],kv=512,nb=1,mask=1,sinks=1,max_bias=0.000000,logit_softcap=0.000000,prec=f32,type_K=f16,type_V=f16,permute=[0,2,1,3]): not supported [RD0] 
  FLASH_ATTN_EXT(hsk=192,hsv=192,nh=4,nr23=[4,1],kv=512,nb=3,mask=1,sinks=1,max_bias=0.000000,logit_softcap=0.000000,prec=f32,type_K=f16,type_V=f16,permute=[0,1,2,3]): not supported [RD0] 
  FLASH_ATTN_EXT(hsk=192,hsv=192,nh=4,nr23=[4,1],kv=512,nb=3,mask=1,sinks=1,max_bias=0.000000,logit_softcap=0.000000,prec=f32,type_K=f16,type_V=f16,permute=[0,2,1,3]): not supported [RD0] 
  FLASH_ATTN_EXT(hsk=192,hsv=192,nh=4,nr23=[4,1],kv=512,nb=32,mask=1,sinks=1,max_bias=0.000000,logit_softcap=0.000000,prec=f32,type_K=f16,type_V=f16,permute=[0,1,2,3]): not supported [RD0] 
  FLASH_ATTN_EXT(hsk=192,hsv=192,nh=4,nr23=[4,1],kv=512,nb=32,mask=1,sinks=1,max_bias=0.000000,logit_softcap=0.000000,prec=f32,type_K=f16,type_V=f16,permute=[0,2,1,3]): not supported [RD0] 
  FLASH_ATTN_EXT(hsk=192,hsv=192,nh=4,nr23=[4,1],kv=512,nb=75,mask=1,sinks=1,max_bias=0.000000,logit_softcap=0.000000,prec=f32,type_K=f16,type_V=f16,permute=[0,1,2,3]): not supported [RD0] 
  FLASH_ATTN_EXT(hsk=192,hsv=192,nh=4,nr23=[4,1],kv=512,nb=75,mask=1,sinks=1,max_bias=0.000000,logit_softcap=0.000000,prec=f32,type_K=f16,type_V=f16,permute=[0,2,1,3]): not supported [RD0] 
  FLASH_ATTN_EXT(hsk=192,hsv=192,nh=4,nr23=[8,1],kv=512,nb=1,mask=1,sinks=1,max_bias=0.000000,logit_softcap=0.000000,prec=f32,type_K=f16,type_V=f16,permute=[0,1,2,3]): not supported [RD0] 
  FLASH_ATTN_EXT(hsk=192,hsv=192,nh=4,nr23=[8,1],kv=512,nb=1,mask=1,sinks=1,max_bias=0.000000,logit_softcap=0.000000,prec=f32,type_K=f16,type_V=f16,permute=[0,2,1,3]): not supported [RD0] 
  FLASH_ATTN_EXT(hsk=192,hsv=192,nh=4,nr23=[8,1],kv=512,nb=3,mask=1,sinks=1,max_bias=0.000000,logit_softcap=0.000000,prec=f32,type_K=f16,type_V=f16,permute=[0,1,2,3]): not supported [RD0] 
  FLASH_ATTN_EXT(hsk=192,hsv=192,nh=4,nr23=[8,1],kv=512,nb=3,mask=1,sinks=1,max_bias=0.000000,logit_softcap=0.000000,prec=f32,type_K=f16,type_V=f16,permute=[0,2,1,3]): not supported [RD0] 
  FLASH_ATTN_EXT(hsk=192,hsv=192,nh=4,nr23=[8,1],kv=512,nb=32,mask=1,sinks=1,max_bias=0.000000,logit_softcap=0.000000,prec=f32,type_K=f16,type_V=f16,permute=[0,1,2,3]): not supported [RD0] 
  FLASH_ATTN_EXT(hsk=192,hsv=192,nh=4,nr23=[8,1],kv=512,nb=32,mask=1,sinks=1,max_bias=0.000000,logit_softcap=0.000000,prec=f32,type_K=f16,type_V=f16,permute=[0,2,1,3]): not supported [RD0] 
  FLASH_ATTN_EXT(hsk=192,hsv=192,nh=4,nr23=[8,1],kv=512,nb=75,mask=1,sinks=1,max_bias=0.000000,logit_softcap=0.000000,prec=f32,type_K=f16,type_V=f16,permute=[0,1,2,3]): not supported [RD0] 
  FLASH_ATTN_EXT(hsk=192,hsv=192,nh=4,nr23=[8,1],kv=512,nb=75,mask=1,sinks=1,max_bias=0.000000,logit_softcap=0.000000,prec=f32,type_K=f16,type_V=f16,permute=[0,2,1,3]): not supported [RD0] 
  FLASH_ATTN_EXT(hsk=192,hsv=192,nh=4,nr23=[16,1],kv=512,nb=1,mask=1,sinks=1,max_bias=0.000000,logit_softcap=0.000000,prec=f32,type_K=f16,type_V=f16,permute=[0,1,2,3]): not supported [RD0] 
  FLASH_ATTN_EXT(hsk=192,hsv=192,nh=4,nr23=[16,1],kv=512,nb=1,mask=1,sinks=1,max_bias=0.000000,logit_softcap=0.000000,prec=f32,type_K=f16,type_V=f16,permute=[0,2,1,3]): not supported [RD0] 
  FLASH_ATTN_EXT(hsk=192,hsv=192,nh=4,nr23=[16,1],kv=512,nb=3,mask=1,sinks=1,max_bias=0.000000,logit_softcap=0.000000,prec=f32,type_K=f16,type_V=f16,permute=[0,1,2,3]): not supported [RD0] 
  FLASH_ATTN_EXT(hsk=192,hsv=192,nh=4,nr23=[16,1],kv=512,nb=3,mask=1,sinks=1,max_bias=0.000000,logit_softcap=0.000000,prec=f32,type_K=f16,type_V=f16,permute=[0,2,1,3]): not supported [RD0] 
  FLASH_ATTN_EXT(hsk=192,hsv=192,nh=4,nr23=[16,1],kv=512,nb=32,mask=1,sinks=1,max_bias=0.000000,logit_softcap=0.000000,prec=f32,type_K=f16,type_V=f16,permute=[0,1,2,3]): not supported [RD0] 
  FLASH_ATTN_EXT(hsk=192,hsv=192,nh=4,nr23=[16,1],kv=512,nb=32,mask=1,sinks=1,max_bias=0.000000,logit_softcap=0.000000,prec=f32,type_K=f16,type_V=f16,permute=[0,2,1,3]): not supported [RD0] 
  FLASH_ATTN_EXT(hsk=192,hsv=192,nh=4,nr23=[16,1],kv=512,nb=75,mask=1,sinks=1,max_bias=0.000000,logit_softcap=0.000000,prec=f32,type_K=f16,type_V=f16,permute=[0,1,2,3]): not supported [RD0] 
  FLASH_ATTN_EXT(hsk=192,hsv=192,nh=4,nr23=[16,1],kv=512,nb=75,mask=1,sinks=1,max_bias=0.000000,logit_softcap=0.000000,prec=f32,type_K=f16,type_V=f16,permute=[0,2,1,3]): not supported [RD0] 
  FLASH_ATTN_EXT(hsk=192,hsv=192,nh=4,nr23=[1,1],kv=113,nb=1,mask=1,sinks=1,max_bias=8.000000,logit_softcap=0.000000,prec=f32,type_K=f16,type_V=f16,permute=[0,1,2,3]): not supported [RD0] 
  FLASH_ATTN_EXT(hsk=192,hsv=192,nh=4,nr23=[1,1],kv=113,nb=3,mask=1,sinks=1,max_bias=8.000000,logit_softcap=0.000000,prec=f32,type_K=f16,type_V=f16,permute=[0,1,2,3]): not supported [RD0] 
  FLASH_ATTN_EXT(hsk=192,hsv=192,nh=4,nr23=[1,1],kv=113,nb=32,mask=1,sinks=1,max_bias=8.000000,logit_softcap=0.000000,prec=f32,type_K=f16,type_V=f16,permute=[0,1,2,3]): not supported [RD0] 
  FLASH_ATTN_EXT(hsk=192,hsv=192,nh=4,nr23=[1,1],kv=113,nb=75,mask=1,sinks=1,max_bias=8.000000,logit_softcap=0.000000,prec=f32,type_K=f16,type_V=f16,permute=[0,1,2,3]): not supported [RD0] 
  FLASH_ATTN_EXT(hsk=192,hsv=192,nh=4,nr23=[1,1],kv=512,nb=1,mask=1,sinks=1,max_bias=8.000000,logit_softcap=0.000000,prec=f32,type_K=f16,type_V=f16,permute=[0,1,2,3]): not supported [RD0] 
  FLASH_ATTN_EXT(hsk=192,hsv=192,nh=4,nr23=[1,1],kv=512,nb=3,mask=1,sinks=1,max_bias=8.000000,logit_softcap=0.000000,prec=f32,type_K=f16,type_V=f16,permute=[0,1,2,3]): not supported [RD0] 
  FLASH_ATTN_EXT(hsk=192,hsv=192,nh=4,nr23=[1,1],kv=512,nb=32,mask=1,sinks=1,max_bias=8.000000,logit_softcap=0.000000,prec=f32,type_K=f16,type_V=f16,permute=[0,1,2,3]): not supported [RD0] 
  FLASH_ATTN_EXT(hsk=192,hsv=192,nh=4,nr23=[1,1],kv=512,nb=75,mask=1,sinks=1,max_bias=8.000000,logit_softcap=0.000000,prec=f32,type_K=f16,type_V=f16,permute=[0,1,2,3]): not supported [RD0] 
  FLASH_ATTN_EXT(hsk=192,hsv=192,nh=4,nr23=[1,1],kv=1024,nb=1,mask=1,sinks=1,max_bias=8.000000,logit_softcap=0.000000,prec=f32,type_K=f16,type_V=f16,permute=[0,1,2,3]): not supported [RD0] 
  FLASH_ATTN_EXT(hsk=192,hsv=192,nh=4,nr23=[1,1],kv=1024,nb=3,mask=1,sinks=1,max_bias=8.000000,logit_softcap=0.000000,prec=f32,type_K=f16,type_V=f16,permute=[0,1,2,3]): not supported [RD0] 
  FLASH_ATTN_EXT(hsk=192,hsv=192,nh=4,nr23=[1,1],kv=1024,nb=32,mask=1,sinks=1,max_bias=8.000000,logit_softcap=0.000000,prec=f32,type_K=f16,type_V=f16,permute=[0,1,2,3]): not supported [RD0] 
  FLASH_ATTN_EXT(hsk=192,hsv=192,nh=4,nr23=[1,1],kv=1024,nb=75,mask=1,sinks=1,max_bias=8.000000,logit_softcap=0.000000,prec=f32,type_K=f16,type_V=f16,permute=[0,1,2,3]): not supported [RD0] 
  FLASH_ATTN_EXT(hsk=192,hsv=192,nh=4,nr23=[4,1],kv=512,nb=1,mask=1,sinks=1,max_bias=8.000000,logit_softcap=0.000000,prec=f32,type_K=f16,type_V=f16,permute=[0,1,2,3]): not supported [RD0] 
  FLASH_ATTN_EXT(hsk=192,hsv=192,nh=4,nr23=[4,1],kv=512,nb=3,mask=1,sinks=1,max_bias=8.000000,logit_softcap=0.000000,prec=f32,type_K=f16,type_V=f16,permute=[0,1,2,3]): not supported [RD0] 
  FLASH_ATTN_EXT(hsk=192,hsv=192,nh=4,nr23=[4,1],kv=512,nb=32,mask=1,sinks=1,max_bias=8.000000,logit_softcap=0.000000,prec=f32,type_K=f16,type_V=f16,permute=[0,1,2,3]): not supported [RD0] 
  FLASH_ATTN_EXT(hsk=192,hsv=192,nh=4,nr23=[4,1],kv=512,nb=75,mask=1,sinks=1,max_bias=8.000000,logit_softcap=0.000000,prec=f32,type_K=f16,type_V=f16,permute=[0,1,2,3]): not supported [RD0] 
  FLASH_ATTN_EXT(hsk=192,hsv=192,nh=4,nr23=[8,1],kv=512,nb=1,mask=1,sinks=1,max_bias=8.000000,logit_softcap=0.000000,prec=f32,type_K=f16,type_V=f16,permute=[0,1,2,3]): not supported [RD0] 
  FLASH_ATTN_EXT(hsk=192,hsv=192,nh=4,nr23=[8,1],kv=512,nb=3,mask=1,sinks=1,max_bias=8.000000,logit_softcap=0.000000,prec=f32,type_K=f16,type_V=f16,permute=[0,1,2,3]): not supported [RD0] 
  FLASH_ATTN_EXT(hsk=192,hsv=192,nh=4,nr23=[8,1],kv=512,nb=32,mask=1,sinks=1,max_bias=8.000000,logit_softcap=0.000000,prec=f32,type_K=f16,type_V=f16,permute=[0,1,2,3]): not supported [RD0] 
  FLASH_ATTN_EXT(hsk=192,hsv=192,nh=4,nr23=[8,1],kv=512,nb=75,mask=1,sinks=1,max_bias=8.000000,logit_softcap=0.000000,prec=f32,type_K=f16,type_V=f16,permute=[0,1,2,3]): not supported [RD0] 
  FLASH_ATTN_EXT(hsk=192,hsv=192,nh=4,nr23=[16,1],kv=512,nb=1,mask=1,sinks=1,max_bias=8.000000,logit_softcap=0.000000,prec=f32,type_K=f16,type_V=f16,permute=[0,1,2,3]): not supported [RD0] 
  FLASH_ATTN_EXT(hsk=192,hsv=192,nh=4,nr23=[16,1],kv=512,nb=3,mask=1,sinks=1,max_bias=8.000000,logit_softcap=0.000000,prec=f32,type_K=f16,type_V=f16,permute=[0,1,2,3]): not supported [RD0] 
  FLASH_ATTN_EXT(hsk=192,hsv=192,nh=4,nr23=[16,1],kv=512,nb=32,mask=1,sinks=1,max_bias=8.000000,logit_softcap=0.000000,prec=f32,type_K=f16,type_V=f16,permute=[0,1,2,3]): not supported [RD0] 
  FLASH_ATTN_EXT(hsk=192,hsv=192,nh=4,nr23=[16,1],kv=512,nb=75,mask=1,sinks=1,max_bias=8.000000,logit_softcap=0.000000,prec=f32,type_K=f16,type_V=f16,permute=[0,1,2,3]): not supported [RD0] 
  FLASH_ATTN_EXT(hsk=192,hsv=192,nh=4,nr23=[1,1],kv=113,nb=1,mask=1,sinks=0,max_bias=0.000000,logit_softcap=0.000000,prec=f32,type_K=f16,type_V=f16,permute=[0,1,2,3]): not supported [RD0] 
  FLASH_ATTN_EXT(hsk=192,hsv=192,nh=4,nr23=[1,1],kv=113,nb=3,mask=1,sinks=0,max_bias=0.000000,logit_softcap=0.000000,prec=f32,type_K=f16,type_V=f16,permute=[0,1,2,3]): not supported [RD0] 
  FLASH_ATTN_EXT(hsk=192,hsv=192,nh=4,nr23=[1,1],kv=113,nb=32,mask=1,sinks=0,max_bias=0.000000,logit_softcap=0.000000,prec=f32,type_K=f16,type_V=f16,permute=[0,1,2,3]): not supported [RD0] 
  FLASH_ATTN_EXT(hsk=192,hsv=192,nh=4,nr23=[1,1],kv=113,nb=75,mask=1,sinks=0,max_bias=0.000000,logit_softcap=0.000000,prec=f32,type_K=f16,type_V=f16,permute=[0,1,2,3]): not supported [RD0] 
  FLASH_ATTN_EXT(hsk=192,hsv=192,nh=4,nr23=[1,1],kv=512,nb=1,mask=1,sinks=0,max_bias=0.000000,logit_softcap=0.000000,prec=f32,type_K=f16,type_V=f16,permute=[0,1,2,3]): not supported [RD0] 
  FLASH_ATTN_EXT(hsk=192,hsv=192,nh=4,nr23=[1,1],kv=512,nb=1,mask=1,sinks=0,max_bias=0.000000,logit_softcap=0.000000,prec=f32,type_K=f16,type_V=f16,permute=[0,2,1,3]): not supported [RD0] 
  FLASH_ATTN_EXT(hsk=192,hsv=192,nh=4,nr23=[1,1],kv=512,nb=3,mask=1,sinks=0,max_bias=0.000000,logit_softcap=0.000000,prec=f32,type_K=f16,type_V=f16,permute=[0,1,2,3]): not supported [RD0] 
  FLASH_ATTN_EXT(hsk=192,hsv=192,nh=4,nr23=[1,1],kv=512,nb=3,mask=1,sinks=0,max_bias=0.000000,logit_softcap=0.000000,prec=f32,type_K=f16,type_V=f16,permute=[0,2,1,3]): not supported [RD0] 
  FLASH_ATTN_EXT(hsk=192,hsv=192,nh=4,nr23=[1,1],kv=512,nb=32,mask=1,sinks=0,max_bias=0.000000,logit_softcap=0.000000,prec=f32,type_K=f16,type_V=f16,permute=[0,1,2,3]): not supported [RD0] 
  FLASH_ATTN_EXT(hsk=192,hsv=192,nh=4,nr23=[1,1],kv=512,nb=32,mask=1,sinks=0,max_bias=0.000000,logit_softcap=0.000000,prec=f32,type_K=f16,type_V=f16,permute=[0,2,1,3]): not supported [RD0] 
  FLASH_ATTN_EXT(hsk=192,hsv=192,nh=4,nr23=[1,1],kv=512,nb=75,mask=1,sinks=0,max_bias=0.000000,logit_softcap=0.000000,prec=f32,type_K=f16,type_V=f16,permute=[0,1,2,3]): not supported [RD0] 
  FLASH_ATTN_EXT(hsk=192,hsv=192,nh=4,nr23=[1,1],kv=512,nb=75,mask=1,sinks=0,max_bias=0.000000,logit_softcap=0.000000,prec=f32,type_K=f16,type_V=f16,permute=[0,2,1,3]): not supported [RD0] 
  FLASH_ATTN_EXT(hsk=192,hsv=192,nh=4,nr23=[1,1],kv=1024,nb=1,mask=1,sinks=0,max_bias=0.000000,logit_softcap=0.000000,prec=f32,type_K=f16,type_V=f16,permute=[0,1,2,3]): not supported [RD0] 
  FLASH_ATTN_EXT(hsk=192,hsv=192,nh=4,nr23=[1,1],kv=1024,nb=3,mask=1,sinks=0,max_bias=0.000000,logit_softcap=0.000000,prec=f32,type_K=f16,type_V=f16,permute=[0,1,2,3]): not supported [RD0] 
  FLASH_ATTN_EXT(hsk=192,hsv=192,nh=4,nr23=[1,1],kv=1024,nb=32,mask=1,sinks=0,max_bias=0.000000,logit_softcap=0.000000,prec=f32,type_K=f16,type_V=f16,permute=[0,1,2,3]): not supported [RD0] 
  FLASH_ATTN_EXT(hsk=192,hsv=192,nh=4,nr23=[1,1],kv=1024,nb=75,mask=1,sinks=0,max_bias=0.000000,logit_softcap=0.000000,prec=f32,type_K=f16,type_V=f16,permute=[0,1,2,3]): not supported [RD0] 
  FLASH_ATTN_EXT(hsk=192,hsv=192,nh=4,nr23=[4,1],kv=512,nb=1,mask=1,sinks=0,max_bias=0.000000,logit_softcap=0.000000,prec=f32,type_K=f16,type_V=f16,permute=[0,1,2,3]): not supported [RD0] 
  FLASH_ATTN_EXT(hsk=192,hsv=192,nh=4,nr23=[4,1],kv=512,nb=1,mask=1,sinks=0,max_bias=0.000000,logit_softcap=0.000000,prec=f32,type_K=f16,type_V=f16,permute=[0,2,1,3]): not supported [RD0] 
  FLASH_ATTN_EXT(hsk=192,hsv=192,nh=4,nr23=[4,1],kv=512,nb=3,mask=1,sinks=0,max_bias=0.000000,logit_softcap=0.000000,prec=f32,type_K=f16,type_V=f16,permute=[0,1,2,3]): not supported [RD0] 
  FLASH_ATTN_EXT(hsk=192,hsv=192,nh=4,nr23=[4,1],kv=512,nb=3,mask=1,sinks=0,max_bias=0.000000,logit_softcap=0.000000,prec=f32,type_K=f16,type_V=f16,permute=[0,2,1,3]): not supported [RD0] 
  FLASH_ATTN_EXT(hsk=192,hsv=192,nh=4,nr23=[4,1],kv=512,nb=32,mask=1,sinks=0,max_bias=0.000000,logit_softcap=0.000000,prec=f32,type_K=f16,type_V=f16,permute=[0,1,2,3]): not supported [RD0] 
  FLASH_ATTN_EXT(hsk=192,hsv=192,nh=4,nr23=[4,1],kv=512,nb=32,mask=1,sinks=0,max_bias=0.000000,logit_softcap=0.000000,prec=f32,type_K=f16,type_V=f16,permute=[0,2,1,3]): not supported [RD0] 
  FLASH_ATTN_EXT(hsk=192,hsv=192,nh=4,nr23=[4,1],kv=512,nb=75,mask=1,sinks=0,max_bias=0.000000,logit_softcap=0.000000,prec=f32,type_K=f16,type_V=f16,permute=[0,1,2,3]): not supported [RD0] 
  FLASH_ATTN_EXT(hsk=192,hsv=192,nh=4,nr23=[4,1],kv=512,nb=75,mask=1,sinks=0,max_bias=0.000000,logit_softcap=0.000000,prec=f32,type_K=f16,type_V=f16,permute=[0,2,1,3]): not supported [RD0] 
  FLASH_ATTN_EXT(hsk=192,hsv=192,nh=4,nr23=[8,1],kv=512,nb=1,mask=1,sinks=0,max_bias=0.000000,logit_softcap=0.000000,prec=f32,type_K=f16,type_V=f16,permute=[0,1,2,3]): not supported [RD0] 
  FLASH_ATTN_EXT(hsk=192,hsv=192,nh=4,nr23=[8,1],kv=512,nb=1,mask=1,sinks=0,max_bias=0.000000,logit_softcap=0.000000,prec=f32,type_K=f16,type_V=f16,permute=[0,2,1,3]): not supported [RD0] 
  FLASH_ATTN_EXT(hsk=192,hsv=192,nh=4,nr23=[8,1],kv=512,nb=3,mask=1,sinks=0,max_bias=0.000000,logit_softcap=0.000000,prec=f32,type_K=f16,type_V=f16,permute=[0,1,2,3]): not supported [RD0] 
  FLASH_ATTN_EXT(hsk=192,hsv=192,nh=4,nr23=[8,1],kv=512,nb=3,mask=1,sinks=0,max_bias=0.000000,logit_softcap=0.000000,prec=f32,type_K=f16,type_V=f16,permute=[0,2,1,3]): not supported [RD0] 
  FLASH_ATTN_EXT(hsk=192,hsv=192,nh=4,nr23=[8,1],kv=512,nb=32,mask=1,sinks=0,max_bias=0.000000,logit_softcap=0.000000,prec=f32,type_K=f16,type_V=f16,permute=[0,1,2,3]): not supported [RD0] 
  FLASH_ATTN_EXT(hsk=192,hsv=192,nh=4,nr23=[8,1],kv=512,nb=32,mask=1,sinks=0,max_bias=0.000000,logit_softcap=0.000000,prec=f32,type_K=f16,type_V=f16,permute=[0,2,1,3]): not supported [RD0] 
  FLASH_ATTN_EXT(hsk=192,hsv=192,nh=4,nr23=[8,1],kv=512,nb=75,mask=1,sinks=0,max_bias=0.000000,logit_softcap=0.000000,prec=f32,type_K=f16,type_V=f16,permute=[0,1,2,3]): not supported [RD0] 
  FLASH_ATTN_EXT(hsk=192,hsv=192,nh=4,nr23=[8,1],kv=512,nb=75,mask=1,sinks=0,max_bias=0.000000,logit_softcap=0.000000,prec=f32,type_K=f16,type_V=f16,permute=[0,2,1,3]): not supported [RD0] 
  FLASH_ATTN_EXT(hsk=192,hsv=192,nh=4,nr23=[16,1],kv=512,nb=1,mask=1,sinks=0,max_bias=0.000000,logit_softcap=0.000000,prec=f32,type_K=f16,type_V=f16,permute=[0,1,2,3]): not supported [RD0] 
  FLASH_ATTN_EXT(hsk=192,hsv=192,nh=4,nr23=[16,1],kv=512,nb=1,mask=1,sinks=0,max_bias=0.000000,logit_softcap=0.000000,prec=f32,type_K=f16,type_V=f16,permute=[0,2,1,3]): not supported [RD0] 
  FLASH_ATTN_EXT(hsk=192,hsv=192,nh=4,nr23=[16,1],kv=512,nb=3,mask=1,sinks=0,max_bias=0.000000,logit_softcap=0.000000,prec=f32,type_K=f16,type_V=f16,permute=[0,1,2,3]): not supported [RD0] 
  FLASH_ATTN_EXT(hsk=192,hsv=192,nh=4,nr23=[16,1],kv=512,nb=3,mask=1,sinks=0,max_bias=0.000000,logit_softcap=0.000000,prec=f32,type_K=f16,type_V=f16,permute=[0,2,1,3]): not supported [RD0] 
  FLASH_ATTN_EXT(hsk=192,hsv=192,nh=4,nr23=[16,1],kv=512,nb=32,mask=1,sinks=0,max_bias=0.000000,logit_softcap=0.000000,prec=f32,type_K=f16,type_V=f16,permute=[0,1,2,3]): not supported [RD0] 
  FLASH_ATTN_EXT(hsk=192,hsv=192,nh=4,nr23=[16,1],kv=512,nb=32,mask=1,sinks=0,max_bias=0.000000,logit_softcap=0.000000,prec=f32,type_K=f16,type_V=f16,permute=[0,2,1,3]): not supported [RD0] 
  FLASH_ATTN_EXT(hsk=192,hsv=192,nh=4,nr23=[16,1],kv=512,nb=75,mask=1,sinks=0,max_bias=0.000000,logit_softcap=0.000000,prec=f32,type_K=f16,type_V=f16,permute=[0,1,2,3]): not supported [RD0] 
  FLASH_ATTN_EXT(hsk=192,hsv=192,nh=4,nr23=[16,1],kv=512,nb=75,mask=1,sinks=0,max_bias=0.000000,logit_softcap=0.000000,prec=f32,type_K=f16,type_V=f16,permute=[0,2,1,3]): not supported [RD0] 
  FLASH_ATTN_EXT(hsk=192,hsv=192,nh=4,nr23=[1,1],kv=113,nb=1,mask=1,sinks=0,max_bias=8.000000,logit_softcap=0.000000,prec=f32,type_K=f16,type_V=f16,permute=[0,1,2,3]): not supported [RD0] 
  FLASH_ATTN_EXT(hsk=192,hsv=192,nh=4,nr23=[1,1],kv=113,nb=3,mask=1,sinks=0,max_bias=8.000000,logit_softcap=0.000000,prec=f32,type_K=f16,type_V=f16,permute=[0,1,2,3]): not supported [RD0] 
  FLASH_ATTN_EXT(hsk=192,hsv=192,nh=4,nr23=[1,1],kv=113,nb=32,mask=1,sinks=0,max_bias=8.000000,logit_softcap=0.000000,prec=f32,type_K=f16,type_V=f16,permute=[0,1,2,3]): not supported [RD0] 
  FLASH_ATTN_EXT(hsk=192,hsv=192,nh=4,nr23=[1,1],kv=113,nb=75,mask=1,sinks=0,max_bias=8.000000,logit_softcap=0.000000,prec=f32,type_K=f16,type_V=f16,permute=[0,1,2,3]): not supported [RD0] 
  FLASH_ATTN_EXT(hsk=192,hsv=192,nh=4,nr23=[1,1],kv=512,nb=1,mask=1,sinks=0,max_bias=8.000000,logit_softcap=0.000000,prec=f32,type_K=f16,type_V=f16,permute=[0,1,2,3]): not supported [RD0] 
  FLASH_ATTN_EXT(hsk=192,hsv=192,nh=4,nr23=[1,1],kv=512,nb=3,mask=1,sinks=0,max_bias=8.000000,logit_softcap=0.000000,prec=f32,type_K=f16,type_V=f16,permute=[0,1,2,3]): not supported [RD0] 
  FLASH_ATTN_EXT(hsk=192,hsv=192,nh=4,nr23=[1,1],kv=512,nb=32,mask=1,sinks=0,max_bias=8.000000,logit_softcap=0.000000,prec=f32,type_K=f16,type_V=f16,permute=[0,1,2,3]): not supported [RD0] 
  FLASH_ATTN_EXT(hsk=192,hsv=192,nh=4,nr23=[1,1],kv=512,nb=75,mask=1,sinks=0,max_bias=8.000000,logit_softcap=0.000000,prec=f32,type_K=f16,type_V=f16,permute=[0,1,2,3]): not supported [RD0] 
  FLASH_ATTN_EXT(hsk=192,hsv=192,nh=4,nr23=[1,1],kv=1024,nb=1,mask=1,sinks=0,max_bias=8.000000,logit_softcap=0.000000,prec=f32,type_K=f16,type_V=f16,permute=[0,1,2,3]): not supported [RD0] 
  FLASH_ATTN_EXT(hsk=192,hsv=192,nh=4,nr23=[1,1],kv=1024,nb=3,mask=1,sinks=0,max_bias=8.000000,logit_softcap=0.000000,prec=f32,type_K=f16,type_V=f16,permute=[0,1,2,3]): not supported [RD0] 
  FLASH_ATTN_EXT(hsk=192,hsv=192,nh=4,nr23=[1,1],kv=1024,nb=32,mask=1,sinks=0,max_bias=8.000000,logit_softcap=0.000000,prec=f32,type_K=f16,type_V=f16,permute=[0,1,2,3]): not supported [RD0] 
  FLASH_ATTN_EXT(hsk=192,hsv=192,nh=4,nr23=[1,1],kv=1024,nb=75,mask=1,sinks=0,max_bias=8.000000,logit_softcap=0.000000,prec=f32,type_K=f16,type_V=f16,permute=[0,1,2,3]): not supported [RD0] 
  FLASH_ATTN_EXT(hsk=192,hsv=192,nh=4,nr23=[4,1],kv=512,nb=1,mask=1,sinks=0,max_bias=8.000000,logit_softcap=0.000000,prec=f32,type_K=f16,type_V=f16,permute=[0,1,2,3]): not supported [RD0] 
  FLASH_ATTN_EXT(hsk=192,hsv=192,nh=4,nr23=[4,1],kv=512,nb=3,mask=1,sinks=0,max_bias=8.000000,logit_softcap=0.000000,prec=f32,type_K=f16,type_V=f16,permute=[0,1,2,3]): not supported [RD0] 
  FLASH_ATTN_EXT(hsk=192,hsv=192,nh=4,nr23=[4,1],kv=512,nb=32,mask=1,sinks=0,max_bias=8.000000,logit_softcap=0.000000,prec=f32,type_K=f16,type_V=f16,permute=[0,1,2,3]): not supported [RD0] 
  FLASH_ATTN_EXT(hsk=192,hsv=192,nh=4,nr23=[4,1],kv=512,nb=75,mask=1,sinks=0,max_bias=8.000000,logit_softcap=0.000000,prec=f32,type_K=f16,type_V=f16,permute=[0,1,2,3]): not supported [RD0] 
  FLASH_ATTN_EXT(hsk=192,hsv=192,nh=4,nr23=[8,1],kv=512,nb=1,mask=1,sinks=0,max_bias=8.000000,logit_softcap=0.000000,prec=f32,type_K=f16,type_V=f16,permute=[0,1,2,3]): not supported [RD0] 
  FLASH_ATTN_EXT(hsk=192,hsv=192,nh=4,nr23=[8,1],kv=512,nb=3,mask=1,sinks=0,max_bias=8.000000,logit_softcap=0.000000,prec=f32,type_K=f16,type_V=f16,permute=[0,1,2,3]): not supported [RD0] 
  FLASH_ATTN_EXT(hsk=192,hsv=192,nh=4,nr23=[8,1],kv=512,nb=32,mask=1,sinks=0,max_bias=8.000000,logit_softcap=0.000000,prec=f32,type_K=f16,type_V=f16,permute=[0,1,2,3]): not supported [RD0] 
  FLASH_ATTN_EXT(hsk=192,hsv=192,nh=4,nr23=[8,1],kv=512,nb=75,mask=1,sinks=0,max_bias=8.000000,logit_softcap=0.000000,prec=f32,type_K=f16,type_V=f16,permute=[0,1,2,3]): not supported [RD0] 
  FLASH_ATTN_EXT(hsk=192,hsv=192,nh=4,nr23=[16,1],kv=512,nb=1,mask=1,sinks=0,max_bias=8.000000,logit_softcap=0.000000,prec=f32,type_K=f16,type_V=f16,permute=[0,1,2,3]): not supported [RD0] 
  FLASH_ATTN_EXT(hsk=192,hsv=192,nh=4,nr23=[16,1],kv=512,nb=3,mask=1,sinks=0,max_bias=8.000000,logit_softcap=0.000000,prec=f32,type_K=f16,type_V=f16,permute=[0,1,2,3]): not supported [RD0] 
  FLASH_ATTN_EXT(hsk=192,hsv=192,nh=4,nr23=[16,1],kv=512,nb=32,mask=1,sinks=0,max_bias=8.000000,logit_softcap=0.000000,prec=f32,type_K=f16,type_V=f16,permute=[0,1,2,3]): not supported [RD0] 
  FLASH_ATTN_EXT(hsk=192,hsv=192,nh=4,nr23=[16,1],kv=512,nb=75,mask=1,sinks=0,max_bias=8.000000,logit_softcap=0.000000,prec=f32,type_K=f16,type_V=f16,permute=[0,1,2,3]): not supported [RD0] 
  FLASH_ATTN_EXT(hsk=192,hsv=192,nh=4,nr23=[1,1],kv=113,nb=1,mask=0,sinks=1,max_bias=0.000000,logit_softcap=0.000000,prec=f32,type_K=f16,type_V=f16,permute=[0,1,2,3]): not supported [RD0] 
  FLASH_ATTN_EXT(hsk=192,hsv=192,nh=4,nr23=[1,1],kv=113,nb=3,mask=0,sinks=1,max_bias=0.000000,logit_softcap=0.000000,prec=f32,type_K=f16,type_V=f16,permute=[0,1,2,3]): not supported [RD0] 
  FLASH_ATTN_EXT(hsk=192,hsv=192,nh=4,nr23=[1,1],kv=113,nb=32,mask=0,sinks=1,max_bias=0.000000,logit_softcap=0.000000,prec=f32,type_K=f16,type_V=f16,permute=[0,1,2,3]): not supported [RD0] 
  FLASH_ATTN_EXT(hsk=192,hsv=192,nh=4,nr23=[1,1],kv=113,nb=75,mask=0,sinks=1,max_bias=0.000000,logit_softcap=0.000000,prec=f32,type_K=f16,type_V=f16,permute=[0,1,2,3]): not supported [RD0] 
  FLASH_ATTN_EXT(hsk=192,hsv=192,nh=4,nr23=[1,1],kv=512,nb=1,mask=0,sinks=1,max_bias=0.000000,logit_softcap=0.000000,prec=f32,type_K=f16,type_V=f16,permute=[0,1,2,3]): not supported [RD0] 
  FLASH_ATTN_EXT(hsk=192,hsv=192,nh=4,nr23=[1,1],kv=512,nb=3,mask=0,sinks=1,max_bias=0.000000,logit_softcap=0.000000,prec=f32,type_K=f16,type_V=f16,permute=[0,1,2,3]): not supported [RD0] 
  FLASH_ATTN_EXT(hsk=192,hsv=192,nh=4,nr23=[1,1],kv=512,nb=32,mask=0,sinks=1,max_bias=0.000000,logit_softcap=0.000000,prec=f32,type_K=f16,type_V=f16,permute=[0,1,2,3]): not supported [RD0] 
  FLASH_ATTN_EXT(hsk=192,hsv=192,nh=4,nr23=[1,1],kv=512,nb=75,mask=0,sinks=1,max_bias=0.000000,logit_softcap=0.000000,prec=f32,type_K=f16,type_V=f16,permute=[0,1,2,3]): not supported [RD0] 
  FLASH_ATTN_EXT(hsk=192,hsv=192,nh=4,nr23=[1,1],kv=1024,nb=1,mask=0,sinks=1,max_bias=0.000000,logit_softcap=0.000000,prec=f32,type_K=f16,type_V=f16,permute=[0,1,2,3]): not supported [RD0] 
  FLASH_ATTN_EXT(hsk=192,hsv=192,nh=4,nr23=[1,1],kv=1024,nb=3,mask=0,sinks=1,max_bias=0.000000,logit_softcap=0.000000,prec=f32,type_K=f16,type_V=f16,permute=[0,1,2,3]): not supported [RD0] 
  FLASH_ATTN_EXT(hsk=192,hsv=192,nh=4,nr23=[1,1],kv=1024,nb=32,mask=0,sinks=1,max_bias=0.000000,logit_softcap=0.000000,prec=f32,type_K=f16,type_V=f16,permute=[0,1,2,3]): not supported [RD0] 
  FLASH_ATTN_EXT(hsk=192,hsv=192,nh=4,nr23=[1,1],kv=1024,nb=75,mask=0,sinks=1,max_bias=0.000000,logit_softcap=0.000000,prec=f32,type_K=f16,type_V=f16,permute=[0,1,2,3]): not supported [RD0] 
  FLASH_ATTN_EXT(hsk=192,hsv=192,nh=4,nr23=[4,1],kv=512,nb=1,mask=0,sinks=1,max_bias=0.000000,logit_softcap=0.000000,prec=f32,type_K=f16,type_V=f16,permute=[0,1,2,3]): not supported [RD0] 
  FLASH_ATTN_EXT(hsk=192,hsv=192,nh=4,nr23=[4,1],kv=512,nb=3,mask=0,sinks=1,max_bias=0.000000,logit_softcap=0.000000,prec=f32,type_K=f16,type_V=f16,permute=[0,1,2,3]): not supported [RD0] 
  FLASH_ATTN_EXT(hsk=192,hsv=192,nh=4,nr23=[4,1],kv=512,nb=32,mask=0,sinks=1,max_bias=0.000000,logit_softcap=0.000000,prec=f32,type_K=f16,type_V=f16,permute=[0,1,2,3]): not supported [RD0] 
  FLASH_ATTN_EXT(hsk=192,hsv=192,nh=4,nr23=[4,1],kv=512,nb=75,mask=0,sinks=1,max_bias=0.000000,logit_softcap=0.000000,prec=f32,type_K=f16,type_V=f16,permute=[0,1,2,3]): not supported [RD0] 
  FLASH_ATTN_EXT(hsk=192,hsv=192,nh=4,nr23=[8,1],kv=512,nb=1,mask=0,sinks=1,max_bias=0.000000,logit_softcap=0.000000,prec=f32,type_K=f16,type_V=f16,permute=[0,1,2,3]): not supported [RD0] 
  FLASH_ATTN_EXT(hsk=192,hsv=192,nh=4,nr23=[8,1],kv=512,nb=3,mask=0,sinks=1,max_bias=0.000000,logit_softcap=0.000000,prec=f32,type_K=f16,type_V=f16,permute=[0,1,2,3]): not supported [RD0] 
  FLASH_ATTN_EXT(hsk=192,hsv=192,nh=4,nr23=[8,1],kv=512,nb=32,mask=0,sinks=1,max_bias=0.000000,logit_softcap=0.000000,prec=f32,type_K=f16,type_V=f16,permute=[0,1,2,3]): not supported [RD0] 
  FLASH_ATTN_EXT(hsk=192,hsv=192,nh=4,nr23=[8,1],kv=512,nb=75,mask=0,sinks=1,max_bias=0.000000,logit_softcap=0.000000,prec=f32,type_K=f16,type_V=f16,permute=[0,1,2,3]): not supported [RD0] 
  FLASH_ATTN_EXT(hsk=192,hsv=192,nh=4,nr23=[16,1],kv=512,nb=1,mask=0,sinks=1,max_bias=0.000000,logit_softcap=0.000000,prec=f32,type_K=f16,type_V=f16,permute=[0,1,2,3]): not supported [RD0] 
  FLASH_ATTN_EXT(hsk=192,hsv=192,nh=4,nr23=[16,1],kv=512,nb=3,mask=0,sinks=1,max_bias=0.000000,logit_softcap=0.000000,prec=f32,type_K=f16,type_V=f16,permute=[0,1,2,3]): not supported [RD0] 
  FLASH_ATTN_EXT(hsk=192,hsv=192,nh=4,nr23=[16,1],kv=512,nb=32,mask=0,sinks=1,max_bias=0.000000,logit_softcap=0.000000,prec=f32,type_K=f16,type_V=f16,permute=[0,1,2,3]): not supported [RD0] 
  FLASH_ATTN_EXT(hsk=192,hsv=192,nh=4,nr23=[16,1],kv=512,nb=75,mask=0,sinks=1,max_bias=0.000000,logit_softcap=0.000000,prec=f32,type_K=f16,type_V=f16,permute=[0,1,2,3]): not supported [RD0] 
  FLASH_ATTN_EXT(hsk=192,hsv=192,nh=4,nr23=[1,1],kv=113,nb=1,mask=0,sinks=0,max_bias=0.000000,logit_softcap=0.000000,prec=f32,type_K=f16,type_V=f16,permute=[0,1,2,3]): not supported [RD0] 
  FLASH_ATTN_EXT(hsk=192,hsv=192,nh=4,nr23=[1,1],kv=113,nb=3,mask=0,sinks=0,max_bias=0.000000,logit_softcap=0.000000,prec=f32,type_K=f16,type_V=f16,permute=[0,1,2,3]): not supported [RD0] 
  FLASH_ATTN_EXT(hsk=192,hsv=192,nh=4,nr23=[1,1],kv=113,nb=32,mask=0,sinks=0,max_bias=0.000000,logit_softcap=0.000000,prec=f32,type_K=f16,type_V=f16,permute=[0,1,2,3]): not supported [RD0] 
  FLASH_ATTN_EXT(hsk=192,hsv=192,nh=4,nr23=[1,1],kv=113,nb=75,mask=0,sinks=0,max_bias=0.000000,logit_softcap=0.000000,prec=f32,type_K=f16,type_V=f16,permute=[0,1,2,3]): not supported [RD0] 
  FLASH_ATTN_EXT(hsk=192,hsv=192,nh=4,nr23=[1,1],kv=512,nb=1,mask=0,sinks=0,max_bias=0.000000,logit_softcap=0.000000,prec=f32,type_K=f16,type_V=f16,permute=[0,1,2,3]): not supported [RD0] 
  FLASH_ATTN_EXT(hsk=192,hsv=192,nh=4,nr23=[1,1],kv=512,nb=3,mask=0,sinks=0,max_bias=0.000000,logit_softcap=0.000000,prec=f32,type_K=f16,type_V=f16,permute=[0,1,2,3]): not supported [RD0] 
  FLASH_ATTN_EXT(hsk=192,hsv=192,nh=4,nr23=[1,1],kv=512,nb=32,mask=0,sinks=0,max_bias=0.000000,logit_softcap=0.000000,prec=f32,type_K=f16,type_V=f16,permute=[0,1,2,3]): not supported [RD0] 
  FLASH_ATTN_EXT(hsk=192,hsv=192,nh=4,nr23=[1,1],kv=512,nb=75,mask=0,sinks=0,max_bias=0.000000,logit_softcap=0.000000,prec=f32,type_K=f16,type_V=f16,permute=[0,1,2,3]): not supported [RD0] 
  FLASH_ATTN_EXT(hsk=192,hsv=192,nh=4,nr23=[1,1],kv=1024,nb=1,mask=0,sinks=0,max_bias=0.000000,logit_softcap=0.000000,prec=f32,type_K=f16,type_V=f16,permute=[0,1,2,3]): not supported [RD0] 
  FLASH_ATTN_EXT(hsk=192,hsv=192,nh=4,nr23=[1,1],kv=1024,nb=3,mask=0,sinks=0,max_bias=0.000000,logit_softcap=0.000000,prec=f32,type_K=f16,type_V=f16,permute=[0,1,2,3]): not supported [RD0] 
  FLASH_ATTN_EXT(hsk=192,hsv=192,nh=4,nr23=[1,1],kv=1024,nb=32,mask=0,sinks=0,max_bias=0.000000,logit_softcap=0.000000,prec=f32,type_K=f16,type_V=f16,permute=[0,1,2,3]): not supported [RD0] 
  FLASH_ATTN_EXT(hsk=192,hsv=192,nh=4,nr23=[1,1],kv=1024,nb=75,mask=0,sinks=0,max_bias=0.000000,logit_softcap=0.000000,prec=f32,type_K=f16,type_V=f16,permute=[0,1,2,3]): not supported [RD0] 
  FLASH_ATTN_EXT(hsk=192,hsv=192,nh=4,nr23=[4,1],kv=512,nb=1,mask=0,sinks=0,max_bias=0.000000,logit_softcap=0.000000,prec=f32,type_K=f16,type_V=f16,permute=[0,1,2,3]): not supported [RD0] 
  FLASH_ATTN_EXT(hsk=192,hsv=192,nh=4,nr23=[4,1],kv=512,nb=3,mask=0,sinks=0,max_bias=0.000000,logit_softcap=0.000000,prec=f32,type_K=f16,type_V=f16,permute=[0,1,2,3]): not supported [RD0] 
  FLASH_ATTN_EXT(hsk=192,hsv=192,nh=4,nr23=[4,1],kv=512,nb=32,mask=0,sinks=0,max_bias=0.000000,logit_softcap=0.000000,prec=f32,type_K=f16,type_V=f16,permute=[0,1,2,3]): not supported [RD0] 
  FLASH_ATTN_EXT(hsk=192,hsv=192,nh=4,nr23=[4,1],kv=512,nb=75,mask=0,sinks=0,max_bias=0.000000,logit_softcap=0.000000,prec=f32,type_K=f16,type_V=f16,permute=[0,1,2,3]): not supported [RD0] 
  FLASH_ATTN_EXT(hsk=192,hsv=192,nh=4,nr23=[8,1],kv=512,nb=1,mask=0,sinks=0,max_bias=0.000000,logit_softcap=0.000000,prec=f32,type_K=f16,type_V=f16,permute=[0,1,2,3]): not supported [RD0] 
  FLASH_ATTN_EXT(hsk=192,hsv=192,nh=4,nr23=[8,1],kv=512,nb=3,mask=0,sinks=0,max_bias=0.000000,logit_softcap=0.000000,prec=f32,type_K=f16,type_V=f16,permute=[0,1,2,3]): not supported [RD0] 
  FLASH_ATTN_EXT(hsk=192,hsv=192,nh=4,nr23=[8,1],kv=512,nb=32,mask=0,sinks=0,max_bias=0.000000,logit_softcap=0.000000,prec=f32,type_K=f16,type_V=f16,permute=[0,1,2,3]): not supported [RD0] 
  FLASH_ATTN_EXT(hsk=192,hsv=192,nh=4,nr23=[8,1],kv=512,nb=75,mask=0,sinks=0,max_bias=0.000000,logit_softcap=0.000000,prec=f32,type_K=f16,type_V=f16,permute=[0,1,2,3]): not supported [RD0] 
  FLASH_ATTN_EXT(hsk=192,hsv=192,nh=4,nr23=[16,1],kv=512,nb=1,mask=0,sinks=0,max_bias=0.000000,logit_softcap=0.000000,prec=f32,type_K=f16,type_V=f16,permute=[0,1,2,3]): not supported [RD0] 
  FLASH_ATTN_EXT(hsk=192,hsv=192,nh=4,nr23=[16,1],kv=512,nb=3,mask=0,sinks=0,max_bias=0.000000,logit_softcap=0.000000,prec=f32,type_K=f16,type_V=f16,permute=[0,1,2,3]): not supported [RD0] 
  FLASH_ATTN_EXT(hsk=192,hsv=192,nh=4,nr23=[16,1],kv=512,nb=32,mask=0,sinks=0,max_bias=0.000000,logit_softcap=0.000000,prec=f32,type_K=f16,type_V=f16,permute=[0,1,2,3]): not supported [RD0] 
  FLASH_ATTN_EXT(hsk=192,hsv=192,nh=4,nr23=[16,1],kv=512,nb=75,mask=0,sinks=0,max_bias=0.000000,logit_softcap=0.000000,prec=f32,type_K=f16,type_V=f16,permute=[0,1,2,3]): not supported [RD0] 
  FLASH_ATTN_EXT(hsk=256,hsv=256,nh=4,nr23=[1,1],kv=113,nb=1,mask=1,sinks=1,max_bias=0.000000,logit_softcap=0.000000,prec=f32,type_K=f16,type_V=f16,permute=[0,1,2,3]): not supported [RD0] 
  FLASH_ATTN_EXT(hsk=256,hsv=256,nh=4,nr23=[1,1],kv=113,nb=3,mask=1,sinks=1,max_bias=0.000000,logit_softcap=0.000000,prec=f32,type_K=f16,type_V=f16,permute=[0,1,2,3]): not supported [RD0] 
  FLASH_ATTN_EXT(hsk=256,hsv=256,nh=4,nr23=[1,1],kv=113,nb=32,mask=1,sinks=1,max_bias=0.000000,logit_softcap=0.000000,prec=f32,type_K=f16,type_V=f16,permute=[0,1,2,3]): not supported [RD0] 
  FLASH_ATTN_EXT(hsk=256,hsv=256,nh=4,nr23=[1,1],kv=113,nb=75,mask=1,sinks=1,max_bias=0.000000,logit_softcap=0.000000,prec=f32,type_K=f16,type_V=f16,permute=[0,1,2,3]): not supported [RD0] 
  FLASH_ATTN_EXT(hsk=256,hsv=256,nh=4,nr23=[1,1],kv=512,nb=1,mask=1,sinks=1,max_bias=0.000000,logit_softcap=0.000000,prec=f32,type_K=f16,type_V=f16,permute=[0,1,2,3]): not supported [RD0] 
  FLASH_ATTN_EXT(hsk=256,hsv=256,nh=4,nr23=[1,1],kv=512,nb=1,mask=1,sinks=1,max_bias=0.000000,logit_softcap=0.000000,prec=f32,type_K=f16,type_V=f16,permute=[0,2,1,3]): not supported [RD0] 
  FLASH_ATTN_EXT(hsk=256,hsv=256,nh=4,nr23=[1,1],kv=512,nb=3,mask=1,sinks=1,max_bias=0.000000,logit_softcap=0.000000,prec=f32,type_K=f16,type_V=f16,permute=[0,1,2,3]): not supported [RD0] 
  FLASH_ATTN_EXT(hsk=256,hsv=256,nh=4,nr23=[1,1],kv=512,nb=3,mask=1,sinks=1,max_bias=0.000000,logit_softcap=0.000000,prec=f32,type_K=f16,type_V=f16,permute=[0,2,1,3]): not supported [RD0] 
  FLASH_ATTN_EXT(hsk=256,hsv=256,nh=4,nr23=[1,1],kv=512,nb=32,mask=1,sinks=1,max_bias=0.000000,logit_softcap=0.000000,prec=f32,type_K=f16,type_V=f16,permute=[0,1,2,3]): not supported [RD0] 
  FLASH_ATTN_EXT(hsk=256,hsv=256,nh=4,nr23=[1,1],kv=512,nb=32,mask=1,sinks=1,max_bias=0.000000,logit_softcap=0.000000,prec=f32,type_K=f16,type_V=f16,permute=[0,2,1,3]): not supported [RD0] 
  FLASH_ATTN_EXT(hsk=256,hsv=256,nh=4,nr23=[1,1],kv=512,nb=75,mask=1,sinks=1,max_bias=0.000000,logit_softcap=0.000000,prec=f32,type_K=f16,type_V=f16,permute=[0,1,2,3]): not supported [RD0] 
  FLASH_ATTN_EXT(hsk=256,hsv=256,nh=4,nr23=[1,1],kv=512,nb=75,mask=1,sinks=1,max_bias=0.000000,logit_softcap=0.000000,prec=f32,type_K=f16,type_V=f16,permute=[0,2,1,3]): not supported [RD0] 
  FLASH_ATTN_EXT(hsk=256,hsv=256,nh=4,nr23=[1,1],kv=1024,nb=1,mask=1,sinks=1,max_bias=0.000000,logit_softcap=0.000000,prec=f32,type_K=f16,type_V=f16,permute=[0,1,2,3]): not supported [RD0] 
  FLASH_ATTN_EXT(hsk=256,hsv=256,nh=4,nr23=[1,1],kv=1024,nb=3,mask=1,sinks=1,max_bias=0.000000,logit_softcap=0.000000,prec=f32,type_K=f16,type_V=f16,permute=[0,1,2,3]): not supported [RD0] 
  FLASH_ATTN_EXT(hsk=256,hsv=256,nh=4,nr23=[1,1],kv=1024,nb=32,mask=1,sinks=1,max_bias=0.000000,logit_softcap=0.000000,prec=f32,type_K=f16,type_V=f16,permute=[0,1,2,3]): not supported [RD0] 
  FLASH_ATTN_EXT(hsk=256,hsv=256,nh=4,nr23=[1,1],kv=1024,nb=75,mask=1,sinks=1,max_bias=0.000000,logit_softcap=0.000000,prec=f32,type_K=f16,type_V=f16,permute=[0,1,2,3]): not supported [RD0] 
  FLASH_ATTN_EXT(hsk=256,hsv=256,nh=4,nr23=[4,1],kv=512,nb=1,mask=1,sinks=1,max_bias=0.000000,logit_softcap=0.000000,prec=f32,type_K=f16,type_V=f16,permute=[0,1,2,3]): not supported [RD0] 
  FLASH_ATTN_EXT(hsk=256,hsv=256,nh=4,nr23=[4,1],kv=512,nb=1,mask=1,sinks=1,max_bias=0.000000,logit_softcap=0.000000,prec=f32,type_K=f16,type_V=f16,permute=[0,2,1,3]): not supported [RD0] 
  FLASH_ATTN_EXT(hsk=256,hsv=256,nh=4,nr23=[4,1],kv=512,nb=3,mask=1,sinks=1,max_bias=0.000000,logit_softcap=0.000000,prec=f32,type_K=f16,type_V=f16,permute=[0,1,2,3]): not supported [RD0] 
  FLASH_ATTN_EXT(hsk=256,hsv=256,nh=4,nr23=[4,1],kv=512,nb=3,mask=1,sinks=1,max_bias=0.000000,logit_softcap=0.000000,prec=f32,type_K=f16,type_V=f16,permute=[0,2,1,3]): not supported [RD0] 
  FLASH_ATTN_EXT(hsk=256,hsv=256,nh=4,nr23=[4,1],kv=512,nb=32,mask=1,sinks=1,max_bias=0.000000,logit_softcap=0.000000,prec=f32,type_K=f16,type_V=f16,permute=[0,1,2,3]): not supported [RD0] 
  FLASH_ATTN_EXT(hsk=256,hsv=256,nh=4,nr23=[4,1],kv=512,nb=32,mask=1,sinks=1,max_bias=0.000000,logit_softcap=0.000000,prec=f32,type_K=f16,type_V=f16,permute=[0,2,1,3]): not supported [RD0] 
  FLASH_ATTN_EXT(hsk=256,hsv=256,nh=4,nr23=[4,1],kv=512,nb=75,mask=1,sinks=1,max_bias=0.000000,logit_softcap=0.000000,prec=f32,type_K=f16,type_V=f16,permute=[0,1,2,3]): not supported [RD0] 
  FLASH_ATTN_EXT(hsk=256,hsv=256,nh=4,nr23=[4,1],kv=512,nb=75,mask=1,sinks=1,max_bias=0.000000,logit_softcap=0.000000,prec=f32,type_K=f16,type_V=f16,permute=[0,2,1,3]): not supported [RD0] 
  FLASH_ATTN_EXT(hsk=256,hsv=256,nh=4,nr23=[1,1],kv=113,nb=1,mask=1,sinks=1,max_bias=8.000000,logit_softcap=0.000000,prec=f32,type_K=f16,type_V=f16,permute=[0,1,2,3]): not supported [RD0] 
  FLASH_ATTN_EXT(hsk=256,hsv=256,nh=4,nr23=[1,1],kv=113,nb=3,mask=1,sinks=1,max_bias=8.000000,logit_softcap=0.000000,prec=f32,type_K=f16,type_V=f16,permute=[0,1,2,3]): not supported [RD0] 
  FLASH_ATTN_EXT(hsk=256,hsv=256,nh=4,nr23=[1,1],kv=113,nb=32,mask=1,sinks=1,max_bias=8.000000,logit_softcap=0.000000,prec=f32,type_K=f16,type_V=f16,permute=[0,1,2,3]): not supported [RD0] 
  FLASH_ATTN_EXT(hsk=256,hsv=256,nh=4,nr23=[1,1],kv=113,nb=75,mask=1,sinks=1,max_bias=8.000000,logit_softcap=0.000000,prec=f32,type_K=f16,type_V=f16,permute=[0,1,2,3]): not supported [RD0] 
  FLASH_ATTN_EXT(hsk=256,hsv=256,nh=4,nr23=[1,1],kv=512,nb=1,mask=1,sinks=1,max_bias=8.000000,logit_softcap=0.000000,prec=f32,type_K=f16,type_V=f16,permute=[0,1,2,3]): not supported [RD0] 
  FLASH_ATTN_EXT(hsk=256,hsv=256,nh=4,nr23=[1,1],kv=512,nb=3,mask=1,sinks=1,max_bias=8.000000,logit_softcap=0.000000,prec=f32,type_K=f16,type_V=f16,permute=[0,1,2,3]): not supported [RD0] 
  FLASH_ATTN_EXT(hsk=256,hsv=256,nh=4,nr23=[1,1],kv=512,nb=32,mask=1,sinks=1,max_bias=8.000000,logit_softcap=0.000000,prec=f32,type_K=f16,type_V=f16,permute=[0,1,2,3]): not supported [RD0] 
  FLASH_ATTN_EXT(hsk=256,hsv=256,nh=4,nr23=[1,1],kv=512,nb=75,mask=1,sinks=1,max_bias=8.000000,logit_softcap=0.000000,prec=f32,type_K=f16,type_V=f16,permute=[0,1,2,3]): not supported [RD0] 
  FLASH_ATTN_EXT(hsk=256,hsv=256,nh=4,nr23=[1,1],kv=1024,nb=1,mask=1,sinks=1,max_bias=8.000000,logit_softcap=0.000000,prec=f32,type_K=f16,type_V=f16,permute=[0,1,2,3]): not supported [RD0] 
  FLASH_ATTN_EXT(hsk=256,hsv=256,nh=4,nr23=[1,1],kv=1024,nb=3,mask=1,sinks=1,max_bias=8.000000,logit_softcap=0.000000,prec=f32,type_K=f16,type_V=f16,permute=[0,1,2,3]): not supported [RD0] 
  FLASH_ATTN_EXT(hsk=256,hsv=256,nh=4,nr23=[1,1],kv=1024,nb=32,mask=1,sinks=1,max_bias=8.000000,logit_softcap=0.000000,prec=f32,type_K=f16,type_V=f16,permute=[0,1,2,3]): not supported [RD0] 
  FLASH_ATTN_EXT(hsk=256,hsv=256,nh=4,nr23=[1,1],kv=1024,nb=75,mask=1,sinks=1,max_bias=8.000000,logit_softcap=0.000000,prec=f32,type_K=f16,type_V=f16,permute=[0,1,2,3]): not supported [RD0] 
  FLASH_ATTN_EXT(hsk=256,hsv=256,nh=4,nr23=[4,1],kv=512,nb=1,mask=1,sinks=1,max_bias=8.000000,logit_softcap=0.000000,prec=f32,type_K=f16,type_V=f16,permute=[0,1,2,3]): not supported [RD0] 
  FLASH_ATTN_EXT(hsk=256,hsv=256,nh=4,nr23=[4,1],kv=512,nb=3,mask=1,sinks=1,max_bias=8.000000,logit_softcap=0.000000,prec=f32,type_K=f16,type_V=f16,permute=[0,1,2,3]): not supported [RD0] 
  FLASH_ATTN_EXT(hsk=256,hsv=256,nh=4,nr23=[4,1],kv=512,nb=32,mask=1,sinks=1,max_bias=8.000000,logit_softcap=0.000000,prec=f32,type_K=f16,type_V=f16,permute=[0,1,2,3]): not supported [RD0] 
  FLASH_ATTN_EXT(hsk=256,hsv=256,nh=4,nr23=[4,1],kv=512,nb=75,mask=1,sinks=1,max_bias=8.000000,logit_softcap=0.000000,prec=f32,type_K=f16,type_V=f16,permute=[0,1,2,3]): not supported [RD0] 
  FLASH_ATTN_EXT(hsk=256,hsv=256,nh=4,nr23=[1,1],kv=113,nb=1,mask=1,sinks=0,max_bias=0.000000,logit_softcap=0.000000,prec=f32,type_K=f16,type_V=f16,permute=[0,1,2,3]): not supported [RD0] 
  FLASH_ATTN_EXT(hsk=256,hsv=256,nh=4,nr23=[1,1],kv=113,nb=3,mask=1,sinks=0,max_bias=0.000000,logit_softcap=0.000000,prec=f32,type_K=f16,type_V=f16,permute=[0,1,2,3]): not supported [RD0] 
  FLASH_ATTN_EXT(hsk=256,hsv=256,nh=4,nr23=[1,1],kv=113,nb=32,mask=1,sinks=0,max_bias=0.000000,logit_softcap=0.000000,prec=f32,type_K=f16,type_V=f16,permute=[0,1,2,3]): not supported [RD0] 
  FLASH_ATTN_EXT(hsk=256,hsv=256,nh=4,nr23=[1,1],kv=113,nb=75,mask=1,sinks=0,max_bias=0.000000,logit_softcap=0.000000,prec=f32,type_K=f16,type_V=f16,permute=[0,1,2,3]): not supported [RD0] 
  FLASH_ATTN_EXT(hsk=256,hsv=256,nh=4,nr23=[1,1],kv=512,nb=1,mask=1,sinks=0,max_bias=0.000000,logit_softcap=0.000000,prec=f32,type_K=f16,type_V=f16,permute=[0,1,2,3]): not supported [RD0] 
  FLASH_ATTN_EXT(hsk=256,hsv=256,nh=4,nr23=[1,1],kv=512,nb=1,mask=1,sinks=0,max_bias=0.000000,logit_softcap=0.000000,prec=f32,type_K=f16,type_V=f16,permute=[0,2,1,3]): not supported [RD0] 
  FLASH_ATTN_EXT(hsk=256,hsv=256,nh=4,nr23=[1,1],kv=512,nb=3,mask=1,sinks=0,max_bias=0.000000,logit_softcap=0.000000,prec=f32,type_K=f16,type_V=f16,permute=[0,1,2,3]): not supported [RD0] 
  FLASH_ATTN_EXT(hsk=256,hsv=256,nh=4,nr23=[1,1],kv=512,nb=3,mask=1,sinks=0,max_bias=0.000000,logit_softcap=0.000000,prec=f32,type_K=f16,type_V=f16,permute=[0,2,1,3]): not supported [RD0] 
  FLASH_ATTN_EXT(hsk=256,hsv=256,nh=4,nr23=[1,1],kv=512,nb=32,mask=1,sinks=0,max_bias=0.000000,logit_softcap=0.000000,prec=f32,type_K=f16,type_V=f16,permute=[0,1,2,3]): not supported [RD0] 
  FLASH_ATTN_EXT(hsk=256,hsv=256,nh=4,nr23=[1,1],kv=512,nb=32,mask=1,sinks=0,max_bias=0.000000,logit_softcap=0.000000,prec=f32,type_K=f16,type_V=f16,permute=[0,2,1,3]): not supported [RD0] 
  FLASH_ATTN_EXT(hsk=256,hsv=256,nh=4,nr23=[1,1],kv=512,nb=75,mask=1,sinks=0,max_bias=0.000000,logit_softcap=0.000000,prec=f32,type_K=f16,type_V=f16,permute=[0,1,2,3]): not supported [RD0] 
  FLASH_ATTN_EXT(hsk=256,hsv=256,nh=4,nr23=[1,1],kv=512,nb=75,mask=1,sinks=0,max_bias=0.000000,logit_softcap=0.000000,prec=f32,type_K=f16,type_V=f16,permute=[0,2,1,3]): not supported [RD0] 
  FLASH_ATTN_EXT(hsk=256,hsv=256,nh=4,nr23=[1,1],kv=1024,nb=1,mask=1,sinks=0,max_bias=0.000000,logit_softcap=0.000000,prec=f32,type_K=f16,type_V=f16,permute=[0,1,2,3]): not supported [RD0] 
  FLASH_ATTN_EXT(hsk=256,hsv=256,nh=4,nr23=[1,1],kv=1024,nb=3,mask=1,sinks=0,max_bias=0.000000,logit_softcap=0.000000,prec=f32,type_K=f16,type_V=f16,permute=[0,1,2,3]): not supported [RD0] 
  FLASH_ATTN_EXT(hsk=256,hsv=256,nh=4,nr23=[1,1],kv=1024,nb=32,mask=1,sinks=0,max_bias=0.000000,logit_softcap=0.000000,prec=f32,type_K=f16,type_V=f16,permute=[0,1,2,3]): not supported [RD0] 
  FLASH_ATTN_EXT(hsk=256,hsv=256,nh=4,nr23=[1,1],kv=1024,nb=75,mask=1,sinks=0,max_bias=0.000000,logit_softcap=0.000000,prec=f32,type_K=f16,type_V=f16,permute=[0,1,2,3]): not supported [RD0] 
  FLASH_ATTN_EXT(hsk=256,hsv=256,nh=4,nr23=[4,1],kv=512,nb=1,mask=1,sinks=0,max_bias=0.000000,logit_softcap=0.000000,prec=f32,type_K=f16,type_V=f16,permute=[0,1,2,3]): not supported [RD0] 
  FLASH_ATTN_EXT(hsk=256,hsv=256,nh=4,nr23=[4,1],kv=512,nb=1,mask=1,sinks=0,max_bias=0.000000,logit_softcap=0.000000,prec=f32,type_K=f16,type_V=f16,permute=[0,2,1,3]): not supported [RD0] 
  FLASH_ATTN_EXT(hsk=256,hsv=256,nh=4,nr23=[4,1],kv=512,nb=3,mask=1,sinks=0,max_bias=0.000000,logit_softcap=0.000000,prec=f32,type_K=f16,type_V=f16,permute=[0,1,2,3]): not supported [RD0] 
  FLASH_ATTN_EXT(hsk=256,hsv=256,nh=4,nr23=[4,1],kv=512,nb=3,mask=1,sinks=0,max_bias=0.000000,logit_softcap=0.000000,prec=f32,type_K=f16,type_V=f16,permute=[0,2,1,3]): not supported [RD0] 
  FLASH_ATTN_EXT(hsk=256,hsv=256,nh=4,nr23=[4,1],kv=512,nb=32,mask=1,sinks=0,max_bias=0.000000,logit_softcap=0.000000,prec=f32,type_K=f16,type_V=f16,permute=[0,1,2,3]): not supported [RD0] 
  FLASH_ATTN_EXT(hsk=256,hsv=256,nh=4,nr23=[4,1],kv=512,nb=32,mask=1,sinks=0,max_bias=0.000000,logit_softcap=0.000000,prec=f32,type_K=f16,type_V=f16,permute=[0,2,1,3]): not supported [RD0] 
  FLASH_ATTN_EXT(hsk=256,hsv=256,nh=4,nr23=[4,1],kv=512,nb=75,mask=1,sinks=0,max_bias=0.000000,logit_softcap=0.000000,prec=f32,type_K=f16,type_V=f16,permute=[0,1,2,3]): not supported [RD0] 
  FLASH_ATTN_EXT(hsk=256,hsv=256,nh=4,nr23=[4,1],kv=512,nb=75,mask=1,sinks=0,max_bias=0.000000,logit_softcap=0.000000,prec=f32,type_K=f16,type_V=f16,permute=[0,2,1,3]): not supported [RD0] 
  FLASH_ATTN_EXT(hsk=256,hsv=256,nh=4,nr23=[1,1],kv=113,nb=1,mask=1,sinks=0,max_bias=8.000000,logit_softcap=0.000000,prec=f32,type_K=f16,type_V=f16,permute=[0,1,2,3]): not supported [RD0] 
  FLASH_ATTN_EXT(hsk=256,hsv=256,nh=4,nr23=[1,1],kv=113,nb=3,mask=1,sinks=0,max_bias=8.000000,logit_softcap=0.000000,prec=f32,type_K=f16,type_V=f16,permute=[0,1,2,3]): not supported [RD0] 
  FLASH_ATTN_EXT(hsk=256,hsv=256,nh=4,nr23=[1,1],kv=113,nb=32,mask=1,sinks=0,max_bias=8.000000,logit_softcap=0.000000,prec=f32,type_K=f16,type_V=f16,permute=[0,1,2,3]): not supported [RD0] 
  FLASH_ATTN_EXT(hsk=256,hsv=256,nh=4,nr23=[1,1],kv=113,nb=75,mask=1,sinks=0,max_bias=8.000000,logit_softcap=0.000000,prec=f32,type_K=f16,type_V=f16,permute=[0,1,2,3]): not supported [RD0] 
  FLASH_ATTN_EXT(hsk=256,hsv=256,nh=4,nr23=[1,1],kv=512,nb=1,mask=1,sinks=0,max_bias=8.000000,logit_softcap=0.000000,prec=f32,type_K=f16,type_V=f16,permute=[0,1,2,3]): not supported [RD0] 
  FLASH_ATTN_EXT(hsk=256,hsv=256,nh=4,nr23=[1,1],kv=512,nb=3,mask=1,sinks=0,max_bias=8.000000,logit_softcap=0.000000,prec=f32,type_K=f16,type_V=f16,permute=[0,1,2,3]): not supported [RD0] 
  FLASH_ATTN_EXT(hsk=256,hsv=256,nh=4,nr23=[1,1],kv=512,nb=32,mask=1,sinks=0,max_bias=8.000000,logit_softcap=0.000000,prec=f32,type_K=f16,type_V=f16,permute=[0,1,2,3]): not supported [RD0] 
  FLASH_ATTN_EXT(hsk=256,hsv=256,nh=4,nr23=[1,1],kv=512,nb=75,mask=1,sinks=0,max_bias=8.000000,logit_softcap=0.000000,prec=f32,type_K=f16,type_V=f16,permute=[0,1,2,3]): not supported [RD0] 
  FLASH_ATTN_EXT(hsk=256,hsv=256,nh=4,nr23=[1,1],kv=1024,nb=1,mask=1,sinks=0,max_bias=8.000000,logit_softcap=0.000000,prec=f32,type_K=f16,type_V=f16,permute=[0,1,2,3]): not supported [RD0] 
  FLASH_ATTN_EXT(hsk=256,hsv=256,nh=4,nr23=[1,1],kv=1024,nb=3,mask=1,sinks=0,max_bias=8.000000,logit_softcap=0.000000,prec=f32,type_K=f16,type_V=f16,permute=[0,1,2,3]): not supported [RD0] 
  FLASH_ATTN_EXT(hsk=256,hsv=256,nh=4,nr23=[1,1],kv=1024,nb=32,mask=1,sinks=0,max_bias=8.000000,logit_softcap=0.000000,prec=f32,type_K=f16,type_V=f16,permute=[0,1,2,3]): not supported [RD0] 
  FLASH_ATTN_EXT(hsk=256,hsv=256,nh=4,nr23=[1,1],kv=1024,nb=75,mask=1,sinks=0,max_bias=8.000000,logit_softcap=0.000000,prec=f32,type_K=f16,type_V=f16,permute=[0,1,2,3]): not supported [RD0] 
  FLASH_ATTN_EXT(hsk=256,hsv=256,nh=4,nr23=[4,1],kv=512,nb=1,mask=1,sinks=0,max_bias=8.000000,logit_softcap=0.000000,prec=f32,type_K=f16,type_V=f16,permute=[0,1,2,3]): not supported [RD0] 
  FLASH_ATTN_EXT(hsk=256,hsv=256,nh=4,nr23=[4,1],kv=512,nb=3,mask=1,sinks=0,max_bias=8.000000,logit_softcap=0.000000,prec=f32,type_K=f16,type_V=f16,permute=[0,1,2,3]): not supported [RD0] 
  FLASH_ATTN_EXT(hsk=256,hsv=256,nh=4,nr23=[4,1],kv=512,nb=32,mask=1,sinks=0,max_bias=8.000000,logit_softcap=0.000000,prec=f32,type_K=f16,type_V=f16,permute=[0,1,2,3]): not supported [RD0] 
  FLASH_ATTN_EXT(hsk=256,hsv=256,nh=4,nr23=[4,1],kv=512,nb=75,mask=1,sinks=0,max_bias=8.000000,logit_softcap=0.000000,prec=f32,type_K=f16,type_V=f16,permute=[0,1,2,3]): not supported [RD0] 
  FLASH_ATTN_EXT(hsk=256,hsv=256,nh=4,nr23=[1,1],kv=113,nb=1,mask=0,sinks=1,max_bias=0.000000,logit_softcap=0.000000,prec=f32,type_K=f16,type_V=f16,permute=[0,1,2,3]): not supported [RD0] 
  FLASH_ATTN_EXT(hsk=256,hsv=256,nh=4,nr23=[1,1],kv=113,nb=3,mask=0,sinks=1,max_bias=0.000000,logit_softcap=0.000000,prec=f32,type_K=f16,type_V=f16,permute=[0,1,2,3]): not supported [RD0] 
  FLASH_ATTN_EXT(hsk=256,hsv=256,nh=4,nr23=[1,1],kv=113,nb=32,mask=0,sinks=1,max_bias=0.000000,logit_softcap=0.000000,prec=f32,type_K=f16,type_V=f16,permute=[0,1,2,3]): not supported [RD0] 
  FLASH_ATTN_EXT(hsk=256,hsv=256,nh=4,nr23=[1,1],kv=113,nb=75,mask=0,sinks=1,max_bias=0.000000,logit_softcap=0.000000,prec=f32,type_K=f16,type_V=f16,permute=[0,1,2,3]): not supported [RD0] 
  FLASH_ATTN_EXT(hsk=256,hsv=256,nh=4,nr23=[1,1],kv=512,nb=1,mask=0,sinks=1,max_bias=0.000000,logit_softcap=0.000000,prec=f32,type_K=f16,type_V=f16,permute=[0,1,2,3]): not supported [RD0] 
  FLASH_ATTN_EXT(hsk=256,hsv=256,nh=4,nr23=[1,1],kv=512,nb=3,mask=0,sinks=1,max_bias=0.000000,logit_softcap=0.000000,prec=f32,type_K=f16,type_V=f16,permute=[0,1,2,3]): not supported [RD0] 
  FLASH_ATTN_EXT(hsk=256,hsv=256,nh=4,nr23=[1,1],kv=512,nb=32,mask=0,sinks=1,max_bias=0.000000,logit_softcap=0.000000,prec=f32,type_K=f16,type_V=f16,permute=[0,1,2,3]): not supported [RD0] 
  FLASH_ATTN_EXT(hsk=256,hsv=256,nh=4,nr23=[1,1],kv=512,nb=75,mask=0,sinks=1,max_bias=0.000000,logit_softcap=0.000000,prec=f32,type_K=f16,type_V=f16,permute=[0,1,2,3]): not supported [RD0] 
  FLASH_ATTN_EXT(hsk=256,hsv=256,nh=4,nr23=[1,1],kv=1024,nb=1,mask=0,sinks=1,max_bias=0.000000,logit_softcap=0.000000,prec=f32,type_K=f16,type_V=f16,permute=[0,1,2,3]): not supported [RD0] 
  FLASH_ATTN_EXT(hsk=256,hsv=256,nh=4,nr23=[1,1],kv=1024,nb=3,mask=0,sinks=1,max_bias=0.000000,logit_softcap=0.000000,prec=f32,type_K=f16,type_V=f16,permute=[0,1,2,3]): not supported [RD0] 
  FLASH_ATTN_EXT(hsk=256,hsv=256,nh=4,nr23=[1,1],kv=1024,nb=32,mask=0,sinks=1,max_bias=0.000000,logit_softcap=0.000000,prec=f32,type_K=f16,type_V=f16,permute=[0,1,2,3]): not supported [RD0] 
  FLASH_ATTN_EXT(hsk=256,hsv=256,nh=4,nr23=[1,1],kv=1024,nb=75,mask=0,sinks=1,max_bias=0.000000,logit_softcap=0.000000,prec=f32,type_K=f16,type_V=f16,permute=[0,1,2,3]): not supported [RD0] 
  FLASH_ATTN_EXT(hsk=256,hsv=256,nh=4,nr23=[4,1],kv=512,nb=1,mask=0,sinks=1,max_bias=0.000000,logit_softcap=0.000000,prec=f32,type_K=f16,type_V=f16,permute=[0,1,2,3]): not supported [RD0] 
  FLASH_ATTN_EXT(hsk=256,hsv=256,nh=4,nr23=[4,1],kv=512,nb=3,mask=0,sinks=1,max_bias=0.000000,logit_softcap=0.000000,prec=f32,type_K=f16,type_V=f16,permute=[0,1,2,3]): not supported [RD0] 
  FLASH_ATTN_EXT(hsk=256,hsv=256,nh=4,nr23=[4,1],kv=512,nb=32,mask=0,sinks=1,max_bias=0.000000,logit_softcap=0.000000,prec=f32,type_K=f16,type_V=f16,permute=[0,1,2,3]): not supported [RD0] 
  FLASH_ATTN_EXT(hsk=256,hsv=256,nh=4,nr23=[4,1],kv=512,nb=75,mask=0,sinks=1,max_bias=0.000000,logit_softcap=0.000000,prec=f32,type_K=f16,type_V=f16,permute=[0,1,2,3]): not supported [RD0] 
  FLASH_ATTN_EXT(hsk=256,hsv=256,nh=4,nr23=[1,1],kv=113,nb=1,mask=0,sinks=0,max_bias=0.000000,logit_softcap=0.000000,prec=f32,type_K=f16,type_V=f16,permute=[0,1,2,3]): not supported [RD0] 
  FLASH_ATTN_EXT(hsk=256,hsv=256,nh=4,nr23=[1,1],kv=113,nb=3,mask=0,sinks=0,max_bias=0.000000,logit_softcap=0.000000,prec=f32,type_K=f16,type_V=f16,permute=[0,1,2,3]): not supported [RD0] 
  FLASH_ATTN_EXT(hsk=256,hsv=256,nh=4,nr23=[1,1],kv=113,nb=32,mask=0,sinks=0,max_bias=0.000000,logit_softcap=0.000000,prec=f32,type_K=f16,type_V=f16,permute=[0,1,2,3]): not supported [RD0] 
  FLASH_ATTN_EXT(hsk=256,hsv=256,nh=4,nr23=[1,1],kv=113,nb=75,mask=0,sinks=0,max_bias=0.000000,logit_softcap=0.000000,prec=f32,type_K=f16,type_V=f16,permute=[0,1,2,3]): not supported [RD0] 
  FLASH_ATTN_EXT(hsk=256,hsv=256,nh=4,nr23=[1,1],kv=512,nb=1,mask=0,sinks=0,max_bias=0.000000,logit_softcap=0.000000,prec=f32,type_K=f16,type_V=f16,permute=[0,1,2,3]): not supported [RD0] 
  FLASH_ATTN_EXT(hsk=256,hsv=256,nh=4,nr23=[1,1],kv=512,nb=3,mask=0,sinks=0,max_bias=0.000000,logit_softcap=0.000000,prec=f32,type_K=f16,type_V=f16,permute=[0,1,2,3]): not supported [RD0] 
  FLASH_ATTN_EXT(hsk=256,hsv=256,nh=4,nr23=[1,1],kv=512,nb=32,mask=0,sinks=0,max_bias=0.000000,logit_softcap=0.000000,prec=f32,type_K=f16,type_V=f16,permute=[0,1,2,3]): not supported [RD0] 
  FLASH_ATTN_EXT(hsk=256,hsv=256,nh=4,nr23=[1,1],kv=512,nb=75,mask=0,sinks=0,max_bias=0.000000,logit_softcap=0.000000,prec=f32,type_K=f16,type_V=f16,permute=[0,1,2,3]): not supported [RD0] 
  FLASH_ATTN_EXT(hsk=256,hsv=256,nh=4,nr23=[1,1],kv=1024,nb=1,mask=0,sinks=0,max_bias=0.000000,logit_softcap=0.000000,prec=f32,type_K=f16,type_V=f16,permute=[0,1,2,3]): not supported [RD0] 
  FLASH_ATTN_EXT(hsk=256,hsv=256,nh=4,nr23=[1,1],kv=1024,nb=3,mask=0,sinks=0,max_bias=0.000000,logit_softcap=0.000000,prec=f32,type_K=f16,type_V=f16,permute=[0,1,2,3]): not supported [RD0] 
  FLASH_ATTN_EXT(hsk=256,hsv=256,nh=4,nr23=[1,1],kv=1024,nb=32,mask=0,sinks=0,max_bias=0.000000,logit_softcap=0.000000,prec=f32,type_K=f16,type_V=f16,permute=[0,1,2,3]): not supported [RD0] 
  FLASH_ATTN_EXT(hsk=256,hsv=256,nh=4,nr23=[1,1],kv=1024,nb=75,mask=0,sinks=0,max_bias=0.000000,logit_softcap=0.000000,prec=f32,type_K=f16,type_V=f16,permute=[0,1,2,3]): not supported [RD0] 
  FLASH_ATTN_EXT(hsk=256,hsv=256,nh=4,nr23=[4,1],kv=512,nb=1,mask=0,sinks=0,max_bias=0.000000,logit_softcap=0.000000,prec=f32,type_K=f16,type_V=f16,permute=[0,1,2,3]): not supported [RD0] 
  FLASH_ATTN_EXT(hsk=256,hsv=256,nh=4,nr23=[4,1],kv=512,nb=3,mask=0,sinks=0,max_bias=0.000000,logit_softcap=0.000000,prec=f32,type_K=f16,type_V=f16,permute=[0,1,2,3]): not supported [RD0] 
  FLASH_ATTN_EXT(hsk=256,hsv=256,nh=4,nr23=[4,1],kv=512,nb=32,mask=0,sinks=0,max_bias=0.000000,logit_softcap=0.000000,prec=f32,type_K=f16,type_V=f16,permute=[0,1,2,3]): not supported [RD0] 
  FLASH_ATTN_EXT(hsk=256,hsv=256,nh=4,nr23=[4,1],kv=512,nb=75,mask=0,sinks=0,max_bias=0.000000,logit_softcap=0.000000,prec=f32,type_K=f16,type_V=f16,permute=[0,1,2,3]): not supported [RD0] 
  FLASH_ATTN_EXT(hsk=320,hsv=256,nh=1,nr23=[1,1],kv=113,nb=1,mask=1,sinks=1,max_bias=0.000000,logit_softcap=0.000000,prec=f32,type_K=f16,type_V=f16,permute=[0,1,2,3]): not supported [RD0] 
  FLASH_ATTN_EXT(hsk=320,hsv=256,nh=1,nr23=[1,1],kv=113,nb=3,mask=1,sinks=1,max_bias=0.000000,logit_softcap=0.000000,prec=f32,type_K=f16,type_V=f16,permute=[0,1,2,3]): not supported [RD0] 
  FLASH_ATTN_EXT(hsk=320,hsv=256,nh=1,nr23=[1,1],kv=113,nb=32,mask=1,sinks=1,max_bias=0.000000,logit_softcap=0.000000,prec=f32,type_K=f16,type_V=f16,permute=[0,1,2,3]): not supported [RD0] 
  FLASH_ATTN_EXT(hsk=320,hsv=256,nh=1,nr23=[1,1],kv=113,nb=75,mask=1,sinks=1,max_bias=0.000000,logit_softcap=0.000000,prec=f32,type_K=f16,type_V=f16,permute=[0,1,2,3]): not supported [RD0] 
  FLASH_ATTN_EXT(hsk=320,hsv=256,nh=1,nr23=[1,1],kv=512,nb=1,mask=1,sinks=1,max_bias=0.000000,logit_softcap=0.000000,prec=f32,type_K=f16,type_V=f16,permute=[0,1,2,3]): not supported [RD0] 
  FLASH_ATTN_EXT(hsk=320,hsv=256,nh=1,nr23=[1,1],kv=512,nb=1,mask=1,sinks=1,max_bias=0.000000,logit_softcap=0.000000,prec=f32,type_K=f16,type_V=f16,permute=[0,2,1,3]): not supported [RD0] 
  FLASH_ATTN_EXT(hsk=320,hsv=256,nh=1,nr23=[1,1],kv=512,nb=3,mask=1,sinks=1,max_bias=0.000000,logit_softcap=0.000000,prec=f32,type_K=f16,type_V=f16,permute=[0,1,2,3]): not supported [RD0] 
  FLASH_ATTN_EXT(hsk=320,hsv=256,nh=1,nr23=[1,1],kv=512,nb=3,mask=1,sinks=1,max_bias=0.000000,logit_softcap=0.000000,prec=f32,type_K=f16,type_V=f16,permute=[0,2,1,3]): not supported [RD0] 
  FLASH_ATTN_EXT(hsk=320,hsv=256,nh=1,nr23=[1,1],kv=512,nb=32,mask=1,sinks=1,max_bias=0.000000,logit_softcap=0.000000,prec=f32,type_K=f16,type_V=f16,permute=[0,1,2,3]): not supported [RD0] 
  FLASH_ATTN_EXT(hsk=320,hsv=256,nh=1,nr23=[1,1],kv=512,nb=32,mask=1,sinks=1,max_bias=0.000000,logit_softcap=0.000000,prec=f32,type_K=f16,type_V=f16,permute=[0,2,1,3]): not supported [RD0] 
  FLASH_ATTN_EXT(hsk=320,hsv=256,nh=1,nr23=[1,1],kv=512,nb=75,mask=1,sinks=1,max_bias=0.000000,logit_softcap=0.000000,prec=f32,type_K=f16,type_V=f16,permute=[0,1,2,3]): not supported [RD0] 
  FLASH_ATTN_EXT(hsk=320,hsv=256,nh=1,nr23=[1,1],kv=512,nb=75,mask=1,sinks=1,max_bias=0.000000,logit_softcap=0.000000,prec=f32,type_K=f16,type_V=f16,permute=[0,2,1,3]): not supported [RD0] 
  FLASH_ATTN_EXT(hsk=320,hsv=256,nh=1,nr23=[1,1],kv=1024,nb=1,mask=1,sinks=1,max_bias=0.000000,logit_softcap=0.000000,prec=f32,type_K=f16,type_V=f16,permute=[0,1,2,3]): not supported [RD0] 
  FLASH_ATTN_EXT(hsk=320,hsv=256,nh=1,nr23=[1,1],kv=1024,nb=3,mask=1,sinks=1,max_bias=0.000000,logit_softcap=0.000000,prec=f32,type_K=f16,type_V=f16,permute=[0,1,2,3]): not supported [RD0] 
  FLASH_ATTN_EXT(hsk=320,hsv=256,nh=1,nr23=[1,1],kv=1024,nb=32,mask=1,sinks=1,max_bias=0.000000,logit_softcap=0.000000,prec=f32,type_K=f16,type_V=f16,permute=[0,1,2,3]): not supported [RD0] 
  FLASH_ATTN_EXT(hsk=320,hsv=256,nh=1,nr23=[1,1],kv=1024,nb=75,mask=1,sinks=1,max_bias=0.000000,logit_softcap=0.000000,prec=f32,type_K=f16,type_V=f16,permute=[0,1,2,3]): not supported [RD0] 
  FLASH_ATTN_EXT(hsk=320,hsv=256,nh=1,nr23=[4,1],kv=512,nb=1,mask=1,sinks=1,max_bias=0.000000,logit_softcap=0.000000,prec=f32,type_K=f16,type_V=f16,permute=[0,1,2,3]): not supported [RD0] 
  FLASH_ATTN_EXT(hsk=320,hsv=256,nh=1,nr23=[4,1],kv=512,nb=1,mask=1,sinks=1,max_bias=0.000000,logit_softcap=0.000000,prec=f32,type_K=f16,type_V=f16,permute=[0,2,1,3]): not supported [RD0] 
  FLASH_ATTN_EXT(hsk=320,hsv=256,nh=1,nr23=[4,1],kv=512,nb=3,mask=1,sinks=1,max_bias=0.000000,logit_softcap=0.000000,prec=f32,type_K=f16,type_V=f16,permute=[0,1,2,3]): not supported [RD0] 
  FLASH_ATTN_EXT(hsk=320,hsv=256,nh=1,nr23=[4,1],kv=512,nb=3,mask=1,sinks=1,max_bias=0.000000,logit_softcap=0.000000,prec=f32,type_K=f16,type_V=f16,permute=[0,2,1,3]): not supported [RD0] 
  FLASH_ATTN_EXT(hsk=320,hsv=256,nh=1,nr23=[4,1],kv=512,nb=32,mask=1,sinks=1,max_bias=0.000000,logit_softcap=0.000000,prec=f32,type_K=f16,type_V=f16,permute=[0,1,2,3]): not supported [RD0] 
  FLASH_ATTN_EXT(hsk=320,hsv=256,nh=1,nr23=[4,1],kv=512,nb=32,mask=1,sinks=1,max_bias=0.000000,logit_softcap=0.000000,prec=f32,type_K=f16,type_V=f16,permute=[0,2,1,3]): not supported [RD0] 
  FLASH_ATTN_EXT(hsk=320,hsv=256,nh=1,nr23=[4,1],kv=512,nb=75,mask=1,sinks=1,max_bias=0.000000,logit_softcap=0.000000,prec=f32,type_K=f16,type_V=f16,permute=[0,1,2,3]): not supported [RD0] 
  FLASH_ATTN_EXT(hsk=320,hsv=256,nh=1,nr23=[4,1],kv=512,nb=75,mask=1,sinks=1,max_bias=0.000000,logit_softcap=0.000000,prec=f32,type_K=f16,type_V=f16,permute=[0,2,1,3]): not supported [RD0] 
  FLASH_ATTN_EXT(hsk=320,hsv=256,nh=1,nr23=[32,1],kv=512,nb=1,mask=1,sinks=1,max_bias=0.000000,logit_softcap=0.000000,prec=f32,type_K=f16,type_V=f16,permute=[0,1,2,3]): not supported [RD0] 
  FLASH_ATTN_EXT(hsk=320,hsv=256,nh=1,nr23=[32,1],kv=512,nb=1,mask=1,sinks=1,max_bias=0.000000,logit_softcap=0.000000,prec=f32,type_K=f16,type_V=f16,permute=[0,2,1,3]): not supported [RD0] 
  FLASH_ATTN_EXT(hsk=320,hsv=256,nh=1,nr23=[32,1],kv=512,nb=3,mask=1,sinks=1,max_bias=0.000000,logit_softcap=0.000000,prec=f32,type_K=f16,type_V=f16,permute=[0,1,2,3]): not supported [RD0] 
  FLASH_ATTN_EXT(hsk=320,hsv=256,nh=1,nr23=[32,1],kv=512,nb=3,mask=1,sinks=1,max_bias=0.000000,logit_softcap=0.000000,prec=f32,type_K=f16,type_V=f16,permute=[0,2,1,3]): not supported [RD0] 
  FLASH_ATTN_EXT(hsk=320,hsv=256,nh=1,nr23=[32,1],kv=512,nb=32,mask=1,sinks=1,max_bias=0.000000,logit_softcap=0.000000,prec=f32,type_K=f16,type_V=f16,permute=[0,1,2,3]): not supported [RD0] 
  FLASH_ATTN_EXT(hsk=320,hsv=256,nh=1,nr23=[32,1],kv=512,nb=32,mask=1,sinks=1,max_bias=0.000000,logit_softcap=0.000000,prec=f32,type_K=f16,type_V=f16,permute=[0,2,1,3]): not supported [RD0] 
  FLASH_ATTN_EXT(hsk=320,hsv=256,nh=1,nr23=[32,1],kv=512,nb=75,mask=1,sinks=1,max_bias=0.000000,logit_softcap=0.000000,prec=f32,type_K=f16,type_V=f16,permute=[0,1,2,3]): not supported [RD0] 
  FLASH_ATTN_EXT(hsk=320,hsv=256,nh=1,nr23=[32,1],kv=512,nb=75,mask=1,sinks=1,max_bias=0.000000,logit_softcap=0.000000,prec=f32,type_K=f16,type_V=f16,permute=[0,2,1,3]): not supported [RD0] 
  FLASH_ATTN_EXT(hsk=320,hsv=256,nh=4,nr23=[1,1],kv=113,nb=1,mask=1,sinks=1,max_bias=0.000000,logit_softcap=0.000000,prec=f32,type_K=f16,type_V=f16,permute=[0,1,2,3]): not supported [RD0] 
  FLASH_ATTN_EXT(hsk=320,hsv=256,nh=4,nr23=[1,1],kv=113,nb=3,mask=1,sinks=1,max_bias=0.000000,logit_softcap=0.000000,prec=f32,type_K=f16,type_V=f16,permute=[0,1,2,3]): not supported [RD0] 
  FLASH_ATTN_EXT(hsk=320,hsv=256,nh=4,nr23=[1,1],kv=113,nb=32,mask=1,sinks=1,max_bias=0.000000,logit_softcap=0.000000,prec=f32,type_K=f16,type_V=f16,permute=[0,1,2,3]): not supported [RD0] 
  FLASH_ATTN_EXT(hsk=320,hsv=256,nh=4,nr23=[1,1],kv=113,nb=75,mask=1,sinks=1,max_bias=0.000000,logit_softcap=0.000000,prec=f32,type_K=f16,type_V=f16,permute=[0,1,2,3]): not supported [RD0] 
  FLASH_ATTN_EXT(hsk=320,hsv=256,nh=4,nr23=[1,1],kv=512,nb=1,mask=1,sinks=1,max_bias=0.000000,logit_softcap=0.000000,prec=f32,type_K=f16,type_V=f16,permute=[0,1,2,3]): not supported [RD0] 
  FLASH_ATTN_EXT(hsk=320,hsv=256,nh=4,nr23=[1,1],kv=512,nb=1,mask=1,sinks=1,max_bias=0.000000,logit_softcap=0.000000,prec=f32,type_K=f16,type_V=f16,permute=[0,2,1,3]): not supported [RD0] 
  FLASH_ATTN_EXT(hsk=320,hsv=256,nh=4,nr23=[1,1],kv=512,nb=3,mask=1,sinks=1,max_bias=0.000000,logit_softcap=0.000000,prec=f32,type_K=f16,type_V=f16,permute=[0,1,2,3]): not supported [RD0] 
  FLASH_ATTN_EXT(hsk=320,hsv=256,nh=4,nr23=[1,1],kv=512,nb=3,mask=1,sinks=1,max_bias=0.000000,logit_softcap=0.000000,prec=f32,type_K=f16,type_V=f16,permute=[0,2,1,3]): not supported [RD0] 
  FLASH_ATTN_EXT(hsk=320,hsv=256,nh=4,nr23=[1,1],kv=512,nb=32,mask=1,sinks=1,max_bias=0.000000,logit_softcap=0.000000,prec=f32,type_K=f16,type_V=f16,permute=[0,1,2,3]): not supported [RD0] 
  FLASH_ATTN_EXT(hsk=320,hsv=256,nh=4,nr23=[1,1],kv=512,nb=32,mask=1,sinks=1,max_bias=0.000000,logit_softcap=0.000000,prec=f32,type_K=f16,type_V=f16,permute=[0,2,1,3]): not supported [RD0] 
  FLASH_ATTN_EXT(hsk=320,hsv=256,nh=4,nr23=[1,1],kv=512,nb=75,mask=1,sinks=1,max_bias=0.000000,logit_softcap=0.000000,prec=f32,type_K=f16,type_V=f16,permute=[0,1,2,3]): not supported [RD0] 
  FLASH_ATTN_EXT(hsk=320,hsv=256,nh=4,nr23=[1,1],kv=512,nb=75,mask=1,sinks=1,max_bias=0.000000,logit_softcap=0.000000,prec=f32,type_K=f16,type_V=f16,permute=[0,2,1,3]): not supported [RD0] 
  FLASH_ATTN_EXT(hsk=320,hsv=256,nh=4,nr23=[1,1],kv=1024,nb=1,mask=1,sinks=1,max_bias=0.000000,logit_softcap=0.000000,prec=f32,type_K=f16,type_V=f16,permute=[0,1,2,3]): not supported [RD0] 
  FLASH_ATTN_EXT(hsk=320,hsv=256,nh=4,nr23=[1,1],kv=1024,nb=3,mask=1,sinks=1,max_bias=0.000000,logit_softcap=0.000000,prec=f32,type_K=f16,type_V=f16,permute=[0,1,2,3]): not supported [RD0] 
  FLASH_ATTN_EXT(hsk=320,hsv=256,nh=4,nr23=[1,1],kv=1024,nb=32,mask=1,sinks=1,max_bias=0.000000,logit_softcap=0.000000,prec=f32,type_K=f16,type_V=f16,permute=[0,1,2,3]): not supported [RD0] 
  FLASH_ATTN_EXT(hsk=320,hsv=256,nh=4,nr23=[1,1],kv=1024,nb=75,mask=1,sinks=1,max_bias=0.000000,logit_softcap=0.000000,prec=f32,type_K=f16,type_V=f16,permute=[0,1,2,3]): not supported [RD0] 
  FLASH_ATTN_EXT(hsk=320,hsv=256,nh=4,nr23=[4,1],kv=512,nb=1,mask=1,sinks=1,max_bias=0.000000,logit_softcap=0.000000,prec=f32,type_K=f16,type_V=f16,permute=[0,1,2,3]): not supported [RD0] 
  FLASH_ATTN_EXT(hsk=320,hsv=256,nh=4,nr23=[4,1],kv=512,nb=1,mask=1,sinks=1,max_bias=0.000000,logit_softcap=0.000000,prec=f32,type_K=f16,type_V=f16,permute=[0,2,1,3]): not supported [RD0] 
  FLASH_ATTN_EXT(hsk=320,hsv=256,nh=4,nr23=[4,1],kv=512,nb=3,mask=1,sinks=1,max_bias=0.000000,logit_softcap=0.000000,prec=f32,type_K=f16,type_V=f16,permute=[0,1,2,3]): not supported [RD0] 
  FLASH_ATTN_EXT(hsk=320,hsv=256,nh=4,nr23=[4,1],kv=512,nb=3,mask=1,sinks=1,max_bias=0.000000,logit_softcap=0.000000,prec=f32,type_K=f16,type_V=f16,permute=[0,2,1,3]): not supported [RD0] 
  FLASH_ATTN_EXT(hsk=320,hsv=256,nh=4,nr23=[4,1],kv=512,nb=32,mask=1,sinks=1,max_bias=0.000000,logit_softcap=0.000000,prec=f32,type_K=f16,type_V=f16,permute=[0,1,2,3]): not supported [RD0] 
  FLASH_ATTN_EXT(hsk=320,hsv=256,nh=4,nr23=[4,1],kv=512,nb=32,mask=1,sinks=1,max_bias=0.000000,logit_softcap=0.000000,prec=f32,type_K=f16,type_V=f16,permute=[0,2,1,3]): not supported [RD0] 
  FLASH_ATTN_EXT(hsk=320,hsv=256,nh=4,nr23=[4,1],kv=512,nb=75,mask=1,sinks=1,max_bias=0.000000,logit_softcap=0.000000,prec=f32,type_K=f16,type_V=f16,permute=[0,1,2,3]): not supported [RD0] 
  FLASH_ATTN_EXT(hsk=320,hsv=256,nh=4,nr23=[4,1],kv=512,nb=75,mask=1,sinks=1,max_bias=0.000000,logit_softcap=0.000000,prec=f32,type_K=f16,type_V=f16,permute=[0,2,1,3]): not supported [RD0] 
  FLASH_ATTN_EXT(hsk=320,hsv=256,nh=1,nr23=[1,1],kv=113,nb=1,mask=1,sinks=1,max_bias=8.000000,logit_softcap=0.000000,prec=f32,type_K=f16,type_V=f16,permute=[0,1,2,3]): not supported [RD0] 
  FLASH_ATTN_EXT(hsk=320,hsv=256,nh=1,nr23=[1,1],kv=113,nb=3,mask=1,sinks=1,max_bias=8.000000,logit_softcap=0.000000,prec=f32,type_K=f16,type_V=f16,permute=[0,1,2,3]): not supported [RD0] 
  FLASH_ATTN_EXT(hsk=320,hsv=256,nh=1,nr23=[1,1],kv=113,nb=32,mask=1,sinks=1,max_bias=8.000000,logit_softcap=0.000000,prec=f32,type_K=f16,type_V=f16,permute=[0,1,2,3]): not supported [RD0] 
  FLASH_ATTN_EXT(hsk=320,hsv=256,nh=1,nr23=[1,1],kv=113,nb=75,mask=1,sinks=1,max_bias=8.000000,logit_softcap=0.000000,prec=f32,type_K=f16,type_V=f16,permute=[0,1,2,3]): not supported [RD0] 
  FLASH_ATTN_EXT(hsk=320,hsv=256,nh=1,nr23=[1,1],kv=512,nb=1,mask=1,sinks=1,max_bias=8.000000,logit_softcap=0.000000,prec=f32,type_K=f16,type_V=f16,permute=[0,1,2,3]): not supported [RD0] 
  FLASH_ATTN_EXT(hsk=320,hsv=256,nh=1,nr23=[1,1],kv=512,nb=3,mask=1,sinks=1,max_bias=8.000000,logit_softcap=0.000000,prec=f32,type_K=f16,type_V=f16,permute=[0,1,2,3]): not supported [RD0] 
  FLASH_ATTN_EXT(hsk=320,hsv=256,nh=1,nr23=[1,1],kv=512,nb=32,mask=1,sinks=1,max_bias=8.000000,logit_softcap=0.000000,prec=f32,type_K=f16,type_V=f16,permute=[0,1,2,3]): not supported [RD0] 
  FLASH_ATTN_EXT(hsk=320,hsv=256,nh=1,nr23=[1,1],kv=512,nb=75,mask=1,sinks=1,max_bias=8.000000,logit_softcap=0.000000,prec=f32,type_K=f16,type_V=f16,permute=[0,1,2,3]): not supported [RD0] 
  FLASH_ATTN_EXT(hsk=320,hsv=256,nh=1,nr23=[1,1],kv=1024,nb=1,mask=1,sinks=1,max_bias=8.000000,logit_softcap=0.000000,prec=f32,type_K=f16,type_V=f16,permute=[0,1,2,3]): not supported [RD0] 
  FLASH_ATTN_EXT(hsk=320,hsv=256,nh=1,nr23=[1,1],kv=1024,nb=3,mask=1,sinks=1,max_bias=8.000000,logit_softcap=0.000000,prec=f32,type_K=f16,type_V=f16,permute=[0,1,2,3]): not supported [RD0] 
  FLASH_ATTN_EXT(hsk=320,hsv=256,nh=1,nr23=[1,1],kv=1024,nb=32,mask=1,sinks=1,max_bias=8.000000,logit_softcap=0.000000,prec=f32,type_K=f16,type_V=f16,permute=[0,1,2,3]): not supported [RD0] 
  FLASH_ATTN_EXT(hsk=320,hsv=256,nh=1,nr23=[1,1],kv=1024,nb=75,mask=1,sinks=1,max_bias=8.000000,logit_softcap=0.000000,prec=f32,type_K=f16,type_V=f16,permute=[0,1,2,3]): not supported [RD0] 
  FLASH_ATTN_EXT(hsk=320,hsv=256,nh=1,nr23=[4,1],kv=512,nb=1,mask=1,sinks=1,max_bias=8.000000,logit_softcap=0.000000,prec=f32,type_K=f16,type_V=f16,permute=[0,1,2,3]): not supported [RD0] 
  FLASH_ATTN_EXT(hsk=320,hsv=256,nh=1,nr23=[4,1],kv=512,nb=3,mask=1,sinks=1,max_bias=8.000000,logit_softcap=0.000000,prec=f32,type_K=f16,type_V=f16,permute=[0,1,2,3]): not supported [RD0] 
  FLASH_ATTN_EXT(hsk=320,hsv=256,nh=1,nr23=[4,1],kv=512,nb=32,mask=1,sinks=1,max_bias=8.000000,logit_softcap=0.000000,prec=f32,type_K=f16,type_V=f16,permute=[0,1,2,3]): not supported [RD0] 
  FLASH_ATTN_EXT(hsk=320,hsv=256,nh=1,nr23=[4,1],kv=512,nb=75,mask=1,sinks=1,max_bias=8.000000,logit_softcap=0.000000,prec=f32,type_K=f16,type_V=f16,permute=[0,1,2,3]): not supported [RD0] 
  FLASH_ATTN_EXT(hsk=320,hsv=256,nh=1,nr23=[32,1],kv=512,nb=1,mask=1,sinks=1,max_bias=8.000000,logit_softcap=0.000000,prec=f32,type_K=f16,type_V=f16,permute=[0,1,2,3]): not supported [RD0] 
  FLASH_ATTN_EXT(hsk=320,hsv=256,nh=1,nr23=[32,1],kv=512,nb=3,mask=1,sinks=1,max_bias=8.000000,logit_softcap=0.000000,prec=f32,type_K=f16,type_V=f16,permute=[0,1,2,3]): not supported [RD0] 
  FLASH_ATTN_EXT(hsk=320,hsv=256,nh=1,nr23=[32,1],kv=512,nb=32,mask=1,sinks=1,max_bias=8.000000,logit_softcap=0.000000,prec=f32,type_K=f16,type_V=f16,permute=[0,1,2,3]): not supported [RD0] 
  FLASH_ATTN_EXT(hsk=320,hsv=256,nh=1,nr23=[32,1],kv=512,nb=75,mask=1,sinks=1,max_bias=8.000000,logit_softcap=0.000000,prec=f32,type_K=f16,type_V=f16,permute=[0,1,2,3]): not supported [RD0] 
  FLASH_ATTN_EXT(hsk=320,hsv=256,nh=4,nr23=[1,1],kv=113,nb=1,mask=1,sinks=1,max_bias=8.000000,logit_softcap=0.000000,prec=f32,type_K=f16,type_V=f16,permute=[0,1,2,3]): not supported [RD0] 
  FLASH_ATTN_EXT(hsk=320,hsv=256,nh=4,nr23=[1,1],kv=113,nb=3,mask=1,sinks=1,max_bias=8.000000,logit_softcap=0.000000,prec=f32,type_K=f16,type_V=f16,permute=[0,1,2,3]): not supported [RD0] 
  FLASH_ATTN_EXT(hsk=320,hsv=256,nh=4,nr23=[1,1],kv=113,nb=32,mask=1,sinks=1,max_bias=8.000000,logit_softcap=0.000000,prec=f32,type_K=f16,type_V=f16,permute=[0,1,2,3]): not supported [RD0] 
  FLASH_ATTN_EXT(hsk=320,hsv=256,nh=4,nr23=[1,1],kv=113,nb=75,mask=1,sinks=1,max_bias=8.000000,logit_softcap=0.000000,prec=f32,type_K=f16,type_V=f16,permute=[0,1,2,3]): not supported [RD0] 
  FLASH_ATTN_EXT(hsk=320,hsv=256,nh=4,nr23=[1,1],kv=512,nb=1,mask=1,sinks=1,max_bias=8.000000,logit_softcap=0.000000,prec=f32,type_K=f16,type_V=f16,permute=[0,1,2,3]): not supported [RD0] 
  FLASH_ATTN_EXT(hsk=320,hsv=256,nh=4,nr23=[1,1],kv=512,nb=3,mask=1,sinks=1,max_bias=8.000000,logit_softcap=0.000000,prec=f32,type_K=f16,type_V=f16,permute=[0,1,2,3]): not supported [RD0] 
  FLASH_ATTN_EXT(hsk=320,hsv=256,nh=4,nr23=[1,1],kv=512,nb=32,mask=1,sinks=1,max_bias=8.000000,logit_softcap=0.000000,prec=f32,type_K=f16,type_V=f16,permute=[0,1,2,3]): not supported [RD0] 
  FLASH_ATTN_EXT(hsk=320,hsv=256,nh=4,nr23=[1,1],kv=512,nb=75,mask=1,sinks=1,max_bias=8.000000,logit_softcap=0.000000,prec=f32,type_K=f16,type_V=f16,permute=[0,1,2,3]): not supported [RD0] 
  FLASH_ATTN_EXT(hsk=320,hsv=256,nh=4,nr23=[1,1],kv=1024,nb=1,mask=1,sinks=1,max_bias=8.000000,logit_softcap=0.000000,prec=f32,type_K=f16,type_V=f16,permute=[0,1,2,3]): not supported [RD0] 
  FLASH_ATTN_EXT(hsk=320,hsv=256,nh=4,nr23=[1,1],kv=1024,nb=3,mask=1,sinks=1,max_bias=8.000000,logit_softcap=0.000000,prec=f32,type_K=f16,type_V=f16,permute=[0,1,2,3]): not supported [RD0] 
  FLASH_ATTN_EXT(hsk=320,hsv=256,nh=4,nr23=[1,1],kv=1024,nb=32,mask=1,sinks=1,max_bias=8.000000,logit_softcap=0.000000,prec=f32,type_K=f16,type_V=f16,permute=[0,1,2,3]): not supported [RD0] 
  FLASH_ATTN_EXT(hsk=320,hsv=256,nh=4,nr23=[1,1],kv=1024,nb=75,mask=1,sinks=1,max_bias=8.000000,logit_softcap=0.000000,prec=f32,type_K=f16,type_V=f16,permute=[0,1,2,3]): not supported [RD0] 
  FLASH_ATTN_EXT(hsk=320,hsv=256,nh=4,nr23=[4,1],kv=512,nb=1,mask=1,sinks=1,max_bias=8.000000,logit_softcap=0.000000,prec=f32,type_K=f16,type_V=f16,permute=[0,1,2,3]): not supported [RD0] 
  FLASH_ATTN_EXT(hsk=320,hsv=256,nh=4,nr23=[4,1],kv=512,nb=3,mask=1,sinks=1,max_bias=8.000000,logit_softcap=0.000000,prec=f32,type_K=f16,type_V=f16,permute=[0,1,2,3]): not supported [RD0] 
  FLASH_ATTN_EXT(hsk=320,hsv=256,nh=4,nr23=[4,1],kv=512,nb=32,mask=1,sinks=1,max_bias=8.000000,logit_softcap=0.000000,prec=f32,type_K=f16,type_V=f16,permute=[0,1,2,3]): not supported [RD0] 
  FLASH_ATTN_EXT(hsk=320,hsv=256,nh=4,nr23=[4,1],kv=512,nb=75,mask=1,sinks=1,max_bias=8.000000,logit_softcap=0.000000,prec=f32,type_K=f16,type_V=f16,permute=[0,1,2,3]): not supported [RD0] 
  FLASH_ATTN_EXT(hsk=320,hsv=256,nh=1,nr23=[1,1],kv=113,nb=1,mask=1,sinks=0,max_bias=0.000000,logit_softcap=0.000000,prec=f32,type_K=f16,type_V=f16,permute=[0,1,2,3]): not supported [RD0] 
  FLASH_ATTN_EXT(hsk=320,hsv=256,nh=1,nr23=[1,1],kv=113,nb=3,mask=1,sinks=0,max_bias=0.000000,logit_softcap=0.000000,prec=f32,type_K=f16,type_V=f16,permute=[0,1,2,3]): not supported [RD0] 
  FLASH_ATTN_EXT(hsk=320,hsv=256,nh=1,nr23=[1,1],kv=113,nb=32,mask=1,sinks=0,max_bias=0.000000,logit_softcap=0.000000,prec=f32,type_K=f16,type_V=f16,permute=[0,1,2,3]): not supported [RD0] 
  FLASH_ATTN_EXT(hsk=320,hsv=256,nh=1,nr23=[1,1],kv=113,nb=75,mask=1,sinks=0,max_bias=0.000000,logit_softcap=0.000000,prec=f32,type_K=f16,type_V=f16,permute=[0,1,2,3]): not supported [RD0] 
  FLASH_ATTN_EXT(hsk=320,hsv=256,nh=1,nr23=[1,1],kv=512,nb=1,mask=1,sinks=0,max_bias=0.000000,logit_softcap=0.000000,prec=f32,type_K=f16,type_V=f16,permute=[0,1,2,3]): not supported [RD0] 
  FLASH_ATTN_EXT(hsk=320,hsv=256,nh=1,nr23=[1,1],kv=512,nb=1,mask=1,sinks=0,max_bias=0.000000,logit_softcap=0.000000,prec=f32,type_K=f16,type_V=f16,permute=[0,2,1,3]): not supported [RD0] 
  FLASH_ATTN_EXT(hsk=320,hsv=256,nh=1,nr23=[1,1],kv=512,nb=3,mask=1,sinks=0,max_bias=0.000000,logit_softcap=0.000000,prec=f32,type_K=f16,type_V=f16,permute=[0,1,2,3]): not supported [RD0] 
  FLASH_ATTN_EXT(hsk=320,hsv=256,nh=1,nr23=[1,1],kv=512,nb=3,mask=1,sinks=0,max_bias=0.000000,logit_softcap=0.000000,prec=f32,type_K=f16,type_V=f16,permute=[0,2,1,3]): not supported [RD0] 
  FLASH_ATTN_EXT(hsk=320,hsv=256,nh=1,nr23=[1,1],kv=512,nb=32,mask=1,sinks=0,max_bias=0.000000,logit_softcap=0.000000,prec=f32,type_K=f16,type_V=f16,permute=[0,1,2,3]): not supported [RD0] 
  FLASH_ATTN_EXT(hsk=320,hsv=256,nh=1,nr23=[1,1],kv=512,nb=32,mask=1,sinks=0,max_bias=0.000000,logit_softcap=0.000000,prec=f32,type_K=f16,type_V=f16,permute=[0,2,1,3]): not supported [RD0] 
  FLASH_ATTN_EXT(hsk=320,hsv=256,nh=1,nr23=[1,1],kv=512,nb=75,mask=1,sinks=0,max_bias=0.000000,logit_softcap=0.000000,prec=f32,type_K=f16,type_V=f16,permute=[0,1,2,3]): not supported [RD0] 
  FLASH_ATTN_EXT(hsk=320,hsv=256,nh=1,nr23=[1,1],kv=512,nb=75,mask=1,sinks=0,max_bias=0.000000,logit_softcap=0.000000,prec=f32,type_K=f16,type_V=f16,permute=[0,2,1,3]): not supported [RD0] 
  FLASH_ATTN_EXT(hsk=320,hsv=256,nh=1,nr23=[1,1],kv=1024,nb=1,mask=1,sinks=0,max_bias=0.000000,logit_softcap=0.000000,prec=f32,type_K=f16,type_V=f16,permute=[0,1,2,3]): not supported [RD0] 
  FLASH_ATTN_EXT(hsk=320,hsv=256,nh=1,nr23=[1,1],kv=1024,nb=3,mask=1,sinks=0,max_bias=0.000000,logit_softcap=0.000000,prec=f32,type_K=f16,type_V=f16,permute=[0,1,2,3]): not supported [RD0] 
  FLASH_ATTN_EXT(hsk=320,hsv=256,nh=1,nr23=[1,1],kv=1024,nb=32,mask=1,sinks=0,max_bias=0.000000,logit_softcap=0.000000,prec=f32,type_K=f16,type_V=f16,permute=[0,1,2,3]): not supported [RD0] 
  FLASH_ATTN_EXT(hsk=320,hsv=256,nh=1,nr23=[1,1],kv=1024,nb=75,mask=1,sinks=0,max_bias=0.000000,logit_softcap=0.000000,prec=f32,type_K=f16,type_V=f16,permute=[0,1,2,3]): not supported [RD0] 
  FLASH_ATTN_EXT(hsk=320,hsv=256,nh=1,nr23=[4,1],kv=512,nb=1,mask=1,sinks=0,max_bias=0.000000,logit_softcap=0.000000,prec=f32,type_K=f16,type_V=f16,permute=[0,1,2,3]): not supported [RD0] 
  FLASH_ATTN_EXT(hsk=320,hsv=256,nh=1,nr23=[4,1],kv=512,nb=1,mask=1,sinks=0,max_bias=0.000000,logit_softcap=0.000000,prec=f32,type_K=f16,type_V=f16,permute=[0,2,1,3]): not supported [RD0] 
  FLASH_ATTN_EXT(hsk=320,hsv=256,nh=1,nr23=[4,1],kv=512,nb=3,mask=1,sinks=0,max_bias=0.000000,logit_softcap=0.000000,prec=f32,type_K=f16,type_V=f16,permute=[0,1,2,3]): not supported [RD0] 
  FLASH_ATTN_EXT(hsk=320,hsv=256,nh=1,nr23=[4,1],kv=512,nb=3,mask=1,sinks=0,max_bias=0.000000,logit_softcap=0.000000,prec=f32,type_K=f16,type_V=f16,permute=[0,2,1,3]): not supported [RD0] 
  FLASH_ATTN_EXT(hsk=320,hsv=256,nh=1,nr23=[4,1],kv=512,nb=32,mask=1,sinks=0,max_bias=0.000000,logit_softcap=0.000000,prec=f32,type_K=f16,type_V=f16,permute=[0,1,2,3]): not supported [RD0] 
  FLASH_ATTN_EXT(hsk=320,hsv=256,nh=1,nr23=[4,1],kv=512,nb=32,mask=1,sinks=0,max_bias=0.000000,logit_softcap=0.000000,prec=f32,type_K=f16,type_V=f16,permute=[0,2,1,3]): not supported [RD0] 
  FLASH_ATTN_EXT(hsk=320,hsv=256,nh=1,nr23=[4,1],kv=512,nb=75,mask=1,sinks=0,max_bias=0.000000,logit_softcap=0.000000,prec=f32,type_K=f16,type_V=f16,permute=[0,1,2,3]): not supported [RD0] 
  FLASH_ATTN_EXT(hsk=320,hsv=256,nh=1,nr23=[4,1],kv=512,nb=75,mask=1,sinks=0,max_bias=0.000000,logit_softcap=0.000000,prec=f32,type_K=f16,type_V=f16,permute=[0,2,1,3]): not supported [RD0] 
  FLASH_ATTN_EXT(hsk=320,hsv=256,nh=1,nr23=[32,1],kv=512,nb=1,mask=1,sinks=0,max_bias=0.000000,logit_softcap=0.000000,prec=f32,type_K=f16,type_V=f16,permute=[0,1,2,3]): not supported [RD0] 
  FLASH_ATTN_EXT(hsk=320,hsv=256,nh=1,nr23=[32,1],kv=512,nb=1,mask=1,sinks=0,max_bias=0.000000,logit_softcap=0.000000,prec=f32,type_K=f16,type_V=f16,permute=[0,2,1,3]): not supported [RD0] 
  FLASH_ATTN_EXT(hsk=320,hsv=256,nh=1,nr23=[32,1],kv=512,nb=3,mask=1,sinks=0,max_bias=0.000000,logit_softcap=0.000000,prec=f32,type_K=f16,type_V=f16,permute=[0,1,2,3]): not supported [RD0] 
  FLASH_ATTN_EXT(hsk=320,hsv=256,nh=1,nr23=[32,1],kv=512,nb=3,mask=1,sinks=0,max_bias=0.000000,logit_softcap=0.000000,prec=f32,type_K=f16,type_V=f16,permute=[0,2,1,3]): not supported [RD0] 
  FLASH_ATTN_EXT(hsk=320,hsv=256,nh=1,nr23=[32,1],kv=512,nb=32,mask=1,sinks=0,max_bias=0.000000,logit_softcap=0.000000,prec=f32,type_K=f16,type_V=f16,permute=[0,1,2,3]): not supported [RD0] 
  FLASH_ATTN_EXT(hsk=320,hsv=256,nh=1,nr23=[32,1],kv=512,nb=32,mask=1,sinks=0,max_bias=0.000000,logit_softcap=0.000000,prec=f32,type_K=f16,type_V=f16,permute=[0,2,1,3]): not supported [RD0] 
  FLASH_ATTN_EXT(hsk=320,hsv=256,nh=1,nr23=[32,1],kv=512,nb=75,mask=1,sinks=0,max_bias=0.000000,logit_softcap=0.000000,prec=f32,type_K=f16,type_V=f16,permute=[0,1,2,3]): not supported [RD0] 
  FLASH_ATTN_EXT(hsk=320,hsv=256,nh=1,nr23=[32,1],kv=512,nb=75,mask=1,sinks=0,max_bias=0.000000,logit_softcap=0.000000,prec=f32,type_K=f16,type_V=f16,permute=[0,2,1,3]): not supported [RD0] 
  FLASH_ATTN_EXT(hsk=320,hsv=256,nh=4,nr23=[1,1],kv=113,nb=1,mask=1,sinks=0,max_bias=0.000000,logit_softcap=0.000000,prec=f32,type_K=f16,type_V=f16,permute=[0,1,2,3]): not supported [RD0] 
  FLASH_ATTN_EXT(hsk=320,hsv=256,nh=4,nr23=[1,1],kv=113,nb=3,mask=1,sinks=0,max_bias=0.000000,logit_softcap=0.000000,prec=f32,type_K=f16,type_V=f16,permute=[0,1,2,3]): not supported [RD0] 
  FLASH_ATTN_EXT(hsk=320,hsv=256,nh=4,nr23=[1,1],kv=113,nb=32,mask=1,sinks=0,max_bias=0.000000,logit_softcap=0.000000,prec=f32,type_K=f16,type_V=f16,permute=[0,1,2,3]): not supported [RD0] 
  FLASH_ATTN_EXT(hsk=320,hsv=256,nh=4,nr23=[1,1],kv=113,nb=75,mask=1,sinks=0,max_bias=0.000000,logit_softcap=0.000000,prec=f32,type_K=f16,type_V=f16,permute=[0,1,2,3]): not supported [RD0] 
  FLASH_ATTN_EXT(hsk=320,hsv=256,nh=4,nr23=[1,1],kv=512,nb=1,mask=1,sinks=0,max_bias=0.000000,logit_softcap=0.000000,prec=f32,type_K=f16,type_V=f16,permute=[0,1,2,3]): not supported [RD0] 
  FLASH_ATTN_EXT(hsk=320,hsv=256,nh=4,nr23=[1,1],kv=512,nb=1,mask=1,sinks=0,max_bias=0.000000,logit_softcap=0.000000,prec=f32,type_K=f16,type_V=f16,permute=[0,2,1,3]): not supported [RD0] 
  FLASH_ATTN_EXT(hsk=320,hsv=256,nh=4,nr23=[1,1],kv=512,nb=3,mask=1,sinks=0,max_bias=0.000000,logit_softcap=0.000000,prec=f32,type_K=f16,type_V=f16,permute=[0,1,2,3]): not supported [RD0] 
  FLASH_ATTN_EXT(hsk=320,hsv=256,nh=4,nr23=[1,1],kv=512,nb=3,mask=1,sinks=0,max_bias=0.000000,logit_softcap=0.000000,prec=f32,type_K=f16,type_V=f16,permute=[0,2,1,3]): not supported [RD0] 
  FLASH_ATTN_EXT(hsk=320,hsv=256,nh=4,nr23=[1,1],kv=512,nb=32,mask=1,sinks=0,max_bias=0.000000,logit_softcap=0.000000,prec=f32,type_K=f16,type_V=f16,permute=[0,1,2,3]): not supported [RD0] 
  FLASH_ATTN_EXT(hsk=320,hsv=256,nh=4,nr23=[1,1],kv=512,nb=32,mask=1,sinks=0,max_bias=0.000000,logit_softcap=0.000000,prec=f32,type_K=f16,type_V=f16,permute=[0,2,1,3]): not supported [RD0] 
  FLASH_ATTN_EXT(hsk=320,hsv=256,nh=4,nr23=[1,1],kv=512,nb=75,mask=1,sinks=0,max_bias=0.000000,logit_softcap=0.000000,prec=f32,type_K=f16,type_V=f16,permute=[0,1,2,3]): not supported [RD0] 
  FLASH_ATTN_EXT(hsk=320,hsv=256,nh=4,nr23=[1,1],kv=512,nb=75,mask=1,sinks=0,max_bias=0.000000,logit_softcap=0.000000,prec=f32,type_K=f16,type_V=f16,permute=[0,2,1,3]): not supported [RD0] 
  FLASH_ATTN_EXT(hsk=320,hsv=256,nh=4,nr23=[1,1],kv=1024,nb=1,mask=1,sinks=0,max_bias=0.000000,logit_softcap=0.000000,prec=f32,type_K=f16,type_V=f16,permute=[0,1,2,3]): not supported [RD0] 
  FLASH_ATTN_EXT(hsk=320,hsv=256,nh=4,nr23=[1,1],kv=1024,nb=3,mask=1,sinks=0,max_bias=0.000000,logit_softcap=0.000000,prec=f32,type_K=f16,type_V=f16,permute=[0,1,2,3]): not supported [RD0] 
  FLASH_ATTN_EXT(hsk=320,hsv=256,nh=4,nr23=[1,1],kv=1024,nb=32,mask=1,sinks=0,max_bias=0.000000,logit_softcap=0.000000,prec=f32,type_K=f16,type_V=f16,permute=[0,1,2,3]): not supported [RD0] 
  FLASH_ATTN_EXT(hsk=320,hsv=256,nh=4,nr23=[1,1],kv=1024,nb=75,mask=1,sinks=0,max_bias=0.000000,logit_softcap=0.000000,prec=f32,type_K=f16,type_V=f16,permute=[0,1,2,3]): not supported [RD0] 
  FLASH_ATTN_EXT(hsk=320,hsv=256,nh=4,nr23=[4,1],kv=512,nb=1,mask=1,sinks=0,max_bias=0.000000,logit_softcap=0.000000,prec=f32,type_K=f16,type_V=f16,permute=[0,1,2,3]): not supported [RD0] 
  FLASH_ATTN_EXT(hsk=320,hsv=256,nh=4,nr23=[4,1],kv=512,nb=1,mask=1,sinks=0,max_bias=0.000000,logit_softcap=0.000000,prec=f32,type_K=f16,type_V=f16,permute=[0,2,1,3]): not supported [RD0] 
  FLASH_ATTN_EXT(hsk=320,hsv=256,nh=4,nr23=[4,1],kv=512,nb=3,mask=1,sinks=0,max_bias=0.000000,logit_softcap=0.000000,prec=f32,type_K=f16,type_V=f16,permute=[0,1,2,3]): not supported [RD0] 
  FLASH_ATTN_EXT(hsk=320,hsv=256,nh=4,nr23=[4,1],kv=512,nb=3,mask=1,sinks=0,max_bias=0.000000,logit_softcap=0.000000,prec=f32,type_K=f16,type_V=f16,permute=[0,2,1,3]): not supported [RD0] 
  FLASH_ATTN_EXT(hsk=320,hsv=256,nh=4,nr23=[4,1],kv=512,nb=32,mask=1,sinks=0,max_bias=0.000000,logit_softcap=0.000000,prec=f32,type_K=f16,type_V=f16,permute=[0,1,2,3]): not supported [RD0] 
  FLASH_ATTN_EXT(hsk=320,hsv=256,nh=4,nr23=[4,1],kv=512,nb=32,mask=1,sinks=0,max_bias=0.000000,logit_softcap=0.000000,prec=f32,type_K=f16,type_V=f16,permute=[0,2,1,3]): not supported [RD0] 
  FLASH_ATTN_EXT(hsk=320,hsv=256,nh=4,nr23=[4,1],kv=512,nb=75,mask=1,sinks=0,max_bias=0.000000,logit_softcap=0.000000,prec=f32,type_K=f16,type_V=f16,permute=[0,1,2,3]): not supported [RD0] 
  FLASH_ATTN_EXT(hsk=320,hsv=256,nh=4,nr23=[4,1],kv=512,nb=75,mask=1,sinks=0,max_bias=0.000000,logit_softcap=0.000000,prec=f32,type_K=f16,type_V=f16,permute=[0,2,1,3]): not supported [RD0] 
  FLASH_ATTN_EXT(hsk=320,hsv=256,nh=1,nr23=[1,1],kv=113,nb=1,mask=1,sinks=0,max_bias=8.000000,logit_softcap=0.000000,prec=f32,type_K=f16,type_V=f16,permute=[0,1,2,3]): not supported [RD0] 
  FLASH_ATTN_EXT(hsk=320,hsv=256,nh=1,nr23=[1,1],kv=113,nb=3,mask=1,sinks=0,max_bias=8.000000,logit_softcap=0.000000,prec=f32,type_K=f16,type_V=f16,permute=[0,1,2,3]): not supported [RD0] 
  FLASH_ATTN_EXT(hsk=320,hsv=256,nh=1,nr23=[1,1],kv=113,nb=32,mask=1,sinks=0,max_bias=8.000000,logit_softcap=0.000000,prec=f32,type_K=f16,type_V=f16,permute=[0,1,2,3]): not supported [RD0] 
  FLASH_ATTN_EXT(hsk=320,hsv=256,nh=1,nr23=[1,1],kv=113,nb=75,mask=1,sinks=0,max_bias=8.000000,logit_softcap=0.000000,prec=f32,type_K=f16,type_V=f16,permute=[0,1,2,3]): not supported [RD0] 
  FLASH_ATTN_EXT(hsk=320,hsv=256,nh=1,nr23=[1,1],kv=512,nb=1,mask=1,sinks=0,max_bias=8.000000,logit_softcap=0.000000,prec=f32,type_K=f16,type_V=f16,permute=[0,1,2,3]): not supported [RD0] 
  FLASH_ATTN_EXT(hsk=320,hsv=256,nh=1,nr23=[1,1],kv=512,nb=3,mask=1,sinks=0,max_bias=8.000000,logit_softcap=0.000000,prec=f32,type_K=f16,type_V=f16,permute=[0,1,2,3]): not supported [RD0] 
  FLASH_ATTN_EXT(hsk=320,hsv=256,nh=1,nr23=[1,1],kv=512,nb=32,mask=1,sinks=0,max_bias=8.000000,logit_softcap=0.000000,prec=f32,type_K=f16,type_V=f16,permute=[0,1,2,3]): not supported [RD0] 
  FLASH_ATTN_EXT(hsk=320,hsv=256,nh=1,nr23=[1,1],kv=512,nb=75,mask=1,sinks=0,max_bias=8.000000,logit_softcap=0.000000,prec=f32,type_K=f16,type_V=f16,permute=[0,1,2,3]): not supported [RD0] 
  FLASH_ATTN_EXT(hsk=320,hsv=256,nh=1,nr23=[1,1],kv=1024,nb=1,mask=1,sinks=0,max_bias=8.000000,logit_softcap=0.000000,prec=f32,type_K=f16,type_V=f16,permute=[0,1,2,3]): not supported [RD0] 
  FLASH_ATTN_EXT(hsk=320,hsv=256,nh=1,nr23=[1,1],kv=1024,nb=3,mask=1,sinks=0,max_bias=8.000000,logit_softcap=0.000000,prec=f32,type_K=f16,type_V=f16,permute=[0,1,2,3]): not supported [RD0] 
  FLASH_ATTN_EXT(hsk=320,hsv=256,nh=1,nr23=[1,1],kv=1024,nb=32,mask=1,sinks=0,max_bias=8.000000,logit_softcap=0.000000,prec=f32,type_K=f16,type_V=f16,permute=[0,1,2,3]): not supported [RD0] 
  FLASH_ATTN_EXT(hsk=320,hsv=256,nh=1,nr23=[1,1],kv=1024,nb=75,mask=1,sinks=0,max_bias=8.000000,logit_softcap=0.000000,prec=f32,type_K=f16,type_V=f16,permute=[0,1,2,3]): not supported [RD0] 
  FLASH_ATTN_EXT(hsk=320,hsv=256,nh=1,nr23=[4,1],kv=512,nb=1,mask=1,sinks=0,max_bias=8.000000,logit_softcap=0.000000,prec=f32,type_K=f16,type_V=f16,permute=[0,1,2,3]): not supported [RD0] 
  FLASH_ATTN_EXT(hsk=320,hsv=256,nh=1,nr23=[4,1],kv=512,nb=3,mask=1,sinks=0,max_bias=8.000000,logit_softcap=0.000000,prec=f32,type_K=f16,type_V=f16,permute=[0,1,2,3]): not supported [RD0] 
  FLASH_ATTN_EXT(hsk=320,hsv=256,nh=1,nr23=[4,1],kv=512,nb=32,mask=1,sinks=0,max_bias=8.000000,logit_softcap=0.000000,prec=f32,type_K=f16,type_V=f16,permute=[0,1,2,3]): not supported [RD0] 
  FLASH_ATTN_EXT(hsk=320,hsv=256,nh=1,nr23=[4,1],kv=512,nb=75,mask=1,sinks=0,max_bias=8.000000,logit_softcap=0.000000,prec=f32,type_K=f16,type_V=f16,permute=[0,1,2,3]): not supported [RD0] 
  FLASH_ATTN_EXT(hsk=320,hsv=256,nh=1,nr23=[32,1],kv=512,nb=1,mask=1,sinks=0,max_bias=8.000000,logit_softcap=0.000000,prec=f32,type_K=f16,type_V=f16,permute=[0,1,2,3]): not supported [RD0] 
  FLASH_ATTN_EXT(hsk=320,hsv=256,nh=1,nr23=[32,1],kv=512,nb=3,mask=1,sinks=0,max_bias=8.000000,logit_softcap=0.000000,prec=f32,type_K=f16,type_V=f16,permute=[0,1,2,3]): not supported [RD0] 
  FLASH_ATTN_EXT(hsk=320,hsv=256,nh=1,nr23=[32,1],kv=512,nb=32,mask=1,sinks=0,max_bias=8.000000,logit_softcap=0.000000,prec=f32,type_K=f16,type_V=f16,permute=[0,1,2,3]): not supported [RD0] 
  FLASH_ATTN_EXT(hsk=320,hsv=256,nh=1,nr23=[32,1],kv=512,nb=75,mask=1,sinks=0,max_bias=8.000000,logit_softcap=0.000000,prec=f32,type_K=f16,type_V=f16,permute=[0,1,2,3]): not supported [RD0] 
  FLASH_ATTN_EXT(hsk=320,hsv=256,nh=4,nr23=[1,1],kv=113,nb=1,mask=1,sinks=0,max_bias=8.000000,logit_softcap=0.000000,prec=f32,type_K=f16,type_V=f16,permute=[0,1,2,3]): not supported [RD0] 
  FLASH_ATTN_EXT(hsk=320,hsv=256,nh=4,nr23=[1,1],kv=113,nb=3,mask=1,sinks=0,max_bias=8.000000,logit_softcap=0.000000,prec=f32,type_K=f16,type_V=f16,permute=[0,1,2,3]): not supported [RD0] 
  FLASH_ATTN_EXT(hsk=320,hsv=256,nh=4,nr23=[1,1],kv=113,nb=32,mask=1,sinks=0,max_bias=8.000000,logit_softcap=0.000000,prec=f32,type_K=f16,type_V=f16,permute=[0,1,2,3]): not supported [RD0] 
  FLASH_ATTN_EXT(hsk=320,hsv=256,nh=4,nr23=[1,1],kv=113,nb=75,mask=1,sinks=0,max_bias=8.000000,logit_softcap=0.000000,prec=f32,type_K=f16,type_V=f16,permute=[0,1,2,3]): not supported [RD0] 
  FLASH_ATTN_EXT(hsk=320,hsv=256,nh=4,nr23=[1,1],kv=512,nb=1,mask=1,sinks=0,max_bias=8.000000,logit_softcap=0.000000,prec=f32,type_K=f16,type_V=f16,permute=[0,1,2,3]): not supported [RD0] 
  FLASH_ATTN_EXT(hsk=320,hsv=256,nh=4,nr23=[1,1],kv=512,nb=3,mask=1,sinks=0,max_bias=8.000000,logit_softcap=0.000000,prec=f32,type_K=f16,type_V=f16,permute=[0,1,2,3]): not supported [RD0] 
  FLASH_ATTN_EXT(hsk=320,hsv=256,nh=4,nr23=[1,1],kv=512,nb=32,mask=1,sinks=0,max_bias=8.000000,logit_softcap=0.000000,prec=f32,type_K=f16,type_V=f16,permute=[0,1,2,3]): not supported [RD0] 
  FLASH_ATTN_EXT(hsk=320,hsv=256,nh=4,nr23=[1,1],kv=512,nb=75,mask=1,sinks=0,max_bias=8.000000,logit_softcap=0.000000,prec=f32,type_K=f16,type_V=f16,permute=[0,1,2,3]): not supported [RD0] 
  FLASH_ATTN_EXT(hsk=320,hsv=256,nh=4,nr23=[1,1],kv=1024,nb=1,mask=1,sinks=0,max_bias=8.000000,logit_softcap=0.000000,prec=f32,type_K=f16,type_V=f16,permute=[0,1,2,3]): not supported [RD0] 
  FLASH_ATTN_EXT(hsk=320,hsv=256,nh=4,nr23=[1,1],kv=1024,nb=3,mask=1,sinks=0,max_bias=8.000000,logit_softcap=0.000000,prec=f32,type_K=f16,type_V=f16,permute=[0,1,2,3]): not supported [RD0] 
  FLASH_ATTN_EXT(hsk=320,hsv=256,nh=4,nr23=[1,1],kv=1024,nb=32,mask=1,sinks=0,max_bias=8.000000,logit_softcap=0.000000,prec=f32,type_K=f16,type_V=f16,permute=[0,1,2,3]): not supported [RD0] 
  FLASH_ATTN_EXT(hsk=320,hsv=256,nh=4,nr23=[1,1],kv=1024,nb=75,mask=1,sinks=0,max_bias=8.000000,logit_softcap=0.000000,prec=f32,type_K=f16,type_V=f16,permute=[0,1,2,3]): not supported [RD0] 
  FLASH_ATTN_EXT(hsk=320,hsv=256,nh=4,nr23=[4,1],kv=512,nb=1,mask=1,sinks=0,max_bias=8.000000,logit_softcap=0.000000,prec=f32,type_K=f16,type_V=f16,permute=[0,1,2,3]): not supported [RD0] 
  FLASH_ATTN_EXT(hsk=320,hsv=256,nh=4,nr23=[4,1],kv=512,nb=3,mask=1,sinks=0,max_bias=8.000000,logit_softcap=0.000000,prec=f32,type_K=f16,type_V=f16,permute=[0,1,2,3]): not supported [RD0] 
  FLASH_ATTN_EXT(hsk=320,hsv=256,nh=4,nr23=[4,1],kv=512,nb=32,mask=1,sinks=0,max_bias=8.000000,logit_softcap=0.000000,prec=f32,type_K=f16,type_V=f16,permute=[0,1,2,3]): not supported [RD0] 
  FLASH_ATTN_EXT(hsk=320,hsv=256,nh=4,nr23=[4,1],kv=512,nb=75,mask=1,sinks=0,max_bias=8.000000,logit_softcap=0.000000,prec=f32,type_K=f16,type_V=f16,permute=[0,1,2,3]): not supported [RD0] 
  FLASH_ATTN_EXT(hsk=320,hsv=256,nh=1,nr23=[1,1],kv=113,nb=1,mask=0,sinks=1,max_bias=0.000000,logit_softcap=0.000000,prec=f32,type_K=f16,type_V=f16,permute=[0,1,2,3]): not supported [RD0] 
  FLASH_ATTN_EXT(hsk=320,hsv=256,nh=1,nr23=[1,1],kv=113,nb=3,mask=0,sinks=1,max_bias=0.000000,logit_softcap=0.000000,prec=f32,type_K=f16,type_V=f16,permute=[0,1,2,3]): not supported [RD0] 
  FLASH_ATTN_EXT(hsk=320,hsv=256,nh=1,nr23=[1,1],kv=113,nb=32,mask=0,sinks=1,max_bias=0.000000,logit_softcap=0.000000,prec=f32,type_K=f16,type_V=f16,permute=[0,1,2,3]): not supported [RD0] 
  FLASH_ATTN_EXT(hsk=320,hsv=256,nh=1,nr23=[1,1],kv=113,nb=75,mask=0,sinks=1,max_bias=0.000000,logit_softcap=0.000000,prec=f32,type_K=f16,type_V=f16,permute=[0,1,2,3]): not supported [RD0] 
  FLASH_ATTN_EXT(hsk=320,hsv=256,nh=1,nr23=[1,1],kv=512,nb=1,mask=0,sinks=1,max_bias=0.000000,logit_softcap=0.000000,prec=f32,type_K=f16,type_V=f16,permute=[0,1,2,3]): not supported [RD0] 
  FLASH_ATTN_EXT(hsk=320,hsv=256,nh=1,nr23=[1,1],kv=512,nb=3,mask=0,sinks=1,max_bias=0.000000,logit_softcap=0.000000,prec=f32,type_K=f16,type_V=f16,permute=[0,1,2,3]): not supported [RD0] 
  FLASH_ATTN_EXT(hsk=320,hsv=256,nh=1,nr23=[1,1],kv=512,nb=32,mask=0,sinks=1,max_bias=0.000000,logit_softcap=0.000000,prec=f32,type_K=f16,type_V=f16,permute=[0,1,2,3]): not supported [RD0] 
  FLASH_ATTN_EXT(hsk=320,hsv=256,nh=1,nr23=[1,1],kv=512,nb=75,mask=0,sinks=1,max_bias=0.000000,logit_softcap=0.000000,prec=f32,type_K=f16,type_V=f16,permute=[0,1,2,3]): not supported [RD0] 
  FLASH_ATTN_EXT(hsk=320,hsv=256,nh=1,nr23=[1,1],kv=1024,nb=1,mask=0,sinks=1,max_bias=0.000000,logit_softcap=0.000000,prec=f32,type_K=f16,type_V=f16,permute=[0,1,2,3]): not supported [RD0] 
  FLASH_ATTN_EXT(hsk=320,hsv=256,nh=1,nr23=[1,1],kv=1024,nb=3,mask=0,sinks=1,max_bias=0.000000,logit_softcap=0.000000,prec=f32,type_K=f16,type_V=f16,permute=[0,1,2,3]): not supported [RD0] 
  FLASH_ATTN_EXT(hsk=320,hsv=256,nh=1,nr23=[1,1],kv=1024,nb=32,mask=0,sinks=1,max_bias=0.000000,logit_softcap=0.000000,prec=f32,type_K=f16,type_V=f16,permute=[0,1,2,3]): not supported [RD0] 
  FLASH_ATTN_EXT(hsk=320,hsv=256,nh=1,nr23=[1,1],kv=1024,nb=75,mask=0,sinks=1,max_bias=0.000000,logit_softcap=0.000000,prec=f32,type_K=f16,type_V=f16,permute=[0,1,2,3]): not supported [RD0] 
  FLASH_ATTN_EXT(hsk=320,hsv=256,nh=1,nr23=[4,1],kv=512,nb=1,mask=0,sinks=1,max_bias=0.000000,logit_softcap=0.000000,prec=f32,type_K=f16,type_V=f16,permute=[0,1,2,3]): not supported [RD0] 
  FLASH_ATTN_EXT(hsk=320,hsv=256,nh=1,nr23=[4,1],kv=512,nb=3,mask=0,sinks=1,max_bias=0.000000,logit_softcap=0.000000,prec=f32,type_K=f16,type_V=f16,permute=[0,1,2,3]): not supported [RD0] 
  FLASH_ATTN_EXT(hsk=320,hsv=256,nh=1,nr23=[4,1],kv=512,nb=32,mask=0,sinks=1,max_bias=0.000000,logit_softcap=0.000000,prec=f32,type_K=f16,type_V=f16,permute=[0,1,2,3]): not supported [RD0] 
  FLASH_ATTN_EXT(hsk=320,hsv=256,nh=1,nr23=[4,1],kv=512,nb=75,mask=0,sinks=1,max_bias=0.000000,logit_softcap=0.000000,prec=f32,type_K=f16,type_V=f16,permute=[0,1,2,3]): not supported [RD0] 
  FLASH_ATTN_EXT(hsk=320,hsv=256,nh=1,nr23=[32,1],kv=512,nb=1,mask=0,sinks=1,max_bias=0.000000,logit_softcap=0.000000,prec=f32,type_K=f16,type_V=f16,permute=[0,1,2,3]): not supported [RD0] 
  FLASH_ATTN_EXT(hsk=320,hsv=256,nh=1,nr23=[32,1],kv=512,nb=3,mask=0,sinks=1,max_bias=0.000000,logit_softcap=0.000000,prec=f32,type_K=f16,type_V=f16,permute=[0,1,2,3]): not supported [RD0] 
  FLASH_ATTN_EXT(hsk=320,hsv=256,nh=1,nr23=[32,1],kv=512,nb=32,mask=0,sinks=1,max_bias=0.000000,logit_softcap=0.000000,prec=f32,type_K=f16,type_V=f16,permute=[0,1,2,3]): not supported [RD0] 
  FLASH_ATTN_EXT(hsk=320,hsv=256,nh=1,nr23=[32,1],kv=512,nb=75,mask=0,sinks=1,max_bias=0.000000,logit_softcap=0.000000,prec=f32,type_K=f16,type_V=f16,permute=[0,1,2,3]): not supported [RD0] 
  FLASH_ATTN_EXT(hsk=320,hsv=256,nh=4,nr23=[1,1],kv=113,nb=1,mask=0,sinks=1,max_bias=0.000000,logit_softcap=0.000000,prec=f32,type_K=f16,type_V=f16,permute=[0,1,2,3]): not supported [RD0] 
  FLASH_ATTN_EXT(hsk=320,hsv=256,nh=4,nr23=[1,1],kv=113,nb=3,mask=0,sinks=1,max_bias=0.000000,logit_softcap=0.000000,prec=f32,type_K=f16,type_V=f16,permute=[0,1,2,3]): not supported [RD0] 
  FLASH_ATTN_EXT(hsk=320,hsv=256,nh=4,nr23=[1,1],kv=113,nb=32,mask=0,sinks=1,max_bias=0.000000,logit_softcap=0.000000,prec=f32,type_K=f16,type_V=f16,permute=[0,1,2,3]): not supported [RD0] 
  FLASH_ATTN_EXT(hsk=320,hsv=256,nh=4,nr23=[1,1],kv=113,nb=75,mask=0,sinks=1,max_bias=0.000000,logit_softcap=0.000000,prec=f32,type_K=f16,type_V=f16,permute=[0,1,2,3]): not supported [RD0] 
  FLASH_ATTN_EXT(hsk=320,hsv=256,nh=4,nr23=[1,1],kv=512,nb=1,mask=0,sinks=1,max_bias=0.000000,logit_softcap=0.000000,prec=f32,type_K=f16,type_V=f16,permute=[0,1,2,3]): not supported [RD0] 
  FLASH_ATTN_EXT(hsk=320,hsv=256,nh=4,nr23=[1,1],kv=512,nb=3,mask=0,sinks=1,max_bias=0.000000,logit_softcap=0.000000,prec=f32,type_K=f16,type_V=f16,permute=[0,1,2,3]): not supported [RD0] 
  FLASH_ATTN_EXT(hsk=320,hsv=256,nh=4,nr23=[1,1],kv=512,nb=32,mask=0,sinks=1,max_bias=0.000000,logit_softcap=0.000000,prec=f32,type_K=f16,type_V=f16,permute=[0,1,2,3]): not supported [RD0] 
  FLASH_ATTN_EXT(hsk=320,hsv=256,nh=4,nr23=[1,1],kv=512,nb=75,mask=0,sinks=1,max_bias=0.000000,logit_softcap=0.000000,prec=f32,type_K=f16,type_V=f16,permute=[0,1,2,3]): not supported [RD0] 
  FLASH_ATTN_EXT(hsk=320,hsv=256,nh=4,nr23=[1,1],kv=1024,nb=1,mask=0,sinks=1,max_bias=0.000000,logit_softcap=0.000000,prec=f32,type_K=f16,type_V=f16,permute=[0,1,2,3]): not supported [RD0] 
  FLASH_ATTN_EXT(hsk=320,hsv=256,nh=4,nr23=[1,1],kv=1024,nb=3,mask=0,sinks=1,max_bias=0.000000,logit_softcap=0.000000,prec=f32,type_K=f16,type_V=f16,permute=[0,1,2,3]): not supported [RD0] 
  FLASH_ATTN_EXT(hsk=320,hsv=256,nh=4,nr23=[1,1],kv=1024,nb=32,mask=0,sinks=1,max_bias=0.000000,logit_softcap=0.000000,prec=f32,type_K=f16,type_V=f16,permute=[0,1,2,3]): not supported [RD0] 
  FLASH_ATTN_EXT(hsk=320,hsv=256,nh=4,nr23=[1,1],kv=1024,nb=75,mask=0,sinks=1,max_bias=0.000000,logit_softcap=0.000000,prec=f32,type_K=f16,type_V=f16,permute=[0,1,2,3]): not supported [RD0] 
  FLASH_ATTN_EXT(hsk=320,hsv=256,nh=4,nr23=[4,1],kv=512,nb=1,mask=0,sinks=1,max_bias=0.000000,logit_softcap=0.000000,prec=f32,type_K=f16,type_V=f16,permute=[0,1,2,3]): not supported [RD0] 
  FLASH_ATTN_EXT(hsk=320,hsv=256,nh=4,nr23=[4,1],kv=512,nb=3,mask=0,sinks=1,max_bias=0.000000,logit_softcap=0.000000,prec=f32,type_K=f16,type_V=f16,permute=[0,1,2,3]): not supported [RD0] 
  FLASH_ATTN_EXT(hsk=320,hsv=256,nh=4,nr23=[4,1],kv=512,nb=32,mask=0,sinks=1,max_bias=0.000000,logit_softcap=0.000000,prec=f32,type_K=f16,type_V=f16,permute=[0,1,2,3]): not supported [RD0] 
  FLASH_ATTN_EXT(hsk=320,hsv=256,nh=4,nr23=[4,1],kv=512,nb=75,mask=0,sinks=1,max_bias=0.000000,logit_softcap=0.000000,prec=f32,type_K=f16,type_V=f16,permute=[0,1,2,3]): not supported [RD0] 
  FLASH_ATTN_EXT(hsk=320,hsv=256,nh=1,nr23=[1,1],kv=113,nb=1,mask=0,sinks=0,max_bias=0.000000,logit_softcap=0.000000,prec=f32,type_K=f16,type_V=f16,permute=[0,1,2,3]): not supported [RD0] 
  FLASH_ATTN_EXT(hsk=320,hsv=256,nh=1,nr23=[1,1],kv=113,nb=3,mask=0,sinks=0,max_bias=0.000000,logit_softcap=0.000000,prec=f32,type_K=f16,type_V=f16,permute=[0,1,2,3]): not supported [RD0] 
  FLASH_ATTN_EXT(hsk=320,hsv=256,nh=1,nr23=[1,1],kv=113,nb=32,mask=0,sinks=0,max_bias=0.000000,logit_softcap=0.000000,prec=f32,type_K=f16,type_V=f16,permute=[0,1,2,3]): not supported [RD0] 
  FLASH_ATTN_EXT(hsk=320,hsv=256,nh=1,nr23=[1,1],kv=113,nb=75,mask=0,sinks=0,max_bias=0.000000,logit_softcap=0.000000,prec=f32,type_K=f16,type_V=f16,permute=[0,1,2,3]): not supported [RD0] 
  FLASH_ATTN_EXT(hsk=320,hsv=256,nh=1,nr23=[1,1],kv=512,nb=1,mask=0,sinks=0,max_bias=0.000000,logit_softcap=0.000000,prec=f32,type_K=f16,type_V=f16,permute=[0,1,2,3]): not supported [RD0] 
  FLASH_ATTN_EXT(hsk=320,hsv=256,nh=1,nr23=[1,1],kv=512,nb=3,mask=0,sinks=0,max_bias=0.000000,logit_softcap=0.000000,prec=f32,type_K=f16,type_V=f16,permute=[0,1,2,3]): not supported [RD0] 
  FLASH_ATTN_EXT(hsk=320,hsv=256,nh=1,nr23=[1,1],kv=512,nb=32,mask=0,sinks=0,max_bias=0.000000,logit_softcap=0.000000,prec=f32,type_K=f16,type_V=f16,permute=[0,1,2,3]): not supported [RD0] 
  FLASH_ATTN_EXT(hsk=320,hsv=256,nh=1,nr23=[1,1],kv=512,nb=75,mask=0,sinks=0,max_bias=0.000000,logit_softcap=0.000000,prec=f32,type_K=f16,type_V=f16,permute=[0,1,2,3]): not supported [RD0] 
  FLASH_ATTN_EXT(hsk=320,hsv=256,nh=1,nr23=[1,1],kv=1024,nb=1,mask=0,sinks=0,max_bias=0.000000,logit_softcap=0.000000,prec=f32,type_K=f16,type_V=f16,permute=[0,1,2,3]): not supported [RD0] 
  FLASH_ATTN_EXT(hsk=320,hsv=256,nh=1,nr23=[1,1],kv=1024,nb=3,mask=0,sinks=0,max_bias=0.000000,logit_softcap=0.000000,prec=f32,type_K=f16,type_V=f16,permute=[0,1,2,3]): not supported [RD0] 
  FLASH_ATTN_EXT(hsk=320,hsv=256,nh=1,nr23=[1,1],kv=1024,nb=32,mask=0,sinks=0,max_bias=0.000000,logit_softcap=0.000000,prec=f32,type_K=f16,type_V=f16,permute=[0,1,2,3]): not supported [RD0] 
  FLASH_ATTN_EXT(hsk=320,hsv=256,nh=1,nr23=[1,1],kv=1024,nb=75,mask=0,sinks=0,max_bias=0.000000,logit_softcap=0.000000,prec=f32,type_K=f16,type_V=f16,permute=[0,1,2,3]): not supported [RD0] 
  FLASH_ATTN_EXT(hsk=320,hsv=256,nh=1,nr23=[4,1],kv=512,nb=1,mask=0,sinks=0,max_bias=0.000000,logit_softcap=0.000000,prec=f32,type_K=f16,type_V=f16,permute=[0,1,2,3]): not supported [RD0] 
  FLASH_ATTN_EXT(hsk=320,hsv=256,nh=1,nr23=[4,1],kv=512,nb=3,mask=0,sinks=0,max_bias=0.000000,logit_softcap=0.000000,prec=f32,type_K=f16,type_V=f16,permute=[0,1,2,3]): not supported [RD0] 
  FLASH_ATTN_EXT(hsk=320,hsv=256,nh=1,nr23=[4,1],kv=512,nb=32,mask=0,sinks=0,max_bias=0.000000,logit_softcap=0.000000,prec=f32,type_K=f16,type_V=f16,permute=[0,1,2,3]): not supported [RD0] 
  FLASH_ATTN_EXT(hsk=320,hsv=256,nh=1,nr23=[4,1],kv=512,nb=75,mask=0,sinks=0,max_bias=0.000000,logit_softcap=0.000000,prec=f32,type_K=f16,type_V=f16,permute=[0,1,2,3]): not supported [RD0] 
  FLASH_ATTN_EXT(hsk=320,hsv=256,nh=1,nr23=[32,1],kv=512,nb=1,mask=0,sinks=0,max_bias=0.000000,logit_softcap=0.000000,prec=f32,type_K=f16,type_V=f16,permute=[0,1,2,3]): not supported [RD0] 
  FLASH_ATTN_EXT(hsk=320,hsv=256,nh=1,nr23=[32,1],kv=512,nb=3,mask=0,sinks=0,max_bias=0.000000,logit_softcap=0.000000,prec=f32,type_K=f16,type_V=f16,permute=[0,1,2,3]): not supported [RD0] 
  FLASH_ATTN_EXT(hsk=320,hsv=256,nh=1,nr23=[32,1],kv=512,nb=32,mask=0,sinks=0,max_bias=0.000000,logit_softcap=0.000000,prec=f32,type_K=f16,type_V=f16,permute=[0,1,2,3]): not supported [RD0] 
  FLASH_ATTN_EXT(hsk=320,hsv=256,nh=1,nr23=[32,1],kv=512,nb=75,mask=0,sinks=0,max_bias=0.000000,logit_softcap=0.000000,prec=f32,type_K=f16,type_V=f16,permute=[0,1,2,3]): not supported [RD0] 
  FLASH_ATTN_EXT(hsk=320,hsv=256,nh=4,nr23=[1,1],kv=113,nb=1,mask=0,sinks=0,max_bias=0.000000,logit_softcap=0.000000,prec=f32,type_K=f16,type_V=f16,permute=[0,1,2,3]): not supported [RD0] 
  FLASH_ATTN_EXT(hsk=320,hsv=256,nh=4,nr23=[1,1],kv=113,nb=3,mask=0,sinks=0,max_bias=0.000000,logit_softcap=0.000000,prec=f32,type_K=f16,type_V=f16,permute=[0,1,2,3]): not supported [RD0] 
  FLASH_ATTN_EXT(hsk=320,hsv=256,nh=4,nr23=[1,1],kv=113,nb=32,mask=0,sinks=0,max_bias=0.000000,logit_softcap=0.000000,prec=f32,type_K=f16,type_V=f16,permute=[0,1,2,3]): not supported [RD0] 
  FLASH_ATTN_EXT(hsk=320,hsv=256,nh=4,nr23=[1,1],kv=113,nb=75,mask=0,sinks=0,max_bias=0.000000,logit_softcap=0.000000,prec=f32,type_K=f16,type_V=f16,permute=[0,1,2,3]): not supported [RD0] 
  FLASH_ATTN_EXT(hsk=320,hsv=256,nh=4,nr23=[1,1],kv=512,nb=1,mask=0,sinks=0,max_bias=0.000000,logit_softcap=0.000000,prec=f32,type_K=f16,type_V=f16,permute=[0,1,2,3]): not supported [RD0] 
  FLASH_ATTN_EXT(hsk=320,hsv=256,nh=4,nr23=[1,1],kv=512,nb=3,mask=0,sinks=0,max_bias=0.000000,logit_softcap=0.000000,prec=f32,type_K=f16,type_V=f16,permute=[0,1,2,3]): not supported [RD0] 
  FLASH_ATTN_EXT(hsk=320,hsv=256,nh=4,nr23=[1,1],kv=512,nb=32,mask=0,sinks=0,max_bias=0.000000,logit_softcap=0.000000,prec=f32,type_K=f16,type_V=f16,permute=[0,1,2,3]): not supported [RD0] 
  FLASH_ATTN_EXT(hsk=320,hsv=256,nh=4,nr23=[1,1],kv=512,nb=75,mask=0,sinks=0,max_bias=0.000000,logit_softcap=0.000000,prec=f32,type_K=f16,type_V=f16,permute=[0,1,2,3]): not supported [RD0] 
  FLASH_ATTN_EXT(hsk=320,hsv=256,nh=4,nr23=[1,1],kv=1024,nb=1,mask=0,sinks=0,max_bias=0.000000,logit_softcap=0.000000,prec=f32,type_K=f16,type_V=f16,permute=[0,1,2,3]): not supported [RD0] 
  FLASH_ATTN_EXT(hsk=320,hsv=256,nh=4,nr23=[1,1],kv=1024,nb=3,mask=0,sinks=0,max_bias=0.000000,logit_softcap=0.000000,prec=f32,type_K=f16,type_V=f16,permute=[0,1,2,3]): not supported [RD0] 
  FLASH_ATTN_EXT(hsk=320,hsv=256,nh=4,nr23=[1,1],kv=1024,nb=32,mask=0,sinks=0,max_bias=0.000000,logit_softcap=0.000000,prec=f32,type_K=f16,type_V=f16,permute=[0,1,2,3]): not supported [RD0] 
  FLASH_ATTN_EXT(hsk=320,hsv=256,nh=4,nr23=[1,1],kv=1024,nb=75,mask=0,sinks=0,max_bias=0.000000,logit_softcap=0.000000,prec=f32,type_K=f16,type_V=f16,permute=[0,1,2,3]): not supported [RD0] 
  FLASH_ATTN_EXT(hsk=320,hsv=256,nh=4,nr23=[4,1],kv=512,nb=1,mask=0,sinks=0,max_bias=0.000000,logit_softcap=0.000000,prec=f32,type_K=f16,type_V=f16,permute=[0,1,2,3]): not supported [RD0] 
  FLASH_ATTN_EXT(hsk=320,hsv=256,nh=4,nr23=[4,1],kv=512,nb=3,mask=0,sinks=0,max_bias=0.000000,logit_softcap=0.000000,prec=f32,type_K=f16,type_V=f16,permute=[0,1,2,3]): not supported [RD0] 
  FLASH_ATTN_EXT(hsk=320,hsv=256,nh=4,nr23=[4,1],kv=512,nb=32,mask=0,sinks=0,max_bias=0.000000,logit_softcap=0.000000,prec=f32,type_K=f16,type_V=f16,permute=[0,1,2,3]): not supported [RD0] 
  FLASH_ATTN_EXT(hsk=320,hsv=256,nh=4,nr23=[4,1],kv=512,nb=75,mask=0,sinks=0,max_bias=0.000000,logit_softcap=0.000000,prec=f32,type_K=f16,type_V=f16,permute=[0,1,2,3]): not supported [RD0] 
  FLASH_ATTN_EXT(hsk=512,hsv=512,nh=4,nr23=[1,1],kv=113,nb=1,mask=1,sinks=1,max_bias=0.000000,logit_softcap=0.000000,prec=f32,type_K=f16,type_V=f16,permute=[0,1,2,3]): not supported [RD0] 
  FLASH_ATTN_EXT(hsk=512,hsv=512,nh=4,nr23=[1,1],kv=113,nb=3,mask=1,sinks=1,max_bias=0.000000,logit_softcap=0.000000,prec=f32,type_K=f16,type_V=f16,permute=[0,1,2,3]): not supported [RD0] 
  FLASH_ATTN_EXT(hsk=512,hsv=512,nh=4,nr23=[1,1],kv=113,nb=32,mask=1,sinks=1,max_bias=0.000000,logit_softcap=0.000000,prec=f32,type_K=f16,type_V=f16,permute=[0,1,2,3]): not supported [RD0] 
  FLASH_ATTN_EXT(hsk=512,hsv=512,nh=4,nr23=[1,1],kv=113,nb=75,mask=1,sinks=1,max_bias=0.000000,logit_softcap=0.000000,prec=f32,type_K=f16,type_V=f16,permute=[0,1,2,3]): not supported [RD0] 
  FLASH_ATTN_EXT(hsk=512,hsv=512,nh=4,nr23=[1,1],kv=512,nb=1,mask=1,sinks=1,max_bias=0.000000,logit_softcap=0.000000,prec=f32,type_K=f16,type_V=f16,permute=[0,1,2,3]): not supported [RD0] 
  FLASH_ATTN_EXT(hsk=512,hsv=512,nh=4,nr23=[1,1],kv=512,nb=1,mask=1,sinks=1,max_bias=0.000000,logit_softcap=0.000000,prec=f32,type_K=f16,type_V=f16,permute=[0,2,1,3]): not supported [RD0] 
  FLASH_ATTN_EXT(hsk=512,hsv=512,nh=4,nr23=[1,1],kv=512,nb=3,mask=1,sinks=1,max_bias=0.000000,logit_softcap=0.000000,prec=f32,type_K=f16,type_V=f16,permute=[0,1,2,3]): not supported [RD0] 
  FLASH_ATTN_EXT(hsk=512,hsv=512,nh=4,nr23=[1,1],kv=512,nb=3,mask=1,sinks=1,max_bias=0.000000,logit_softcap=0.000000,prec=f32,type_K=f16,type_V=f16,permute=[0,2,1,3]): not supported [RD0] 
  FLASH_ATTN_EXT(hsk=512,hsv=512,nh=4,nr23=[1,1],kv=512,nb=32,mask=1,sinks=1,max_bias=0.000000,logit_softcap=0.000000,prec=f32,type_K=f16,type_V=f16,permute=[0,1,2,3]): not supported [RD0] 
  FLASH_ATTN_EXT(hsk=512,hsv=512,nh=4,nr23=[1,1],kv=512,nb=32,mask=1,sinks=1,max_bias=0.000000,logit_softcap=0.000000,prec=f32,type_K=f16,type_V=f16,permute=[0,2,1,3]): not supported [RD0] 
  FLASH_ATTN_EXT(hsk=512,hsv=512,nh=4,nr23=[1,1],kv=512,nb=75,mask=1,sinks=1,max_bias=0.000000,logit_softcap=0.000000,prec=f32,type_K=f16,type_V=f16,permute=[0,1,2,3]): not supported [RD0] 
  FLASH_ATTN_EXT(hsk=512,hsv=512,nh=4,nr23=[1,1],kv=512,nb=75,mask=1,sinks=1,max_bias=0.000000,logit_softcap=0.000000,prec=f32,type_K=f16,type_V=f16,permute=[0,2,1,3]): not supported [RD0] 
  FLASH_ATTN_EXT(hsk=512,hsv=512,nh=4,nr23=[1,1],kv=1024,nb=1,mask=1,sinks=1,max_bias=0.000000,logit_softcap=0.000000,prec=f32,type_K=f16,type_V=f16,permute=[0,1,2,3]): not supported [RD0] 
  FLASH_ATTN_EXT(hsk=512,hsv=512,nh=4,nr23=[1,1],kv=1024,nb=3,mask=1,sinks=1,max_bias=0.000000,logit_softcap=0.000000,prec=f32,type_K=f16,type_V=f16,permute=[0,1,2,3]): not supported [RD0] 
  FLASH_ATTN_EXT(hsk=512,hsv=512,nh=4,nr23=[1,1],kv=1024,nb=32,mask=1,sinks=1,max_bias=0.000000,logit_softcap=0.000000,prec=f32,type_K=f16,type_V=f16,permute=[0,1,2,3]): not supported [RD0] 
  FLASH_ATTN_EXT(hsk=512,hsv=512,nh=4,nr23=[1,1],kv=1024,nb=75,mask=1,sinks=1,max_bias=0.000000,logit_softcap=0.000000,prec=f32,type_K=f16,type_V=f16,permute=[0,1,2,3]): not supported [RD0] 
  FLASH_ATTN_EXT(hsk=512,hsv=512,nh=4,nr23=[4,1],kv=512,nb=1,mask=1,sinks=1,max_bias=0.000000,logit_softcap=0.000000,prec=f32,type_K=f16,type_V=f16,permute=[0,1,2,3]): not supported [RD0] 
  FLASH_ATTN_EXT(hsk=512,hsv=512,nh=4,nr23=[4,1],kv=512,nb=1,mask=1,sinks=1,max_bias=0.000000,logit_softcap=0.000000,prec=f32,type_K=f16,type_V=f16,permute=[0,2,1,3]): not supported [RD0] 
  FLASH_ATTN_EXT(hsk=512,hsv=512,nh=4,nr23=[4,1],kv=512,nb=3,mask=1,sinks=1,max_bias=0.000000,logit_softcap=0.000000,prec=f32,type_K=f16,type_V=f16,permute=[0,1,2,3]): not supported [RD0] 
  FLASH_ATTN_EXT(hsk=512,hsv=512,nh=4,nr23=[4,1],kv=512,nb=3,mask=1,sinks=1,max_bias=0.000000,logit_softcap=0.000000,prec=f32,type_K=f16,type_V=f16,permute=[0,2,1,3]): not supported [RD0] 
  FLASH_ATTN_EXT(hsk=512,hsv=512,nh=4,nr23=[4,1],kv=512,nb=32,mask=1,sinks=1,max_bias=0.000000,logit_softcap=0.000000,prec=f32,type_K=f16,type_V=f16,permute=[0,1,2,3]): not supported [RD0] 
  FLASH_ATTN_EXT(hsk=512,hsv=512,nh=4,nr23=[4,1],kv=512,nb=32,mask=1,sinks=1,max_bias=0.000000,logit_softcap=0.000000,prec=f32,type_K=f16,type_V=f16,permute=[0,2,1,3]): not supported [RD0] 
  FLASH_ATTN_EXT(hsk=512,hsv=512,nh=4,nr23=[4,1],kv=512,nb=75,mask=1,sinks=1,max_bias=0.000000,logit_softcap=0.000000,prec=f32,type_K=f16,type_V=f16,permute=[0,1,2,3]): not supported [RD0] 
  FLASH_ATTN_EXT(hsk=512,hsv=512,nh=4,nr23=[4,1],kv=512,nb=75,mask=1,sinks=1,max_bias=0.000000,logit_softcap=0.000000,prec=f32,type_K=f16,type_V=f16,permute=[0,2,1,3]): not supported [RD0] 
  FLASH_ATTN_EXT(hsk=512,hsv=512,nh=4,nr23=[1,1],kv=113,nb=1,mask=1,sinks=1,max_bias=8.000000,logit_softcap=0.000000,prec=f32,type_K=f16,type_V=f16,permute=[0,1,2,3]): not supported [RD0] 
  FLASH_ATTN_EXT(hsk=512,hsv=512,nh=4,nr23=[1,1],kv=113,nb=3,mask=1,sinks=1,max_bias=8.000000,logit_softcap=0.000000,prec=f32,type_K=f16,type_V=f16,permute=[0,1,2,3]): not supported [RD0] 
  FLASH_ATTN_EXT(hsk=512,hsv=512,nh=4,nr23=[1,1],kv=113,nb=32,mask=1,sinks=1,max_bias=8.000000,logit_softcap=0.000000,prec=f32,type_K=f16,type_V=f16,permute=[0,1,2,3]): not supported [RD0] 
  FLASH_ATTN_EXT(hsk=512,hsv=512,nh=4,nr23=[1,1],kv=113,nb=75,mask=1,sinks=1,max_bias=8.000000,logit_softcap=0.000000,prec=f32,type_K=f16,type_V=f16,permute=[0,1,2,3]): not supported [RD0] 
  FLASH_ATTN_EXT(hsk=512,hsv=512,nh=4,nr23=[1,1],kv=512,nb=1,mask=1,sinks=1,max_bias=8.000000,logit_softcap=0.000000,prec=f32,type_K=f16,type_V=f16,permute=[0,1,2,3]): not supported [RD0] 
  FLASH_ATTN_EXT(hsk=512,hsv=512,nh=4,nr23=[1,1],kv=512,nb=3,mask=1,sinks=1,max_bias=8.000000,logit_softcap=0.000000,prec=f32,type_K=f16,type_V=f16,permute=[0,1,2,3]): not supported [RD0] 
  FLASH_ATTN_EXT(hsk=512,hsv=512,nh=4,nr23=[1,1],kv=512,nb=32,mask=1,sinks=1,max_bias=8.000000,logit_softcap=0.000000,prec=f32,type_K=f16,type_V=f16,permute=[0,1,2,3]): not supported [RD0] 
  FLASH_ATTN_EXT(hsk=512,hsv=512,nh=4,nr23=[1,1],kv=512,nb=75,mask=1,sinks=1,max_bias=8.000000,logit_softcap=0.000000,prec=f32,type_K=f16,type_V=f16,permute=[0,1,2,3]): not supported [RD0] 
  FLASH_ATTN_EXT(hsk=512,hsv=512,nh=4,nr23=[1,1],kv=1024,nb=1,mask=1,sinks=1,max_bias=8.000000,logit_softcap=0.000000,prec=f32,type_K=f16,type_V=f16,permute=[0,1,2,3]): not supported [RD0] 
  FLASH_ATTN_EXT(hsk=512,hsv=512,nh=4,nr23=[1,1],kv=1024,nb=3,mask=1,sinks=1,max_bias=8.000000,logit_softcap=0.000000,prec=f32,type_K=f16,type_V=f16,permute=[0,1,2,3]): not supported [RD0] 
  FLASH_ATTN_EXT(hsk=512,hsv=512,nh=4,nr23=[1,1],kv=1024,nb=32,mask=1,sinks=1,max_bias=8.000000,logit_softcap=0.000000,prec=f32,type_K=f16,type_V=f16,permute=[0,1,2,3]): not supported [RD0] 
  FLASH_ATTN_EXT(hsk=512,hsv=512,nh=4,nr23=[1,1],kv=1024,nb=75,mask=1,sinks=1,max_bias=8.000000,logit_softcap=0.000000,prec=f32,type_K=f16,type_V=f16,permute=[0,1,2,3]): not supported [RD0] 
  FLASH_ATTN_EXT(hsk=512,hsv=512,nh=4,nr23=[4,1],kv=512,nb=1,mask=1,sinks=1,max_bias=8.000000,logit_softcap=0.000000,prec=f32,type_K=f16,type_V=f16,permute=[0,1,2,3]): not supported [RD0] 
  FLASH_ATTN_EXT(hsk=512,hsv=512,nh=4,nr23=[4,1],kv=512,nb=3,mask=1,sinks=1,max_bias=8.000000,logit_softcap=0.000000,prec=f32,type_K=f16,type_V=f16,permute=[0,1,2,3]): not supported [RD0] 
  FLASH_ATTN_EXT(hsk=512,hsv=512,nh=4,nr23=[4,1],kv=512,nb=32,mask=1,sinks=1,max_bias=8.000000,logit_softcap=0.000000,prec=f32,type_K=f16,type_V=f16,permute=[0,1,2,3]): not supported [RD0] 
  FLASH_ATTN_EXT(hsk=512,hsv=512,nh=4,nr23=[4,1],kv=512,nb=75,mask=1,sinks=1,max_bias=8.000000,logit_softcap=0.000000,prec=f32,type_K=f16,type_V=f16,permute=[0,1,2,3]): not supported [RD0] 
  FLASH_ATTN_EXT(hsk=512,hsv=512,nh=4,nr23=[1,1],kv=113,nb=1,mask=1,sinks=0,max_bias=0.000000,logit_softcap=0.000000,prec=f32,type_K=f16,type_V=f16,permute=[0,1,2,3]): not supported [RD0] 
  FLASH_ATTN_EXT(hsk=512,hsv=512,nh=4,nr23=[1,1],kv=113,nb=3,mask=1,sinks=0,max_bias=0.000000,logit_softcap=0.000000,prec=f32,type_K=f16,type_V=f16,permute=[0,1,2,3]): not supported [RD0] 
  FLASH_ATTN_EXT(hsk=512,hsv=512,nh=4,nr23=[1,1],kv=113,nb=32,mask=1,sinks=0,max_bias=0.000000,logit_softcap=0.000000,prec=f32,type_K=f16,type_V=f16,permute=[0,1,2,3]): not supported [RD0] 
  FLASH_ATTN_EXT(hsk=512,hsv=512,nh=4,nr23=[1,1],kv=113,nb=75,mask=1,sinks=0,max_bias=0.000000,logit_softcap=0.000000,prec=f32,type_K=f16,type_V=f16,permute=[0,1,2,3]): not supported [RD0] 
  FLASH_ATTN_EXT(hsk=512,hsv=512,nh=4,nr23=[1,1],kv=512,nb=1,mask=1,sinks=0,max_bias=0.000000,logit_softcap=0.000000,prec=f32,type_K=f16,type_V=f16,permute=[0,1,2,3]): not supported [RD0] 
  FLASH_ATTN_EXT(hsk=512,hsv=512,nh=4,nr23=[1,1],kv=512,nb=1,mask=1,sinks=0,max_bias=0.000000,logit_softcap=0.000000,prec=f32,type_K=f16,type_V=f16,permute=[0,2,1,3]): not supported [RD0] 
  FLASH_ATTN_EXT(hsk=512,hsv=512,nh=4,nr23=[1,1],kv=512,nb=3,mask=1,sinks=0,max_bias=0.000000,logit_softcap=0.000000,prec=f32,type_K=f16,type_V=f16,permute=[0,1,2,3]): not supported [RD0] 
  FLASH_ATTN_EXT(hsk=512,hsv=512,nh=4,nr23=[1,1],kv=512,nb=3,mask=1,sinks=0,max_bias=0.000000,logit_softcap=0.000000,prec=f32,type_K=f16,type_V=f16,permute=[0,2,1,3]): not supported [RD0] 
  FLASH_ATTN_EXT(hsk=512,hsv=512,nh=4,nr23=[1,1],kv=512,nb=32,mask=1,sinks=0,max_bias=0.000000,logit_softcap=0.000000,prec=f32,type_K=f16,type_V=f16,permute=[0,1,2,3]): not supported [RD0] 
  FLASH_ATTN_EXT(hsk=512,hsv=512,nh=4,nr23=[1,1],kv=512,nb=32,mask=1,sinks=0,max_bias=0.000000,logit_softcap=0.000000,prec=f32,type_K=f16,type_V=f16,permute=[0,2,1,3]): not supported [RD0] 
  FLASH_ATTN_EXT(hsk=512,hsv=512,nh=4,nr23=[1,1],kv=512,nb=75,mask=1,sinks=0,max_bias=0.000000,logit_softcap=0.000000,prec=f32,type_K=f16,type_V=f16,permute=[0,1,2,3]): not supported [RD0] 
  FLASH_ATTN_EXT(hsk=512,hsv=512,nh=4,nr23=[1,1],kv=512,nb=75,mask=1,sinks=0,max_bias=0.000000,logit_softcap=0.000000,prec=f32,type_K=f16,type_V=f16,permute=[0,2,1,3]): not supported [RD0] 
  FLASH_ATTN_EXT(hsk=512,hsv=512,nh=4,nr23=[1,1],kv=1024,nb=1,mask=1,sinks=0,max_bias=0.000000,logit_softcap=0.000000,prec=f32,type_K=f16,type_V=f16,permute=[0,1,2,3]): not supported [RD0] 
  FLASH_ATTN_EXT(hsk=512,hsv=512,nh=4,nr23=[1,1],kv=1024,nb=3,mask=1,sinks=0,max_bias=0.000000,logit_softcap=0.000000,prec=f32,type_K=f16,type_V=f16,permute=[0,1,2,3]): not supported [RD0] 
  FLASH_ATTN_EXT(hsk=512,hsv=512,nh=4,nr23=[1,1],kv=1024,nb=32,mask=1,sinks=0,max_bias=0.000000,logit_softcap=0.000000,prec=f32,type_K=f16,type_V=f16,permute=[0,1,2,3]): not supported [RD0] 
  FLASH_ATTN_EXT(hsk=512,hsv=512,nh=4,nr23=[1,1],kv=1024,nb=75,mask=1,sinks=0,max_bias=0.000000,logit_softcap=0.000000,prec=f32,type_K=f16,type_V=f16,permute=[0,1,2,3]): not supported [RD0] 
  FLASH_ATTN_EXT(hsk=512,hsv=512,nh=4,nr23=[4,1],kv=512,nb=1,mask=1,sinks=0,max_bias=0.000000,logit_softcap=0.000000,prec=f32,type_K=f16,type_V=f16,permute=[0,1,2,3]): not supported [RD0] 
  FLASH_ATTN_EXT(hsk=512,hsv=512,nh=4,nr23=[4,1],kv=512,nb=1,mask=1,sinks=0,max_bias=0.000000,logit_softcap=0.000000,prec=f32,type_K=f16,type_V=f16,permute=[0,2,1,3]): not supported [RD0] 
  FLASH_ATTN_EXT(hsk=512,hsv=512,nh=4,nr23=[4,1],kv=512,nb=3,mask=1,sinks=0,max_bias=0.000000,logit_softcap=0.000000,prec=f32,type_K=f16,type_V=f16,permute=[0,1,2,3]): not supported [RD0] 
  FLASH_ATTN_EXT(hsk=512,hsv=512,nh=4,nr23=[4,1],kv=512,nb=3,mask=1,sinks=0,max_bias=0.000000,logit_softcap=0.000000,prec=f32,type_K=f16,type_V=f16,permute=[0,2,1,3]): not supported [RD0] 
  FLASH_ATTN_EXT(hsk=512,hsv=512,nh=4,nr23=[4,1],kv=512,nb=32,mask=1,sinks=0,max_bias=0.000000,logit_softcap=0.000000,prec=f32,type_K=f16,type_V=f16,permute=[0,1,2,3]): not supported [RD0] 
  FLASH_ATTN_EXT(hsk=512,hsv=512,nh=4,nr23=[4,1],kv=512,nb=32,mask=1,sinks=0,max_bias=0.000000,logit_softcap=0.000000,prec=f32,type_K=f16,type_V=f16,permute=[0,2,1,3]): not supported [RD0] 
  FLASH_ATTN_EXT(hsk=512,hsv=512,nh=4,nr23=[4,1],kv=512,nb=75,mask=1,sinks=0,max_bias=0.000000,logit_softcap=0.000000,prec=f32,type_K=f16,type_V=f16,permute=[0,1,2,3]): not supported [RD0] 
  FLASH_ATTN_EXT(hsk=512,hsv=512,nh=4,nr23=[4,1],kv=512,nb=75,mask=1,sinks=0,max_bias=0.000000,logit_softcap=0.000000,prec=f32,type_K=f16,type_V=f16,permute=[0,2,1,3]): not supported [RD0] 
  FLASH_ATTN_EXT(hsk=512,hsv=512,nh=4,nr23=[1,1],kv=113,nb=1,mask=1,sinks=0,max_bias=8.000000,logit_softcap=0.000000,prec=f32,type_K=f16,type_V=f16,permute=[0,1,2,3]): not supported [RD0] 
  FLASH_ATTN_EXT(hsk=512,hsv=512,nh=4,nr23=[1,1],kv=113,nb=3,mask=1,sinks=0,max_bias=8.000000,logit_softcap=0.000000,prec=f32,type_K=f16,type_V=f16,permute=[0,1,2,3]): not supported [RD0] 
  FLASH_ATTN_EXT(hsk=512,hsv=512,nh=4,nr23=[1,1],kv=113,nb=32,mask=1,sinks=0,max_bias=8.000000,logit_softcap=0.000000,prec=f32,type_K=f16,type_V=f16,permute=[0,1,2,3]): not supported [RD0] 
  FLASH_ATTN_EXT(hsk=512,hsv=512,nh=4,nr23=[1,1],kv=113,nb=75,mask=1,sinks=0,max_bias=8.000000,logit_softcap=0.000000,prec=f32,type_K=f16,type_V=f16,permute=[0,1,2,3]): not supported [RD0] 
  FLASH_ATTN_EXT(hsk=512,hsv=512,nh=4,nr23=[1,1],kv=512,nb=1,mask=1,sinks=0,max_bias=8.000000,logit_softcap=0.000000,prec=f32,type_K=f16,type_V=f16,permute=[0,1,2,3]): not supported [RD0] 
  FLASH_ATTN_EXT(hsk=512,hsv=512,nh=4,nr23=[1,1],kv=512,nb=3,mask=1,sinks=0,max_bias=8.000000,logit_softcap=0.000000,prec=f32,type_K=f16,type_V=f16,permute=[0,1,2,3]): not supported [RD0] 
  FLASH_ATTN_EXT(hsk=512,hsv=512,nh=4,nr23=[1,1],kv=512,nb=32,mask=1,sinks=0,max_bias=8.000000,logit_softcap=0.000000,prec=f32,type_K=f16,type_V=f16,permute=[0,1,2,3]): not supported [RD0] 
  FLASH_ATTN_EXT(hsk=512,hsv=512,nh=4,nr23=[1,1],kv=512,nb=75,mask=1,sinks=0,max_bias=8.000000,logit_softcap=0.000000,prec=f32,type_K=f16,type_V=f16,permute=[0,1,2,3]): not supported [RD0] 
  FLASH_ATTN_EXT(hsk=512,hsv=512,nh=4,nr23=[1,1],kv=1024,nb=1,mask=1,sinks=0,max_bias=8.000000,logit_softcap=0.000000,prec=f32,type_K=f16,type_V=f16,permute=[0,1,2,3]): not supported [RD0] 
  FLASH_ATTN_EXT(hsk=512,hsv=512,nh=4,nr23=[1,1],kv=1024,nb=3,mask=1,sinks=0,max_bias=8.000000,logit_softcap=0.000000,prec=f32,type_K=f16,type_V=f16,permute=[0,1,2,3]): not supported [RD0] 
  FLASH_ATTN_EXT(hsk=512,hsv=512,nh=4,nr23=[1,1],kv=1024,nb=32,mask=1,sinks=0,max_bias=8.000000,logit_softcap=0.000000,prec=f32,type_K=f16,type_V=f16,permute=[0,1,2,3]): not supported [RD0] 
  FLASH_ATTN_EXT(hsk=512,hsv=512,nh=4,nr23=[1,1],kv=1024,nb=75,mask=1,sinks=0,max_bias=8.000000,logit_softcap=0.000000,prec=f32,type_K=f16,type_V=f16,permute=[0,1,2,3]): not supported [RD0] 
  FLASH_ATTN_EXT(hsk=512,hsv=512,nh=4,nr23=[4,1],kv=512,nb=1,mask=1,sinks=0,max_bias=8.000000,logit_softcap=0.000000,prec=f32,type_K=f16,type_V=f16,permute=[0,1,2,3]): not supported [RD0] 
  FLASH_ATTN_EXT(hsk=512,hsv=512,nh=4,nr23=[4,1],kv=512,nb=3,mask=1,sinks=0,max_bias=8.000000,logit_softcap=0.000000,prec=f32,type_K=f16,type_V=f16,permute=[0,1,2,3]): not supported [RD0] 
  FLASH_ATTN_EXT(hsk=512,hsv=512,nh=4,nr23=[4,1],kv=512,nb=32,mask=1,sinks=0,max_bias=8.000000,logit_softcap=0.000000,prec=f32,type_K=f16,type_V=f16,permute=[0,1,2,3]): not supported [RD0] 
  FLASH_ATTN_EXT(hsk=512,hsv=512,nh=4,nr23=[4,1],kv=512,nb=75,mask=1,sinks=0,max_bias=8.000000,logit_softcap=0.000000,prec=f32,type_K=f16,type_V=f16,permute=[0,1,2,3]): not supported [RD0] 
  FLASH_ATTN_EXT(hsk=512,hsv=512,nh=4,nr23=[1,1],kv=113,nb=1,mask=0,sinks=1,max_bias=0.000000,logit_softcap=0.000000,prec=f32,type_K=f16,type_V=f16,permute=[0,1,2,3]): not supported [RD0] 
  FLASH_ATTN_EXT(hsk=512,hsv=512,nh=4,nr23=[1,1],kv=113,nb=3,mask=0,sinks=1,max_bias=0.000000,logit_softcap=0.000000,prec=f32,type_K=f16,type_V=f16,permute=[0,1,2,3]): not supported [RD0] 
  FLASH_ATTN_EXT(hsk=512,hsv=512,nh=4,nr23=[1,1],kv=113,nb=32,mask=0,sinks=1,max_bias=0.000000,logit_softcap=0.000000,prec=f32,type_K=f16,type_V=f16,permute=[0,1,2,3]): not supported [RD0] 
  FLASH_ATTN_EXT(hsk=512,hsv=512,nh=4,nr23=[1,1],kv=113,nb=75,mask=0,sinks=1,max_bias=0.000000,logit_softcap=0.000000,prec=f32,type_K=f16,type_V=f16,permute=[0,1,2,3]): not supported [RD0] 
  FLASH_ATTN_EXT(hsk=512,hsv=512,nh=4,nr23=[1,1],kv=512,nb=1,mask=0,sinks=1,max_bias=0.000000,logit_softcap=0.000000,prec=f32,type_K=f16,type_V=f16,permute=[0,1,2,3]): not supported [RD0] 
  FLASH_ATTN_EXT(hsk=512,hsv=512,nh=4,nr23=[1,1],kv=512,nb=3,mask=0,sinks=1,max_bias=0.000000,logit_softcap=0.000000,prec=f32,type_K=f16,type_V=f16,permute=[0,1,2,3]): not supported [RD0] 
  FLASH_ATTN_EXT(hsk=512,hsv=512,nh=4,nr23=[1,1],kv=512,nb=32,mask=0,sinks=1,max_bias=0.000000,logit_softcap=0.000000,prec=f32,type_K=f16,type_V=f16,permute=[0,1,2,3]): not supported [RD0] 
  FLASH_ATTN_EXT(hsk=512,hsv=512,nh=4,nr23=[1,1],kv=512,nb=75,mask=0,sinks=1,max_bias=0.000000,logit_softcap=0.000000,prec=f32,type_K=f16,type_V=f16,permute=[0,1,2,3]): not supported [RD0] 
  FLASH_ATTN_EXT(hsk=512,hsv=512,nh=4,nr23=[1,1],kv=1024,nb=1,mask=0,sinks=1,max_bias=0.000000,logit_softcap=0.000000,prec=f32,type_K=f16,type_V=f16,permute=[0,1,2,3]): not supported [RD0] 
  FLASH_ATTN_EXT(hsk=512,hsv=512,nh=4,nr23=[1,1],kv=1024,nb=3,mask=0,sinks=1,max_bias=0.000000,logit_softcap=0.000000,prec=f32,type_K=f16,type_V=f16,permute=[0,1,2,3]): not supported [RD0] 
  FLASH_ATTN_EXT(hsk=512,hsv=512,nh=4,nr23=[1,1],kv=1024,nb=32,mask=0,sinks=1,max_bias=0.000000,logit_softcap=0.000000,prec=f32,type_K=f16,type_V=f16,permute=[0,1,2,3]): not supported [RD0] 
  FLASH_ATTN_EXT(hsk=512,hsv=512,nh=4,nr23=[1,1],kv=1024,nb=75,mask=0,sinks=1,max_bias=0.000000,logit_softcap=0.000000,prec=f32,type_K=f16,type_V=f16,permute=[0,1,2,3]): not supported [RD0] 
  FLASH_ATTN_EXT(hsk=512,hsv=512,nh=4,nr23=[4,1],kv=512,nb=1,mask=0,sinks=1,max_bias=0.000000,logit_softcap=0.000000,prec=f32,type_K=f16,type_V=f16,permute=[0,1,2,3]): not supported [RD0] 
  FLASH_ATTN_EXT(hsk=512,hsv=512,nh=4,nr23=[4,1],kv=512,nb=3,mask=0,sinks=1,max_bias=0.000000,logit_softcap=0.000000,prec=f32,type_K=f16,type_V=f16,permute=[0,1,2,3]): not supported [RD0] 
  FLASH_ATTN_EXT(hsk=512,hsv=512,nh=4,nr23=[4,1],kv=512,nb=32,mask=0,sinks=1,max_bias=0.000000,logit_softcap=0.000000,prec=f32,type_K=f16,type_V=f16,permute=[0,1,2,3]): not supported [RD0] 
  FLASH_ATTN_EXT(hsk=512,hsv=512,nh=4,nr23=[4,1],kv=512,nb=75,mask=0,sinks=1,max_bias=0.000000,logit_softcap=0.000000,prec=f32,type_K=f16,type_V=f16,permute=[0,1,2,3]): not supported [RD0] 
  FLASH_ATTN_EXT(hsk=512,hsv=512,nh=4,nr23=[1,1],kv=113,nb=1,mask=0,sinks=0,max_bias=0.000000,logit_softcap=0.000000,prec=f32,type_K=f16,type_V=f16,permute=[0,1,2,3]): not supported [RD0] 
  FLASH_ATTN_EXT(hsk=512,hsv=512,nh=4,nr23=[1,1],kv=113,nb=3,mask=0,sinks=0,max_bias=0.000000,logit_softcap=0.000000,prec=f32,type_K=f16,type_V=f16,permute=[0,1,2,3]): not supported [RD0] 
  FLASH_ATTN_EXT(hsk=512,hsv=512,nh=4,nr23=[1,1],kv=113,nb=32,mask=0,sinks=0,max_bias=0.000000,logit_softcap=0.000000,prec=f32,type_K=f16,type_V=f16,permute=[0,1,2,3]): not supported [RD0] 
  FLASH_ATTN_EXT(hsk=512,hsv=512,nh=4,nr23=[1,1],kv=113,nb=75,mask=0,sinks=0,max_bias=0.000000,logit_softcap=0.000000,prec=f32,type_K=f16,type_V=f16,permute=[0,1,2,3]): not supported [RD0] 
  FLASH_ATTN_EXT(hsk=512,hsv=512,nh=4,nr23=[1,1],kv=512,nb=1,mask=0,sinks=0,max_bias=0.000000,logit_softcap=0.000000,prec=f32,type_K=f16,type_V=f16,permute=[0,1,2,3]): not supported [RD0] 
  FLASH_ATTN_EXT(hsk=512,hsv=512,nh=4,nr23=[1,1],kv=512,nb=3,mask=0,sinks=0,max_bias=0.000000,logit_softcap=0.000000,prec=f32,type_K=f16,type_V=f16,permute=[0,1,2,3]): not supported [RD0] 
  FLASH_ATTN_EXT(hsk=512,hsv=512,nh=4,nr23=[1,1],kv=512,nb=32,mask=0,sinks=0,max_bias=0.000000,logit_softcap=0.000000,prec=f32,type_K=f16,type_V=f16,permute=[0,1,2,3]): not supported [RD0] 
  FLASH_ATTN_EXT(hsk=512,hsv=512,nh=4,nr23=[1,1],kv=512,nb=75,mask=0,sinks=0,max_bias=0.000000,logit_softcap=0.000000,prec=f32,type_K=f16,type_V=f16,permute=[0,1,2,3]): not supported [RD0] 
  FLASH_ATTN_EXT(hsk=512,hsv=512,nh=4,nr23=[1,1],kv=1024,nb=1,mask=0,sinks=0,max_bias=0.000000,logit_softcap=0.000000,prec=f32,type_K=f16,type_V=f16,permute=[0,1,2,3]): not supported [RD0] 
  FLASH_ATTN_EXT(hsk=512,hsv=512,nh=4,nr23=[1,1],kv=1024,nb=3,mask=0,sinks=0,max_bias=0.000000,logit_softcap=0.000000,prec=f32,type_K=f16,type_V=f16,permute=[0,1,2,3]): not supported [RD0] 
  FLASH_ATTN_EXT(hsk=512,hsv=512,nh=4,nr23=[1,1],kv=1024,nb=32,mask=0,sinks=0,max_bias=0.000000,logit_softcap=0.000000,prec=f32,type_K=f16,type_V=f16,permute=[0,1,2,3]): not supported [RD0] 
  FLASH_ATTN_EXT(hsk=512,hsv=512,nh=4,nr23=[1,1],kv=1024,nb=75,mask=0,sinks=0,max_bias=0.000000,logit_softcap=0.000000,prec=f32,type_K=f16,type_V=f16,permute=[0,1,2,3]): not supported [RD0] 
  FLASH_ATTN_EXT(hsk=512,hsv=512,nh=4,nr23=[4,1],kv=512,nb=1,mask=0,sinks=0,max_bias=0.000000,logit_softcap=0.000000,prec=f32,type_K=f16,type_V=f16,permute=[0,1,2,3]): not supported [RD0] 
  FLASH_ATTN_EXT(hsk=512,hsv=512,nh=4,nr23=[4,1],kv=512,nb=3,mask=0,sinks=0,max_bias=0.000000,logit_softcap=0.000000,prec=f32,type_K=f16,type_V=f16,permute=[0,1,2,3]): not supported [RD0] 
  FLASH_ATTN_EXT(hsk=512,hsv=512,nh=4,nr23=[4,1],kv=512,nb=32,mask=0,sinks=0,max_bias=0.000000,logit_softcap=0.000000,prec=f32,type_K=f16,type_V=f16,permute=[0,1,2,3]): not supported [RD0] 
  FLASH_ATTN_EXT(hsk=512,hsv=512,nh=4,nr23=[4,1],kv=512,nb=75,mask=0,sinks=0,max_bias=0.000000,logit_softcap=0.000000,prec=f32,type_K=f16,type_V=f16,permute=[0,1,2,3]): not supported [RD0] 
  FLASH_ATTN_EXT(hsk=576,hsv=512,nh=1,nr23=[1,1],kv=113,nb=1,mask=1,sinks=1,max_bias=0.000000,logit_softcap=0.000000,prec=f32,type_K=f16,type_V=f16,permute=[0,1,2,3]): not supported [RD0] 
  FLASH_ATTN_EXT(hsk=576,hsv=512,nh=1,nr23=[1,1],kv=113,nb=3,mask=1,sinks=1,max_bias=0.000000,logit_softcap=0.000000,prec=f32,type_K=f16,type_V=f16,permute=[0,1,2,3]): not supported [RD0] 
  FLASH_ATTN_EXT(hsk=576,hsv=512,nh=1,nr23=[1,1],kv=113,nb=32,mask=1,sinks=1,max_bias=0.000000,logit_softcap=0.000000,prec=f32,type_K=f16,type_V=f16,permute=[0,1,2,3]): not supported [RD0] 
  FLASH_ATTN_EXT(hsk=576,hsv=512,nh=1,nr23=[1,1],kv=113,nb=75,mask=1,sinks=1,max_bias=0.000000,logit_softcap=0.000000,prec=f32,type_K=f16,type_V=f16,permute=[0,1,2,3]): not supported [RD0] 
  FLASH_ATTN_EXT(hsk=576,hsv=512,nh=1,nr23=[1,1],kv=512,nb=1,mask=1,sinks=1,max_bias=0.000000,logit_softcap=0.000000,prec=f32,type_K=f16,type_V=f16,permute=[0,1,2,3]): not supported [RD0] 
  FLASH_ATTN_EXT(hsk=576,hsv=512,nh=1,nr23=[1,1],kv=512,nb=1,mask=1,sinks=1,max_bias=0.000000,logit_softcap=0.000000,prec=f32,type_K=f16,type_V=f16,permute=[0,2,1,3]): not supported [RD0] 
  FLASH_ATTN_EXT(hsk=576,hsv=512,nh=1,nr23=[1,1],kv=512,nb=3,mask=1,sinks=1,max_bias=0.000000,logit_softcap=0.000000,prec=f32,type_K=f16,type_V=f16,permute=[0,1,2,3]): not supported [RD0] 
  FLASH_ATTN_EXT(hsk=576,hsv=512,nh=1,nr23=[1,1],kv=512,nb=3,mask=1,sinks=1,max_bias=0.000000,logit_softcap=0.000000,prec=f32,type_K=f16,type_V=f16,permute=[0,2,1,3]): not supported [RD0] 
  FLASH_ATTN_EXT(hsk=576,hsv=512,nh=1,nr23=[1,1],kv=512,nb=32,mask=1,sinks=1,max_bias=0.000000,logit_softcap=0.000000,prec=f32,type_K=f16,type_V=f16,permute=[0,1,2,3]): not supported [RD0] 
  FLASH_ATTN_EXT(hsk=576,hsv=512,nh=1,nr23=[1,1],kv=512,nb=32,mask=1,sinks=1,max_bias=0.000000,logit_softcap=0.000000,prec=f32,type_K=f16,type_V=f16,permute=[0,2,1,3]): not supported [RD0] 
  FLASH_ATTN_EXT(hsk=576,hsv=512,nh=1,nr23=[1,1],kv=512,nb=75,mask=1,sinks=1,max_bias=0.000000,logit_softcap=0.000000,prec=f32,type_K=f16,type_V=f16,permute=[0,1,2,3]): not supported [RD0] 
  FLASH_ATTN_EXT(hsk=576,hsv=512,nh=1,nr23=[1,1],kv=512,nb=75,mask=1,sinks=1,max_bias=0.000000,logit_softcap=0.000000,prec=f32,type_K=f16,type_V=f16,permute=[0,2,1,3]): not supported [RD0] 
  FLASH_ATTN_EXT(hsk=576,hsv=512,nh=1,nr23=[1,1],kv=1024,nb=1,mask=1,sinks=1,max_bias=0.000000,logit_softcap=0.000000,prec=f32,type_K=f16,type_V=f16,permute=[0,1,2,3]): not supported [RD0] 
  FLASH_ATTN_EXT(hsk=576,hsv=512,nh=1,nr23=[1,1],kv=1024,nb=3,mask=1,sinks=1,max_bias=0.000000,logit_softcap=0.000000,prec=f32,type_K=f16,type_V=f16,permute=[0,1,2,3]): not supported [RD0] 
  FLASH_ATTN_EXT(hsk=576,hsv=512,nh=1,nr23=[1,1],kv=1024,nb=32,mask=1,sinks=1,max_bias=0.000000,logit_softcap=0.000000,prec=f32,type_K=f16,type_V=f16,permute=[0,1,2,3]): not supported [RD0] 
  FLASH_ATTN_EXT(hsk=576,hsv=512,nh=1,nr23=[1,1],kv=1024,nb=75,mask=1,sinks=1,max_bias=0.000000,logit_softcap=0.000000,prec=f32,type_K=f16,type_V=f16,permute=[0,1,2,3]): not supported [RD0] 
  FLASH_ATTN_EXT(hsk=576,hsv=512,nh=1,nr23=[4,1],kv=512,nb=1,mask=1,sinks=1,max_bias=0.000000,logit_softcap=0.000000,prec=f32,type_K=f16,type_V=f16,permute=[0,1,2,3]): not supported [RD0] 
  FLASH_ATTN_EXT(hsk=576,hsv=512,nh=1,nr23=[4,1],kv=512,nb=1,mask=1,sinks=1,max_bias=0.000000,logit_softcap=0.000000,prec=f32,type_K=f16,type_V=f16,permute=[0,2,1,3]): not supported [RD0] 
  FLASH_ATTN_EXT(hsk=576,hsv=512,nh=1,nr23=[4,1],kv=512,nb=3,mask=1,sinks=1,max_bias=0.000000,logit_softcap=0.000000,prec=f32,type_K=f16,type_V=f16,permute=[0,1,2,3]): not supported [RD0] 
  FLASH_ATTN_EXT(hsk=576,hsv=512,nh=1,nr23=[4,1],kv=512,nb=3,mask=1,sinks=1,max_bias=0.000000,logit_softcap=0.000000,prec=f32,type_K=f16,type_V=f16,permute=[0,2,1,3]): not supported [RD0] 
  FLASH_ATTN_EXT(hsk=576,hsv=512,nh=1,nr23=[4,1],kv=512,nb=32,mask=1,sinks=1,max_bias=0.000000,logit_softcap=0.000000,prec=f32,type_K=f16,type_V=f16,permute=[0,1,2,3]): not supported [RD0] 
  FLASH_ATTN_EXT(hsk=576,hsv=512,nh=1,nr23=[4,1],kv=512,nb=32,mask=1,sinks=1,max_bias=0.000000,logit_softcap=0.000000,prec=f32,type_K=f16,type_V=f16,permute=[0,2,1,3]): not supported [RD0] 
  FLASH_ATTN_EXT(hsk=576,hsv=512,nh=1,nr23=[4,1],kv=512,nb=75,mask=1,sinks=1,max_bias=0.000000,logit_softcap=0.000000,prec=f32,type_K=f16,type_V=f16,permute=[0,1,2,3]): not supported [RD0] 
  FLASH_ATTN_EXT(hsk=576,hsv=512,nh=1,nr23=[4,1],kv=512,nb=75,mask=1,sinks=1,max_bias=0.000000,logit_softcap=0.000000,prec=f32,type_K=f16,type_V=f16,permute=[0,2,1,3]): not supported [RD0] 
  FLASH_ATTN_EXT(hsk=576,hsv=512,nh=1,nr23=[20,1],kv=512,nb=1,mask=1,sinks=1,max_bias=0.000000,logit_softcap=0.000000,prec=f32,type_K=f16,type_V=f16,permute=[0,1,2,3]): not supported [RD0] 
  FLASH_ATTN_EXT(hsk=576,hsv=512,nh=1,nr23=[20,1],kv=512,nb=1,mask=1,sinks=1,max_bias=0.000000,logit_softcap=0.000000,prec=f32,type_K=f16,type_V=f16,permute=[0,2,1,3]): not supported [RD0] 
  FLASH_ATTN_EXT(hsk=576,hsv=512,nh=1,nr23=[20,1],kv=512,nb=3,mask=1,sinks=1,max_bias=0.000000,logit_softcap=0.000000,prec=f32,type_K=f16,type_V=f16,permute=[0,1,2,3]): not supported [RD0] 
  FLASH_ATTN_EXT(hsk=576,hsv=512,nh=1,nr23=[20,1],kv=512,nb=3,mask=1,sinks=1,max_bias=0.000000,logit_softcap=0.000000,prec=f32,type_K=f16,type_V=f16,permute=[0,2,1,3]): not supported [RD0] 
  FLASH_ATTN_EXT(hsk=576,hsv=512,nh=1,nr23=[20,1],kv=512,nb=32,mask=1,sinks=1,max_bias=0.000000,logit_softcap=0.000000,prec=f32,type_K=f16,type_V=f16,permute=[0,1,2,3]): not supported [RD0] 
  FLASH_ATTN_EXT(hsk=576,hsv=512,nh=1,nr23=[20,1],kv=512,nb=32,mask=1,sinks=1,max_bias=0.000000,logit_softcap=0.000000,prec=f32,type_K=f16,type_V=f16,permute=[0,2,1,3]): not supported [RD0] 
  FLASH_ATTN_EXT(hsk=576,hsv=512,nh=1,nr23=[20,1],kv=512,nb=75,mask=1,sinks=1,max_bias=0.000000,logit_softcap=0.000000,prec=f32,type_K=f16,type_V=f16,permute=[0,1,2,3]): not supported [RD0] 
  FLASH_ATTN_EXT(hsk=576,hsv=512,nh=1,nr23=[20,1],kv=512,nb=75,mask=1,sinks=1,max_bias=0.000000,logit_softcap=0.000000,prec=f32,type_K=f16,type_V=f16,permute=[0,2,1,3]): not supported [RD0] 
  FLASH_ATTN_EXT(hsk=576,hsv=512,nh=4,nr23=[1,1],kv=113,nb=1,mask=1,sinks=1,max_bias=0.000000,logit_softcap=0.000000,prec=f32,type_K=f16,type_V=f16,permute=[0,1,2,3]): not supported [RD0] 
  FLASH_ATTN_EXT(hsk=576,hsv=512,nh=4,nr23=[1,1],kv=113,nb=3,mask=1,sinks=1,max_bias=0.000000,logit_softcap=0.000000,prec=f32,type_K=f16,type_V=f16,permute=[0,1,2,3]): not supported [RD0] 
  FLASH_ATTN_EXT(hsk=576,hsv=512,nh=4,nr23=[1,1],kv=113,nb=32,mask=1,sinks=1,max_bias=0.000000,logit_softcap=0.000000,prec=f32,type_K=f16,type_V=f16,permute=[0,1,2,3]): not supported [RD0] 
  FLASH_ATTN_EXT(hsk=576,hsv=512,nh=4,nr23=[1,1],kv=113,nb=75,mask=1,sinks=1,max_bias=0.000000,logit_softcap=0.000000,prec=f32,type_K=f16,type_V=f16,permute=[0,1,2,3]): not supported [RD0] 
  FLASH_ATTN_EXT(hsk=576,hsv=512,nh=4,nr23=[1,1],kv=512,nb=1,mask=1,sinks=1,max_bias=0.000000,logit_softcap=0.000000,prec=f32,type_K=f16,type_V=f16,permute=[0,1,2,3]): not supported [RD0] 
  FLASH_ATTN_EXT(hsk=576,hsv=512,nh=4,nr23=[1,1],kv=512,nb=1,mask=1,sinks=1,max_bias=0.000000,logit_softcap=0.000000,prec=f32,type_K=f16,type_V=f16,permute=[0,2,1,3]): not supported [RD0] 
  FLASH_ATTN_EXT(hsk=576,hsv=512,nh=4,nr23=[1,1],kv=512,nb=3,mask=1,sinks=1,max_bias=0.000000,logit_softcap=0.000000,prec=f32,type_K=f16,type_V=f16,permute=[0,1,2,3]): not supported [RD0] 
  FLASH_ATTN_EXT(hsk=576,hsv=512,nh=4,nr23=[1,1],kv=512,nb=3,mask=1,sinks=1,max_bias=0.000000,logit_softcap=0.000000,prec=f32,type_K=f16,type_V=f16,permute=[0,2,1,3]): not supported [RD0] 
  FLASH_ATTN_EXT(hsk=576,hsv=512,nh=4,nr23=[1,1],kv=512,nb=32,mask=1,sinks=1,max_bias=0.000000,logit_softcap=0.000000,prec=f32,type_K=f16,type_V=f16,permute=[0,1,2,3]): not supported [RD0] 
  FLASH_ATTN_EXT(hsk=576,hsv=512,nh=4,nr23=[1,1],kv=512,nb=32,mask=1,sinks=1,max_bias=0.000000,logit_softcap=0.000000,prec=f32,type_K=f16,type_V=f16,permute=[0,2,1,3]): not supported [RD0] 
  FLASH_ATTN_EXT(hsk=576,hsv=512,nh=4,nr23=[1,1],kv=512,nb=75,mask=1,sinks=1,max_bias=0.000000,logit_softcap=0.000000,prec=f32,type_K=f16,type_V=f16,permute=[0,1,2,3]): not supported [RD0] 
  FLASH_ATTN_EXT(hsk=576,hsv=512,nh=4,nr23=[1,1],kv=512,nb=75,mask=1,sinks=1,max_bias=0.000000,logit_softcap=0.000000,prec=f32,type_K=f16,type_V=f16,permute=[0,2,1,3]): not supported [RD0] 
  FLASH_ATTN_EXT(hsk=576,hsv=512,nh=4,nr23=[1,1],kv=1024,nb=1,mask=1,sinks=1,max_bias=0.000000,logit_softcap=0.000000,prec=f32,type_K=f16,type_V=f16,permute=[0,1,2,3]): not supported [RD0] 
  FLASH_ATTN_EXT(hsk=576,hsv=512,nh=4,nr23=[1,1],kv=1024,nb=3,mask=1,sinks=1,max_bias=0.000000,logit_softcap=0.000000,prec=f32,type_K=f16,type_V=f16,permute=[0,1,2,3]): not supported [RD0] 
  FLASH_ATTN_EXT(hsk=576,hsv=512,nh=4,nr23=[1,1],kv=1024,nb=32,mask=1,sinks=1,max_bias=0.000000,logit_softcap=0.000000,prec=f32,type_K=f16,type_V=f16,permute=[0,1,2,3]): not supported [RD0] 
  FLASH_ATTN_EXT(hsk=576,hsv=512,nh=4,nr23=[1,1],kv=1024,nb=75,mask=1,sinks=1,max_bias=0.000000,logit_softcap=0.000000,prec=f32,type_K=f16,type_V=f16,permute=[0,1,2,3]): not supported [RD0] 
  FLASH_ATTN_EXT(hsk=576,hsv=512,nh=4,nr23=[4,1],kv=512,nb=1,mask=1,sinks=1,max_bias=0.000000,logit_softcap=0.000000,prec=f32,type_K=f16,type_V=f16,permute=[0,1,2,3]): not supported [RD0] 
  FLASH_ATTN_EXT(hsk=576,hsv=512,nh=4,nr23=[4,1],kv=512,nb=1,mask=1,sinks=1,max_bias=0.000000,logit_softcap=0.000000,prec=f32,type_K=f16,type_V=f16,permute=[0,2,1,3]): not supported [RD0] 
  FLASH_ATTN_EXT(hsk=576,hsv=512,nh=4,nr23=[4,1],kv=512,nb=3,mask=1,sinks=1,max_bias=0.000000,logit_softcap=0.000000,prec=f32,type_K=f16,type_V=f16,permute=[0,1,2,3]): not supported [RD0] 
  FLASH_ATTN_EXT(hsk=576,hsv=512,nh=4,nr23=[4,1],kv=512,nb=3,mask=1,sinks=1,max_bias=0.000000,logit_softcap=0.000000,prec=f32,type_K=f16,type_V=f16,permute=[0,2,1,3]): not supported [RD0] 
  FLASH_ATTN_EXT(hsk=576,hsv=512,nh=4,nr23=[4,1],kv=512,nb=32,mask=1,sinks=1,max_bias=0.000000,logit_softcap=0.000000,prec=f32,type_K=f16,type_V=f16,permute=[0,1,2,3]): not supported [RD0] 
  FLASH_ATTN_EXT(hsk=576,hsv=512,nh=4,nr23=[4,1],kv=512,nb=32,mask=1,sinks=1,max_bias=0.000000,logit_softcap=0.000000,prec=f32,type_K=f16,type_V=f16,permute=[0,2,1,3]): not supported [RD0] 
  FLASH_ATTN_EXT(hsk=576,hsv=512,nh=4,nr23=[4,1],kv=512,nb=75,mask=1,sinks=1,max_bias=0.000000,logit_softcap=0.000000,prec=f32,type_K=f16,type_V=f16,permute=[0,1,2,3]): not supported [RD0] 
  FLASH_ATTN_EXT(hsk=576,hsv=512,nh=4,nr23=[4,1],kv=512,nb=75,mask=1,sinks=1,max_bias=0.000000,logit_softcap=0.000000,prec=f32,type_K=f16,type_V=f16,permute=[0,2,1,3]): not supported [RD0] 
  FLASH_ATTN_EXT(hsk=576,hsv=512,nh=1,nr23=[1,1],kv=113,nb=1,mask=1,sinks=1,max_bias=8.000000,logit_softcap=0.000000,prec=f32,type_K=f16,type_V=f16,permute=[0,1,2,3]): not supported [RD0] 
  FLASH_ATTN_EXT(hsk=576,hsv=512,nh=1,nr23=[1,1],kv=113,nb=3,mask=1,sinks=1,max_bias=8.000000,logit_softcap=0.000000,prec=f32,type_K=f16,type_V=f16,permute=[0,1,2,3]): not supported [RD0] 
  FLASH_ATTN_EXT(hsk=576,hsv=512,nh=1,nr23=[1,1],kv=113,nb=32,mask=1,sinks=1,max_bias=8.000000,logit_softcap=0.000000,prec=f32,type_K=f16,type_V=f16,permute=[0,1,2,3]): not supported [RD0] 
  FLASH_ATTN_EXT(hsk=576,hsv=512,nh=1,nr23=[1,1],kv=113,nb=75,mask=1,sinks=1,max_bias=8.000000,logit_softcap=0.000000,prec=f32,type_K=f16,type_V=f16,permute=[0,1,2,3]): not supported [RD0] 
  FLASH_ATTN_EXT(hsk=576,hsv=512,nh=1,nr23=[1,1],kv=512,nb=1,mask=1,sinks=1,max_bias=8.000000,logit_softcap=0.000000,prec=f32,type_K=f16,type_V=f16,permute=[0,1,2,3]): not supported [RD0] 
  FLASH_ATTN_EXT(hsk=576,hsv=512,nh=1,nr23=[1,1],kv=512,nb=3,mask=1,sinks=1,max_bias=8.000000,logit_softcap=0.000000,prec=f32,type_K=f16,type_V=f16,permute=[0,1,2,3]): not supported [RD0] 
  FLASH_ATTN_EXT(hsk=576,hsv=512,nh=1,nr23=[1,1],kv=512,nb=32,mask=1,sinks=1,max_bias=8.000000,logit_softcap=0.000000,prec=f32,type_K=f16,type_V=f16,permute=[0,1,2,3]): not supported [RD0] 
  FLASH_ATTN_EXT(hsk=576,hsv=512,nh=1,nr23=[1,1],kv=512,nb=75,mask=1,sinks=1,max_bias=8.000000,logit_softcap=0.000000,prec=f32,type_K=f16,type_V=f16,permute=[0,1,2,3]): not supported [RD0] 
  FLASH_ATTN_EXT(hsk=576,hsv=512,nh=1,nr23=[1,1],kv=1024,nb=1,mask=1,sinks=1,max_bias=8.000000,logit_softcap=0.000000,prec=f32,type_K=f16,type_V=f16,permute=[0,1,2,3]): not supported [RD0] 
  FLASH_ATTN_EXT(hsk=576,hsv=512,nh=1,nr23=[1,1],kv=1024,nb=3,mask=1,sinks=1,max_bias=8.000000,logit_softcap=0.000000,prec=f32,type_K=f16,type_V=f16,permute=[0,1,2,3]): not supported [RD0] 
  FLASH_ATTN_EXT(hsk=576,hsv=512,nh=1,nr23=[1,1],kv=1024,nb=32,mask=1,sinks=1,max_bias=8.000000,logit_softcap=0.000000,prec=f32,type_K=f16,type_V=f16,permute=[0,1,2,3]): not supported [RD0] 
  FLASH_ATTN_EXT(hsk=576,hsv=512,nh=1,nr23=[1,1],kv=1024,nb=75,mask=1,sinks=1,max_bias=8.000000,logit_softcap=0.000000,prec=f32,type_K=f16,type_V=f16,permute=[0,1,2,3]): not supported [RD0] 
  FLASH_ATTN_EXT(hsk=576,hsv=512,nh=1,nr23=[4,1],kv=512,nb=1,mask=1,sinks=1,max_bias=8.000000,logit_softcap=0.000000,prec=f32,type_K=f16,type_V=f16,permute=[0,1,2,3]): not supported [RD0] 
  FLASH_ATTN_EXT(hsk=576,hsv=512,nh=1,nr23=[4,1],kv=512,nb=3,mask=1,sinks=1,max_bias=8.000000,logit_softcap=0.000000,prec=f32,type_K=f16,type_V=f16,permute=[0,1,2,3]): not supported [RD0] 
  FLASH_ATTN_EXT(hsk=576,hsv=512,nh=1,nr23=[4,1],kv=512,nb=32,mask=1,sinks=1,max_bias=8.000000,logit_softcap=0.000000,prec=f32,type_K=f16,type_V=f16,permute=[0,1,2,3]): not supported [RD0] 
  FLASH_ATTN_EXT(hsk=576,hsv=512,nh=1,nr23=[4,1],kv=512,nb=75,mask=1,sinks=1,max_bias=8.000000,logit_softcap=0.000000,prec=f32,type_K=f16,type_V=f16,permute=[0,1,2,3]): not supported [RD0] 
  FLASH_ATTN_EXT(hsk=576,hsv=512,nh=1,nr23=[20,1],kv=512,nb=1,mask=1,sinks=1,max_bias=8.000000,logit_softcap=0.000000,prec=f32,type_K=f16,type_V=f16,permute=[0,1,2,3]): not supported [RD0] 
  FLASH_ATTN_EXT(hsk=576,hsv=512,nh=1,nr23=[20,1],kv=512,nb=3,mask=1,sinks=1,max_bias=8.000000,logit_softcap=0.000000,prec=f32,type_K=f16,type_V=f16,permute=[0,1,2,3]): not supported [RD0] 
  FLASH_ATTN_EXT(hsk=576,hsv=512,nh=1,nr23=[20,1],kv=512,nb=32,mask=1,sinks=1,max_bias=8.000000,logit_softcap=0.000000,prec=f32,type_K=f16,type_V=f16,permute=[0,1,2,3]): not supported [RD0] 
  FLASH_ATTN_EXT(hsk=576,hsv=512,nh=1,nr23=[20,1],kv=512,nb=75,mask=1,sinks=1,max_bias=8.000000,logit_softcap=0.000000,prec=f32,type_K=f16,type_V=f16,permute=[0,1,2,3]): not supported [RD0] 
  FLASH_ATTN_EXT(hsk=576,hsv=512,nh=4,nr23=[1,1],kv=113,nb=1,mask=1,sinks=1,max_bias=8.000000,logit_softcap=0.000000,prec=f32,type_K=f16,type_V=f16,permute=[0,1,2,3]): not supported [RD0] 
  FLASH_ATTN_EXT(hsk=576,hsv=512,nh=4,nr23=[1,1],kv=113,nb=3,mask=1,sinks=1,max_bias=8.000000,logit_softcap=0.000000,prec=f32,type_K=f16,type_V=f16,permute=[0,1,2,3]): not supported [RD0] 
  FLASH_ATTN_EXT(hsk=576,hsv=512,nh=4,nr23=[1,1],kv=113,nb=32,mask=1,sinks=1,max_bias=8.000000,logit_softcap=0.000000,prec=f32,type_K=f16,type_V=f16,permute=[0,1,2,3]): not supported [RD0] 
  FLASH_ATTN_EXT(hsk=576,hsv=512,nh=4,nr23=[1,1],kv=113,nb=75,mask=1,sinks=1,max_bias=8.000000,logit_softcap=0.000000,prec=f32,type_K=f16,type_V=f16,permute=[0,1,2,3]): not supported [RD0] 
  FLASH_ATTN_EXT(hsk=576,hsv=512,nh=4,nr23=[1,1],kv=512,nb=1,mask=1,sinks=1,max_bias=8.000000,logit_softcap=0.000000,prec=f32,type_K=f16,type_V=f16,permute=[0,1,2,3]): not supported [RD0] 
  FLASH_ATTN_EXT(hsk=576,hsv=512,nh=4,nr23=[1,1],kv=512,nb=3,mask=1,sinks=1,max_bias=8.000000,logit_softcap=0.000000,prec=f32,type_K=f16,type_V=f16,permute=[0,1,2,3]): not supported [RD0] 
  FLASH_ATTN_EXT(hsk=576,hsv=512,nh=4,nr23=[1,1],kv=512,nb=32,mask=1,sinks=1,max_bias=8.000000,logit_softcap=0.000000,prec=f32,type_K=f16,type_V=f16,permute=[0,1,2,3]): not supported [RD0] 
  FLASH_ATTN_EXT(hsk=576,hsv=512,nh=4,nr23=[1,1],kv=512,nb=75,mask=1,sinks=1,max_bias=8.000000,logit_softcap=0.000000,prec=f32,type_K=f16,type_V=f16,permute=[0,1,2,3]): not supported [RD0] 
  FLASH_ATTN_EXT(hsk=576,hsv=512,nh=4,nr23=[1,1],kv=1024,nb=1,mask=1,sinks=1,max_bias=8.000000,logit_softcap=0.000000,prec=f32,type_K=f16,type_V=f16,permute=[0,1,2,3]): not supported [RD0] 
  FLASH_ATTN_EXT(hsk=576,hsv=512,nh=4,nr23=[1,1],kv=1024,nb=3,mask=1,sinks=1,max_bias=8.000000,logit_softcap=0.000000,prec=f32,type_K=f16,type_V=f16,permute=[0,1,2,3]): not supported [RD0] 
  FLASH_ATTN_EXT(hsk=576,hsv=512,nh=4,nr23=[1,1],kv=1024,nb=32,mask=1,sinks=1,max_bias=8.000000,logit_softcap=0.000000,prec=f32,type_K=f16,type_V=f16,permute=[0,1,2,3]): not supported [RD0] 
  FLASH_ATTN_EXT(hsk=576,hsv=512,nh=4,nr23=[1,1],kv=1024,nb=75,mask=1,sinks=1,max_bias=8.000000,logit_softcap=0.000000,prec=f32,type_K=f16,type_V=f16,permute=[0,1,2,3]): not supported [RD0] 
  FLASH_ATTN_EXT(hsk=576,hsv=512,nh=4,nr23=[4,1],kv=512,nb=1,mask=1,sinks=1,max_bias=8.000000,logit_softcap=0.000000,prec=f32,type_K=f16,type_V=f16,permute=[0,1,2,3]): not supported [RD0] 
  FLASH_ATTN_EXT(hsk=576,hsv=512,nh=4,nr23=[4,1],kv=512,nb=3,mask=1,sinks=1,max_bias=8.000000,logit_softcap=0.000000,prec=f32,type_K=f16,type_V=f16,permute=[0,1,2,3]): not supported [RD0] 
  FLASH_ATTN_EXT(hsk=576,hsv=512,nh=4,nr23=[4,1],kv=512,nb=32,mask=1,sinks=1,max_bias=8.000000,logit_softcap=0.000000,prec=f32,type_K=f16,type_V=f16,permute=[0,1,2,3]): not supported [RD0] 
  FLASH_ATTN_EXT(hsk=576,hsv=512,nh=4,nr23=[4,1],kv=512,nb=75,mask=1,sinks=1,max_bias=8.000000,logit_softcap=0.000000,prec=f32,type_K=f16,type_V=f16,permute=[0,1,2,3]): not supported [RD0] 
  FLASH_ATTN_EXT(hsk=576,hsv=512,nh=1,nr23=[1,1],kv=113,nb=1,mask=1,sinks=0,max_bias=0.000000,logit_softcap=0.000000,prec=f32,type_K=f16,type_V=f16,permute=[0,1,2,3]): not supported [RD0] 
  FLASH_ATTN_EXT(hsk=576,hsv=512,nh=1,nr23=[1,1],kv=113,nb=3,mask=1,sinks=0,max_bias=0.000000,logit_softcap=0.000000,prec=f32,type_K=f16,type_V=f16,permute=[0,1,2,3]): not supported [RD0] 
  FLASH_ATTN_EXT(hsk=576,hsv=512,nh=1,nr23=[1,1],kv=113,nb=32,mask=1,sinks=0,max_bias=0.000000,logit_softcap=0.000000,prec=f32,type_K=f16,type_V=f16,permute=[0,1,2,3]): not supported [RD0] 
  FLASH_ATTN_EXT(hsk=576,hsv=512,nh=1,nr23=[1,1],kv=113,nb=75,mask=1,sinks=0,max_bias=0.000000,logit_softcap=0.000000,prec=f32,type_K=f16,type_V=f16,permute=[0,1,2,3]): not supported [RD0] 
  FLASH_ATTN_EXT(hsk=576,hsv=512,nh=1,nr23=[1,1],kv=512,nb=1,mask=1,sinks=0,max_bias=0.000000,logit_softcap=0.000000,prec=f32,type_K=f16,type_V=f16,permute=[0,1,2,3]): not supported [RD0] 
  FLASH_ATTN_EXT(hsk=576,hsv=512,nh=1,nr23=[1,1],kv=512,nb=1,mask=1,sinks=0,max_bias=0.000000,logit_softcap=0.000000,prec=f32,type_K=f16,type_V=f16,permute=[0,2,1,3]): not supported [RD0] 
  FLASH_ATTN_EXT(hsk=576,hsv=512,nh=1,nr23=[1,1],kv=512,nb=3,mask=1,sinks=0,max_bias=0.000000,logit_softcap=0.000000,prec=f32,type_K=f16,type_V=f16,permute=[0,1,2,3]): not supported [RD0] 
  FLASH_ATTN_EXT(hsk=576,hsv=512,nh=1,nr23=[1,1],kv=512,nb=3,mask=1,sinks=0,max_bias=0.000000,logit_softcap=0.000000,prec=f32,type_K=f16,type_V=f16,permute=[0,2,1,3]): not supported [RD0] 
  FLASH_ATTN_EXT(hsk=576,hsv=512,nh=1,nr23=[1,1],kv=512,nb=32,mask=1,sinks=0,max_bias=0.000000,logit_softcap=0.000000,prec=f32,type_K=f16,type_V=f16,permute=[0,1,2,3]): not supported [RD0] 
  FLASH_ATTN_EXT(hsk=576,hsv=512,nh=1,nr23=[1,1],kv=512,nb=32,mask=1,sinks=0,max_bias=0.000000,logit_softcap=0.000000,prec=f32,type_K=f16,type_V=f16,permute=[0,2,1,3]): not supported [RD0] 
  FLASH_ATTN_EXT(hsk=576,hsv=512,nh=1,nr23=[1,1],kv=512,nb=75,mask=1,sinks=0,max_bias=0.000000,logit_softcap=0.000000,prec=f32,type_K=f16,type_V=f16,permute=[0,1,2,3]): not supported [RD0] 
  FLASH_ATTN_EXT(hsk=576,hsv=512,nh=1,nr23=[1,1],kv=512,nb=75,mask=1,sinks=0,max_bias=0.000000,logit_softcap=0.000000,prec=f32,type_K=f16,type_V=f16,permute=[0,2,1,3]): not supported [RD0] 
  FLASH_ATTN_EXT(hsk=576,hsv=512,nh=1,nr23=[1,1],kv=1024,nb=1,mask=1,sinks=0,max_bias=0.000000,logit_softcap=0.000000,prec=f32,type_K=f16,type_V=f16,permute=[0,1,2,3]): not supported [RD0] 
  FLASH_ATTN_EXT(hsk=576,hsv=512,nh=1,nr23=[1,1],kv=1024,nb=3,mask=1,sinks=0,max_bias=0.000000,logit_softcap=0.000000,prec=f32,type_K=f16,type_V=f16,permute=[0,1,2,3]): not supported [RD0] 
  FLASH_ATTN_EXT(hsk=576,hsv=512,nh=1,nr23=[1,1],kv=1024,nb=32,mask=1,sinks=0,max_bias=0.000000,logit_softcap=0.000000,prec=f32,type_K=f16,type_V=f16,permute=[0,1,2,3]): not supported [RD0] 
  FLASH_ATTN_EXT(hsk=576,hsv=512,nh=1,nr23=[1,1],kv=1024,nb=75,mask=1,sinks=0,max_bias=0.000000,logit_softcap=0.000000,prec=f32,type_K=f16,type_V=f16,permute=[0,1,2,3]): not supported [RD0] 
  FLASH_ATTN_EXT(hsk=576,hsv=512,nh=1,nr23=[4,1],kv=512,nb=1,mask=1,sinks=0,max_bias=0.000000,logit_softcap=0.000000,prec=f32,type_K=f16,type_V=f16,permute=[0,1,2,3]): not supported [RD0] 
  FLASH_ATTN_EXT(hsk=576,hsv=512,nh=1,nr23=[4,1],kv=512,nb=1,mask=1,sinks=0,max_bias=0.000000,logit_softcap=0.000000,prec=f32,type_K=f16,type_V=f16,permute=[0,2,1,3]): not supported [RD0] 
  FLASH_ATTN_EXT(hsk=576,hsv=512,nh=1,nr23=[4,1],kv=512,nb=3,mask=1,sinks=0,max_bias=0.000000,logit_softcap=0.000000,prec=f32,type_K=f16,type_V=f16,permute=[0,1,2,3]): not supported [RD0] 
  FLASH_ATTN_EXT(hsk=576,hsv=512,nh=1,nr23=[4,1],kv=512,nb=3,mask=1,sinks=0,max_bias=0.000000,logit_softcap=0.000000,prec=f32,type_K=f16,type_V=f16,permute=[0,2,1,3]): not supported [RD0] 
  FLASH_ATTN_EXT(hsk=576,hsv=512,nh=1,nr23=[4,1],kv=512,nb=32,mask=1,sinks=0,max_bias=0.000000,logit_softcap=0.000000,prec=f32,type_K=f16,type_V=f16,permute=[0,1,2,3]): not supported [RD0] 
  FLASH_ATTN_EXT(hsk=576,hsv=512,nh=1,nr23=[4,1],kv=512,nb=32,mask=1,sinks=0,max_bias=0.000000,logit_softcap=0.000000,prec=f32,type_K=f16,type_V=f16,permute=[0,2,1,3]): not supported [RD0] 
  FLASH_ATTN_EXT(hsk=576,hsv=512,nh=1,nr23=[4,1],kv=512,nb=75,mask=1,sinks=0,max_bias=0.000000,logit_softcap=0.000000,prec=f32,type_K=f16,type_V=f16,permute=[0,1,2,3]): not supported [RD0] 
  FLASH_ATTN_EXT(hsk=576,hsv=512,nh=1,nr23=[4,1],kv=512,nb=75,mask=1,sinks=0,max_bias=0.000000,logit_softcap=0.000000,prec=f32,type_K=f16,type_V=f16,permute=[0,2,1,3]): not supported [RD0] 
  FLASH_ATTN_EXT(hsk=576,hsv=512,nh=1,nr23=[20,1],kv=512,nb=1,mask=1,sinks=0,max_bias=0.000000,logit_softcap=0.000000,prec=f32,type_K=f16,type_V=f16,permute=[0,1,2,3]): not supported [RD0] 
  FLASH_ATTN_EXT(hsk=576,hsv=512,nh=1,nr23=[20,1],kv=512,nb=1,mask=1,sinks=0,max_bias=0.000000,logit_softcap=0.000000,prec=f32,type_K=f16,type_V=f16,permute=[0,2,1,3]): not supported [RD0] 
  FLASH_ATTN_EXT(hsk=576,hsv=512,nh=1,nr23=[20,1],kv=512,nb=3,mask=1,sinks=0,max_bias=0.000000,logit_softcap=0.000000,prec=f32,type_K=f16,type_V=f16,permute=[0,1,2,3]): not supported [RD0] 
  FLASH_ATTN_EXT(hsk=576,hsv=512,nh=1,nr23=[20,1],kv=512,nb=3,mask=1,sinks=0,max_bias=0.000000,logit_softcap=0.000000,prec=f32,type_K=f16,type_V=f16,permute=[0,2,1,3]): not supported [RD0] 
  FLASH_ATTN_EXT(hsk=576,hsv=512,nh=1,nr23=[20,1],kv=512,nb=32,mask=1,sinks=0,max_bias=0.000000,logit_softcap=0.000000,prec=f32,type_K=f16,type_V=f16,permute=[0,1,2,3]): not supported [RD0] 
  FLASH_ATTN_EXT(hsk=576,hsv=512,nh=1,nr23=[20,1],kv=512,nb=32,mask=1,sinks=0,max_bias=0.000000,logit_softcap=0.000000,prec=f32,type_K=f16,type_V=f16,permute=[0,2,1,3]): not supported [RD0] 
  FLASH_ATTN_EXT(hsk=576,hsv=512,nh=1,nr23=[20,1],kv=512,nb=75,mask=1,sinks=0,max_bias=0.000000,logit_softcap=0.000000,prec=f32,type_K=f16,type_V=f16,permute=[0,1,2,3]): not supported [RD0] 
  FLASH_ATTN_EXT(hsk=576,hsv=512,nh=1,nr23=[20,1],kv=512,nb=75,mask=1,sinks=0,max_bias=0.000000,logit_softcap=0.000000,prec=f32,type_K=f16,type_V=f16,permute=[0,2,1,3]): not supported [RD0] 
  FLASH_ATTN_EXT(hsk=576,hsv=512,nh=4,nr23=[1,1],kv=113,nb=1,mask=1,sinks=0,max_bias=0.000000,logit_softcap=0.000000,prec=f32,type_K=f16,type_V=f16,permute=[0,1,2,3]): not supported [RD0] 
  FLASH_ATTN_EXT(hsk=576,hsv=512,nh=4,nr23=[1,1],kv=113,nb=3,mask=1,sinks=0,max_bias=0.000000,logit_softcap=0.000000,prec=f32,type_K=f16,type_V=f16,permute=[0,1,2,3]): not supported [RD0] 
  FLASH_ATTN_EXT(hsk=576,hsv=512,nh=4,nr23=[1,1],kv=113,nb=32,mask=1,sinks=0,max_bias=0.000000,logit_softcap=0.000000,prec=f32,type_K=f16,type_V=f16,permute=[0,1,2,3]): not supported [RD0] 
  FLASH_ATTN_EXT(hsk=576,hsv=512,nh=4,nr23=[1,1],kv=113,nb=75,mask=1,sinks=0,max_bias=0.000000,logit_softcap=0.000000,prec=f32,type_K=f16,type_V=f16,permute=[0,1,2,3]): not supported [RD0] 
  FLASH_ATTN_EXT(hsk=576,hsv=512,nh=4,nr23=[1,1],kv=512,nb=1,mask=1,sinks=0,max_bias=0.000000,logit_softcap=0.000000,prec=f32,type_K=f16,type_V=f16,permute=[0,1,2,3]): not supported [RD0] 
  FLASH_ATTN_EXT(hsk=576,hsv=512,nh=4,nr23=[1,1],kv=512,nb=1,mask=1,sinks=0,max_bias=0.000000,logit_softcap=0.000000,prec=f32,type_K=f16,type_V=f16,permute=[0,2,1,3]): not supported [RD0] 
  FLASH_ATTN_EXT(hsk=576,hsv=512,nh=4,nr23=[1,1],kv=512,nb=3,mask=1,sinks=0,max_bias=0.000000,logit_softcap=0.000000,prec=f32,type_K=f16,type_V=f16,permute=[0,1,2,3]): not supported [RD0] 
  FLASH_ATTN_EXT(hsk=576,hsv=512,nh=4,nr23=[1,1],kv=512,nb=3,mask=1,sinks=0,max_bias=0.000000,logit_softcap=0.000000,prec=f32,type_K=f16,type_V=f16,permute=[0,2,1,3]): not supported [RD0] 
  FLASH_ATTN_EXT(hsk=576,hsv=512,nh=4,nr23=[1,1],kv=512,nb=32,mask=1,sinks=0,max_bias=0.000000,logit_softcap=0.000000,prec=f32,type_K=f16,type_V=f16,permute=[0,1,2,3]): not supported [RD0] 
  FLASH_ATTN_EXT(hsk=576,hsv=512,nh=4,nr23=[1,1],kv=512,nb=32,mask=1,sinks=0,max_bias=0.000000,logit_softcap=0.000000,prec=f32,type_K=f16,type_V=f16,permute=[0,2,1,3]): not supported [RD0] 
  FLASH_ATTN_EXT(hsk=576,hsv=512,nh=4,nr23=[1,1],kv=512,nb=75,mask=1,sinks=0,max_bias=0.000000,logit_softcap=0.000000,prec=f32,type_K=f16,type_V=f16,permute=[0,1,2,3]): not supported [RD0] 
  FLASH_ATTN_EXT(hsk=576,hsv=512,nh=4,nr23=[1,1],kv=512,nb=75,mask=1,sinks=0,max_bias=0.000000,logit_softcap=0.000000,prec=f32,type_K=f16,type_V=f16,permute=[0,2,1,3]): not supported [RD0] 
  FLASH_ATTN_EXT(hsk=576,hsv=512,nh=4,nr23=[1,1],kv=1024,nb=1,mask=1,sinks=0,max_bias=0.000000,logit_softcap=0.000000,prec=f32,type_K=f16,type_V=f16,permute=[0,1,2,3]): not supported [RD0] 
  FLASH_ATTN_EXT(hsk=576,hsv=512,nh=4,nr23=[1,1],kv=1024,nb=3,mask=1,sinks=0,max_bias=0.000000,logit_softcap=0.000000,prec=f32,type_K=f16,type_V=f16,permute=[0,1,2,3]): not supported [RD0] 
  FLASH_ATTN_EXT(hsk=576,hsv=512,nh=4,nr23=[1,1],kv=1024,nb=32,mask=1,sinks=0,max_bias=0.000000,logit_softcap=0.000000,prec=f32,type_K=f16,type_V=f16,permute=[0,1,2,3]): not supported [RD0] 
  FLASH_ATTN_EXT(hsk=576,hsv=512,nh=4,nr23=[1,1],kv=1024,nb=75,mask=1,sinks=0,max_bias=0.000000,logit_softcap=0.000000,prec=f32,type_K=f16,type_V=f16,permute=[0,1,2,3]): not supported [RD0] 
  FLASH_ATTN_EXT(hsk=576,hsv=512,nh=4,nr23=[4,1],kv=512,nb=1,mask=1,sinks=0,max_bias=0.000000,logit_softcap=0.000000,prec=f32,type_K=f16,type_V=f16,permute=[0,1,2,3]): not supported [RD0] 
  FLASH_ATTN_EXT(hsk=576,hsv=512,nh=4,nr23=[4,1],kv=512,nb=1,mask=1,sinks=0,max_bias=0.000000,logit_softcap=0.000000,prec=f32,type_K=f16,type_V=f16,permute=[0,2,1,3]): not supported [RD0] 
  FLASH_ATTN_EXT(hsk=576,hsv=512,nh=4,nr23=[4,1],kv=512,nb=3,mask=1,sinks=0,max_bias=0.000000,logit_softcap=0.000000,prec=f32,type_K=f16,type_V=f16,permute=[0,1,2,3]): not supported [RD0] 
  FLASH_ATTN_EXT(hsk=576,hsv=512,nh=4,nr23=[4,1],kv=512,nb=3,mask=1,sinks=0,max_bias=0.000000,logit_softcap=0.000000,prec=f32,type_K=f16,type_V=f16,permute=[0,2,1,3]): not supported [RD0] 
  FLASH_ATTN_EXT(hsk=576,hsv=512,nh=4,nr23=[4,1],kv=512,nb=32,mask=1,sinks=0,max_bias=0.000000,logit_softcap=0.000000,prec=f32,type_K=f16,type_V=f16,permute=[0,1,2,3]): not supported [RD0] 
  FLASH_ATTN_EXT(hsk=576,hsv=512,nh=4,nr23=[4,1],kv=512,nb=32,mask=1,sinks=0,max_bias=0.000000,logit_softcap=0.000000,prec=f32,type_K=f16,type_V=f16,permute=[0,2,1,3]): not supported [RD0] 
  FLASH_ATTN_EXT(hsk=576,hsv=512,nh=4,nr23=[4,1],kv=512,nb=75,mask=1,sinks=0,max_bias=0.000000,logit_softcap=0.000000,prec=f32,type_K=f16,type_V=f16,permute=[0,1,2,3]): not supported [RD0] 
  FLASH_ATTN_EXT(hsk=576,hsv=512,nh=4,nr23=[4,1],kv=512,nb=75,mask=1,sinks=0,max_bias=0.000000,logit_softcap=0.000000,prec=f32,type_K=f16,type_V=f16,permute=[0,2,1,3]): not supported [RD0] 
  FLASH_ATTN_EXT(hsk=576,hsv=512,nh=1,nr23=[1,1],kv=113,nb=1,mask=1,sinks=0,max_bias=8.000000,logit_softcap=0.000000,prec=f32,type_K=f16,type_V=f16,permute=[0,1,2,3]): not supported [RD0] 
  FLASH_ATTN_EXT(hsk=576,hsv=512,nh=1,nr23=[1,1],kv=113,nb=3,mask=1,sinks=0,max_bias=8.000000,logit_softcap=0.000000,prec=f32,type_K=f16,type_V=f16,permute=[0,1,2,3]): not supported [RD0] 
  FLASH_ATTN_EXT(hsk=576,hsv=512,nh=1,nr23=[1,1],kv=113,nb=32,mask=1,sinks=0,max_bias=8.000000,logit_softcap=0.000000,prec=f32,type_K=f16,type_V=f16,permute=[0,1,2,3]): not supported [RD0] 
  FLASH_ATTN_EXT(hsk=576,hsv=512,nh=1,nr23=[1,1],kv=113,nb=75,mask=1,sinks=0,max_bias=8.000000,logit_softcap=0.000000,prec=f32,type_K=f16,type_V=f16,permute=[0,1,2,3]): not supported [RD0] 
  FLASH_ATTN_EXT(hsk=576,hsv=512,nh=1,nr23=[1,1],kv=512,nb=1,mask=1,sinks=0,max_bias=8.000000,logit_softcap=0.000000,prec=f32,type_K=f16,type_V=f16,permute=[0,1,2,3]): not supported [RD0] 
  FLASH_ATTN_EXT(hsk=576,hsv=512,nh=1,nr23=[1,1],kv=512,nb=3,mask=1,sinks=0,max_bias=8.000000,logit_softcap=0.000000,prec=f32,type_K=f16,type_V=f16,permute=[0,1,2,3]): not supported [RD0] 
  FLASH_ATTN_EXT(hsk=576,hsv=512,nh=1,nr23=[1,1],kv=512,nb=32,mask=1,sinks=0,max_bias=8.000000,logit_softcap=0.000000,prec=f32,type_K=f16,type_V=f16,permute=[0,1,2,3]): not supported [RD0] 
  FLASH_ATTN_EXT(hsk=576,hsv=512,nh=1,nr23=[1,1],kv=512,nb=75,mask=1,sinks=0,max_bias=8.000000,logit_softcap=0.000000,prec=f32,type_K=f16,type_V=f16,permute=[0,1,2,3]): not supported [RD0] 
  FLASH_ATTN_EXT(hsk=576,hsv=512,nh=1,nr23=[1,1],kv=1024,nb=1,mask=1,sinks=0,max_bias=8.000000,logit_softcap=0.000000,prec=f32,type_K=f16,type_V=f16,permute=[0,1,2,3]): not supported [RD0] 
  FLASH_ATTN_EXT(hsk=576,hsv=512,nh=1,nr23=[1,1],kv=1024,nb=3,mask=1,sinks=0,max_bias=8.000000,logit_softcap=0.000000,prec=f32,type_K=f16,type_V=f16,permute=[0,1,2,3]): not supported [RD0] 
  FLASH_ATTN_EXT(hsk=576,hsv=512,nh=1,nr23=[1,1],kv=1024,nb=32,mask=1,sinks=0,max_bias=8.000000,logit_softcap=0.000000,prec=f32,type_K=f16,type_V=f16,permute=[0,1,2,3]): not supported [RD0] 
  FLASH_ATTN_EXT(hsk=576,hsv=512,nh=1,nr23=[1,1],kv=1024,nb=75,mask=1,sinks=0,max_bias=8.000000,logit_softcap=0.000000,prec=f32,type_K=f16,type_V=f16,permute=[0,1,2,3]): not supported [RD0] 
  FLASH_ATTN_EXT(hsk=576,hsv=512,nh=1,nr23=[4,1],kv=512,nb=1,mask=1,sinks=0,max_bias=8.000000,logit_softcap=0.000000,prec=f32,type_K=f16,type_V=f16,permute=[0,1,2,3]): not supported [RD0] 
  FLASH_ATTN_EXT(hsk=576,hsv=512,nh=1,nr23=[4,1],kv=512,nb=3,mask=1,sinks=0,max_bias=8.000000,logit_softcap=0.000000,prec=f32,type_K=f16,type_V=f16,permute=[0,1,2,3]): not supported [RD0] 
  FLASH_ATTN_EXT(hsk=576,hsv=512,nh=1,nr23=[4,1],kv=512,nb=32,mask=1,sinks=0,max_bias=8.000000,logit_softcap=0.000000,prec=f32,type_K=f16,type_V=f16,permute=[0,1,2,3]): not supported [RD0] 
  FLASH_ATTN_EXT(hsk=576,hsv=512,nh=1,nr23=[4,1],kv=512,nb=75,mask=1,sinks=0,max_bias=8.000000,logit_softcap=0.000000,prec=f32,type_K=f16,type_V=f16,permute=[0,1,2,3]): not supported [RD0] 
  FLASH_ATTN_EXT(hsk=576,hsv=512,nh=1,nr23=[20,1],kv=512,nb=1,mask=1,sinks=0,max_bias=8.000000,logit_softcap=0.000000,prec=f32,type_K=f16,type_V=f16,permute=[0,1,2,3]): not supported [RD0] 
  FLASH_ATTN_EXT(hsk=576,hsv=512,nh=1,nr23=[20,1],kv=512,nb=3,mask=1,sinks=0,max_bias=8.000000,logit_softcap=0.000000,prec=f32,type_K=f16,type_V=f16,permute=[0,1,2,3]): not supported [RD0] 
  FLASH_ATTN_EXT(hsk=576,hsv=512,nh=1,nr23=[20,1],kv=512,nb=32,mask=1,sinks=0,max_bias=8.000000,logit_softcap=0.000000,prec=f32,type_K=f16,type_V=f16,permute=[0,1,2,3]): not supported [RD0] 
  FLASH_ATTN_EXT(hsk=576,hsv=512,nh=1,nr23=[20,1],kv=512,nb=75,mask=1,sinks=0,max_bias=8.000000,logit_softcap=0.000000,prec=f32,type_K=f16,type_V=f16,permute=[0,1,2,3]): not supported [RD0] 
  FLASH_ATTN_EXT(hsk=576,hsv=512,nh=4,nr23=[1,1],kv=113,nb=1,mask=1,sinks=0,max_bias=8.000000,logit_softcap=0.000000,prec=f32,type_K=f16,type_V=f16,permute=[0,1,2,3]): not supported [RD0] 
  FLASH_ATTN_EXT(hsk=576,hsv=512,nh=4,nr23=[1,1],kv=113,nb=3,mask=1,sinks=0,max_bias=8.000000,logit_softcap=0.000000,prec=f32,type_K=f16,type_V=f16,permute=[0,1,2,3]): not supported [RD0] 
  FLASH_ATTN_EXT(hsk=576,hsv=512,nh=4,nr23=[1,1],kv=113,nb=32,mask=1,sinks=0,max_bias=8.000000,logit_softcap=0.000000,prec=f32,type_K=f16,type_V=f16,permute=[0,1,2,3]): not supported [RD0] 
  FLASH_ATTN_EXT(hsk=576,hsv=512,nh=4,nr23=[1,1],kv=113,nb=75,mask=1,sinks=0,max_bias=8.000000,logit_softcap=0.000000,prec=f32,type_K=f16,type_V=f16,permute=[0,1,2,3]): not supported [RD0] 
  FLASH_ATTN_EXT(hsk=576,hsv=512,nh=4,nr23=[1,1],kv=512,nb=1,mask=1,sinks=0,max_bias=8.000000,logit_softcap=0.000000,prec=f32,type_K=f16,type_V=f16,permute=[0,1,2,3]): not supported [RD0] 
  FLASH_ATTN_EXT(hsk=576,hsv=512,nh=4,nr23=[1,1],kv=512,nb=3,mask=1,sinks=0,max_bias=8.000000,logit_softcap=0.000000,prec=f32,type_K=f16,type_V=f16,permute=[0,1,2,3]): not supported [RD0] 
  FLASH_ATTN_EXT(hsk=576,hsv=512,nh=4,nr23=[1,1],kv=512,nb=32,mask=1,sinks=0,max_bias=8.000000,logit_softcap=0.000000,prec=f32,type_K=f16,type_V=f16,permute=[0,1,2,3]): not supported [RD0] 
  FLASH_ATTN_EXT(hsk=576,hsv=512,nh=4,nr23=[1,1],kv=512,nb=75,mask=1,sinks=0,max_bias=8.000000,logit_softcap=0.000000,prec=f32,type_K=f16,type_V=f16,permute=[0,1,2,3]): not supported [RD0] 
  FLASH_ATTN_EXT(hsk=576,hsv=512,nh=4,nr23=[1,1],kv=1024,nb=1,mask=1,sinks=0,max_bias=8.000000,logit_softcap=0.000000,prec=f32,type_K=f16,type_V=f16,permute=[0,1,2,3]): not supported [RD0] 
  FLASH_ATTN_EXT(hsk=576,hsv=512,nh=4,nr23=[1,1],kv=1024,nb=3,mask=1,sinks=0,max_bias=8.000000,logit_softcap=0.000000,prec=f32,type_K=f16,type_V=f16,permute=[0,1,2,3]): not supported [RD0] 
  FLASH_ATTN_EXT(hsk=576,hsv=512,nh=4,nr23=[1,1],kv=1024,nb=32,mask=1,sinks=0,max_bias=8.000000,logit_softcap=0.000000,prec=f32,type_K=f16,type_V=f16,permute=[0,1,2,3]): not supported [RD0] 
  FLASH_ATTN_EXT(hsk=576,hsv=512,nh=4,nr23=[1,1],kv=1024,nb=75,mask=1,sinks=0,max_bias=8.000000,logit_softcap=0.000000,prec=f32,type_K=f16,type_V=f16,permute=[0,1,2,3]): not supported [RD0] 
  FLASH_ATTN_EXT(hsk=576,hsv=512,nh=4,nr23=[4,1],kv=512,nb=1,mask=1,sinks=0,max_bias=8.000000,logit_softcap=0.000000,prec=f32,type_K=f16,type_V=f16,permute=[0,1,2,3]): not supported [RD0] 
  FLASH_ATTN_EXT(hsk=576,hsv=512,nh=4,nr23=[4,1],kv=512,nb=3,mask=1,sinks=0,max_bias=8.000000,logit_softcap=0.000000,prec=f32,type_K=f16,type_V=f16,permute=[0,1,2,3]): not supported [RD0] 
  FLASH_ATTN_EXT(hsk=576,hsv=512,nh=4,nr23=[4,1],kv=512,nb=32,mask=1,sinks=0,max_bias=8.000000,logit_softcap=0.000000,prec=f32,type_K=f16,type_V=f16,permute=[0,1,2,3]): not supported [RD0] 
  FLASH_ATTN_EXT(hsk=576,hsv=512,nh=4,nr23=[4,1],kv=512,nb=75,mask=1,sinks=0,max_bias=8.000000,logit_softcap=0.000000,prec=f32,type_K=f16,type_V=f16,permute=[0,1,2,3]): not supported [RD0] 
  FLASH_ATTN_EXT(hsk=576,hsv=512,nh=1,nr23=[1,1],kv=113,nb=1,mask=0,sinks=1,max_bias=0.000000,logit_softcap=0.000000,prec=f32,type_K=f16,type_V=f16,permute=[0,1,2,3]): not supported [RD0] 
  FLASH_ATTN_EXT(hsk=576,hsv=512,nh=1,nr23=[1,1],kv=113,nb=3,mask=0,sinks=1,max_bias=0.000000,logit_softcap=0.000000,prec=f32,type_K=f16,type_V=f16,permute=[0,1,2,3]): not supported [RD0] 
  FLASH_ATTN_EXT(hsk=576,hsv=512,nh=1,nr23=[1,1],kv=113,nb=32,mask=0,sinks=1,max_bias=0.000000,logit_softcap=0.000000,prec=f32,type_K=f16,type_V=f16,permute=[0,1,2,3]): not supported [RD0] 
  FLASH_ATTN_EXT(hsk=576,hsv=512,nh=1,nr23=[1,1],kv=113,nb=75,mask=0,sinks=1,max_bias=0.000000,logit_softcap=0.000000,prec=f32,type_K=f16,type_V=f16,permute=[0,1,2,3]): not supported [RD0] 
  FLASH_ATTN_EXT(hsk=576,hsv=512,nh=1,nr23=[1,1],kv=512,nb=1,mask=0,sinks=1,max_bias=0.000000,logit_softcap=0.000000,prec=f32,type_K=f16,type_V=f16,permute=[0,1,2,3]): not supported [RD0] 
  FLASH_ATTN_EXT(hsk=576,hsv=512,nh=1,nr23=[1,1],kv=512,nb=3,mask=0,sinks=1,max_bias=0.000000,logit_softcap=0.000000,prec=f32,type_K=f16,type_V=f16,permute=[0,1,2,3]): not supported [RD0] 
  FLASH_ATTN_EXT(hsk=576,hsv=512,nh=1,nr23=[1,1],kv=512,nb=32,mask=0,sinks=1,max_bias=0.000000,logit_softcap=0.000000,prec=f32,type_K=f16,type_V=f16,permute=[0,1,2,3]): not supported [RD0] 
  FLASH_ATTN_EXT(hsk=576,hsv=512,nh=1,nr23=[1,1],kv=512,nb=75,mask=0,sinks=1,max_bias=0.000000,logit_softcap=0.000000,prec=f32,type_K=f16,type_V=f16,permute=[0,1,2,3]): not supported [RD0] 
  FLASH_ATTN_EXT(hsk=576,hsv=512,nh=1,nr23=[1,1],kv=1024,nb=1,mask=0,sinks=1,max_bias=0.000000,logit_softcap=0.000000,prec=f32,type_K=f16,type_V=f16,permute=[0,1,2,3]): not supported [RD0] 
  FLASH_ATTN_EXT(hsk=576,hsv=512,nh=1,nr23=[1,1],kv=1024,nb=3,mask=0,sinks=1,max_bias=0.000000,logit_softcap=0.000000,prec=f32,type_K=f16,type_V=f16,permute=[0,1,2,3]): not supported [RD0] 
  FLASH_ATTN_EXT(hsk=576,hsv=512,nh=1,nr23=[1,1],kv=1024,nb=32,mask=0,sinks=1,max_bias=0.000000,logit_softcap=0.000000,prec=f32,type_K=f16,type_V=f16,permute=[0,1,2,3]): not supported [RD0] 
  FLASH_ATTN_EXT(hsk=576,hsv=512,nh=1,nr23=[1,1],kv=1024,nb=75,mask=0,sinks=1,max_bias=0.000000,logit_softcap=0.000000,prec=f32,type_K=f16,type_V=f16,permute=[0,1,2,3]): not supported [RD0] 
  FLASH_ATTN_EXT(hsk=576,hsv=512,nh=1,nr23=[4,1],kv=512,nb=1,mask=0,sinks=1,max_bias=0.000000,logit_softcap=0.000000,prec=f32,type_K=f16,type_V=f16,permute=[0,1,2,3]): not supported [RD0] 
  FLASH_ATTN_EXT(hsk=576,hsv=512,nh=1,nr23=[4,1],kv=512,nb=3,mask=0,sinks=1,max_bias=0.000000,logit_softcap=0.000000,prec=f32,type_K=f16,type_V=f16,permute=[0,1,2,3]): not supported [RD0] 
  FLASH_ATTN_EXT(hsk=576,hsv=512,nh=1,nr23=[4,1],kv=512,nb=32,mask=0,sinks=1,max_bias=0.000000,logit_softcap=0.000000,prec=f32,type_K=f16,type_V=f16,permute=[0,1,2,3]): not supported [RD0] 
  FLASH_ATTN_EXT(hsk=576,hsv=512,nh=1,nr23=[4,1],kv=512,nb=75,mask=0,sinks=1,max_bias=0.000000,logit_softcap=0.000000,prec=f32,type_K=f16,type_V=f16,permute=[0,1,2,3]): not supported [RD0] 
  FLASH_ATTN_EXT(hsk=576,hsv=512,nh=1,nr23=[20,1],kv=512,nb=1,mask=0,sinks=1,max_bias=0.000000,logit_softcap=0.000000,prec=f32,type_K=f16,type_V=f16,permute=[0,1,2,3]): not supported [RD0] 
  FLASH_ATTN_EXT(hsk=576,hsv=512,nh=1,nr23=[20,1],kv=512,nb=3,mask=0,sinks=1,max_bias=0.000000,logit_softcap=0.000000,prec=f32,type_K=f16,type_V=f16,permute=[0,1,2,3]): not supported [RD0] 
  FLASH_ATTN_EXT(hsk=576,hsv=512,nh=1,nr23=[20,1],kv=512,nb=32,mask=0,sinks=1,max_bias=0.000000,logit_softcap=0.000000,prec=f32,type_K=f16,type_V=f16,permute=[0,1,2,3]): not supported [RD0] 
  FLASH_ATTN_EXT(hsk=576,hsv=512,nh=1,nr23=[20,1],kv=512,nb=75,mask=0,sinks=1,max_bias=0.000000,logit_softcap=0.000000,prec=f32,type_K=f16,type_V=f16,permute=[0,1,2,3]): not supported [RD0] 
  FLASH_ATTN_EXT(hsk=576,hsv=512,nh=4,nr23=[1,1],kv=113,nb=1,mask=0,sinks=1,max_bias=0.000000,logit_softcap=0.000000,prec=f32,type_K=f16,type_V=f16,permute=[0,1,2,3]): not supported [RD0] 
  FLASH_ATTN_EXT(hsk=576,hsv=512,nh=4,nr23=[1,1],kv=113,nb=3,mask=0,sinks=1,max_bias=0.000000,logit_softcap=0.000000,prec=f32,type_K=f16,type_V=f16,permute=[0,1,2,3]): not supported [RD0] 
  FLASH_ATTN_EXT(hsk=576,hsv=512,nh=4,nr23=[1,1],kv=113,nb=32,mask=0,sinks=1,max_bias=0.000000,logit_softcap=0.000000,prec=f32,type_K=f16,type_V=f16,permute=[0,1,2,3]): not supported [RD0] 
  FLASH_ATTN_EXT(hsk=576,hsv=512,nh=4,nr23=[1,1],kv=113,nb=75,mask=0,sinks=1,max_bias=0.000000,logit_softcap=0.000000,prec=f32,type_K=f16,type_V=f16,permute=[0,1,2,3]): not supported [RD0] 
  FLASH_ATTN_EXT(hsk=576,hsv=512,nh=4,nr23=[1,1],kv=512,nb=1,mask=0,sinks=1,max_bias=0.000000,logit_softcap=0.000000,prec=f32,type_K=f16,type_V=f16,permute=[0,1,2,3]): not supported [RD0] 
  FLASH_ATTN_EXT(hsk=576,hsv=512,nh=4,nr23=[1,1],kv=512,nb=3,mask=0,sinks=1,max_bias=0.000000,logit_softcap=0.000000,prec=f32,type_K=f16,type_V=f16,permute=[0,1,2,3]): not supported [RD0] 
  FLASH_ATTN_EXT(hsk=576,hsv=512,nh=4,nr23=[1,1],kv=512,nb=32,mask=0,sinks=1,max_bias=0.000000,logit_softcap=0.000000,prec=f32,type_K=f16,type_V=f16,permute=[0,1,2,3]): not supported [RD0] 
  FLASH_ATTN_EXT(hsk=576,hsv=512,nh=4,nr23=[1,1],kv=512,nb=75,mask=0,sinks=1,max_bias=0.000000,logit_softcap=0.000000,prec=f32,type_K=f16,type_V=f16,permute=[0,1,2,3]): not supported [RD0] 
  FLASH_ATTN_EXT(hsk=576,hsv=512,nh=4,nr23=[1,1],kv=1024,nb=1,mask=0,sinks=1,max_bias=0.000000,logit_softcap=0.000000,prec=f32,type_K=f16,type_V=f16,permute=[0,1,2,3]): not supported [RD0] 
  FLASH_ATTN_EXT(hsk=576,hsv=512,nh=4,nr23=[1,1],kv=1024,nb=3,mask=0,sinks=1,max_bias=0.000000,logit_softcap=0.000000,prec=f32,type_K=f16,type_V=f16,permute=[0,1,2,3]): not supported [RD0] 
  FLASH_ATTN_EXT(hsk=576,hsv=512,nh=4,nr23=[1,1],kv=1024,nb=32,mask=0,sinks=1,max_bias=0.000000,logit_softcap=0.000000,prec=f32,type_K=f16,type_V=f16,permute=[0,1,2,3]): not supported [RD0] 
  FLASH_ATTN_EXT(hsk=576,hsv=512,nh=4,nr23=[1,1],kv=1024,nb=75,mask=0,sinks=1,max_bias=0.000000,logit_softcap=0.000000,prec=f32,type_K=f16,type_V=f16,permute=[0,1,2,3]): not supported [RD0] 
  FLASH_ATTN_EXT(hsk=576,hsv=512,nh=4,nr23=[4,1],kv=512,nb=1,mask=0,sinks=1,max_bias=0.000000,logit_softcap=0.000000,prec=f32,type_K=f16,type_V=f16,permute=[0,1,2,3]): not supported [RD0] 
  FLASH_ATTN_EXT(hsk=576,hsv=512,nh=4,nr23=[4,1],kv=512,nb=3,mask=0,sinks=1,max_bias=0.000000,logit_softcap=0.000000,prec=f32,type_K=f16,type_V=f16,permute=[0,1,2,3]): not supported [RD0] 
  FLASH_ATTN_EXT(hsk=576,hsv=512,nh=4,nr23=[4,1],kv=512,nb=32,mask=0,sinks=1,max_bias=0.000000,logit_softcap=0.000000,prec=f32,type_K=f16,type_V=f16,permute=[0,1,2,3]): not supported [RD0] 
  FLASH_ATTN_EXT(hsk=576,hsv=512,nh=4,nr23=[4,1],kv=512,nb=75,mask=0,sinks=1,max_bias=0.000000,logit_softcap=0.000000,prec=f32,type_K=f16,type_V=f16,permute=[0,1,2,3]): not supported [RD0] 
  FLASH_ATTN_EXT(hsk=576,hsv=512,nh=1,nr23=[1,1],kv=113,nb=1,mask=0,sinks=0,max_bias=0.000000,logit_softcap=0.000000,prec=f32,type_K=f16,type_V=f16,permute=[0,1,2,3]): not supported [RD0] 
  FLASH_ATTN_EXT(hsk=576,hsv=512,nh=1,nr23=[1,1],kv=113,nb=3,mask=0,sinks=0,max_bias=0.000000,logit_softcap=0.000000,prec=f32,type_K=f16,type_V=f16,permute=[0,1,2,3]): not supported [RD0] 
  FLASH_ATTN_EXT(hsk=576,hsv=512,nh=1,nr23=[1,1],kv=113,nb=32,mask=0,sinks=0,max_bias=0.000000,logit_softcap=0.000000,prec=f32,type_K=f16,type_V=f16,permute=[0,1,2,3]): not supported [RD0] 
  FLASH_ATTN_EXT(hsk=576,hsv=512,nh=1,nr23=[1,1],kv=113,nb=75,mask=0,sinks=0,max_bias=0.000000,logit_softcap=0.000000,prec=f32,type_K=f16,type_V=f16,permute=[0,1,2,3]): not supported [RD0] 
  FLASH_ATTN_EXT(hsk=576,hsv=512,nh=1,nr23=[1,1],kv=512,nb=1,mask=0,sinks=0,max_bias=0.000000,logit_softcap=0.000000,prec=f32,type_K=f16,type_V=f16,permute=[0,1,2,3]): not supported [RD0] 
  FLASH_ATTN_EXT(hsk=576,hsv=512,nh=1,nr23=[1,1],kv=512,nb=3,mask=0,sinks=0,max_bias=0.000000,logit_softcap=0.000000,prec=f32,type_K=f16,type_V=f16,permute=[0,1,2,3]): not supported [RD0] 
  FLASH_ATTN_EXT(hsk=576,hsv=512,nh=1,nr23=[1,1],kv=512,nb=32,mask=0,sinks=0,max_bias=0.000000,logit_softcap=0.000000,prec=f32,type_K=f16,type_V=f16,permute=[0,1,2,3]): not supported [RD0] 
  FLASH_ATTN_EXT(hsk=576,hsv=512,nh=1,nr23=[1,1],kv=512,nb=75,mask=0,sinks=0,max_bias=0.000000,logit_softcap=0.000000,prec=f32,type_K=f16,type_V=f16,permute=[0,1,2,3]): not supported [RD0] 
  FLASH_ATTN_EXT(hsk=576,hsv=512,nh=1,nr23=[1,1],kv=1024,nb=1,mask=0,sinks=0,max_bias=0.000000,logit_softcap=0.000000,prec=f32,type_K=f16,type_V=f16,permute=[0,1,2,3]): not supported [RD0] 
  FLASH_ATTN_EXT(hsk=576,hsv=512,nh=1,nr23=[1,1],kv=1024,nb=3,mask=0,sinks=0,max_bias=0.000000,logit_softcap=0.000000,prec=f32,type_K=f16,type_V=f16,permute=[0,1,2,3]): not supported [RD0] 
  FLASH_ATTN_EXT(hsk=576,hsv=512,nh=1,nr23=[1,1],kv=1024,nb=32,mask=0,sinks=0,max_bias=0.000000,logit_softcap=0.000000,prec=f32,type_K=f16,type_V=f16,permute=[0,1,2,3]): not supported [RD0] 
  FLASH_ATTN_EXT(hsk=576,hsv=512,nh=1,nr23=[1,1],kv=1024,nb=75,mask=0,sinks=0,max_bias=0.000000,logit_softcap=0.000000,prec=f32,type_K=f16,type_V=f16,permute=[0,1,2,3]): not supported [RD0] 
  FLASH_ATTN_EXT(hsk=576,hsv=512,nh=1,nr23=[4,1],kv=512,nb=1,mask=0,sinks=0,max_bias=0.000000,logit_softcap=0.000000,prec=f32,type_K=f16,type_V=f16,permute=[0,1,2,3]): not supported [RD0] 
  FLASH_ATTN_EXT(hsk=576,hsv=512,nh=1,nr23=[4,1],kv=512,nb=3,mask=0,sinks=0,max_bias=0.000000,logit_softcap=0.000000,prec=f32,type_K=f16,type_V=f16,permute=[0,1,2,3]): not supported [RD0] 
  FLASH_ATTN_EXT(hsk=576,hsv=512,nh=1,nr23=[4,1],kv=512,nb=32,mask=0,sinks=0,max_bias=0.000000,logit_softcap=0.000000,prec=f32,type_K=f16,type_V=f16,permute=[0,1,2,3]): not supported [RD0] 
  FLASH_ATTN_EXT(hsk=576,hsv=512,nh=1,nr23=[4,1],kv=512,nb=75,mask=0,sinks=0,max_bias=0.000000,logit_softcap=0.000000,prec=f32,type_K=f16,type_V=f16,permute=[0,1,2,3]): not supported [RD0] 
  FLASH_ATTN_EXT(hsk=576,hsv=512,nh=1,nr23=[20,1],kv=512,nb=1,mask=0,sinks=0,max_bias=0.000000,logit_softcap=0.000000,prec=f32,type_K=f16,type_V=f16,permute=[0,1,2,3]): not supported [RD0] 
  FLASH_ATTN_EXT(hsk=576,hsv=512,nh=1,nr23=[20,1],kv=512,nb=3,mask=0,sinks=0,max_bias=0.000000,logit_softcap=0.000000,prec=f32,type_K=f16,type_V=f16,permute=[0,1,2,3]): not supported [RD0] 
  FLASH_ATTN_EXT(hsk=576,hsv=512,nh=1,nr23=[20,1],kv=512,nb=32,mask=0,sinks=0,max_bias=0.000000,logit_softcap=0.000000,prec=f32,type_K=f16,type_V=f16,permute=[0,1,2,3]): not supported [RD0] 
  FLASH_ATTN_EXT(hsk=576,hsv=512,nh=1,nr23=[20,1],kv=512,nb=75,mask=0,sinks=0,max_bias=0.000000,logit_softcap=0.000000,prec=f32,type_K=f16,type_V=f16,permute=[0,1,2,3]): not supported [RD0] 
  FLASH_ATTN_EXT(hsk=576,hsv=512,nh=4,nr23=[1,1],kv=113,nb=1,mask=0,sinks=0,max_bias=0.000000,logit_softcap=0.000000,prec=f32,type_K=f16,type_V=f16,permute=[0,1,2,3]): not supported [RD0] 
  FLASH_ATTN_EXT(hsk=576,hsv=512,nh=4,nr23=[1,1],kv=113,nb=3,mask=0,sinks=0,max_bias=0.000000,logit_softcap=0.000000,prec=f32,type_K=f16,type_V=f16,permute=[0,1,2,3]): not supported [RD0] 
  FLASH_ATTN_EXT(hsk=576,hsv=512,nh=4,nr23=[1,1],kv=113,nb=32,mask=0,sinks=0,max_bias=0.000000,logit_softcap=0.000000,prec=f32,type_K=f16,type_V=f16,permute=[0,1,2,3]): not supported [RD0] 
  FLASH_ATTN_EXT(hsk=576,hsv=512,nh=4,nr23=[1,1],kv=113,nb=75,mask=0,sinks=0,max_bias=0.000000,logit_softcap=0.000000,prec=f32,type_K=f16,type_V=f16,permute=[0,1,2,3]): not supported [RD0] 
  FLASH_ATTN_EXT(hsk=576,hsv=512,nh=4,nr23=[1,1],kv=512,nb=1,mask=0,sinks=0,max_bias=0.000000,logit_softcap=0.000000,prec=f32,type_K=f16,type_V=f16,permute=[0,1,2,3]): not supported [RD0] 
  FLASH_ATTN_EXT(hsk=576,hsv=512,nh=4,nr23=[1,1],kv=512,nb=3,mask=0,sinks=0,max_bias=0.000000,logit_softcap=0.000000,prec=f32,type_K=f16,type_V=f16,permute=[0,1,2,3]): not supported [RD0] 
  FLASH_ATTN_EXT(hsk=576,hsv=512,nh=4,nr23=[1,1],kv=512,nb=32,mask=0,sinks=0,max_bias=0.000000,logit_softcap=0.000000,prec=f32,type_K=f16,type_V=f16,permute=[0,1,2,3]): not supported [RD0] 
  FLASH_ATTN_EXT(hsk=576,hsv=512,nh=4,nr23=[1,1],kv=512,nb=75,mask=0,sinks=0,max_bias=0.000000,logit_softcap=0.000000,prec=f32,type_K=f16,type_V=f16,permute=[0,1,2,3]): not supported [RD0] 
  FLASH_ATTN_EXT(hsk=576,hsv=512,nh=4,nr23=[1,1],kv=1024,nb=1,mask=0,sinks=0,max_bias=0.000000,logit_softcap=0.000000,prec=f32,type_K=f16,type_V=f16,permute=[0,1,2,3]): not supported [RD0] 
  FLASH_ATTN_EXT(hsk=576,hsv=512,nh=4,nr23=[1,1],kv=1024,nb=3,mask=0,sinks=0,max_bias=0.000000,logit_softcap=0.000000,prec=f32,type_K=f16,type_V=f16,permute=[0,1,2,3]): not supported [RD0] 
  FLASH_ATTN_EXT(hsk=576,hsv=512,nh=4,nr23=[1,1],kv=1024,nb=32,mask=0,sinks=0,max_bias=0.000000,logit_softcap=0.000000,prec=f32,type_K=f16,type_V=f16,permute=[0,1,2,3]): not supported [RD0] 
  FLASH_ATTN_EXT(hsk=576,hsv=512,nh=4,nr23=[1,1],kv=1024,nb=75,mask=0,sinks=0,max_bias=0.000000,logit_softcap=0.000000,prec=f32,type_K=f16,type_V=f16,permute=[0,1,2,3]): not supported [RD0] 
  FLASH_ATTN_EXT(hsk=576,hsv=512,nh=4,nr23=[4,1],kv=512,nb=1,mask=0,sinks=0,max_bias=0.000000,logit_softcap=0.000000,prec=f32,type_K=f16,type_V=f16,permute=[0,1,2,3]): not supported [RD0] 
  FLASH_ATTN_EXT(hsk=576,hsv=512,nh=4,nr23=[4,1],kv=512,nb=3,mask=0,sinks=0,max_bias=0.000000,logit_softcap=0.000000,prec=f32,type_K=f16,type_V=f16,permute=[0,1,2,3]): not supported [RD0] 
  FLASH_ATTN_EXT(hsk=576,hsv=512,nh=4,nr23=[4,1],kv=512,nb=32,mask=0,sinks=0,max_bias=0.000000,logit_softcap=0.000000,prec=f32,type_K=f16,type_V=f16,permute=[0,1,2,3]): not supported [RD0] 
  FLASH_ATTN_EXT(hsk=576,hsv=512,nh=4,nr23=[4,1],kv=512,nb=75,mask=0,sinks=0,max_bias=0.000000,logit_softcap=0.000000,prec=f32,type_K=f16,type_V=f16,permute=[0,1,2,3]): not supported [RD0] 
  FLASH_ATTN_EXT(hsk=64,hsv=64,nh=4,nr23=[1,1],kv=128,nb=2,mask=1,sinks=0,max_bias=0.000000,logit_softcap=0.000000,prec=f32,type_K=q8_0,type_V=q4_0,permute=[0,1,2,3]): not supported [RD0] 
  FLASH_ATTN_EXT(hsk=64,hsv=64,nh=4,nr23=[1,1],kv=128,nb=2,mask=1,sinks=0,max_bias=0.000000,logit_softcap=0.000000,prec=f32,type_K=q4_0,type_V=f16,permute=[0,1,2,3]): not supported [RD0] 
  FLASH_ATTN_EXT(hsk=72,hsv=72,nh=4,nr23=[1,1],kv=96,nb=2,mask=1,sinks=0,max_bias=0.000000,logit_softcap=0.000000,prec=f32,type_K=q4_0,type_V=q8_0,permute=[0,1,2,3]): not supported [RD0] 
  FLASH_ATTN_EXT(hsk=64,hsv=64,nh=4,nr23=[1,1],kv=96,nb=2,mask=1,sinks=0,max_bias=0.000000,logit_softcap=0.000000,prec=f32,type_K=f16,type_V=f32,permute=[0,1,2,3]): not supported [RD0] 
  FLASH_ATTN_EXT(hsk=128,hsv=128,nh=4,nr23=[1,1],kv=256,nb=1,mask=0,sinks=0,max_bias=0.000000,logit_softcap=0.000000,prec=f32,type_K=f16,type_V=q4_0,permute=[0,1,2,3]): not supported [RD0] 
  FLASH_ATTN_EXT(hsk=128,hsv=128,nh=4,nr23=[1,1],kv=96,nb=2,mask=1,sinks=0,max_bias=0.000000,logit_softcap=0.000000,prec=f32,type_K=q1_0,type_V=q1_0,permute=[0,1,2,3]): not supported [RD0] 
  FLASH_ATTN_EXT(hsk=128,hsv=64,nh=4,nr23=[1,1],kv=128,nb=2,mask=1,sinks=0,max_bias=0.000000,logit_softcap=0.000000,prec=f32,type_K=q1_0,type_V=q4_0,permute=[0,1,2,3]): not supported [RD0] 
  FLASH_ATTN_EXT(hsk=64,hsv=128,nh=4,nr23=[1,1],kv=128,nb=2,mask=1,sinks=0,max_bias=0.000000,logit_softcap=0.000000,prec=f32,type_K=q4_0,type_V=q1_0,permute=[0,1,2,3]): not supported [RD0] 
  FLASH_ATTN_EXT(hsk=128,hsv=64,nh=4,nr23=[1,1],kv=64,nb=2,mask=1,sinks=0,max_bias=0.000000,logit_softcap=0.000000,prec=f32,type_K=q1_0,type_V=f16,permute=[0,1,2,3]): not supported [RD0] 
  FLASH_ATTN_EXT(hsk=128,hsv=128,nh=4,nr23=[1,1],kv=96,nb=2,mask=1,sinks=0,max_bias=0.000000,logit_softcap=0.000000,prec=f32,type_K=q2_0,type_V=q2_0,permute=[0,1,2,3]): not supported [RD0] 
  FLASH_ATTN_EXT(hsk=128,hsv=64,nh=4,nr23=[1,1],kv=128,nb=2,mask=1,sinks=0,max_bias=0.000000,logit_softcap=0.000000,prec=f32,type_K=q2_0,type_V=q4_0,permute=[0,1,2,3]): not supported [RD0] 
  FLASH_ATTN_EXT(hsk=64,hsv=128,nh=4,nr23=[1,1],kv=128,nb=2,mask=1,sinks=0,max_bias=0.000000,logit_softcap=0.000000,prec=f32,type_K=q4_0,type_V=q2_0,permute=[0,1,2,3]): not supported [RD0] 
  FLASH_ATTN_EXT(hsk=128,hsv=64,nh=4,nr23=[1,1],kv=64,nb=2,mask=1,sinks=0,max_bias=0.000000,logit_softcap=0.000000,prec=f32,type_K=q2_0,type_V=f16,permute=[0,1,2,3]): not supported [RD0] 
  FLASH_ATTN_EXT(hsk=256,hsv=256,nh=4,nr23=[6,1],kv=4096,nb=512,mask=1,sinks=0,max_bias=0.000000,logit_softcap=0.000000,prec=f32,type_K=f16,type_V=f16,permute=[0,1,2,3]): not supported [RD0] 
  FLASH_ATTN_EXT(hsk=128,hsv=128,nh=8,nr23=[4,1],kv=4096,nb=512,mask=1,sinks=0,max_bias=0.000000,logit_softcap=0.000000,prec=f32,type_K=f16,type_V=f16,permute=[0,1,2,3]): not supported [RD0] 
  FLASH_ATTN_EXT(hsk=256,hsv=256,nh=4,nr23=[6,1],kv=16384,nb=512,mask=1,sinks=0,max_bias=0.000000,logit_softcap=0.000000,prec=f32,type_K=f16,type_V=f16,permute=[0,1,2,3]): not supported [RD0] 
  FLASH_ATTN_EXT(hsk=128,hsv=128,nh=8,nr23=[4,1],kv=16384,nb=512,mask=1,sinks=0,max_bias=0.000000,logit_softcap=0.000000,prec=f32,type_K=f16,type_V=f16,permute=[0,1,2,3]): not supported [RD0] 
  FLASH_ATTN_EXT(hsk=128,hsv=128,nh=12,nr23=[1,1],kv=5,nb=64,mask=0,sinks=0,max_bias=0.000000,logit_softcap=0.000000,prec=f32,type_K=f32,type_V=f32,permute=[0,1,2,3]): OK
  FLASH_ATTN_EXT(hsk=128,hsv=128,nh=12,nr23=[1,1],kv=5,nb=912,mask=0,sinks=0,max_bias=0.000000,logit_softcap=0.000000,prec=f32,type_K=f32,type_V=f32,permute=[0,1,2,3]): OK
  FLASH_ATTN_EXT(hsk=128,hsv=128,nh=12,nr23=[1,1],kv=1029,nb=64,mask=0,sinks=0,max_bias=0.000000,logit_softcap=0.000000,prec=f32,type_K=f32,type_V=f32,permute=[0,1,2,3]): OK
  FLASH_ATTN_EXT(hsk=128,hsv=128,nh=12,nr23=[1,1],kv=1029,nb=912,mask=0,sinks=0,max_bias=0.000000,logit_softcap=0.000000,prec=f32,type_K=f32,type_V=f32,permute=[0,1,2,3]): OK
  FLASH_ATTN_EXT(hsk=128,hsv=128,nh=12,nr23=[1,1],kv=4096,nb=16,mask=0,sinks=0,max_bias=0.000000,logit_softcap=0.000000,prec=f32,type_K=f32,type_V=f32,permute=[0,1,2,3]): OK
  FLASH_ATTN_EXT(hsk=128,hsv=128,nh=12,nr23=[1,1],kv=912,nb=912,mask=0,sinks=0,max_bias=0.000000,logit_softcap=0.000000,prec=f32,type_K=f32,type_V=f32,permute=[0,1,2,3]): OK
  250/250 tests passed
  Backend RD0: OK
2/2 backends passed
OK
ggml_test: test-backend-ops returned 0
ggml_test: rd stats graphs=3433 nodes=4441 dispatches=1287 skipped=3154 barriers=719 failed_graphs=0 last{nodes=1 dispatches=0 barriers=0 skipped=1} pipelines=6 set0_created=505 slots_created=256 coop_yields=2 waits=505 faults=0 params_bytes=329472 set_bytes=3487669840 get_bytes=4256022560 copies=0 clears=0 buffers_live=0 bytes_live=0
