Godot Engine v4.7.2.stable.official.ed1daf0bf - https://godotengine.org
Vulkan 1.4.351 - Forward+ - Using Device #0: NVIDIA - NVIDIA GeForce RTX 4090

# Gate 3 G3.ops, 2026-09-23T07:34:49, Godot 4.7.2-stable (official), AMD Ryzen 7 3800X 8-Core Processor, NVIDIA GeForce RTX 4090
attach: attached device=NVIDIA GeForce RTX 4090 total_mb=24576
ERROR: [godot_mcp] runtime HTTP listen failed on :8789 — something else holds it (the editor plugin uses 8788). Set --mcp-port= or GODOT_MCP_PORT.
   at: push_error (core/variant/variant_utility.cpp:1023)
   GDScript backtrace (most recent call first):
       [0] _ready (res://addons/vsekai_godot_mcp/mcp_runtime.gd:40)
PROBE chain n=256 status=0 nodes=256 dispatches=256 barriers=255 exact=256/256 x[0]=256 x[255]=256 barrier_all=0

RESULT: PASS (chain)

ggml_test: rd stats graphs=1 nodes=256 dispatches=256 skipped=0 barriers=255 failed_graphs=0 last{nodes=256 dispatches=256 barriers=255 skipped=0} pipelines=1 set0_created=1 slots_created=256 coop_yields=1 waits=1 faults=0 params_bytes=65536 set_bytes=2048 get_bytes=1024 copies=0 clears=0 buffers_live=0 bytes_live=0

== probe_chain: done in 0.1 s, frames=3 pumps=3 vm_ms=62.1 waits=1 coops=1 reads=0 read_bytes=0 uploads=0 upload_bytes=0
   PROBE chain n=256 status=0 nodes=256 dispatches=256 barriers=255 exact=256/256 x[0]=256 x[255]=256 barrier_all=0
   RESULT: PASS (chain)
   rd: graphs=1 nodes=256 dispatches=256 skipped=0 barriers=255 failed_graphs=0 last{nodes=256 dispatches=256 barriers=255 skipped=0} pipelines=1 set0_created=1 slots_created=256 coop_yields=1 waits=1 faults=0 params_bytes=65536 set_bytes=2048 get_bytes=1024 copies=0 clears=0 buffers_live=0 bytes_live=0 rule4_same_frame_syncs=0 syncs=1 submits=1 recoveries=0 permanent_slots=0 | 29 of 29 RenderingDevice method names in slots of their own (host name cache: 32 slots)
PROBE chain n=256 status=0 nodes=256 dispatches=256 barriers=255 exact=256/256 x[0]=256 x[255]=256 barrier_all=1

RESULT: PASS (chain)

ggml_test: rd stats graphs=2 nodes=512 dispatches=512 skipped=0 barriers=510 failed_graphs=0 last{nodes=256 dispatches=256 barriers=255 skipped=0} pipelines=1 set0_created=2 slots_created=256 coop_yields=1 waits=2 faults=0 params_bytes=131072 set_bytes=4096 get_bytes=2048 copies=0 clears=0 buffers_live=0 bytes_live=0

== probe_chain_barrier_all: done in 0.0 s, frames=2 pumps=2 vm_ms=7.7 waits=1 coops=0 reads=0 read_bytes=0 uploads=0 upload_bytes=0
   PROBE chain n=256 status=0 nodes=256 dispatches=256 barriers=255 exact=256/256 x[0]=256 x[255]=256 barrier_all=1
   RESULT: PASS (chain)
   rd: graphs=2 nodes=512 dispatches=512 skipped=0 barriers=510 failed_graphs=0 last{nodes=256 dispatches=256 barriers=255 skipped=0} pipelines=1 set0_created=2 slots_created=256 coop_yields=1 waits=2 faults=0 params_bytes=131072 set_bytes=4096 get_bytes=2048 copies=0 clears=0 buffers_live=0 bytes_live=0 rule4_same_frame_syncs=0 syncs=2 submits=2 recoveries=0 permanent_slots=0 | 29 of 29 RenderingDevice method names in slots of their own (host name cache: 32 slots)
PROBE independent n=64 status=0 dispatches=64 barriers=0 (want 0) exact=64000/64000 barrier_all=0

RESULT: PASS (independent)

ggml_test: rd stats graphs=3 nodes=576 dispatches=576 skipped=0 barriers=510 failed_graphs=0 last{nodes=64 dispatches=64 barriers=0 skipped=0} pipelines=2 set0_created=3 slots_created=256 coop_yields=1 waits=3 faults=0 params_bytes=147456 set_bytes=12096 get_bytes=258048 copies=0 clears=0 buffers_live=0 bytes_live=0

== probe_independent: done in 0.0 s, frames=2 pumps=2 vm_ms=33.6 waits=1 coops=0 reads=0 read_bytes=0 uploads=0 upload_bytes=0
   PROBE independent n=64 status=0 dispatches=64 barriers=0 (want 0) exact=64000/64000 barrier_all=0
   RESULT: PASS (independent)
   rd: graphs=3 nodes=576 dispatches=576 skipped=0 barriers=510 failed_graphs=0 last{nodes=64 dispatches=64 barriers=0 skipped=0} pipelines=2 set0_created=3 slots_created=256 coop_yields=1 waits=3 faults=0 params_bytes=147456 set_bytes=12096 get_bytes=258048 copies=0 clears=0 buffers_live=0 bytes_live=0 rule4_same_frame_syncs=0 syncs=3 submits=3 recoveries=0 permanent_slots=0 | 29 of 29 RenderingDevice method names in slots of their own (host name cache: 32 slots)
PROBE independent n=64 status=0 dispatches=64 barriers=63 (want 63) exact=64000/64000 barrier_all=1

RESULT: PASS (independent)

ggml_test: rd stats graphs=4 nodes=640 dispatches=640 skipped=0 barriers=573 failed_graphs=0 last{nodes=64 dispatches=64 barriers=63 skipped=0} pipelines=2 set0_created=4 slots_created=256 coop_yields=1 waits=4 faults=0 params_bytes=163840 set_bytes=20096 get_bytes=514048 copies=0 clears=0 buffers_live=0 bytes_live=0

== probe_independent_barrier_all: done in 0.0 s, frames=2 pumps=2 vm_ms=29.8 waits=1 coops=0 reads=0 read_bytes=0 uploads=0 upload_bytes=0
   PROBE independent n=64 status=0 dispatches=64 barriers=63 (want 63) exact=64000/64000 barrier_all=1
   RESULT: PASS (independent)
   rd: graphs=4 nodes=640 dispatches=640 skipped=0 barriers=573 failed_graphs=0 last{nodes=64 dispatches=64 barriers=63 skipped=0} pipelines=2 set0_created=4 slots_created=256 coop_yields=1 waits=4 faults=0 params_bytes=163840 set_bytes=20096 get_bytes=514048 copies=0 clears=0 buffers_live=0 bytes_live=0 rule4_same_frame_syncs=0 syncs=4 submits=4 recoveries=0 permanent_slots=0 | 29 of 29 RenderingDevice method names in slots of their own (host name cache: 32 slots)
PROBE files path=<checkout>/project/../gates/3-ggml-rd/ops/k1k5/upload_probe.f32 read_bytes=16384 upload_offset=512 upload_exact=4096/4096 x+x_exact=4096/4096 status=0

RESULT: PASS (files)

ggml_test: rd stats graphs=5 nodes=641 dispatches=641 skipped=0 barriers=573 failed_graphs=0 last{nodes=1 dispatches=1 barriers=0 skipped=0} pipelines=2 set0_created=5 slots_created=256 coop_yields=1 waits=5 faults=0 params_bytes=164096 set_bytes=36480 get_bytes=546816 copies=0 clears=0 buffers_live=0 bytes_live=0

== probe_files: done in 0.0 s, frames=2 pumps=4 vm_ms=3.5 waits=1 coops=0 reads=1 read_bytes=16384 uploads=1 upload_bytes=16384
   PROBE files path=<checkout>/project/../gates/3-ggml-rd/ops/k1k5/upload_probe.f32 read_bytes=16384 upload_offset=512 upload_exact=4096/4096 x+x_exact=4096/4096 status=0
   RESULT: PASS (files)
   rd: graphs=5 nodes=641 dispatches=641 skipped=0 barriers=573 failed_graphs=0 last{nodes=1 dispatches=1 barriers=0 skipped=0} pipelines=2 set0_created=5 slots_created=256 coop_yields=1 waits=5 faults=0 params_bytes=164096 set_bytes=36480 get_bytes=546816 copies=0 clears=0 buffers_live=0 bytes_live=0 rule4_same_frame_syncs=0 syncs=5 submits=5 recoveries=0 permanent_slots=0 | 29 of 29 RenderingDevice method names in slots of their own (host name cache: 32 slots)
PROBE alias rw kernel=add_f32 rounds=1000 barriers=999 elements=4096 exact=4096/4096 min=1000 max=1000 mean=1000.0 (want 1000)

RESULT: PASS (alias rw)

ggml_test: rd stats graphs=5 nodes=641 dispatches=641 skipped=0 barriers=573 failed_graphs=0 last{nodes=1 dispatches=1 barriers=0 skipped=0} pipelines=2 set0_created=5 slots_created=256 coop_yields=1 waits=5 faults=0 params_bytes=164096 set_bytes=69248 get_bytes=563200 copies=0 clears=0 buffers_live=0 bytes_live=0

== probe_alias_rw: done in 0.0 s, frames=2 pumps=2 vm_ms=10.7 waits=1 coops=0 reads=0 read_bytes=0 uploads=0 upload_bytes=0
   PROBE alias rw kernel=add_f32 rounds=1000 barriers=999 elements=4096 exact=4096/4096 min=1000 max=1000 mean=1000.0 (want 1000)
   RESULT: PASS (alias rw)
   rd: graphs=5 nodes=641 dispatches=641 skipped=0 barriers=573 failed_graphs=0 last{nodes=1 dispatches=1 barriers=0 skipped=0} pipelines=2 set0_created=5 slots_created=256 coop_yields=1 waits=5 faults=0 params_bytes=164096 set_bytes=69248 get_bytes=563200 copies=0 clears=0 buffers_live=0 bytes_live=0 rule4_same_frame_syncs=0 syncs=6 submits=6 recoveries=0 permanent_slots=0 | 29 of 29 RenderingDevice method names in slots of their own (host name cache: 32 slots)
PROBE alias ro kernel=ctl_add_f32_rosrc rounds=1000 barriers=999 elements=4096 exact=0/4096 min=12 max=161 mean=44.5 (want 1000)

RESULT: PASS (alias ro (control))

ggml_test: rd stats graphs=5 nodes=641 dispatches=641 skipped=0 barriers=573 failed_graphs=0 last{nodes=1 dispatches=1 barriers=0 skipped=0} pipelines=2 set0_created=5 slots_created=256 coop_yields=1 waits=5 faults=0 params_bytes=164096 set_bytes=102016 get_bytes=579584 copies=0 clears=0 buffers_live=0 bytes_live=0

== probe_alias_ro_control: done in 0.0 s, frames=2 pumps=2 vm_ms=7.6 waits=1 coops=0 reads=0 read_bytes=0 uploads=0 upload_bytes=0
   PROBE alias ro kernel=ctl_add_f32_rosrc rounds=1000 barriers=999 elements=4096 exact=0/4096 min=12 max=161 mean=44.5 (want 1000)
   RESULT: PASS (alias ro (control))
   rd: graphs=5 nodes=641 dispatches=641 skipped=0 barriers=573 failed_graphs=0 last{nodes=1 dispatches=1 barriers=0 skipped=0} pipelines=2 set0_created=5 slots_created=256 coop_yields=1 waits=5 faults=0 params_bytes=164096 set_bytes=102016 get_bytes=579584 copies=0 clears=0 buffers_live=0 bytes_live=0 rule4_same_frame_syncs=0 syncs=7 submits=7 recoveries=0 permanent_slots=0 | 29 of 29 RenderingDevice method names in slots of their own (host name cache: 32 slots)
Testing 2 devices


Backend 1/2: CPU

  Skipping

Backend 2/2: RD0

  Device description: Godot RenderingDevice (NVIDIA GeForce RTX 4090)

  Device memory: 24576 MB (24576 MB free)



  NEG(type=f16,ne_a=[128,2,2,2],v=0): 
not supported [RD0] 

  NEG(type=f16,ne_a=[5,7,11,13],v=0): 
not supported [RD0] 

  SIGMOID(type=f16,ne_a=[128,2,2,2],v=0): 
not supported [RD0] 

  SIGMOID(type=f16,ne_a=[5,7,11,13],v=0): 
not supported [RD0] 

  GELU(type=f16,ne_a=[128,2,2,2],v=0): 
not supported [RD0] 

  GELU(type=f16,ne_a=[5,7,11,13],v=0): 
not supported [RD0] 

  SILU(type=f16,ne_a=[128,2,2,2],v=0): 
not supported [RD0] 

  SILU(type=f16,ne_a=[5,7,11,13],v=0): 
not supported [RD0] 

  GELU_ERF(type=f16,ne_a=[128,2,2,2],v=0): 
not supported [RD0] 

  GELU_ERF(type=f16,ne_a=[5,7,11,13],v=0): 
not supported [RD0] 

  NEG(type=f16,ne_a=[128,2,2,2],v=1): 
not supported [RD0] 

  NEG(type=f16,ne_a=[5,7,11,13],v=1): 
not supported [RD0] 

  SIGMOID(type=f16,ne_a=[128,2,2,2],v=1): 
not supported [RD0] 

  SIGMOID(type=f16,ne_a=[5,7,11,13],v=1): 
not supported [RD0] 

  GELU(type=f16,ne_a=[128,2,2,2],v=1): 
not supported [RD0] 

  GELU(type=f16,ne_a=[5,7,11,13],v=1): 
not supported [RD0] 

  SILU(type=f16,ne_a=[128,2,2,2],v=1): 
not supported [RD0] 

  SILU(type=f16,ne_a=[5,7,11,13],v=1): 
not supported [RD0] 

  GELU_ERF(type=f16,ne_a=[128,2,2,2],v=1): 
not supported [RD0] 

  GELU_ERF(type=f16,ne_a=[5,7,11,13],v=1): 
not supported [RD0] 

  NEG(type=f32,ne_a=[128,2,2,2],v=0): 
[1;32mOK[0m

  NEG(type=f32,ne_a=[5,7,11,13],v=0): 
[1;32mOK[0m

  SIGMOID(type=f32,ne_a=[128,2,2,2],v=0): 
[1;32mOK[0m

  SIGMOID(type=f32,ne_a=[5,7,11,13],v=0): 
[1;32mOK[0m

  GELU(type=f32,ne_a=[128,2,2,2],v=0): 
[1;32mOK[0m

  GELU(type=f32,ne_a=[5,7,11,13],v=0): 
[1;32mOK[0m

  SILU(type=f32,ne_a=[128,2,2,2],v=0): 
[1;32mOK[0m

  SILU(type=f32,ne_a=[5,7,11,13],v=0): 
[1;32mOK[0m

  GELU_ERF(type=f32,ne_a=[128,2,2,2],v=0): 
[1;32mOK[0m

  GELU_ERF(type=f32,ne_a=[5,7,11,13],v=0): 
[1;32mOK[0m

  NEG(type=f32,ne_a=[128,2,2,2],v=1): 
[1;32mOK[0m

  NEG(type=f32,ne_a=[5,7,11,13],v=1): 
[1;32mOK[0m

  SIGMOID(type=f32,ne_a=[128,2,2,2],v=1): 
[1;32mOK[0m

  SIGMOID(type=f32,ne_a=[5,7,11,13],v=1): 
[1;32mOK[0m

  GELU(type=f32,ne_a=[128,2,2,2],v=1): 
[1;32mOK[0m

  GELU(type=f32,ne_a=[5,7,11,13],v=1): 
[1;32mOK[0m

  SILU(type=f32,ne_a=[128,2,2,2],v=1): 
[1;32mOK[0m

  SILU(type=f32,ne_a=[5,7,11,13],v=1): 
[1;32mOK[0m

  GELU_ERF(type=f32,ne_a=[128,2,2,2],v=1): 
[1;32mOK[0m

  GELU_ERF(type=f32,ne_a=[5,7,11,13],v=1): 
[1;32mOK[0m

  SCALE(type=f32,ne=[10,10,10,10],scale=2.000000,bias=0.000000,inplace=0): 
[1;32mOK[0m

  SCALE(type=f32,ne=[10,10,10,10],scale=2.000000,bias=1.000000,inplace=0): 
[1;32mOK[0m

  SCALE(type=f32,ne=[10,10,10,10],scale=2.000000,bias=1.000000,inplace=1): 
[1;32mOK[0m

  SCALE(type=f32,ne=[100,10,10,10],scale=2.000000,bias=1.000000,inplace=0): 
[1;32mOK[0m

  DIAG_MASK_INF(type=f32,ne=[10,10,1,1],n_past=5): 
[1;32mOK[0m

  DIAG_MASK_INF(type=f32,ne=[10,10,3,1],n_past=5): 
[1;32mOK[0m

  DIAG_MASK_INF(type=f32,ne=[10,10,3,2],n_past=5): 
[1;32mOK[0m

  ROPE(type=f32,ne_a=[128,32,2,1],n_dims=128,mode=0,n_ctx=512,fs=1.000000,ef=0.000000,af=1.000000,ff=0,v=0,inplace=0): 
not supported [RD0] 

  ROPE(type=f32,ne_a=[128,40,2,1],n_dims=128,mode=0,n_ctx=512,fs=1.000000,ef=0.000000,af=1.000000,ff=0,v=0,inplace=0): 
not supported [RD0] 

  ROPE(type=f32,ne_a=[128,52,2,1],n_dims=128,mode=0,n_ctx=512,fs=1.000000,ef=0.000000,af=1.000000,ff=0,v=0,inplace=0): 
not supported [RD0] 

  ROPE(type=f32,ne_a=[128,64,2,1],n_dims=128,mode=0,n_ctx=512,fs=1.000000,ef=0.000000,af=1.000000,ff=0,v=0,inplace=0): 
not supported [RD0] 

  ROPE(type=f32,ne_a=[16,16,8192,1],n_dims=16,mode=0,n_ctx=512,fs=1.000000,ef=0.000000,af=1.000000,ff=0,v=0,inplace=0): 
not supported [RD0] 

  ROPE(type=f32,ne_a=[64,1,2,1],n_dims=64,mode=2,n_ctx=512,fs=1.000000,ef=0.000000,af=1.000000,ff=0,v=0,inplace=0): 
[1;32mOK[0m

  ROPE(type=f32,ne_a=[64,71,2,1],n_dims=64,mode=2,n_ctx=512,fs=1.000000,ef=0.000000,af=1.000000,ff=0,v=0,inplace=0): 
[1;32mOK[0m

  ROPE(type=f32,ne_a=[64,8,2,1],n_dims=64,mode=2,n_ctx=512,fs=1.000000,ef=0.000000,af=1.000000,ff=0,v=0,inplace=0): 
[1;32mOK[0m

  ROPE(type=f32,ne_a=[80,32,2,1],n_dims=20,mode=0,n_ctx=512,fs=1.000000,ef=0.000000,af=1.000000,ff=0,v=0,inplace=0): 
not supported [RD0] 

  ROPE(type=f32,ne_a=[80,32,2,1],n_dims=32,mode=0,n_ctx=512,fs=1.000000,ef=0.000000,af=1.000000,ff=0,v=0,inplace=0): 
not supported [RD0] 

  ROPE(type=f32,ne_a=[80,32,4,1],n_dims=32,mode=0,n_ctx=512,fs=1.000000,ef=0.000000,af=1.000000,ff=0,v=0,inplace=0): 
not supported [RD0] 

  ROPE(type=f32,ne_a=[80,32,2,1],n_dims=20,mode=2,n_ctx=512,fs=1.000000,ef=0.000000,af=1.000000,ff=0,v=0,inplace=0): 
[1;32mOK[0m

  ROPE(type=f32,ne_a=[80,32,2,1],n_dims=32,mode=2,n_ctx=512,fs=1.000000,ef=0.000000,af=1.000000,ff=0,v=0,inplace=0): 
[1;32mOK[0m

  ROPE(type=f32,ne_a=[80,32,4,1],n_dims=32,mode=2,n_ctx=512,fs=1.000000,ef=0.000000,af=1.000000,ff=0,v=0,inplace=0): 
[1;32mOK[0m

  ROPE(type=f32,ne_a=[16,16,8192,1],n_dims=16,mode=2,n_ctx=512,fs=1.000000,ef=0.000000,af=1.000000,ff=0,v=0,inplace=0): 
[1;32mOK[0m

  ROPE(type=f32,ne_a=[128,12,2,1],n_dims=128,mode=8,n_ctx=512,fs=1.000000,ef=0.000000,af=1.000000,ff=0,v=0,inplace=0): 
not supported [RD0] 

  ROPE(type=f32,ne_a=[128,28,2,1],n_dims=128,mode=8,n_ctx=512,fs=1.000000,ef=0.000000,af=1.000000,ff=0,v=0,inplace=0): 
not supported [RD0] 

  ROPE(type=f32,ne_a=[128,12,2,1],n_dims=20,mode=8,n_ctx=512,fs=1.000000,ef=0.000000,af=1.000000,ff=0,v=0,inplace=0): 
not supported [RD0] 

  ROPE(type=f32,ne_a=[128,28,2,1],n_dims=32,mode=8,n_ctx=512,fs=1.000000,ef=0.000000,af=1.000000,ff=0,v=0,inplace=0): 
not supported [RD0] 

  ROPE(type=f32,ne_a=[128,12,2,1],n_dims=128,mode=40,n_ctx=512,fs=1.000000,ef=0.000000,af=1.000000,ff=0,v=0,inplace=0): 
not supported [RD0] 

  ROPE(type=f32,ne_a=[128,28,2,1],n_dims=128,mode=40,n_ctx=512,fs=1.000000,ef=0.000000,af=1.000000,ff=0,v=0,inplace=0): 
not supported [RD0] 

  ROPE(type=f32,ne_a=[128,12,2,1],n_dims=20,mode=40,n_ctx=512,fs=1.000000,ef=0.000000,af=1.000000,ff=0,v=0,inplace=0): 
not supported [RD0] 

  ROPE(type=f32,ne_a=[128,28,2,1],n_dims=32,mode=40,n_ctx=512,fs=1.000000,ef=0.000000,af=1.000000,ff=0,v=0,inplace=0): 
not supported [RD0] 

  ROPE(type=f32,ne_a=[80,16,2,1],n_dims=80,mode=24,n_ctx=512,fs=1.000000,ef=0.000000,af=1.000000,ff=0,v=0,inplace=0): 
not supported [RD0] 

  ROPE(type=f32,ne_a=[128,16,2,1],n_dims=128,mode=40,n_ctx=512,fs=1.000000,ef=0.000000,af=1.000000,ff=0,v=0,inplace=0): 
not supported [RD0] 

  ROPE(type=f32,ne_a=[16,16,8192,1],n_dims=16,mode=40,n_ctx=512,fs=1.000000,ef=0.000000,af=1.000000,ff=0,v=0,inplace=0): 
not supported [RD0] 

  ROPE(type=f32,ne_a=[64,128,2,1],n_dims=64,mode=2,n_ctx=512,fs=1.000000,ef=0.000000,af=1.000000,ff=0,v=0,inplace=0): 
[1;32mOK[0m

  ROPE(type=f32,ne_a=[128,32,2,1],n_dims=128,mode=0,n_ctx=512,fs=1.000000,ef=0.000000,af=1.000000,ff=0,v=1,inplace=0): 
not supported [RD0] 

  ROPE(type=f32,ne_a=[128,40,2,1],n_dims=128,mode=0,n_ctx=512,fs=1.000000,ef=0.000000,af=1.000000,ff=0,v=1,inplace=0): 
not supported [RD0] 

  ROPE(type=f32,ne_a=[128,52,2,1],n_dims=128,mode=0,n_ctx=512,fs=1.000000,ef=0.000000,af=1.000000,ff=0,v=1,inplace=0): 
not supported [RD0] 

  ROPE(type=f32,ne_a=[128,64,2,1],n_dims=128,mode=0,n_ctx=512,fs=1.000000,ef=0.000000,af=1.000000,ff=0,v=1,inplace=0): 
not supported [RD0] 

  ROPE(type=f32,ne_a=[16,16,8192,1],n_dims=16,mode=0,n_ctx=512,fs=1.000000,ef=0.000000,af=1.000000,ff=0,v=1,inplace=0): 
not supported [RD0] 

  ROPE(type=f32,ne_a=[64,1,2,1],n_dims=64,mode=2,n_ctx=512,fs=1.000000,ef=0.000000,af=1.000000,ff=0,v=1,inplace=0): 
[1;32mOK[0m

  ROPE(type=f32,ne_a=[64,71,2,1],n_dims=64,mode=2,n_ctx=512,fs=1.000000,ef=0.000000,af=1.000000,ff=0,v=1,inplace=0): 
[1;32mOK[0m

  ROPE(type=f32,ne_a=[64,8,2,1],n_dims=64,mode=2,n_ctx=512,fs=1.000000,ef=0.000000,af=1.000000,ff=0,v=1,inplace=0): 
[1;32mOK[0m

  ROPE(type=f32,ne_a=[80,32,2,1],n_dims=20,mode=0,n_ctx=512,fs=1.000000,ef=0.000000,af=1.000000,ff=0,v=1,inplace=0): 
not supported [RD0] 

  ROPE(type=f32,ne_a=[80,32,2,1],n_dims=32,mode=0,n_ctx=512,fs=1.000000,ef=0.000000,af=1.000000,ff=0,v=1,inplace=0): 
not supported [RD0] 

  ROPE(type=f32,ne_a=[80,32,4,1],n_dims=32,mode=0,n_ctx=512,fs=1.000000,ef=0.000000,af=1.000000,ff=0,v=1,inplace=0): 
not supported [RD0] 

  ROPE(type=f32,ne_a=[80,32,2,1],n_dims=20,mode=2,n_ctx=512,fs=1.000000,ef=0.000000,af=1.000000,ff=0,v=1,inplace=0): 
[1;32mOK[0m

  ROPE(type=f32,ne_a=[80,32,2,1],n_dims=32,mode=2,n_ctx=512,fs=1.000000,ef=0.000000,af=1.000000,ff=0,v=1,inplace=0): 
[1;32mOK[0m

  ROPE(type=f32,ne_a=[80,32,4,1],n_dims=32,mode=2,n_ctx=512,fs=1.000000,ef=0.000000,af=1.000000,ff=0,v=1,inplace=0): 
[1;32mOK[0m

  ROPE(type=f32,ne_a=[16,16,8192,1],n_dims=16,mode=2,n_ctx=512,fs=1.000000,ef=0.000000,af=1.000000,ff=0,v=1,inplace=0): 
[1;32mOK[0m

  ROPE(type=f32,ne_a=[128,12,2,1],n_dims=128,mode=8,n_ctx=512,fs=1.000000,ef=0.000000,af=1.000000,ff=0,v=1,inplace=0): 
not supported [RD0] 

  ROPE(type=f32,ne_a=[128,28,2,1],n_dims=128,mode=8,n_ctx=512,fs=1.000000,ef=0.000000,af=1.000000,ff=0,v=1,inplace=0): 
not supported [RD0] 

  ROPE(type=f32,ne_a=[128,12,2,1],n_dims=20,mode=8,n_ctx=512,fs=1.000000,ef=0.000000,af=1.000000,ff=0,v=1,inplace=0): 
not supported [RD0] 

  ROPE(type=f32,ne_a=[128,28,2,1],n_dims=32,mode=8,n_ctx=512,fs=1.000000,ef=0.000000,af=1.000000,ff=0,v=1,inplace=0): 
not supported [RD0] 

  ROPE(type=f32,ne_a=[128,12,2,1],n_dims=128,mode=40,n_ctx=512,fs=1.000000,ef=0.000000,af=1.000000,ff=0,v=1,inplace=0): 
not supported [RD0] 

  ROPE(type=f32,ne_a=[128,28,2,1],n_dims=128,mode=40,n_ctx=512,fs=1.000000,ef=0.000000,af=1.000000,ff=0,v=1,inplace=0): 
not supported [RD0] 

  ROPE(type=f32,ne_a=[128,12,2,1],n_dims=20,mode=40,n_ctx=512,fs=1.000000,ef=0.000000,af=1.000000,ff=0,v=1,inplace=0): 
not supported [RD0] 

  ROPE(type=f32,ne_a=[128,28,2,1],n_dims=32,mode=40,n_ctx=512,fs=1.000000,ef=0.000000,af=1.000000,ff=0,v=1,inplace=0): 
not supported [RD0] 

  ROPE(type=f32,ne_a=[80,16,2,1],n_dims=80,mode=24,n_ctx=512,fs=1.000000,ef=0.000000,af=1.000000,ff=0,v=1,inplace=0): 
not supported [RD0] 

  ROPE(type=f32,ne_a=[128,16,2,1],n_dims=128,mode=40,n_ctx=512,fs=1.000000,ef=0.000000,af=1.000000,ff=0,v=1,inplace=0): 
not supported [RD0] 

  ROPE(type=f32,ne_a=[16,16,8192,1],n_dims=16,mode=40,n_ctx=512,fs=1.000000,ef=0.000000,af=1.000000,ff=0,v=1,inplace=0): 
not supported [RD0] 

  ROPE(type=f32,ne_a=[64,128,2,1],n_dims=64,mode=2,n_ctx=512,fs=1.000000,ef=0.000000,af=1.000000,ff=0,v=1,inplace=0): 
[1;32mOK[0m

  ROPE(type=f32,ne_a=[36,16,2457,1],n_dims=36,mode=0,n_ctx=512,fs=1.000000,ef=0.000000,af=1.000000,ff=0,v=2,inplace=0): 
not supported [RD0] 

  ROPE(type=f32,ne_a=[36,16,2457,1],n_dims=36,mode=2,n_ctx=512,fs=1.000000,ef=0.000000,af=1.000000,ff=0,v=2,inplace=0): 
[1;32mOK[0m

  ROPE(type=f32,ne_a=[36,16,2457,1],n_dims=36,mode=8,n_ctx=512,fs=1.000000,ef=0.000000,af=1.000000,ff=0,v=2,inplace=0): 
not supported [RD0] 

  ROPE(type=f32,ne_a=[36,16,2457,1],n_dims=36,mode=40,n_ctx=512,fs=1.000000,ef=0.000000,af=1.000000,ff=0,v=2,inplace=0): 
not supported [RD0] 

  ROPE(type=f32,ne_a=[36,16,2457,1],n_dims=36,mode=24,n_ctx=512,fs=1.000000,ef=0.000000,af=1.000000,ff=0,v=2,inplace=0): 
not supported [RD0] 

  ROPE(type=f32,ne_a=[128,32,2,1],n_dims=128,mode=0,n_ctx=512,fs=1.000000,ef=0.000000,af=1.000000,ff=1,v=0,inplace=0): 
not supported [RD0] 

  ROPE(type=f32,ne_a=[128,40,2,1],n_dims=128,mode=0,n_ctx=512,fs=1.000000,ef=0.000000,af=1.000000,ff=1,v=0,inplace=0): 
not supported [RD0] 

  ROPE(type=f32,ne_a=[128,52,2,1],n_dims=128,mode=0,n_ctx=512,fs=1.000000,ef=0.000000,af=1.000000,ff=1,v=0,inplace=0): 
not supported [RD0] 

  ROPE(type=f32,ne_a=[128,64,2,1],n_dims=128,mode=0,n_ctx=512,fs=1.000000,ef=0.000000,af=1.000000,ff=1,v=0,inplace=0): 
not supported [RD0] 

  ROPE(type=f32,ne_a=[16,16,8192,1],n_dims=16,mode=0,n_ctx=512,fs=1.000000,ef=0.000000,af=1.000000,ff=1,v=0,inplace=0): 
not supported [RD0] 

  ROPE(type=f32,ne_a=[64,1,2,1],n_dims=64,mode=2,n_ctx=512,fs=1.000000,ef=0.000000,af=1.000000,ff=1,v=0,inplace=0): 
not supported [RD0] 

  ROPE(type=f32,ne_a=[64,71,2,1],n_dims=64,mode=2,n_ctx=512,fs=1.000000,ef=0.000000,af=1.000000,ff=1,v=0,inplace=0): 
not supported [RD0] 

  ROPE(type=f32,ne_a=[64,8,2,1],n_dims=64,mode=2,n_ctx=512,fs=1.000000,ef=0.000000,af=1.000000,ff=1,v=0,inplace=0): 
not supported [RD0] 

  ROPE(type=f32,ne_a=[80,32,2,1],n_dims=20,mode=0,n_ctx=512,fs=1.000000,ef=0.000000,af=1.000000,ff=1,v=0,inplace=0): 
not supported [RD0] 

  ROPE(type=f32,ne_a=[80,32,2,1],n_dims=32,mode=0,n_ctx=512,fs=1.000000,ef=0.000000,af=1.000000,ff=1,v=0,inplace=0): 
not supported [RD0] 

  ROPE(type=f32,ne_a=[80,32,4,1],n_dims=32,mode=0,n_ctx=512,fs=1.000000,ef=0.000000,af=1.000000,ff=1,v=0,inplace=0): 
not supported [RD0] 

  ROPE(type=f32,ne_a=[80,32,2,1],n_dims=20,mode=2,n_ctx=512,fs=1.000000,ef=0.000000,af=1.000000,ff=1,v=0,inplace=0): 
not supported [RD0] 

  ROPE(type=f32,ne_a=[80,32,2,1],n_dims=32,mode=2,n_ctx=512,fs=1.000000,ef=0.000000,af=1.000000,ff=1,v=0,inplace=0): 
not supported [RD0] 

  ROPE(type=f32,ne_a=[80,32,4,1],n_dims=32,mode=2,n_ctx=512,fs=1.000000,ef=0.000000,af=1.000000,ff=1,v=0,inplace=0): 
not supported [RD0] 

  ROPE(type=f32,ne_a=[16,16,8192,1],n_dims=16,mode=2,n_ctx=512,fs=1.000000,ef=0.000000,af=1.000000,ff=1,v=0,inplace=0): 
not supported [RD0] 

  ROPE(type=f32,ne_a=[128,12,2,1],n_dims=128,mode=8,n_ctx=512,fs=1.000000,ef=0.000000,af=1.000000,ff=1,v=0,inplace=0): 
not supported [RD0] 

  ROPE(type=f32,ne_a=[128,28,2,1],n_dims=128,mode=8,n_ctx=512,fs=1.000000,ef=0.000000,af=1.000000,ff=1,v=0,inplace=0): 
not supported [RD0] 

  ROPE(type=f32,ne_a=[128,12,2,1],n_dims=20,mode=8,n_ctx=512,fs=1.000000,ef=0.000000,af=1.000000,ff=1,v=0,inplace=0): 
not supported [RD0] 

  ROPE(type=f32,ne_a=[128,28,2,1],n_dims=32,mode=8,n_ctx=512,fs=1.000000,ef=0.000000,af=1.000000,ff=1,v=0,inplace=0): 
not supported [RD0] 

  ROPE(type=f32,ne_a=[128,12,2,1],n_dims=128,mode=40,n_ctx=512,fs=1.000000,ef=0.000000,af=1.000000,ff=1,v=0,inplace=0): 
not supported [RD0] 

  ROPE(type=f32,ne_a=[128,28,2,1],n_dims=128,mode=40,n_ctx=512,fs=1.000000,ef=0.000000,af=1.000000,ff=1,v=0,inplace=0): 
not supported [RD0] 

  ROPE(type=f32,ne_a=[128,12,2,1],n_dims=20,mode=40,n_ctx=512,fs=1.000000,ef=0.000000,af=1.000000,ff=1,v=0,inplace=0): 
not supported [RD0] 

  ROPE(type=f32,ne_a=[128,28,2,1],n_dims=32,mode=40,n_ctx=512,fs=1.000000,ef=0.000000,af=1.000000,ff=1,v=0,inplace=0): 
not supported [RD0] 

  ROPE(type=f32,ne_a=[80,16,2,1],n_dims=80,mode=24,n_ctx=512,fs=1.000000,ef=0.000000,af=1.000000,ff=1,v=0,inplace=0): 
not supported [RD0] 

  ROPE(type=f32,ne_a=[128,16,2,1],n_dims=128,mode=40,n_ctx=512,fs=1.000000,ef=0.000000,af=1.000000,ff=1,v=0,inplace=0): 
not supported [RD0] 

  ROPE(type=f32,ne_a=[16,16,8192,1],n_dims=16,mode=40,n_ctx=512,fs=1.000000,ef=0.000000,af=1.000000,ff=1,v=0,inplace=0): 
not supported [RD0] 

  ROPE(type=f32,ne_a=[64,128,2,1],n_dims=64,mode=2,n_ctx=512,fs=1.000000,ef=0.000000,af=1.000000,ff=1,v=0,inplace=0): 
not supported [RD0] 

  ROPE(type=f32,ne_a=[128,32,2,1],n_dims=128,mode=0,n_ctx=512,fs=1.000000,ef=0.000000,af=1.000000,ff=1,v=1,inplace=0): 
not supported [RD0] 

  ROPE(type=f32,ne_a=[128,40,2,1],n_dims=128,mode=0,n_ctx=512,fs=1.000000,ef=0.000000,af=1.000000,ff=1,v=1,inplace=0): 
not supported [RD0] 

  ROPE(type=f32,ne_a=[128,52,2,1],n_dims=128,mode=0,n_ctx=512,fs=1.000000,ef=0.000000,af=1.000000,ff=1,v=1,inplace=0): 
not supported [RD0] 

  ROPE(type=f32,ne_a=[128,64,2,1],n_dims=128,mode=0,n_ctx=512,fs=1.000000,ef=0.000000,af=1.000000,ff=1,v=1,inplace=0): 
not supported [RD0] 

  ROPE(type=f32,ne_a=[16,16,8192,1],n_dims=16,mode=0,n_ctx=512,fs=1.000000,ef=0.000000,af=1.000000,ff=1,v=1,inplace=0): 
not supported [RD0] 

  ROPE(type=f32,ne_a=[64,1,2,1],n_dims=64,mode=2,n_ctx=512,fs=1.000000,ef=0.000000,af=1.000000,ff=1,v=1,inplace=0): 
not supported [RD0] 

  ROPE(type=f32,ne_a=[64,71,2,1],n_dims=64,mode=2,n_ctx=512,fs=1.000000,ef=0.000000,af=1.000000,ff=1,v=1,inplace=0): 
not supported [RD0] 

  ROPE(type=f32,ne_a=[64,8,2,1],n_dims=64,mode=2,n_ctx=512,fs=1.000000,ef=0.000000,af=1.000000,ff=1,v=1,inplace=0): 
not supported [RD0] 

  ROPE(type=f32,ne_a=[80,32,2,1],n_dims=20,mode=0,n_ctx=512,fs=1.000000,ef=0.000000,af=1.000000,ff=1,v=1,inplace=0): 
not supported [RD0] 

  ROPE(type=f32,ne_a=[80,32,2,1],n_dims=32,mode=0,n_ctx=512,fs=1.000000,ef=0.000000,af=1.000000,ff=1,v=1,inplace=0): 
not supported [RD0] 

  ROPE(type=f32,ne_a=[80,32,4,1],n_dims=32,mode=0,n_ctx=512,fs=1.000000,ef=0.000000,af=1.000000,ff=1,v=1,inplace=0): 
not supported [RD0] 

  ROPE(type=f32,ne_a=[80,32,2,1],n_dims=20,mode=2,n_ctx=512,fs=1.000000,ef=0.000000,af=1.000000,ff=1,v=1,inplace=0): 
not supported [RD0] 

  ROPE(type=f32,ne_a=[80,32,2,1],n_dims=32,mode=2,n_ctx=512,fs=1.000000,ef=0.000000,af=1.000000,ff=1,v=1,inplace=0): 
not supported [RD0] 

  ROPE(type=f32,ne_a=[80,32,4,1],n_dims=32,mode=2,n_ctx=512,fs=1.000000,ef=0.000000,af=1.000000,ff=1,v=1,inplace=0): 
not supported [RD0] 

  ROPE(type=f32,ne_a=[16,16,8192,1],n_dims=16,mode=2,n_ctx=512,fs=1.000000,ef=0.000000,af=1.000000,ff=1,v=1,inplace=0): 
not supported [RD0] 

  ROPE(type=f32,ne_a=[128,12,2,1],n_dims=128,mode=8,n_ctx=512,fs=1.000000,ef=0.000000,af=1.000000,ff=1,v=1,inplace=0): 
not supported [RD0] 

  ROPE(type=f32,ne_a=[128,28,2,1],n_dims=128,mode=8,n_ctx=512,fs=1.000000,ef=0.000000,af=1.000000,ff=1,v=1,inplace=0): 
not supported [RD0] 

  ROPE(type=f32,ne_a=[128,12,2,1],n_dims=20,mode=8,n_ctx=512,fs=1.000000,ef=0.000000,af=1.000000,ff=1,v=1,inplace=0): 
not supported [RD0] 

  ROPE(type=f32,ne_a=[128,28,2,1],n_dims=32,mode=8,n_ctx=512,fs=1.000000,ef=0.000000,af=1.000000,ff=1,v=1,inplace=0): 
not supported [RD0] 

  ROPE(type=f32,ne_a=[128,12,2,1],n_dims=128,mode=40,n_ctx=512,fs=1.000000,ef=0.000000,af=1.000000,ff=1,v=1,inplace=0): 
not supported [RD0] 

  ROPE(type=f32,ne_a=[128,28,2,1],n_dims=128,mode=40,n_ctx=512,fs=1.000000,ef=0.000000,af=1.000000,ff=1,v=1,inplace=0): 
not supported [RD0] 

  ROPE(type=f32,ne_a=[128,12,2,1],n_dims=20,mode=40,n_ctx=512,fs=1.000000,ef=0.000000,af=1.000000,ff=1,v=1,inplace=0): 
not supported [RD0] 

  ROPE(type=f32,ne_a=[128,28,2,1],n_dims=32,mode=40,n_ctx=512,fs=1.000000,ef=0.000000,af=1.000000,ff=1,v=1,inplace=0): 
not supported [RD0] 

  ROPE(type=f32,ne_a=[80,16,2,1],n_dims=80,mode=24,n_ctx=512,fs=1.000000,ef=0.000000,af=1.000000,ff=1,v=1,inplace=0): 
not supported [RD0] 

  ROPE(type=f32,ne_a=[128,16,2,1],n_dims=128,mode=40,n_ctx=512,fs=1.000000,ef=0.000000,af=1.000000,ff=1,v=1,inplace=0): 
not supported [RD0] 

  ROPE(type=f32,ne_a=[16,16,8192,1],n_dims=16,mode=40,n_ctx=512,fs=1.000000,ef=0.000000,af=1.000000,ff=1,v=1,inplace=0): 
not supported [RD0] 

  ROPE(type=f32,ne_a=[64,128,2,1],n_dims=64,mode=2,n_ctx=512,fs=1.000000,ef=0.000000,af=1.000000,ff=1,v=1,inplace=0): 
not supported [RD0] 

  ROPE(type=f32,ne_a=[36,16,2457,1],n_dims=36,mode=0,n_ctx=512,fs=1.000000,ef=0.000000,af=1.000000,ff=1,v=2,inplace=0): 
not supported [RD0] 

  ROPE(type=f32,ne_a=[36,16,2457,1],n_dims=36,mode=2,n_ctx=512,fs=1.000000,ef=0.000000,af=1.000000,ff=1,v=2,inplace=0): 
not supported [RD0] 

  ROPE(type=f32,ne_a=[36,16,2457,1],n_dims=36,mode=8,n_ctx=512,fs=1.000000,ef=0.000000,af=1.000000,ff=1,v=2,inplace=0): 
not supported [RD0] 

  ROPE(type=f32,ne_a=[36,16,2457,1],n_dims=36,mode=40,n_ctx=512,fs=1.000000,ef=0.000000,af=1.000000,ff=1,v=2,inplace=0): 
not supported [RD0] 

  ROPE(type=f32,ne_a=[36,16,2457,1],n_dims=36,mode=24,n_ctx=512,fs=1.000000,ef=0.000000,af=1.000000,ff=1,v=2,inplace=0): 
not supported [RD0] 

  ROPE(type=f16,ne_a=[128,32,2,1],n_dims=128,mode=0,n_ctx=512,fs=1.000000,ef=0.000000,af=1.000000,ff=0,v=0,inplace=0): 
not supported [RD0] 

  ROPE(type=f16,ne_a=[64,128,2,1],n_dims=64,mode=2,n_ctx=512,fs=1.000000,ef=0.000000,af=1.000000,ff=0,v=0,inplace=0): 
not supported [RD0] 

  ROPE(type=f16,ne_a=[128,32,2,1],n_dims=128,mode=0,n_ctx=512,fs=1.000000,ef=0.000000,af=1.000000,ff=0,v=1,inplace=0): 
not supported [RD0] 

  ROPE(type=f16,ne_a=[64,128,2,1],n_dims=64,mode=2,n_ctx=512,fs=1.000000,ef=0.000000,af=1.000000,ff=0,v=1,inplace=0): 
not supported [RD0] 

  ROPE(type=f16,ne_a=[36,16,2457,1],n_dims=36,mode=0,n_ctx=512,fs=1.000000,ef=0.000000,af=1.000000,ff=0,v=2,inplace=0): 
not supported [RD0] 

  ROPE(type=f16,ne_a=[36,16,2457,1],n_dims=36,mode=2,n_ctx=512,fs=1.000000,ef=0.000000,af=1.000000,ff=0,v=2,inplace=0): 
not supported [RD0] 

  ROPE(type=f16,ne_a=[36,16,2457,1],n_dims=36,mode=8,n_ctx=512,fs=1.000000,ef=0.000000,af=1.000000,ff=0,v=2,inplace=0): 
not supported [RD0] 

  ROPE(type=f16,ne_a=[36,16,2457,1],n_dims=36,mode=40,n_ctx=512,fs=1.000000,ef=0.000000,af=1.000000,ff=0,v=2,inplace=0): 
not supported [RD0] 

  ROPE(type=f16,ne_a=[36,16,2457,1],n_dims=36,mode=24,n_ctx=512,fs=1.000000,ef=0.000000,af=1.000000,ff=0,v=2,inplace=0): 
not supported [RD0] 

  ROPE(type=f16,ne_a=[128,32,2,1],n_dims=128,mode=0,n_ctx=512,fs=1.000000,ef=0.000000,af=1.000000,ff=1,v=0,inplace=0): 
not supported [RD0] 

  ROPE(type=f16,ne_a=[64,128,2,1],n_dims=64,mode=2,n_ctx=512,fs=1.000000,ef=0.000000,af=1.000000,ff=1,v=0,inplace=0): 
not supported [RD0] 

  ROPE(type=f16,ne_a=[128,32,2,1],n_dims=128,mode=0,n_ctx=512,fs=1.000000,ef=0.000000,af=1.000000,ff=1,v=1,inplace=0): 
not supported [RD0] 

  ROPE(type=f16,ne_a=[64,128,2,1],n_dims=64,mode=2,n_ctx=512,fs=1.000000,ef=0.000000,af=1.000000,ff=1,v=1,inplace=0): 
not supported [RD0] 

  ROPE(type=f16,ne_a=[36,16,2457,1],n_dims=36,mode=0,n_ctx=512,fs=1.000000,ef=0.000000,af=1.000000,ff=1,v=2,inplace=0): 
not supported [RD0] 

  ROPE(type=f16,ne_a=[36,16,2457,1],n_dims=36,mode=2,n_ctx=512,fs=1.000000,ef=0.000000,af=1.000000,ff=1,v=2,inplace=0): 
not supported [RD0] 

  ROPE(type=f16,ne_a=[36,16,2457,1],n_dims=36,mode=8,n_ctx=512,fs=1.000000,ef=0.000000,af=1.000000,ff=1,v=2,inplace=0): 
not supported [RD0] 

  ROPE(type=f16,ne_a=[36,16,2457,1],n_dims=36,mode=40,n_ctx=512,fs=1.000000,ef=0.000000,af=1.000000,ff=1,v=2,inplace=0): 
not supported [RD0] 

  ROPE(type=f16,ne_a=[36,16,2457,1],n_dims=36,mode=24,n_ctx=512,fs=1.000000,ef=0.000000,af=1.000000,ff=1,v=2,inplace=0): 
not supported [RD0] 

  ROPE(type=f32,ne_a=[128,32,2,1],n_dims=128,mode=0,n_ctx=512,fs=1.000000,ef=0.000000,af=1.424500,ff=0,v=0,inplace=0): 
not supported [RD0] 

  ROPE(type=f32,ne_a=[64,128,2,1],n_dims=64,mode=2,n_ctx=512,fs=1.000000,ef=0.000000,af=1.424500,ff=0,v=0,inplace=0): 
[1;32mOK[0m

  ROPE(type=f32,ne_a=[128,32,2,1],n_dims=128,mode=0,n_ctx=512,fs=1.000000,ef=0.000000,af=1.424500,ff=0,v=1,inplace=0): 
not supported [RD0] 

  ROPE(type=f32,ne_a=[64,128,2,1],n_dims=64,mode=2,n_ctx=512,fs=1.000000,ef=0.000000,af=1.424500,ff=0,v=1,inplace=0): 
[1;32mOK[0m

  ROPE(type=f32,ne_a=[36,16,2457,1],n_dims=36,mode=0,n_ctx=512,fs=1.000000,ef=0.000000,af=1.424500,ff=0,v=2,inplace=0): 
not supported [RD0] 

  ROPE(type=f32,ne_a=[36,16,2457,1],n_dims=36,mode=2,n_ctx=512,fs=1.000000,ef=0.000000,af=1.424500,ff=0,v=2,inplace=0): 
[1;32mOK[0m

  ROPE(type=f32,ne_a=[36,16,2457,1],n_dims=36,mode=8,n_ctx=512,fs=1.000000,ef=0.000000,af=1.424500,ff=0,v=2,inplace=0): 
not supported [RD0] 

  ROPE(type=f32,ne_a=[36,16,2457,1],n_dims=36,mode=40,n_ctx=512,fs=1.000000,ef=0.000000,af=1.424500,ff=0,v=2,inplace=0): 
not supported [RD0] 

  ROPE(type=f32,ne_a=[36,16,2457,1],n_dims=36,mode=24,n_ctx=512,fs=1.000000,ef=0.000000,af=1.424500,ff=0,v=2,inplace=0): 
not supported [RD0] 

  ROPE(type=f32,ne_a=[128,32,2,1],n_dims=128,mode=0,n_ctx=512,fs=1.000000,ef=0.000000,af=1.424500,ff=1,v=0,inplace=0): 
not supported [RD0] 

  ROPE(type=f32,ne_a=[64,128,2,1],n_dims=64,mode=2,n_ctx=512,fs=1.000000,ef=0.000000,af=1.424500,ff=1,v=0,inplace=0): 
not supported [RD0] 

  ROPE(type=f32,ne_a=[128,32,2,1],n_dims=128,mode=0,n_ctx=512,fs=1.000000,ef=0.000000,af=1.424500,ff=1,v=1,inplace=0): 
not supported [RD0] 

  ROPE(type=f32,ne_a=[64,128,2,1],n_dims=64,mode=2,n_ctx=512,fs=1.000000,ef=0.000000,af=1.424500,ff=1,v=1,inplace=0): 
not supported [RD0] 

  ROPE(type=f32,ne_a=[36,16,2457,1],n_dims=36,mode=0,n_ctx=512,fs=1.000000,ef=0.000000,af=1.424500,ff=1,v=2,inplace=0): 
not supported [RD0] 

  ROPE(type=f32,ne_a=[36,16,2457,1],n_dims=36,mode=2,n_ctx=512,fs=1.000000,ef=0.000000,af=1.424500,ff=1,v=2,inplace=0): 
not supported [RD0] 

  ROPE(type=f32,ne_a=[36,16,2457,1],n_dims=36,mode=8,n_ctx=512,fs=1.000000,ef=0.000000,af=1.424500,ff=1,v=2,inplace=0): 
not supported [RD0] 

  ROPE(type=f32,ne_a=[36,16,2457,1],n_dims=36,mode=40,n_ctx=512,fs=1.000000,ef=0.000000,af=1.424500,ff=1,v=2,inplace=0): 
not supported [RD0] 

  ROPE(type=f32,ne_a=[36,16,2457,1],n_dims=36,mode=24,n_ctx=512,fs=1.000000,ef=0.000000,af=1.424500,ff=1,v=2,inplace=0): 
not supported [RD0] 

  ROPE(type=f16,ne_a=[128,32,2,1],n_dims=128,mode=0,n_ctx=512,fs=1.000000,ef=0.000000,af=1.424500,ff=0,v=0,inplace=0): 
not supported [RD0] 

  ROPE(type=f16,ne_a=[64,128,2,1],n_dims=64,mode=2,n_ctx=512,fs=1.000000,ef=0.000000,af=1.424500,ff=0,v=0,inplace=0): 
not supported [RD0] 

  ROPE(type=f16,ne_a=[128,32,2,1],n_dims=128,mode=0,n_ctx=512,fs=1.000000,ef=0.000000,af=1.424500,ff=0,v=1,inplace=0): 
not supported [RD0] 

  ROPE(type=f16,ne_a=[64,128,2,1],n_dims=64,mode=2,n_ctx=512,fs=1.000000,ef=0.000000,af=1.424500,ff=0,v=1,inplace=0): 
not supported [RD0] 

  ROPE(type=f16,ne_a=[36,16,2457,1],n_dims=36,mode=0,n_ctx=512,fs=1.000000,ef=0.000000,af=1.424500,ff=0,v=2,inplace=0): 
not supported [RD0] 

  ROPE(type=f16,ne_a=[36,16,2457,1],n_dims=36,mode=2,n_ctx=512,fs=1.000000,ef=0.000000,af=1.424500,ff=0,v=2,inplace=0): 
not supported [RD0] 

  ROPE(type=f16,ne_a=[36,16,2457,1],n_dims=36,mode=8,n_ctx=512,fs=1.000000,ef=0.000000,af=1.424500,ff=0,v=2,inplace=0): 
not supported [RD0] 

  ROPE(type=f16,ne_a=[36,16,2457,1],n_dims=36,mode=40,n_ctx=512,fs=1.000000,ef=0.000000,af=1.424500,ff=0,v=2,inplace=0): 
not supported [RD0] 

  ROPE(type=f16,ne_a=[36,16,2457,1],n_dims=36,mode=24,n_ctx=512,fs=1.000000,ef=0.000000,af=1.424500,ff=0,v=2,inplace=0): 
not supported [RD0] 

  ROPE(type=f16,ne_a=[128,32,2,1],n_dims=128,mode=0,n_ctx=512,fs=1.000000,ef=0.000000,af=1.424500,ff=1,v=0,inplace=0): 
not supported [RD0] 

  ROPE(type=f16,ne_a=[64,128,2,1],n_dims=64,mode=2,n_ctx=512,fs=1.000000,ef=0.000000,af=1.424500,ff=1,v=0,inplace=0): 
not supported [RD0] 

  ROPE(type=f16,ne_a=[128,32,2,1],n_dims=128,mode=0,n_ctx=512,fs=1.000000,ef=0.000000,af=1.424500,ff=1,v=1,inplace=0): 
not supported [RD0] 

  ROPE(type=f16,ne_a=[64,128,2,1],n_dims=64,mode=2,n_ctx=512,fs=1.000000,ef=0.000000,af=1.424500,ff=1,v=1,inplace=0): 
not supported [RD0] 

  ROPE(type=f16,ne_a=[36,16,2457,1],n_dims=36,mode=0,n_ctx=512,fs=1.000000,ef=0.000000,af=1.424500,ff=1,v=2,inplace=0): 
not supported [RD0] 

  ROPE(type=f16,ne_a=[36,16,2457,1],n_dims=36,mode=2,n_ctx=512,fs=1.000000,ef=0.000000,af=1.424500,ff=1,v=2,inplace=0): 
not supported [RD0] 

  ROPE(type=f16,ne_a=[36,16,2457,1],n_dims=36,mode=8,n_ctx=512,fs=1.000000,ef=0.000000,af=1.424500,ff=1,v=2,inplace=0): 
not supported [RD0] 

  ROPE(type=f16,ne_a=[36,16,2457,1],n_dims=36,mode=40,n_ctx=512,fs=1.000000,ef=0.000000,af=1.424500,ff=1,v=2,inplace=0): 
not supported [RD0] 

  ROPE(type=f16,ne_a=[36,16,2457,1],n_dims=36,mode=24,n_ctx=512,fs=1.000000,ef=0.000000,af=1.424500,ff=1,v=2,inplace=0): 
not supported [RD0] 

  ROPE(type=f32,ne_a=[128,32,2,1],n_dims=128,mode=0,n_ctx=512,fs=1.000000,ef=0.746500,af=1.000000,ff=0,v=0,inplace=0): 
not supported [RD0] 

  ROPE(type=f32,ne_a=[64,128,2,1],n_dims=64,mode=2,n_ctx=512,fs=1.000000,ef=0.746500,af=1.000000,ff=0,v=0,inplace=0): 
[1;32mOK[0m

  ROPE(type=f32,ne_a=[128,32,2,1],n_dims=128,mode=0,n_ctx=512,fs=1.000000,ef=0.746500,af=1.000000,ff=0,v=1,inplace=0): 
not supported [RD0] 

  ROPE(type=f32,ne_a=[64,128,2,1],n_dims=64,mode=2,n_ctx=512,fs=1.000000,ef=0.746500,af=1.000000,ff=0,v=1,inplace=0): 
[1;32mOK[0m

  ROPE(type=f32,ne_a=[36,16,2457,1],n_dims=36,mode=0,n_ctx=512,fs=1.000000,ef=0.746500,af=1.000000,ff=0,v=2,inplace=0): 
not supported [RD0] 

  ROPE(type=f32,ne_a=[36,16,2457,1],n_dims=36,mode=2,n_ctx=512,fs=1.000000,ef=0.746500,af=1.000000,ff=0,v=2,inplace=0): 
[1;32mOK[0m

  ROPE(type=f32,ne_a=[36,16,2457,1],n_dims=36,mode=8,n_ctx=512,fs=1.000000,ef=0.746500,af=1.000000,ff=0,v=2,inplace=0): 
not supported [RD0] 

  ROPE(type=f32,ne_a=[36,16,2457,1],n_dims=36,mode=40,n_ctx=512,fs=1.000000,ef=0.746500,af=1.000000,ff=0,v=2,inplace=0): 
not supported [RD0] 

  ROPE(type=f32,ne_a=[36,16,2457,1],n_dims=36,mode=24,n_ctx=512,fs=1.000000,ef=0.746500,af=1.000000,ff=0,v=2,inplace=0): 
not supported [RD0] 

  ROPE(type=f32,ne_a=[128,32,2,1],n_dims=128,mode=0,n_ctx=512,fs=1.000000,ef=0.746500,af=1.000000,ff=1,v=0,inplace=0): 
not supported [RD0] 

  ROPE(type=f32,ne_a=[64,128,2,1],n_dims=64,mode=2,n_ctx=512,fs=1.000000,ef=0.746500,af=1.000000,ff=1,v=0,inplace=0): 
not supported [RD0] 

  ROPE(type=f32,ne_a=[128,32,2,1],n_dims=128,mode=0,n_ctx=512,fs=1.000000,ef=0.746500,af=1.000000,ff=1,v=1,inplace=0): 
not supported [RD0] 

  ROPE(type=f32,ne_a=[64,128,2,1],n_dims=64,mode=2,n_ctx=512,fs=1.000000,ef=0.746500,af=1.000000,ff=1,v=1,inplace=0): 
not supported [RD0] 

  ROPE(type=f32,ne_a=[36,16,2457,1],n_dims=36,mode=0,n_ctx=512,fs=1.000000,ef=0.746500,af=1.000000,ff=1,v=2,inplace=0): 
not supported [RD0] 

  ROPE(type=f32,ne_a=[36,16,2457,1],n_dims=36,mode=2,n_ctx=512,fs=1.000000,ef=0.746500,af=1.000000,ff=1,v=2,inplace=0): 
not supported [RD0] 

  ROPE(type=f32,ne_a=[36,16,2457,1],n_dims=36,mode=8,n_ctx=512,fs=1.000000,ef=0.746500,af=1.000000,ff=1,v=2,inplace=0): 
not supported [RD0] 

  ROPE(type=f32,ne_a=[36,16,2457,1],n_dims=36,mode=40,n_ctx=512,fs=1.000000,ef=0.746500,af=1.000000,ff=1,v=2,inplace=0): 
not supported [RD0] 

  ROPE(type=f32,ne_a=[36,16,2457,1],n_dims=36,mode=24,n_ctx=512,fs=1.000000,ef=0.746500,af=1.000000,ff=1,v=2,inplace=0): 
not supported [RD0] 

  ROPE(type=f16,ne_a=[128,32,2,1],n_dims=128,mode=0,n_ctx=512,fs=1.000000,ef=0.746500,af=1.000000,ff=0,v=0,inplace=0): 
not supported [RD0] 

  ROPE(type=f16,ne_a=[64,128,2,1],n_dims=64,mode=2,n_ctx=512,fs=1.000000,ef=0.746500,af=1.000000,ff=0,v=0,inplace=0): 
not supported [RD0] 

  ROPE(type=f16,ne_a=[128,32,2,1],n_dims=128,mode=0,n_ctx=512,fs=1.000000,ef=0.746500,af=1.000000,ff=0,v=1,inplace=0): 
not supported [RD0] 

  ROPE(type=f16,ne_a=[64,128,2,1],n_dims=64,mode=2,n_ctx=512,fs=1.000000,ef=0.746500,af=1.000000,ff=0,v=1,inplace=0): 
not supported [RD0] 

  ROPE(type=f16,ne_a=[36,16,2457,1],n_dims=36,mode=0,n_ctx=512,fs=1.000000,ef=0.746500,af=1.000000,ff=0,v=2,inplace=0): 
not supported [RD0] 

  ROPE(type=f16,ne_a=[36,16,2457,1],n_dims=36,mode=2,n_ctx=512,fs=1.000000,ef=0.746500,af=1.000000,ff=0,v=2,inplace=0): 
not supported [RD0] 

  ROPE(type=f16,ne_a=[36,16,2457,1],n_dims=36,mode=8,n_ctx=512,fs=1.000000,ef=0.746500,af=1.000000,ff=0,v=2,inplace=0): 
not supported [RD0] 

  ROPE(type=f16,ne_a=[36,16,2457,1],n_dims=36,mode=40,n_ctx=512,fs=1.000000,ef=0.746500,af=1.000000,ff=0,v=2,inplace=0): 
not supported [RD0] 

  ROPE(type=f16,ne_a=[36,16,2457,1],n_dims=36,mode=24,n_ctx=512,fs=1.000000,ef=0.746500,af=1.000000,ff=0,v=2,inplace=0): 
not supported [RD0] 

  ROPE(type=f16,ne_a=[128,32,2,1],n_dims=128,mode=0,n_ctx=512,fs=1.000000,ef=0.746500,af=1.000000,ff=1,v=0,inplace=0): 
not supported [RD0] 

  ROPE(type=f16,ne_a=[64,128,2,1],n_dims=64,mode=2,n_ctx=512,fs=1.000000,ef=0.746500,af=1.000000,ff=1,v=0,inplace=0): 
not supported [RD0] 

  ROPE(type=f16,ne_a=[128,32,2,1],n_dims=128,mode=0,n_ctx=512,fs=1.000000,ef=0.746500,af=1.000000,ff=1,v=1,inplace=0): 
not supported [RD0] 

  ROPE(type=f16,ne_a=[64,128,2,1],n_dims=64,mode=2,n_ctx=512,fs=1.000000,ef=0.746500,af=1.000000,ff=1,v=1,inplace=0): 
not supported [RD0] 

  ROPE(type=f16,ne_a=[36,16,2457,1],n_dims=36,mode=0,n_ctx=512,fs=1.000000,ef=0.746500,af=1.000000,ff=1,v=2,inplace=0): 
not supported [RD0] 

  ROPE(type=f16,ne_a=[36,16,2457,1],n_dims=36,mode=2,n_ctx=512,fs=1.000000,ef=0.746500,af=1.000000,ff=1,v=2,inplace=0): 
not supported [RD0] 

  ROPE(type=f16,ne_a=[36,16,2457,1],n_dims=36,mode=8,n_ctx=512,fs=1.000000,ef=0.746500,af=1.000000,ff=1,v=2,inplace=0): 
not supported [RD0] 

  ROPE(type=f16,ne_a=[36,16,2457,1],n_dims=36,mode=40,n_ctx=512,fs=1.000000,ef=0.746500,af=1.000000,ff=1,v=2,inplace=0): 
not supported [RD0] 

  ROPE(type=f16,ne_a=[36,16,2457,1],n_dims=36,mode=24,n_ctx=512,fs=1.000000,ef=0.746500,af=1.000000,ff=1,v=2,inplace=0): 
not supported [RD0] 

  ROPE(type=f32,ne_a=[128,32,2,1],n_dims=128,mode=0,n_ctx=512,fs=1.000000,ef=0.746500,af=1.424500,ff=0,v=0,inplace=0): 
not supported [RD0] 

  ROPE(type=f32,ne_a=[64,128,2,1],n_dims=64,mode=2,n_ctx=512,fs=1.000000,ef=0.746500,af=1.424500,ff=0,v=0,inplace=0): 
[1;32mOK[0m

  ROPE(type=f32,ne_a=[128,32,2,1],n_dims=128,mode=0,n_ctx=512,fs=1.000000,ef=0.746500,af=1.424500,ff=0,v=1,inplace=0): 
not supported [RD0] 

  ROPE(type=f32,ne_a=[64,128,2,1],n_dims=64,mode=2,n_ctx=512,fs=1.000000,ef=0.746500,af=1.424500,ff=0,v=1,inplace=0): 
[1;32mOK[0m

  ROPE(type=f32,ne_a=[36,16,2457,1],n_dims=36,mode=0,n_ctx=512,fs=1.000000,ef=0.746500,af=1.424500,ff=0,v=2,inplace=0): 
not supported [RD0] 

  ROPE(type=f32,ne_a=[36,16,2457,1],n_dims=36,mode=2,n_ctx=512,fs=1.000000,ef=0.746500,af=1.424500,ff=0,v=2,inplace=0): 
[1;32mOK[0m

  ROPE(type=f32,ne_a=[36,16,2457,1],n_dims=36,mode=8,n_ctx=512,fs=1.000000,ef=0.746500,af=1.424500,ff=0,v=2,inplace=0): 
not supported [RD0] 

  ROPE(type=f32,ne_a=[36,16,2457,1],n_dims=36,mode=40,n_ctx=512,fs=1.000000,ef=0.746500,af=1.424500,ff=0,v=2,inplace=0): 
not supported [RD0] 

  ROPE(type=f32,ne_a=[36,16,2457,1],n_dims=36,mode=24,n_ctx=512,fs=1.000000,ef=0.746500,af=1.424500,ff=0,v=2,inplace=0): 
not supported [RD0] 

  ROPE(type=f32,ne_a=[128,32,2,1],n_dims=128,mode=0,n_ctx=512,fs=1.000000,ef=0.746500,af=1.424500,ff=1,v=0,inplace=0): 
not supported [RD0] 

  ROPE(type=f32,ne_a=[64,128,2,1],n_dims=64,mode=2,n_ctx=512,fs=1.000000,ef=0.746500,af=1.424500,ff=1,v=0,inplace=0): 
not supported [RD0] 

  ROPE(type=f32,ne_a=[128,32,2,1],n_dims=128,mode=0,n_ctx=512,fs=1.000000,ef=0.746500,af=1.424500,ff=1,v=1,inplace=0): 
not supported [RD0] 

  ROPE(type=f32,ne_a=[64,128,2,1],n_dims=64,mode=2,n_ctx=512,fs=1.000000,ef=0.746500,af=1.424500,ff=1,v=1,inplace=0): 
not supported [RD0] 

  ROPE(type=f32,ne_a=[36,16,2457,1],n_dims=36,mode=0,n_ctx=512,fs=1.000000,ef=0.746500,af=1.424500,ff=1,v=2,inplace=0): 
not supported [RD0] 

  ROPE(type=f32,ne_a=[36,16,2457,1],n_dims=36,mode=2,n_ctx=512,fs=1.000000,ef=0.746500,af=1.424500,ff=1,v=2,inplace=0): 
not supported [RD0] 

  ROPE(type=f32,ne_a=[36,16,2457,1],n_dims=36,mode=8,n_ctx=512,fs=1.000000,ef=0.746500,af=1.424500,ff=1,v=2,inplace=0): 
not supported [RD0] 

  ROPE(type=f32,ne_a=[36,16,2457,1],n_dims=36,mode=40,n_ctx=512,fs=1.000000,ef=0.746500,af=1.424500,ff=1,v=2,inplace=0): 
not supported [RD0] 

  ROPE(type=f32,ne_a=[36,16,2457,1],n_dims=36,mode=24,n_ctx=512,fs=1.000000,ef=0.746500,af=1.424500,ff=1,v=2,inplace=0): 
not supported [RD0] 

  ROPE(type=f16,ne_a=[128,32,2,1],n_dims=128,mode=0,n_ctx=512,fs=1.000000,ef=0.746500,af=1.424500,ff=0,v=0,inplace=0): 
not supported [RD0] 

  ROPE(type=f16,ne_a=[64,128,2,1],n_dims=64,mode=2,n_ctx=512,fs=1.000000,ef=0.746500,af=1.424500,ff=0,v=0,inplace=0): 
not supported [RD0] 

  ROPE(type=f16,ne_a=[128,32,2,1],n_dims=128,mode=0,n_ctx=512,fs=1.000000,ef=0.746500,af=1.424500,ff=0,v=1,inplace=0): 
not supported [RD0] 

  ROPE(type=f16,ne_a=[64,128,2,1],n_dims=64,mode=2,n_ctx=512,fs=1.000000,ef=0.746500,af=1.424500,ff=0,v=1,inplace=0): 
not supported [RD0] 

  ROPE(type=f16,ne_a=[36,16,2457,1],n_dims=36,mode=0,n_ctx=512,fs=1.000000,ef=0.746500,af=1.424500,ff=0,v=2,inplace=0): 
not supported [RD0] 

  ROPE(type=f16,ne_a=[36,16,2457,1],n_dims=36,mode=2,n_ctx=512,fs=1.000000,ef=0.746500,af=1.424500,ff=0,v=2,inplace=0): 
not supported [RD0] 

  ROPE(type=f16,ne_a=[36,16,2457,1],n_dims=36,mode=8,n_ctx=512,fs=1.000000,ef=0.746500,af=1.424500,ff=0,v=2,inplace=0): 
not supported [RD0] 

  ROPE(type=f16,ne_a=[36,16,2457,1],n_dims=36,mode=40,n_ctx=512,fs=1.000000,ef=0.746500,af=1.424500,ff=0,v=2,inplace=0): 
not supported [RD0] 

  ROPE(type=f16,ne_a=[36,16,2457,1],n_dims=36,mode=24,n_ctx=512,fs=1.000000,ef=0.746500,af=1.424500,ff=0,v=2,inplace=0): 
not supported [RD0] 

  ROPE(type=f16,ne_a=[128,32,2,1],n_dims=128,mode=0,n_ctx=512,fs=1.000000,ef=0.746500,af=1.424500,ff=1,v=0,inplace=0): 
not supported [RD0] 

  ROPE(type=f16,ne_a=[64,128,2,1],n_dims=64,mode=2,n_ctx=512,fs=1.000000,ef=0.746500,af=1.424500,ff=1,v=0,inplace=0): 
not supported [RD0] 

  ROPE(type=f16,ne_a=[128,32,2,1],n_dims=128,mode=0,n_ctx=512,fs=1.000000,ef=0.746500,af=1.424500,ff=1,v=1,inplace=0): 
not supported [RD0] 

  ROPE(type=f16,ne_a=[64,128,2,1],n_dims=64,mode=2,n_ctx=512,fs=1.000000,ef=0.746500,af=1.424500,ff=1,v=1,inplace=0): 
not supported [RD0] 

  ROPE(type=f16,ne_a=[36,16,2457,1],n_dims=36,mode=0,n_ctx=512,fs=1.000000,ef=0.746500,af=1.424500,ff=1,v=2,inplace=0): 
not supported [RD0] 

  ROPE(type=f16,ne_a=[36,16,2457,1],n_dims=36,mode=2,n_ctx=512,fs=1.000000,ef=0.746500,af=1.424500,ff=1,v=2,inplace=0): 
not supported [RD0] 

  ROPE(type=f16,ne_a=[36,16,2457,1],n_dims=36,mode=8,n_ctx=512,fs=1.000000,ef=0.746500,af=1.424500,ff=1,v=2,inplace=0): 
not supported [RD0] 

  ROPE(type=f16,ne_a=[36,16,2457,1],n_dims=36,mode=40,n_ctx=512,fs=1.000000,ef=0.746500,af=1.424500,ff=1,v=2,inplace=0): 
not supported [RD0] 

  ROPE(type=f16,ne_a=[36,16,2457,1],n_dims=36,mode=24,n_ctx=512,fs=1.000000,ef=0.746500,af=1.424500,ff=1,v=2,inplace=0): 
not supported [RD0] 

  ROPE(type=f32,ne_a=[128,32,2,1],n_dims=128,mode=0,n_ctx=512,fs=1.424500,ef=0.000000,af=1.000000,ff=0,v=0,inplace=0): 
not supported [RD0] 

  ROPE(type=f32,ne_a=[64,128,2,1],n_dims=64,mode=2,n_ctx=512,fs=1.424500,ef=0.000000,af=1.000000,ff=0,v=0,inplace=0): 
[1;32mOK[0m

  ROPE(type=f32,ne_a=[128,32,2,1],n_dims=128,mode=0,n_ctx=512,fs=1.424500,ef=0.000000,af=1.000000,ff=0,v=1,inplace=0): 
not supported [RD0] 

  ROPE(type=f32,ne_a=[64,128,2,1],n_dims=64,mode=2,n_ctx=512,fs=1.424500,ef=0.000000,af=1.000000,ff=0,v=1,inplace=0): 
[1;32mOK[0m

  ROPE(type=f32,ne_a=[36,16,2457,1],n_dims=36,mode=0,n_ctx=512,fs=1.424500,ef=0.000000,af=1.000000,ff=0,v=2,inplace=0): 
not supported [RD0] 

  ROPE(type=f32,ne_a=[36,16,2457,1],n_dims=36,mode=2,n_ctx=512,fs=1.424500,ef=0.000000,af=1.000000,ff=0,v=2,inplace=0): 
[1;32mOK[0m

  ROPE(type=f32,ne_a=[36,16,2457,1],n_dims=36,mode=8,n_ctx=512,fs=1.424500,ef=0.000000,af=1.000000,ff=0,v=2,inplace=0): 
not supported [RD0] 

  ROPE(type=f32,ne_a=[36,16,2457,1],n_dims=36,mode=40,n_ctx=512,fs=1.424500,ef=0.000000,af=1.000000,ff=0,v=2,inplace=0): 
not supported [RD0] 

  ROPE(type=f32,ne_a=[36,16,2457,1],n_dims=36,mode=24,n_ctx=512,fs=1.424500,ef=0.000000,af=1.000000,ff=0,v=2,inplace=0): 
not supported [RD0] 

  ROPE(type=f32,ne_a=[128,32,2,1],n_dims=128,mode=0,n_ctx=512,fs=1.424500,ef=0.000000,af=1.000000,ff=1,v=0,inplace=0): 
not supported [RD0] 

  ROPE(type=f32,ne_a=[64,128,2,1],n_dims=64,mode=2,n_ctx=512,fs=1.424500,ef=0.000000,af=1.000000,ff=1,v=0,inplace=0): 
not supported [RD0] 

  ROPE(type=f32,ne_a=[128,32,2,1],n_dims=128,mode=0,n_ctx=512,fs=1.424500,ef=0.000000,af=1.000000,ff=1,v=1,inplace=0): 
not supported [RD0] 

  ROPE(type=f32,ne_a=[64,128,2,1],n_dims=64,mode=2,n_ctx=512,fs=1.424500,ef=0.000000,af=1.000000,ff=1,v=1,inplace=0): 
not supported [RD0] 

  ROPE(type=f32,ne_a=[36,16,2457,1],n_dims=36,mode=0,n_ctx=512,fs=1.424500,ef=0.000000,af=1.000000,ff=1,v=2,inplace=0): 
not supported [RD0] 

  ROPE(type=f32,ne_a=[36,16,2457,1],n_dims=36,mode=2,n_ctx=512,fs=1.424500,ef=0.000000,af=1.000000,ff=1,v=2,inplace=0): 
not supported [RD0] 

  ROPE(type=f32,ne_a=[36,16,2457,1],n_dims=36,mode=8,n_ctx=512,fs=1.424500,ef=0.000000,af=1.000000,ff=1,v=2,inplace=0): 
not supported [RD0] 

  ROPE(type=f32,ne_a=[36,16,2457,1],n_dims=36,mode=40,n_ctx=512,fs=1.424500,ef=0.000000,af=1.000000,ff=1,v=2,inplace=0): 
not supported [RD0] 

  ROPE(type=f32,ne_a=[36,16,2457,1],n_dims=36,mode=24,n_ctx=512,fs=1.424500,ef=0.000000,af=1.000000,ff=1,v=2,inplace=0): 
not supported [RD0] 

  ROPE(type=f16,ne_a=[128,32,2,1],n_dims=128,mode=0,n_ctx=512,fs=1.424500,ef=0.000000,af=1.000000,ff=0,v=0,inplace=0): 
not supported [RD0] 

  ROPE(type=f16,ne_a=[64,128,2,1],n_dims=64,mode=2,n_ctx=512,fs=1.424500,ef=0.000000,af=1.000000,ff=0,v=0,inplace=0): 
not supported [RD0] 

  ROPE(type=f16,ne_a=[128,32,2,1],n_dims=128,mode=0,n_ctx=512,fs=1.424500,ef=0.000000,af=1.000000,ff=0,v=1,inplace=0): 
not supported [RD0] 

  ROPE(type=f16,ne_a=[64,128,2,1],n_dims=64,mode=2,n_ctx=512,fs=1.424500,ef=0.000000,af=1.000000,ff=0,v=1,inplace=0): 
not supported [RD0] 

  ROPE(type=f16,ne_a=[36,16,2457,1],n_dims=36,mode=0,n_ctx=512,fs=1.424500,ef=0.000000,af=1.000000,ff=0,v=2,inplace=0): 
not supported [RD0] 

  ROPE(type=f16,ne_a=[36,16,2457,1],n_dims=36,mode=2,n_ctx=512,fs=1.424500,ef=0.000000,af=1.000000,ff=0,v=2,inplace=0): 
not supported [RD0] 

  ROPE(type=f16,ne_a=[36,16,2457,1],n_dims=36,mode=8,n_ctx=512,fs=1.424500,ef=0.000000,af=1.000000,ff=0,v=2,inplace=0): 
not supported [RD0] 

  ROPE(type=f16,ne_a=[36,16,2457,1],n_dims=36,mode=40,n_ctx=512,fs=1.424500,ef=0.000000,af=1.000000,ff=0,v=2,inplace=0): 
not supported [RD0] 

  ROPE(type=f16,ne_a=[36,16,2457,1],n_dims=36,mode=24,n_ctx=512,fs=1.424500,ef=0.000000,af=1.000000,ff=0,v=2,inplace=0): 
not supported [RD0] 

  ROPE(type=f16,ne_a=[128,32,2,1],n_dims=128,mode=0,n_ctx=512,fs=1.424500,ef=0.000000,af=1.000000,ff=1,v=0,inplace=0): 
not supported [RD0] 

  ROPE(type=f16,ne_a=[64,128,2,1],n_dims=64,mode=2,n_ctx=512,fs=1.424500,ef=0.000000,af=1.000000,ff=1,v=0,inplace=0): 
not supported [RD0] 

  ROPE(type=f16,ne_a=[128,32,2,1],n_dims=128,mode=0,n_ctx=512,fs=1.424500,ef=0.000000,af=1.000000,ff=1,v=1,inplace=0): 
not supported [RD0] 

  ROPE(type=f16,ne_a=[64,128,2,1],n_dims=64,mode=2,n_ctx=512,fs=1.424500,ef=0.000000,af=1.000000,ff=1,v=1,inplace=0): 
not supported [RD0] 

  ROPE(type=f16,ne_a=[36,16,2457,1],n_dims=36,mode=0,n_ctx=512,fs=1.424500,ef=0.000000,af=1.000000,ff=1,v=2,inplace=0): 
not supported [RD0] 

  ROPE(type=f16,ne_a=[36,16,2457,1],n_dims=36,mode=2,n_ctx=512,fs=1.424500,ef=0.000000,af=1.000000,ff=1,v=2,inplace=0): 
not supported [RD0] 

  ROPE(type=f16,ne_a=[36,16,2457,1],n_dims=36,mode=8,n_ctx=512,fs=1.424500,ef=0.000000,af=1.000000,ff=1,v=2,inplace=0): 
not supported [RD0] 

  ROPE(type=f16,ne_a=[36,16,2457,1],n_dims=36,mode=40,n_ctx=512,fs=1.424500,ef=0.000000,af=1.000000,ff=1,v=2,inplace=0): 
not supported [RD0] 

  ROPE(type=f16,ne_a=[36,16,2457,1],n_dims=36,mode=24,n_ctx=512,fs=1.424500,ef=0.000000,af=1.000000,ff=1,v=2,inplace=0): 
not supported [RD0] 

  ROPE(type=f32,ne_a=[128,32,2,1],n_dims=128,mode=0,n_ctx=512,fs=1.424500,ef=0.000000,af=1.424500,ff=0,v=0,inplace=0): 
not supported [RD0] 

  ROPE(type=f32,ne_a=[64,128,2,1],n_dims=64,mode=2,n_ctx=512,fs=1.424500,ef=0.000000,af=1.424500,ff=0,v=0,inplace=0): 
[1;32mOK[0m

  ROPE(type=f32,ne_a=[128,32,2,1],n_dims=128,mode=0,n_ctx=512,fs=1.424500,ef=0.000000,af=1.424500,ff=0,v=1,inplace=0): 
not supported [RD0] 

  ROPE(type=f32,ne_a=[64,128,2,1],n_dims=64,mode=2,n_ctx=512,fs=1.424500,ef=0.000000,af=1.424500,ff=0,v=1,inplace=0): 
[1;32mOK[0m

  ROPE(type=f32,ne_a=[36,16,2457,1],n_dims=36,mode=0,n_ctx=512,fs=1.424500,ef=0.000000,af=1.424500,ff=0,v=2,inplace=0): 
not supported [RD0] 

  ROPE(type=f32,ne_a=[36,16,2457,1],n_dims=36,mode=2,n_ctx=512,fs=1.424500,ef=0.000000,af=1.424500,ff=0,v=2,inplace=0): 
[1;32mOK[0m

  ROPE(type=f32,ne_a=[36,16,2457,1],n_dims=36,mode=8,n_ctx=512,fs=1.424500,ef=0.000000,af=1.424500,ff=0,v=2,inplace=0): 
not supported [RD0] 

  ROPE(type=f32,ne_a=[36,16,2457,1],n_dims=36,mode=40,n_ctx=512,fs=1.424500,ef=0.000000,af=1.424500,ff=0,v=2,inplace=0): 
not supported [RD0] 

  ROPE(type=f32,ne_a=[36,16,2457,1],n_dims=36,mode=24,n_ctx=512,fs=1.424500,ef=0.000000,af=1.424500,ff=0,v=2,inplace=0): 
not supported [RD0] 

  ROPE(type=f32,ne_a=[128,32,2,1],n_dims=128,mode=0,n_ctx=512,fs=1.424500,ef=0.000000,af=1.424500,ff=1,v=0,inplace=0): 
not supported [RD0] 

  ROPE(type=f32,ne_a=[64,128,2,1],n_dims=64,mode=2,n_ctx=512,fs=1.424500,ef=0.000000,af=1.424500,ff=1,v=0,inplace=0): 
not supported [RD0] 

  ROPE(type=f32,ne_a=[128,32,2,1],n_dims=128,mode=0,n_ctx=512,fs=1.424500,ef=0.000000,af=1.424500,ff=1,v=1,inplace=0): 
not supported [RD0] 

  ROPE(type=f32,ne_a=[64,128,2,1],n_dims=64,mode=2,n_ctx=512,fs=1.424500,ef=0.000000,af=1.424500,ff=1,v=1,inplace=0): 
not supported [RD0] 

  ROPE(type=f32,ne_a=[36,16,2457,1],n_dims=36,mode=0,n_ctx=512,fs=1.424500,ef=0.000000,af=1.424500,ff=1,v=2,inplace=0): 
not supported [RD0] 

  ROPE(type=f32,ne_a=[36,16,2457,1],n_dims=36,mode=2,n_ctx=512,fs=1.424500,ef=0.000000,af=1.424500,ff=1,v=2,inplace=0): 
not supported [RD0] 

  ROPE(type=f32,ne_a=[36,16,2457,1],n_dims=36,mode=8,n_ctx=512,fs=1.424500,ef=0.000000,af=1.424500,ff=1,v=2,inplace=0): 
not supported [RD0] 

  ROPE(type=f32,ne_a=[36,16,2457,1],n_dims=36,mode=40,n_ctx=512,fs=1.424500,ef=0.000000,af=1.424500,ff=1,v=2,inplace=0): 
not supported [RD0] 

  ROPE(type=f32,ne_a=[36,16,2457,1],n_dims=36,mode=24,n_ctx=512,fs=1.424500,ef=0.000000,af=1.424500,ff=1,v=2,inplace=0): 
not supported [RD0] 

  ROPE(type=f16,ne_a=[128,32,2,1],n_dims=128,mode=0,n_ctx=512,fs=1.424500,ef=0.000000,af=1.424500,ff=0,v=0,inplace=0): 
not supported [RD0] 

  ROPE(type=f16,ne_a=[64,128,2,1],n_dims=64,mode=2,n_ctx=512,fs=1.424500,ef=0.000000,af=1.424500,ff=0,v=0,inplace=0): 
not supported [RD0] 

  ROPE(type=f16,ne_a=[128,32,2,1],n_dims=128,mode=0,n_ctx=512,fs=1.424500,ef=0.000000,af=1.424500,ff=0,v=1,inplace=0): 
not supported [RD0] 

  ROPE(type=f16,ne_a=[64,128,2,1],n_dims=64,mode=2,n_ctx=512,fs=1.424500,ef=0.000000,af=1.424500,ff=0,v=1,inplace=0): 
not supported [RD0] 

  ROPE(type=f16,ne_a=[36,16,2457,1],n_dims=36,mode=0,n_ctx=512,fs=1.424500,ef=0.000000,af=1.424500,ff=0,v=2,inplace=0): 
not supported [RD0] 

  ROPE(type=f16,ne_a=[36,16,2457,1],n_dims=36,mode=2,n_ctx=512,fs=1.424500,ef=0.000000,af=1.424500,ff=0,v=2,inplace=0): 
not supported [RD0] 

  ROPE(type=f16,ne_a=[36,16,2457,1],n_dims=36,mode=8,n_ctx=512,fs=1.424500,ef=0.000000,af=1.424500,ff=0,v=2,inplace=0): 
not supported [RD0] 

  ROPE(type=f16,ne_a=[36,16,2457,1],n_dims=36,mode=40,n_ctx=512,fs=1.424500,ef=0.000000,af=1.424500,ff=0,v=2,inplace=0): 
not supported [RD0] 

  ROPE(type=f16,ne_a=[36,16,2457,1],n_dims=36,mode=24,n_ctx=512,fs=1.424500,ef=0.000000,af=1.424500,ff=0,v=2,inplace=0): 
not supported [RD0] 

  ROPE(type=f16,ne_a=[128,32,2,1],n_dims=128,mode=0,n_ctx=512,fs=1.424500,ef=0.000000,af=1.424500,ff=1,v=0,inplace=0): 
not supported [RD0] 

  ROPE(type=f16,ne_a=[64,128,2,1],n_dims=64,mode=2,n_ctx=512,fs=1.424500,ef=0.000000,af=1.424500,ff=1,v=0,inplace=0): 
not supported [RD0] 

  ROPE(type=f16,ne_a=[128,32,2,1],n_dims=128,mode=0,n_ctx=512,fs=1.424500,ef=0.000000,af=1.424500,ff=1,v=1,inplace=0): 
not supported [RD0] 

  ROPE(type=f16,ne_a=[64,128,2,1],n_dims=64,mode=2,n_ctx=512,fs=1.424500,ef=0.000000,af=1.424500,ff=1,v=1,inplace=0): 
not supported [RD0] 

  ROPE(type=f16,ne_a=[36,16,2457,1],n_dims=36,mode=0,n_ctx=512,fs=1.424500,ef=0.000000,af=1.424500,ff=1,v=2,inplace=0): 
not supported [RD0] 

  ROPE(type=f16,ne_a=[36,16,2457,1],n_dims=36,mode=2,n_ctx=512,fs=1.424500,ef=0.000000,af=1.424500,ff=1,v=2,inplace=0): 
not supported [RD0] 

  ROPE(type=f16,ne_a=[36,16,2457,1],n_dims=36,mode=8,n_ctx=512,fs=1.424500,ef=0.000000,af=1.424500,ff=1,v=2,inplace=0): 
not supported [RD0] 

  ROPE(type=f16,ne_a=[36,16,2457,1],n_dims=36,mode=40,n_ctx=512,fs=1.424500,ef=0.000000,af=1.424500,ff=1,v=2,inplace=0): 
not supported [RD0] 

  ROPE(type=f16,ne_a=[36,16,2457,1],n_dims=36,mode=24,n_ctx=512,fs=1.424500,ef=0.000000,af=1.424500,ff=1,v=2,inplace=0): 
not supported [RD0] 

  ROPE(type=f32,ne_a=[128,32,2,1],n_dims=128,mode=0,n_ctx=512,fs=1.424500,ef=0.746500,af=1.000000,ff=0,v=0,inplace=0): 
not supported [RD0] 

  ROPE(type=f32,ne_a=[64,128,2,1],n_dims=64,mode=2,n_ctx=512,fs=1.424500,ef=0.746500,af=1.000000,ff=0,v=0,inplace=0): 
[1;32mOK[0m

  ROPE(type=f32,ne_a=[128,32,2,1],n_dims=128,mode=0,n_ctx=512,fs=1.424500,ef=0.746500,af=1.000000,ff=0,v=1,inplace=0): 
not supported [RD0] 

  ROPE(type=f32,ne_a=[64,128,2,1],n_dims=64,mode=2,n_ctx=512,fs=1.424500,ef=0.746500,af=1.000000,ff=0,v=1,inplace=0): 
[1;32mOK[0m

  ROPE(type=f32,ne_a=[36,16,2457,1],n_dims=36,mode=0,n_ctx=512,fs=1.424500,ef=0.746500,af=1.000000,ff=0,v=2,inplace=0): 
not supported [RD0] 

  ROPE(type=f32,ne_a=[36,16,2457,1],n_dims=36,mode=2,n_ctx=512,fs=1.424500,ef=0.746500,af=1.000000,ff=0,v=2,inplace=0): 
[1;32mOK[0m

  ROPE(type=f32,ne_a=[36,16,2457,1],n_dims=36,mode=8,n_ctx=512,fs=1.424500,ef=0.746500,af=1.000000,ff=0,v=2,inplace=0): 
not supported [RD0] 

  ROPE(type=f32,ne_a=[36,16,2457,1],n_dims=36,mode=40,n_ctx=512,fs=1.424500,ef=0.746500,af=1.000000,ff=0,v=2,inplace=0): 
not supported [RD0] 

  ROPE(type=f32,ne_a=[36,16,2457,1],n_dims=36,mode=24,n_ctx=512,fs=1.424500,ef=0.746500,af=1.000000,ff=0,v=2,inplace=0): 
not supported [RD0] 

  ROPE(type=f32,ne_a=[128,32,2,1],n_dims=128,mode=0,n_ctx=512,fs=1.424500,ef=0.746500,af=1.000000,ff=1,v=0,inplace=0): 
not supported [RD0] 

  ROPE(type=f32,ne_a=[64,128,2,1],n_dims=64,mode=2,n_ctx=512,fs=1.424500,ef=0.746500,af=1.000000,ff=1,v=0,inplace=0): 
not supported [RD0] 

  ROPE(type=f32,ne_a=[128,32,2,1],n_dims=128,mode=0,n_ctx=512,fs=1.424500,ef=0.746500,af=1.000000,ff=1,v=1,inplace=0): 
not supported [RD0] 

  ROPE(type=f32,ne_a=[64,128,2,1],n_dims=64,mode=2,n_ctx=512,fs=1.424500,ef=0.746500,af=1.000000,ff=1,v=1,inplace=0): 
not supported [RD0] 

  ROPE(type=f32,ne_a=[36,16,2457,1],n_dims=36,mode=0,n_ctx=512,fs=1.424500,ef=0.746500,af=1.000000,ff=1,v=2,inplace=0): 
not supported [RD0] 

  ROPE(type=f32,ne_a=[36,16,2457,1],n_dims=36,mode=2,n_ctx=512,fs=1.424500,ef=0.746500,af=1.000000,ff=1,v=2,inplace=0): 
not supported [RD0] 

  ROPE(type=f32,ne_a=[36,16,2457,1],n_dims=36,mode=8,n_ctx=512,fs=1.424500,ef=0.746500,af=1.000000,ff=1,v=2,inplace=0): 
not supported [RD0] 

  ROPE(type=f32,ne_a=[36,16,2457,1],n_dims=36,mode=40,n_ctx=512,fs=1.424500,ef=0.746500,af=1.000000,ff=1,v=2,inplace=0): 
not supported [RD0] 

  ROPE(type=f32,ne_a=[36,16,2457,1],n_dims=36,mode=24,n_ctx=512,fs=1.424500,ef=0.746500,af=1.000000,ff=1,v=2,inplace=0): 
not supported [RD0] 

  ROPE(type=f16,ne_a=[128,32,2,1],n_dims=128,mode=0,n_ctx=512,fs=1.424500,ef=0.746500,af=1.000000,ff=0,v=0,inplace=0): 
not supported [RD0] 

  ROPE(type=f16,ne_a=[64,128,2,1],n_dims=64,mode=2,n_ctx=512,fs=1.424500,ef=0.746500,af=1.000000,ff=0,v=0,inplace=0): 
not supported [RD0] 

  ROPE(type=f16,ne_a=[128,32,2,1],n_dims=128,mode=0,n_ctx=512,fs=1.424500,ef=0.746500,af=1.000000,ff=0,v=1,inplace=0): 
not supported [RD0] 

  ROPE(type=f16,ne_a=[64,128,2,1],n_dims=64,mode=2,n_ctx=512,fs=1.424500,ef=0.746500,af=1.000000,ff=0,v=1,inplace=0): 
not supported [RD0] 

  ROPE(type=f16,ne_a=[36,16,2457,1],n_dims=36,mode=0,n_ctx=512,fs=1.424500,ef=0.746500,af=1.000000,ff=0,v=2,inplace=0): 
not supported [RD0] 

  ROPE(type=f16,ne_a=[36,16,2457,1],n_dims=36,mode=2,n_ctx=512,fs=1.424500,ef=0.746500,af=1.000000,ff=0,v=2,inplace=0): 
not supported [RD0] 

  ROPE(type=f16,ne_a=[36,16,2457,1],n_dims=36,mode=8,n_ctx=512,fs=1.424500,ef=0.746500,af=1.000000,ff=0,v=2,inplace=0): 
not supported [RD0] 

  ROPE(type=f16,ne_a=[36,16,2457,1],n_dims=36,mode=40,n_ctx=512,fs=1.424500,ef=0.746500,af=1.000000,ff=0,v=2,inplace=0): 
not supported [RD0] 

  ROPE(type=f16,ne_a=[36,16,2457,1],n_dims=36,mode=24,n_ctx=512,fs=1.424500,ef=0.746500,af=1.000000,ff=0,v=2,inplace=0): 
not supported [RD0] 

  ROPE(type=f16,ne_a=[128,32,2,1],n_dims=128,mode=0,n_ctx=512,fs=1.424500,ef=0.746500,af=1.000000,ff=1,v=0,inplace=0): 
not supported [RD0] 

  ROPE(type=f16,ne_a=[64,128,2,1],n_dims=64,mode=2,n_ctx=512,fs=1.424500,ef=0.746500,af=1.000000,ff=1,v=0,inplace=0): 
not supported [RD0] 

  ROPE(type=f16,ne_a=[128,32,2,1],n_dims=128,mode=0,n_ctx=512,fs=1.424500,ef=0.746500,af=1.000000,ff=1,v=1,inplace=0): 
not supported [RD0] 

  ROPE(type=f16,ne_a=[64,128,2,1],n_dims=64,mode=2,n_ctx=512,fs=1.424500,ef=0.746500,af=1.000000,ff=1,v=1,inplace=0): 
not supported [RD0] 

  ROPE(type=f16,ne_a=[36,16,2457,1],n_dims=36,mode=0,n_ctx=512,fs=1.424500,ef=0.746500,af=1.000000,ff=1,v=2,inplace=0): 
not supported [RD0] 

  ROPE(type=f16,ne_a=[36,16,2457,1],n_dims=36,mode=2,n_ctx=512,fs=1.424500,ef=0.746500,af=1.000000,ff=1,v=2,inplace=0): 
not supported [RD0] 

  ROPE(type=f16,ne_a=[36,16,2457,1],n_dims=36,mode=8,n_ctx=512,fs=1.424500,ef=0.746500,af=1.000000,ff=1,v=2,inplace=0): 
not supported [RD0] 

  ROPE(type=f16,ne_a=[36,16,2457,1],n_dims=36,mode=40,n_ctx=512,fs=1.424500,ef=0.746500,af=1.000000,ff=1,v=2,inplace=0): 
not supported [RD0] 

  ROPE(type=f16,ne_a=[36,16,2457,1],n_dims=36,mode=24,n_ctx=512,fs=1.424500,ef=0.746500,af=1.000000,ff=1,v=2,inplace=0): 
not supported [RD0] 

  ROPE(type=f32,ne_a=[128,32,2,1],n_dims=128,mode=0,n_ctx=512,fs=1.424500,ef=0.746500,af=1.424500,ff=0,v=0,inplace=0): 
not supported [RD0] 

  ROPE(type=f32,ne_a=[64,128,2,1],n_dims=64,mode=2,n_ctx=512,fs=1.424500,ef=0.746500,af=1.424500,ff=0,v=0,inplace=0): 
[1;32mOK[0m

  ROPE(type=f32,ne_a=[128,32,2,1],n_dims=128,mode=0,n_ctx=512,fs=1.424500,ef=0.746500,af=1.424500,ff=0,v=1,inplace=0): 
not supported [RD0] 

  ROPE(type=f32,ne_a=[64,128,2,1],n_dims=64,mode=2,n_ctx=512,fs=1.424500,ef=0.746500,af=1.424500,ff=0,v=1,inplace=0): 
[1;32mOK[0m

  ROPE(type=f32,ne_a=[36,16,2457,1],n_dims=36,mode=0,n_ctx=512,fs=1.424500,ef=0.746500,af=1.424500,ff=0,v=2,inplace=0): 
not supported [RD0] 

  ROPE(type=f32,ne_a=[36,16,2457,1],n_dims=36,mode=2,n_ctx=512,fs=1.424500,ef=0.746500,af=1.424500,ff=0,v=2,inplace=0): 
[1;32mOK[0m

  ROPE(type=f32,ne_a=[36,16,2457,1],n_dims=36,mode=8,n_ctx=512,fs=1.424500,ef=0.746500,af=1.424500,ff=0,v=2,inplace=0): 
not supported [RD0] 

  ROPE(type=f32,ne_a=[36,16,2457,1],n_dims=36,mode=40,n_ctx=512,fs=1.424500,ef=0.746500,af=1.424500,ff=0,v=2,inplace=0): 
not supported [RD0] 

  ROPE(type=f32,ne_a=[36,16,2457,1],n_dims=36,mode=24,n_ctx=512,fs=1.424500,ef=0.746500,af=1.424500,ff=0,v=2,inplace=0): 
not supported [RD0] 

  ROPE(type=f32,ne_a=[128,32,2,1],n_dims=128,mode=0,n_ctx=512,fs=1.424500,ef=0.746500,af=1.424500,ff=1,v=0,inplace=0): 
not supported [RD0] 

  ROPE(type=f32,ne_a=[64,128,2,1],n_dims=64,mode=2,n_ctx=512,fs=1.424500,ef=0.746500,af=1.424500,ff=1,v=0,inplace=0): 
not supported [RD0] 

  ROPE(type=f32,ne_a=[128,32,2,1],n_dims=128,mode=0,n_ctx=512,fs=1.424500,ef=0.746500,af=1.424500,ff=1,v=1,inplace=0): 
not supported [RD0] 

  ROPE(type=f32,ne_a=[64,128,2,1],n_dims=64,mode=2,n_ctx=512,fs=1.424500,ef=0.746500,af=1.424500,ff=1,v=1,inplace=0): 
not supported [RD0] 

  ROPE(type=f32,ne_a=[36,16,2457,1],n_dims=36,mode=0,n_ctx=512,fs=1.424500,ef=0.746500,af=1.424500,ff=1,v=2,inplace=0): 
not supported [RD0] 

  ROPE(type=f32,ne_a=[36,16,2457,1],n_dims=36,mode=2,n_ctx=512,fs=1.424500,ef=0.746500,af=1.424500,ff=1,v=2,inplace=0): 
not supported [RD0] 

  ROPE(type=f32,ne_a=[36,16,2457,1],n_dims=36,mode=8,n_ctx=512,fs=1.424500,ef=0.746500,af=1.424500,ff=1,v=2,inplace=0): 
not supported [RD0] 

  ROPE(type=f32,ne_a=[36,16,2457,1],n_dims=36,mode=40,n_ctx=512,fs=1.424500,ef=0.746500,af=1.424500,ff=1,v=2,inplace=0): 
not supported [RD0] 

  ROPE(type=f32,ne_a=[36,16,2457,1],n_dims=36,mode=24,n_ctx=512,fs=1.424500,ef=0.746500,af=1.424500,ff=1,v=2,inplace=0): 
not supported [RD0] 

  ROPE(type=f16,ne_a=[128,32,2,1],n_dims=128,mode=0,n_ctx=512,fs=1.424500,ef=0.746500,af=1.424500,ff=0,v=0,inplace=0): 
not supported [RD0] 

  ROPE(type=f16,ne_a=[64,128,2,1],n_dims=64,mode=2,n_ctx=512,fs=1.424500,ef=0.746500,af=1.424500,ff=0,v=0,inplace=0): 
not supported [RD0] 

  ROPE(type=f16,ne_a=[128,32,2,1],n_dims=128,mode=0,n_ctx=512,fs=1.424500,ef=0.746500,af=1.424500,ff=0,v=1,inplace=0): 
not supported [RD0] 

  ROPE(type=f16,ne_a=[64,128,2,1],n_dims=64,mode=2,n_ctx=512,fs=1.424500,ef=0.746500,af=1.424500,ff=0,v=1,inplace=0): 
not supported [RD0] 

  ROPE(type=f16,ne_a=[36,16,2457,1],n_dims=36,mode=0,n_ctx=512,fs=1.424500,ef=0.746500,af=1.424500,ff=0,v=2,inplace=0): 
not supported [RD0] 

  ROPE(type=f16,ne_a=[36,16,2457,1],n_dims=36,mode=2,n_ctx=512,fs=1.424500,ef=0.746500,af=1.424500,ff=0,v=2,inplace=0): 
not supported [RD0] 

  ROPE(type=f16,ne_a=[36,16,2457,1],n_dims=36,mode=8,n_ctx=512,fs=1.424500,ef=0.746500,af=1.424500,ff=0,v=2,inplace=0): 
not supported [RD0] 

  ROPE(type=f16,ne_a=[36,16,2457,1],n_dims=36,mode=40,n_ctx=512,fs=1.424500,ef=0.746500,af=1.424500,ff=0,v=2,inplace=0): 
not supported [RD0] 

  ROPE(type=f16,ne_a=[36,16,2457,1],n_dims=36,mode=24,n_ctx=512,fs=1.424500,ef=0.746500,af=1.424500,ff=0,v=2,inplace=0): 
not supported [RD0] 

  ROPE(type=f16,ne_a=[128,32,2,1],n_dims=128,mode=0,n_ctx=512,fs=1.424500,ef=0.746500,af=1.424500,ff=1,v=0,inplace=0): 
not supported [RD0] 

  ROPE(type=f16,ne_a=[64,128,2,1],n_dims=64,mode=2,n_ctx=512,fs=1.424500,ef=0.746500,af=1.424500,ff=1,v=0,inplace=0): 
not supported [RD0] 

  ROPE(type=f16,ne_a=[128,32,2,1],n_dims=128,mode=0,n_ctx=512,fs=1.424500,ef=0.746500,af=1.424500,ff=1,v=1,inplace=0): 
not supported [RD0] 

  ROPE(type=f16,ne_a=[64,128,2,1],n_dims=64,mode=2,n_ctx=512,fs=1.424500,ef=0.746500,af=1.424500,ff=1,v=1,inplace=0): 
not supported [RD0] 

  ROPE(type=f16,ne_a=[36,16,2457,1],n_dims=36,mode=0,n_ctx=512,fs=1.424500,ef=0.746500,af=1.424500,ff=1,v=2,inplace=0): 
not supported [RD0] 

  ROPE(type=f16,ne_a=[36,16,2457,1],n_dims=36,mode=2,n_ctx=512,fs=1.424500,ef=0.746500,af=1.424500,ff=1,v=2,inplace=0): 
not supported [RD0] 

  ROPE(type=f16,ne_a=[36,16,2457,1],n_dims=36,mode=8,n_ctx=512,fs=1.424500,ef=0.746500,af=1.424500,ff=1,v=2,inplace=0): 
not supported [RD0] 

  ROPE(type=f16,ne_a=[36,16,2457,1],n_dims=36,mode=40,n_ctx=512,fs=1.424500,ef=0.746500,af=1.424500,ff=1,v=2,inplace=0): 
not supported [RD0] 

  ROPE(type=f16,ne_a=[36,16,2457,1],n_dims=36,mode=24,n_ctx=512,fs=1.424500,ef=0.746500,af=1.424500,ff=1,v=2,inplace=0): 
not supported [RD0] 

  ROPE(type=f32,ne_a=[128,32,2,1],n_dims=128,mode=0,n_ctx=512,fs=1.424500,ef=0.746500,af=1.424500,ff=0,v=0,inplace=1): 
not supported [RD0] 

  ROPE(type=f32,ne_a=[128,32,2,1],n_dims=128,mode=0,n_ctx=512,fs=1.424500,ef=0.746500,af=1.424500,ff=0,v=1,inplace=1): 
not supported [RD0] 

  ROPE(type=f32,ne_a=[128,32,2,3],n_dims=128,mode=0,n_ctx=512,fs=1.424500,ef=0.746500,af=1.424500,ff=0,v=1,inplace=1): 
not supported [RD0] 

  ROPE(type=f32,ne_a=[128,32,2,1],n_dims=128,mode=0,n_ctx=512,fs=1.424500,ef=0.746500,af=1.424500,ff=1,v=0,inplace=1): 
not supported [RD0] 

  ROPE(type=f32,ne_a=[128,32,2,1],n_dims=128,mode=0,n_ctx=512,fs=1.424500,ef=0.746500,af=1.424500,ff=1,v=1,inplace=1): 
not supported [RD0] 

  ROPE(type=f32,ne_a=[128,32,2,3],n_dims=128,mode=0,n_ctx=512,fs=1.424500,ef=0.746500,af=1.424500,ff=1,v=1,inplace=1): 
not supported [RD0] 

  ROPE(type=f32,ne_a=[128,32,2,1],n_dims=128,mode=2,n_ctx=512,fs=1.424500,ef=0.746500,af=1.424500,ff=0,v=0,inplace=1): 
[1;32mOK[0m

  ROPE(type=f32,ne_a=[128,32,2,1],n_dims=128,mode=2,n_ctx=512,fs=1.424500,ef=0.746500,af=1.424500,ff=0,v=1,inplace=1): 
[1;32mOK[0m

  ROPE(type=f32,ne_a=[128,32,2,3],n_dims=128,mode=2,n_ctx=512,fs=1.424500,ef=0.746500,af=1.424500,ff=0,v=1,inplace=1): 
[1;32mOK[0m

  ROPE(type=f32,ne_a=[128,32,2,1],n_dims=128,mode=2,n_ctx=512,fs=1.424500,ef=0.746500,af=1.424500,ff=1,v=0,inplace=1): 
not supported [RD0] 

  ROPE(type=f32,ne_a=[128,32,2,1],n_dims=128,mode=2,n_ctx=512,fs=1.424500,ef=0.746500,af=1.424500,ff=1,v=1,inplace=1): 
not supported [RD0] 

  ROPE(type=f32,ne_a=[128,32,2,3],n_dims=128,mode=2,n_ctx=512,fs=1.424500,ef=0.746500,af=1.424500,ff=1,v=1,inplace=1): 
not supported [RD0] 

  ROPE(type=f32,ne_a=[128,32,2,1],n_dims=128,mode=8,n_ctx=512,fs=1.424500,ef=0.746500,af=1.424500,ff=0,v=0,inplace=1): 
not supported [RD0] 

  ROPE(type=f32,ne_a=[128,32,2,1],n_dims=128,mode=8,n_ctx=512,fs=1.424500,ef=0.746500,af=1.424500,ff=0,v=1,inplace=1): 
not supported [RD0] 

  ROPE(type=f32,ne_a=[128,32,2,3],n_dims=128,mode=8,n_ctx=512,fs=1.424500,ef=0.746500,af=1.424500,ff=0,v=1,inplace=1): 
not supported [RD0] 

  ROPE(type=f32,ne_a=[128,32,2,1],n_dims=128,mode=8,n_ctx=512,fs=1.424500,ef=0.746500,af=1.424500,ff=1,v=0,inplace=1): 
not supported [RD0] 

  ROPE(type=f32,ne_a=[128,32,2,1],n_dims=128,mode=8,n_ctx=512,fs=1.424500,ef=0.746500,af=1.424500,ff=1,v=1,inplace=1): 
not supported [RD0] 

  ROPE(type=f32,ne_a=[128,32,2,3],n_dims=128,mode=8,n_ctx=512,fs=1.424500,ef=0.746500,af=1.424500,ff=1,v=1,inplace=1): 
not supported [RD0] 

  ROPE(type=f32,ne_a=[128,32,2,1],n_dims=128,mode=40,n_ctx=512,fs=1.424500,ef=0.746500,af=1.424500,ff=0,v=0,inplace=1): 
not supported [RD0] 

  ROPE(type=f32,ne_a=[128,32,2,1],n_dims=128,mode=40,n_ctx=512,fs=1.424500,ef=0.746500,af=1.424500,ff=0,v=1,inplace=1): 
not supported [RD0] 

  ROPE(type=f32,ne_a=[128,32,2,3],n_dims=128,mode=40,n_ctx=512,fs=1.424500,ef=0.746500,af=1.424500,ff=0,v=1,inplace=1): 
not supported [RD0] 

  ROPE(type=f32,ne_a=[128,32,2,1],n_dims=128,mode=40,n_ctx=512,fs=1.424500,ef=0.746500,af=1.424500,ff=1,v=0,inplace=1): 
not supported [RD0] 

  ROPE(type=f32,ne_a=[128,32,2,1],n_dims=128,mode=40,n_ctx=512,fs=1.424500,ef=0.746500,af=1.424500,ff=1,v=1,inplace=1): 
not supported [RD0] 

  ROPE(type=f32,ne_a=[128,32,2,3],n_dims=128,mode=40,n_ctx=512,fs=1.424500,ef=0.746500,af=1.424500,ff=1,v=1,inplace=1): 
not supported [RD0] 

  ROPE(type=f32,ne_a=[128,32,2,1],n_dims=128,mode=24,n_ctx=512,fs=1.424500,ef=0.746500,af=1.424500,ff=0,v=0,inplace=1): 
not supported [RD0] 

  ROPE(type=f32,ne_a=[128,32,2,1],n_dims=128,mode=24,n_ctx=512,fs=1.424500,ef=0.746500,af=1.424500,ff=0,v=1,inplace=1): 
not supported [RD0] 

  ROPE(type=f32,ne_a=[128,32,2,3],n_dims=128,mode=24,n_ctx=512,fs=1.424500,ef=0.746500,af=1.424500,ff=0,v=1,inplace=1): 
not supported [RD0] 

  ROPE(type=f32,ne_a=[128,32,2,1],n_dims=128,mode=24,n_ctx=512,fs=1.424500,ef=0.746500,af=1.424500,ff=1,v=0,inplace=1): 
not supported [RD0] 

  ROPE(type=f32,ne_a=[128,32,2,1],n_dims=128,mode=24,n_ctx=512,fs=1.424500,ef=0.746500,af=1.424500,ff=1,v=1,inplace=1): 
not supported [RD0] 

  ROPE(type=f32,ne_a=[128,32,2,3],n_dims=128,mode=24,n_ctx=512,fs=1.424500,ef=0.746500,af=1.424500,ff=1,v=1,inplace=1): 
not supported [RD0] 

  ROPE(type=f16,ne_a=[128,32,2,1],n_dims=128,mode=0,n_ctx=512,fs=1.424500,ef=0.746500,af=1.424500,ff=0,v=0,inplace=1): 
not supported [RD0] 

  ROPE(type=f16,ne_a=[128,32,2,1],n_dims=128,mode=0,n_ctx=512,fs=1.424500,ef=0.746500,af=1.424500,ff=0,v=1,inplace=1): 
not supported [RD0] 

  ROPE(type=f16,ne_a=[128,32,2,3],n_dims=128,mode=0,n_ctx=512,fs=1.424500,ef=0.746500,af=1.424500,ff=0,v=1,inplace=1): 
not supported [RD0] 

  ROPE(type=f16,ne_a=[128,32,2,1],n_dims=128,mode=0,n_ctx=512,fs=1.424500,ef=0.746500,af=1.424500,ff=1,v=0,inplace=1): 
not supported [RD0] 

  ROPE(type=f16,ne_a=[128,32,2,1],n_dims=128,mode=0,n_ctx=512,fs=1.424500,ef=0.746500,af=1.424500,ff=1,v=1,inplace=1): 
not supported [RD0] 

  ROPE(type=f16,ne_a=[128,32,2,3],n_dims=128,mode=0,n_ctx=512,fs=1.424500,ef=0.746500,af=1.424500,ff=1,v=1,inplace=1): 
not supported [RD0] 

  ROPE(type=f16,ne_a=[128,32,2,1],n_dims=128,mode=2,n_ctx=512,fs=1.424500,ef=0.746500,af=1.424500,ff=0,v=0,inplace=1): 
not supported [RD0] 

  ROPE(type=f16,ne_a=[128,32,2,1],n_dims=128,mode=2,n_ctx=512,fs=1.424500,ef=0.746500,af=1.424500,ff=0,v=1,inplace=1): 
not supported [RD0] 

  ROPE(type=f16,ne_a=[128,32,2,3],n_dims=128,mode=2,n_ctx=512,fs=1.424500,ef=0.746500,af=1.424500,ff=0,v=1,inplace=1): 
not supported [RD0] 

  ROPE(type=f16,ne_a=[128,32,2,1],n_dims=128,mode=2,n_ctx=512,fs=1.424500,ef=0.746500,af=1.424500,ff=1,v=0,inplace=1): 
not supported [RD0] 

  ROPE(type=f16,ne_a=[128,32,2,1],n_dims=128,mode=2,n_ctx=512,fs=1.424500,ef=0.746500,af=1.424500,ff=1,v=1,inplace=1): 
not supported [RD0] 

  ROPE(type=f16,ne_a=[128,32,2,3],n_dims=128,mode=2,n_ctx=512,fs=1.424500,ef=0.746500,af=1.424500,ff=1,v=1,inplace=1): 
not supported [RD0] 

  ROPE(type=f16,ne_a=[128,32,2,1],n_dims=128,mode=8,n_ctx=512,fs=1.424500,ef=0.746500,af=1.424500,ff=0,v=0,inplace=1): 
not supported [RD0] 

  ROPE(type=f16,ne_a=[128,32,2,1],n_dims=128,mode=8,n_ctx=512,fs=1.424500,ef=0.746500,af=1.424500,ff=0,v=1,inplace=1): 
not supported [RD0] 

  ROPE(type=f16,ne_a=[128,32,2,3],n_dims=128,mode=8,n_ctx=512,fs=1.424500,ef=0.746500,af=1.424500,ff=0,v=1,inplace=1): 
not supported [RD0] 

  ROPE(type=f16,ne_a=[128,32,2,1],n_dims=128,mode=8,n_ctx=512,fs=1.424500,ef=0.746500,af=1.424500,ff=1,v=0,inplace=1): 
not supported [RD0] 

  ROPE(type=f16,ne_a=[128,32,2,1],n_dims=128,mode=8,n_ctx=512,fs=1.424500,ef=0.746500,af=1.424500,ff=1,v=1,inplace=1): 
not supported [RD0] 

  ROPE(type=f16,ne_a=[128,32,2,3],n_dims=128,mode=8,n_ctx=512,fs=1.424500,ef=0.746500,af=1.424500,ff=1,v=1,inplace=1): 
not supported [RD0] 

  ROPE(type=f16,ne_a=[128,32,2,1],n_dims=128,mode=40,n_ctx=512,fs=1.424500,ef=0.746500,af=1.424500,ff=0,v=0,inplace=1): 
not supported [RD0] 

  ROPE(type=f16,ne_a=[128,32,2,1],n_dims=128,mode=40,n_ctx=512,fs=1.424500,ef=0.746500,af=1.424500,ff=0,v=1,inplace=1): 
not supported [RD0] 

  ROPE(type=f16,ne_a=[128,32,2,3],n_dims=128,mode=40,n_ctx=512,fs=1.424500,ef=0.746500,af=1.424500,ff=0,v=1,inplace=1): 
not supported [RD0] 

  ROPE(type=f16,ne_a=[128,32,2,1],n_dims=128,mode=40,n_ctx=512,fs=1.424500,ef=0.746500,af=1.424500,ff=1,v=0,inplace=1): 
not supported [RD0] 

  ROPE(type=f16,ne_a=[128,32,2,1],n_dims=128,mode=40,n_ctx=512,fs=1.424500,ef=0.746500,af=1.424500,ff=1,v=1,inplace=1): 
not supported [RD0] 

  ROPE(type=f16,ne_a=[128,32,2,3],n_dims=128,mode=40,n_ctx=512,fs=1.424500,ef=0.746500,af=1.424500,ff=1,v=1,inplace=1): 
not supported [RD0] 

  ROPE(type=f16,ne_a=[128,32,2,1],n_dims=128,mode=24,n_ctx=512,fs=1.424500,ef=0.746500,af=1.424500,ff=0,v=0,inplace=1): 
not supported [RD0] 

  ROPE(type=f16,ne_a=[128,32,2,1],n_dims=128,mode=24,n_ctx=512,fs=1.424500,ef=0.746500,af=1.424500,ff=0,v=1,inplace=1): 
not supported [RD0] 

  ROPE(type=f16,ne_a=[128,32,2,3],n_dims=128,mode=24,n_ctx=512,fs=1.424500,ef=0.746500,af=1.424500,ff=0,v=1,inplace=1): 
not supported [RD0] 

  ROPE(type=f16,ne_a=[128,32,2,1],n_dims=128,mode=24,n_ctx=512,fs=1.424500,ef=0.746500,af=1.424500,ff=1,v=0,inplace=1): 
not supported [RD0] 

  ROPE(type=f16,ne_a=[128,32,2,1],n_dims=128,mode=24,n_ctx=512,fs=1.424500,ef=0.746500,af=1.424500,ff=1,v=1,inplace=1): 
not supported [RD0] 

  ROPE(type=f16,ne_a=[128,32,2,3],n_dims=128,mode=24,n_ctx=512,fs=1.424500,ef=0.746500,af=1.424500,ff=1,v=1,inplace=1): 
not supported [RD0] 

  68/68 tests passed

  Backend RD0: [1;32mOK[0m

2/2 backends passed

[1;32mOK[0m

ggml_test: test-backend-ops returned 0

ggml_test: rd stats graphs=409 nodes=1045 dispatches=709 skipped=336 barriers=573 failed_graphs=0 last{nodes=1 dispatches=0 barriers=0 skipped=1} pipelines=10 set0_created=73 slots_created=256 coop_yields=1 waits=73 faults=0 params_bytes=181504 set_bytes=454874712 get_bytes=1120652684 copies=0 clears=0 buffers_live=0 bytes_live=0

== ops_main: done in 99.4 s, frames=69 pumps=69 vm_ms=99331.8 waits=68 coops=0 reads=0 read_bytes=0 uploads=0 upload_bytes=0
   cases: OK=68 FAIL=0 not_supported=427 | 68/68 tests passed | Backend RD0: OK
   NEG: OK=4 FAIL=0 not_supported=4
   SIGMOID: OK=4 FAIL=0 not_supported=4
   GELU: OK=4 FAIL=0 not_supported=4
   SILU: OK=4 FAIL=0 not_supported=4
   GELU_ERF: OK=4 FAIL=0 not_supported=4
   SCALE: OK=4 FAIL=0 not_supported=0
   DIAG_MASK_INF: OK=3 FAIL=0 not_supported=0
   ROPE: OK=41 FAIL=0 not_supported=407
   rd: graphs=409 nodes=1045 dispatches=709 skipped=336 barriers=573 failed_graphs=0 last{nodes=1 dispatches=0 barriers=0 skipped=1} pipelines=10 set0_created=73 slots_created=256 coop_yields=1 waits=73 faults=0 params_bytes=181504 set_bytes=454874712 get_bytes=1120652684 copies=0 clears=0 buffers_live=0 bytes_live=0 rule4_same_frame_syncs=0 syncs=75 submits=75 recoveries=0 permanent_slots=0 | 29 of 29 RenderingDevice method names in slots of their own (host name cache: 32 slots)
Testing 2 devices


Backend 1/2: CPU

  Skipping

Backend 2/2: RD0

  Device description: Godot RenderingDevice (NVIDIA GeForce RTX 4090)

  Device memory: 24576 MB (24576 MB free)



  NEG(type=f16,ne_a=[128,2,2,2],v=0): 
not supported [RD0] 

  NEG(type=f16,ne_a=[5,7,11,13],v=0): 
not supported [RD0] 

  SIGMOID(type=f16,ne_a=[128,2,2,2],v=0): 
not supported [RD0] 

  SIGMOID(type=f16,ne_a=[5,7,11,13],v=0): 
not supported [RD0] 

  GELU(type=f16,ne_a=[128,2,2,2],v=0): 
not supported [RD0] 

  GELU(type=f16,ne_a=[5,7,11,13],v=0): 
not supported [RD0] 

  SILU(type=f16,ne_a=[128,2,2,2],v=0): 
not supported [RD0] 

  SILU(type=f16,ne_a=[5,7,11,13],v=0): 
not supported [RD0] 

  GELU_ERF(type=f16,ne_a=[128,2,2,2],v=0): 
not supported [RD0] 

  GELU_ERF(type=f16,ne_a=[5,7,11,13],v=0): 
not supported [RD0] 

  NEG(type=f16,ne_a=[128,2,2,2],v=1): 
not supported [RD0] 

  NEG(type=f16,ne_a=[5,7,11,13],v=1): 
not supported [RD0] 

  SIGMOID(type=f16,ne_a=[128,2,2,2],v=1): 
not supported [RD0] 

  SIGMOID(type=f16,ne_a=[5,7,11,13],v=1): 
not supported [RD0] 

  GELU(type=f16,ne_a=[128,2,2,2],v=1): 
not supported [RD0] 

  GELU(type=f16,ne_a=[5,7,11,13],v=1): 
not supported [RD0] 

  SILU(type=f16,ne_a=[128,2,2,2],v=1): 
not supported [RD0] 

  SILU(type=f16,ne_a=[5,7,11,13],v=1): 
not supported [RD0] 

  GELU_ERF(type=f16,ne_a=[128,2,2,2],v=1): 
not supported [RD0] 

  GELU_ERF(type=f16,ne_a=[5,7,11,13],v=1): 
not supported [RD0] 

  NEG(type=f32,ne_a=[128,2,2,2],v=0): 
[1;32mOK[0m

  NEG(type=f32,ne_a=[5,7,11,13],v=0): 
[1;32mOK[0m

  SIGMOID(type=f32,ne_a=[128,2,2,2],v=0): 
[1;32mOK[0m

  SIGMOID(type=f32,ne_a=[5,7,11,13],v=0): 
[1;32mOK[0m

  GELU(type=f32,ne_a=[128,2,2,2],v=0): 
[1;32mOK[0m

  GELU(type=f32,ne_a=[5,7,11,13],v=0): 
[1;32mOK[0m

  SILU(type=f32,ne_a=[128,2,2,2],v=0): 
[1;32mOK[0m

  SILU(type=f32,ne_a=[5,7,11,13],v=0): 
[1;32mOK[0m

  GELU_ERF(type=f32,ne_a=[128,2,2,2],v=0): 
[1;32mOK[0m

  GELU_ERF(type=f32,ne_a=[5,7,11,13],v=0): 
[1;32mOK[0m

  NEG(type=f32,ne_a=[128,2,2,2],v=1): 
[1;32mOK[0m

  NEG(type=f32,ne_a=[5,7,11,13],v=1): 
[1;32mOK[0m

  SIGMOID(type=f32,ne_a=[128,2,2,2],v=1): 
[1;32mOK[0m

  SIGMOID(type=f32,ne_a=[5,7,11,13],v=1): 
[1;32mOK[0m

  GELU(type=f32,ne_a=[128,2,2,2],v=1): 
[1;32mOK[0m

  GELU(type=f32,ne_a=[5,7,11,13],v=1): 
[1;32mOK[0m

  SILU(type=f32,ne_a=[128,2,2,2],v=1): 
[1;32mOK[0m

  SILU(type=f32,ne_a=[5,7,11,13],v=1): 
[1;32mOK[0m

  GELU_ERF(type=f32,ne_a=[128,2,2,2],v=1): 
[1;32mOK[0m

  GELU_ERF(type=f32,ne_a=[5,7,11,13],v=1): 
[1;32mOK[0m

  SCALE(type=f32,ne=[10,10,10,10],scale=2.000000,bias=0.000000,inplace=0): 
[1;32mOK[0m

  SCALE(type=f32,ne=[10,10,10,10],scale=2.000000,bias=1.000000,inplace=0): 
[1;32mOK[0m

  SCALE(type=f32,ne=[10,10,10,10],scale=2.000000,bias=1.000000,inplace=1): 
[1;32mOK[0m

  SCALE(type=f32,ne=[100,10,10,10],scale=2.000000,bias=1.000000,inplace=0): 
[1;32mOK[0m

  DIAG_MASK_INF(type=f32,ne=[10,10,1,1],n_past=5): 
[1;32mOK[0m

  DIAG_MASK_INF(type=f32,ne=[10,10,3,1],n_past=5): 
[1;32mOK[0m

  DIAG_MASK_INF(type=f32,ne=[10,10,3,2],n_past=5): 
[1;32mOK[0m

  ROPE(type=f32,ne_a=[128,32,2,1],n_dims=128,mode=0,n_ctx=512,fs=1.000000,ef=0.000000,af=1.000000,ff=0,v=0,inplace=0): 
not supported [RD0] 

  ROPE(type=f32,ne_a=[128,40,2,1],n_dims=128,mode=0,n_ctx=512,fs=1.000000,ef=0.000000,af=1.000000,ff=0,v=0,inplace=0): 
not supported [RD0] 

  ROPE(type=f32,ne_a=[128,52,2,1],n_dims=128,mode=0,n_ctx=512,fs=1.000000,ef=0.000000,af=1.000000,ff=0,v=0,inplace=0): 
not supported [RD0] 

  ROPE(type=f32,ne_a=[128,64,2,1],n_dims=128,mode=0,n_ctx=512,fs=1.000000,ef=0.000000,af=1.000000,ff=0,v=0,inplace=0): 
not supported [RD0] 

  ROPE(type=f32,ne_a=[16,16,8192,1],n_dims=16,mode=0,n_ctx=512,fs=1.000000,ef=0.000000,af=1.000000,ff=0,v=0,inplace=0): 
not supported [RD0] 

  ROPE(type=f32,ne_a=[64,1,2,1],n_dims=64,mode=2,n_ctx=512,fs=1.000000,ef=0.000000,af=1.000000,ff=0,v=0,inplace=0): 
[1;32mOK[0m

  ROPE(type=f32,ne_a=[64,71,2,1],n_dims=64,mode=2,n_ctx=512,fs=1.000000,ef=0.000000,af=1.000000,ff=0,v=0,inplace=0): 
[1;32mOK[0m

  ROPE(type=f32,ne_a=[64,8,2,1],n_dims=64,mode=2,n_ctx=512,fs=1.000000,ef=0.000000,af=1.000000,ff=0,v=0,inplace=0): 
[1;32mOK[0m

  ROPE(type=f32,ne_a=[80,32,2,1],n_dims=20,mode=0,n_ctx=512,fs=1.000000,ef=0.000000,af=1.000000,ff=0,v=0,inplace=0): 
not supported [RD0] 

  ROPE(type=f32,ne_a=[80,32,2,1],n_dims=32,mode=0,n_ctx=512,fs=1.000000,ef=0.000000,af=1.000000,ff=0,v=0,inplace=0): 
not supported [RD0] 

  ROPE(type=f32,ne_a=[80,32,4,1],n_dims=32,mode=0,n_ctx=512,fs=1.000000,ef=0.000000,af=1.000000,ff=0,v=0,inplace=0): 
not supported [RD0] 

  ROPE(type=f32,ne_a=[80,32,2,1],n_dims=20,mode=2,n_ctx=512,fs=1.000000,ef=0.000000,af=1.000000,ff=0,v=0,inplace=0): 
[1;32mOK[0m

  ROPE(type=f32,ne_a=[80,32,2,1],n_dims=32,mode=2,n_ctx=512,fs=1.000000,ef=0.000000,af=1.000000,ff=0,v=0,inplace=0): 
[1;32mOK[0m

  ROPE(type=f32,ne_a=[80,32,4,1],n_dims=32,mode=2,n_ctx=512,fs=1.000000,ef=0.000000,af=1.000000,ff=0,v=0,inplace=0): 
[1;32mOK[0m

  ROPE(type=f32,ne_a=[16,16,8192,1],n_dims=16,mode=2,n_ctx=512,fs=1.000000,ef=0.000000,af=1.000000,ff=0,v=0,inplace=0): 
[1;32mOK[0m

  ROPE(type=f32,ne_a=[128,12,2,1],n_dims=128,mode=8,n_ctx=512,fs=1.000000,ef=0.000000,af=1.000000,ff=0,v=0,inplace=0): 
not supported [RD0] 

  ROPE(type=f32,ne_a=[128,28,2,1],n_dims=128,mode=8,n_ctx=512,fs=1.000000,ef=0.000000,af=1.000000,ff=0,v=0,inplace=0): 
not supported [RD0] 

  ROPE(type=f32,ne_a=[128,12,2,1],n_dims=20,mode=8,n_ctx=512,fs=1.000000,ef=0.000000,af=1.000000,ff=0,v=0,inplace=0): 
not supported [RD0] 

  ROPE(type=f32,ne_a=[128,28,2,1],n_dims=32,mode=8,n_ctx=512,fs=1.000000,ef=0.000000,af=1.000000,ff=0,v=0,inplace=0): 
not supported [RD0] 

  ROPE(type=f32,ne_a=[128,12,2,1],n_dims=128,mode=40,n_ctx=512,fs=1.000000,ef=0.000000,af=1.000000,ff=0,v=0,inplace=0): 
not supported [RD0] 

  ROPE(type=f32,ne_a=[128,28,2,1],n_dims=128,mode=40,n_ctx=512,fs=1.000000,ef=0.000000,af=1.000000,ff=0,v=0,inplace=0): 
not supported [RD0] 

  ROPE(type=f32,ne_a=[128,12,2,1],n_dims=20,mode=40,n_ctx=512,fs=1.000000,ef=0.000000,af=1.000000,ff=0,v=0,inplace=0): 
not supported [RD0] 

  ROPE(type=f32,ne_a=[128,28,2,1],n_dims=32,mode=40,n_ctx=512,fs=1.000000,ef=0.000000,af=1.000000,ff=0,v=0,inplace=0): 
not supported [RD0] 

  ROPE(type=f32,ne_a=[80,16,2,1],n_dims=80,mode=24,n_ctx=512,fs=1.000000,ef=0.000000,af=1.000000,ff=0,v=0,inplace=0): 
not supported [RD0] 

  ROPE(type=f32,ne_a=[128,16,2,1],n_dims=128,mode=40,n_ctx=512,fs=1.000000,ef=0.000000,af=1.000000,ff=0,v=0,inplace=0): 
not supported [RD0] 

  ROPE(type=f32,ne_a=[16,16,8192,1],n_dims=16,mode=40,n_ctx=512,fs=1.000000,ef=0.000000,af=1.000000,ff=0,v=0,inplace=0): 
not supported [RD0] 

  ROPE(type=f32,ne_a=[64,128,2,1],n_dims=64,mode=2,n_ctx=512,fs=1.000000,ef=0.000000,af=1.000000,ff=0,v=0,inplace=0): 
[1;32mOK[0m

  ROPE(type=f32,ne_a=[128,32,2,1],n_dims=128,mode=0,n_ctx=512,fs=1.000000,ef=0.000000,af=1.000000,ff=0,v=1,inplace=0): 
not supported [RD0] 

  ROPE(type=f32,ne_a=[128,40,2,1],n_dims=128,mode=0,n_ctx=512,fs=1.000000,ef=0.000000,af=1.000000,ff=0,v=1,inplace=0): 
not supported [RD0] 

  ROPE(type=f32,ne_a=[128,52,2,1],n_dims=128,mode=0,n_ctx=512,fs=1.000000,ef=0.000000,af=1.000000,ff=0,v=1,inplace=0): 
not supported [RD0] 

  ROPE(type=f32,ne_a=[128,64,2,1],n_dims=128,mode=0,n_ctx=512,fs=1.000000,ef=0.000000,af=1.000000,ff=0,v=1,inplace=0): 
not supported [RD0] 

  ROPE(type=f32,ne_a=[16,16,8192,1],n_dims=16,mode=0,n_ctx=512,fs=1.000000,ef=0.000000,af=1.000000,ff=0,v=1,inplace=0): 
not supported [RD0] 

  ROPE(type=f32,ne_a=[64,1,2,1],n_dims=64,mode=2,n_ctx=512,fs=1.000000,ef=0.000000,af=1.000000,ff=0,v=1,inplace=0): 
[1;32mOK[0m

  ROPE(type=f32,ne_a=[64,71,2,1],n_dims=64,mode=2,n_ctx=512,fs=1.000000,ef=0.000000,af=1.000000,ff=0,v=1,inplace=0): 
[1;32mOK[0m

  ROPE(type=f32,ne_a=[64,8,2,1],n_dims=64,mode=2,n_ctx=512,fs=1.000000,ef=0.000000,af=1.000000,ff=0,v=1,inplace=0): 
[1;32mOK[0m

  ROPE(type=f32,ne_a=[80,32,2,1],n_dims=20,mode=0,n_ctx=512,fs=1.000000,ef=0.000000,af=1.000000,ff=0,v=1,inplace=0): 
not supported [RD0] 

  ROPE(type=f32,ne_a=[80,32,2,1],n_dims=32,mode=0,n_ctx=512,fs=1.000000,ef=0.000000,af=1.000000,ff=0,v=1,inplace=0): 
not supported [RD0] 

  ROPE(type=f32,ne_a=[80,32,4,1],n_dims=32,mode=0,n_ctx=512,fs=1.000000,ef=0.000000,af=1.000000,ff=0,v=1,inplace=0): 
not supported [RD0] 

  ROPE(type=f32,ne_a=[80,32,2,1],n_dims=20,mode=2,n_ctx=512,fs=1.000000,ef=0.000000,af=1.000000,ff=0,v=1,inplace=0): 
[1;32mOK[0m

  ROPE(type=f32,ne_a=[80,32,2,1],n_dims=32,mode=2,n_ctx=512,fs=1.000000,ef=0.000000,af=1.000000,ff=0,v=1,inplace=0): 
[1;32mOK[0m

  ROPE(type=f32,ne_a=[80,32,4,1],n_dims=32,mode=2,n_ctx=512,fs=1.000000,ef=0.000000,af=1.000000,ff=0,v=1,inplace=0): 
[1;32mOK[0m

  ROPE(type=f32,ne_a=[16,16,8192,1],n_dims=16,mode=2,n_ctx=512,fs=1.000000,ef=0.000000,af=1.000000,ff=0,v=1,inplace=0): 
[1;32mOK[0m

  ROPE(type=f32,ne_a=[128,12,2,1],n_dims=128,mode=8,n_ctx=512,fs=1.000000,ef=0.000000,af=1.000000,ff=0,v=1,inplace=0): 
not supported [RD0] 

  ROPE(type=f32,ne_a=[128,28,2,1],n_dims=128,mode=8,n_ctx=512,fs=1.000000,ef=0.000000,af=1.000000,ff=0,v=1,inplace=0): 
not supported [RD0] 

  ROPE(type=f32,ne_a=[128,12,2,1],n_dims=20,mode=8,n_ctx=512,fs=1.000000,ef=0.000000,af=1.000000,ff=0,v=1,inplace=0): 
not supported [RD0] 

  ROPE(type=f32,ne_a=[128,28,2,1],n_dims=32,mode=8,n_ctx=512,fs=1.000000,ef=0.000000,af=1.000000,ff=0,v=1,inplace=0): 
not supported [RD0] 

  ROPE(type=f32,ne_a=[128,12,2,1],n_dims=128,mode=40,n_ctx=512,fs=1.000000,ef=0.000000,af=1.000000,ff=0,v=1,inplace=0): 
not supported [RD0] 

  ROPE(type=f32,ne_a=[128,28,2,1],n_dims=128,mode=40,n_ctx=512,fs=1.000000,ef=0.000000,af=1.000000,ff=0,v=1,inplace=0): 
not supported [RD0] 

  ROPE(type=f32,ne_a=[128,12,2,1],n_dims=20,mode=40,n_ctx=512,fs=1.000000,ef=0.000000,af=1.000000,ff=0,v=1,inplace=0): 
not supported [RD0] 

  ROPE(type=f32,ne_a=[128,28,2,1],n_dims=32,mode=40,n_ctx=512,fs=1.000000,ef=0.000000,af=1.000000,ff=0,v=1,inplace=0): 
not supported [RD0] 

  ROPE(type=f32,ne_a=[80,16,2,1],n_dims=80,mode=24,n_ctx=512,fs=1.000000,ef=0.000000,af=1.000000,ff=0,v=1,inplace=0): 
not supported [RD0] 

  ROPE(type=f32,ne_a=[128,16,2,1],n_dims=128,mode=40,n_ctx=512,fs=1.000000,ef=0.000000,af=1.000000,ff=0,v=1,inplace=0): 
not supported [RD0] 

  ROPE(type=f32,ne_a=[16,16,8192,1],n_dims=16,mode=40,n_ctx=512,fs=1.000000,ef=0.000000,af=1.000000,ff=0,v=1,inplace=0): 
not supported [RD0] 

  ROPE(type=f32,ne_a=[64,128,2,1],n_dims=64,mode=2,n_ctx=512,fs=1.000000,ef=0.000000,af=1.000000,ff=0,v=1,inplace=0): 
[1;32mOK[0m

  ROPE(type=f32,ne_a=[36,16,2457,1],n_dims=36,mode=0,n_ctx=512,fs=1.000000,ef=0.000000,af=1.000000,ff=0,v=2,inplace=0): 
not supported [RD0] 

  ROPE(type=f32,ne_a=[36,16,2457,1],n_dims=36,mode=2,n_ctx=512,fs=1.000000,ef=0.000000,af=1.000000,ff=0,v=2,inplace=0): 
[1;32mOK[0m

  ROPE(type=f32,ne_a=[36,16,2457,1],n_dims=36,mode=8,n_ctx=512,fs=1.000000,ef=0.000000,af=1.000000,ff=0,v=2,inplace=0): 
not supported [RD0] 

  ROPE(type=f32,ne_a=[36,16,2457,1],n_dims=36,mode=40,n_ctx=512,fs=1.000000,ef=0.000000,af=1.000000,ff=0,v=2,inplace=0): 
not supported [RD0] 

  ROPE(type=f32,ne_a=[36,16,2457,1],n_dims=36,mode=24,n_ctx=512,fs=1.000000,ef=0.000000,af=1.000000,ff=0,v=2,inplace=0): 
not supported [RD0] 

  ROPE(type=f32,ne_a=[128,32,2,1],n_dims=128,mode=0,n_ctx=512,fs=1.000000,ef=0.000000,af=1.000000,ff=1,v=0,inplace=0): 
not supported [RD0] 

  ROPE(type=f32,ne_a=[128,40,2,1],n_dims=128,mode=0,n_ctx=512,fs=1.000000,ef=0.000000,af=1.000000,ff=1,v=0,inplace=0): 
not supported [RD0] 

  ROPE(type=f32,ne_a=[128,52,2,1],n_dims=128,mode=0,n_ctx=512,fs=1.000000,ef=0.000000,af=1.000000,ff=1,v=0,inplace=0): 
not supported [RD0] 

  ROPE(type=f32,ne_a=[128,64,2,1],n_dims=128,mode=0,n_ctx=512,fs=1.000000,ef=0.000000,af=1.000000,ff=1,v=0,inplace=0): 
not supported [RD0] 

  ROPE(type=f32,ne_a=[16,16,8192,1],n_dims=16,mode=0,n_ctx=512,fs=1.000000,ef=0.000000,af=1.000000,ff=1,v=0,inplace=0): 
not supported [RD0] 

  ROPE(type=f32,ne_a=[64,1,2,1],n_dims=64,mode=2,n_ctx=512,fs=1.000000,ef=0.000000,af=1.000000,ff=1,v=0,inplace=0): 
not supported [RD0] 

  ROPE(type=f32,ne_a=[64,71,2,1],n_dims=64,mode=2,n_ctx=512,fs=1.000000,ef=0.000000,af=1.000000,ff=1,v=0,inplace=0): 
not supported [RD0] 

  ROPE(type=f32,ne_a=[64,8,2,1],n_dims=64,mode=2,n_ctx=512,fs=1.000000,ef=0.000000,af=1.000000,ff=1,v=0,inplace=0): 
not supported [RD0] 

  ROPE(type=f32,ne_a=[80,32,2,1],n_dims=20,mode=0,n_ctx=512,fs=1.000000,ef=0.000000,af=1.000000,ff=1,v=0,inplace=0): 
not supported [RD0] 

  ROPE(type=f32,ne_a=[80,32,2,1],n_dims=32,mode=0,n_ctx=512,fs=1.000000,ef=0.000000,af=1.000000,ff=1,v=0,inplace=0): 
not supported [RD0] 

  ROPE(type=f32,ne_a=[80,32,4,1],n_dims=32,mode=0,n_ctx=512,fs=1.000000,ef=0.000000,af=1.000000,ff=1,v=0,inplace=0): 
not supported [RD0] 

  ROPE(type=f32,ne_a=[80,32,2,1],n_dims=20,mode=2,n_ctx=512,fs=1.000000,ef=0.000000,af=1.000000,ff=1,v=0,inplace=0): 
not supported [RD0] 

  ROPE(type=f32,ne_a=[80,32,2,1],n_dims=32,mode=2,n_ctx=512,fs=1.000000,ef=0.000000,af=1.000000,ff=1,v=0,inplace=0): 
not supported [RD0] 

  ROPE(type=f32,ne_a=[80,32,4,1],n_dims=32,mode=2,n_ctx=512,fs=1.000000,ef=0.000000,af=1.000000,ff=1,v=0,inplace=0): 
not supported [RD0] 

  ROPE(type=f32,ne_a=[16,16,8192,1],n_dims=16,mode=2,n_ctx=512,fs=1.000000,ef=0.000000,af=1.000000,ff=1,v=0,inplace=0): 
not supported [RD0] 

  ROPE(type=f32,ne_a=[128,12,2,1],n_dims=128,mode=8,n_ctx=512,fs=1.000000,ef=0.000000,af=1.000000,ff=1,v=0,inplace=0): 
not supported [RD0] 

  ROPE(type=f32,ne_a=[128,28,2,1],n_dims=128,mode=8,n_ctx=512,fs=1.000000,ef=0.000000,af=1.000000,ff=1,v=0,inplace=0): 
not supported [RD0] 

  ROPE(type=f32,ne_a=[128,12,2,1],n_dims=20,mode=8,n_ctx=512,fs=1.000000,ef=0.000000,af=1.000000,ff=1,v=0,inplace=0): 
not supported [RD0] 

  ROPE(type=f32,ne_a=[128,28,2,1],n_dims=32,mode=8,n_ctx=512,fs=1.000000,ef=0.000000,af=1.000000,ff=1,v=0,inplace=0): 
not supported [RD0] 

  ROPE(type=f32,ne_a=[128,12,2,1],n_dims=128,mode=40,n_ctx=512,fs=1.000000,ef=0.000000,af=1.000000,ff=1,v=0,inplace=0): 
not supported [RD0] 

  ROPE(type=f32,ne_a=[128,28,2,1],n_dims=128,mode=40,n_ctx=512,fs=1.000000,ef=0.000000,af=1.000000,ff=1,v=0,inplace=0): 
not supported [RD0] 

  ROPE(type=f32,ne_a=[128,12,2,1],n_dims=20,mode=40,n_ctx=512,fs=1.000000,ef=0.000000,af=1.000000,ff=1,v=0,inplace=0): 
not supported [RD0] 

  ROPE(type=f32,ne_a=[128,28,2,1],n_dims=32,mode=40,n_ctx=512,fs=1.000000,ef=0.000000,af=1.000000,ff=1,v=0,inplace=0): 
not supported [RD0] 

  ROPE(type=f32,ne_a=[80,16,2,1],n_dims=80,mode=24,n_ctx=512,fs=1.000000,ef=0.000000,af=1.000000,ff=1,v=0,inplace=0): 
not supported [RD0] 

  ROPE(type=f32,ne_a=[128,16,2,1],n_dims=128,mode=40,n_ctx=512,fs=1.000000,ef=0.000000,af=1.000000,ff=1,v=0,inplace=0): 
not supported [RD0] 

  ROPE(type=f32,ne_a=[16,16,8192,1],n_dims=16,mode=40,n_ctx=512,fs=1.000000,ef=0.000000,af=1.000000,ff=1,v=0,inplace=0): 
not supported [RD0] 

  ROPE(type=f32,ne_a=[64,128,2,1],n_dims=64,mode=2,n_ctx=512,fs=1.000000,ef=0.000000,af=1.000000,ff=1,v=0,inplace=0): 
not supported [RD0] 

  ROPE(type=f32,ne_a=[128,32,2,1],n_dims=128,mode=0,n_ctx=512,fs=1.000000,ef=0.000000,af=1.000000,ff=1,v=1,inplace=0): 
not supported [RD0] 

  ROPE(type=f32,ne_a=[128,40,2,1],n_dims=128,mode=0,n_ctx=512,fs=1.000000,ef=0.000000,af=1.000000,ff=1,v=1,inplace=0): 
not supported [RD0] 

  ROPE(type=f32,ne_a=[128,52,2,1],n_dims=128,mode=0,n_ctx=512,fs=1.000000,ef=0.000000,af=1.000000,ff=1,v=1,inplace=0): 
not supported [RD0] 

  ROPE(type=f32,ne_a=[128,64,2,1],n_dims=128,mode=0,n_ctx=512,fs=1.000000,ef=0.000000,af=1.000000,ff=1,v=1,inplace=0): 
not supported [RD0] 

  ROPE(type=f32,ne_a=[16,16,8192,1],n_dims=16,mode=0,n_ctx=512,fs=1.000000,ef=0.000000,af=1.000000,ff=1,v=1,inplace=0): 
not supported [RD0] 

  ROPE(type=f32,ne_a=[64,1,2,1],n_dims=64,mode=2,n_ctx=512,fs=1.000000,ef=0.000000,af=1.000000,ff=1,v=1,inplace=0): 
not supported [RD0] 

  ROPE(type=f32,ne_a=[64,71,2,1],n_dims=64,mode=2,n_ctx=512,fs=1.000000,ef=0.000000,af=1.000000,ff=1,v=1,inplace=0): 
not supported [RD0] 

  ROPE(type=f32,ne_a=[64,8,2,1],n_dims=64,mode=2,n_ctx=512,fs=1.000000,ef=0.000000,af=1.000000,ff=1,v=1,inplace=0): 
not supported [RD0] 

  ROPE(type=f32,ne_a=[80,32,2,1],n_dims=20,mode=0,n_ctx=512,fs=1.000000,ef=0.000000,af=1.000000,ff=1,v=1,inplace=0): 
not supported [RD0] 

  ROPE(type=f32,ne_a=[80,32,2,1],n_dims=32,mode=0,n_ctx=512,fs=1.000000,ef=0.000000,af=1.000000,ff=1,v=1,inplace=0): 
not supported [RD0] 

  ROPE(type=f32,ne_a=[80,32,4,1],n_dims=32,mode=0,n_ctx=512,fs=1.000000,ef=0.000000,af=1.000000,ff=1,v=1,inplace=0): 
not supported [RD0] 

  ROPE(type=f32,ne_a=[80,32,2,1],n_dims=20,mode=2,n_ctx=512,fs=1.000000,ef=0.000000,af=1.000000,ff=1,v=1,inplace=0): 
not supported [RD0] 

  ROPE(type=f32,ne_a=[80,32,2,1],n_dims=32,mode=2,n_ctx=512,fs=1.000000,ef=0.000000,af=1.000000,ff=1,v=1,inplace=0): 
not supported [RD0] 

  ROPE(type=f32,ne_a=[80,32,4,1],n_dims=32,mode=2,n_ctx=512,fs=1.000000,ef=0.000000,af=1.000000,ff=1,v=1,inplace=0): 
not supported [RD0] 

  ROPE(type=f32,ne_a=[16,16,8192,1],n_dims=16,mode=2,n_ctx=512,fs=1.000000,ef=0.000000,af=1.000000,ff=1,v=1,inplace=0): 
not supported [RD0] 

  ROPE(type=f32,ne_a=[128,12,2,1],n_dims=128,mode=8,n_ctx=512,fs=1.000000,ef=0.000000,af=1.000000,ff=1,v=1,inplace=0): 
not supported [RD0] 

  ROPE(type=f32,ne_a=[128,28,2,1],n_dims=128,mode=8,n_ctx=512,fs=1.000000,ef=0.000000,af=1.000000,ff=1,v=1,inplace=0): 
not supported [RD0] 

  ROPE(type=f32,ne_a=[128,12,2,1],n_dims=20,mode=8,n_ctx=512,fs=1.000000,ef=0.000000,af=1.000000,ff=1,v=1,inplace=0): 
not supported [RD0] 

  ROPE(type=f32,ne_a=[128,28,2,1],n_dims=32,mode=8,n_ctx=512,fs=1.000000,ef=0.000000,af=1.000000,ff=1,v=1,inplace=0): 
not supported [RD0] 

  ROPE(type=f32,ne_a=[128,12,2,1],n_dims=128,mode=40,n_ctx=512,fs=1.000000,ef=0.000000,af=1.000000,ff=1,v=1,inplace=0): 
not supported [RD0] 

  ROPE(type=f32,ne_a=[128,28,2,1],n_dims=128,mode=40,n_ctx=512,fs=1.000000,ef=0.000000,af=1.000000,ff=1,v=1,inplace=0): 
not supported [RD0] 

  ROPE(type=f32,ne_a=[128,12,2,1],n_dims=20,mode=40,n_ctx=512,fs=1.000000,ef=0.000000,af=1.000000,ff=1,v=1,inplace=0): 
not supported [RD0] 

  ROPE(type=f32,ne_a=[128,28,2,1],n_dims=32,mode=40,n_ctx=512,fs=1.000000,ef=0.000000,af=1.000000,ff=1,v=1,inplace=0): 
not supported [RD0] 

  ROPE(type=f32,ne_a=[80,16,2,1],n_dims=80,mode=24,n_ctx=512,fs=1.000000,ef=0.000000,af=1.000000,ff=1,v=1,inplace=0): 
not supported [RD0] 

  ROPE(type=f32,ne_a=[128,16,2,1],n_dims=128,mode=40,n_ctx=512,fs=1.000000,ef=0.000000,af=1.000000,ff=1,v=1,inplace=0): 
not supported [RD0] 

  ROPE(type=f32,ne_a=[16,16,8192,1],n_dims=16,mode=40,n_ctx=512,fs=1.000000,ef=0.000000,af=1.000000,ff=1,v=1,inplace=0): 
not supported [RD0] 

  ROPE(type=f32,ne_a=[64,128,2,1],n_dims=64,mode=2,n_ctx=512,fs=1.000000,ef=0.000000,af=1.000000,ff=1,v=1,inplace=0): 
not supported [RD0] 

  ROPE(type=f32,ne_a=[36,16,2457,1],n_dims=36,mode=0,n_ctx=512,fs=1.000000,ef=0.000000,af=1.000000,ff=1,v=2,inplace=0): 
not supported [RD0] 

  ROPE(type=f32,ne_a=[36,16,2457,1],n_dims=36,mode=2,n_ctx=512,fs=1.000000,ef=0.000000,af=1.000000,ff=1,v=2,inplace=0): 
not supported [RD0] 

  ROPE(type=f32,ne_a=[36,16,2457,1],n_dims=36,mode=8,n_ctx=512,fs=1.000000,ef=0.000000,af=1.000000,ff=1,v=2,inplace=0): 
not supported [RD0] 

  ROPE(type=f32,ne_a=[36,16,2457,1],n_dims=36,mode=40,n_ctx=512,fs=1.000000,ef=0.000000,af=1.000000,ff=1,v=2,inplace=0): 
not supported [RD0] 

  ROPE(type=f32,ne_a=[36,16,2457,1],n_dims=36,mode=24,n_ctx=512,fs=1.000000,ef=0.000000,af=1.000000,ff=1,v=2,inplace=0): 
not supported [RD0] 

  ROPE(type=f16,ne_a=[128,32,2,1],n_dims=128,mode=0,n_ctx=512,fs=1.000000,ef=0.000000,af=1.000000,ff=0,v=0,inplace=0): 
not supported [RD0] 

  ROPE(type=f16,ne_a=[64,128,2,1],n_dims=64,mode=2,n_ctx=512,fs=1.000000,ef=0.000000,af=1.000000,ff=0,v=0,inplace=0): 
not supported [RD0] 

  ROPE(type=f16,ne_a=[128,32,2,1],n_dims=128,mode=0,n_ctx=512,fs=1.000000,ef=0.000000,af=1.000000,ff=0,v=1,inplace=0): 
not supported [RD0] 

  ROPE(type=f16,ne_a=[64,128,2,1],n_dims=64,mode=2,n_ctx=512,fs=1.000000,ef=0.000000,af=1.000000,ff=0,v=1,inplace=0): 
not supported [RD0] 

  ROPE(type=f16,ne_a=[36,16,2457,1],n_dims=36,mode=0,n_ctx=512,fs=1.000000,ef=0.000000,af=1.000000,ff=0,v=2,inplace=0): 
not supported [RD0] 

  ROPE(type=f16,ne_a=[36,16,2457,1],n_dims=36,mode=2,n_ctx=512,fs=1.000000,ef=0.000000,af=1.000000,ff=0,v=2,inplace=0): 
not supported [RD0] 

  ROPE(type=f16,ne_a=[36,16,2457,1],n_dims=36,mode=8,n_ctx=512,fs=1.000000,ef=0.000000,af=1.000000,ff=0,v=2,inplace=0): 
not supported [RD0] 

  ROPE(type=f16,ne_a=[36,16,2457,1],n_dims=36,mode=40,n_ctx=512,fs=1.000000,ef=0.000000,af=1.000000,ff=0,v=2,inplace=0): 
not supported [RD0] 

  ROPE(type=f16,ne_a=[36,16,2457,1],n_dims=36,mode=24,n_ctx=512,fs=1.000000,ef=0.000000,af=1.000000,ff=0,v=2,inplace=0): 
not supported [RD0] 

  ROPE(type=f16,ne_a=[128,32,2,1],n_dims=128,mode=0,n_ctx=512,fs=1.000000,ef=0.000000,af=1.000000,ff=1,v=0,inplace=0): 
not supported [RD0] 

  ROPE(type=f16,ne_a=[64,128,2,1],n_dims=64,mode=2,n_ctx=512,fs=1.000000,ef=0.000000,af=1.000000,ff=1,v=0,inplace=0): 
not supported [RD0] 

  ROPE(type=f16,ne_a=[128,32,2,1],n_dims=128,mode=0,n_ctx=512,fs=1.000000,ef=0.000000,af=1.000000,ff=1,v=1,inplace=0): 
not supported [RD0] 

  ROPE(type=f16,ne_a=[64,128,2,1],n_dims=64,mode=2,n_ctx=512,fs=1.000000,ef=0.000000,af=1.000000,ff=1,v=1,inplace=0): 
not supported [RD0] 

  ROPE(type=f16,ne_a=[36,16,2457,1],n_dims=36,mode=0,n_ctx=512,fs=1.000000,ef=0.000000,af=1.000000,ff=1,v=2,inplace=0): 
not supported [RD0] 

  ROPE(type=f16,ne_a=[36,16,2457,1],n_dims=36,mode=2,n_ctx=512,fs=1.000000,ef=0.000000,af=1.000000,ff=1,v=2,inplace=0): 
not supported [RD0] 

  ROPE(type=f16,ne_a=[36,16,2457,1],n_dims=36,mode=8,n_ctx=512,fs=1.000000,ef=0.000000,af=1.000000,ff=1,v=2,inplace=0): 
not supported [RD0] 

  ROPE(type=f16,ne_a=[36,16,2457,1],n_dims=36,mode=40,n_ctx=512,fs=1.000000,ef=0.000000,af=1.000000,ff=1,v=2,inplace=0): 
not supported [RD0] 

  ROPE(type=f16,ne_a=[36,16,2457,1],n_dims=36,mode=24,n_ctx=512,fs=1.000000,ef=0.000000,af=1.000000,ff=1,v=2,inplace=0): 
not supported [RD0] 

  ROPE(type=f32,ne_a=[128,32,2,1],n_dims=128,mode=0,n_ctx=512,fs=1.000000,ef=0.000000,af=1.424500,ff=0,v=0,inplace=0): 
not supported [RD0] 

  ROPE(type=f32,ne_a=[64,128,2,1],n_dims=64,mode=2,n_ctx=512,fs=1.000000,ef=0.000000,af=1.424500,ff=0,v=0,inplace=0): 
[1;32mOK[0m

  ROPE(type=f32,ne_a=[128,32,2,1],n_dims=128,mode=0,n_ctx=512,fs=1.000000,ef=0.000000,af=1.424500,ff=0,v=1,inplace=0): 
not supported [RD0] 

  ROPE(type=f32,ne_a=[64,128,2,1],n_dims=64,mode=2,n_ctx=512,fs=1.000000,ef=0.000000,af=1.424500,ff=0,v=1,inplace=0): 
[1;32mOK[0m

  ROPE(type=f32,ne_a=[36,16,2457,1],n_dims=36,mode=0,n_ctx=512,fs=1.000000,ef=0.000000,af=1.424500,ff=0,v=2,inplace=0): 
not supported [RD0] 

  ROPE(type=f32,ne_a=[36,16,2457,1],n_dims=36,mode=2,n_ctx=512,fs=1.000000,ef=0.000000,af=1.424500,ff=0,v=2,inplace=0): 
[1;32mOK[0m

  ROPE(type=f32,ne_a=[36,16,2457,1],n_dims=36,mode=8,n_ctx=512,fs=1.000000,ef=0.000000,af=1.424500,ff=0,v=2,inplace=0): 
not supported [RD0] 

  ROPE(type=f32,ne_a=[36,16,2457,1],n_dims=36,mode=40,n_ctx=512,fs=1.000000,ef=0.000000,af=1.424500,ff=0,v=2,inplace=0): 
not supported [RD0] 

  ROPE(type=f32,ne_a=[36,16,2457,1],n_dims=36,mode=24,n_ctx=512,fs=1.000000,ef=0.000000,af=1.424500,ff=0,v=2,inplace=0): 
not supported [RD0] 

  ROPE(type=f32,ne_a=[128,32,2,1],n_dims=128,mode=0,n_ctx=512,fs=1.000000,ef=0.000000,af=1.424500,ff=1,v=0,inplace=0): 
not supported [RD0] 

  ROPE(type=f32,ne_a=[64,128,2,1],n_dims=64,mode=2,n_ctx=512,fs=1.000000,ef=0.000000,af=1.424500,ff=1,v=0,inplace=0): 
not supported [RD0] 

  ROPE(type=f32,ne_a=[128,32,2,1],n_dims=128,mode=0,n_ctx=512,fs=1.000000,ef=0.000000,af=1.424500,ff=1,v=1,inplace=0): 
not supported [RD0] 

  ROPE(type=f32,ne_a=[64,128,2,1],n_dims=64,mode=2,n_ctx=512,fs=1.000000,ef=0.000000,af=1.424500,ff=1,v=1,inplace=0): 
not supported [RD0] 

  ROPE(type=f32,ne_a=[36,16,2457,1],n_dims=36,mode=0,n_ctx=512,fs=1.000000,ef=0.000000,af=1.424500,ff=1,v=2,inplace=0): 
not supported [RD0] 

  ROPE(type=f32,ne_a=[36,16,2457,1],n_dims=36,mode=2,n_ctx=512,fs=1.000000,ef=0.000000,af=1.424500,ff=1,v=2,inplace=0): 
not supported [RD0] 

  ROPE(type=f32,ne_a=[36,16,2457,1],n_dims=36,mode=8,n_ctx=512,fs=1.000000,ef=0.000000,af=1.424500,ff=1,v=2,inplace=0): 
not supported [RD0] 

  ROPE(type=f32,ne_a=[36,16,2457,1],n_dims=36,mode=40,n_ctx=512,fs=1.000000,ef=0.000000,af=1.424500,ff=1,v=2,inplace=0): 
not supported [RD0] 

  ROPE(type=f32,ne_a=[36,16,2457,1],n_dims=36,mode=24,n_ctx=512,fs=1.000000,ef=0.000000,af=1.424500,ff=1,v=2,inplace=0): 
not supported [RD0] 

  ROPE(type=f16,ne_a=[128,32,2,1],n_dims=128,mode=0,n_ctx=512,fs=1.000000,ef=0.000000,af=1.424500,ff=0,v=0,inplace=0): 
not supported [RD0] 

  ROPE(type=f16,ne_a=[64,128,2,1],n_dims=64,mode=2,n_ctx=512,fs=1.000000,ef=0.000000,af=1.424500,ff=0,v=0,inplace=0): 
not supported [RD0] 

  ROPE(type=f16,ne_a=[128,32,2,1],n_dims=128,mode=0,n_ctx=512,fs=1.000000,ef=0.000000,af=1.424500,ff=0,v=1,inplace=0): 
not supported [RD0] 

  ROPE(type=f16,ne_a=[64,128,2,1],n_dims=64,mode=2,n_ctx=512,fs=1.000000,ef=0.000000,af=1.424500,ff=0,v=1,inplace=0): 
not supported [RD0] 

  ROPE(type=f16,ne_a=[36,16,2457,1],n_dims=36,mode=0,n_ctx=512,fs=1.000000,ef=0.000000,af=1.424500,ff=0,v=2,inplace=0): 
not supported [RD0] 

  ROPE(type=f16,ne_a=[36,16,2457,1],n_dims=36,mode=2,n_ctx=512,fs=1.000000,ef=0.000000,af=1.424500,ff=0,v=2,inplace=0): 
not supported [RD0] 

  ROPE(type=f16,ne_a=[36,16,2457,1],n_dims=36,mode=8,n_ctx=512,fs=1.000000,ef=0.000000,af=1.424500,ff=0,v=2,inplace=0): 
not supported [RD0] 

  ROPE(type=f16,ne_a=[36,16,2457,1],n_dims=36,mode=40,n_ctx=512,fs=1.000000,ef=0.000000,af=1.424500,ff=0,v=2,inplace=0): 
not supported [RD0] 

  ROPE(type=f16,ne_a=[36,16,2457,1],n_dims=36,mode=24,n_ctx=512,fs=1.000000,ef=0.000000,af=1.424500,ff=0,v=2,inplace=0): 
not supported [RD0] 

  ROPE(type=f16,ne_a=[128,32,2,1],n_dims=128,mode=0,n_ctx=512,fs=1.000000,ef=0.000000,af=1.424500,ff=1,v=0,inplace=0): 
not supported [RD0] 

  ROPE(type=f16,ne_a=[64,128,2,1],n_dims=64,mode=2,n_ctx=512,fs=1.000000,ef=0.000000,af=1.424500,ff=1,v=0,inplace=0): 
not supported [RD0] 

  ROPE(type=f16,ne_a=[128,32,2,1],n_dims=128,mode=0,n_ctx=512,fs=1.000000,ef=0.000000,af=1.424500,ff=1,v=1,inplace=0): 
not supported [RD0] 

  ROPE(type=f16,ne_a=[64,128,2,1],n_dims=64,mode=2,n_ctx=512,fs=1.000000,ef=0.000000,af=1.424500,ff=1,v=1,inplace=0): 
not supported [RD0] 

  ROPE(type=f16,ne_a=[36,16,2457,1],n_dims=36,mode=0,n_ctx=512,fs=1.000000,ef=0.000000,af=1.424500,ff=1,v=2,inplace=0): 
not supported [RD0] 

  ROPE(type=f16,ne_a=[36,16,2457,1],n_dims=36,mode=2,n_ctx=512,fs=1.000000,ef=0.000000,af=1.424500,ff=1,v=2,inplace=0): 
not supported [RD0] 

  ROPE(type=f16,ne_a=[36,16,2457,1],n_dims=36,mode=8,n_ctx=512,fs=1.000000,ef=0.000000,af=1.424500,ff=1,v=2,inplace=0): 
not supported [RD0] 

  ROPE(type=f16,ne_a=[36,16,2457,1],n_dims=36,mode=40,n_ctx=512,fs=1.000000,ef=0.000000,af=1.424500,ff=1,v=2,inplace=0): 
not supported [RD0] 

  ROPE(type=f16,ne_a=[36,16,2457,1],n_dims=36,mode=24,n_ctx=512,fs=1.000000,ef=0.000000,af=1.424500,ff=1,v=2,inplace=0): 
not supported [RD0] 

  ROPE(type=f32,ne_a=[128,32,2,1],n_dims=128,mode=0,n_ctx=512,fs=1.000000,ef=0.746500,af=1.000000,ff=0,v=0,inplace=0): 
not supported [RD0] 

  ROPE(type=f32,ne_a=[64,128,2,1],n_dims=64,mode=2,n_ctx=512,fs=1.000000,ef=0.746500,af=1.000000,ff=0,v=0,inplace=0): 
[1;32mOK[0m

  ROPE(type=f32,ne_a=[128,32,2,1],n_dims=128,mode=0,n_ctx=512,fs=1.000000,ef=0.746500,af=1.000000,ff=0,v=1,inplace=0): 
not supported [RD0] 

  ROPE(type=f32,ne_a=[64,128,2,1],n_dims=64,mode=2,n_ctx=512,fs=1.000000,ef=0.746500,af=1.000000,ff=0,v=1,inplace=0): 
[1;32mOK[0m

  ROPE(type=f32,ne_a=[36,16,2457,1],n_dims=36,mode=0,n_ctx=512,fs=1.000000,ef=0.746500,af=1.000000,ff=0,v=2,inplace=0): 
not supported [RD0] 

  ROPE(type=f32,ne_a=[36,16,2457,1],n_dims=36,mode=2,n_ctx=512,fs=1.000000,ef=0.746500,af=1.000000,ff=0,v=2,inplace=0): 
[1;32mOK[0m

  ROPE(type=f32,ne_a=[36,16,2457,1],n_dims=36,mode=8,n_ctx=512,fs=1.000000,ef=0.746500,af=1.000000,ff=0,v=2,inplace=0): 
not supported [RD0] 

  ROPE(type=f32,ne_a=[36,16,2457,1],n_dims=36,mode=40,n_ctx=512,fs=1.000000,ef=0.746500,af=1.000000,ff=0,v=2,inplace=0): 
not supported [RD0] 

  ROPE(type=f32,ne_a=[36,16,2457,1],n_dims=36,mode=24,n_ctx=512,fs=1.000000,ef=0.746500,af=1.000000,ff=0,v=2,inplace=0): 
not supported [RD0] 

  ROPE(type=f32,ne_a=[128,32,2,1],n_dims=128,mode=0,n_ctx=512,fs=1.000000,ef=0.746500,af=1.000000,ff=1,v=0,inplace=0): 
not supported [RD0] 

  ROPE(type=f32,ne_a=[64,128,2,1],n_dims=64,mode=2,n_ctx=512,fs=1.000000,ef=0.746500,af=1.000000,ff=1,v=0,inplace=0): 
not supported [RD0] 

  ROPE(type=f32,ne_a=[128,32,2,1],n_dims=128,mode=0,n_ctx=512,fs=1.000000,ef=0.746500,af=1.000000,ff=1,v=1,inplace=0): 
not supported [RD0] 

  ROPE(type=f32,ne_a=[64,128,2,1],n_dims=64,mode=2,n_ctx=512,fs=1.000000,ef=0.746500,af=1.000000,ff=1,v=1,inplace=0): 
not supported [RD0] 

  ROPE(type=f32,ne_a=[36,16,2457,1],n_dims=36,mode=0,n_ctx=512,fs=1.000000,ef=0.746500,af=1.000000,ff=1,v=2,inplace=0): 
not supported [RD0] 

  ROPE(type=f32,ne_a=[36,16,2457,1],n_dims=36,mode=2,n_ctx=512,fs=1.000000,ef=0.746500,af=1.000000,ff=1,v=2,inplace=0): 
not supported [RD0] 

  ROPE(type=f32,ne_a=[36,16,2457,1],n_dims=36,mode=8,n_ctx=512,fs=1.000000,ef=0.746500,af=1.000000,ff=1,v=2,inplace=0): 
not supported [RD0] 

  ROPE(type=f32,ne_a=[36,16,2457,1],n_dims=36,mode=40,n_ctx=512,fs=1.000000,ef=0.746500,af=1.000000,ff=1,v=2,inplace=0): 
not supported [RD0] 

  ROPE(type=f32,ne_a=[36,16,2457,1],n_dims=36,mode=24,n_ctx=512,fs=1.000000,ef=0.746500,af=1.000000,ff=1,v=2,inplace=0): 
not supported [RD0] 

  ROPE(type=f16,ne_a=[128,32,2,1],n_dims=128,mode=0,n_ctx=512,fs=1.000000,ef=0.746500,af=1.000000,ff=0,v=0,inplace=0): 
not supported [RD0] 

  ROPE(type=f16,ne_a=[64,128,2,1],n_dims=64,mode=2,n_ctx=512,fs=1.000000,ef=0.746500,af=1.000000,ff=0,v=0,inplace=0): 
not supported [RD0] 

  ROPE(type=f16,ne_a=[128,32,2,1],n_dims=128,mode=0,n_ctx=512,fs=1.000000,ef=0.746500,af=1.000000,ff=0,v=1,inplace=0): 
not supported [RD0] 

  ROPE(type=f16,ne_a=[64,128,2,1],n_dims=64,mode=2,n_ctx=512,fs=1.000000,ef=0.746500,af=1.000000,ff=0,v=1,inplace=0): 
not supported [RD0] 

  ROPE(type=f16,ne_a=[36,16,2457,1],n_dims=36,mode=0,n_ctx=512,fs=1.000000,ef=0.746500,af=1.000000,ff=0,v=2,inplace=0): 
not supported [RD0] 

  ROPE(type=f16,ne_a=[36,16,2457,1],n_dims=36,mode=2,n_ctx=512,fs=1.000000,ef=0.746500,af=1.000000,ff=0,v=2,inplace=0): 
not supported [RD0] 

  ROPE(type=f16,ne_a=[36,16,2457,1],n_dims=36,mode=8,n_ctx=512,fs=1.000000,ef=0.746500,af=1.000000,ff=0,v=2,inplace=0): 
not supported [RD0] 

  ROPE(type=f16,ne_a=[36,16,2457,1],n_dims=36,mode=40,n_ctx=512,fs=1.000000,ef=0.746500,af=1.000000,ff=0,v=2,inplace=0): 
not supported [RD0] 

  ROPE(type=f16,ne_a=[36,16,2457,1],n_dims=36,mode=24,n_ctx=512,fs=1.000000,ef=0.746500,af=1.000000,ff=0,v=2,inplace=0): 
not supported [RD0] 

  ROPE(type=f16,ne_a=[128,32,2,1],n_dims=128,mode=0,n_ctx=512,fs=1.000000,ef=0.746500,af=1.000000,ff=1,v=0,inplace=0): 
not supported [RD0] 

  ROPE(type=f16,ne_a=[64,128,2,1],n_dims=64,mode=2,n_ctx=512,fs=1.000000,ef=0.746500,af=1.000000,ff=1,v=0,inplace=0): 
not supported [RD0] 

  ROPE(type=f16,ne_a=[128,32,2,1],n_dims=128,mode=0,n_ctx=512,fs=1.000000,ef=0.746500,af=1.000000,ff=1,v=1,inplace=0): 
not supported [RD0] 

  ROPE(type=f16,ne_a=[64,128,2,1],n_dims=64,mode=2,n_ctx=512,fs=1.000000,ef=0.746500,af=1.000000,ff=1,v=1,inplace=0): 
not supported [RD0] 

  ROPE(type=f16,ne_a=[36,16,2457,1],n_dims=36,mode=0,n_ctx=512,fs=1.000000,ef=0.746500,af=1.000000,ff=1,v=2,inplace=0): 
not supported [RD0] 

  ROPE(type=f16,ne_a=[36,16,2457,1],n_dims=36,mode=2,n_ctx=512,fs=1.000000,ef=0.746500,af=1.000000,ff=1,v=2,inplace=0): 
not supported [RD0] 

  ROPE(type=f16,ne_a=[36,16,2457,1],n_dims=36,mode=8,n_ctx=512,fs=1.000000,ef=0.746500,af=1.000000,ff=1,v=2,inplace=0): 
not supported [RD0] 

  ROPE(type=f16,ne_a=[36,16,2457,1],n_dims=36,mode=40,n_ctx=512,fs=1.000000,ef=0.746500,af=1.000000,ff=1,v=2,inplace=0): 
not supported [RD0] 

  ROPE(type=f16,ne_a=[36,16,2457,1],n_dims=36,mode=24,n_ctx=512,fs=1.000000,ef=0.746500,af=1.000000,ff=1,v=2,inplace=0): 
not supported [RD0] 

  ROPE(type=f32,ne_a=[128,32,2,1],n_dims=128,mode=0,n_ctx=512,fs=1.000000,ef=0.746500,af=1.424500,ff=0,v=0,inplace=0): 
not supported [RD0] 

  ROPE(type=f32,ne_a=[64,128,2,1],n_dims=64,mode=2,n_ctx=512,fs=1.000000,ef=0.746500,af=1.424500,ff=0,v=0,inplace=0): 
[1;32mOK[0m

  ROPE(type=f32,ne_a=[128,32,2,1],n_dims=128,mode=0,n_ctx=512,fs=1.000000,ef=0.746500,af=1.424500,ff=0,v=1,inplace=0): 
not supported [RD0] 

  ROPE(type=f32,ne_a=[64,128,2,1],n_dims=64,mode=2,n_ctx=512,fs=1.000000,ef=0.746500,af=1.424500,ff=0,v=1,inplace=0): 
[1;32mOK[0m

  ROPE(type=f32,ne_a=[36,16,2457,1],n_dims=36,mode=0,n_ctx=512,fs=1.000000,ef=0.746500,af=1.424500,ff=0,v=2,inplace=0): 
not supported [RD0] 

  ROPE(type=f32,ne_a=[36,16,2457,1],n_dims=36,mode=2,n_ctx=512,fs=1.000000,ef=0.746500,af=1.424500,ff=0,v=2,inplace=0): 
[1;32mOK[0m

  ROPE(type=f32,ne_a=[36,16,2457,1],n_dims=36,mode=8,n_ctx=512,fs=1.000000,ef=0.746500,af=1.424500,ff=0,v=2,inplace=0): 
not supported [RD0] 

  ROPE(type=f32,ne_a=[36,16,2457,1],n_dims=36,mode=40,n_ctx=512,fs=1.000000,ef=0.746500,af=1.424500,ff=0,v=2,inplace=0): 
not supported [RD0] 

  ROPE(type=f32,ne_a=[36,16,2457,1],n_dims=36,mode=24,n_ctx=512,fs=1.000000,ef=0.746500,af=1.424500,ff=0,v=2,inplace=0): 
not supported [RD0] 

  ROPE(type=f32,ne_a=[128,32,2,1],n_dims=128,mode=0,n_ctx=512,fs=1.000000,ef=0.746500,af=1.424500,ff=1,v=0,inplace=0): 
not supported [RD0] 

  ROPE(type=f32,ne_a=[64,128,2,1],n_dims=64,mode=2,n_ctx=512,fs=1.000000,ef=0.746500,af=1.424500,ff=1,v=0,inplace=0): 
not supported [RD0] 

  ROPE(type=f32,ne_a=[128,32,2,1],n_dims=128,mode=0,n_ctx=512,fs=1.000000,ef=0.746500,af=1.424500,ff=1,v=1,inplace=0): 
not supported [RD0] 

  ROPE(type=f32,ne_a=[64,128,2,1],n_dims=64,mode=2,n_ctx=512,fs=1.000000,ef=0.746500,af=1.424500,ff=1,v=1,inplace=0): 
not supported [RD0] 

  ROPE(type=f32,ne_a=[36,16,2457,1],n_dims=36,mode=0,n_ctx=512,fs=1.000000,ef=0.746500,af=1.424500,ff=1,v=2,inplace=0): 
not supported [RD0] 

  ROPE(type=f32,ne_a=[36,16,2457,1],n_dims=36,mode=2,n_ctx=512,fs=1.000000,ef=0.746500,af=1.424500,ff=1,v=2,inplace=0): 
not supported [RD0] 

  ROPE(type=f32,ne_a=[36,16,2457,1],n_dims=36,mode=8,n_ctx=512,fs=1.000000,ef=0.746500,af=1.424500,ff=1,v=2,inplace=0): 
not supported [RD0] 

  ROPE(type=f32,ne_a=[36,16,2457,1],n_dims=36,mode=40,n_ctx=512,fs=1.000000,ef=0.746500,af=1.424500,ff=1,v=2,inplace=0): 
not supported [RD0] 

  ROPE(type=f32,ne_a=[36,16,2457,1],n_dims=36,mode=24,n_ctx=512,fs=1.000000,ef=0.746500,af=1.424500,ff=1,v=2,inplace=0): 
not supported [RD0] 

  ROPE(type=f16,ne_a=[128,32,2,1],n_dims=128,mode=0,n_ctx=512,fs=1.000000,ef=0.746500,af=1.424500,ff=0,v=0,inplace=0): 
not supported [RD0] 

  ROPE(type=f16,ne_a=[64,128,2,1],n_dims=64,mode=2,n_ctx=512,fs=1.000000,ef=0.746500,af=1.424500,ff=0,v=0,inplace=0): 
not supported [RD0] 

  ROPE(type=f16,ne_a=[128,32,2,1],n_dims=128,mode=0,n_ctx=512,fs=1.000000,ef=0.746500,af=1.424500,ff=0,v=1,inplace=0): 
not supported [RD0] 

  ROPE(type=f16,ne_a=[64,128,2,1],n_dims=64,mode=2,n_ctx=512,fs=1.000000,ef=0.746500,af=1.424500,ff=0,v=1,inplace=0): 
not supported [RD0] 

  ROPE(type=f16,ne_a=[36,16,2457,1],n_dims=36,mode=0,n_ctx=512,fs=1.000000,ef=0.746500,af=1.424500,ff=0,v=2,inplace=0): 
not supported [RD0] 

  ROPE(type=f16,ne_a=[36,16,2457,1],n_dims=36,mode=2,n_ctx=512,fs=1.000000,ef=0.746500,af=1.424500,ff=0,v=2,inplace=0): 
not supported [RD0] 

  ROPE(type=f16,ne_a=[36,16,2457,1],n_dims=36,mode=8,n_ctx=512,fs=1.000000,ef=0.746500,af=1.424500,ff=0,v=2,inplace=0): 
not supported [RD0] 

  ROPE(type=f16,ne_a=[36,16,2457,1],n_dims=36,mode=40,n_ctx=512,fs=1.000000,ef=0.746500,af=1.424500,ff=0,v=2,inplace=0): 
not supported [RD0] 

  ROPE(type=f16,ne_a=[36,16,2457,1],n_dims=36,mode=24,n_ctx=512,fs=1.000000,ef=0.746500,af=1.424500,ff=0,v=2,inplace=0): 
not supported [RD0] 

  ROPE(type=f16,ne_a=[128,32,2,1],n_dims=128,mode=0,n_ctx=512,fs=1.000000,ef=0.746500,af=1.424500,ff=1,v=0,inplace=0): 
not supported [RD0] 

  ROPE(type=f16,ne_a=[64,128,2,1],n_dims=64,mode=2,n_ctx=512,fs=1.000000,ef=0.746500,af=1.424500,ff=1,v=0,inplace=0): 
not supported [RD0] 

  ROPE(type=f16,ne_a=[128,32,2,1],n_dims=128,mode=0,n_ctx=512,fs=1.000000,ef=0.746500,af=1.424500,ff=1,v=1,inplace=0): 
not supported [RD0] 

  ROPE(type=f16,ne_a=[64,128,2,1],n_dims=64,mode=2,n_ctx=512,fs=1.000000,ef=0.746500,af=1.424500,ff=1,v=1,inplace=0): 
not supported [RD0] 

  ROPE(type=f16,ne_a=[36,16,2457,1],n_dims=36,mode=0,n_ctx=512,fs=1.000000,ef=0.746500,af=1.424500,ff=1,v=2,inplace=0): 
not supported [RD0] 

  ROPE(type=f16,ne_a=[36,16,2457,1],n_dims=36,mode=2,n_ctx=512,fs=1.000000,ef=0.746500,af=1.424500,ff=1,v=2,inplace=0): 
not supported [RD0] 

  ROPE(type=f16,ne_a=[36,16,2457,1],n_dims=36,mode=8,n_ctx=512,fs=1.000000,ef=0.746500,af=1.424500,ff=1,v=2,inplace=0): 
not supported [RD0] 

  ROPE(type=f16,ne_a=[36,16,2457,1],n_dims=36,mode=40,n_ctx=512,fs=1.000000,ef=0.746500,af=1.424500,ff=1,v=2,inplace=0): 
not supported [RD0] 

  ROPE(type=f16,ne_a=[36,16,2457,1],n_dims=36,mode=24,n_ctx=512,fs=1.000000,ef=0.746500,af=1.424500,ff=1,v=2,inplace=0): 
not supported [RD0] 

  ROPE(type=f32,ne_a=[128,32,2,1],n_dims=128,mode=0,n_ctx=512,fs=1.424500,ef=0.000000,af=1.000000,ff=0,v=0,inplace=0): 
not supported [RD0] 

  ROPE(type=f32,ne_a=[64,128,2,1],n_dims=64,mode=2,n_ctx=512,fs=1.424500,ef=0.000000,af=1.000000,ff=0,v=0,inplace=0): 
[1;32mOK[0m

  ROPE(type=f32,ne_a=[128,32,2,1],n_dims=128,mode=0,n_ctx=512,fs=1.424500,ef=0.000000,af=1.000000,ff=0,v=1,inplace=0): 
not supported [RD0] 

  ROPE(type=f32,ne_a=[64,128,2,1],n_dims=64,mode=2,n_ctx=512,fs=1.424500,ef=0.000000,af=1.000000,ff=0,v=1,inplace=0): 
[1;32mOK[0m

  ROPE(type=f32,ne_a=[36,16,2457,1],n_dims=36,mode=0,n_ctx=512,fs=1.424500,ef=0.000000,af=1.000000,ff=0,v=2,inplace=0): 
not supported [RD0] 

  ROPE(type=f32,ne_a=[36,16,2457,1],n_dims=36,mode=2,n_ctx=512,fs=1.424500,ef=0.000000,af=1.000000,ff=0,v=2,inplace=0): 
[1;32mOK[0m

  ROPE(type=f32,ne_a=[36,16,2457,1],n_dims=36,mode=8,n_ctx=512,fs=1.424500,ef=0.000000,af=1.000000,ff=0,v=2,inplace=0): 
not supported [RD0] 

  ROPE(type=f32,ne_a=[36,16,2457,1],n_dims=36,mode=40,n_ctx=512,fs=1.424500,ef=0.000000,af=1.000000,ff=0,v=2,inplace=0): 
not supported [RD0] 

  ROPE(type=f32,ne_a=[36,16,2457,1],n_dims=36,mode=24,n_ctx=512,fs=1.424500,ef=0.000000,af=1.000000,ff=0,v=2,inplace=0): 
not supported [RD0] 

  ROPE(type=f32,ne_a=[128,32,2,1],n_dims=128,mode=0,n_ctx=512,fs=1.424500,ef=0.000000,af=1.000000,ff=1,v=0,inplace=0): 
not supported [RD0] 

  ROPE(type=f32,ne_a=[64,128,2,1],n_dims=64,mode=2,n_ctx=512,fs=1.424500,ef=0.000000,af=1.000000,ff=1,v=0,inplace=0): 
not supported [RD0] 

  ROPE(type=f32,ne_a=[128,32,2,1],n_dims=128,mode=0,n_ctx=512,fs=1.424500,ef=0.000000,af=1.000000,ff=1,v=1,inplace=0): 
not supported [RD0] 

  ROPE(type=f32,ne_a=[64,128,2,1],n_dims=64,mode=2,n_ctx=512,fs=1.424500,ef=0.000000,af=1.000000,ff=1,v=1,inplace=0): 
not supported [RD0] 

  ROPE(type=f32,ne_a=[36,16,2457,1],n_dims=36,mode=0,n_ctx=512,fs=1.424500,ef=0.000000,af=1.000000,ff=1,v=2,inplace=0): 
not supported [RD0] 

  ROPE(type=f32,ne_a=[36,16,2457,1],n_dims=36,mode=2,n_ctx=512,fs=1.424500,ef=0.000000,af=1.000000,ff=1,v=2,inplace=0): 
not supported [RD0] 

  ROPE(type=f32,ne_a=[36,16,2457,1],n_dims=36,mode=8,n_ctx=512,fs=1.424500,ef=0.000000,af=1.000000,ff=1,v=2,inplace=0): 
not supported [RD0] 

  ROPE(type=f32,ne_a=[36,16,2457,1],n_dims=36,mode=40,n_ctx=512,fs=1.424500,ef=0.000000,af=1.000000,ff=1,v=2,inplace=0): 
not supported [RD0] 

  ROPE(type=f32,ne_a=[36,16,2457,1],n_dims=36,mode=24,n_ctx=512,fs=1.424500,ef=0.000000,af=1.000000,ff=1,v=2,inplace=0): 
not supported [RD0] 

  ROPE(type=f16,ne_a=[128,32,2,1],n_dims=128,mode=0,n_ctx=512,fs=1.424500,ef=0.000000,af=1.000000,ff=0,v=0,inplace=0): 
not supported [RD0] 

  ROPE(type=f16,ne_a=[64,128,2,1],n_dims=64,mode=2,n_ctx=512,fs=1.424500,ef=0.000000,af=1.000000,ff=0,v=0,inplace=0): 
not supported [RD0] 

  ROPE(type=f16,ne_a=[128,32,2,1],n_dims=128,mode=0,n_ctx=512,fs=1.424500,ef=0.000000,af=1.000000,ff=0,v=1,inplace=0): 
not supported [RD0] 

  ROPE(type=f16,ne_a=[64,128,2,1],n_dims=64,mode=2,n_ctx=512,fs=1.424500,ef=0.000000,af=1.000000,ff=0,v=1,inplace=0): 
not supported [RD0] 

  ROPE(type=f16,ne_a=[36,16,2457,1],n_dims=36,mode=0,n_ctx=512,fs=1.424500,ef=0.000000,af=1.000000,ff=0,v=2,inplace=0): 
not supported [RD0] 

  ROPE(type=f16,ne_a=[36,16,2457,1],n_dims=36,mode=2,n_ctx=512,fs=1.424500,ef=0.000000,af=1.000000,ff=0,v=2,inplace=0): 
not supported [RD0] 

  ROPE(type=f16,ne_a=[36,16,2457,1],n_dims=36,mode=8,n_ctx=512,fs=1.424500,ef=0.000000,af=1.000000,ff=0,v=2,inplace=0): 
not supported [RD0] 

  ROPE(type=f16,ne_a=[36,16,2457,1],n_dims=36,mode=40,n_ctx=512,fs=1.424500,ef=0.000000,af=1.000000,ff=0,v=2,inplace=0): 
not supported [RD0] 

  ROPE(type=f16,ne_a=[36,16,2457,1],n_dims=36,mode=24,n_ctx=512,fs=1.424500,ef=0.000000,af=1.000000,ff=0,v=2,inplace=0): 
not supported [RD0] 

  ROPE(type=f16,ne_a=[128,32,2,1],n_dims=128,mode=0,n_ctx=512,fs=1.424500,ef=0.000000,af=1.000000,ff=1,v=0,inplace=0): 
not supported [RD0] 

  ROPE(type=f16,ne_a=[64,128,2,1],n_dims=64,mode=2,n_ctx=512,fs=1.424500,ef=0.000000,af=1.000000,ff=1,v=0,inplace=0): 
not supported [RD0] 

  ROPE(type=f16,ne_a=[128,32,2,1],n_dims=128,mode=0,n_ctx=512,fs=1.424500,ef=0.000000,af=1.000000,ff=1,v=1,inplace=0): 
not supported [RD0] 

  ROPE(type=f16,ne_a=[64,128,2,1],n_dims=64,mode=2,n_ctx=512,fs=1.424500,ef=0.000000,af=1.000000,ff=1,v=1,inplace=0): 
not supported [RD0] 

  ROPE(type=f16,ne_a=[36,16,2457,1],n_dims=36,mode=0,n_ctx=512,fs=1.424500,ef=0.000000,af=1.000000,ff=1,v=2,inplace=0): 
not supported [RD0] 

  ROPE(type=f16,ne_a=[36,16,2457,1],n_dims=36,mode=2,n_ctx=512,fs=1.424500,ef=0.000000,af=1.000000,ff=1,v=2,inplace=0): 
not supported [RD0] 

  ROPE(type=f16,ne_a=[36,16,2457,1],n_dims=36,mode=8,n_ctx=512,fs=1.424500,ef=0.000000,af=1.000000,ff=1,v=2,inplace=0): 
not supported [RD0] 

  ROPE(type=f16,ne_a=[36,16,2457,1],n_dims=36,mode=40,n_ctx=512,fs=1.424500,ef=0.000000,af=1.000000,ff=1,v=2,inplace=0): 
not supported [RD0] 

  ROPE(type=f16,ne_a=[36,16,2457,1],n_dims=36,mode=24,n_ctx=512,fs=1.424500,ef=0.000000,af=1.000000,ff=1,v=2,inplace=0): 
not supported [RD0] 

  ROPE(type=f32,ne_a=[128,32,2,1],n_dims=128,mode=0,n_ctx=512,fs=1.424500,ef=0.000000,af=1.424500,ff=0,v=0,inplace=0): 
not supported [RD0] 

  ROPE(type=f32,ne_a=[64,128,2,1],n_dims=64,mode=2,n_ctx=512,fs=1.424500,ef=0.000000,af=1.424500,ff=0,v=0,inplace=0): 
[1;32mOK[0m

  ROPE(type=f32,ne_a=[128,32,2,1],n_dims=128,mode=0,n_ctx=512,fs=1.424500,ef=0.000000,af=1.424500,ff=0,v=1,inplace=0): 
not supported [RD0] 

  ROPE(type=f32,ne_a=[64,128,2,1],n_dims=64,mode=2,n_ctx=512,fs=1.424500,ef=0.000000,af=1.424500,ff=0,v=1,inplace=0): 
[1;32mOK[0m

  ROPE(type=f32,ne_a=[36,16,2457,1],n_dims=36,mode=0,n_ctx=512,fs=1.424500,ef=0.000000,af=1.424500,ff=0,v=2,inplace=0): 
not supported [RD0] 

  ROPE(type=f32,ne_a=[36,16,2457,1],n_dims=36,mode=2,n_ctx=512,fs=1.424500,ef=0.000000,af=1.424500,ff=0,v=2,inplace=0): 
[1;32mOK[0m

  ROPE(type=f32,ne_a=[36,16,2457,1],n_dims=36,mode=8,n_ctx=512,fs=1.424500,ef=0.000000,af=1.424500,ff=0,v=2,inplace=0): 
not supported [RD0] 

  ROPE(type=f32,ne_a=[36,16,2457,1],n_dims=36,mode=40,n_ctx=512,fs=1.424500,ef=0.000000,af=1.424500,ff=0,v=2,inplace=0): 
not supported [RD0] 

  ROPE(type=f32,ne_a=[36,16,2457,1],n_dims=36,mode=24,n_ctx=512,fs=1.424500,ef=0.000000,af=1.424500,ff=0,v=2,inplace=0): 
not supported [RD0] 

  ROPE(type=f32,ne_a=[128,32,2,1],n_dims=128,mode=0,n_ctx=512,fs=1.424500,ef=0.000000,af=1.424500,ff=1,v=0,inplace=0): 
not supported [RD0] 

  ROPE(type=f32,ne_a=[64,128,2,1],n_dims=64,mode=2,n_ctx=512,fs=1.424500,ef=0.000000,af=1.424500,ff=1,v=0,inplace=0): 
not supported [RD0] 

  ROPE(type=f32,ne_a=[128,32,2,1],n_dims=128,mode=0,n_ctx=512,fs=1.424500,ef=0.000000,af=1.424500,ff=1,v=1,inplace=0): 
not supported [RD0] 

  ROPE(type=f32,ne_a=[64,128,2,1],n_dims=64,mode=2,n_ctx=512,fs=1.424500,ef=0.000000,af=1.424500,ff=1,v=1,inplace=0): 
not supported [RD0] 

  ROPE(type=f32,ne_a=[36,16,2457,1],n_dims=36,mode=0,n_ctx=512,fs=1.424500,ef=0.000000,af=1.424500,ff=1,v=2,inplace=0): 
not supported [RD0] 

  ROPE(type=f32,ne_a=[36,16,2457,1],n_dims=36,mode=2,n_ctx=512,fs=1.424500,ef=0.000000,af=1.424500,ff=1,v=2,inplace=0): 
not supported [RD0] 

  ROPE(type=f32,ne_a=[36,16,2457,1],n_dims=36,mode=8,n_ctx=512,fs=1.424500,ef=0.000000,af=1.424500,ff=1,v=2,inplace=0): 
not supported [RD0] 

  ROPE(type=f32,ne_a=[36,16,2457,1],n_dims=36,mode=40,n_ctx=512,fs=1.424500,ef=0.000000,af=1.424500,ff=1,v=2,inplace=0): 
not supported [RD0] 

  ROPE(type=f32,ne_a=[36,16,2457,1],n_dims=36,mode=24,n_ctx=512,fs=1.424500,ef=0.000000,af=1.424500,ff=1,v=2,inplace=0): 
not supported [RD0] 

  ROPE(type=f16,ne_a=[128,32,2,1],n_dims=128,mode=0,n_ctx=512,fs=1.424500,ef=0.000000,af=1.424500,ff=0,v=0,inplace=0): 
not supported [RD0] 

  ROPE(type=f16,ne_a=[64,128,2,1],n_dims=64,mode=2,n_ctx=512,fs=1.424500,ef=0.000000,af=1.424500,ff=0,v=0,inplace=0): 
not supported [RD0] 

  ROPE(type=f16,ne_a=[128,32,2,1],n_dims=128,mode=0,n_ctx=512,fs=1.424500,ef=0.000000,af=1.424500,ff=0,v=1,inplace=0): 
not supported [RD0] 

  ROPE(type=f16,ne_a=[64,128,2,1],n_dims=64,mode=2,n_ctx=512,fs=1.424500,ef=0.000000,af=1.424500,ff=0,v=1,inplace=0): 
not supported [RD0] 

  ROPE(type=f16,ne_a=[36,16,2457,1],n_dims=36,mode=0,n_ctx=512,fs=1.424500,ef=0.000000,af=1.424500,ff=0,v=2,inplace=0): 
not supported [RD0] 

  ROPE(type=f16,ne_a=[36,16,2457,1],n_dims=36,mode=2,n_ctx=512,fs=1.424500,ef=0.000000,af=1.424500,ff=0,v=2,inplace=0): 
not supported [RD0] 

  ROPE(type=f16,ne_a=[36,16,2457,1],n_dims=36,mode=8,n_ctx=512,fs=1.424500,ef=0.000000,af=1.424500,ff=0,v=2,inplace=0): 
not supported [RD0] 

  ROPE(type=f16,ne_a=[36,16,2457,1],n_dims=36,mode=40,n_ctx=512,fs=1.424500,ef=0.000000,af=1.424500,ff=0,v=2,inplace=0): 
not supported [RD0] 

  ROPE(type=f16,ne_a=[36,16,2457,1],n_dims=36,mode=24,n_ctx=512,fs=1.424500,ef=0.000000,af=1.424500,ff=0,v=2,inplace=0): 
not supported [RD0] 

  ROPE(type=f16,ne_a=[128,32,2,1],n_dims=128,mode=0,n_ctx=512,fs=1.424500,ef=0.000000,af=1.424500,ff=1,v=0,inplace=0): 
not supported [RD0] 

  ROPE(type=f16,ne_a=[64,128,2,1],n_dims=64,mode=2,n_ctx=512,fs=1.424500,ef=0.000000,af=1.424500,ff=1,v=0,inplace=0): 
not supported [RD0] 

  ROPE(type=f16,ne_a=[128,32,2,1],n_dims=128,mode=0,n_ctx=512,fs=1.424500,ef=0.000000,af=1.424500,ff=1,v=1,inplace=0): 
not supported [RD0] 

  ROPE(type=f16,ne_a=[64,128,2,1],n_dims=64,mode=2,n_ctx=512,fs=1.424500,ef=0.000000,af=1.424500,ff=1,v=1,inplace=0): 
not supported [RD0] 

  ROPE(type=f16,ne_a=[36,16,2457,1],n_dims=36,mode=0,n_ctx=512,fs=1.424500,ef=0.000000,af=1.424500,ff=1,v=2,inplace=0): 
not supported [RD0] 

  ROPE(type=f16,ne_a=[36,16,2457,1],n_dims=36,mode=2,n_ctx=512,fs=1.424500,ef=0.000000,af=1.424500,ff=1,v=2,inplace=0): 
not supported [RD0] 

  ROPE(type=f16,ne_a=[36,16,2457,1],n_dims=36,mode=8,n_ctx=512,fs=1.424500,ef=0.000000,af=1.424500,ff=1,v=2,inplace=0): 
not supported [RD0] 

  ROPE(type=f16,ne_a=[36,16,2457,1],n_dims=36,mode=40,n_ctx=512,fs=1.424500,ef=0.000000,af=1.424500,ff=1,v=2,inplace=0): 
not supported [RD0] 

  ROPE(type=f16,ne_a=[36,16,2457,1],n_dims=36,mode=24,n_ctx=512,fs=1.424500,ef=0.000000,af=1.424500,ff=1,v=2,inplace=0): 
not supported [RD0] 

  ROPE(type=f32,ne_a=[128,32,2,1],n_dims=128,mode=0,n_ctx=512,fs=1.424500,ef=0.746500,af=1.000000,ff=0,v=0,inplace=0): 
not supported [RD0] 

  ROPE(type=f32,ne_a=[64,128,2,1],n_dims=64,mode=2,n_ctx=512,fs=1.424500,ef=0.746500,af=1.000000,ff=0,v=0,inplace=0): 
[1;32mOK[0m

  ROPE(type=f32,ne_a=[128,32,2,1],n_dims=128,mode=0,n_ctx=512,fs=1.424500,ef=0.746500,af=1.000000,ff=0,v=1,inplace=0): 
not supported [RD0] 

  ROPE(type=f32,ne_a=[64,128,2,1],n_dims=64,mode=2,n_ctx=512,fs=1.424500,ef=0.746500,af=1.000000,ff=0,v=1,inplace=0): 
[1;32mOK[0m

  ROPE(type=f32,ne_a=[36,16,2457,1],n_dims=36,mode=0,n_ctx=512,fs=1.424500,ef=0.746500,af=1.000000,ff=0,v=2,inplace=0): 
not supported [RD0] 

  ROPE(type=f32,ne_a=[36,16,2457,1],n_dims=36,mode=2,n_ctx=512,fs=1.424500,ef=0.746500,af=1.000000,ff=0,v=2,inplace=0): 
[1;32mOK[0m

  ROPE(type=f32,ne_a=[36,16,2457,1],n_dims=36,mode=8,n_ctx=512,fs=1.424500,ef=0.746500,af=1.000000,ff=0,v=2,inplace=0): 
not supported [RD0] 

  ROPE(type=f32,ne_a=[36,16,2457,1],n_dims=36,mode=40,n_ctx=512,fs=1.424500,ef=0.746500,af=1.000000,ff=0,v=2,inplace=0): 
not supported [RD0] 

  ROPE(type=f32,ne_a=[36,16,2457,1],n_dims=36,mode=24,n_ctx=512,fs=1.424500,ef=0.746500,af=1.000000,ff=0,v=2,inplace=0): 
not supported [RD0] 

  ROPE(type=f32,ne_a=[128,32,2,1],n_dims=128,mode=0,n_ctx=512,fs=1.424500,ef=0.746500,af=1.000000,ff=1,v=0,inplace=0): 
not supported [RD0] 

  ROPE(type=f32,ne_a=[64,128,2,1],n_dims=64,mode=2,n_ctx=512,fs=1.424500,ef=0.746500,af=1.000000,ff=1,v=0,inplace=0): 
not supported [RD0] 

  ROPE(type=f32,ne_a=[128,32,2,1],n_dims=128,mode=0,n_ctx=512,fs=1.424500,ef=0.746500,af=1.000000,ff=1,v=1,inplace=0): 
not supported [RD0] 

  ROPE(type=f32,ne_a=[64,128,2,1],n_dims=64,mode=2,n_ctx=512,fs=1.424500,ef=0.746500,af=1.000000,ff=1,v=1,inplace=0): 
not supported [RD0] 

  ROPE(type=f32,ne_a=[36,16,2457,1],n_dims=36,mode=0,n_ctx=512,fs=1.424500,ef=0.746500,af=1.000000,ff=1,v=2,inplace=0): 
not supported [RD0] 

  ROPE(type=f32,ne_a=[36,16,2457,1],n_dims=36,mode=2,n_ctx=512,fs=1.424500,ef=0.746500,af=1.000000,ff=1,v=2,inplace=0): 
not supported [RD0] 

  ROPE(type=f32,ne_a=[36,16,2457,1],n_dims=36,mode=8,n_ctx=512,fs=1.424500,ef=0.746500,af=1.000000,ff=1,v=2,inplace=0): 
not supported [RD0] 

  ROPE(type=f32,ne_a=[36,16,2457,1],n_dims=36,mode=40,n_ctx=512,fs=1.424500,ef=0.746500,af=1.000000,ff=1,v=2,inplace=0): 
not supported [RD0] 

  ROPE(type=f32,ne_a=[36,16,2457,1],n_dims=36,mode=24,n_ctx=512,fs=1.424500,ef=0.746500,af=1.000000,ff=1,v=2,inplace=0): 
not supported [RD0] 

  ROPE(type=f16,ne_a=[128,32,2,1],n_dims=128,mode=0,n_ctx=512,fs=1.424500,ef=0.746500,af=1.000000,ff=0,v=0,inplace=0): 
not supported [RD0] 

  ROPE(type=f16,ne_a=[64,128,2,1],n_dims=64,mode=2,n_ctx=512,fs=1.424500,ef=0.746500,af=1.000000,ff=0,v=0,inplace=0): 
not supported [RD0] 

  ROPE(type=f16,ne_a=[128,32,2,1],n_dims=128,mode=0,n_ctx=512,fs=1.424500,ef=0.746500,af=1.000000,ff=0,v=1,inplace=0): 
not supported [RD0] 

  ROPE(type=f16,ne_a=[64,128,2,1],n_dims=64,mode=2,n_ctx=512,fs=1.424500,ef=0.746500,af=1.000000,ff=0,v=1,inplace=0): 
not supported [RD0] 

  ROPE(type=f16,ne_a=[36,16,2457,1],n_dims=36,mode=0,n_ctx=512,fs=1.424500,ef=0.746500,af=1.000000,ff=0,v=2,inplace=0): 
not supported [RD0] 

  ROPE(type=f16,ne_a=[36,16,2457,1],n_dims=36,mode=2,n_ctx=512,fs=1.424500,ef=0.746500,af=1.000000,ff=0,v=2,inplace=0): 
not supported [RD0] 

  ROPE(type=f16,ne_a=[36,16,2457,1],n_dims=36,mode=8,n_ctx=512,fs=1.424500,ef=0.746500,af=1.000000,ff=0,v=2,inplace=0): 
not supported [RD0] 

  ROPE(type=f16,ne_a=[36,16,2457,1],n_dims=36,mode=40,n_ctx=512,fs=1.424500,ef=0.746500,af=1.000000,ff=0,v=2,inplace=0): 
not supported [RD0] 

  ROPE(type=f16,ne_a=[36,16,2457,1],n_dims=36,mode=24,n_ctx=512,fs=1.424500,ef=0.746500,af=1.000000,ff=0,v=2,inplace=0): 
not supported [RD0] 

  ROPE(type=f16,ne_a=[128,32,2,1],n_dims=128,mode=0,n_ctx=512,fs=1.424500,ef=0.746500,af=1.000000,ff=1,v=0,inplace=0): 
not supported [RD0] 

  ROPE(type=f16,ne_a=[64,128,2,1],n_dims=64,mode=2,n_ctx=512,fs=1.424500,ef=0.746500,af=1.000000,ff=1,v=0,inplace=0): 
not supported [RD0] 

  ROPE(type=f16,ne_a=[128,32,2,1],n_dims=128,mode=0,n_ctx=512,fs=1.424500,ef=0.746500,af=1.000000,ff=1,v=1,inplace=0): 
not supported [RD0] 

  ROPE(type=f16,ne_a=[64,128,2,1],n_dims=64,mode=2,n_ctx=512,fs=1.424500,ef=0.746500,af=1.000000,ff=1,v=1,inplace=0): 
not supported [RD0] 

  ROPE(type=f16,ne_a=[36,16,2457,1],n_dims=36,mode=0,n_ctx=512,fs=1.424500,ef=0.746500,af=1.000000,ff=1,v=2,inplace=0): 
not supported [RD0] 

  ROPE(type=f16,ne_a=[36,16,2457,1],n_dims=36,mode=2,n_ctx=512,fs=1.424500,ef=0.746500,af=1.000000,ff=1,v=2,inplace=0): 
not supported [RD0] 

  ROPE(type=f16,ne_a=[36,16,2457,1],n_dims=36,mode=8,n_ctx=512,fs=1.424500,ef=0.746500,af=1.000000,ff=1,v=2,inplace=0): 
not supported [RD0] 

  ROPE(type=f16,ne_a=[36,16,2457,1],n_dims=36,mode=40,n_ctx=512,fs=1.424500,ef=0.746500,af=1.000000,ff=1,v=2,inplace=0): 
not supported [RD0] 

  ROPE(type=f16,ne_a=[36,16,2457,1],n_dims=36,mode=24,n_ctx=512,fs=1.424500,ef=0.746500,af=1.000000,ff=1,v=2,inplace=0): 
not supported [RD0] 

  ROPE(type=f32,ne_a=[128,32,2,1],n_dims=128,mode=0,n_ctx=512,fs=1.424500,ef=0.746500,af=1.424500,ff=0,v=0,inplace=0): 
not supported [RD0] 

  ROPE(type=f32,ne_a=[64,128,2,1],n_dims=64,mode=2,n_ctx=512,fs=1.424500,ef=0.746500,af=1.424500,ff=0,v=0,inplace=0): 
[1;32mOK[0m

  ROPE(type=f32,ne_a=[128,32,2,1],n_dims=128,mode=0,n_ctx=512,fs=1.424500,ef=0.746500,af=1.424500,ff=0,v=1,inplace=0): 
not supported [RD0] 

  ROPE(type=f32,ne_a=[64,128,2,1],n_dims=64,mode=2,n_ctx=512,fs=1.424500,ef=0.746500,af=1.424500,ff=0,v=1,inplace=0): 
[1;32mOK[0m

  ROPE(type=f32,ne_a=[36,16,2457,1],n_dims=36,mode=0,n_ctx=512,fs=1.424500,ef=0.746500,af=1.424500,ff=0,v=2,inplace=0): 
not supported [RD0] 

  ROPE(type=f32,ne_a=[36,16,2457,1],n_dims=36,mode=2,n_ctx=512,fs=1.424500,ef=0.746500,af=1.424500,ff=0,v=2,inplace=0): 
[1;32mOK[0m

  ROPE(type=f32,ne_a=[36,16,2457,1],n_dims=36,mode=8,n_ctx=512,fs=1.424500,ef=0.746500,af=1.424500,ff=0,v=2,inplace=0): 
not supported [RD0] 

  ROPE(type=f32,ne_a=[36,16,2457,1],n_dims=36,mode=40,n_ctx=512,fs=1.424500,ef=0.746500,af=1.424500,ff=0,v=2,inplace=0): 
not supported [RD0] 

  ROPE(type=f32,ne_a=[36,16,2457,1],n_dims=36,mode=24,n_ctx=512,fs=1.424500,ef=0.746500,af=1.424500,ff=0,v=2,inplace=0): 
not supported [RD0] 

  ROPE(type=f32,ne_a=[128,32,2,1],n_dims=128,mode=0,n_ctx=512,fs=1.424500,ef=0.746500,af=1.424500,ff=1,v=0,inplace=0): 
not supported [RD0] 

  ROPE(type=f32,ne_a=[64,128,2,1],n_dims=64,mode=2,n_ctx=512,fs=1.424500,ef=0.746500,af=1.424500,ff=1,v=0,inplace=0): 
not supported [RD0] 

  ROPE(type=f32,ne_a=[128,32,2,1],n_dims=128,mode=0,n_ctx=512,fs=1.424500,ef=0.746500,af=1.424500,ff=1,v=1,inplace=0): 
not supported [RD0] 

  ROPE(type=f32,ne_a=[64,128,2,1],n_dims=64,mode=2,n_ctx=512,fs=1.424500,ef=0.746500,af=1.424500,ff=1,v=1,inplace=0): 
not supported [RD0] 

  ROPE(type=f32,ne_a=[36,16,2457,1],n_dims=36,mode=0,n_ctx=512,fs=1.424500,ef=0.746500,af=1.424500,ff=1,v=2,inplace=0): 
not supported [RD0] 

  ROPE(type=f32,ne_a=[36,16,2457,1],n_dims=36,mode=2,n_ctx=512,fs=1.424500,ef=0.746500,af=1.424500,ff=1,v=2,inplace=0): 
not supported [RD0] 

  ROPE(type=f32,ne_a=[36,16,2457,1],n_dims=36,mode=8,n_ctx=512,fs=1.424500,ef=0.746500,af=1.424500,ff=1,v=2,inplace=0): 
not supported [RD0] 

  ROPE(type=f32,ne_a=[36,16,2457,1],n_dims=36,mode=40,n_ctx=512,fs=1.424500,ef=0.746500,af=1.424500,ff=1,v=2,inplace=0): 
not supported [RD0] 

  ROPE(type=f32,ne_a=[36,16,2457,1],n_dims=36,mode=24,n_ctx=512,fs=1.424500,ef=0.746500,af=1.424500,ff=1,v=2,inplace=0): 
not supported [RD0] 

  ROPE(type=f16,ne_a=[128,32,2,1],n_dims=128,mode=0,n_ctx=512,fs=1.424500,ef=0.746500,af=1.424500,ff=0,v=0,inplace=0): 
not supported [RD0] 

  ROPE(type=f16,ne_a=[64,128,2,1],n_dims=64,mode=2,n_ctx=512,fs=1.424500,ef=0.746500,af=1.424500,ff=0,v=0,inplace=0): 
not supported [RD0] 

  ROPE(type=f16,ne_a=[128,32,2,1],n_dims=128,mode=0,n_ctx=512,fs=1.424500,ef=0.746500,af=1.424500,ff=0,v=1,inplace=0): 
not supported [RD0] 

  ROPE(type=f16,ne_a=[64,128,2,1],n_dims=64,mode=2,n_ctx=512,fs=1.424500,ef=0.746500,af=1.424500,ff=0,v=1,inplace=0): 
not supported [RD0] 

  ROPE(type=f16,ne_a=[36,16,2457,1],n_dims=36,mode=0,n_ctx=512,fs=1.424500,ef=0.746500,af=1.424500,ff=0,v=2,inplace=0): 
not supported [RD0] 

  ROPE(type=f16,ne_a=[36,16,2457,1],n_dims=36,mode=2,n_ctx=512,fs=1.424500,ef=0.746500,af=1.424500,ff=0,v=2,inplace=0): 
not supported [RD0] 

  ROPE(type=f16,ne_a=[36,16,2457,1],n_dims=36,mode=8,n_ctx=512,fs=1.424500,ef=0.746500,af=1.424500,ff=0,v=2,inplace=0): 
not supported [RD0] 

  ROPE(type=f16,ne_a=[36,16,2457,1],n_dims=36,mode=40,n_ctx=512,fs=1.424500,ef=0.746500,af=1.424500,ff=0,v=2,inplace=0): 
not supported [RD0] 

  ROPE(type=f16,ne_a=[36,16,2457,1],n_dims=36,mode=24,n_ctx=512,fs=1.424500,ef=0.746500,af=1.424500,ff=0,v=2,inplace=0): 
not supported [RD0] 

  ROPE(type=f16,ne_a=[128,32,2,1],n_dims=128,mode=0,n_ctx=512,fs=1.424500,ef=0.746500,af=1.424500,ff=1,v=0,inplace=0): 
not supported [RD0] 

  ROPE(type=f16,ne_a=[64,128,2,1],n_dims=64,mode=2,n_ctx=512,fs=1.424500,ef=0.746500,af=1.424500,ff=1,v=0,inplace=0): 
not supported [RD0] 

  ROPE(type=f16,ne_a=[128,32,2,1],n_dims=128,mode=0,n_ctx=512,fs=1.424500,ef=0.746500,af=1.424500,ff=1,v=1,inplace=0): 
not supported [RD0] 

  ROPE(type=f16,ne_a=[64,128,2,1],n_dims=64,mode=2,n_ctx=512,fs=1.424500,ef=0.746500,af=1.424500,ff=1,v=1,inplace=0): 
not supported [RD0] 

  ROPE(type=f16,ne_a=[36,16,2457,1],n_dims=36,mode=0,n_ctx=512,fs=1.424500,ef=0.746500,af=1.424500,ff=1,v=2,inplace=0): 
not supported [RD0] 

  ROPE(type=f16,ne_a=[36,16,2457,1],n_dims=36,mode=2,n_ctx=512,fs=1.424500,ef=0.746500,af=1.424500,ff=1,v=2,inplace=0): 
not supported [RD0] 

  ROPE(type=f16,ne_a=[36,16,2457,1],n_dims=36,mode=8,n_ctx=512,fs=1.424500,ef=0.746500,af=1.424500,ff=1,v=2,inplace=0): 
not supported [RD0] 

  ROPE(type=f16,ne_a=[36,16,2457,1],n_dims=36,mode=40,n_ctx=512,fs=1.424500,ef=0.746500,af=1.424500,ff=1,v=2,inplace=0): 
not supported [RD0] 

  ROPE(type=f16,ne_a=[36,16,2457,1],n_dims=36,mode=24,n_ctx=512,fs=1.424500,ef=0.746500,af=1.424500,ff=1,v=2,inplace=0): 
not supported [RD0] 

  ROPE(type=f32,ne_a=[128,32,2,1],n_dims=128,mode=0,n_ctx=512,fs=1.424500,ef=0.746500,af=1.424500,ff=0,v=0,inplace=1): 
not supported [RD0] 

  ROPE(type=f32,ne_a=[128,32,2,1],n_dims=128,mode=0,n_ctx=512,fs=1.424500,ef=0.746500,af=1.424500,ff=0,v=1,inplace=1): 
not supported [RD0] 

  ROPE(type=f32,ne_a=[128,32,2,3],n_dims=128,mode=0,n_ctx=512,fs=1.424500,ef=0.746500,af=1.424500,ff=0,v=1,inplace=1): 
not supported [RD0] 

  ROPE(type=f32,ne_a=[128,32,2,1],n_dims=128,mode=0,n_ctx=512,fs=1.424500,ef=0.746500,af=1.424500,ff=1,v=0,inplace=1): 
not supported [RD0] 

  ROPE(type=f32,ne_a=[128,32,2,1],n_dims=128,mode=0,n_ctx=512,fs=1.424500,ef=0.746500,af=1.424500,ff=1,v=1,inplace=1): 
not supported [RD0] 

  ROPE(type=f32,ne_a=[128,32,2,3],n_dims=128,mode=0,n_ctx=512,fs=1.424500,ef=0.746500,af=1.424500,ff=1,v=1,inplace=1): 
not supported [RD0] 

  ROPE(type=f32,ne_a=[128,32,2,1],n_dims=128,mode=2,n_ctx=512,fs=1.424500,ef=0.746500,af=1.424500,ff=0,v=0,inplace=1): 
[1;32mOK[0m

  ROPE(type=f32,ne_a=[128,32,2,1],n_dims=128,mode=2,n_ctx=512,fs=1.424500,ef=0.746500,af=1.424500,ff=0,v=1,inplace=1): 
[1;32mOK[0m

  ROPE(type=f32,ne_a=[128,32,2,3],n_dims=128,mode=2,n_ctx=512,fs=1.424500,ef=0.746500,af=1.424500,ff=0,v=1,inplace=1): 
[1;32mOK[0m

  ROPE(type=f32,ne_a=[128,32,2,1],n_dims=128,mode=2,n_ctx=512,fs=1.424500,ef=0.746500,af=1.424500,ff=1,v=0,inplace=1): 
not supported [RD0] 

  ROPE(type=f32,ne_a=[128,32,2,1],n_dims=128,mode=2,n_ctx=512,fs=1.424500,ef=0.746500,af=1.424500,ff=1,v=1,inplace=1): 
not supported [RD0] 

  ROPE(type=f32,ne_a=[128,32,2,3],n_dims=128,mode=2,n_ctx=512,fs=1.424500,ef=0.746500,af=1.424500,ff=1,v=1,inplace=1): 
not supported [RD0] 

  ROPE(type=f32,ne_a=[128,32,2,1],n_dims=128,mode=8,n_ctx=512,fs=1.424500,ef=0.746500,af=1.424500,ff=0,v=0,inplace=1): 
not supported [RD0] 

  ROPE(type=f32,ne_a=[128,32,2,1],n_dims=128,mode=8,n_ctx=512,fs=1.424500,ef=0.746500,af=1.424500,ff=0,v=1,inplace=1): 
not supported [RD0] 

  ROPE(type=f32,ne_a=[128,32,2,3],n_dims=128,mode=8,n_ctx=512,fs=1.424500,ef=0.746500,af=1.424500,ff=0,v=1,inplace=1): 
not supported [RD0] 

  ROPE(type=f32,ne_a=[128,32,2,1],n_dims=128,mode=8,n_ctx=512,fs=1.424500,ef=0.746500,af=1.424500,ff=1,v=0,inplace=1): 
not supported [RD0] 

  ROPE(type=f32,ne_a=[128,32,2,1],n_dims=128,mode=8,n_ctx=512,fs=1.424500,ef=0.746500,af=1.424500,ff=1,v=1,inplace=1): 
not supported [RD0] 

  ROPE(type=f32,ne_a=[128,32,2,3],n_dims=128,mode=8,n_ctx=512,fs=1.424500,ef=0.746500,af=1.424500,ff=1,v=1,inplace=1): 
not supported [RD0] 

  ROPE(type=f32,ne_a=[128,32,2,1],n_dims=128,mode=40,n_ctx=512,fs=1.424500,ef=0.746500,af=1.424500,ff=0,v=0,inplace=1): 
not supported [RD0] 

  ROPE(type=f32,ne_a=[128,32,2,1],n_dims=128,mode=40,n_ctx=512,fs=1.424500,ef=0.746500,af=1.424500,ff=0,v=1,inplace=1): 
not supported [RD0] 

  ROPE(type=f32,ne_a=[128,32,2,3],n_dims=128,mode=40,n_ctx=512,fs=1.424500,ef=0.746500,af=1.424500,ff=0,v=1,inplace=1): 
not supported [RD0] 

  ROPE(type=f32,ne_a=[128,32,2,1],n_dims=128,mode=40,n_ctx=512,fs=1.424500,ef=0.746500,af=1.424500,ff=1,v=0,inplace=1): 
not supported [RD0] 

  ROPE(type=f32,ne_a=[128,32,2,1],n_dims=128,mode=40,n_ctx=512,fs=1.424500,ef=0.746500,af=1.424500,ff=1,v=1,inplace=1): 
not supported [RD0] 

  ROPE(type=f32,ne_a=[128,32,2,3],n_dims=128,mode=40,n_ctx=512,fs=1.424500,ef=0.746500,af=1.424500,ff=1,v=1,inplace=1): 
not supported [RD0] 

  ROPE(type=f32,ne_a=[128,32,2,1],n_dims=128,mode=24,n_ctx=512,fs=1.424500,ef=0.746500,af=1.424500,ff=0,v=0,inplace=1): 
not supported [RD0] 

  ROPE(type=f32,ne_a=[128,32,2,1],n_dims=128,mode=24,n_ctx=512,fs=1.424500,ef=0.746500,af=1.424500,ff=0,v=1,inplace=1): 
not supported [RD0] 

  ROPE(type=f32,ne_a=[128,32,2,3],n_dims=128,mode=24,n_ctx=512,fs=1.424500,ef=0.746500,af=1.424500,ff=0,v=1,inplace=1): 
not supported [RD0] 

  ROPE(type=f32,ne_a=[128,32,2,1],n_dims=128,mode=24,n_ctx=512,fs=1.424500,ef=0.746500,af=1.424500,ff=1,v=0,inplace=1): 
not supported [RD0] 

  ROPE(type=f32,ne_a=[128,32,2,1],n_dims=128,mode=24,n_ctx=512,fs=1.424500,ef=0.746500,af=1.424500,ff=1,v=1,inplace=1): 
not supported [RD0] 

  ROPE(type=f32,ne_a=[128,32,2,3],n_dims=128,mode=24,n_ctx=512,fs=1.424500,ef=0.746500,af=1.424500,ff=1,v=1,inplace=1): 
not supported [RD0] 

  ROPE(type=f16,ne_a=[128,32,2,1],n_dims=128,mode=0,n_ctx=512,fs=1.424500,ef=0.746500,af=1.424500,ff=0,v=0,inplace=1): 
not supported [RD0] 

  ROPE(type=f16,ne_a=[128,32,2,1],n_dims=128,mode=0,n_ctx=512,fs=1.424500,ef=0.746500,af=1.424500,ff=0,v=1,inplace=1): 
not supported [RD0] 

  ROPE(type=f16,ne_a=[128,32,2,3],n_dims=128,mode=0,n_ctx=512,fs=1.424500,ef=0.746500,af=1.424500,ff=0,v=1,inplace=1): 
not supported [RD0] 

  ROPE(type=f16,ne_a=[128,32,2,1],n_dims=128,mode=0,n_ctx=512,fs=1.424500,ef=0.746500,af=1.424500,ff=1,v=0,inplace=1): 
not supported [RD0] 

  ROPE(type=f16,ne_a=[128,32,2,1],n_dims=128,mode=0,n_ctx=512,fs=1.424500,ef=0.746500,af=1.424500,ff=1,v=1,inplace=1): 
not supported [RD0] 

  ROPE(type=f16,ne_a=[128,32,2,3],n_dims=128,mode=0,n_ctx=512,fs=1.424500,ef=0.746500,af=1.424500,ff=1,v=1,inplace=1): 
not supported [RD0] 

  ROPE(type=f16,ne_a=[128,32,2,1],n_dims=128,mode=2,n_ctx=512,fs=1.424500,ef=0.746500,af=1.424500,ff=0,v=0,inplace=1): 
not supported [RD0] 

  ROPE(type=f16,ne_a=[128,32,2,1],n_dims=128,mode=2,n_ctx=512,fs=1.424500,ef=0.746500,af=1.424500,ff=0,v=1,inplace=1): 
not supported [RD0] 

  ROPE(type=f16,ne_a=[128,32,2,3],n_dims=128,mode=2,n_ctx=512,fs=1.424500,ef=0.746500,af=1.424500,ff=0,v=1,inplace=1): 
not supported [RD0] 

  ROPE(type=f16,ne_a=[128,32,2,1],n_dims=128,mode=2,n_ctx=512,fs=1.424500,ef=0.746500,af=1.424500,ff=1,v=0,inplace=1): 
not supported [RD0] 

  ROPE(type=f16,ne_a=[128,32,2,1],n_dims=128,mode=2,n_ctx=512,fs=1.424500,ef=0.746500,af=1.424500,ff=1,v=1,inplace=1): 
not supported [RD0] 

  ROPE(type=f16,ne_a=[128,32,2,3],n_dims=128,mode=2,n_ctx=512,fs=1.424500,ef=0.746500,af=1.424500,ff=1,v=1,inplace=1): 
not supported [RD0] 

  ROPE(type=f16,ne_a=[128,32,2,1],n_dims=128,mode=8,n_ctx=512,fs=1.424500,ef=0.746500,af=1.424500,ff=0,v=0,inplace=1): 
not supported [RD0] 

  ROPE(type=f16,ne_a=[128,32,2,1],n_dims=128,mode=8,n_ctx=512,fs=1.424500,ef=0.746500,af=1.424500,ff=0,v=1,inplace=1): 
not supported [RD0] 

  ROPE(type=f16,ne_a=[128,32,2,3],n_dims=128,mode=8,n_ctx=512,fs=1.424500,ef=0.746500,af=1.424500,ff=0,v=1,inplace=1): 
not supported [RD0] 

  ROPE(type=f16,ne_a=[128,32,2,1],n_dims=128,mode=8,n_ctx=512,fs=1.424500,ef=0.746500,af=1.424500,ff=1,v=0,inplace=1): 
not supported [RD0] 

  ROPE(type=f16,ne_a=[128,32,2,1],n_dims=128,mode=8,n_ctx=512,fs=1.424500,ef=0.746500,af=1.424500,ff=1,v=1,inplace=1): 
not supported [RD0] 

  ROPE(type=f16,ne_a=[128,32,2,3],n_dims=128,mode=8,n_ctx=512,fs=1.424500,ef=0.746500,af=1.424500,ff=1,v=1,inplace=1): 
not supported [RD0] 

  ROPE(type=f16,ne_a=[128,32,2,1],n_dims=128,mode=40,n_ctx=512,fs=1.424500,ef=0.746500,af=1.424500,ff=0,v=0,inplace=1): 
not supported [RD0] 

  ROPE(type=f16,ne_a=[128,32,2,1],n_dims=128,mode=40,n_ctx=512,fs=1.424500,ef=0.746500,af=1.424500,ff=0,v=1,inplace=1): 
not supported [RD0] 

  ROPE(type=f16,ne_a=[128,32,2,3],n_dims=128,mode=40,n_ctx=512,fs=1.424500,ef=0.746500,af=1.424500,ff=0,v=1,inplace=1): 
not supported [RD0] 

  ROPE(type=f16,ne_a=[128,32,2,1],n_dims=128,mode=40,n_ctx=512,fs=1.424500,ef=0.746500,af=1.424500,ff=1,v=0,inplace=1): 
not supported [RD0] 

  ROPE(type=f16,ne_a=[128,32,2,1],n_dims=128,mode=40,n_ctx=512,fs=1.424500,ef=0.746500,af=1.424500,ff=1,v=1,inplace=1): 
not supported [RD0] 

  ROPE(type=f16,ne_a=[128,32,2,3],n_dims=128,mode=40,n_ctx=512,fs=1.424500,ef=0.746500,af=1.424500,ff=1,v=1,inplace=1): 
not supported [RD0] 

  ROPE(type=f16,ne_a=[128,32,2,1],n_dims=128,mode=24,n_ctx=512,fs=1.424500,ef=0.746500,af=1.424500,ff=0,v=0,inplace=1): 
not supported [RD0] 

  ROPE(type=f16,ne_a=[128,32,2,1],n_dims=128,mode=24,n_ctx=512,fs=1.424500,ef=0.746500,af=1.424500,ff=0,v=1,inplace=1): 
not supported [RD0] 

  ROPE(type=f16,ne_a=[128,32,2,3],n_dims=128,mode=24,n_ctx=512,fs=1.424500,ef=0.746500,af=1.424500,ff=0,v=1,inplace=1): 
not supported [RD0] 

  ROPE(type=f16,ne_a=[128,32,2,1],n_dims=128,mode=24,n_ctx=512,fs=1.424500,ef=0.746500,af=1.424500,ff=1,v=0,inplace=1): 
not supported [RD0] 

  ROPE(type=f16,ne_a=[128,32,2,1],n_dims=128,mode=24,n_ctx=512,fs=1.424500,ef=0.746500,af=1.424500,ff=1,v=1,inplace=1): 
not supported [RD0] 

  ROPE(type=f16,ne_a=[128,32,2,3],n_dims=128,mode=24,n_ctx=512,fs=1.424500,ef=0.746500,af=1.424500,ff=1,v=1,inplace=1): 
not supported [RD0] 

  68/68 tests passed

  Backend RD0: [1;32mOK[0m

2/2 backends passed

[1;32mOK[0m

ggml_test: test-backend-ops returned 0

ggml_test: rd stats graphs=813 nodes=1449 dispatches=777 skipped=672 barriers=573 failed_graphs=0 last{nodes=1 dispatches=0 barriers=0 skipped=1} pipelines=10 set0_created=141 slots_created=256 coop_yields=1 waits=141 faults=0 params_bytes=198912 set_bytes=909647408 get_bytes=2240725784 copies=0 clears=0 buffers_live=0 bytes_live=0

== ops_barrier_all: done in 98.6 s, frames=69 pumps=69 vm_ms=98593.5 waits=68 coops=0 reads=0 read_bytes=0 uploads=0 upload_bytes=0
   cases: OK=68 FAIL=0 not_supported=427 | 68/68 tests passed | Backend RD0: OK
   NEG: OK=4 FAIL=0 not_supported=4
   SIGMOID: OK=4 FAIL=0 not_supported=4
   GELU: OK=4 FAIL=0 not_supported=4
   SILU: OK=4 FAIL=0 not_supported=4
   GELU_ERF: OK=4 FAIL=0 not_supported=4
   SCALE: OK=4 FAIL=0 not_supported=0
   DIAG_MASK_INF: OK=3 FAIL=0 not_supported=0
   ROPE: OK=41 FAIL=0 not_supported=407
   rd: graphs=813 nodes=1449 dispatches=777 skipped=672 barriers=573 failed_graphs=0 last{nodes=1 dispatches=0 barriers=0 skipped=1} pipelines=10 set0_created=141 slots_created=256 coop_yields=1 waits=141 faults=0 params_bytes=198912 set_bytes=909647408 get_bytes=2240725784 copies=0 clears=0 buffers_live=0 bytes_live=0 rule4_same_frame_syncs=0 syncs=143 submits=143 recoveries=0 permanent_slots=0 | 29 of 29 RenderingDevice method names in slots of their own (host name cache: 32 slots)
Testing 2 devices


Backend 1/2: CPU

  Skipping

Backend 2/2: RD0

  Device description: Godot RenderingDevice (NVIDIA GeForce RTX 4090)

  Device memory: 24576 MB (24576 MB free)



  NEG(type=f16,ne_a=[128,2,2,2],v=0): 
not supported [RD0] 

  NEG(type=f16,ne_a=[5,7,11,13],v=0): 
not supported [RD0] 

  SIGMOID(type=f16,ne_a=[128,2,2,2],v=0): 
not supported [RD0] 

  SIGMOID(type=f16,ne_a=[5,7,11,13],v=0): 
not supported [RD0] 

  GELU(type=f16,ne_a=[128,2,2,2],v=0): 
not supported [RD0] 

  GELU(type=f16,ne_a=[5,7,11,13],v=0): 
not supported [RD0] 

  SILU(type=f16,ne_a=[128,2,2,2],v=0): 
not supported [RD0] 

  SILU(type=f16,ne_a=[5,7,11,13],v=0): 
not supported [RD0] 

  GELU_ERF(type=f16,ne_a=[128,2,2,2],v=0): 
not supported [RD0] 

  GELU_ERF(type=f16,ne_a=[5,7,11,13],v=0): 
not supported [RD0] 

  NEG(type=f16,ne_a=[128,2,2,2],v=1): 
not supported [RD0] 

  NEG(type=f16,ne_a=[5,7,11,13],v=1): 
not supported [RD0] 

  SIGMOID(type=f16,ne_a=[128,2,2,2],v=1): 
not supported [RD0] 

  SIGMOID(type=f16,ne_a=[5,7,11,13],v=1): 
not supported [RD0] 

  GELU(type=f16,ne_a=[128,2,2,2],v=1): 
not supported [RD0] 

  GELU(type=f16,ne_a=[5,7,11,13],v=1): 
not supported [RD0] 

  SILU(type=f16,ne_a=[128,2,2,2],v=1): 
not supported [RD0] 

  SILU(type=f16,ne_a=[5,7,11,13],v=1): 
not supported [RD0] 

  GELU_ERF(type=f16,ne_a=[128,2,2,2],v=1): 
not supported [RD0] 

  GELU_ERF(type=f16,ne_a=[5,7,11,13],v=1): 
not supported [RD0] 

[NEG] ERR = 2.088397932 > 0.000000100   NEG(type=f32,ne_a=[128,2,2,2],v=0): 
[1;31mFAIL[0m

[NEG] ERR = 2.006025489 > 0.000000100   NEG(type=f32,ne_a=[5,7,11,13],v=0): 
[1;31mFAIL[0m

[SIGMOID] ERR = 1.002224273 > 0.000000100   SIGMOID(type=f32,ne_a=[128,2,2,2],v=0): 
[1;31mFAIL[0m

[SIGMOID] ERR = 1.001386775 > 0.000000100   SIGMOID(type=f32,ne_a=[5,7,11,13],v=0): 
[1;31mFAIL[0m

[GELU] ERR = 1.305646041 > 0.000000100   GELU(type=f32,ne_a=[128,2,2,2],v=0): 
[1;31mFAIL[0m

[GELU] ERR = 1.231319531 > 0.000000100   GELU(type=f32,ne_a=[5,7,11,13],v=0): 
[1;31mFAIL[0m

[SILU] ERR = 1.239724018 > 0.000000100   SILU(type=f32,ne_a=[128,2,2,2],v=0): 
[1;31mFAIL[0m

[SILU] ERR = 1.258234467 > 0.000000100   SILU(type=f32,ne_a=[5,7,11,13],v=0): 
[1;31mFAIL[0m

[GELU_ERF] ERR = 1.198696447 > 0.000000100   GELU_ERF(type=f32,ne_a=[128,2,2,2],v=0): 
[1;31mFAIL[0m

[GELU_ERF] ERR = 1.275419297 > 0.000000100   GELU_ERF(type=f32,ne_a=[5,7,11,13],v=0): 
[1;31mFAIL[0m

[NEG] ERR = 2.043254302 > 0.000000100   NEG(type=f32,ne_a=[128,2,2,2],v=1): 
[1;31mFAIL[0m

[NEG] ERR = 1.992574424 > 0.000000100   NEG(type=f32,ne_a=[5,7,11,13],v=1): 
[1;31mFAIL[0m

[SIGMOID] ERR = 1.047729086 > 0.000000100   SIGMOID(type=f32,ne_a=[128,2,2,2],v=1): 
[1;31mFAIL[0m

[SIGMOID] ERR = 0.963047418 > 0.000000100   SIGMOID(type=f32,ne_a=[5,7,11,13],v=1): 
[1;31mFAIL[0m

[GELU] ERR = 1.236249611 > 0.000000100   GELU(type=f32,ne_a=[128,2,2,2],v=1): 
[1;31mFAIL[0m

[GELU] ERR = 1.245926313 > 0.000000100   GELU(type=f32,ne_a=[5,7,11,13],v=1): 
[1;31mFAIL[0m

[SILU] ERR = 1.267849204 > 0.000000100   SILU(type=f32,ne_a=[128,2,2,2],v=1): 
[1;31mFAIL[0m

[SILU] ERR = 1.244756771 > 0.000000100   SILU(type=f32,ne_a=[5,7,11,13],v=1): 
[1;31mFAIL[0m

[GELU_ERF] ERR = 1.233402167 > 0.000000100   GELU_ERF(type=f32,ne_a=[128,2,2,2],v=1): 
[1;31mFAIL[0m

[GELU_ERF] ERR = 1.236008306 > 0.000000100   GELU_ERF(type=f32,ne_a=[5,7,11,13],v=1): 
[1;31mFAIL[0m

[SCALE] ERR = 1.982334770 > 0.000000100   SCALE(type=f32,ne=[10,10,10,10],scale=2.000000,bias=0.000000,inplace=0): 
[1;31mFAIL[0m

[SCALE] ERR = 1.135763963 > 0.000000100   SCALE(type=f32,ne=[10,10,10,10],scale=2.000000,bias=1.000000,inplace=0): 
[1;31mFAIL[0m

[SCALE] ERR = 1.158375558 > 0.000000100   SCALE(type=f32,ne=[10,10,10,10],scale=2.000000,bias=1.000000,inplace=1): 
[1;31mFAIL[0m

[SCALE] ERR = 1.146159061 > 0.000000100   SCALE(type=f32,ne=[100,10,10,10],scale=2.000000,bias=1.000000,inplace=0): 
[1;31mFAIL[0m

  ROPE(type=f32,ne_a=[128,32,2,1],n_dims=128,mode=0,n_ctx=512,fs=1.000000,ef=0.000000,af=1.000000,ff=0,v=0,inplace=0): 
not supported [RD0] 

  ROPE(type=f32,ne_a=[128,40,2,1],n_dims=128,mode=0,n_ctx=512,fs=1.000000,ef=0.000000,af=1.000000,ff=0,v=0,inplace=0): 
not supported [RD0] 

  ROPE(type=f32,ne_a=[128,52,2,1],n_dims=128,mode=0,n_ctx=512,fs=1.000000,ef=0.000000,af=1.000000,ff=0,v=0,inplace=0): 
not supported [RD0] 

  ROPE(type=f32,ne_a=[128,64,2,1],n_dims=128,mode=0,n_ctx=512,fs=1.000000,ef=0.000000,af=1.000000,ff=0,v=0,inplace=0): 
not supported [RD0] 

  ROPE(type=f32,ne_a=[16,16,8192,1],n_dims=16,mode=0,n_ctx=512,fs=1.000000,ef=0.000000,af=1.000000,ff=0,v=0,inplace=0): 
not supported [RD0] 

[ROPE] ERR = 0.922268148 > 0.000000100   ROPE(type=f32,ne_a=[64,1,2,1],n_dims=64,mode=2,n_ctx=512,fs=1.000000,ef=0.000000,af=1.000000,ff=0,v=0,inplace=0): 
[1;31mFAIL[0m

[ROPE] ERR = 1.141992867 > 0.000000100   ROPE(type=f32,ne_a=[64,71,2,1],n_dims=64,mode=2,n_ctx=512,fs=1.000000,ef=0.000000,af=1.000000,ff=0,v=0,inplace=0): 
[1;31mFAIL[0m

[ROPE] ERR = 1.126798808 > 0.000000100   ROPE(type=f32,ne_a=[64,8,2,1],n_dims=64,mode=2,n_ctx=512,fs=1.000000,ef=0.000000,af=1.000000,ff=0,v=0,inplace=0): 
[1;31mFAIL[0m

  ROPE(type=f32,ne_a=[80,32,2,1],n_dims=20,mode=0,n_ctx=512,fs=1.000000,ef=0.000000,af=1.000000,ff=0,v=0,inplace=0): 
not supported [RD0] 

  ROPE(type=f32,ne_a=[80,32,2,1],n_dims=32,mode=0,n_ctx=512,fs=1.000000,ef=0.000000,af=1.000000,ff=0,v=0,inplace=0): 
not supported [RD0] 

  ROPE(type=f32,ne_a=[80,32,4,1],n_dims=32,mode=0,n_ctx=512,fs=1.000000,ef=0.000000,af=1.000000,ff=0,v=0,inplace=0): 
not supported [RD0] 

[ROPE] ERR = 0.334044767 > 0.000000100   ROPE(type=f32,ne_a=[80,32,2,1],n_dims=20,mode=2,n_ctx=512,fs=1.000000,ef=0.000000,af=1.000000,ff=0,v=0,inplace=0): 
[1;31mFAIL[0m

[ROPE] ERR = 0.590481675 > 0.000000100   ROPE(type=f32,ne_a=[80,32,2,1],n_dims=32,mode=2,n_ctx=512,fs=1.000000,ef=0.000000,af=1.000000,ff=0,v=0,inplace=0): 
[1;31mFAIL[0m

[ROPE] ERR = 0.421513793 > 0.000000100   ROPE(type=f32,ne_a=[80,32,4,1],n_dims=32,mode=2,n_ctx=512,fs=1.000000,ef=0.000000,af=1.000000,ff=0,v=0,inplace=0): 
[1;31mFAIL[0m

[ROPE] ERR = 1.290251592 > 0.000000100   ROPE(type=f32,ne_a=[16,16,8192,1],n_dims=16,mode=2,n_ctx=512,fs=1.000000,ef=0.000000,af=1.000000,ff=0,v=0,inplace=0): 
[1;31mFAIL[0m

  ROPE(type=f32,ne_a=[128,12,2,1],n_dims=128,mode=8,n_ctx=512,fs=1.000000,ef=0.000000,af=1.000000,ff=0,v=0,inplace=0): 
not supported [RD0] 

  ROPE(type=f32,ne_a=[128,28,2,1],n_dims=128,mode=8,n_ctx=512,fs=1.000000,ef=0.000000,af=1.000000,ff=0,v=0,inplace=0): 
not supported [RD0] 

  ROPE(type=f32,ne_a=[128,12,2,1],n_dims=20,mode=8,n_ctx=512,fs=1.000000,ef=0.000000,af=1.000000,ff=0,v=0,inplace=0): 
not supported [RD0] 

  ROPE(type=f32,ne_a=[128,28,2,1],n_dims=32,mode=8,n_ctx=512,fs=1.000000,ef=0.000000,af=1.000000,ff=0,v=0,inplace=0): 
not supported [RD0] 

  ROPE(type=f32,ne_a=[128,12,2,1],n_dims=128,mode=40,n_ctx=512,fs=1.000000,ef=0.000000,af=1.000000,ff=0,v=0,inplace=0): 
not supported [RD0] 

  ROPE(type=f32,ne_a=[128,28,2,1],n_dims=128,mode=40,n_ctx=512,fs=1.000000,ef=0.000000,af=1.000000,ff=0,v=0,inplace=0): 
not supported [RD0] 

  ROPE(type=f32,ne_a=[128,12,2,1],n_dims=20,mode=40,n_ctx=512,fs=1.000000,ef=0.000000,af=1.000000,ff=0,v=0,inplace=0): 
not supported [RD0] 

  ROPE(type=f32,ne_a=[128,28,2,1],n_dims=32,mode=40,n_ctx=512,fs=1.000000,ef=0.000000,af=1.000000,ff=0,v=0,inplace=0): 
not supported [RD0] 

  ROPE(type=f32,ne_a=[80,16,2,1],n_dims=80,mode=24,n_ctx=512,fs=1.000000,ef=0.000000,af=1.000000,ff=0,v=0,inplace=0): 
not supported [RD0] 

  ROPE(type=f32,ne_a=[128,16,2,1],n_dims=128,mode=40,n_ctx=512,fs=1.000000,ef=0.000000,af=1.000000,ff=0,v=0,inplace=0): 
not supported [RD0] 

  ROPE(type=f32,ne_a=[16,16,8192,1],n_dims=16,mode=40,n_ctx=512,fs=1.000000,ef=0.000000,af=1.000000,ff=0,v=0,inplace=0): 
not supported [RD0] 

[ROPE] ERR = 1.209002183 > 0.000000100   ROPE(type=f32,ne_a=[64,128,2,1],n_dims=64,mode=2,n_ctx=512,fs=1.000000,ef=0.000000,af=1.000000,ff=0,v=0,inplace=0): 
[1;31mFAIL[0m

  ROPE(type=f32,ne_a=[128,32,2,1],n_dims=128,mode=0,n_ctx=512,fs=1.000000,ef=0.000000,af=1.000000,ff=0,v=1,inplace=0): 
not supported [RD0] 

  ROPE(type=f32,ne_a=[128,40,2,1],n_dims=128,mode=0,n_ctx=512,fs=1.000000,ef=0.000000,af=1.000000,ff=0,v=1,inplace=0): 
not supported [RD0] 

  ROPE(type=f32,ne_a=[128,52,2,1],n_dims=128,mode=0,n_ctx=512,fs=1.000000,ef=0.000000,af=1.000000,ff=0,v=1,inplace=0): 
not supported [RD0] 

  ROPE(type=f32,ne_a=[128,64,2,1],n_dims=128,mode=0,n_ctx=512,fs=1.000000,ef=0.000000,af=1.000000,ff=0,v=1,inplace=0): 
not supported [RD0] 

  ROPE(type=f32,ne_a=[16,16,8192,1],n_dims=16,mode=0,n_ctx=512,fs=1.000000,ef=0.000000,af=1.000000,ff=0,v=1,inplace=0): 
not supported [RD0] 

[ROPE] ERR = 1.187122643 > 0.000000100   ROPE(type=f32,ne_a=[64,1,2,1],n_dims=64,mode=2,n_ctx=512,fs=1.000000,ef=0.000000,af=1.000000,ff=0,v=1,inplace=0): 
[1;31mFAIL[0m

[ROPE] ERR = 1.191833027 > 0.000000100   ROPE(type=f32,ne_a=[64,71,2,1],n_dims=64,mode=2,n_ctx=512,fs=1.000000,ef=0.000000,af=1.000000,ff=0,v=1,inplace=0): 
[1;31mFAIL[0m

[ROPE] ERR = 1.236244643 > 0.000000100   ROPE(type=f32,ne_a=[64,8,2,1],n_dims=64,mode=2,n_ctx=512,fs=1.000000,ef=0.000000,af=1.000000,ff=0,v=1,inplace=0): 
[1;31mFAIL[0m

  ROPE(type=f32,ne_a=[80,32,2,1],n_dims=20,mode=0,n_ctx=512,fs=1.000000,ef=0.000000,af=1.000000,ff=0,v=1,inplace=0): 
not supported [RD0] 

  ROPE(type=f32,ne_a=[80,32,2,1],n_dims=32,mode=0,n_ctx=512,fs=1.000000,ef=0.000000,af=1.000000,ff=0,v=1,inplace=0): 
not supported [RD0] 

  ROPE(type=f32,ne_a=[80,32,4,1],n_dims=32,mode=0,n_ctx=512,fs=1.000000,ef=0.000000,af=1.000000,ff=0,v=1,inplace=0): 
not supported [RD0] 

[ROPE] ERR = 0.281902686 > 0.000000100   ROPE(type=f32,ne_a=[80,32,2,1],n_dims=20,mode=2,n_ctx=512,fs=1.000000,ef=0.000000,af=1.000000,ff=0,v=1,inplace=0): 
[1;31mFAIL[0m

[ROPE] ERR = 0.506438681 > 0.000000100   ROPE(type=f32,ne_a=[80,32,2,1],n_dims=32,mode=2,n_ctx=512,fs=1.000000,ef=0.000000,af=1.000000,ff=0,v=1,inplace=0): 
[1;31mFAIL[0m

[ROPE] ERR = 0.464138716 > 0.000000100   ROPE(type=f32,ne_a=[80,32,4,1],n_dims=32,mode=2,n_ctx=512,fs=1.000000,ef=0.000000,af=1.000000,ff=0,v=1,inplace=0): 
[1;31mFAIL[0m

[ROPE] ERR = 1.297374201 > 0.000000100   ROPE(type=f32,ne_a=[16,16,8192,1],n_dims=16,mode=2,n_ctx=512,fs=1.000000,ef=0.000000,af=1.000000,ff=0,v=1,inplace=0): 
[1;31mFAIL[0m

  ROPE(type=f32,ne_a=[128,12,2,1],n_dims=128,mode=8,n_ctx=512,fs=1.000000,ef=0.000000,af=1.000000,ff=0,v=1,inplace=0): 
not supported [RD0] 

  ROPE(type=f32,ne_a=[128,28,2,1],n_dims=128,mode=8,n_ctx=512,fs=1.000000,ef=0.000000,af=1.000000,ff=0,v=1,inplace=0): 
not supported [RD0] 

  ROPE(type=f32,ne_a=[128,12,2,1],n_dims=20,mode=8,n_ctx=512,fs=1.000000,ef=0.000000,af=1.000000,ff=0,v=1,inplace=0): 
not supported [RD0] 

  ROPE(type=f32,ne_a=[128,28,2,1],n_dims=32,mode=8,n_ctx=512,fs=1.000000,ef=0.000000,af=1.000000,ff=0,v=1,inplace=0): 
not supported [RD0] 

  ROPE(type=f32,ne_a=[128,12,2,1],n_dims=128,mode=40,n_ctx=512,fs=1.000000,ef=0.000000,af=1.000000,ff=0,v=1,inplace=0): 
not supported [RD0] 

  ROPE(type=f32,ne_a=[128,28,2,1],n_dims=128,mode=40,n_ctx=512,fs=1.000000,ef=0.000000,af=1.000000,ff=0,v=1,inplace=0): 
not supported [RD0] 

  ROPE(type=f32,ne_a=[128,12,2,1],n_dims=20,mode=40,n_ctx=512,fs=1.000000,ef=0.000000,af=1.000000,ff=0,v=1,inplace=0): 
not supported [RD0] 

  ROPE(type=f32,ne_a=[128,28,2,1],n_dims=32,mode=40,n_ctx=512,fs=1.000000,ef=0.000000,af=1.000000,ff=0,v=1,inplace=0): 
not supported [RD0] 

  ROPE(type=f32,ne_a=[80,16,2,1],n_dims=80,mode=24,n_ctx=512,fs=1.000000,ef=0.000000,af=1.000000,ff=0,v=1,inplace=0): 
not supported [RD0] 

  ROPE(type=f32,ne_a=[128,16,2,1],n_dims=128,mode=40,n_ctx=512,fs=1.000000,ef=0.000000,af=1.000000,ff=0,v=1,inplace=0): 
not supported [RD0] 

  ROPE(type=f32,ne_a=[16,16,8192,1],n_dims=16,mode=40,n_ctx=512,fs=1.000000,ef=0.000000,af=1.000000,ff=0,v=1,inplace=0): 
not supported [RD0] 

[ROPE] ERR = 1.066605720 > 0.000000100   ROPE(type=f32,ne_a=[64,128,2,1],n_dims=64,mode=2,n_ctx=512,fs=1.000000,ef=0.000000,af=1.000000,ff=0,v=1,inplace=0): 
[1;31mFAIL[0m

  ROPE(type=f32,ne_a=[36,16,2457,1],n_dims=36,mode=0,n_ctx=512,fs=1.000000,ef=0.000000,af=1.000000,ff=0,v=2,inplace=0): 
not supported [RD0] 

[ROPE] ERR = 1.200552855 > 0.000000100   ROPE(type=f32,ne_a=[36,16,2457,1],n_dims=36,mode=2,n_ctx=512,fs=1.000000,ef=0.000000,af=1.000000,ff=0,v=2,inplace=0): 
[1;31mFAIL[0m

  ROPE(type=f32,ne_a=[36,16,2457,1],n_dims=36,mode=8,n_ctx=512,fs=1.000000,ef=0.000000,af=1.000000,ff=0,v=2,inplace=0): 
not supported [RD0] 

  ROPE(type=f32,ne_a=[36,16,2457,1],n_dims=36,mode=40,n_ctx=512,fs=1.000000,ef=0.000000,af=1.000000,ff=0,v=2,inplace=0): 
not supported [RD0] 

  ROPE(type=f32,ne_a=[36,16,2457,1],n_dims=36,mode=24,n_ctx=512,fs=1.000000,ef=0.000000,af=1.000000,ff=0,v=2,inplace=0): 
not supported [RD0] 

  ROPE(type=f32,ne_a=[128,32,2,1],n_dims=128,mode=0,n_ctx=512,fs=1.000000,ef=0.000000,af=1.000000,ff=1,v=0,inplace=0): 
not supported [RD0] 

  ROPE(type=f32,ne_a=[128,40,2,1],n_dims=128,mode=0,n_ctx=512,fs=1.000000,ef=0.000000,af=1.000000,ff=1,v=0,inplace=0): 
not supported [RD0] 

  ROPE(type=f32,ne_a=[128,52,2,1],n_dims=128,mode=0,n_ctx=512,fs=1.000000,ef=0.000000,af=1.000000,ff=1,v=0,inplace=0): 
not supported [RD0] 

  ROPE(type=f32,ne_a=[128,64,2,1],n_dims=128,mode=0,n_ctx=512,fs=1.000000,ef=0.000000,af=1.000000,ff=1,v=0,inplace=0): 
not supported [RD0] 

  ROPE(type=f32,ne_a=[16,16,8192,1],n_dims=16,mode=0,n_ctx=512,fs=1.000000,ef=0.000000,af=1.000000,ff=1,v=0,inplace=0): 
not supported [RD0] 

  ROPE(type=f32,ne_a=[64,1,2,1],n_dims=64,mode=2,n_ctx=512,fs=1.000000,ef=0.000000,af=1.000000,ff=1,v=0,inplace=0): 
not supported [RD0] 

  ROPE(type=f32,ne_a=[64,71,2,1],n_dims=64,mode=2,n_ctx=512,fs=1.000000,ef=0.000000,af=1.000000,ff=1,v=0,inplace=0): 
not supported [RD0] 

  ROPE(type=f32,ne_a=[64,8,2,1],n_dims=64,mode=2,n_ctx=512,fs=1.000000,ef=0.000000,af=1.000000,ff=1,v=0,inplace=0): 
not supported [RD0] 

  ROPE(type=f32,ne_a=[80,32,2,1],n_dims=20,mode=0,n_ctx=512,fs=1.000000,ef=0.000000,af=1.000000,ff=1,v=0,inplace=0): 
not supported [RD0] 

  ROPE(type=f32,ne_a=[80,32,2,1],n_dims=32,mode=0,n_ctx=512,fs=1.000000,ef=0.000000,af=1.000000,ff=1,v=0,inplace=0): 
not supported [RD0] 

  ROPE(type=f32,ne_a=[80,32,4,1],n_dims=32,mode=0,n_ctx=512,fs=1.000000,ef=0.000000,af=1.000000,ff=1,v=0,inplace=0): 
not supported [RD0] 

  ROPE(type=f32,ne_a=[80,32,2,1],n_dims=20,mode=2,n_ctx=512,fs=1.000000,ef=0.000000,af=1.000000,ff=1,v=0,inplace=0): 
not supported [RD0] 

  ROPE(type=f32,ne_a=[80,32,2,1],n_dims=32,mode=2,n_ctx=512,fs=1.000000,ef=0.000000,af=1.000000,ff=1,v=0,inplace=0): 
not supported [RD0] 

  ROPE(type=f32,ne_a=[80,32,4,1],n_dims=32,mode=2,n_ctx=512,fs=1.000000,ef=0.000000,af=1.000000,ff=1,v=0,inplace=0): 
not supported [RD0] 

  ROPE(type=f32,ne_a=[16,16,8192,1],n_dims=16,mode=2,n_ctx=512,fs=1.000000,ef=0.000000,af=1.000000,ff=1,v=0,inplace=0): 
not supported [RD0] 

  ROPE(type=f32,ne_a=[128,12,2,1],n_dims=128,mode=8,n_ctx=512,fs=1.000000,ef=0.000000,af=1.000000,ff=1,v=0,inplace=0): 
not supported [RD0] 

  ROPE(type=f32,ne_a=[128,28,2,1],n_dims=128,mode=8,n_ctx=512,fs=1.000000,ef=0.000000,af=1.000000,ff=1,v=0,inplace=0): 
not supported [RD0] 

  ROPE(type=f32,ne_a=[128,12,2,1],n_dims=20,mode=8,n_ctx=512,fs=1.000000,ef=0.000000,af=1.000000,ff=1,v=0,inplace=0): 
not supported [RD0] 

  ROPE(type=f32,ne_a=[128,28,2,1],n_dims=32,mode=8,n_ctx=512,fs=1.000000,ef=0.000000,af=1.000000,ff=1,v=0,inplace=0): 
not supported [RD0] 

  ROPE(type=f32,ne_a=[128,12,2,1],n_dims=128,mode=40,n_ctx=512,fs=1.000000,ef=0.000000,af=1.000000,ff=1,v=0,inplace=0): 
not supported [RD0] 

  ROPE(type=f32,ne_a=[128,28,2,1],n_dims=128,mode=40,n_ctx=512,fs=1.000000,ef=0.000000,af=1.000000,ff=1,v=0,inplace=0): 
not supported [RD0] 

  ROPE(type=f32,ne_a=[128,12,2,1],n_dims=20,mode=40,n_ctx=512,fs=1.000000,ef=0.000000,af=1.000000,ff=1,v=0,inplace=0): 
not supported [RD0] 

  ROPE(type=f32,ne_a=[128,28,2,1],n_dims=32,mode=40,n_ctx=512,fs=1.000000,ef=0.000000,af=1.000000,ff=1,v=0,inplace=0): 
not supported [RD0] 

  ROPE(type=f32,ne_a=[80,16,2,1],n_dims=80,mode=24,n_ctx=512,fs=1.000000,ef=0.000000,af=1.000000,ff=1,v=0,inplace=0): 
not supported [RD0] 

  ROPE(type=f32,ne_a=[128,16,2,1],n_dims=128,mode=40,n_ctx=512,fs=1.000000,ef=0.000000,af=1.000000,ff=1,v=0,inplace=0): 
not supported [RD0] 

  ROPE(type=f32,ne_a=[16,16,8192,1],n_dims=16,mode=40,n_ctx=512,fs=1.000000,ef=0.000000,af=1.000000,ff=1,v=0,inplace=0): 
not supported [RD0] 

  ROPE(type=f32,ne_a=[64,128,2,1],n_dims=64,mode=2,n_ctx=512,fs=1.000000,ef=0.000000,af=1.000000,ff=1,v=0,inplace=0): 
not supported [RD0] 

  ROPE(type=f32,ne_a=[128,32,2,1],n_dims=128,mode=0,n_ctx=512,fs=1.000000,ef=0.000000,af=1.000000,ff=1,v=1,inplace=0): 
not supported [RD0] 

  ROPE(type=f32,ne_a=[128,40,2,1],n_dims=128,mode=0,n_ctx=512,fs=1.000000,ef=0.000000,af=1.000000,ff=1,v=1,inplace=0): 
not supported [RD0] 

  ROPE(type=f32,ne_a=[128,52,2,1],n_dims=128,mode=0,n_ctx=512,fs=1.000000,ef=0.000000,af=1.000000,ff=1,v=1,inplace=0): 
not supported [RD0] 

  ROPE(type=f32,ne_a=[128,64,2,1],n_dims=128,mode=0,n_ctx=512,fs=1.000000,ef=0.000000,af=1.000000,ff=1,v=1,inplace=0): 
not supported [RD0] 

  ROPE(type=f32,ne_a=[16,16,8192,1],n_dims=16,mode=0,n_ctx=512,fs=1.000000,ef=0.000000,af=1.000000,ff=1,v=1,inplace=0): 
not supported [RD0] 

  ROPE(type=f32,ne_a=[64,1,2,1],n_dims=64,mode=2,n_ctx=512,fs=1.000000,ef=0.000000,af=1.000000,ff=1,v=1,inplace=0): 
not supported [RD0] 

  ROPE(type=f32,ne_a=[64,71,2,1],n_dims=64,mode=2,n_ctx=512,fs=1.000000,ef=0.000000,af=1.000000,ff=1,v=1,inplace=0): 
not supported [RD0] 

  ROPE(type=f32,ne_a=[64,8,2,1],n_dims=64,mode=2,n_ctx=512,fs=1.000000,ef=0.000000,af=1.000000,ff=1,v=1,inplace=0): 
not supported [RD0] 

  ROPE(type=f32,ne_a=[80,32,2,1],n_dims=20,mode=0,n_ctx=512,fs=1.000000,ef=0.000000,af=1.000000,ff=1,v=1,inplace=0): 
not supported [RD0] 

  ROPE(type=f32,ne_a=[80,32,2,1],n_dims=32,mode=0,n_ctx=512,fs=1.000000,ef=0.000000,af=1.000000,ff=1,v=1,inplace=0): 
not supported [RD0] 

  ROPE(type=f32,ne_a=[80,32,4,1],n_dims=32,mode=0,n_ctx=512,fs=1.000000,ef=0.000000,af=1.000000,ff=1,v=1,inplace=0): 
not supported [RD0] 

  ROPE(type=f32,ne_a=[80,32,2,1],n_dims=20,mode=2,n_ctx=512,fs=1.000000,ef=0.000000,af=1.000000,ff=1,v=1,inplace=0): 
not supported [RD0] 

  ROPE(type=f32,ne_a=[80,32,2,1],n_dims=32,mode=2,n_ctx=512,fs=1.000000,ef=0.000000,af=1.000000,ff=1,v=1,inplace=0): 
not supported [RD0] 

  ROPE(type=f32,ne_a=[80,32,4,1],n_dims=32,mode=2,n_ctx=512,fs=1.000000,ef=0.000000,af=1.000000,ff=1,v=1,inplace=0): 
not supported [RD0] 

  ROPE(type=f32,ne_a=[16,16,8192,1],n_dims=16,mode=2,n_ctx=512,fs=1.000000,ef=0.000000,af=1.000000,ff=1,v=1,inplace=0): 
not supported [RD0] 

  ROPE(type=f32,ne_a=[128,12,2,1],n_dims=128,mode=8,n_ctx=512,fs=1.000000,ef=0.000000,af=1.000000,ff=1,v=1,inplace=0): 
not supported [RD0] 

  ROPE(type=f32,ne_a=[128,28,2,1],n_dims=128,mode=8,n_ctx=512,fs=1.000000,ef=0.000000,af=1.000000,ff=1,v=1,inplace=0): 
not supported [RD0] 

  ROPE(type=f32,ne_a=[128,12,2,1],n_dims=20,mode=8,n_ctx=512,fs=1.000000,ef=0.000000,af=1.000000,ff=1,v=1,inplace=0): 
not supported [RD0] 

  ROPE(type=f32,ne_a=[128,28,2,1],n_dims=32,mode=8,n_ctx=512,fs=1.000000,ef=0.000000,af=1.000000,ff=1,v=1,inplace=0): 
not supported [RD0] 

  ROPE(type=f32,ne_a=[128,12,2,1],n_dims=128,mode=40,n_ctx=512,fs=1.000000,ef=0.000000,af=1.000000,ff=1,v=1,inplace=0): 
not supported [RD0] 

  ROPE(type=f32,ne_a=[128,28,2,1],n_dims=128,mode=40,n_ctx=512,fs=1.000000,ef=0.000000,af=1.000000,ff=1,v=1,inplace=0): 
not supported [RD0] 

  ROPE(type=f32,ne_a=[128,12,2,1],n_dims=20,mode=40,n_ctx=512,fs=1.000000,ef=0.000000,af=1.000000,ff=1,v=1,inplace=0): 
not supported [RD0] 

  ROPE(type=f32,ne_a=[128,28,2,1],n_dims=32,mode=40,n_ctx=512,fs=1.000000,ef=0.000000,af=1.000000,ff=1,v=1,inplace=0): 
not supported [RD0] 

  ROPE(type=f32,ne_a=[80,16,2,1],n_dims=80,mode=24,n_ctx=512,fs=1.000000,ef=0.000000,af=1.000000,ff=1,v=1,inplace=0): 
not supported [RD0] 

  ROPE(type=f32,ne_a=[128,16,2,1],n_dims=128,mode=40,n_ctx=512,fs=1.000000,ef=0.000000,af=1.000000,ff=1,v=1,inplace=0): 
not supported [RD0] 

  ROPE(type=f32,ne_a=[16,16,8192,1],n_dims=16,mode=40,n_ctx=512,fs=1.000000,ef=0.000000,af=1.000000,ff=1,v=1,inplace=0): 
not supported [RD0] 

  ROPE(type=f32,ne_a=[64,128,2,1],n_dims=64,mode=2,n_ctx=512,fs=1.000000,ef=0.000000,af=1.000000,ff=1,v=1,inplace=0): 
not supported [RD0] 

  ROPE(type=f32,ne_a=[36,16,2457,1],n_dims=36,mode=0,n_ctx=512,fs=1.000000,ef=0.000000,af=1.000000,ff=1,v=2,inplace=0): 
not supported [RD0] 

  ROPE(type=f32,ne_a=[36,16,2457,1],n_dims=36,mode=2,n_ctx=512,fs=1.000000,ef=0.000000,af=1.000000,ff=1,v=2,inplace=0): 
not supported [RD0] 

  ROPE(type=f32,ne_a=[36,16,2457,1],n_dims=36,mode=8,n_ctx=512,fs=1.000000,ef=0.000000,af=1.000000,ff=1,v=2,inplace=0): 
not supported [RD0] 

  ROPE(type=f32,ne_a=[36,16,2457,1],n_dims=36,mode=40,n_ctx=512,fs=1.000000,ef=0.000000,af=1.000000,ff=1,v=2,inplace=0): 
not supported [RD0] 

  ROPE(type=f32,ne_a=[36,16,2457,1],n_dims=36,mode=24,n_ctx=512,fs=1.000000,ef=0.000000,af=1.000000,ff=1,v=2,inplace=0): 
not supported [RD0] 

  ROPE(type=f16,ne_a=[128,32,2,1],n_dims=128,mode=0,n_ctx=512,fs=1.000000,ef=0.000000,af=1.000000,ff=0,v=0,inplace=0): 
not supported [RD0] 

  ROPE(type=f16,ne_a=[64,128,2,1],n_dims=64,mode=2,n_ctx=512,fs=1.000000,ef=0.000000,af=1.000000,ff=0,v=0,inplace=0): 
not supported [RD0] 

  ROPE(type=f16,ne_a=[128,32,2,1],n_dims=128,mode=0,n_ctx=512,fs=1.000000,ef=0.000000,af=1.000000,ff=0,v=1,inplace=0): 
not supported [RD0] 

  ROPE(type=f16,ne_a=[64,128,2,1],n_dims=64,mode=2,n_ctx=512,fs=1.000000,ef=0.000000,af=1.000000,ff=0,v=1,inplace=0): 
not supported [RD0] 

  ROPE(type=f16,ne_a=[36,16,2457,1],n_dims=36,mode=0,n_ctx=512,fs=1.000000,ef=0.000000,af=1.000000,ff=0,v=2,inplace=0): 
not supported [RD0] 

  ROPE(type=f16,ne_a=[36,16,2457,1],n_dims=36,mode=2,n_ctx=512,fs=1.000000,ef=0.000000,af=1.000000,ff=0,v=2,inplace=0): 
not supported [RD0] 

  ROPE(type=f16,ne_a=[36,16,2457,1],n_dims=36,mode=8,n_ctx=512,fs=1.000000,ef=0.000000,af=1.000000,ff=0,v=2,inplace=0): 
not supported [RD0] 

  ROPE(type=f16,ne_a=[36,16,2457,1],n_dims=36,mode=40,n_ctx=512,fs=1.000000,ef=0.000000,af=1.000000,ff=0,v=2,inplace=0): 
not supported [RD0] 

  ROPE(type=f16,ne_a=[36,16,2457,1],n_dims=36,mode=24,n_ctx=512,fs=1.000000,ef=0.000000,af=1.000000,ff=0,v=2,inplace=0): 
not supported [RD0] 

  ROPE(type=f16,ne_a=[128,32,2,1],n_dims=128,mode=0,n_ctx=512,fs=1.000000,ef=0.000000,af=1.000000,ff=1,v=0,inplace=0): 
not supported [RD0] 

  ROPE(type=f16,ne_a=[64,128,2,1],n_dims=64,mode=2,n_ctx=512,fs=1.000000,ef=0.000000,af=1.000000,ff=1,v=0,inplace=0): 
not supported [RD0] 

  ROPE(type=f16,ne_a=[128,32,2,1],n_dims=128,mode=0,n_ctx=512,fs=1.000000,ef=0.000000,af=1.000000,ff=1,v=1,inplace=0): 
not supported [RD0] 

  ROPE(type=f16,ne_a=[64,128,2,1],n_dims=64,mode=2,n_ctx=512,fs=1.000000,ef=0.000000,af=1.000000,ff=1,v=1,inplace=0): 
not supported [RD0] 

  ROPE(type=f16,ne_a=[36,16,2457,1],n_dims=36,mode=0,n_ctx=512,fs=1.000000,ef=0.000000,af=1.000000,ff=1,v=2,inplace=0): 
not supported [RD0] 

  ROPE(type=f16,ne_a=[36,16,2457,1],n_dims=36,mode=2,n_ctx=512,fs=1.000000,ef=0.000000,af=1.000000,ff=1,v=2,inplace=0): 
not supported [RD0] 

  ROPE(type=f16,ne_a=[36,16,2457,1],n_dims=36,mode=8,n_ctx=512,fs=1.000000,ef=0.000000,af=1.000000,ff=1,v=2,inplace=0): 
not supported [RD0] 

  ROPE(type=f16,ne_a=[36,16,2457,1],n_dims=36,mode=40,n_ctx=512,fs=1.000000,ef=0.000000,af=1.000000,ff=1,v=2,inplace=0): 
not supported [RD0] 

  ROPE(type=f16,ne_a=[36,16,2457,1],n_dims=36,mode=24,n_ctx=512,fs=1.000000,ef=0.000000,af=1.000000,ff=1,v=2,inplace=0): 
not supported [RD0] 

  ROPE(type=f32,ne_a=[128,32,2,1],n_dims=128,mode=0,n_ctx=512,fs=1.000000,ef=0.000000,af=1.424500,ff=0,v=0,inplace=0): 
not supported [RD0] 

[ROPE] ERR = 1.329807966 > 0.000000100   ROPE(type=f32,ne_a=[64,128,2,1],n_dims=64,mode=2,n_ctx=512,fs=1.000000,ef=0.000000,af=1.424500,ff=0,v=0,inplace=0): 
[1;31mFAIL[0m

  ROPE(type=f32,ne_a=[128,32,2,1],n_dims=128,mode=0,n_ctx=512,fs=1.000000,ef=0.000000,af=1.424500,ff=0,v=1,inplace=0): 
not supported [RD0] 

[ROPE] ERR = 1.328093816 > 0.000000100   ROPE(type=f32,ne_a=[64,128,2,1],n_dims=64,mode=2,n_ctx=512,fs=1.000000,ef=0.000000,af=1.424500,ff=0,v=1,inplace=0): 
[1;31mFAIL[0m

  ROPE(type=f32,ne_a=[36,16,2457,1],n_dims=36,mode=0,n_ctx=512,fs=1.000000,ef=0.000000,af=1.424500,ff=0,v=2,inplace=0): 
not supported [RD0] 

[ROPE] ERR = 1.220249512 > 0.000000100   ROPE(type=f32,ne_a=[36,16,2457,1],n_dims=36,mode=2,n_ctx=512,fs=1.000000,ef=0.000000,af=1.424500,ff=0,v=2,inplace=0): 
[1;31mFAIL[0m

  ROPE(type=f32,ne_a=[36,16,2457,1],n_dims=36,mode=8,n_ctx=512,fs=1.000000,ef=0.000000,af=1.424500,ff=0,v=2,inplace=0): 
not supported [RD0] 

  ROPE(type=f32,ne_a=[36,16,2457,1],n_dims=36,mode=40,n_ctx=512,fs=1.000000,ef=0.000000,af=1.424500,ff=0,v=2,inplace=0): 
not supported [RD0] 

  ROPE(type=f32,ne_a=[36,16,2457,1],n_dims=36,mode=24,n_ctx=512,fs=1.000000,ef=0.000000,af=1.424500,ff=0,v=2,inplace=0): 
not supported [RD0] 

  ROPE(type=f32,ne_a=[128,32,2,1],n_dims=128,mode=0,n_ctx=512,fs=1.000000,ef=0.000000,af=1.424500,ff=1,v=0,inplace=0): 
not supported [RD0] 

  ROPE(type=f32,ne_a=[64,128,2,1],n_dims=64,mode=2,n_ctx=512,fs=1.000000,ef=0.000000,af=1.424500,ff=1,v=0,inplace=0): 
not supported [RD0] 

  ROPE(type=f32,ne_a=[128,32,2,1],n_dims=128,mode=0,n_ctx=512,fs=1.000000,ef=0.000000,af=1.424500,ff=1,v=1,inplace=0): 
not supported [RD0] 

  ROPE(type=f32,ne_a=[64,128,2,1],n_dims=64,mode=2,n_ctx=512,fs=1.000000,ef=0.000000,af=1.424500,ff=1,v=1,inplace=0): 
not supported [RD0] 

  ROPE(type=f32,ne_a=[36,16,2457,1],n_dims=36,mode=0,n_ctx=512,fs=1.000000,ef=0.000000,af=1.424500,ff=1,v=2,inplace=0): 
not supported [RD0] 

  ROPE(type=f32,ne_a=[36,16,2457,1],n_dims=36,mode=2,n_ctx=512,fs=1.000000,ef=0.000000,af=1.424500,ff=1,v=2,inplace=0): 
not supported [RD0] 

  ROPE(type=f32,ne_a=[36,16,2457,1],n_dims=36,mode=8,n_ctx=512,fs=1.000000,ef=0.000000,af=1.424500,ff=1,v=2,inplace=0): 
not supported [RD0] 

  ROPE(type=f32,ne_a=[36,16,2457,1],n_dims=36,mode=40,n_ctx=512,fs=1.000000,ef=0.000000,af=1.424500,ff=1,v=2,inplace=0): 
not supported [RD0] 

  ROPE(type=f32,ne_a=[36,16,2457,1],n_dims=36,mode=24,n_ctx=512,fs=1.000000,ef=0.000000,af=1.424500,ff=1,v=2,inplace=0): 
not supported [RD0] 

  ROPE(type=f16,ne_a=[128,32,2,1],n_dims=128,mode=0,n_ctx=512,fs=1.000000,ef=0.000000,af=1.424500,ff=0,v=0,inplace=0): 
not supported [RD0] 

  ROPE(type=f16,ne_a=[64,128,2,1],n_dims=64,mode=2,n_ctx=512,fs=1.000000,ef=0.000000,af=1.424500,ff=0,v=0,inplace=0): 
not supported [RD0] 

  ROPE(type=f16,ne_a=[128,32,2,1],n_dims=128,mode=0,n_ctx=512,fs=1.000000,ef=0.000000,af=1.424500,ff=0,v=1,inplace=0): 
not supported [RD0] 

  ROPE(type=f16,ne_a=[64,128,2,1],n_dims=64,mode=2,n_ctx=512,fs=1.000000,ef=0.000000,af=1.424500,ff=0,v=1,inplace=0): 
not supported [RD0] 

  ROPE(type=f16,ne_a=[36,16,2457,1],n_dims=36,mode=0,n_ctx=512,fs=1.000000,ef=0.000000,af=1.424500,ff=0,v=2,inplace=0): 
not supported [RD0] 

  ROPE(type=f16,ne_a=[36,16,2457,1],n_dims=36,mode=2,n_ctx=512,fs=1.000000,ef=0.000000,af=1.424500,ff=0,v=2,inplace=0): 
not supported [RD0] 

  ROPE(type=f16,ne_a=[36,16,2457,1],n_dims=36,mode=8,n_ctx=512,fs=1.000000,ef=0.000000,af=1.424500,ff=0,v=2,inplace=0): 
not supported [RD0] 

  ROPE(type=f16,ne_a=[36,16,2457,1],n_dims=36,mode=40,n_ctx=512,fs=1.000000,ef=0.000000,af=1.424500,ff=0,v=2,inplace=0): 
not supported [RD0] 

  ROPE(type=f16,ne_a=[36,16,2457,1],n_dims=36,mode=24,n_ctx=512,fs=1.000000,ef=0.000000,af=1.424500,ff=0,v=2,inplace=0): 
not supported [RD0] 

  ROPE(type=f16,ne_a=[128,32,2,1],n_dims=128,mode=0,n_ctx=512,fs=1.000000,ef=0.000000,af=1.424500,ff=1,v=0,inplace=0): 
not supported [RD0] 

  ROPE(type=f16,ne_a=[64,128,2,1],n_dims=64,mode=2,n_ctx=512,fs=1.000000,ef=0.000000,af=1.424500,ff=1,v=0,inplace=0): 
not supported [RD0] 

  ROPE(type=f16,ne_a=[128,32,2,1],n_dims=128,mode=0,n_ctx=512,fs=1.000000,ef=0.000000,af=1.424500,ff=1,v=1,inplace=0): 
not supported [RD0] 

  ROPE(type=f16,ne_a=[64,128,2,1],n_dims=64,mode=2,n_ctx=512,fs=1.000000,ef=0.000000,af=1.424500,ff=1,v=1,inplace=0): 
not supported [RD0] 

  ROPE(type=f16,ne_a=[36,16,2457,1],n_dims=36,mode=0,n_ctx=512,fs=1.000000,ef=0.000000,af=1.424500,ff=1,v=2,inplace=0): 
not supported [RD0] 

  ROPE(type=f16,ne_a=[36,16,2457,1],n_dims=36,mode=2,n_ctx=512,fs=1.000000,ef=0.000000,af=1.424500,ff=1,v=2,inplace=0): 
not supported [RD0] 

  ROPE(type=f16,ne_a=[36,16,2457,1],n_dims=36,mode=8,n_ctx=512,fs=1.000000,ef=0.000000,af=1.424500,ff=1,v=2,inplace=0): 
not supported [RD0] 

  ROPE(type=f16,ne_a=[36,16,2457,1],n_dims=36,mode=40,n_ctx=512,fs=1.000000,ef=0.000000,af=1.424500,ff=1,v=2,inplace=0): 
not supported [RD0] 

  ROPE(type=f16,ne_a=[36,16,2457,1],n_dims=36,mode=24,n_ctx=512,fs=1.000000,ef=0.000000,af=1.424500,ff=1,v=2,inplace=0): 
not supported [RD0] 

  ROPE(type=f32,ne_a=[128,32,2,1],n_dims=128,mode=0,n_ctx=512,fs=1.000000,ef=0.746500,af=1.000000,ff=0,v=0,inplace=0): 
not supported [RD0] 

[ROPE] ERR = 1.027651800 > 0.000000100   ROPE(type=f32,ne_a=[64,128,2,1],n_dims=64,mode=2,n_ctx=512,fs=1.000000,ef=0.746500,af=1.000000,ff=0,v=0,inplace=0): 
[1;31mFAIL[0m

  ROPE(type=f32,ne_a=[128,32,2,1],n_dims=128,mode=0,n_ctx=512,fs=1.000000,ef=0.746500,af=1.000000,ff=0,v=1,inplace=0): 
not supported [RD0] 

[ROPE] ERR = 1.198745719 > 0.000000100   ROPE(type=f32,ne_a=[64,128,2,1],n_dims=64,mode=2,n_ctx=512,fs=1.000000,ef=0.746500,af=1.000000,ff=0,v=1,inplace=0): 
[1;31mFAIL[0m

  ROPE(type=f32,ne_a=[36,16,2457,1],n_dims=36,mode=0,n_ctx=512,fs=1.000000,ef=0.746500,af=1.000000,ff=0,v=2,inplace=0): 
not supported [RD0] 

[ROPE] ERR = 1.204927323 > 0.000000100   ROPE(type=f32,ne_a=[36,16,2457,1],n_dims=36,mode=2,n_ctx=512,fs=1.000000,ef=0.746500,af=1.000000,ff=0,v=2,inplace=0): 
[1;31mFAIL[0m

  ROPE(type=f32,ne_a=[36,16,2457,1],n_dims=36,mode=8,n_ctx=512,fs=1.000000,ef=0.746500,af=1.000000,ff=0,v=2,inplace=0): 
not supported [RD0] 

  ROPE(type=f32,ne_a=[36,16,2457,1],n_dims=36,mode=40,n_ctx=512,fs=1.000000,ef=0.746500,af=1.000000,ff=0,v=2,inplace=0): 
not supported [RD0] 

  ROPE(type=f32,ne_a=[36,16,2457,1],n_dims=36,mode=24,n_ctx=512,fs=1.000000,ef=0.746500,af=1.000000,ff=0,v=2,inplace=0): 
not supported [RD0] 

  ROPE(type=f32,ne_a=[128,32,2,1],n_dims=128,mode=0,n_ctx=512,fs=1.000000,ef=0.746500,af=1.000000,ff=1,v=0,inplace=0): 
not supported [RD0] 

  ROPE(type=f32,ne_a=[64,128,2,1],n_dims=64,mode=2,n_ctx=512,fs=1.000000,ef=0.746500,af=1.000000,ff=1,v=0,inplace=0): 
not supported [RD0] 

  ROPE(type=f32,ne_a=[128,32,2,1],n_dims=128,mode=0,n_ctx=512,fs=1.000000,ef=0.746500,af=1.000000,ff=1,v=1,inplace=0): 
not supported [RD0] 

  ROPE(type=f32,ne_a=[64,128,2,1],n_dims=64,mode=2,n_ctx=512,fs=1.000000,ef=0.746500,af=1.000000,ff=1,v=1,inplace=0): 
not supported [RD0] 

  ROPE(type=f32,ne_a=[36,16,2457,1],n_dims=36,mode=0,n_ctx=512,fs=1.000000,ef=0.746500,af=1.000000,ff=1,v=2,inplace=0): 
not supported [RD0] 

  ROPE(type=f32,ne_a=[36,16,2457,1],n_dims=36,mode=2,n_ctx=512,fs=1.000000,ef=0.746500,af=1.000000,ff=1,v=2,inplace=0): 
not supported [RD0] 

  ROPE(type=f32,ne_a=[36,16,2457,1],n_dims=36,mode=8,n_ctx=512,fs=1.000000,ef=0.746500,af=1.000000,ff=1,v=2,inplace=0): 
not supported [RD0] 

  ROPE(type=f32,ne_a=[36,16,2457,1],n_dims=36,mode=40,n_ctx=512,fs=1.000000,ef=0.746500,af=1.000000,ff=1,v=2,inplace=0): 
not supported [RD0] 

  ROPE(type=f32,ne_a=[36,16,2457,1],n_dims=36,mode=24,n_ctx=512,fs=1.000000,ef=0.746500,af=1.000000,ff=1,v=2,inplace=0): 
not supported [RD0] 

  ROPE(type=f16,ne_a=[128,32,2,1],n_dims=128,mode=0,n_ctx=512,fs=1.000000,ef=0.746500,af=1.000000,ff=0,v=0,inplace=0): 
not supported [RD0] 

  ROPE(type=f16,ne_a=[64,128,2,1],n_dims=64,mode=2,n_ctx=512,fs=1.000000,ef=0.746500,af=1.000000,ff=0,v=0,inplace=0): 
not supported [RD0] 

  ROPE(type=f16,ne_a=[128,32,2,1],n_dims=128,mode=0,n_ctx=512,fs=1.000000,ef=0.746500,af=1.000000,ff=0,v=1,inplace=0): 
not supported [RD0] 

  ROPE(type=f16,ne_a=[64,128,2,1],n_dims=64,mode=2,n_ctx=512,fs=1.000000,ef=0.746500,af=1.000000,ff=0,v=1,inplace=0): 
not supported [RD0] 

  ROPE(type=f16,ne_a=[36,16,2457,1],n_dims=36,mode=0,n_ctx=512,fs=1.000000,ef=0.746500,af=1.000000,ff=0,v=2,inplace=0): 
not supported [RD0] 

  ROPE(type=f16,ne_a=[36,16,2457,1],n_dims=36,mode=2,n_ctx=512,fs=1.000000,ef=0.746500,af=1.000000,ff=0,v=2,inplace=0): 
not supported [RD0] 

  ROPE(type=f16,ne_a=[36,16,2457,1],n_dims=36,mode=8,n_ctx=512,fs=1.000000,ef=0.746500,af=1.000000,ff=0,v=2,inplace=0): 
not supported [RD0] 

  ROPE(type=f16,ne_a=[36,16,2457,1],n_dims=36,mode=40,n_ctx=512,fs=1.000000,ef=0.746500,af=1.000000,ff=0,v=2,inplace=0): 
not supported [RD0] 

  ROPE(type=f16,ne_a=[36,16,2457,1],n_dims=36,mode=24,n_ctx=512,fs=1.000000,ef=0.746500,af=1.000000,ff=0,v=2,inplace=0): 
not supported [RD0] 

  ROPE(type=f16,ne_a=[128,32,2,1],n_dims=128,mode=0,n_ctx=512,fs=1.000000,ef=0.746500,af=1.000000,ff=1,v=0,inplace=0): 
not supported [RD0] 

  ROPE(type=f16,ne_a=[64,128,2,1],n_dims=64,mode=2,n_ctx=512,fs=1.000000,ef=0.746500,af=1.000000,ff=1,v=0,inplace=0): 
not supported [RD0] 

  ROPE(type=f16,ne_a=[128,32,2,1],n_dims=128,mode=0,n_ctx=512,fs=1.000000,ef=0.746500,af=1.000000,ff=1,v=1,inplace=0): 
not supported [RD0] 

  ROPE(type=f16,ne_a=[64,128,2,1],n_dims=64,mode=2,n_ctx=512,fs=1.000000,ef=0.746500,af=1.000000,ff=1,v=1,inplace=0): 
not supported [RD0] 

  ROPE(type=f16,ne_a=[36,16,2457,1],n_dims=36,mode=0,n_ctx=512,fs=1.000000,ef=0.746500,af=1.000000,ff=1,v=2,inplace=0): 
not supported [RD0] 

  ROPE(type=f16,ne_a=[36,16,2457,1],n_dims=36,mode=2,n_ctx=512,fs=1.000000,ef=0.746500,af=1.000000,ff=1,v=2,inplace=0): 
not supported [RD0] 

  ROPE(type=f16,ne_a=[36,16,2457,1],n_dims=36,mode=8,n_ctx=512,fs=1.000000,ef=0.746500,af=1.000000,ff=1,v=2,inplace=0): 
not supported [RD0] 

  ROPE(type=f16,ne_a=[36,16,2457,1],n_dims=36,mode=40,n_ctx=512,fs=1.000000,ef=0.746500,af=1.000000,ff=1,v=2,inplace=0): 
not supported [RD0] 

  ROPE(type=f16,ne_a=[36,16,2457,1],n_dims=36,mode=24,n_ctx=512,fs=1.000000,ef=0.746500,af=1.000000,ff=1,v=2,inplace=0): 
not supported [RD0] 

  ROPE(type=f32,ne_a=[128,32,2,1],n_dims=128,mode=0,n_ctx=512,fs=1.000000,ef=0.746500,af=1.424500,ff=0,v=0,inplace=0): 
not supported [RD0] 

[ROPE] ERR = 1.494466075 > 0.000000100   ROPE(type=f32,ne_a=[64,128,2,1],n_dims=64,mode=2,n_ctx=512,fs=1.000000,ef=0.746500,af=1.424500,ff=0,v=0,inplace=0): 
[1;31mFAIL[0m

  ROPE(type=f32,ne_a=[128,32,2,1],n_dims=128,mode=0,n_ctx=512,fs=1.000000,ef=0.746500,af=1.424500,ff=0,v=1,inplace=0): 
not supported [RD0] 

[ROPE] ERR = 1.207375444 > 0.000000100   ROPE(type=f32,ne_a=[64,128,2,1],n_dims=64,mode=2,n_ctx=512,fs=1.000000,ef=0.746500,af=1.424500,ff=0,v=1,inplace=0): 
[1;31mFAIL[0m

  ROPE(type=f32,ne_a=[36,16,2457,1],n_dims=36,mode=0,n_ctx=512,fs=1.000000,ef=0.746500,af=1.424500,ff=0,v=2,inplace=0): 
not supported [RD0] 

[ROPE] ERR = 1.196260495 > 0.000000100   ROPE(type=f32,ne_a=[36,16,2457,1],n_dims=36,mode=2,n_ctx=512,fs=1.000000,ef=0.746500,af=1.424500,ff=0,v=2,inplace=0): 
[1;31mFAIL[0m

  ROPE(type=f32,ne_a=[36,16,2457,1],n_dims=36,mode=8,n_ctx=512,fs=1.000000,ef=0.746500,af=1.424500,ff=0,v=2,inplace=0): 
not supported [RD0] 

  ROPE(type=f32,ne_a=[36,16,2457,1],n_dims=36,mode=40,n_ctx=512,fs=1.000000,ef=0.746500,af=1.424500,ff=0,v=2,inplace=0): 
not supported [RD0] 

  ROPE(type=f32,ne_a=[36,16,2457,1],n_dims=36,mode=24,n_ctx=512,fs=1.000000,ef=0.746500,af=1.424500,ff=0,v=2,inplace=0): 
not supported [RD0] 

  ROPE(type=f32,ne_a=[128,32,2,1],n_dims=128,mode=0,n_ctx=512,fs=1.000000,ef=0.746500,af=1.424500,ff=1,v=0,inplace=0): 
not supported [RD0] 

  ROPE(type=f32,ne_a=[64,128,2,1],n_dims=64,mode=2,n_ctx=512,fs=1.000000,ef=0.746500,af=1.424500,ff=1,v=0,inplace=0): 
not supported [RD0] 

  ROPE(type=f32,ne_a=[128,32,2,1],n_dims=128,mode=0,n_ctx=512,fs=1.000000,ef=0.746500,af=1.424500,ff=1,v=1,inplace=0): 
not supported [RD0] 

  ROPE(type=f32,ne_a=[64,128,2,1],n_dims=64,mode=2,n_ctx=512,fs=1.000000,ef=0.746500,af=1.424500,ff=1,v=1,inplace=0): 
not supported [RD0] 

  ROPE(type=f32,ne_a=[36,16,2457,1],n_dims=36,mode=0,n_ctx=512,fs=1.000000,ef=0.746500,af=1.424500,ff=1,v=2,inplace=0): 
not supported [RD0] 

  ROPE(type=f32,ne_a=[36,16,2457,1],n_dims=36,mode=2,n_ctx=512,fs=1.000000,ef=0.746500,af=1.424500,ff=1,v=2,inplace=0): 
not supported [RD0] 

  ROPE(type=f32,ne_a=[36,16,2457,1],n_dims=36,mode=8,n_ctx=512,fs=1.000000,ef=0.746500,af=1.424500,ff=1,v=2,inplace=0): 
not supported [RD0] 

  ROPE(type=f32,ne_a=[36,16,2457,1],n_dims=36,mode=40,n_ctx=512,fs=1.000000,ef=0.746500,af=1.424500,ff=1,v=2,inplace=0): 
not supported [RD0] 

  ROPE(type=f32,ne_a=[36,16,2457,1],n_dims=36,mode=24,n_ctx=512,fs=1.000000,ef=0.746500,af=1.424500,ff=1,v=2,inplace=0): 
not supported [RD0] 

  ROPE(type=f16,ne_a=[128,32,2,1],n_dims=128,mode=0,n_ctx=512,fs=1.000000,ef=0.746500,af=1.424500,ff=0,v=0,inplace=0): 
not supported [RD0] 

  ROPE(type=f16,ne_a=[64,128,2,1],n_dims=64,mode=2,n_ctx=512,fs=1.000000,ef=0.746500,af=1.424500,ff=0,v=0,inplace=0): 
not supported [RD0] 

  ROPE(type=f16,ne_a=[128,32,2,1],n_dims=128,mode=0,n_ctx=512,fs=1.000000,ef=0.746500,af=1.424500,ff=0,v=1,inplace=0): 
not supported [RD0] 

  ROPE(type=f16,ne_a=[64,128,2,1],n_dims=64,mode=2,n_ctx=512,fs=1.000000,ef=0.746500,af=1.424500,ff=0,v=1,inplace=0): 
not supported [RD0] 

  ROPE(type=f16,ne_a=[36,16,2457,1],n_dims=36,mode=0,n_ctx=512,fs=1.000000,ef=0.746500,af=1.424500,ff=0,v=2,inplace=0): 
not supported [RD0] 

  ROPE(type=f16,ne_a=[36,16,2457,1],n_dims=36,mode=2,n_ctx=512,fs=1.000000,ef=0.746500,af=1.424500,ff=0,v=2,inplace=0): 
not supported [RD0] 

  ROPE(type=f16,ne_a=[36,16,2457,1],n_dims=36,mode=8,n_ctx=512,fs=1.000000,ef=0.746500,af=1.424500,ff=0,v=2,inplace=0): 
not supported [RD0] 

  ROPE(type=f16,ne_a=[36,16,2457,1],n_dims=36,mode=40,n_ctx=512,fs=1.000000,ef=0.746500,af=1.424500,ff=0,v=2,inplace=0): 
not supported [RD0] 

  ROPE(type=f16,ne_a=[36,16,2457,1],n_dims=36,mode=24,n_ctx=512,fs=1.000000,ef=0.746500,af=1.424500,ff=0,v=2,inplace=0): 
not supported [RD0] 

  ROPE(type=f16,ne_a=[128,32,2,1],n_dims=128,mode=0,n_ctx=512,fs=1.000000,ef=0.746500,af=1.424500,ff=1,v=0,inplace=0): 
not supported [RD0] 

  ROPE(type=f16,ne_a=[64,128,2,1],n_dims=64,mode=2,n_ctx=512,fs=1.000000,ef=0.746500,af=1.424500,ff=1,v=0,inplace=0): 
not supported [RD0] 

  ROPE(type=f16,ne_a=[128,32,2,1],n_dims=128,mode=0,n_ctx=512,fs=1.000000,ef=0.746500,af=1.424500,ff=1,v=1,inplace=0): 
not supported [RD0] 

  ROPE(type=f16,ne_a=[64,128,2,1],n_dims=64,mode=2,n_ctx=512,fs=1.000000,ef=0.746500,af=1.424500,ff=1,v=1,inplace=0): 
not supported [RD0] 

  ROPE(type=f16,ne_a=[36,16,2457,1],n_dims=36,mode=0,n_ctx=512,fs=1.000000,ef=0.746500,af=1.424500,ff=1,v=2,inplace=0): 
not supported [RD0] 

  ROPE(type=f16,ne_a=[36,16,2457,1],n_dims=36,mode=2,n_ctx=512,fs=1.000000,ef=0.746500,af=1.424500,ff=1,v=2,inplace=0): 
not supported [RD0] 

  ROPE(type=f16,ne_a=[36,16,2457,1],n_dims=36,mode=8,n_ctx=512,fs=1.000000,ef=0.746500,af=1.424500,ff=1,v=2,inplace=0): 
not supported [RD0] 

  ROPE(type=f16,ne_a=[36,16,2457,1],n_dims=36,mode=40,n_ctx=512,fs=1.000000,ef=0.746500,af=1.424500,ff=1,v=2,inplace=0): 
not supported [RD0] 

  ROPE(type=f16,ne_a=[36,16,2457,1],n_dims=36,mode=24,n_ctx=512,fs=1.000000,ef=0.746500,af=1.424500,ff=1,v=2,inplace=0): 
not supported [RD0] 

  ROPE(type=f32,ne_a=[128,32,2,1],n_dims=128,mode=0,n_ctx=512,fs=1.424500,ef=0.000000,af=1.000000,ff=0,v=0,inplace=0): 
not supported [RD0] 

[ROPE] ERR = 1.267800640 > 0.000000100   ROPE(type=f32,ne_a=[64,128,2,1],n_dims=64,mode=2,n_ctx=512,fs=1.424500,ef=0.000000,af=1.000000,ff=0,v=0,inplace=0): 
[1;31mFAIL[0m

  ROPE(type=f32,ne_a=[128,32,2,1],n_dims=128,mode=0,n_ctx=512,fs=1.424500,ef=0.000000,af=1.000000,ff=0,v=1,inplace=0): 
not supported [RD0] 

[ROPE] ERR = 1.128598402 > 0.000000100   ROPE(type=f32,ne_a=[64,128,2,1],n_dims=64,mode=2,n_ctx=512,fs=1.424500,ef=0.000000,af=1.000000,ff=0,v=1,inplace=0): 
[1;31mFAIL[0m

  ROPE(type=f32,ne_a=[36,16,2457,1],n_dims=36,mode=0,n_ctx=512,fs=1.424500,ef=0.000000,af=1.000000,ff=0,v=2,inplace=0): 
not supported [RD0] 

[ROPE] ERR = 1.295622715 > 0.000000100   ROPE(type=f32,ne_a=[36,16,2457,1],n_dims=36,mode=2,n_ctx=512,fs=1.424500,ef=0.000000,af=1.000000,ff=0,v=2,inplace=0): 
[1;31mFAIL[0m

  ROPE(type=f32,ne_a=[36,16,2457,1],n_dims=36,mode=8,n_ctx=512,fs=1.424500,ef=0.000000,af=1.000000,ff=0,v=2,inplace=0): 
not supported [RD0] 

  ROPE(type=f32,ne_a=[36,16,2457,1],n_dims=36,mode=40,n_ctx=512,fs=1.424500,ef=0.000000,af=1.000000,ff=0,v=2,inplace=0): 
not supported [RD0] 

  ROPE(type=f32,ne_a=[36,16,2457,1],n_dims=36,mode=24,n_ctx=512,fs=1.424500,ef=0.000000,af=1.000000,ff=0,v=2,inplace=0): 
not supported [RD0] 

  ROPE(type=f32,ne_a=[128,32,2,1],n_dims=128,mode=0,n_ctx=512,fs=1.424500,ef=0.000000,af=1.000000,ff=1,v=0,inplace=0): 
not supported [RD0] 

  ROPE(type=f32,ne_a=[64,128,2,1],n_dims=64,mode=2,n_ctx=512,fs=1.424500,ef=0.000000,af=1.000000,ff=1,v=0,inplace=0): 
not supported [RD0] 

  ROPE(type=f32,ne_a=[128,32,2,1],n_dims=128,mode=0,n_ctx=512,fs=1.424500,ef=0.000000,af=1.000000,ff=1,v=1,inplace=0): 
not supported [RD0] 

  ROPE(type=f32,ne_a=[64,128,2,1],n_dims=64,mode=2,n_ctx=512,fs=1.424500,ef=0.000000,af=1.000000,ff=1,v=1,inplace=0): 
not supported [RD0] 

  ROPE(type=f32,ne_a=[36,16,2457,1],n_dims=36,mode=0,n_ctx=512,fs=1.424500,ef=0.000000,af=1.000000,ff=1,v=2,inplace=0): 
not supported [RD0] 

  ROPE(type=f32,ne_a=[36,16,2457,1],n_dims=36,mode=2,n_ctx=512,fs=1.424500,ef=0.000000,af=1.000000,ff=1,v=2,inplace=0): 
not supported [RD0] 

  ROPE(type=f32,ne_a=[36,16,2457,1],n_dims=36,mode=8,n_ctx=512,fs=1.424500,ef=0.000000,af=1.000000,ff=1,v=2,inplace=0): 
not supported [RD0] 

  ROPE(type=f32,ne_a=[36,16,2457,1],n_dims=36,mode=40,n_ctx=512,fs=1.424500,ef=0.000000,af=1.000000,ff=1,v=2,inplace=0): 
not supported [RD0] 

  ROPE(type=f32,ne_a=[36,16,2457,1],n_dims=36,mode=24,n_ctx=512,fs=1.424500,ef=0.000000,af=1.000000,ff=1,v=2,inplace=0): 
not supported [RD0] 

  ROPE(type=f16,ne_a=[128,32,2,1],n_dims=128,mode=0,n_ctx=512,fs=1.424500,ef=0.000000,af=1.000000,ff=0,v=0,inplace=0): 
not supported [RD0] 

  ROPE(type=f16,ne_a=[64,128,2,1],n_dims=64,mode=2,n_ctx=512,fs=1.424500,ef=0.000000,af=1.000000,ff=0,v=0,inplace=0): 
not supported [RD0] 

  ROPE(type=f16,ne_a=[128,32,2,1],n_dims=128,mode=0,n_ctx=512,fs=1.424500,ef=0.000000,af=1.000000,ff=0,v=1,inplace=0): 
not supported [RD0] 

  ROPE(type=f16,ne_a=[64,128,2,1],n_dims=64,mode=2,n_ctx=512,fs=1.424500,ef=0.000000,af=1.000000,ff=0,v=1,inplace=0): 
not supported [RD0] 

  ROPE(type=f16,ne_a=[36,16,2457,1],n_dims=36,mode=0,n_ctx=512,fs=1.424500,ef=0.000000,af=1.000000,ff=0,v=2,inplace=0): 
not supported [RD0] 

  ROPE(type=f16,ne_a=[36,16,2457,1],n_dims=36,mode=2,n_ctx=512,fs=1.424500,ef=0.000000,af=1.000000,ff=0,v=2,inplace=0): 
not supported [RD0] 

  ROPE(type=f16,ne_a=[36,16,2457,1],n_dims=36,mode=8,n_ctx=512,fs=1.424500,ef=0.000000,af=1.000000,ff=0,v=2,inplace=0): 
not supported [RD0] 

  ROPE(type=f16,ne_a=[36,16,2457,1],n_dims=36,mode=40,n_ctx=512,fs=1.424500,ef=0.000000,af=1.000000,ff=0,v=2,inplace=0): 
not supported [RD0] 

  ROPE(type=f16,ne_a=[36,16,2457,1],n_dims=36,mode=24,n_ctx=512,fs=1.424500,ef=0.000000,af=1.000000,ff=0,v=2,inplace=0): 
not supported [RD0] 

  ROPE(type=f16,ne_a=[128,32,2,1],n_dims=128,mode=0,n_ctx=512,fs=1.424500,ef=0.000000,af=1.000000,ff=1,v=0,inplace=0): 
not supported [RD0] 

  ROPE(type=f16,ne_a=[64,128,2,1],n_dims=64,mode=2,n_ctx=512,fs=1.424500,ef=0.000000,af=1.000000,ff=1,v=0,inplace=0): 
not supported [RD0] 

  ROPE(type=f16,ne_a=[128,32,2,1],n_dims=128,mode=0,n_ctx=512,fs=1.424500,ef=0.000000,af=1.000000,ff=1,v=1,inplace=0): 
not supported [RD0] 

  ROPE(type=f16,ne_a=[64,128,2,1],n_dims=64,mode=2,n_ctx=512,fs=1.424500,ef=0.000000,af=1.000000,ff=1,v=1,inplace=0): 
not supported [RD0] 

  ROPE(type=f16,ne_a=[36,16,2457,1],n_dims=36,mode=0,n_ctx=512,fs=1.424500,ef=0.000000,af=1.000000,ff=1,v=2,inplace=0): 
not supported [RD0] 

  ROPE(type=f16,ne_a=[36,16,2457,1],n_dims=36,mode=2,n_ctx=512,fs=1.424500,ef=0.000000,af=1.000000,ff=1,v=2,inplace=0): 
not supported [RD0] 

  ROPE(type=f16,ne_a=[36,16,2457,1],n_dims=36,mode=8,n_ctx=512,fs=1.424500,ef=0.000000,af=1.000000,ff=1,v=2,inplace=0): 
not supported [RD0] 

  ROPE(type=f16,ne_a=[36,16,2457,1],n_dims=36,mode=40,n_ctx=512,fs=1.424500,ef=0.000000,af=1.000000,ff=1,v=2,inplace=0): 
not supported [RD0] 

  ROPE(type=f16,ne_a=[36,16,2457,1],n_dims=36,mode=24,n_ctx=512,fs=1.424500,ef=0.000000,af=1.000000,ff=1,v=2,inplace=0): 
not supported [RD0] 

  ROPE(type=f32,ne_a=[128,32,2,1],n_dims=128,mode=0,n_ctx=512,fs=1.424500,ef=0.000000,af=1.424500,ff=0,v=0,inplace=0): 
not supported [RD0] 

[ROPE] ERR = 1.044225865 > 0.000000100   ROPE(type=f32,ne_a=[64,128,2,1],n_dims=64,mode=2,n_ctx=512,fs=1.424500,ef=0.000000,af=1.424500,ff=0,v=0,inplace=0): 
[1;31mFAIL[0m

  ROPE(type=f32,ne_a=[128,32,2,1],n_dims=128,mode=0,n_ctx=512,fs=1.424500,ef=0.000000,af=1.424500,ff=0,v=1,inplace=0): 
not supported [RD0] 

[ROPE] ERR = 1.709435563 > 0.000000100   ROPE(type=f32,ne_a=[64,128,2,1],n_dims=64,mode=2,n_ctx=512,fs=1.424500,ef=0.000000,af=1.424500,ff=0,v=1,inplace=0): 
[1;31mFAIL[0m

  ROPE(type=f32,ne_a=[36,16,2457,1],n_dims=36,mode=0,n_ctx=512,fs=1.424500,ef=0.000000,af=1.424500,ff=0,v=2,inplace=0): 
not supported [RD0] 

[ROPE] ERR = 1.289626886 > 0.000000100   ROPE(type=f32,ne_a=[36,16,2457,1],n_dims=36,mode=2,n_ctx=512,fs=1.424500,ef=0.000000,af=1.424500,ff=0,v=2,inplace=0): 
[1;31mFAIL[0m

  ROPE(type=f32,ne_a=[36,16,2457,1],n_dims=36,mode=8,n_ctx=512,fs=1.424500,ef=0.000000,af=1.424500,ff=0,v=2,inplace=0): 
not supported [RD0] 

  ROPE(type=f32,ne_a=[36,16,2457,1],n_dims=36,mode=40,n_ctx=512,fs=1.424500,ef=0.000000,af=1.424500,ff=0,v=2,inplace=0): 
not supported [RD0] 

  ROPE(type=f32,ne_a=[36,16,2457,1],n_dims=36,mode=24,n_ctx=512,fs=1.424500,ef=0.000000,af=1.424500,ff=0,v=2,inplace=0): 
not supported [RD0] 

  ROPE(type=f32,ne_a=[128,32,2,1],n_dims=128,mode=0,n_ctx=512,fs=1.424500,ef=0.000000,af=1.424500,ff=1,v=0,inplace=0): 
not supported [RD0] 

  ROPE(type=f32,ne_a=[64,128,2,1],n_dims=64,mode=2,n_ctx=512,fs=1.424500,ef=0.000000,af=1.424500,ff=1,v=0,inplace=0): 
not supported [RD0] 

  ROPE(type=f32,ne_a=[128,32,2,1],n_dims=128,mode=0,n_ctx=512,fs=1.424500,ef=0.000000,af=1.424500,ff=1,v=1,inplace=0): 
not supported [RD0] 

  ROPE(type=f32,ne_a=[64,128,2,1],n_dims=64,mode=2,n_ctx=512,fs=1.424500,ef=0.000000,af=1.424500,ff=1,v=1,inplace=0): 
not supported [RD0] 

  ROPE(type=f32,ne_a=[36,16,2457,1],n_dims=36,mode=0,n_ctx=512,fs=1.424500,ef=0.000000,af=1.424500,ff=1,v=2,inplace=0): 
not supported [RD0] 

  ROPE(type=f32,ne_a=[36,16,2457,1],n_dims=36,mode=2,n_ctx=512,fs=1.424500,ef=0.000000,af=1.424500,ff=1,v=2,inplace=0): 
not supported [RD0] 

  ROPE(type=f32,ne_a=[36,16,2457,1],n_dims=36,mode=8,n_ctx=512,fs=1.424500,ef=0.000000,af=1.424500,ff=1,v=2,inplace=0): 
not supported [RD0] 

  ROPE(type=f32,ne_a=[36,16,2457,1],n_dims=36,mode=40,n_ctx=512,fs=1.424500,ef=0.000000,af=1.424500,ff=1,v=2,inplace=0): 
not supported [RD0] 

  ROPE(type=f32,ne_a=[36,16,2457,1],n_dims=36,mode=24,n_ctx=512,fs=1.424500,ef=0.000000,af=1.424500,ff=1,v=2,inplace=0): 
not supported [RD0] 

  ROPE(type=f16,ne_a=[128,32,2,1],n_dims=128,mode=0,n_ctx=512,fs=1.424500,ef=0.000000,af=1.424500,ff=0,v=0,inplace=0): 
not supported [RD0] 

  ROPE(type=f16,ne_a=[64,128,2,1],n_dims=64,mode=2,n_ctx=512,fs=1.424500,ef=0.000000,af=1.424500,ff=0,v=0,inplace=0): 
not supported [RD0] 

  ROPE(type=f16,ne_a=[128,32,2,1],n_dims=128,mode=0,n_ctx=512,fs=1.424500,ef=0.000000,af=1.424500,ff=0,v=1,inplace=0): 
not supported [RD0] 

  ROPE(type=f16,ne_a=[64,128,2,1],n_dims=64,mode=2,n_ctx=512,fs=1.424500,ef=0.000000,af=1.424500,ff=0,v=1,inplace=0): 
not supported [RD0] 

  ROPE(type=f16,ne_a=[36,16,2457,1],n_dims=36,mode=0,n_ctx=512,fs=1.424500,ef=0.000000,af=1.424500,ff=0,v=2,inplace=0): 
not supported [RD0] 

  ROPE(type=f16,ne_a=[36,16,2457,1],n_dims=36,mode=2,n_ctx=512,fs=1.424500,ef=0.000000,af=1.424500,ff=0,v=2,inplace=0): 
not supported [RD0] 

  ROPE(type=f16,ne_a=[36,16,2457,1],n_dims=36,mode=8,n_ctx=512,fs=1.424500,ef=0.000000,af=1.424500,ff=0,v=2,inplace=0): 
not supported [RD0] 

  ROPE(type=f16,ne_a=[36,16,2457,1],n_dims=36,mode=40,n_ctx=512,fs=1.424500,ef=0.000000,af=1.424500,ff=0,v=2,inplace=0): 
not supported [RD0] 

  ROPE(type=f16,ne_a=[36,16,2457,1],n_dims=36,mode=24,n_ctx=512,fs=1.424500,ef=0.000000,af=1.424500,ff=0,v=2,inplace=0): 
not supported [RD0] 

  ROPE(type=f16,ne_a=[128,32,2,1],n_dims=128,mode=0,n_ctx=512,fs=1.424500,ef=0.000000,af=1.424500,ff=1,v=0,inplace=0): 
not supported [RD0] 

  ROPE(type=f16,ne_a=[64,128,2,1],n_dims=64,mode=2,n_ctx=512,fs=1.424500,ef=0.000000,af=1.424500,ff=1,v=0,inplace=0): 
not supported [RD0] 

  ROPE(type=f16,ne_a=[128,32,2,1],n_dims=128,mode=0,n_ctx=512,fs=1.424500,ef=0.000000,af=1.424500,ff=1,v=1,inplace=0): 
not supported [RD0] 

  ROPE(type=f16,ne_a=[64,128,2,1],n_dims=64,mode=2,n_ctx=512,fs=1.424500,ef=0.000000,af=1.424500,ff=1,v=1,inplace=0): 
not supported [RD0] 

  ROPE(type=f16,ne_a=[36,16,2457,1],n_dims=36,mode=0,n_ctx=512,fs=1.424500,ef=0.000000,af=1.424500,ff=1,v=2,inplace=0): 
not supported [RD0] 

  ROPE(type=f16,ne_a=[36,16,2457,1],n_dims=36,mode=2,n_ctx=512,fs=1.424500,ef=0.000000,af=1.424500,ff=1,v=2,inplace=0): 
not supported [RD0] 

  ROPE(type=f16,ne_a=[36,16,2457,1],n_dims=36,mode=8,n_ctx=512,fs=1.424500,ef=0.000000,af=1.424500,ff=1,v=2,inplace=0): 
not supported [RD0] 

  ROPE(type=f16,ne_a=[36,16,2457,1],n_dims=36,mode=40,n_ctx=512,fs=1.424500,ef=0.000000,af=1.424500,ff=1,v=2,inplace=0): 
not supported [RD0] 

  ROPE(type=f16,ne_a=[36,16,2457,1],n_dims=36,mode=24,n_ctx=512,fs=1.424500,ef=0.000000,af=1.424500,ff=1,v=2,inplace=0): 
not supported [RD0] 

  ROPE(type=f32,ne_a=[128,32,2,1],n_dims=128,mode=0,n_ctx=512,fs=1.424500,ef=0.746500,af=1.000000,ff=0,v=0,inplace=0): 
not supported [RD0] 

[ROPE] ERR = 1.516890708 > 0.000000100   ROPE(type=f32,ne_a=[64,128,2,1],n_dims=64,mode=2,n_ctx=512,fs=1.424500,ef=0.746500,af=1.000000,ff=0,v=0,inplace=0): 
[1;31mFAIL[0m

  ROPE(type=f32,ne_a=[128,32,2,1],n_dims=128,mode=0,n_ctx=512,fs=1.424500,ef=0.746500,af=1.000000,ff=0,v=1,inplace=0): 
not supported [RD0] 

[ROPE] ERR = 1.227749907 > 0.000000100   ROPE(type=f32,ne_a=[64,128,2,1],n_dims=64,mode=2,n_ctx=512,fs=1.424500,ef=0.746500,af=1.000000,ff=0,v=1,inplace=0): 
[1;31mFAIL[0m

  ROPE(type=f32,ne_a=[36,16,2457,1],n_dims=36,mode=0,n_ctx=512,fs=1.424500,ef=0.746500,af=1.000000,ff=0,v=2,inplace=0): 
not supported [RD0] 

[ROPE] ERR = 1.288722762 > 0.000000100   ROPE(type=f32,ne_a=[36,16,2457,1],n_dims=36,mode=2,n_ctx=512,fs=1.424500,ef=0.746500,af=1.000000,ff=0,v=2,inplace=0): 
[1;31mFAIL[0m

  ROPE(type=f32,ne_a=[36,16,2457,1],n_dims=36,mode=8,n_ctx=512,fs=1.424500,ef=0.746500,af=1.000000,ff=0,v=2,inplace=0): 
not supported [RD0] 

  ROPE(type=f32,ne_a=[36,16,2457,1],n_dims=36,mode=40,n_ctx=512,fs=1.424500,ef=0.746500,af=1.000000,ff=0,v=2,inplace=0): 
not supported [RD0] 

  ROPE(type=f32,ne_a=[36,16,2457,1],n_dims=36,mode=24,n_ctx=512,fs=1.424500,ef=0.746500,af=1.000000,ff=0,v=2,inplace=0): 
not supported [RD0] 

  ROPE(type=f32,ne_a=[128,32,2,1],n_dims=128,mode=0,n_ctx=512,fs=1.424500,ef=0.746500,af=1.000000,ff=1,v=0,inplace=0): 
not supported [RD0] 

  ROPE(type=f32,ne_a=[64,128,2,1],n_dims=64,mode=2,n_ctx=512,fs=1.424500,ef=0.746500,af=1.000000,ff=1,v=0,inplace=0): 
not supported [RD0] 

  ROPE(type=f32,ne_a=[128,32,2,1],n_dims=128,mode=0,n_ctx=512,fs=1.424500,ef=0.746500,af=1.000000,ff=1,v=1,inplace=0): 
not supported [RD0] 

  ROPE(type=f32,ne_a=[64,128,2,1],n_dims=64,mode=2,n_ctx=512,fs=1.424500,ef=0.746500,af=1.000000,ff=1,v=1,inplace=0): 
not supported [RD0] 

  ROPE(type=f32,ne_a=[36,16,2457,1],n_dims=36,mode=0,n_ctx=512,fs=1.424500,ef=0.746500,af=1.000000,ff=1,v=2,inplace=0): 
not supported [RD0] 

  ROPE(type=f32,ne_a=[36,16,2457,1],n_dims=36,mode=2,n_ctx=512,fs=1.424500,ef=0.746500,af=1.000000,ff=1,v=2,inplace=0): 
not supported [RD0] 

  ROPE(type=f32,ne_a=[36,16,2457,1],n_dims=36,mode=8,n_ctx=512,fs=1.424500,ef=0.746500,af=1.000000,ff=1,v=2,inplace=0): 
not supported [RD0] 

  ROPE(type=f32,ne_a=[36,16,2457,1],n_dims=36,mode=40,n_ctx=512,fs=1.424500,ef=0.746500,af=1.000000,ff=1,v=2,inplace=0): 
not supported [RD0] 

  ROPE(type=f32,ne_a=[36,16,2457,1],n_dims=36,mode=24,n_ctx=512,fs=1.424500,ef=0.746500,af=1.000000,ff=1,v=2,inplace=0): 
not supported [RD0] 

  ROPE(type=f16,ne_a=[128,32,2,1],n_dims=128,mode=0,n_ctx=512,fs=1.424500,ef=0.746500,af=1.000000,ff=0,v=0,inplace=0): 
not supported [RD0] 

  ROPE(type=f16,ne_a=[64,128,2,1],n_dims=64,mode=2,n_ctx=512,fs=1.424500,ef=0.746500,af=1.000000,ff=0,v=0,inplace=0): 
not supported [RD0] 

  ROPE(type=f16,ne_a=[128,32,2,1],n_dims=128,mode=0,n_ctx=512,fs=1.424500,ef=0.746500,af=1.000000,ff=0,v=1,inplace=0): 
not supported [RD0] 

  ROPE(type=f16,ne_a=[64,128,2,1],n_dims=64,mode=2,n_ctx=512,fs=1.424500,ef=0.746500,af=1.000000,ff=0,v=1,inplace=0): 
not supported [RD0] 

  ROPE(type=f16,ne_a=[36,16,2457,1],n_dims=36,mode=0,n_ctx=512,fs=1.424500,ef=0.746500,af=1.000000,ff=0,v=2,inplace=0): 
not supported [RD0] 

  ROPE(type=f16,ne_a=[36,16,2457,1],n_dims=36,mode=2,n_ctx=512,fs=1.424500,ef=0.746500,af=1.000000,ff=0,v=2,inplace=0): 
not supported [RD0] 

  ROPE(type=f16,ne_a=[36,16,2457,1],n_dims=36,mode=8,n_ctx=512,fs=1.424500,ef=0.746500,af=1.000000,ff=0,v=2,inplace=0): 
not supported [RD0] 

  ROPE(type=f16,ne_a=[36,16,2457,1],n_dims=36,mode=40,n_ctx=512,fs=1.424500,ef=0.746500,af=1.000000,ff=0,v=2,inplace=0): 
not supported [RD0] 

  ROPE(type=f16,ne_a=[36,16,2457,1],n_dims=36,mode=24,n_ctx=512,fs=1.424500,ef=0.746500,af=1.000000,ff=0,v=2,inplace=0): 
not supported [RD0] 

  ROPE(type=f16,ne_a=[128,32,2,1],n_dims=128,mode=0,n_ctx=512,fs=1.424500,ef=0.746500,af=1.000000,ff=1,v=0,inplace=0): 
not supported [RD0] 

  ROPE(type=f16,ne_a=[64,128,2,1],n_dims=64,mode=2,n_ctx=512,fs=1.424500,ef=0.746500,af=1.000000,ff=1,v=0,inplace=0): 
not supported [RD0] 

  ROPE(type=f16,ne_a=[128,32,2,1],n_dims=128,mode=0,n_ctx=512,fs=1.424500,ef=0.746500,af=1.000000,ff=1,v=1,inplace=0): 
not supported [RD0] 

  ROPE(type=f16,ne_a=[64,128,2,1],n_dims=64,mode=2,n_ctx=512,fs=1.424500,ef=0.746500,af=1.000000,ff=1,v=1,inplace=0): 
not supported [RD0] 

  ROPE(type=f16,ne_a=[36,16,2457,1],n_dims=36,mode=0,n_ctx=512,fs=1.424500,ef=0.746500,af=1.000000,ff=1,v=2,inplace=0): 
not supported [RD0] 

  ROPE(type=f16,ne_a=[36,16,2457,1],n_dims=36,mode=2,n_ctx=512,fs=1.424500,ef=0.746500,af=1.000000,ff=1,v=2,inplace=0): 
not supported [RD0] 

  ROPE(type=f16,ne_a=[36,16,2457,1],n_dims=36,mode=8,n_ctx=512,fs=1.424500,ef=0.746500,af=1.000000,ff=1,v=2,inplace=0): 
not supported [RD0] 

  ROPE(type=f16,ne_a=[36,16,2457,1],n_dims=36,mode=40,n_ctx=512,fs=1.424500,ef=0.746500,af=1.000000,ff=1,v=2,inplace=0): 
not supported [RD0] 

  ROPE(type=f16,ne_a=[36,16,2457,1],n_dims=36,mode=24,n_ctx=512,fs=1.424500,ef=0.746500,af=1.000000,ff=1,v=2,inplace=0): 
not supported [RD0] 

  ROPE(type=f32,ne_a=[128,32,2,1],n_dims=128,mode=0,n_ctx=512,fs=1.424500,ef=0.746500,af=1.424500,ff=0,v=0,inplace=0): 
not supported [RD0] 

[ROPE] ERR = 1.556654632 > 0.000000100   ROPE(type=f32,ne_a=[64,128,2,1],n_dims=64,mode=2,n_ctx=512,fs=1.424500,ef=0.746500,af=1.424500,ff=0,v=0,inplace=0): 
[1;31mFAIL[0m

  ROPE(type=f32,ne_a=[128,32,2,1],n_dims=128,mode=0,n_ctx=512,fs=1.424500,ef=0.746500,af=1.424500,ff=0,v=1,inplace=0): 
not supported [RD0] 

[ROPE] ERR = 1.175471129 > 0.000000100   ROPE(type=f32,ne_a=[64,128,2,1],n_dims=64,mode=2,n_ctx=512,fs=1.424500,ef=0.746500,af=1.424500,ff=0,v=1,inplace=0): 
[1;31mFAIL[0m

  ROPE(type=f32,ne_a=[36,16,2457,1],n_dims=36,mode=0,n_ctx=512,fs=1.424500,ef=0.746500,af=1.424500,ff=0,v=2,inplace=0): 
not supported [RD0] 

[ROPE] ERR = 1.293881958 > 0.000000100   ROPE(type=f32,ne_a=[36,16,2457,1],n_dims=36,mode=2,n_ctx=512,fs=1.424500,ef=0.746500,af=1.424500,ff=0,v=2,inplace=0): 
[1;31mFAIL[0m

  ROPE(type=f32,ne_a=[36,16,2457,1],n_dims=36,mode=8,n_ctx=512,fs=1.424500,ef=0.746500,af=1.424500,ff=0,v=2,inplace=0): 
not supported [RD0] 

  ROPE(type=f32,ne_a=[36,16,2457,1],n_dims=36,mode=40,n_ctx=512,fs=1.424500,ef=0.746500,af=1.424500,ff=0,v=2,inplace=0): 
not supported [RD0] 

  ROPE(type=f32,ne_a=[36,16,2457,1],n_dims=36,mode=24,n_ctx=512,fs=1.424500,ef=0.746500,af=1.424500,ff=0,v=2,inplace=0): 
not supported [RD0] 

  ROPE(type=f32,ne_a=[128,32,2,1],n_dims=128,mode=0,n_ctx=512,fs=1.424500,ef=0.746500,af=1.424500,ff=1,v=0,inplace=0): 
not supported [RD0] 

  ROPE(type=f32,ne_a=[64,128,2,1],n_dims=64,mode=2,n_ctx=512,fs=1.424500,ef=0.746500,af=1.424500,ff=1,v=0,inplace=0): 
not supported [RD0] 

  ROPE(type=f32,ne_a=[128,32,2,1],n_dims=128,mode=0,n_ctx=512,fs=1.424500,ef=0.746500,af=1.424500,ff=1,v=1,inplace=0): 
not supported [RD0] 

  ROPE(type=f32,ne_a=[64,128,2,1],n_dims=64,mode=2,n_ctx=512,fs=1.424500,ef=0.746500,af=1.424500,ff=1,v=1,inplace=0): 
not supported [RD0] 

  ROPE(type=f32,ne_a=[36,16,2457,1],n_dims=36,mode=0,n_ctx=512,fs=1.424500,ef=0.746500,af=1.424500,ff=1,v=2,inplace=0): 
not supported [RD0] 

  ROPE(type=f32,ne_a=[36,16,2457,1],n_dims=36,mode=2,n_ctx=512,fs=1.424500,ef=0.746500,af=1.424500,ff=1,v=2,inplace=0): 
not supported [RD0] 

  ROPE(type=f32,ne_a=[36,16,2457,1],n_dims=36,mode=8,n_ctx=512,fs=1.424500,ef=0.746500,af=1.424500,ff=1,v=2,inplace=0): 
not supported [RD0] 

  ROPE(type=f32,ne_a=[36,16,2457,1],n_dims=36,mode=40,n_ctx=512,fs=1.424500,ef=0.746500,af=1.424500,ff=1,v=2,inplace=0): 
not supported [RD0] 

  ROPE(type=f32,ne_a=[36,16,2457,1],n_dims=36,mode=24,n_ctx=512,fs=1.424500,ef=0.746500,af=1.424500,ff=1,v=2,inplace=0): 
not supported [RD0] 

  ROPE(type=f16,ne_a=[128,32,2,1],n_dims=128,mode=0,n_ctx=512,fs=1.424500,ef=0.746500,af=1.424500,ff=0,v=0,inplace=0): 
not supported [RD0] 

  ROPE(type=f16,ne_a=[64,128,2,1],n_dims=64,mode=2,n_ctx=512,fs=1.424500,ef=0.746500,af=1.424500,ff=0,v=0,inplace=0): 
not supported [RD0] 

  ROPE(type=f16,ne_a=[128,32,2,1],n_dims=128,mode=0,n_ctx=512,fs=1.424500,ef=0.746500,af=1.424500,ff=0,v=1,inplace=0): 
not supported [RD0] 

  ROPE(type=f16,ne_a=[64,128,2,1],n_dims=64,mode=2,n_ctx=512,fs=1.424500,ef=0.746500,af=1.424500,ff=0,v=1,inplace=0): 
not supported [RD0] 

  ROPE(type=f16,ne_a=[36,16,2457,1],n_dims=36,mode=0,n_ctx=512,fs=1.424500,ef=0.746500,af=1.424500,ff=0,v=2,inplace=0): 
not supported [RD0] 

  ROPE(type=f16,ne_a=[36,16,2457,1],n_dims=36,mode=2,n_ctx=512,fs=1.424500,ef=0.746500,af=1.424500,ff=0,v=2,inplace=0): 
not supported [RD0] 

  ROPE(type=f16,ne_a=[36,16,2457,1],n_dims=36,mode=8,n_ctx=512,fs=1.424500,ef=0.746500,af=1.424500,ff=0,v=2,inplace=0): 
not supported [RD0] 

  ROPE(type=f16,ne_a=[36,16,2457,1],n_dims=36,mode=40,n_ctx=512,fs=1.424500,ef=0.746500,af=1.424500,ff=0,v=2,inplace=0): 
not supported [RD0] 

  ROPE(type=f16,ne_a=[36,16,2457,1],n_dims=36,mode=24,n_ctx=512,fs=1.424500,ef=0.746500,af=1.424500,ff=0,v=2,inplace=0): 
not supported [RD0] 

  ROPE(type=f16,ne_a=[128,32,2,1],n_dims=128,mode=0,n_ctx=512,fs=1.424500,ef=0.746500,af=1.424500,ff=1,v=0,inplace=0): 
not supported [RD0] 

  ROPE(type=f16,ne_a=[64,128,2,1],n_dims=64,mode=2,n_ctx=512,fs=1.424500,ef=0.746500,af=1.424500,ff=1,v=0,inplace=0): 
not supported [RD0] 

  ROPE(type=f16,ne_a=[128,32,2,1],n_dims=128,mode=0,n_ctx=512,fs=1.424500,ef=0.746500,af=1.424500,ff=1,v=1,inplace=0): 
not supported [RD0] 

  ROPE(type=f16,ne_a=[64,128,2,1],n_dims=64,mode=2,n_ctx=512,fs=1.424500,ef=0.746500,af=1.424500,ff=1,v=1,inplace=0): 
not supported [RD0] 

  ROPE(type=f16,ne_a=[36,16,2457,1],n_dims=36,mode=0,n_ctx=512,fs=1.424500,ef=0.746500,af=1.424500,ff=1,v=2,inplace=0): 
not supported [RD0] 

  ROPE(type=f16,ne_a=[36,16,2457,1],n_dims=36,mode=2,n_ctx=512,fs=1.424500,ef=0.746500,af=1.424500,ff=1,v=2,inplace=0): 
not supported [RD0] 

  ROPE(type=f16,ne_a=[36,16,2457,1],n_dims=36,mode=8,n_ctx=512,fs=1.424500,ef=0.746500,af=1.424500,ff=1,v=2,inplace=0): 
not supported [RD0] 

  ROPE(type=f16,ne_a=[36,16,2457,1],n_dims=36,mode=40,n_ctx=512,fs=1.424500,ef=0.746500,af=1.424500,ff=1,v=2,inplace=0): 
not supported [RD0] 

  ROPE(type=f16,ne_a=[36,16,2457,1],n_dims=36,mode=24,n_ctx=512,fs=1.424500,ef=0.746500,af=1.424500,ff=1,v=2,inplace=0): 
not supported [RD0] 

  ROPE(type=f32,ne_a=[128,32,2,1],n_dims=128,mode=0,n_ctx=512,fs=1.424500,ef=0.746500,af=1.424500,ff=0,v=0,inplace=1): 
not supported [RD0] 

  ROPE(type=f32,ne_a=[128,32,2,1],n_dims=128,mode=0,n_ctx=512,fs=1.424500,ef=0.746500,af=1.424500,ff=0,v=1,inplace=1): 
not supported [RD0] 

  ROPE(type=f32,ne_a=[128,32,2,3],n_dims=128,mode=0,n_ctx=512,fs=1.424500,ef=0.746500,af=1.424500,ff=0,v=1,inplace=1): 
not supported [RD0] 

  ROPE(type=f32,ne_a=[128,32,2,1],n_dims=128,mode=0,n_ctx=512,fs=1.424500,ef=0.746500,af=1.424500,ff=1,v=0,inplace=1): 
not supported [RD0] 

  ROPE(type=f32,ne_a=[128,32,2,1],n_dims=128,mode=0,n_ctx=512,fs=1.424500,ef=0.746500,af=1.424500,ff=1,v=1,inplace=1): 
not supported [RD0] 

  ROPE(type=f32,ne_a=[128,32,2,3],n_dims=128,mode=0,n_ctx=512,fs=1.424500,ef=0.746500,af=1.424500,ff=1,v=1,inplace=1): 
not supported [RD0] 

[ROPE] ERR = 1.431410986 > 0.000000100   ROPE(type=f32,ne_a=[128,32,2,1],n_dims=128,mode=2,n_ctx=512,fs=1.424500,ef=0.746500,af=1.424500,ff=0,v=0,inplace=1): 
[1;31mFAIL[0m

[ROPE] ERR = 1.207482504 > 0.000000100   ROPE(type=f32,ne_a=[128,32,2,1],n_dims=128,mode=2,n_ctx=512,fs=1.424500,ef=0.746500,af=1.424500,ff=0,v=1,inplace=1): 
[1;31mFAIL[0m

[ROPE] ERR = 1.369450412 > 0.000000100   ROPE(type=f32,ne_a=[128,32,2,3],n_dims=128,mode=2,n_ctx=512,fs=1.424500,ef=0.746500,af=1.424500,ff=0,v=1,inplace=1): 
[1;31mFAIL[0m

  ROPE(type=f32,ne_a=[128,32,2,1],n_dims=128,mode=2,n_ctx=512,fs=1.424500,ef=0.746500,af=1.424500,ff=1,v=0,inplace=1): 
not supported [RD0] 

  ROPE(type=f32,ne_a=[128,32,2,1],n_dims=128,mode=2,n_ctx=512,fs=1.424500,ef=0.746500,af=1.424500,ff=1,v=1,inplace=1): 
not supported [RD0] 

  ROPE(type=f32,ne_a=[128,32,2,3],n_dims=128,mode=2,n_ctx=512,fs=1.424500,ef=0.746500,af=1.424500,ff=1,v=1,inplace=1): 
not supported [RD0] 

  ROPE(type=f32,ne_a=[128,32,2,1],n_dims=128,mode=8,n_ctx=512,fs=1.424500,ef=0.746500,af=1.424500,ff=0,v=0,inplace=1): 
not supported [RD0] 

  ROPE(type=f32,ne_a=[128,32,2,1],n_dims=128,mode=8,n_ctx=512,fs=1.424500,ef=0.746500,af=1.424500,ff=0,v=1,inplace=1): 
not supported [RD0] 

  ROPE(type=f32,ne_a=[128,32,2,3],n_dims=128,mode=8,n_ctx=512,fs=1.424500,ef=0.746500,af=1.424500,ff=0,v=1,inplace=1): 
not supported [RD0] 

  ROPE(type=f32,ne_a=[128,32,2,1],n_dims=128,mode=8,n_ctx=512,fs=1.424500,ef=0.746500,af=1.424500,ff=1,v=0,inplace=1): 
not supported [RD0] 

  ROPE(type=f32,ne_a=[128,32,2,1],n_dims=128,mode=8,n_ctx=512,fs=1.424500,ef=0.746500,af=1.424500,ff=1,v=1,inplace=1): 
not supported [RD0] 

  ROPE(type=f32,ne_a=[128,32,2,3],n_dims=128,mode=8,n_ctx=512,fs=1.424500,ef=0.746500,af=1.424500,ff=1,v=1,inplace=1): 
not supported [RD0] 

  ROPE(type=f32,ne_a=[128,32,2,1],n_dims=128,mode=40,n_ctx=512,fs=1.424500,ef=0.746500,af=1.424500,ff=0,v=0,inplace=1): 
not supported [RD0] 

  ROPE(type=f32,ne_a=[128,32,2,1],n_dims=128,mode=40,n_ctx=512,fs=1.424500,ef=0.746500,af=1.424500,ff=0,v=1,inplace=1): 
not supported [RD0] 

  ROPE(type=f32,ne_a=[128,32,2,3],n_dims=128,mode=40,n_ctx=512,fs=1.424500,ef=0.746500,af=1.424500,ff=0,v=1,inplace=1): 
not supported [RD0] 

  ROPE(type=f32,ne_a=[128,32,2,1],n_dims=128,mode=40,n_ctx=512,fs=1.424500,ef=0.746500,af=1.424500,ff=1,v=0,inplace=1): 
not supported [RD0] 

  ROPE(type=f32,ne_a=[128,32,2,1],n_dims=128,mode=40,n_ctx=512,fs=1.424500,ef=0.746500,af=1.424500,ff=1,v=1,inplace=1): 
not supported [RD0] 

  ROPE(type=f32,ne_a=[128,32,2,3],n_dims=128,mode=40,n_ctx=512,fs=1.424500,ef=0.746500,af=1.424500,ff=1,v=1,inplace=1): 
not supported [RD0] 

  ROPE(type=f32,ne_a=[128,32,2,1],n_dims=128,mode=24,n_ctx=512,fs=1.424500,ef=0.746500,af=1.424500,ff=0,v=0,inplace=1): 
not supported [RD0] 

  ROPE(type=f32,ne_a=[128,32,2,1],n_dims=128,mode=24,n_ctx=512,fs=1.424500,ef=0.746500,af=1.424500,ff=0,v=1,inplace=1): 
not supported [RD0] 

  ROPE(type=f32,ne_a=[128,32,2,3],n_dims=128,mode=24,n_ctx=512,fs=1.424500,ef=0.746500,af=1.424500,ff=0,v=1,inplace=1): 
not supported [RD0] 

  ROPE(type=f32,ne_a=[128,32,2,1],n_dims=128,mode=24,n_ctx=512,fs=1.424500,ef=0.746500,af=1.424500,ff=1,v=0,inplace=1): 
not supported [RD0] 

  ROPE(type=f32,ne_a=[128,32,2,1],n_dims=128,mode=24,n_ctx=512,fs=1.424500,ef=0.746500,af=1.424500,ff=1,v=1,inplace=1): 
not supported [RD0] 

  ROPE(type=f32,ne_a=[128,32,2,3],n_dims=128,mode=24,n_ctx=512,fs=1.424500,ef=0.746500,af=1.424500,ff=1,v=1,inplace=1): 
not supported [RD0] 

  ROPE(type=f16,ne_a=[128,32,2,1],n_dims=128,mode=0,n_ctx=512,fs=1.424500,ef=0.746500,af=1.424500,ff=0,v=0,inplace=1): 
not supported [RD0] 

  ROPE(type=f16,ne_a=[128,32,2,1],n_dims=128,mode=0,n_ctx=512,fs=1.424500,ef=0.746500,af=1.424500,ff=0,v=1,inplace=1): 
not supported [RD0] 

  ROPE(type=f16,ne_a=[128,32,2,3],n_dims=128,mode=0,n_ctx=512,fs=1.424500,ef=0.746500,af=1.424500,ff=0,v=1,inplace=1): 
not supported [RD0] 

  ROPE(type=f16,ne_a=[128,32,2,1],n_dims=128,mode=0,n_ctx=512,fs=1.424500,ef=0.746500,af=1.424500,ff=1,v=0,inplace=1): 
not supported [RD0] 

  ROPE(type=f16,ne_a=[128,32,2,1],n_dims=128,mode=0,n_ctx=512,fs=1.424500,ef=0.746500,af=1.424500,ff=1,v=1,inplace=1): 
not supported [RD0] 

  ROPE(type=f16,ne_a=[128,32,2,3],n_dims=128,mode=0,n_ctx=512,fs=1.424500,ef=0.746500,af=1.424500,ff=1,v=1,inplace=1): 
not supported [RD0] 

  ROPE(type=f16,ne_a=[128,32,2,1],n_dims=128,mode=2,n_ctx=512,fs=1.424500,ef=0.746500,af=1.424500,ff=0,v=0,inplace=1): 
not supported [RD0] 

  ROPE(type=f16,ne_a=[128,32,2,1],n_dims=128,mode=2,n_ctx=512,fs=1.424500,ef=0.746500,af=1.424500,ff=0,v=1,inplace=1): 
not supported [RD0] 

  ROPE(type=f16,ne_a=[128,32,2,3],n_dims=128,mode=2,n_ctx=512,fs=1.424500,ef=0.746500,af=1.424500,ff=0,v=1,inplace=1): 
not supported [RD0] 

  ROPE(type=f16,ne_a=[128,32,2,1],n_dims=128,mode=2,n_ctx=512,fs=1.424500,ef=0.746500,af=1.424500,ff=1,v=0,inplace=1): 
not supported [RD0] 

  ROPE(type=f16,ne_a=[128,32,2,1],n_dims=128,mode=2,n_ctx=512,fs=1.424500,ef=0.746500,af=1.424500,ff=1,v=1,inplace=1): 
not supported [RD0] 

  ROPE(type=f16,ne_a=[128,32,2,3],n_dims=128,mode=2,n_ctx=512,fs=1.424500,ef=0.746500,af=1.424500,ff=1,v=1,inplace=1): 
not supported [RD0] 

  ROPE(type=f16,ne_a=[128,32,2,1],n_dims=128,mode=8,n_ctx=512,fs=1.424500,ef=0.746500,af=1.424500,ff=0,v=0,inplace=1): 
not supported [RD0] 

  ROPE(type=f16,ne_a=[128,32,2,1],n_dims=128,mode=8,n_ctx=512,fs=1.424500,ef=0.746500,af=1.424500,ff=0,v=1,inplace=1): 
not supported [RD0] 

  ROPE(type=f16,ne_a=[128,32,2,3],n_dims=128,mode=8,n_ctx=512,fs=1.424500,ef=0.746500,af=1.424500,ff=0,v=1,inplace=1): 
not supported [RD0] 

  ROPE(type=f16,ne_a=[128,32,2,1],n_dims=128,mode=8,n_ctx=512,fs=1.424500,ef=0.746500,af=1.424500,ff=1,v=0,inplace=1): 
not supported [RD0] 

  ROPE(type=f16,ne_a=[128,32,2,1],n_dims=128,mode=8,n_ctx=512,fs=1.424500,ef=0.746500,af=1.424500,ff=1,v=1,inplace=1): 
not supported [RD0] 

  ROPE(type=f16,ne_a=[128,32,2,3],n_dims=128,mode=8,n_ctx=512,fs=1.424500,ef=0.746500,af=1.424500,ff=1,v=1,inplace=1): 
not supported [RD0] 

  ROPE(type=f16,ne_a=[128,32,2,1],n_dims=128,mode=40,n_ctx=512,fs=1.424500,ef=0.746500,af=1.424500,ff=0,v=0,inplace=1): 
not supported [RD0] 

  ROPE(type=f16,ne_a=[128,32,2,1],n_dims=128,mode=40,n_ctx=512,fs=1.424500,ef=0.746500,af=1.424500,ff=0,v=1,inplace=1): 
not supported [RD0] 

  ROPE(type=f16,ne_a=[128,32,2,3],n_dims=128,mode=40,n_ctx=512,fs=1.424500,ef=0.746500,af=1.424500,ff=0,v=1,inplace=1): 
not supported [RD0] 

  ROPE(type=f16,ne_a=[128,32,2,1],n_dims=128,mode=40,n_ctx=512,fs=1.424500,ef=0.746500,af=1.424500,ff=1,v=0,inplace=1): 
not supported [RD0] 

  ROPE(type=f16,ne_a=[128,32,2,1],n_dims=128,mode=40,n_ctx=512,fs=1.424500,ef=0.746500,af=1.424500,ff=1,v=1,inplace=1): 
not supported [RD0] 

  ROPE(type=f16,ne_a=[128,32,2,3],n_dims=128,mode=40,n_ctx=512,fs=1.424500,ef=0.746500,af=1.424500,ff=1,v=1,inplace=1): 
not supported [RD0] 

  ROPE(type=f16,ne_a=[128,32,2,1],n_dims=128,mode=24,n_ctx=512,fs=1.424500,ef=0.746500,af=1.424500,ff=0,v=0,inplace=1): 
not supported [RD0] 

  ROPE(type=f16,ne_a=[128,32,2,1],n_dims=128,mode=24,n_ctx=512,fs=1.424500,ef=0.746500,af=1.424500,ff=0,v=1,inplace=1): 
not supported [RD0] 

  ROPE(type=f16,ne_a=[128,32,2,3],n_dims=128,mode=24,n_ctx=512,fs=1.424500,ef=0.746500,af=1.424500,ff=0,v=1,inplace=1): 
not supported [RD0] 

  ROPE(type=f16,ne_a=[128,32,2,1],n_dims=128,mode=24,n_ctx=512,fs=1.424500,ef=0.746500,af=1.424500,ff=1,v=0,inplace=1): 
not supported [RD0] 

  ROPE(type=f16,ne_a=[128,32,2,1],n_dims=128,mode=24,n_ctx=512,fs=1.424500,ef=0.746500,af=1.424500,ff=1,v=1,inplace=1): 
not supported [RD0] 

  ROPE(type=f16,ne_a=[128,32,2,3],n_dims=128,mode=24,n_ctx=512,fs=1.424500,ef=0.746500,af=1.424500,ff=1,v=1,inplace=1): 
not supported [RD0] 

  0/65 tests passed



Failing tests:

  NEG(type=f32,ne_a=[128,2,2,2],v=0)

  NEG(type=f32,ne_a=[5,7,11,13],v=0)

  SIGMOID(type=f32,ne_a=[128,2,2,2],v=0)

  SIGMOID(type=f32,ne_a=[5,7,11,13],v=0)

  GELU(type=f32,ne_a=[128,2,2,2],v=0)

  GELU(type=f32,ne_a=[5,7,11,13],v=0)

  SILU(type=f32,ne_a=[128,2,2,2],v=0)

  SILU(type=f32,ne_a=[5,7,11,13],v=0)

  GELU_ERF(type=f32,ne_a=[128,2,2,2],v=0)

  GELU_ERF(type=f32,ne_a=[5,7,11,13],v=0)

  NEG(type=f32,ne_a=[128,2,2,2],v=1)

  NEG(type=f32,ne_a=[5,7,11,13],v=1)

  SIGMOID(type=f32,ne_a=[128,2,2,2],v=1)

  SIGMOID(type=f32,ne_a=[5,7,11,13],v=1)

  GELU(type=f32,ne_a=[128,2,2,2],v=1)

  GELU(type=f32,ne_a=[5,7,11,13],v=1)

  SILU(type=f32,ne_a=[128,2,2,2],v=1)

  SILU(type=f32,ne_a=[5,7,11,13],v=1)

  GELU_ERF(type=f32,ne_a=[128,2,2,2],v=1)

  GELU_ERF(type=f32,ne_a=[5,7,11,13],v=1)

  SCALE(type=f32,ne=[10,10,10,10],scale=2.000000,bias=0.000000,inplace=0)

  SCALE(type=f32,ne=[10,10,10,10],scale=2.000000,bias=1.000000,inplace=0)

  SCALE(type=f32,ne=[10,10,10,10],scale=2.000000,bias=1.000000,inplace=1)

  SCALE(type=f32,ne=[100,10,10,10],scale=2.000000,bias=1.000000,inplace=0)

  ROPE(type=f32,ne_a=[64,1,2,1],n_dims=64,mode=2,n_ctx=512,fs=1.000000,ef=0.000000,af=1.000000,ff=0,v=0,inplace=0)

  ROPE(type=f32,ne_a=[64,71,2,1],n_dims=64,mode=2,n_ctx=512,fs=1.000000,ef=0.000000,af=1.000000,ff=0,v=0,inplace=0)

  ROPE(type=f32,ne_a=[64,8,2,1],n_dims=64,mode=2,n_ctx=512,fs=1.000000,ef=0.000000,af=1.000000,ff=0,v=0,inplace=0)

  ROPE(type=f32,ne_a=[80,32,2,1],n_dims=20,mode=2,n_ctx=512,fs=1.000000,ef=0.000000,af=1.000000,ff=0,v=0,inplace=0)

  ROPE(type=f32,ne_a=[80,32,2,1],n_dims=32,mode=2,n_ctx=512,fs=1.000000,ef=0.000000,af=1.000000,ff=0,v=0,inplace=0)

  ROPE(type=f32,ne_a=[80,32,4,1],n_dims=32,mode=2,n_ctx=512,fs=1.000000,ef=0.000000,af=1.000000,ff=0,v=0,inplace=0)

  ROPE(type=f32,ne_a=[16,16,8192,1],n_dims=16,mode=2,n_ctx=512,fs=1.000000,ef=0.000000,af=1.000000,ff=0,v=0,inplace=0)

  ROPE(type=f32,ne_a=[64,128,2,1],n_dims=64,mode=2,n_ctx=512,fs=1.000000,ef=0.000000,af=1.000000,ff=0,v=0,inplace=0)

  ROPE(type=f32,ne_a=[64,1,2,1],n_dims=64,mode=2,n_ctx=512,fs=1.000000,ef=0.000000,af=1.000000,ff=0,v=1,inplace=0)

  ROPE(type=f32,ne_a=[64,71,2,1],n_dims=64,mode=2,n_ctx=512,fs=1.000000,ef=0.000000,af=1.000000,ff=0,v=1,inplace=0)

  ROPE(type=f32,ne_a=[64,8,2,1],n_dims=64,mode=2,n_ctx=512,fs=1.000000,ef=0.000000,af=1.000000,ff=0,v=1,inplace=0)

  ROPE(type=f32,ne_a=[80,32,2,1],n_dims=20,mode=2,n_ctx=512,fs=1.000000,ef=0.000000,af=1.000000,ff=0,v=1,inplace=0)

  ROPE(type=f32,ne_a=[80,32,2,1],n_dims=32,mode=2,n_ctx=512,fs=1.000000,ef=0.000000,af=1.000000,ff=0,v=1,inplace=0)

  ROPE(type=f32,ne_a=[80,32,4,1],n_dims=32,mode=2,n_ctx=512,fs=1.000000,ef=0.000000,af=1.000000,ff=0,v=1,inplace=0)

  ROPE(type=f32,ne_a=[16,16,8192,1],n_dims=16,mode=2,n_ctx=512,fs=1.000000,ef=0.000000,af=1.000000,ff=0,v=1,inplace=0)

  ROPE(type=f32,ne_a=[64,128,2,1],n_dims=64,mode=2,n_ctx=512,fs=1.000000,ef=0.000000,af=1.000000,ff=0,v=1,inplace=0)

  ROPE(type=f32,ne_a=[36,16,2457,1],n_dims=36,mode=2,n_ctx=512,fs=1.000000,ef=0.000000,af=1.000000,ff=0,v=2,inplace=0)

  ROPE(type=f32,ne_a=[64,128,2,1],n_dims=64,mode=2,n_ctx=512,fs=1.000000,ef=0.000000,af=1.424500,ff=0,v=0,inplace=0)

  ROPE(type=f32,ne_a=[64,128,2,1],n_dims=64,mode=2,n_ctx=512,fs=1.000000,ef=0.000000,af=1.424500,ff=0,v=1,inplace=0)

  ROPE(type=f32,ne_a=[36,16,2457,1],n_dims=36,mode=2,n_ctx=512,fs=1.000000,ef=0.000000,af=1.424500,ff=0,v=2,inplace=0)

  ROPE(type=f32,ne_a=[64,128,2,1],n_dims=64,mode=2,n_ctx=512,fs=1.000000,ef=0.746500,af=1.000000,ff=0,v=0,inplace=0)

  ROPE(type=f32,ne_a=[64,128,2,1],n_dims=64,mode=2,n_ctx=512,fs=1.000000,ef=0.746500,af=1.000000,ff=0,v=1,inplace=0)

  ROPE(type=f32,ne_a=[36,16,2457,1],n_dims=36,mode=2,n_ctx=512,fs=1.000000,ef=0.746500,af=1.000000,ff=0,v=2,inplace=0)

  ROPE(type=f32,ne_a=[64,128,2,1],n_dims=64,mode=2,n_ctx=512,fs=1.000000,ef=0.746500,af=1.424500,ff=0,v=0,inplace=0)

  ROPE(type=f32,ne_a=[64,128,2,1],n_dims=64,mode=2,n_ctx=512,fs=1.000000,ef=0.746500,af=1.424500,ff=0,v=1,inplace=0)

  ROPE(type=f32,ne_a=[36,16,2457,1],n_dims=36,mode=2,n_ctx=512,fs=1.000000,ef=0.746500,af=1.424500,ff=0,v=2,inplace=0)

  ROPE(type=f32,ne_a=[64,128,2,1],n_dims=64,mode=2,n_ctx=512,fs=1.424500,ef=0.000000,af=1.000000,ff=0,v=0,inplace=0)

  ROPE(type=f32,ne_a=[64,128,2,1],n_dims=64,mode=2,n_ctx=512,fs=1.424500,ef=0.000000,af=1.000000,ff=0,v=1,inplace=0)

  ROPE(type=f32,ne_a=[36,16,2457,1],n_dims=36,mode=2,n_ctx=512,fs=1.424500,ef=0.000000,af=1.000000,ff=0,v=2,inplace=0)

  ROPE(type=f32,ne_a=[64,128,2,1],n_dims=64,mode=2,n_ctx=512,fs=1.424500,ef=0.000000,af=1.424500,ff=0,v=0,inplace=0)

  ROPE(type=f32,ne_a=[64,128,2,1],n_dims=64,mode=2,n_ctx=512,fs=1.424500,ef=0.000000,af=1.424500,ff=0,v=1,inplace=0)

  ROPE(type=f32,ne_a=[36,16,2457,1],n_dims=36,mode=2,n_ctx=512,fs=1.424500,ef=0.000000,af=1.424500,ff=0,v=2,inplace=0)

  ROPE(type=f32,ne_a=[64,128,2,1],n_dims=64,mode=2,n_ctx=512,fs=1.424500,ef=0.746500,af=1.000000,ff=0,v=0,inplace=0)

  ROPE(type=f32,ne_a=[64,128,2,1],n_dims=64,mode=2,n_ctx=512,fs=1.424500,ef=0.746500,af=1.000000,ff=0,v=1,inplace=0)

  ROPE(type=f32,ne_a=[36,16,2457,1],n_dims=36,mode=2,n_ctx=512,fs=1.424500,ef=0.746500,af=1.000000,ff=0,v=2,inplace=0)

  ROPE(type=f32,ne_a=[64,128,2,1],n_dims=64,mode=2,n_ctx=512,fs=1.424500,ef=0.746500,af=1.424500,ff=0,v=0,inplace=0)

  ROPE(type=f32,ne_a=[64,128,2,1],n_dims=64,mode=2,n_ctx=512,fs=1.424500,ef=0.746500,af=1.424500,ff=0,v=1,inplace=0)

  ROPE(type=f32,ne_a=[36,16,2457,1],n_dims=36,mode=2,n_ctx=512,fs=1.424500,ef=0.746500,af=1.424500,ff=0,v=2,inplace=0)

  ROPE(type=f32,ne_a=[128,32,2,1],n_dims=128,mode=2,n_ctx=512,fs=1.424500,ef=0.746500,af=1.424500,ff=0,v=0,inplace=1)

  ROPE(type=f32,ne_a=[128,32,2,1],n_dims=128,mode=2,n_ctx=512,fs=1.424500,ef=0.746500,af=1.424500,ff=0,v=1,inplace=1)

  ROPE(type=f32,ne_a=[128,32,2,3],n_dims=128,mode=2,n_ctx=512,fs=1.424500,ef=0.746500,af=1.424500,ff=0,v=1,inplace=1)

  Backend RD0: [1;31mFAIL[0m

1/2 backends passed

[1;31mFAIL[0m

ggml_test: test-backend-ops returned 1

ggml_test: rd stats graphs=1202 nodes=1838 dispatches=842 skipped=996 barriers=573 failed_graphs=0 last{nodes=1 dispatches=0 barriers=0 skipped=1} pipelines=10 set0_created=206 slots_created=256 coop_yields=1 waits=206 faults=65 params_bytes=215552 set_bytes=1364375240 get_bytes=3360668292 copies=0 clears=0 buffers_live=0 bytes_live=0

== ops_fault: done in 103.1 s, frames=66 pumps=66 vm_ms=103016.1 waits=65 coops=0 reads=0 read_bytes=0 uploads=0 upload_bytes=0
   cases: OK=0 FAIL=65 not_supported=427 | 0/65 tests passed | Backend RD0: FAIL
   NEG: OK=0 FAIL=4 not_supported=4
   SIGMOID: OK=0 FAIL=4 not_supported=4
   GELU: OK=0 FAIL=4 not_supported=4
   SILU: OK=0 FAIL=4 not_supported=4
   GELU_ERF: OK=0 FAIL=4 not_supported=4
   SCALE: OK=0 FAIL=4 not_supported=0
   ROPE: OK=0 FAIL=41 not_supported=407
   failed: [NEG] ERR = 2.088397932 > 0.000000100   NEG(type=f32,ne_a=[128,2,2,2],v=0): FAIL
   failed: [NEG] ERR = 2.006025489 > 0.000000100   NEG(type=f32,ne_a=[5,7,11,13],v=0): FAIL
   failed: [SIGMOID] ERR = 1.002224273 > 0.000000100   SIGMOID(type=f32,ne_a=[128,2,2,2],v=0): FAIL
   failed: [SIGMOID] ERR = 1.001386775 > 0.000000100   SIGMOID(type=f32,ne_a=[5,7,11,13],v=0): FAIL
   failed: [GELU] ERR = 1.305646041 > 0.000000100   GELU(type=f32,ne_a=[128,2,2,2],v=0): FAIL
   rd: graphs=1202 nodes=1838 dispatches=842 skipped=996 barriers=573 failed_graphs=0 last{nodes=1 dispatches=0 barriers=0 skipped=1} pipelines=10 set0_created=206 slots_created=256 coop_yields=1 waits=206 faults=65 params_bytes=215552 set_bytes=1364375240 get_bytes=3360668292 copies=0 clears=0 buffers_live=0 bytes_live=0 rule4_same_frame_syncs=0 syncs=208 submits=208 recoveries=0 permanent_slots=0 | 29 of 29 RenderingDevice method names in slots of their own (host name cache: 32 slots)
== verdicts
PASS probe_chain
PASS probe_chain_barrier_all
PASS probe_independent
PASS probe_independent_barrier_all
PASS probe_files
PASS probe_alias_rw: x at b1 and b4 of one buffer, read-write sources, 1000 spans: exact
PASS probe_alias_ro_control: the same recording with read-only sources loses increments (the Gate 0F hazard, still there)
PASS ops_main: test-backend-ops -o SILU,GELU,GELU_ERF,SIGMOID,NEG,SCALE,DIAG_MASK_INF,ROPE -b RD0: OK=68 FAIL=0 not_supported=427 (Backend RD0: OK)
PASS ops_barrier_all: test-backend-ops -o SILU,GELU,GELU_ERF,SIGMOID,NEG,SCALE,DIAG_MASK_INF,ROPE -b RD0: OK=68 FAIL=0 not_supported=427 (Backend RD0: OK)
PASS barrier elision and barrier-after-every-dispatch pass the same cases
PASS control: GGML_RD_FAULT=1 (a source read one element off) fails every SILU,GELU,GELU_ERF,SIGMOID,NEG,SCALE,ROPE case: FAIL=65 OK=0 (Backend RD0: FAIL)
PASS rule 4: no sync in its submit's frame (rule4_same_frame_syncs=0)
close: CLOSED permanent_slots=0
wall_s=302.1
RESULT: PASS
WARNING: 1 ObjectDB instance was leaked at exit (run with `--verbose` for details).
   at: cleanup (core/object/object.cpp:2536)
