# fit.elf result (body space) of Gate 8 run fitdrape3.txt
v -0.040115733 0.898857415 0.071558960
v -0.008088792 0.892831743 0.077657916
v -0.008015936 0.932796776 0.071883030
v -0.039109189 0.938437819 0.066103645
v -0.009451355 0.655760705 0.122781694
v -0.045430414 0.683814645 0.103975311
v -0.047839116 0.585470021 0.118958794
v -0.011290299 0.563817322 0.139790416
v -0.010917422 0.403737903 0.165015057
v -0.050754357 0.428220093 0.140974849
v -0.053232901 0.292891055 0.161714077
v -0.007036478 0.290328473 0.180871427
v -0.104678363 0.406642914 0.155642837
v -0.050095055 0.477775007 0.134654850
v -0.100073151 0.469143063 0.145057917
v -0.087787561 0.657304347 0.116291031
v -0.094452716 0.566739142 0.131184608
v -0.038172930 0.858492970 0.077269800
v -0.070778176 0.851448298 0.080921799
v -0.080031648 0.762074411 0.098124824
v -0.042854071 0.787515402 0.088142991
v -0.063053340 0.939689755 0.064628311
v -0.066902541 0.899932325 0.072336987
v -0.102461025 0.979230881 0.037671048
v -0.101626381 0.939904571 0.051689457
v -0.078714430 0.940638006 0.056399580
v -0.070626244 0.978084683 0.051674820
v -0.101045251 0.775473833 0.081836216
v -0.091957830 0.855288386 0.067920245
v -0.116526894 0.858454525 0.067295834
v -0.125915557 0.778805912 0.080554217
v -0.135098457 0.666631043 0.096401945
v -0.128427684 0.577041447 0.106567554
v -0.108617812 0.671063960 0.097422570
v -0.139310598 0.418686241 0.125479043
v -0.135912478 0.474766254 0.118542321
v -0.151869237 0.469530523 0.118990056
v -0.156667411 0.406929880 0.126205623
v -0.126017198 0.296791852 0.134007260
v -0.117998697 0.423321903 0.124742880
v -0.147572458 0.297831506 0.138506800
v -0.164628863 0.298850089 0.138521388
v -0.115960956 0.941065133 0.041633584
v -0.123310030 0.904224157 0.047331024
v -0.112012409 0.899159610 0.059731584
v -0.145099387 0.673828006 0.085075319
v -0.154190764 0.665021062 0.074257344
v -0.159649566 0.578658700 0.083470762
v -0.151750013 0.578197896 0.096955419
v -0.157735303 0.475429863 0.105943933
v -0.164879709 0.481743962 0.088921368
v -0.168254271 0.431678206 0.092634082
v -0.161735833 0.419334143 0.111845568
v -0.170801103 0.300032467 0.125110075
v -0.178936854 0.301941395 0.110451572
v -0.133810446 0.950408995 0.027777571
v -0.145867348 0.910944402 0.036778420
v -0.157196328 0.865973592 0.046136849
v -0.132681519 0.859760404 0.054615654
v -0.165223151 0.687501371 0.074341893
v -0.186813742 0.665371001 0.076880328
v -0.193524539 0.572549701 0.087190904
v -0.172520712 0.592062950 0.085972317
v -0.201640636 0.474880666 0.098199733
v -0.207837969 0.412400126 0.105120614
v -0.186265349 0.422478080 0.107330188
v -0.181381986 0.478430331 0.100371324
v -0.219038561 0.305910379 0.115991488
v -0.199007317 0.304608643 0.122852027
v -0.123879746 0.982197285 0.019027060
v -0.135178462 0.987797022 -0.008501651
v -0.149152949 0.955651224 0.001325252
v -0.163806781 0.916504025 0.008658754
v -0.191347480 0.792232633 0.027076170
v -0.171816692 0.782185674 0.062551379
v -0.177005470 0.870938420 0.016652958
v -0.156987727 0.956670046 -0.019687867
v -0.175293297 0.921706319 -0.018893383
v -0.216856465 0.791757524 -0.013673815
v -0.210145891 0.798665762 0.000523869
v -0.194092602 0.874098837 -0.014373159
v -0.236004889 0.691514730 -0.003912566
v -0.226792097 0.689016044 0.011421668
v -0.244851843 0.595470726 -0.042331334
v -0.249133393 0.594766438 0.004019392
v -0.228414595 0.691644907 -0.043155167
v -0.260288954 0.309235781 0.045566056
v -0.235665515 0.305804312 0.067283787
v -0.221533537 0.426105112 0.053810265
v -0.249517903 0.430563211 0.034278709
v -0.277065545 0.312454671 0.026498053
v -0.133074492 0.993838906 -0.038941376
v -0.148414344 0.964649200 -0.037175290
v -0.165873364 0.928415954 -0.042554662
v -0.183610782 0.881372690 -0.045830280
v -0.205739021 0.800293028 -0.044102903
v -0.265744090 0.432825655 0.017310821
v -0.267179608 0.432922393 -0.041606724
v -0.282862097 0.310999006 -0.039324403
v -0.282674164 0.310601920 -0.083129503
v -0.267636776 0.435820043 -0.080874383
v -0.265138239 0.310297847 -0.091128707
v -0.204979002 0.802133262 -0.071334101
v -0.227175578 0.692889690 -0.075140499
v -0.185316503 0.875558674 -0.069008812
v -0.172532067 0.920667887 -0.062538922
v -0.154142112 0.959254026 -0.053573795
v -0.244200170 0.596678793 -0.077826649
v -0.195672736 0.705403388 -0.088315614
v -0.211846024 0.603881836 -0.092068493
v -0.258372337 0.495617360 -0.081759162
v -0.224883005 0.493282974 -0.098450571
v -0.234358400 0.438787997 -0.097361036
v -0.120343432 0.997137547 -0.065737866
v -0.139272094 0.965310276 -0.070443340
v -0.155379161 0.929773092 -0.077225715
v -0.165503249 0.883503735 -0.085989937
v -0.180986270 0.808350444 -0.084666185
v -0.129993290 0.967895091 -0.085450470
v -0.146308064 0.925475478 -0.097667150
v -0.170240507 0.798393726 -0.107813686
v -0.154473871 0.874928296 -0.108651824
v -0.196506441 0.591034591 -0.118030198
v -0.183489785 0.688649952 -0.114422478
v -0.208864778 0.487772286 -0.122677393
v -0.213840112 0.427937776 -0.126823708
v -0.246761948 0.309765130 -0.105000943
v -0.226784766 0.308884561 -0.130411610
v -0.117044806 0.970346987 -0.098895431
v -0.127658322 0.935871899 -0.112906516
v -0.134803683 0.890934765 -0.122849002
v -0.146851778 0.802375615 -0.127932250
v -0.170547083 0.580348551 -0.131381750
v -0.156113118 0.679765403 -0.129122213
v -0.175136432 0.484202325 -0.134750336
v -0.172675163 0.429662406 -0.136447400
v -0.101219654 0.998276472 -0.086482592
v -0.113612048 0.927175045 -0.122843705
v -0.119098052 0.872063458 -0.129135936
v -0.122981340 0.779965878 -0.127638072
v -0.105637707 0.969783545 -0.103907540
v -0.085277103 0.965934515 -0.119157635
v -0.093525730 0.927436233 -0.137108058
v -0.104627617 0.889298201 -0.144991830
v -0.107790127 0.800378203 -0.152983159
v -0.119995311 0.578248382 -0.154195249
v -0.133746982 0.588386834 -0.125906169
v -0.126747459 0.684969604 -0.125230342
v -0.117135830 0.685322642 -0.150634438
v -0.124614403 0.473210841 -0.155523524
v -0.126473412 0.413385183 -0.158332154
v -0.137376428 0.434755534 -0.130555332
v -0.137896523 0.480211377 -0.128912970
v -0.128437236 0.308119059 -0.162582979
v -0.146163017 0.307753712 -0.135908142
v -0.073671997 0.999831975 -0.101596087
v -0.058345262 0.783012450 -0.145603672
v -0.083983436 0.793567657 -0.150109068
v -0.083832286 0.881792903 -0.145602793
v -0.055457477 0.870649159 -0.141733453
v -0.055611886 0.676933646 -0.149861783
v -0.056825265 0.574137628 -0.154996634
v -0.083877772 0.582134485 -0.151435435
v -0.084495209 0.683952987 -0.149455011
v -0.062917016 0.425092071 -0.159473374
v -0.066226110 0.311648011 -0.159912735
v -0.094108395 0.309468895 -0.151041433
v -0.091480419 0.425250173 -0.153180659
v -0.111747675 0.308577359 -0.161748722
v -0.047656395 0.970716834 -0.120304130
v -0.038219541 1.002338052 -0.109243408
v -0.055647396 0.927034199 -0.135284275
v -0.041567791 0.312332273 -0.169978335
v -0.008679919 0.471415848 -0.186086029
v -0.028473871 0.479722559 -0.178821549
v -0.026116153 0.524866164 -0.179684550
v -0.006168011 0.517195404 -0.183020309
v -0.026968345 0.882025719 -0.150550306
v 0.000850224 0.878474891 -0.157204881
v -0.004428494 0.787821829 -0.169689134
v -0.035312340 0.787093520 -0.159485027
v -0.003177541 1.000205398 -0.112142988
v -0.005991114 0.973416030 -0.125222817
v -0.008337990 0.311945826 -0.198389903
v -0.013657911 0.417529047 -0.191536635
v 0.045565911 0.423249573 -0.160014883
v 0.047149975 0.305826068 -0.166949645
v 0.037019912 0.887935638 -0.143621296
v 0.036333650 0.793311954 -0.151651427
v 0.030528070 0.936462522 -0.134559050
v -0.006914447 0.930798113 -0.143810809
v 0.032369968 0.973397911 -0.122217417
v 0.033169881 1.004425168 -0.108445466
v -0.008134272 0.844903469 0.086984880
v 0.011087570 0.853894413 0.078877620
v 0.011610614 0.901189744 0.071922317
v 0.015533666 0.289123535 0.175785035
v 0.008224208 0.424514860 0.154594719
v 0.010171556 0.472380251 0.149730295
v -0.011808348 0.466284901 0.157016218
v 0.011291974 0.685241282 0.108550385
v 0.012190596 0.579018652 0.129256070
v -0.008369612 0.762067556 0.103188686
v 0.009585213 0.784332931 0.091266386
v -0.007310709 0.971717119 0.064273886
v 0.010329763 0.942781627 0.068165481
v 0.026891578 0.977293611 0.062402803
v 0.056947280 0.778549850 0.085417181
v 0.052465253 0.857607245 0.073500052
v 0.031092869 0.856294513 0.083544560
v 0.031626113 0.772521496 0.100428574
v 0.049692303 0.901811600 0.067752056
v 0.031678203 0.896671355 0.076263234
v 0.050454967 0.941700280 0.063176714
v 0.028785411 0.934126496 0.070529029
v 0.075286232 0.906040728 0.071200296
v 0.074108846 0.941663682 0.061717317
v 0.064420171 0.974694133 0.055709023
v 0.100359365 0.950268328 0.050298482
v 0.094394736 0.982235551 0.043027777
v 0.107593834 0.911723614 0.060667921
v 0.146049127 0.527225733 0.129251957
v 0.141534939 0.587154150 0.120367244
v 0.103601053 0.583541274 0.127649531
v 0.107427217 0.523936331 0.137248650
v 0.158728123 0.416097611 0.141383693
v 0.148430377 0.480949968 0.137046888
v 0.132468209 0.423277885 0.151007086
v 0.107741326 0.415824383 0.152581736
v 0.115858160 0.296936810 0.171959266
v 0.138480723 0.298466504 0.168405175
v 0.122772671 0.954949200 0.033205189
v 0.120626092 0.985288739 0.021597655
v 0.131063998 0.915106416 0.041771784
v 0.140421450 0.956980646 0.019417547
v 0.149723858 0.965227127 -0.005382065
v 0.132847756 0.992991209 -0.008951016
v 0.169659585 0.928968787 -0.000386464
v 0.153132647 0.923095405 0.025826795
v 0.166323915 0.878353000 0.034534961
v 0.187142864 0.885258794 0.006677156
v 0.203124270 0.815530896 0.020870009
v 0.183220029 0.801634848 0.048125442
v 0.198788539 0.694346130 0.060908537
v 0.224024162 0.704494238 0.025526136
v 0.235625654 0.602858365 0.036427226
v 0.210022956 0.598912656 0.071910635
v 0.267234206 0.304930151 0.061123490
v 0.238789648 0.301902086 0.105258800
v 0.235079452 0.698056757 -0.025452187
v 0.214690417 0.801575541 -0.027173866
v 0.190944344 0.886419117 -0.033474930
v 0.171799734 0.930832744 -0.034944709
v 0.150337502 0.966495275 -0.034564007
v 0.131609693 0.993906975 -0.040357679
v 0.246944949 0.613727927 -0.021079915
v 0.253244102 0.434306026 0.050194129
v 0.267669588 0.441038907 -0.017887726
v 0.260361135 0.503313303 -0.016697537
v 0.246835485 0.497278601 0.045370121
v 0.146807119 0.963546574 -0.049730826
v 0.160818040 0.932695270 -0.050585281
v 0.192549378 0.817731619 -0.049403697
v 0.175001651 0.893251181 -0.053172432
v 0.212298542 0.701714396 -0.040143073
v 0.227464482 0.597524583 -0.037891623
v 0.268877119 0.306106895 -0.038168360
v 0.249187917 0.440580487 -0.039151885
v 0.282549113 0.305662572 -0.009655911
v 0.141131505 0.970037401 -0.068356298
v 0.120377168 0.997605324 -0.068970412
v 0.162081093 0.929862857 -0.073492825
v 0.178140849 0.877421796 -0.078242354
v 0.196672320 0.789868772 -0.078265183
v 0.214215755 0.684740841 -0.073105812
v 0.226604462 0.595892072 -0.075936861
v 0.235026881 0.534746289 -0.076221973
v 0.218071237 0.531169951 -0.106559329
v 0.213181123 0.585076392 -0.103696123
v 0.229337081 0.422954470 -0.111014120
v 0.223538026 0.486073345 -0.107844114
v 0.241111070 0.489791453 -0.076668993
v 0.248673230 0.430419534 -0.077193864
v 0.262379766 0.305626094 -0.078288861
v 0.245597795 0.304873735 -0.114092670
v 0.162556618 0.886727571 -0.097254992
v 0.149972111 0.933382273 -0.091115296
v 0.179067418 0.802668929 -0.101968713
v 0.135360301 0.968456745 -0.081261426
v 0.123737857 0.975342155 -0.085758306
v 0.135776848 0.939770341 -0.098900631
v 0.158820793 0.815931976 -0.111615144
v 0.146045655 0.895876110 -0.106356874
v 0.185884669 0.593348920 -0.116085134
v 0.172292009 0.707323432 -0.114816099
v 0.197794795 0.687038243 -0.102871701
v 0.216556445 0.305213273 -0.130233184
v 0.203558847 0.308074385 -0.164280057
v 0.199384645 0.433655232 -0.125068486
v 0.190846637 0.412657261 -0.156444415
v 0.191995800 0.527096331 -0.119432151
v 0.178149685 0.525129259 -0.149455056
v 0.174977332 0.579821885 -0.145994246
v 0.163035363 0.674752235 -0.142723888
v 0.112213902 0.969319999 -0.104480073
v 0.096624717 1.000121593 -0.090914279
v 0.084999479 0.974302053 -0.111948781
v 0.068044379 1.000047922 -0.103531294
v 0.078017056 0.307371408 -0.175160334
v 0.096831873 0.310252726 -0.187304050
v 0.075837865 0.430674970 -0.166895106
v 0.091426209 0.415381402 -0.179574460
v 0.071038648 0.876363099 -0.150360256
v 0.105551004 0.882620156 -0.136140376
v 0.094738439 0.797190189 -0.146166682
v 0.061686363 0.978278995 -0.118302256
v 0.102691300 0.934489310 -0.123665601
v 0.067090079 0.934831202 -0.137388751
v 0.070287332 0.518419981 -0.162412867
v 0.068262085 0.581028640 -0.160733879
v 0.086713105 0.568994582 -0.170270577
v 0.089035280 0.511438131 -0.173050910
v 0.077732258 0.786467612 -0.159113601
v 0.059723254 0.794400752 -0.154112414
v -0.040024683 0.976585388 0.060464956
v -0.259636492 0.492007196 -0.041487444
v -0.260143638 0.491120726 0.012624921
v -0.245390683 0.488556355 0.028885135
v -0.255840123 0.534688473 0.008912996
v -0.242225632 0.532146990 0.024765711
v -0.237235352 0.592432618 0.019349745
v -0.110866219 0.297227383 0.171267182
v -0.086708553 0.902851582 0.060450874
v 0.073810898 0.292820364 0.163520321
v 0.037921332 0.289957792 0.180848151
v 0.065168597 0.425060660 0.141093701
v 0.034465089 0.411758900 0.163239717
v 0.067431763 0.475222349 0.133980289
v 0.035393476 0.474238962 0.153413609
v 0.178090081 0.484742731 0.099338949
v 0.182851389 0.424403340 0.105870448
v 0.226727799 0.431461245 0.090794370
v 0.220716998 0.493533075 0.083829843
v 0.140440121 0.870822966 0.051526036
v 0.194796890 0.299198151 0.122740641
v 0.165083125 0.299782962 0.158076271
v 0.152496949 0.794963181 0.065034643
v 0.185389414 0.307557702 -0.162753627
v 0.155107319 0.305811286 -0.131100222
v 0.151211858 0.418814540 -0.133823454
v 0.181164056 0.477927864 -0.151736453
v 0.142754138 0.473667115 -0.133096129
v 0.143795490 0.515015066 -0.135940552
v 0.147570938 0.795479834 -0.137805343
v 0.115796991 0.788935006 -0.139341846
v 0.134612396 0.888616621 -0.127173573
v 0.127066970 0.931749403 -0.116980880
v 0.111971147 0.594460189 -0.138087273
v 0.107879877 0.698322594 -0.138492092
v 0.130865693 0.688874662 -0.137387857
v 0.141685054 0.579179466 -0.137064591
v 0.108113445 0.480069309 0.143759161
v -0.203699961 0.682712376 0.037471808
v -0.211352348 0.586392403 0.044899158
v -0.216401190 0.483103931 0.050019048
v 0.196480229 0.482131571 -0.120968439
v 0.036174726 0.695367157 -0.157213628
v 0.039416384 0.585579395 -0.158688217
v -0.012050726 0.582050741 -0.181471810
v -0.000544276 0.674286485 -0.174776256
v -0.028465720 0.433012158 -0.182489187
v -0.033396840 0.313729465 -0.189452648
v -0.185984254 0.307851702 -0.140049234
v -0.111025184 0.583930016 0.109988414
v -0.125970230 0.297564209 0.157356203
v -0.066783398 1.003598213 0.052561831
v -0.093527749 1.006079316 0.039805222
v -0.114259884 1.009763718 0.021101998
v -0.126068175 1.014829636 -0.005625531
v -0.125845611 1.019206762 -0.032472093
v -0.115345918 1.022787213 -0.057238515
v -0.096598685 1.025714278 -0.078535832
v -0.071679860 1.027618885 -0.093639895
v -0.041567303 1.028298616 -0.101316541
v -0.007074203 1.028517246 -0.103701264
v 0.029590989 1.028544664 -0.103282727
v 0.026401304 1.001675367 0.063765042
v -0.006073060 1.001109600 0.065647453
v 0.060064543 1.002845883 0.056871098
v 0.090712801 1.005824327 0.042986948
v 0.125628576 1.014734030 -0.004132252
v 0.114006698 1.009732485 0.022544840
v 0.123801529 1.018939734 -0.032157682
v 0.112431943 1.022725701 -0.059687976
v 0.091222808 1.025585175 -0.081993550
v 0.063210972 1.027382851 -0.096027806
v -0.039101016 1.001852512 0.061559144
v 0.079965509 0.862295389 0.081453159
v 0.114707656 0.867145538 0.073175021
v -0.049367469 0.521511018 0.128487229
v -0.098242253 0.511215329 0.139677078
v 0.010444406 0.515193582 0.142111391
v -0.011802529 0.508295417 0.150452137
v 0.255067855 0.548521161 -0.018208409
v 0.242278636 0.542042553 0.041582461
v -0.253721982 0.535436928 -0.041786861
v -0.254591405 0.541176856 -0.077092387
v 0.066211052 0.518713951 0.127945811
v 0.035217699 0.517587066 0.146244645
v 0.174962252 0.529044688 0.094720393
v 0.216356084 0.538261473 0.078756385
v -0.133357510 0.517557442 0.113733843
v -0.148696870 0.511581540 0.114222340
v -0.176679745 0.523666143 0.094232075
v -0.197967663 0.516963661 0.093737349
v -0.214214459 0.526333630 0.047909141
v -0.116493881 0.480177760 0.119519666
v -0.223385900 0.535396099 -0.093755953
v -0.203901380 0.530642271 -0.120613031
v -0.171815559 0.526898623 -0.132943273
v -0.135910347 0.522794843 -0.127730370
v 0.242679298 0.491615087 -0.036486510
v 0.072235130 0.475297928 -0.163208172
v 0.090802625 0.469556123 -0.175308064
v 0.044055238 0.481355846 -0.158679634
v -0.089989379 0.477988511 -0.154591158
v -0.060050614 0.479768872 -0.158689678
v -0.123049200 0.514772117 -0.154120043
v -0.088918276 0.520711839 -0.153893903
v -0.063374430 0.524894655 -0.156425282
v -0.026906876 0.582103789 -0.174340725
v 0.047089335 0.523103714 -0.157076806
v 0.236068338 0.536631823 -0.036639262
v -0.115382448 0.523855090 0.115700215
v 0.064529836 0.578280330 0.118587263
v 0.037427451 0.570106030 0.136199892
v 0.170825630 0.589533746 0.088427752
v -0.144519582 0.566986024 0.107855573
v 0.096984170 0.677291691 0.111777179
v 0.133817136 0.682429135 0.106039673
v 0.061313462 0.685484529 -0.156871378
v 0.080725029 0.680175960 -0.165190816
v 0.061478984 0.672053874 0.103186570
v 0.034347489 0.656933129 0.120509773
v 0.163533211 0.686198175 0.078416042
v -0.143169671 0.775466561 0.065348648
v 0.087679595 0.784659922 0.094857439
v 0.124372616 0.791240752 0.089533366
v -0.021844881 0.684281707 -0.172987580
v 0.096167780 0.687064171 -0.149308056
v -0.109791718 0.425252080 -0.159044534
v 0.122708365 0.306835681 -0.133143723
v -0.108595990 0.478414983 -0.158028945
v 0.109733492 0.308856755 -0.166913018
v 0.103623867 0.422955066 -0.165005922
v 0.116877042 0.427660435 -0.136331320
v 0.115878880 0.482205391 -0.136920482
v 0.114478454 0.527122796 -0.137911826
v -0.107531480 0.521129489 -0.156798646
v -0.103652827 0.582552373 -0.154873267
v -0.103394911 0.684701443 -0.155278012
v -0.036447804 0.429774880 -0.165624887
v -0.036641698 0.477440923 -0.164364204
v -0.037192233 0.520183146 -0.164928138
v 0.103054225 0.475425154 -0.158089459
v 0.101654805 0.518858016 -0.156052366
v 0.100206442 0.581468999 -0.153355911
v -0.161625355 0.523122072 0.087379560
v -0.155418739 0.518442333 0.102521174
v -0.038145535 0.589600205 -0.162487358
v -0.034853786 0.673431396 -0.164035827
v -0.039755043 0.918596089 0.068700947
v -0.023012890 0.918066025 0.071597442
v -0.022958612 0.937832475 0.068781063
v -0.010015820 0.607690692 0.132705718
v -0.026696723 0.618811369 0.121276364
v -0.027613264 0.573527694 0.128966942
v -0.008304470 0.344430864 0.175021797
v -0.028607888 0.358762443 0.160802573
v -0.026576770 0.291325718 0.170951977
v -0.078994170 0.419317156 0.147511378
v -0.077413760 0.451331824 0.142841637
v -0.102806218 0.446780860 0.149701267
v -0.067375757 0.670172870 0.110067688
v -0.069603942 0.619918823 0.117936254
v -0.046524417 0.630373716 0.111213870
v -0.054217648 0.854777575 0.078433074
v -0.059101146 0.819253206 0.084798999
v -0.041687157 0.827054143 0.081446178
v -0.053568579 0.919022560 0.069622055
v -0.054859918 0.899391413 0.072745033
v -0.099835351 0.961799204 0.045375045
v -0.087038793 0.960828245 0.050575681
v -0.087621666 0.979488015 0.044847067
v -0.096192315 0.819445670 0.073720798
v -0.108992368 0.821219921 0.073569290
v -0.113842510 0.777585387 0.080846339
v -0.121432714 0.670922220 0.095466375
v -0.132528633 0.620899022 0.102133855
v -0.120394357 0.620833039 0.101236381
v -0.148799121 0.419871092 0.126524568
v -0.146385103 0.452096343 0.122706026
v -0.153832749 0.446833670 0.121895440
v -0.135141462 0.297148883 0.134164006
v -0.130772576 0.362764060 0.127228573
v -0.143235400 0.363471717 0.131739512
v -0.108675480 0.942617118 0.046161804
v -0.108776800 0.959369659 0.040150721
v -0.118525803 0.923930883 0.044340935
v -0.112522542 0.922676027 0.049775083
v -0.148536205 0.622673869 0.092117362
v -0.152161524 0.622895718 0.084266871
v -0.155252591 0.577474177 0.089040957
v -0.159268707 0.452612251 0.108395368
v -0.162181556 0.453433365 0.097214296
v -0.164407432 0.422021985 0.100586735
v -0.165813074 0.364939272 0.118226215
v -0.168705851 0.365612417 0.107768908
v -0.173577890 0.300856650 0.115374371
v -0.117199399 0.966006994 0.033219807
v -0.123512670 0.946999550 0.036392625
v -0.127367735 0.884095430 0.050309990
v -0.139038786 0.887133837 0.047211930
v -0.144290894 0.863503993 0.051561188
v -0.175334036 0.678698421 0.078276753
v -0.179771304 0.627190590 0.084948890
v -0.168885082 0.637685776 0.080218032
v -0.191649467 0.479420364 0.104104474
v -0.193692848 0.456577659 0.106835678
v -0.183232993 0.455663592 0.103423253
v -0.113769650 0.982828200 0.028747857
v -0.127613828 0.968305707 0.023843843
v -0.135420263 0.970663488 0.010629877
v -0.142227888 0.953107953 0.014978923
v -0.140209451 0.930905402 0.032559633
v -0.149059668 0.933646441 0.019146625
v -0.155420527 0.913727939 0.023831941
v -0.183754593 0.835953295 0.021274315
v -0.174429506 0.833619356 0.038276408
v -0.167412281 0.869215071 0.032591391
v -0.146810681 0.972057939 -0.014712651
v -0.154374912 0.958019972 -0.009520173
v -0.141638204 0.973127127 -0.002907879
v -0.156673640 0.936385393 0.004672668
v -0.163496614 0.939263880 -0.008187337
v -0.171544984 0.919520676 -0.005516292
v -0.206963629 0.835095584 -0.014322044
v -0.215122387 0.800234616 -0.005963869
v -0.202148601 0.842187941 -0.006203471
v -0.219293386 0.745260358 0.005745381
v -0.224972084 0.746919453 -0.000168850
v -0.233697295 0.690492630 0.005045450
v -0.237110779 0.640009761 -0.042949777
v -0.240950689 0.639842689 -0.020184679
v -0.232389107 0.691245258 -0.022132196
v -0.254677624 0.375059158 0.039104115
v -0.240267828 0.372626364 0.045418188
v -0.234898359 0.429824561 0.040267784
v -0.142127797 0.976682067 -0.025159661
v -0.152403787 0.960785449 -0.028634302
v -0.156774014 0.947315037 -0.040979985
v -0.162236899 0.942159474 -0.030713806
v -0.194234058 0.843760133 -0.044666182
v -0.199559182 0.843078256 -0.028834064
v -0.189105541 0.878477514 -0.030356692
v -0.216881752 0.747267842 -0.043750226
v -0.222139165 0.746700048 -0.025077617
v -0.210457459 0.800273597 -0.027102550
v -0.271440029 0.377732933 0.023353057
v -0.273964703 0.377121121 -0.008660728
v -0.280726016 0.311998099 -0.003841488
v -0.275874227 0.378497720 -0.082861483
v -0.265948921 0.378505766 -0.087878525
v -0.275353819 0.310517222 -0.089101203
v -0.218134776 0.748273671 -0.060602847
v -0.229367405 0.692262173 -0.061341330
v -0.195512325 0.845256150 -0.058555018
v -0.206495285 0.802274227 -0.059400745
v -0.169848114 0.924638748 -0.052494757
v -0.177713379 0.904259562 -0.054635063
v -0.174213111 0.907294452 -0.044056144
v -0.143755049 0.976577342 -0.047140900
v -0.151029721 0.962888718 -0.045310415
v -0.141297325 0.978573799 -0.037493583
v -0.237583637 0.641391873 -0.077197075
v -0.222344890 0.640555799 -0.084009618
v -0.229910135 0.594940424 -0.085605115
v -0.263328344 0.470677048 -0.081420533
v -0.247542396 0.469835997 -0.089754529
v -0.253468752 0.437311381 -0.089291722
v -0.130170718 0.981954336 -0.066111073
v -0.136112362 0.980587780 -0.054996297
v -0.126902610 0.995744407 -0.053576544
v -0.147595823 0.946466565 -0.075448498
v -0.155387729 0.945758045 -0.065934978
v -0.146187365 0.964506507 -0.061072033
v -0.194886744 0.845623493 -0.069693506
v -0.183916837 0.845010757 -0.076993786
v -0.193422168 0.802362323 -0.078617379
v -0.138730705 0.948311031 -0.091578871
v -0.143070444 0.947011650 -0.084129699
v -0.135140210 0.966788948 -0.077884741
v -0.161411047 0.843246162 -0.109155700
v -0.167290792 0.843946695 -0.097686246
v -0.159813941 0.880870342 -0.097938731
v -0.204302892 0.591871917 -0.104775086
v -0.197792709 0.638061881 -0.102863573
v -0.190996602 0.636451244 -0.116517894
v -0.224310622 0.435041010 -0.111809015
v -0.220590398 0.466827899 -0.110195242
v -0.211738095 0.465594321 -0.124216884
v -0.238526121 0.309395045 -0.117815152
v -0.231233612 0.376233757 -0.114807621
v -0.222276494 0.362508178 -0.128876254
v -0.122255772 0.955662549 -0.105717458
v -0.131063476 0.950406611 -0.099950530
v -0.122720852 0.969698608 -0.093665674
v -0.139425665 0.853507400 -0.126364574
v -0.151310861 0.843498945 -0.119343065
v -0.145510375 0.882427931 -0.116266996
v -0.183721602 0.587875128 -0.127442271
v -0.178323492 0.634429455 -0.126009941
v -0.163500071 0.621835411 -0.130718067
v -0.193884611 0.486264765 -0.131635845
v -0.195917025 0.464134842 -0.132901356
v -0.111423075 0.998489439 -0.075839601
v -0.116858773 0.984455168 -0.083895326
v -0.125124916 0.983305156 -0.074347913
v -0.121478222 0.930091083 -0.118205853
v -0.124425106 0.908860564 -0.123400398
v -0.131609663 0.914026201 -0.119446941
v -0.133740202 0.794984102 -0.127278134
v -0.130687639 0.842801809 -0.127891779
v -0.120620452 0.831176341 -0.128127187
v -0.096239723 0.970260680 -0.110474870
v -0.100876212 0.950371385 -0.120227374
v -0.110268958 0.950071156 -0.112940475
v -0.113374777 0.842011333 -0.140256986
v -0.115187898 0.793989420 -0.140028298
v -0.125235707 0.582279146 -0.139245674
v -0.123045146 0.631633103 -0.138872206
v -0.118557312 0.630569220 -0.153881699
v -0.129599974 0.478889853 -0.141091555
v -0.130296007 0.457999587 -0.141565189
v -0.137848139 0.459347665 -0.128121749
v -0.131501064 0.427483022 -0.142793372
v -0.134010479 0.371032894 -0.145260036
v -0.141167074 0.386316329 -0.130313516
v -0.087991431 1.000483871 -0.093760543
v -0.091184989 0.986225009 -0.101255886
v -0.101983264 0.985735416 -0.094875611
v -0.070149310 0.792416573 -0.146453962
v -0.069778651 0.840042055 -0.144806132
v -0.056032624 0.829617679 -0.143939808
v -0.070821777 0.682941377 -0.147803098
v -0.071881667 0.628617764 -0.149511039
v -0.085862264 0.629762232 -0.150125906
v -0.064371668 0.373468190 -0.160282657
v -0.079438217 0.373291314 -0.155613482
v -0.077866405 0.426876068 -0.155911684
v -0.044654429 0.987579942 -0.113779008
v -0.062654555 0.986819208 -0.110471815
v -0.056054249 1.001824021 -0.105678387
v -0.050601982 0.950518131 -0.128059566
v -0.071263991 0.950302720 -0.127354667
v -0.067189462 0.970487535 -0.118791565
v -0.022092303 0.477074385 -0.186132863
v -0.021523733 0.497837663 -0.185061291
v -0.009303411 0.492868513 -0.185937464
v -0.030907745 0.840930104 -0.155609578
v -0.017075097 0.841745079 -0.161574975
v -0.021179521 0.792770922 -0.166553572
v -0.054827239 0.902143717 -0.138744295
v -0.038753740 0.908172131 -0.141984373
v -0.041665737 0.880841553 -0.144592851
v -0.024915017 0.988795996 -0.116849437
v -0.026695633 0.972512424 -0.123441286
v 0.019120516 0.308633953 -0.182700723
v 0.017732644 0.371925384 -0.179858565
v 0.047691252 0.356521100 -0.162336513
v 0.035625722 0.842908084 -0.147498339
v 0.017017402 0.842543542 -0.155410856
v 0.016544301 0.885235727 -0.150440291
v 0.033047110 0.953958809 -0.129012436
v 0.014051099 0.953962207 -0.130855501
v 0.013706652 0.973612964 -0.123378694
v -0.005896918 0.989042938 -0.117998615
v 0.013199056 0.988693118 -0.116310358
v 0.002288995 0.853560627 0.082219951
v 0.002210684 0.877912998 0.077570811
v -0.007725108 0.873060405 0.081928208
v 0.000235499 0.417978942 0.160183266
v 0.002932126 0.357663304 0.168998554
v 0.011921094 0.372714013 0.160986736
v -0.000469782 0.449949056 0.156431377
v -0.011319234 0.444196731 0.160729945
v 0.001764406 0.670181215 0.116147667
v 0.001426908 0.618633628 0.126383588
v 0.011154879 0.630518138 0.118212827
v 0.002231083 0.818443418 0.088773936
v 0.011041970 0.819451571 0.084537894
v 0.008514747 0.976556540 0.063564815
v 0.003586425 0.958484709 0.066231310
v 0.016854612 0.959362149 0.065602481
v 0.044104908 0.778287828 0.092202649
v 0.042793103 0.821669936 0.083857551
v 0.031873759 0.821143568 0.091431163
v 0.039429579 0.900398374 0.071697935
v 0.040356107 0.880832255 0.074276723
v 0.050680250 0.881904721 0.069726922
v 0.038893022 0.940105379 0.066523455
v 0.039575696 0.960221529 0.062316172
v 0.027983395 0.955129743 0.066654801
v 0.061607212 0.903657317 0.069718279
v 0.061237499 0.923422456 0.066696160
v 0.049552716 0.921692789 0.065376855
v 0.079362184 0.980300486 0.050066762
v 0.082172893 0.964842379 0.052840509
v 0.097208723 0.967415810 0.046184726
v 0.086038783 0.947330117 0.057094470
v 0.089313760 0.928244412 0.061986912
v 0.104369551 0.931388319 0.055424083
v 0.127906173 0.525728106 0.137160197
v 0.125994086 0.552608907 0.132996455
v 0.105726004 0.550534070 0.133521944
v 0.145689115 0.425174206 0.149050012
v 0.153485820 0.453832060 0.139539585
v 0.138609216 0.458699673 0.145429209
v 0.120918646 0.423624665 0.152662754
v 0.124233782 0.364565581 0.160937801
v 0.133903667 0.365943342 0.158460647
v 0.107666686 0.984234333 0.033354171
v 0.109230593 0.969494104 0.037367687
v 0.120566249 0.971513867 0.028181478
v 0.112263232 0.952703834 0.041899126
v 0.116050459 0.933057010 0.046256211
v 0.126804039 0.935483992 0.037291884
v 0.144702777 0.962507129 0.009186450
v 0.135506704 0.976809084 0.008051064
v 0.130749241 0.971039176 0.020127280
v 0.162503242 0.926420867 0.014655735
v 0.170241997 0.906989396 0.018285966
v 0.178514257 0.909718752 0.003179483
v 0.195645243 0.806215048 0.035679467
v 0.186656296 0.848406315 0.029121263
v 0.174673244 0.844422936 0.041214589
v 0.212393597 0.696946621 0.047620572
v 0.204573452 0.752628088 0.041660108
v 0.191539183 0.749448955 0.054859724
v 0.224149302 0.600701928 0.057838041
v 0.218783855 0.645812094 0.052910116
v 0.205285624 0.643348277 0.067156792
v 0.213594630 0.766649008 0.023629745
v 0.222478911 0.754234314 -0.002021583
v 0.211522579 0.808631003 -0.000704827
v 0.191583410 0.887264967 -0.014559661
v 0.202775106 0.851090491 -0.011406364
v 0.202522770 0.850813210 -0.032580458
v 0.172888920 0.930382907 -0.018781397
v 0.162393317 0.949293673 -0.020674583
v 0.160080031 0.947952211 -0.003092410
v 0.151502892 0.966468453 -0.021256849
v 0.141924113 0.980361044 -0.022227200
v 0.140773952 0.979335368 -0.006914948
v 0.234243646 0.698792338 -0.006287805
v 0.240089729 0.649178863 0.002665744
v 0.242003500 0.658054173 -0.024532251
v 0.263656586 0.437479436 0.015066918
v 0.259822398 0.473207474 0.013350856
v 0.249366596 0.471739262 0.048290092
v 0.147516429 0.966189444 -0.042175017
v 0.139544114 0.978662431 -0.044302657
v 0.140551940 0.981206000 -0.035167772
v 0.166390404 0.930214942 -0.044382121
v 0.156510606 0.948750436 -0.043646019
v 0.161326110 0.949482441 -0.035472516
v 0.203588992 0.806773186 -0.040032785
v 0.193188414 0.850706697 -0.042567492
v 0.213725731 0.752243280 -0.036403626
v 0.201069340 0.763769209 -0.044725906
v 0.231638387 0.647120357 -0.032404732
v 0.227121696 0.697396457 -0.033886608
v 0.277100831 0.305941254 -0.026788596
v 0.268624753 0.376752347 -0.028389094
v 0.276449800 0.376647115 -0.015667323
v 0.143881306 0.968061805 -0.057688992
v 0.135406569 0.983349204 -0.054021005
v 0.153618842 0.949531853 -0.060743980
v 0.151544839 0.951748610 -0.071886554
v 0.187565207 0.839231431 -0.078954168
v 0.184885636 0.849241674 -0.063949674
v 0.193953797 0.804355264 -0.062358201
v 0.202981472 0.749841154 -0.059126310
v 0.231875941 0.561743319 -0.076350510
v 0.225445211 0.559506953 -0.093361445
v 0.220854938 0.592687011 -0.092974387
v 0.226475403 0.462092251 -0.109266140
v 0.237647712 0.464103669 -0.095327035
v 0.241367444 0.430723161 -0.095971815
v 0.255470902 0.373258710 -0.077751704
v 0.248069048 0.371722311 -0.096962281
v 0.156271592 0.932876289 -0.083959609
v 0.163376629 0.912336469 -0.086885370
v 0.156256020 0.912812769 -0.094666973
v 0.170505583 0.886754453 -0.089251056
v 0.179416969 0.848368943 -0.091439076
v 0.170540199 0.848992229 -0.100153290
v 0.137747198 0.971001565 -0.075894870
v 0.129019976 0.983097792 -0.074346565
v 0.131279141 0.985129535 -0.066498250
v 0.130222484 0.971996903 -0.082388602
v 0.121895574 0.986677766 -0.077511340
v 0.143389940 0.934035122 -0.095226310
v 0.136944532 0.953802228 -0.089714490
v 0.142602831 0.953089714 -0.086334169
v 0.168936327 0.803856134 -0.106433041
v 0.161255836 0.849754333 -0.104105175
v 0.200085640 0.589203835 -0.109947488
v 0.190736189 0.637337625 -0.109471507
v 0.205337659 0.627599120 -0.104751855
v 0.205926865 0.384050399 -0.124426730
v 0.201871887 0.369297236 -0.143585235
v 0.195411652 0.426493347 -0.140674740
v 0.188789517 0.554316640 -0.117671840
v 0.183155641 0.552797139 -0.134656340
v 0.179777771 0.586664975 -0.133270815
v 0.169252455 0.622883320 -0.146007568
v 0.174680948 0.635385931 -0.131498560
v 0.112473466 0.987690508 -0.086848736
v 0.109121501 1.000177383 -0.079703487
v 0.098548554 0.974059403 -0.107536674
v 0.090961792 0.988930702 -0.101109415
v 0.104821950 0.985692143 -0.097143464
v 0.083938457 0.424510896 -0.174319848
v 0.085783951 0.370061427 -0.178959459
v 0.075792983 0.383358270 -0.169417351
v 0.083901674 0.844802916 -0.149400458
v 0.086410590 0.886073291 -0.143418714
v 0.098711237 0.845360219 -0.141392514
v 0.073339947 0.975576758 -0.116479889
v 0.077538200 0.955742776 -0.124964528
v 0.064758092 0.960528731 -0.127362236
v 0.080041490 0.517408848 -0.169417232
v 0.078973047 0.544436336 -0.168329597
v 0.088012375 0.538171649 -0.172501624
v 0.055414058 0.885604858 -0.147006854
v 0.062921561 0.843259275 -0.152718097
v 0.049204376 0.843430579 -0.148067981
v 0.050093777 0.954993844 -0.130382895
v 0.047576677 0.933876812 -0.136385903
v 0.064718992 0.989938021 -0.110651158
v 0.077135295 0.989156246 -0.106422476
v -0.039604615 0.958431005 0.062731177
v -0.023115221 0.957765222 0.064650878
v -0.023647146 0.976185620 0.062229715
v 0.054830514 0.960699499 0.059571791
v 0.061826698 0.942787409 0.062850453
v 0.068495989 0.958525360 0.058466811
v 0.131694794 0.957362652 0.026755091
v -0.112220354 0.970475495 -0.101280406
v -0.110743709 0.982857168 -0.092749752
v 0.031947006 0.989411592 -0.115114309
v 0.048954412 0.990307987 -0.113449223
v 0.049134225 0.975127220 -0.121341281
v -0.264675915 0.469703525 -0.064377233
v -0.261590272 0.493292272 -0.064238459
v -0.275873035 0.377144247 -0.066584326
v -0.268826783 0.436176658 -0.065042600
v -0.262674451 0.467398077 0.015897136
v -0.256938845 0.466570497 0.026122373
v -0.255014449 0.490451604 0.023690790
v -0.253371000 0.561276019 0.007760040
v -0.248891249 0.560532212 0.016644504
v -0.245493352 0.593257248 0.013653225
v -0.084550515 0.295260847 0.165113926
v -0.081035428 0.360658556 0.155897260
v -0.109766610 0.349407047 0.165941596
v -0.101176977 0.901622772 0.060870096
v -0.094747417 0.921293020 0.056494981
v -0.107306339 0.917807758 0.056417596
v -0.052152000 0.938969791 0.066319309
v -0.052657064 0.959056973 0.062005136
v 0.053962830 0.291110575 0.172100693
v 0.052822690 0.359479100 0.161031917
v 0.036762118 0.344805330 0.174381047
v 0.050927345 0.418881238 0.151398599
v 0.050363444 0.451508403 0.146437049
v 0.035324629 0.450877666 0.158036545
v 0.199447304 0.489086360 0.091014892
v 0.201637447 0.463992506 0.093815908
v 0.223641872 0.468516827 0.087307811
v 0.153227583 0.874981701 0.043023445
v 0.147677153 0.898482859 0.038154282
v 0.135331377 0.894878089 0.046040967
v 0.216857776 0.300209761 0.113364242
v 0.210411787 0.368546844 0.104848325
v 0.187488735 0.366594583 0.112156637
v 0.162956104 0.483480155 0.117279477
v 0.164746881 0.459102333 0.120017707
v 0.179318801 0.460107028 0.100991763
v 0.167858168 0.425020039 0.123927712
v 0.173091516 0.366228014 0.131576434
v 0.254958719 0.303702682 0.088904276
v 0.247958153 0.374123931 0.081209294
v 0.233146176 0.371996015 0.098389730
v 0.270558655 0.375417084 0.018045336
v 0.167854264 0.798944056 0.056408431
v 0.160842299 0.840612292 0.049864419
v 0.146201670 0.837241054 0.057881165
v 0.186851338 0.370072216 -0.162754506
v 0.168941632 0.369845301 -0.147841185
v 0.173253924 0.424769491 -0.149835542
v 0.180888698 0.501874387 -0.151856706
v 0.163972646 0.499666721 -0.145930871
v 0.162256882 0.522590518 -0.145493776
v 0.141403377 0.849011779 -0.132935926
v 0.127651721 0.847195745 -0.137703761
v 0.121819451 0.888354599 -0.132355720
v 0.103075556 0.913041592 -0.130352542
v 0.118063398 0.914483607 -0.126978546
v 0.124273591 0.582595706 -0.135277495
v 0.121038944 0.633380175 -0.135900289
v 0.135595247 0.632536232 -0.136520416
v -0.069349580 0.879696429 0.076315649
v -0.078776941 0.879996896 0.069812320
v -0.081784666 0.855510473 0.074095070
v -0.075431064 0.956323087 0.054567344
v -0.071465969 0.940236270 0.060104162
v -0.064911559 0.959585845 0.058698419
v 0.113684200 0.350299001 0.164284587
v 0.092270486 0.361642927 0.154495120
v 0.096280612 0.294998497 0.166101590
v 0.088008299 0.477569193 0.137219504
v 0.088668525 0.453276336 0.140521958
v 0.108104236 0.455789089 0.147775054
v -0.190669209 0.616635919 0.083549321
v -0.198606312 0.628430724 0.063046001
v -0.201522067 0.582852244 0.067092210
v -0.203945428 0.452129096 0.101880632
v -0.210122183 0.458235472 0.076400861
v -0.213412732 0.425899178 0.079486594
v -0.227352887 0.370816141 0.058256101
v -0.219900548 0.369141489 0.085637517
v 0.220737949 0.641328514 -0.076021068
v 0.219744489 0.641643524 -0.055588681
v 0.226312563 0.595573485 -0.055214908
v 0.257201672 0.374060184 -0.055765465
v 0.264910460 0.305963129 -0.056067791
v 0.211413100 0.428644449 -0.116253644
v 0.221559033 0.370798022 -0.118451297
v 0.197893769 0.459511578 -0.121167921
v 0.211625397 0.460131973 -0.114542179
v 0.152058885 0.859107435 -0.108610213
v 0.148007303 0.850596845 -0.120560855
v 0.141582474 0.889679849 -0.116924129
v 0.141160592 0.918331623 -0.103056990
v 0.136896759 0.914501131 -0.113085024
v 0.131506160 0.934915483 -0.108589105
v 0.040823627 0.642226577 -0.156602204
v 0.018111069 0.629441023 -0.167218238
v 0.018007718 0.684815586 -0.165995076
v -0.023652721 0.426873624 -0.188938215
v -0.025543891 0.373848319 -0.193121701
v -0.031340316 0.387159556 -0.184144601
v -0.128706262 0.642154098 -0.124733955
v -0.144206062 0.631349444 -0.126164168
v -0.137405396 0.684519529 -0.124515705
v -0.152422294 0.430613995 -0.129829377
v -0.155548513 0.460468501 -0.131051421
v -0.159688115 0.374201328 -0.133518994
v -0.181102261 0.374700665 -0.139181003
v -0.201984808 0.375209302 -0.136165172
v -0.193808898 0.432846814 -0.135523081
v -0.110462070 0.621259272 0.103455126
v -0.102134168 0.620791376 0.114218280
v -0.099153690 0.670195162 0.106891572
v -0.121413723 0.362816155 0.127033472
v -0.124488994 0.297031730 0.143463776
v -0.120646663 0.363450646 0.139858589
v -0.054651085 0.977490842 0.056955185
v -0.080416560 1.004735112 0.046680640
v -0.082202256 0.992873549 0.045672622
v -0.067831032 0.994130850 0.051877476
v -0.107751615 0.995662570 0.030418290
v -0.118373595 0.995099783 0.020367036
v -0.124908172 0.999826014 0.007084974
v -0.129122987 0.986536682 0.007157180
v -0.128498659 1.009355783 -0.034569167
v -0.130384624 1.004833460 -0.021601319
v -0.127438918 1.017149210 -0.019330513
v -0.124505840 1.008583069 -0.047929019
v -0.117866360 1.010209680 -0.060402565
v -0.106885910 1.024345160 -0.068444699
v -0.108874187 1.011597037 -0.071491390
v -0.086300850 1.013780951 -0.089757130
v -0.073053695 1.014612913 -0.096702918
v -0.057226773 1.028079867 -0.098383397
v -0.058160871 1.014990211 -0.101198010
v -0.006672146 1.012915969 -0.107910618
v 0.012057949 1.015944004 -0.106535926
v 0.012791545 1.002651572 -0.110268258
v 0.010258581 1.001288056 0.065374821
v 0.010216532 0.990014851 0.064011544
v 0.026427200 0.992785692 0.062932633
v 0.061581735 0.988901675 0.055860121
v 0.043687169 0.990882754 0.059871420
v 0.046712149 0.977760375 0.058963235
v 0.076132461 1.004145503 0.050802421
v 0.077653967 0.992792785 0.050117809
v 0.092793278 0.994580805 0.042586416
v 0.128197268 0.989339769 0.007149779
v 0.124345280 1.000953913 0.007779690
v 0.116930336 0.998400629 0.021599192
v 0.128506526 1.005792856 -0.005773907
v 0.129264012 1.005327225 -0.020474423
v 0.126098707 1.016937137 -0.018075418
v 0.127105013 1.007101178 -0.034745429
v 0.122586548 1.008971930 -0.049216744
v 0.119301692 1.020907164 -0.046237640
v 0.094073422 1.013603806 -0.085730270
v 0.106178969 1.012304425 -0.075248770
v 0.065486237 1.012220144 -0.099616505
v 0.080254607 1.014243722 -0.093291193
v 0.080849931 1.001731157 -0.097789787
v -0.006271100 0.987019002 0.064051203
v -0.023479760 0.989778697 0.062821165
v 0.105858393 0.996362448 0.032700021
v -0.024866361 1.028439760 -0.103052899
v -0.024765953 1.015593767 -0.106380351
v -0.041911684 1.015518069 -0.104788862
v 0.046891451 1.028098822 -0.100535259
v 0.048375253 1.015583158 -0.102794230
v 0.030561620 1.018625736 -0.105387285
v -0.040165227 0.990227520 0.060282119
v -0.054589517 0.990947008 0.056437161
v -0.249586865 0.377822101 -0.092558548
v -0.238561824 0.377314717 -0.100835614
v -0.255347967 0.310042322 -0.095890217
v -0.023321761 0.877843797 0.077334575
v -0.023527535 0.853524864 0.081896923
v -0.056433450 0.878933668 0.075635485
v -0.113434717 0.882812619 0.063772008
v -0.120697364 0.883030474 0.057215922
v -0.124436907 0.859786272 0.060897354
v -0.129179835 0.927146018 0.040120993
v -0.134059638 0.907372952 0.043403033
v -0.170362115 0.895955145 0.012324509
v -0.161543503 0.893253684 0.028059071
v -0.184379414 0.901619136 -0.017235799
v -0.179362625 0.899036050 -0.002751955
v -0.180308759 0.902523220 -0.031566259
v -0.160594150 0.944208980 -0.049019493
v -0.179649994 0.901191711 -0.065391861
v -0.170312896 0.905746281 -0.073771164
v -0.176309347 0.881151795 -0.076051407
v -0.155688137 0.906127632 -0.092190228
v -0.151098132 0.901910245 -0.103431478
v -0.141297698 0.908259630 -0.112246834
v -0.117351301 0.951220632 -0.109999090
v -0.100284219 0.910488844 -0.142291412
v -0.109308325 0.909608364 -0.134855717
v -0.103710949 0.930284739 -0.130924389
v -0.069273435 0.880881250 -0.142133459
v -0.070381925 0.907993853 -0.140000448
v -0.027737346 0.952242732 -0.132247627
v -0.031421240 0.930662215 -0.139122382
v 0.034551684 0.916297197 -0.139058352
v 0.015404363 0.911960959 -0.144726291
v 0.014535439 0.933144808 -0.139137790
v 0.002105918 0.938585937 0.070111424
v 0.002157398 0.918363929 0.072115347
v 0.010445746 0.923492312 0.069756337
v 0.038684577 0.920071721 0.068894610
v 0.065112814 0.860464275 0.076995820
v 0.063086241 0.883839190 0.073214501
v 0.091651596 0.908921957 0.067763872
v 0.094372414 0.888785481 0.073453963
v 0.111226760 0.891639531 0.066799380
v 0.127975747 0.869600058 0.062245551
v 0.123867281 0.893267095 0.056166030
v 0.154189572 0.944834173 0.011593292
v 0.146003261 0.941894531 0.023012845
v 0.182340428 0.910813332 -0.017160207
v 0.183486119 0.887127042 -0.044211954
v 0.174741164 0.910981834 -0.044845376
v 0.181742713 0.911311924 -0.035042103
v 0.170322120 0.906980276 -0.076926507
v 0.168696135 0.910975397 -0.064007454
v 0.176170215 0.886237800 -0.064817265
v 0.146927148 0.952839136 -0.080593489
v 0.154312178 0.888347030 -0.101623781
v 0.148871273 0.913500309 -0.098957248
v 0.069136016 0.908544660 -0.144945830
v 0.086186722 0.913045704 -0.137812972
v 0.052282929 0.912803769 -0.141538918
v -0.101179317 0.881969035 0.063854359
v 0.142382652 0.918970168 0.034056328
v 0.137179062 0.939118207 0.030171653
v 0.106572047 0.954833984 -0.114428394
v 0.092284113 0.955067217 -0.118482813
v -0.081599250 0.924792945 0.057758808
v -0.073416576 0.920361876 0.063346058
v 0.130136639 0.958700836 -0.092013113
v 0.125022411 0.954945445 -0.102005728
v 0.118539281 0.973345757 -0.094228841
v -0.076682486 0.473554045 0.139990374
v -0.076070182 0.494240791 0.137279332
v -0.100067586 0.490868419 0.143584192
v -0.000132783 0.471775889 0.154339314
v -0.000116400 0.492331117 0.151225790
v -0.011455250 0.487895638 0.155069396
v 0.129365504 0.503447711 0.140614942
v 0.147981465 0.504683077 0.133353382
v 0.257124722 0.498442888 0.012403874
v 0.254879743 0.520172894 0.011070009
v 0.244609103 0.519342482 0.044345818
v 0.185696870 0.452092707 -0.153810397
v 0.191977024 0.458536923 -0.139176339
v -0.256503820 0.513146222 -0.042067230
v -0.258752108 0.514329851 -0.064013362
v 0.050169785 0.474598229 0.143266663
v 0.049904950 0.495682776 0.140155226
v 0.035198133 0.495419145 0.151000246
v 0.195799947 0.533138216 0.086305246
v 0.197726235 0.510798275 0.088748239
v 0.219091147 0.515738130 0.081897356
v 0.159964368 0.527271867 0.111927308
v 0.161512449 0.505056262 0.114566222
v 0.176008359 0.506214797 0.096302256
v 0.087218739 0.498745590 0.134386227
v 0.066565827 0.496331602 0.130105957
v -0.144758821 0.474770010 0.119662777
v -0.143238097 0.495346755 0.117097437
v -0.150409684 0.491207212 0.116718240
v -0.189843923 0.500032783 0.101611093
v -0.199911386 0.496631503 0.097244613
v -0.206345797 0.501965940 0.073208578
v -0.208034515 0.481247336 0.074814364
v -0.258439243 0.512433171 0.011941209
v -0.253262520 0.511578202 0.021481395
v -0.251281977 0.533619523 0.019257370
v -0.262460321 0.468020439 -0.041920476
v -0.263152838 0.467499107 -0.011829345
v -0.260282040 0.491585553 -0.012602328
v -0.111249685 0.452280670 0.135695472
v -0.113942020 0.420217603 0.142468214
v -0.049876880 0.455104619 0.136284977
v -0.028587120 0.449632555 0.148236439
v -0.028497558 0.471715927 0.145394698
v 0.241483673 0.435203403 0.075016282
v 0.237905204 0.470472842 0.071333356
v -0.243450105 0.535683334 -0.086470798
v -0.242217958 0.512960494 -0.088357069
v -0.257232219 0.519139051 -0.080238752
v -0.217708245 0.489060372 -0.109544635
v -0.215179369 0.509621143 -0.108560979
v -0.206925258 0.508520663 -0.122001164
v -0.191989526 0.506803215 -0.130654871
v -0.173660114 0.504711151 -0.134431213
v -0.154804483 0.482015699 -0.130348712
v -0.153712928 0.502422154 -0.129596069
v -0.136251330 0.500511765 -0.127245203
v 0.245454818 0.467905760 -0.035967670
v 0.255634367 0.470135748 -0.028137073
v 0.257641912 0.436641723 -0.029070746
v 0.221126303 0.508085251 -0.107779264
v 0.206897706 0.505807281 -0.112913661
v 0.204324171 0.528702676 -0.112215623
v 0.238653585 0.511840165 -0.076734796
v 0.231876060 0.510209858 -0.094424404
v 0.228835762 0.532971501 -0.094031684
v 0.161020890 0.478179902 -0.142304912
v 0.167238101 0.456275642 -0.144969404
v 0.146951303 0.455063879 -0.132820472
v 0.082943581 0.454093158 -0.172102779
v 0.091573723 0.448725253 -0.177454531
v -0.010476565 0.450519323 -0.188598260
v 0.017441653 0.454704195 -0.172992155
v 0.010432484 0.425175965 -0.179712757
v -0.090870142 0.456645072 -0.153771728
v -0.077024154 0.456439614 -0.156292066
v 0.244762853 0.465693146 -0.077184379
v 0.244785234 0.467035234 -0.055278126
v 0.249293700 0.433796436 -0.055501353
v -0.128784925 0.499154568 -0.140581459
v -0.124023244 0.494352639 -0.155618265
v -0.028515730 0.492399782 0.142315462
v -0.257893801 0.512738049 -0.013766667
v -0.255133986 0.534704804 -0.014592458
v -0.089714587 0.498431951 -0.154234633
v -0.075828075 0.498462677 -0.155736521
v -0.076360233 0.477916151 -0.156161547
v -0.020913960 0.520242989 -0.184205666
v -0.020691080 0.547634602 -0.182510465
v -0.009174929 0.546804488 -0.183039084
v 0.044833101 0.501141131 -0.157440916
v 0.017614484 0.497057766 -0.171345040
v 0.023727411 0.519074857 -0.167376116
v 0.235389262 0.496210992 0.068802722
v 0.233175620 0.518120468 0.066466250
v 0.238627538 0.513628125 -0.035678685
v 0.249361247 0.517007947 -0.028444521
v 0.252418309 0.495044202 -0.028218733
v 0.187889859 0.502930999 -0.136916786
v 0.189916313 0.481066406 -0.138025373
v 0.142162696 0.542140663 -0.135844201
v 0.160476878 0.550022006 -0.145467192
v 0.238166630 0.512546480 -0.054758582
v 0.241263419 0.490636557 -0.054886062
v -0.109774150 0.495528758 0.131115243
v -0.110406324 0.474904180 0.133337036
v -0.072237425 0.575222433 0.125218421
v -0.073783308 0.542537153 0.130142212
v -0.048489694 0.548087656 0.123499893
v 0.000747563 0.573165894 0.135338068
v 0.000152708 0.540431440 0.141796842
v 0.010609788 0.541688681 0.136167467
v -0.250702858 0.563708067 -0.079066090
v -0.251724541 0.563278794 -0.063019328
v -0.246467069 0.595611811 -0.062722623
v 0.049508460 0.517669857 0.136875272
v 0.049433839 0.543858826 0.132437155
v 0.035292462 0.543583333 0.142513752
v 0.193676382 0.560329258 0.083561756
v 0.172673643 0.555587590 0.091267481
v 0.155771926 0.586994231 0.104475893
v 0.158063188 0.554278076 0.108465612
v 0.086272597 0.520812929 0.131156325
v 0.085143030 0.547577798 0.127134755
v 0.065184399 0.545012414 0.122969039
v -0.141699329 0.517097771 0.114621915
v -0.139719501 0.543444276 0.111430682
v -0.146893501 0.537713468 0.111489065
v -0.187801659 0.521886706 0.098557085
v -0.185513109 0.548280299 0.094906606
v -0.195901662 0.543112397 0.091843992
v -0.187337220 0.555081427 -0.128649741
v -0.201107293 0.557326019 -0.119741432
v 0.115887538 0.679838121 0.112279750
v 0.120172881 0.629417360 0.120437905
v 0.138355494 0.631365240 0.114336610
v 0.245513424 0.603448749 0.006107373
v 0.249440894 0.570088685 0.008155286
v 0.252733171 0.575954258 -0.020672970
v 0.214034036 0.640495062 -0.092451304
v 0.215089723 0.557483017 -0.106280573
v 0.201405421 0.556164622 -0.111373216
v 0.077656135 0.578838229 -0.167015865
v 0.075457439 0.629817784 -0.164745256
v 0.084591530 0.617901623 -0.168594941
v -0.233063713 0.637278318 0.015311570
v -0.240412414 0.638808250 0.009861626
v -0.249541506 0.561917782 -0.042311292
v -0.251832932 0.561527789 -0.016090348
v -0.247329682 0.594236672 -0.017511928
v -0.235285372 0.561654091 -0.086683109
v -0.209126011 0.558390737 -0.106116660
v -0.216971159 0.565779209 -0.093122169
v -0.127820581 0.521064878 -0.139951542
v -0.126668453 0.548151910 -0.139567867
v -0.122110672 0.541671336 -0.154478490
v 0.230859458 0.540550828 0.064162806
v 0.227893725 0.567809939 0.061227985
v 0.214022696 0.565339923 0.076185673
v 0.242810756 0.566700816 -0.029625585
v 0.238248244 0.600298524 -0.030810094
v 0.231460825 0.563382566 -0.036275212
v 0.231022984 0.562436104 -0.054792222
v -0.152410090 0.584340930 -0.128785223
v -0.150944009 0.551581621 -0.128229350
v -0.170122981 0.553021193 -0.132696271
v -0.203225881 0.550201178 0.069322221
v -0.205021396 0.523801863 0.071686044
v -0.097444527 0.537550271 0.136945114
v -0.107391939 0.543829739 0.125279158
v -0.109048955 0.517429233 0.128884420
v -0.028166011 0.540709138 0.134292766
v 0.147330299 0.688299537 -0.141641319
v 0.152742252 0.632209241 -0.142214850
v -0.238714799 0.641004562 -0.062161144
v 0.048883643 0.576066554 0.127012640
v 0.048112534 0.620199323 0.119183823
v 0.034918185 0.609838724 0.130259097
v 0.190707698 0.593295038 0.080029003
v 0.186809570 0.638920307 0.075481065
v 0.167230606 0.634127438 0.083290391
v 0.152432382 0.632206798 0.098538086
v 0.078596272 0.673963904 0.106250167
v 0.081468336 0.624166608 0.114715822
v 0.100584067 0.627081156 0.120745294
v -0.138124138 0.824307144 0.059124190
v -0.151098430 0.827554166 0.058403093
v -0.155557185 0.783776045 0.063785002
v -0.121582307 0.823102295 0.073613830
v -0.129846230 0.823368549 0.066100754
v -0.134343028 0.780085444 0.073534988
v -0.086134270 0.818791032 0.081034981
v -0.024057686 0.818136275 0.087765865
v 0.071422867 0.781870186 0.088970609
v 0.068269610 0.825062454 0.082384937
v 0.054468978 0.822411478 0.077925675
v 0.097432829 0.865623891 0.079767816
v 0.101691671 0.831467032 0.087555043
v 0.119709119 0.833928525 0.081577793
v 0.138647959 0.793711841 0.077309012
v 0.133343950 0.835353732 0.069452539
v 0.188524216 0.802777946 -0.092400767
v 0.197730362 0.748338342 -0.092578650
v 0.187699243 0.748761892 -0.103355773
v 0.176355943 0.749774694 -0.107766300
v 0.165648088 0.761459231 -0.112938091
v -0.070359781 0.738398731 -0.146693558
v -0.056220490 0.737529635 -0.147114158
v -0.124745257 0.728150249 -0.125417069
v -0.117936529 0.739547193 -0.139293194
v -0.120981775 0.685110331 -0.134858578
v -0.137750521 0.739111364 -0.126649469
v -0.171953693 0.686844647 -0.124482721
v -0.165404439 0.743954122 -0.123616949
v -0.151944876 0.742083967 -0.129349843
v -0.174899787 0.800103784 -0.095444702
v -0.181803510 0.746349752 -0.099022977
v -0.186934873 0.759110034 -0.086714931
v -0.217209488 0.749037206 -0.073705800
v -0.203104347 0.748972893 -0.080077797
v -0.213301376 0.692681730 -0.082039349
v -0.197838500 0.738546073 0.032155942
v -0.188503146 0.735784471 0.051848494
v -0.181724742 0.790125608 0.045267135
v -0.181110114 0.722583234 0.070693724
v -0.168370694 0.733767092 0.070878200
v -0.149070874 0.716569841 0.069425479
v -0.149010047 0.673058033 0.077497177
v -0.143026605 0.727611005 0.074793600
v -0.130845845 0.726320386 0.088795178
v -0.118615709 0.724692285 0.088428229
v -0.105261400 0.724165380 0.089358948
v -0.095124848 0.723244786 0.098239496
v -0.090681151 0.774837017 0.089518547
v -0.064501904 0.723386049 0.101116836
v -0.084480412 0.711838782 0.107941970
v -0.008432541 0.711157084 0.113343909
v -0.025116429 0.723317742 0.103847623
v -0.025850007 0.669449210 0.113058053
v 0.002061635 0.724185765 0.105968088
v 0.045715280 0.725248635 0.101430774
v 0.059093889 0.726083159 0.093295783
v 0.075481258 0.728636384 0.097251914
v 0.092212476 0.732015073 0.103539236
v 0.110893376 0.735224068 0.103761904
v 0.144094378 0.739933074 0.085119322
v 0.158067942 0.741984785 0.071426734
v 0.175258771 0.745950162 0.063217074
v 0.016438974 0.546377599 -0.170919046
v 0.043433841 0.546347976 -0.157554507
v -0.088192411 0.547538579 -0.152767032
v -0.074577190 0.547729731 -0.153710768
v -0.075614765 0.520691872 -0.154850081
v 0.081154861 0.495233834 -0.170064002
v 0.071353242 0.495930851 -0.162694022
v -0.022452248 0.456141114 -0.187103301
v -0.028552948 0.456829250 -0.180184558
v -0.015485251 0.739075482 -0.172914356
v -0.027060235 0.738906562 -0.167417988
v 0.038280457 0.740880787 -0.154039562
v 0.017690476 0.740329981 -0.163942084
v 0.017162584 0.793398976 -0.160554916
v 0.078611769 0.741043508 -0.162636504
v 0.070002705 0.741089702 -0.160878524
v 0.068932272 0.794618309 -0.158559382
v 0.094860345 0.743220150 -0.147869006
v 0.101791799 0.744506121 -0.142025471
v 0.101986304 0.688591480 -0.142336816
v 0.156853646 0.734050155 -0.141019538
v 0.161920726 0.748146534 -0.127225280
v 0.168556511 0.691035450 -0.129624739
v -0.119259678 0.370865315 -0.163558185
v -0.120343730 0.308336854 -0.166239858
v -0.127878040 0.358056515 -0.162040934
v -0.093200810 0.372525722 -0.151249990
v -0.102655187 0.372160435 -0.154013053
v -0.101401791 0.426854879 -0.154939607
v -0.209708735 0.305568218 0.125294879
v -0.202966198 0.368640721 0.118190981
v -0.214080870 0.356431395 0.112909168
v -0.157782212 0.298404098 0.140323356
v -0.152982727 0.362728596 0.132952988
v -0.161237165 0.350164950 0.133017287
v -0.119099557 0.362717301 0.157286003
v -0.123560093 0.297870755 0.168267176
v 0.198657721 0.357670695 -0.162951201
v 0.196067527 0.308285385 -0.169692099
v 0.140700996 0.745646596 -0.139957651
v -0.110624589 0.372061551 -0.160239190
v -0.118291765 0.426074862 -0.161669388
v -0.109046221 0.456947803 -0.158697560
v -0.117550962 0.456652403 -0.160402730
v -0.117018476 0.478184015 -0.159548149
v 0.097900748 0.424034983 -0.175285682
v 0.101297252 0.371668965 -0.177419275
v 0.094526634 0.370909125 -0.184014291
v 0.131474480 0.424809217 -0.130019754
v 0.133762658 0.369084120 -0.128063440
v 0.119286537 0.370257616 -0.133886620
v 0.129767373 0.455216557 -0.131221890
v 0.128777355 0.477088273 -0.132314637
v 0.128040388 0.498039871 -0.133295223
v 0.144472703 0.493828952 -0.134510264
v 0.125991628 0.547970116 -0.134734049
v 0.113205463 0.554366291 -0.137848169
v -0.100653641 0.456809700 -0.155256182
v -0.100115083 0.478238374 -0.155658752
v -0.099609226 0.498644292 -0.155325979
v -0.099076204 0.520631373 -0.154865712
v -0.098269105 0.547716558 -0.154164538
v -0.095368460 0.581390083 -0.152683601
v -0.094612293 0.684278011 -0.152316257
v -0.095865637 0.630031168 -0.152354836
v -0.104237400 0.630305231 -0.154994145
v -0.031977773 0.427966952 -0.174478903
v -0.031559899 0.456703544 -0.171499223
v -0.036768656 0.493746132 -0.164676309
v -0.031866275 0.498064876 -0.172001690
v -0.032188009 0.477630168 -0.169837877
v -0.038537167 0.373879671 -0.167097464
v -0.034639467 0.374793977 -0.175743937
v -0.036866784 0.313020617 -0.178630814
v -0.264647603 0.376971424 0.034800783
v -0.259504348 0.433875799 0.029379690
v -0.108069189 0.498860061 -0.157512724
v -0.116375737 0.498528361 -0.158804461
v -0.115683980 0.520446002 -0.158055142
v -0.114708990 0.547620475 -0.157534674
v -0.111970663 0.581396461 -0.156698495
v -0.111945443 0.630218208 -0.156842336
v -0.105201878 0.741049528 -0.156121135
v -0.110921815 0.685031474 -0.156909779
v -0.112780228 0.741379797 -0.153752625
v -0.006206038 0.629217803 -0.178467274
v -0.018032799 0.630061686 -0.178602010
v -0.013919228 0.683390379 -0.176818237
v 0.098066643 0.453516126 -0.170883328
v 0.090037450 0.490683377 -0.174874753
v 0.096554071 0.495308489 -0.167969555
v 0.097373128 0.474803746 -0.169213504
v 0.094825462 0.544606566 -0.165252477
v 0.095774986 0.517612219 -0.166683182
v -0.094683178 0.740133762 -0.153331965
v -0.084184393 0.739717305 -0.149813205
v -0.095727362 0.884475768 -0.147971332
v -0.096053019 0.843223274 -0.151639923
v -0.105736859 0.853207767 -0.150061548
v -0.088034041 0.909330964 -0.142471343
v -0.163430750 0.501531303 0.087282494
v -0.159693837 0.496856540 0.094513595
v -0.158480659 0.518670619 0.093434282
v -0.161292389 0.545535922 0.085423619
v -0.157080039 0.545229316 0.091516688
v -0.176450118 0.423493057 0.098383866
v -0.181216210 0.367207915 0.106046826
v -0.171955273 0.379392505 0.098395318
v -0.172337517 0.477492392 0.092880145
v -0.174027205 0.454878360 0.094762810
v -0.166142985 0.458774716 0.089487270
v -0.167805016 0.519864500 0.088342279
v -0.170669839 0.498347074 0.090721272
v 0.114531845 0.307763427 -0.148782969
v 0.112624742 0.370854527 -0.149660125
v 0.103791833 0.454029292 -0.159632564
v 0.109127395 0.454616487 -0.146093979
v 0.109276287 0.424821317 -0.150661930
v 0.114797354 0.502610743 -0.137167901
v 0.107714236 0.497184128 -0.145832047
v 0.107176565 0.519792855 -0.145771548
v 0.106686331 0.547169209 -0.145072401
v 0.105586715 0.581870914 -0.144476548
v 0.109677345 0.644957423 -0.137726009
v 0.103742585 0.632585406 -0.143087104
v 0.111139350 0.744329751 -0.138627827
v 0.123773105 0.744242191 -0.138238996
v 0.117465533 0.689346135 -0.136626482
v -0.167979419 0.546478450 0.087953217
v -0.162407845 0.624748588 0.079175502
v -0.158410773 0.675746799 0.073271282
v -0.155529574 0.730778098 0.068448581
v -0.127904013 0.420402616 0.122243188
v -0.126459628 0.452242434 0.118941069
v -0.137430444 0.452236235 0.121679649
v -0.124164373 0.517424226 0.112780161
v -0.124866925 0.495572388 0.114734627
v -0.115946032 0.499953836 0.117157795
v -0.119276360 0.576549768 0.106228106
v -0.122637294 0.544079483 0.109807163
v -0.113931939 0.550208628 0.112245962
v -0.141442478 0.610848129 0.103198737
v -0.137309313 0.575737298 0.107565857
v 0.024219202 0.358036369 0.168130606
v 0.019604003 0.418527275 0.157632351
v 0.022125496 0.473399699 0.152585670
v 0.021930488 0.450145543 0.155813262
v 0.022260098 0.516121566 0.144987956
v 0.022215731 0.494201452 0.148899674
v 0.022546206 0.543007970 0.139773533
v 0.022504739 0.619208515 0.124938086
v 0.025124695 0.575046182 0.135275379
v 0.011064338 0.737031043 0.098796651
v 0.021872308 0.725896955 0.105081350
v 0.019324759 0.777642965 0.094986238
v 0.020874418 0.855951071 0.081844479
v 0.021321960 0.819792986 0.088784739
v 0.020592319 0.879904330 0.077674866
v 0.010876189 0.878882527 0.074511267
v -0.049998466 0.373415411 -0.163390785
v -0.051940989 0.312040657 -0.164596513
v -0.061925754 0.456385761 -0.158914447
v -0.047551882 0.456758380 -0.160752937
v -0.048360739 0.426970810 -0.161569834
v -0.044957306 0.477634639 -0.161218539
v -0.047927946 0.498058677 -0.161069408
v -0.060007107 0.547029495 -0.155786276
v -0.046957951 0.546725750 -0.159311548
v -0.050474260 0.520458102 -0.159600213
v -0.057778321 0.617315173 -0.151950002
v -0.045700893 0.629266202 -0.156036958
v -0.046538647 0.580895364 -0.158128262
v -0.043080106 0.681788743 -0.157049939
v -0.044928454 0.737649560 -0.154284164
v -0.035683952 0.726612687 -0.162257865
v -0.044057932 0.839194894 -0.149033666
v -0.013378758 0.884313583 -0.156156585
v -0.018757261 0.910556674 -0.148021221
v -0.002649956 0.907489836 -0.152093485
v 0.091610976 0.630087614 -0.161082864
v 0.093835674 0.578993917 -0.163565904
v 0.086799800 0.741917849 -0.156042501
v 0.084930815 0.796013176 -0.153781295
v 0.073647477 0.834116042 -0.156097159
v 0.112680480 0.836221278 -0.138499692
v 0.104929104 0.797111094 -0.141376436
v 0.029457662 0.915079355 0.073910221
v 0.019737378 0.919031739 0.071668327
v 0.022320740 0.899424195 0.075557545
v -0.007700812 0.953440368 0.068142511
v 0.019181931 0.939229608 0.069495827
v -0.163656756 0.363522351 0.126030460
v -0.168470144 0.299384713 0.133346707
v -0.156851679 0.452208370 0.116097115
v -0.159319043 0.420113564 0.119653411
v -0.156568989 0.496336669 0.104511537
v -0.153711691 0.495709211 0.111466132
v -0.152372316 0.517552972 0.109420709
v -0.150535047 0.543882132 0.106639057
v -0.145037904 0.621624231 0.098246552
v -0.148364812 0.576248646 0.103280313
v -0.137240365 0.727631032 0.083969586
v -0.141075343 0.672716022 0.092032775
v -0.030647606 0.520467281 -0.173296556
v -0.030823793 0.547331452 -0.170455769
v -0.026442735 0.547642887 -0.177332982
v -0.024408393 0.629938841 -0.174285591
v -0.030272203 0.628960192 -0.169550925
v -0.029057939 0.682906985 -0.168326959
v -0.003132567 0.727515340 -0.174099550
v -0.217833266 0.459888905 0.050324611
v -0.232148722 0.462242752 0.037988521
v -0.244270027 0.509958029 0.026565228
v -0.229633346 0.506935298 0.035002582
v -0.228341579 0.528938472 0.033446547
v -0.240522861 0.558960855 0.021946236
v -0.226964980 0.555776954 0.032071471
v -0.224613309 0.588521123 0.029542433
v -0.220808521 0.634048998 0.026197786
v -0.215641573 0.685557365 0.022162747
v -0.209269136 0.742061019 0.017407348
v -0.193699837 0.839443207 0.006721365
v -0.186331436 0.874874771 0.001065680
v 0.151235864 0.299322158 0.165765598
v 0.147142306 0.367020130 0.157144159
v 0.128032684 0.481988043 0.143930033
v 0.121860884 0.457569748 0.147995219
v 0.064593241 0.369648010 -0.163180351
v 0.065904923 0.305715173 -0.166247517
v 0.065222137 0.425249308 -0.160511985
v 0.061722424 0.454209447 -0.157625318
v 0.073272526 0.454625189 -0.163919553
v 0.060933046 0.475913197 -0.157473236
v 0.060065564 0.496490747 -0.157339394
v 0.057361014 0.580226004 -0.156586915
v 0.058952961 0.545925140 -0.156742841
v 0.051152043 0.686326921 -0.154424191
v 0.055283863 0.630609274 -0.155686185
v 0.061170481 0.740827918 -0.156052023
v 0.051284753 0.740291655 -0.153058112
v 0.049171243 0.793913305 -0.150774688
v -0.023270125 0.898001850 0.074473023
v -0.007604561 0.913537920 0.075059853
v -0.028629558 0.417927384 0.152177125
v -0.051185820 0.374077618 0.147300601
v -0.091967367 0.610125065 0.125233769
v -0.076242439 0.809943795 0.089579888
v -0.062025327 0.775297999 0.092875838
v -0.064736366 0.919700265 0.069198750
v -0.088120908 0.941075206 0.054218240
v -0.104343481 0.857743621 0.067641646
v -0.116772920 0.902763844 0.053797428
v -0.156461507 0.622658968 0.078532383
v -0.160751522 0.476072937 0.095739335
v -0.151486292 0.890777767 0.041622434
v -0.182959422 0.581456184 0.090463974
v -0.196827710 0.424594611 0.110842817
v -0.164515436 0.831014454 0.053836603
v -0.166298494 0.941117108 -0.019101560
v -0.226904660 0.746867657 -0.007705105
v -0.243887365 0.639614105 0.001181225
v -0.247704521 0.307148516 0.052239645
v -0.134622142 0.991511345 -0.023316205
v -0.171804562 0.922830343 -0.031419091
v -0.266917259 0.434400409 -0.010490028
v -0.274316072 0.376659781 -0.042199023
v -0.186001316 0.880648911 -0.059019841
v -0.203943342 0.649897635 -0.089783162
v -0.240411460 0.491845906 -0.090357669
v -0.229161873 0.472486764 -0.097091086
v -0.163973987 0.926164806 -0.070444398
v -0.164110363 0.941095650 -0.058281031
v -0.172843680 0.844668865 -0.085876860
v -0.150997430 0.926794410 -0.086851150
v -0.189856842 0.690311611 -0.100854054
v -0.137140960 0.929471016 -0.107121393
v -0.160608992 0.798762679 -0.119593121
v -0.176250428 0.462558210 -0.136388198
v -0.117068954 0.903055370 -0.126691610
v -0.126863897 0.882649541 -0.126085669
v -0.090256371 0.947012722 -0.128801510
v -0.111389659 0.882978916 -0.137965873
v -0.125523388 0.451804757 -0.157398194
v -0.135637358 0.307955652 -0.148486972
v -0.080115601 0.983757675 -0.109793141
v -0.083907060 0.841796756 -0.148416176
v -0.070158206 0.580163956 -0.152349472
v -0.081092387 0.310609490 -0.154019430
v -0.077502951 0.929876208 -0.135915652
v -0.027740259 0.502621651 -0.179499924
v -0.002400006 0.842281520 -0.163803771
v -0.020886244 1.002472281 -0.110890076
v -0.011203330 0.373185515 -0.196032777
v -0.005827724 0.953914702 -0.134623140
v 0.002216699 0.898238242 0.074646689
v 0.005819633 0.289581090 0.179516315
v 0.009624688 0.450440109 0.151222587
v -0.007720068 0.808999598 0.094857275
v 0.002254856 0.775807559 0.096961655
v 0.041256920 0.857562065 0.078050144
v 0.030606756 0.880378008 0.079925969
v 0.073539637 0.925302327 0.066585377
v 0.144392371 0.553943753 0.126128286
v 0.123567678 0.585011363 0.127793759
v 0.128414810 0.297897458 0.171757430
v 0.119952813 0.913307011 0.051337536
v 0.159482881 0.903021216 0.029882343
v 0.177654520 0.883181155 0.022759393
v 0.196818605 0.851239324 0.012732687
v 0.230494902 0.647710681 0.033215038
v 0.227270678 0.741710842 -0.027142566
v 0.133354053 0.993580580 -0.025294999
v 0.264275998 0.478348672 -0.017666563
v 0.153594300 0.948262632 -0.050469324
v 0.183293134 0.858555675 -0.051459696
v 0.219786093 0.643674672 -0.038355526
v 0.256778538 0.388917267 -0.036593132
v 0.126189679 0.997161925 -0.054947071
v 0.161317214 0.930278897 -0.060282376
v 0.211654693 0.694156110 -0.056804303
v 0.206092685 0.737199426 -0.077203982
v 0.234624699 0.488247246 -0.094908424
v 0.256476045 0.305254161 -0.099093676
v 0.239309922 0.357816130 -0.113293074
v 0.178506523 0.649047136 -0.115313351
v 0.183875144 0.692961514 -0.108667262
v 0.208800957 0.306736916 -0.147512510
v 0.185652822 0.525869310 -0.135984465
v 0.176498324 0.551923931 -0.149532720
v 0.088030174 0.309217513 -0.184128955
v 0.086241469 0.934525967 -0.130365163
v 0.069490530 0.545528769 -0.161642894
v 0.052909922 1.002674580 -0.105932049
v -0.284406185 0.310635000 -0.066820428
v -0.247303277 0.464989007 0.030850958
v 0.069926314 0.374172151 0.147617072
v 0.067385495 0.451914430 0.135878369
v 0.204668462 0.429337621 0.097650118
v 0.160691649 0.366855353 0.150982440
v 0.178428784 0.299448192 0.140651330
v 0.259661049 0.375014931 0.056098018
v 0.278035998 0.305508465 0.023605155
v 0.171581358 0.306488544 -0.146449625
v 0.152315706 0.356319517 -0.130767688
v 0.129730046 0.798724711 -0.139636189
v 0.116009347 0.934871197 -0.120927714
v 0.130106971 0.914782047 -0.122780733
v -0.076211378 0.900363147 0.066800013
v -0.088518396 0.880460322 0.063672632
v 0.084985122 0.420361489 0.142943516
v -0.194321707 0.679660320 0.058175195
v -0.207877472 0.630961180 0.041114602
v -0.226816446 0.305668443 0.092584886
v 0.230396211 0.304725558 -0.121503465
v 0.209168717 0.483980179 -0.113633379
v 0.154983640 0.802966058 -0.124611944
v 0.010489777 0.580825508 -0.172494769
v -0.025422852 0.313611001 -0.198934287
v -0.163825616 0.307721764 -0.135735244
v -0.208360314 0.308318645 -0.138582796
v -0.105272524 0.576355100 0.121013917
v -0.096311733 0.994083107 0.038844250
v -0.104841888 1.007715583 0.031559747
v -0.121511482 1.012256503 0.008298277
v -0.129869834 1.002416968 -0.007285523
v -0.121743225 1.021069884 -0.045142017
v -0.098349765 1.012837529 -0.081645019
v -0.084878862 1.026813865 -0.086956419
v 0.011387739 1.028633833 -0.104140393
v 0.043193329 1.002095342 0.061078578
v 0.121574931 1.012209058 0.009602639
v 0.116096623 1.010905743 -0.063174605
v 0.102896914 1.024300456 -0.071766540
v 0.077918172 1.026592970 -0.090049326
v -0.023021663 1.001300812 0.064400084
v 0.103578970 1.007630467 0.033613529
v -0.053382281 1.002619743 0.057547063
v -0.040692814 0.878603995 0.073867679
v -0.160053000 0.910215616 -0.081973702
v 0.076975852 0.886291265 0.076420054
v 0.167441159 0.914353788 -0.052647073
v 0.119589344 0.951006949 -0.112146623
v -0.049431898 0.497598916 0.130748123
v -0.075272486 0.516122758 0.134241909
v 0.010187804 0.493042260 0.145692304
v 0.000009550 0.514134943 0.147141159
v 0.108619072 0.501609743 0.141128421
v 0.258904725 0.524191558 -0.018714856
v 0.252439946 0.542695522 0.009887818
v -0.255732358 0.536491096 -0.063349985
v -0.134811983 0.495502561 0.116262324
v -0.179473072 0.499383092 0.097954564
v -0.214860722 0.504031837 0.048163410
v -0.116737425 0.457091808 0.120621689
v -0.224401206 0.510779083 -0.095551893
v -0.212618649 0.531443834 -0.107322894
v -0.189686671 0.528730571 -0.129655674
v -0.152316988 0.524338961 -0.128824964
v 0.193778276 0.503859699 -0.119376950
v 0.081997968 0.474784791 -0.170979112
v 0.017321177 0.476325512 -0.172371492
v 0.045450646 0.459046453 -0.157792091
v -0.028356921 0.514299631 0.138924539
v -0.061400127 0.502698123 -0.157819420
v -0.021102376 0.581165373 -0.179592118
v 0.246451929 0.539479315 -0.028919952
v 0.161255613 0.583852172 -0.146141008
v 0.234799564 0.535259426 -0.054725248
v -0.011289758 0.534524083 0.146516681
v 0.083483875 0.579880476 0.121908337
v -0.131676838 0.543909729 0.110658273
v -0.175223798 0.554174960 0.090951160
v 0.239429846 0.569133043 0.040134065
v 0.208227813 0.692770243 -0.089385130
v 0.066124961 0.630247474 -0.159310162
v 0.070884340 0.685582280 -0.161761180
v -0.134052709 0.549651802 -0.126065537
v -0.212720737 0.552730560 0.046016186
v 0.062879816 0.621708035 0.110567383
v 0.047035582 0.670180380 0.110757619
v 0.181417555 0.689977050 0.069543794
v 0.148610383 0.683625758 0.092411593
v -0.024394393 0.775269389 0.095524512
v 0.083319537 0.828162253 0.088190190
v 0.106064305 0.788999200 0.095183551
v -0.176293492 0.744659722 -0.112658456
v -0.044141740 0.735692143 0.095480226
v 0.033653144 0.713443577 0.111462414
v 0.129506469 0.738264322 0.098468006
v -0.103652313 0.308858395 -0.154825404
v -0.191908419 0.368638426 0.115080573
v 0.107437186 0.370938867 -0.165275097
v 0.104108207 0.309929281 -0.181037545
v 0.137329578 0.306066662 -0.126423150
v 0.116253830 0.459766269 -0.135698333
v 0.127111554 0.520655572 -0.134094745
v -0.106691726 0.547883093 -0.156126827
v -0.036250092 0.460791737 -0.164085820
v -0.270337492 0.311329186 0.040514793
v 0.102351613 0.496190071 -0.157178849
v 0.101210125 0.545955300 -0.154836968
v -0.096392795 0.795025706 -0.153669178
v -0.153821334 0.544885993 0.100399472
v -0.187995031 0.303290159 0.115043722
v 0.108383410 0.476311386 -0.146252021
v 0.098398782 0.631066263 -0.151199996
v -0.165722698 0.579693675 0.084152229
v -0.125701979 0.474939525 0.116736010
v 0.025597246 0.289307147 0.179196939
v 0.022271033 0.670725644 0.114836499
v -0.036771789 0.553678632 -0.164124280
v -0.036354642 0.629385471 -0.163338065
v -0.046900060 0.791463315 -0.150394693
v 0.089097209 0.686393142 -0.158388585
v -0.155148253 0.475062907 0.113623567
v -0.031721074 0.581854999 -0.168618590
v -0.230665118 0.485860974 0.036233827
v -0.201084182 0.796303213 0.011884877
v 0.059682418 0.518630326 -0.157134548
v -0.028676247 0.924978793 0.069406323
v -0.020800969 0.601162910 0.128589600
v -0.020443488 0.335075676 0.169783846
v -0.087746955 0.442884564 0.147828922
v -0.061135683 0.637264550 0.112335570
v -0.052544978 0.832893729 0.081103362
v -0.049669169 0.912273467 0.070083551
v -0.091249831 0.967886031 0.046966784
v -0.106096625 0.806945324 0.075296231
v -0.125297323 0.637233675 0.099631093
v -0.149781138 0.443524927 0.123716012
v -0.136387855 0.341512263 0.131023169
v -0.105430923 0.955518961 0.044081766
v -0.112669654 0.929734468 0.046751935
v -0.152047083 0.606368482 0.088810951
v -0.161715031 0.444640011 0.101893254
v -0.169159651 0.344093233 0.113806278
v -0.115751646 0.958433509 0.036593441
v -0.136202395 0.879132628 0.049194321
v -0.174726173 0.645176113 0.081685148
v -0.189399615 0.464630932 0.105547063
v -0.118951492 0.972804368 0.029211044
v -0.135229886 0.964275777 0.016895156
v -0.148488224 0.926202595 0.025757222
v -0.175051764 0.847432077 0.030510593
v -0.147533193 0.968764603 -0.008707456
v -0.164096475 0.931747258 -0.003171103
v -0.208224788 0.829260945 -0.008756866
v -0.226519063 0.727396786 0.003175112
v -0.236477628 0.656261027 -0.028453525
v -0.243346125 0.394930214 0.040780947
v -0.146925151 0.970857859 -0.022567747
v -0.157212272 0.949342132 -0.034025136
v -0.193561941 0.856233478 -0.034655940
v -0.215792671 0.765939295 -0.031885386
v -0.275813878 0.356089920 0.005432868
v -0.273652703 0.356475204 -0.087556936
v -0.221058503 0.728861690 -0.055444255
v -0.198125958 0.831472456 -0.054285139
v -0.173893809 0.911195815 -0.050762571
v -0.145283386 0.973751307 -0.043454260
v -0.231559083 0.624176204 -0.083020210
v -0.255457401 0.461864263 -0.087725736
v -0.130770653 0.986207664 -0.057652902
v -0.149582118 0.952566862 -0.067627117
v -0.191601858 0.832189918 -0.075357281
v -0.139382705 0.954353034 -0.084326744
v -0.163268164 0.857471824 -0.101359420
v -0.198342890 0.620496452 -0.108365610
v -0.219153583 0.458440870 -0.115658820
v -0.231334671 0.352744699 -0.120796680
v -0.125998810 0.958051383 -0.100239538
v -0.145480156 0.859199822 -0.121452227
v -0.175298229 0.615880609 -0.128954902
v -0.201249763 0.472622275 -0.130164057
v -0.117886171 0.988914907 -0.077453516
v -0.126006410 0.916777372 -0.121364884
v -0.127820373 0.826149702 -0.126801834
v -0.102735497 0.957331955 -0.114088103
v -0.115892187 0.825305641 -0.135224029
v -0.122411013 0.613323927 -0.145092309
v -0.131633222 0.465715587 -0.135329321
v -0.134678721 0.394763231 -0.137745678
v -0.093810476 0.990987599 -0.095915049
v -0.065049991 0.823845446 -0.144389510
v -0.076634236 0.646947145 -0.148874640
v -0.073866472 0.393621922 -0.157389075
v -0.055390351 0.992187619 -0.109508798
v -0.063363507 0.957464218 -0.124431379
v -0.019170217 0.490292847 -0.187224567
v -0.022760453 0.826087415 -0.161578998
v -0.045284115 0.899445951 -0.140912741
v -0.032505762 0.983322203 -0.117869839
v 0.029123012 0.348561943 -0.173333079
v 0.023444375 0.858533919 -0.150540307
v 0.020517424 0.960709333 -0.127411321
v 0.006851026 0.984302819 -0.119340561
v -0.000510979 0.870471358 0.080801867
v 0.004900220 0.382674903 0.162347794
v -0.003426721 0.441297621 0.159962371
v 0.004670772 0.637143314 0.119931258
v 0.005091880 0.831666410 0.084177054
v 0.009939074 0.965396821 0.064676501
v 0.039441079 0.808297694 0.089783564
v 0.043193568 0.887832105 0.071149155
v 0.035105418 0.952852368 0.065353900
v 0.057257932 0.916143119 0.066829152
v 0.086361043 0.971304059 0.049590670
v 0.093529344 0.935994029 0.058361791
v 0.120011941 0.542453349 0.135579243
v 0.145423546 0.449914128 0.145462722
v 0.125817344 0.387335002 0.156757191
v 0.112626940 0.975406110 0.032526176
v 0.118321650 0.940494239 0.041672513
v 0.136521071 0.971126914 0.012880811
v 0.170853123 0.914784372 0.012642142
v 0.185881570 0.833976507 0.035757530
v 0.203274235 0.732621551 0.048828568
v 0.216718957 0.628921032 0.060183231
v 0.216950551 0.774977684 0.006868090
v 0.199808925 0.864638567 -0.020654639
v 0.165634006 0.942819357 -0.013946773
v 0.144964159 0.975825608 -0.016719230
v 0.240662768 0.665722370 -0.009637466
v 0.257520646 0.463311791 0.026524439
v 0.142260984 0.976367354 -0.040179130
v 0.161862686 0.942786813 -0.041801859
v 0.200493440 0.836908281 -0.039599169
v 0.205581576 0.772330642 -0.039708272
v 0.234744251 0.664498329 -0.032112930
v 0.275348127 0.353516817 -0.025700716
v 0.139097452 0.977594078 -0.051199824
v 0.149810031 0.956984580 -0.063621290
v 0.188883513 0.833928287 -0.068657726
v 0.198814854 0.770878255 -0.054566246
v 0.227001503 0.570188046 -0.088251397
v 0.235387653 0.454979867 -0.101110853
v 0.248626232 0.394611001 -0.090610370
v 0.158961862 0.919667780 -0.088933498
v 0.173480839 0.863096118 -0.094207056
v 0.132420644 0.980859816 -0.072195455
v 0.127199233 0.981519461 -0.077281043
v 0.141279697 0.946970522 -0.090796933
v 0.166992649 0.834727168 -0.104069568
v 0.197966412 0.618835032 -0.108796053
v 0.200396135 0.392951310 -0.135071605
v 0.183397070 0.563103318 -0.127842352
v 0.175200999 0.616298497 -0.138519526
v 0.114669845 0.991564870 -0.080665223
v 0.098127954 0.984142303 -0.101749979
v 0.081958599 0.392370462 -0.174242407
v 0.089916192 0.860703528 -0.144574225
v 0.072354697 0.963567555 -0.123551823
v 0.082431808 0.534307241 -0.171091050
v 0.055447053 0.859158099 -0.149065629
v 0.044557769 0.947441757 -0.132216647
v 0.072227083 0.985314369 -0.111003041
v -0.029094966 0.964748323 0.062690519
v 0.061143752 0.954871476 0.060219102
v 0.127191499 0.967470527 0.025341477
v -0.130453348 0.977671027 -0.072554283
v -0.108026780 0.980752110 -0.095971741
v 0.043485876 0.985276103 -0.116601847
v -0.264479578 0.478620619 -0.070872732
v -0.274098963 0.399809718 -0.072797790
v -0.258720189 0.475426197 0.023665359
v -0.250018001 0.570458233 0.014259029
v -0.093197659 0.338592052 0.162903145
v -0.100865915 0.914396763 0.058102999
v -0.048273072 0.952169120 0.063732050
v 0.047384702 0.335146576 0.169967309
v 0.045313150 0.442834318 0.152653813
v 0.208794519 0.474713713 0.091380827
v 0.145064086 0.890217662 0.042077240
v 0.204191342 0.345233083 0.108878560
v 0.168164864 0.467960209 0.111608438
v 0.174894139 0.388502300 0.121084608
v 0.246229887 0.350573540 0.090889439
v 0.271377802 0.398950309 0.003707969
v 0.158048093 0.826662719 0.054468114
v 0.175866812 0.391130686 -0.153883368
v 0.169962823 0.507967472 -0.149746940
v 0.130895376 0.863355100 -0.135215476
v 0.114249244 0.906655431 -0.129577413
v 0.126778260 0.614277065 -0.135333836
v -0.076721422 0.872994542 0.073739395
v -0.070091486 0.952907562 0.057923079
v 0.101511553 0.338950872 0.161678821
v 0.095653981 0.463008046 0.142280385
v -0.197014689 0.610761881 0.072644487
v -0.208935976 0.449289173 0.087157696
v -0.219354600 0.391289145 0.072914079
v 0.223057583 0.625079930 -0.062632680
v 0.259687454 0.351456940 -0.063272662
v 0.212870345 0.394145221 -0.118280962
v 0.206738889 0.451746285 -0.115884244
v 0.147335023 0.865505159 -0.114958003
v 0.136826143 0.921598852 -0.108239084
v 0.026576567 0.649517953 -0.162497312
v -0.027487971 0.395736545 -0.188861474
v -0.136715144 0.650058389 -0.123811498
v -0.148624107 0.452470541 -0.128389850
v -0.151163727 0.396697998 -0.129814595
v -0.193239465 0.397108108 -0.137601376
v -0.104028031 0.637147248 0.107595481
v -0.121481337 0.341264844 0.135320872
v -0.057773497 0.965867400 0.059105583
v -0.076785453 0.996782422 0.048112042
v -0.112630934 0.992027044 0.027095811
v -0.123970173 0.994640708 0.011694160
v -0.129211083 1.010060191 -0.025298525
v -0.123292461 1.004923940 -0.053409498
v -0.111476690 1.015413642 -0.066853136
v -0.082473338 1.009825945 -0.093278036
v -0.062985659 1.019285321 -0.098937452
v 0.005801434 1.011132836 -0.107971177
v 0.015557635 0.994307518 0.064203344
v 0.050182287 0.986768305 0.058396678
v 0.082427256 0.997211099 0.048080441
v 0.123181768 0.996282041 0.012294485
v 0.128561094 1.008873940 -0.014845814
v 0.123243362 1.012348771 -0.043301221
v 0.103310943 1.008846045 -0.080185696
v 0.075914606 1.010025859 -0.096580483
v -0.017735763 0.985372543 0.062983222
v 0.102315970 0.991987109 0.036086626
v -0.030786803 1.019915581 -0.104878575
v 0.042082023 1.020300746 -0.103230447
v -0.050200753 0.986693323 0.057527594
v -0.255617321 0.400270283 -0.089741908
v -0.246994287 0.355276585 -0.095683552
v -0.017670074 0.870263696 0.080661140
v -0.060566254 0.886313558 0.075536154
v -0.119720317 0.876517832 0.061103243
v -0.126720801 0.919354498 0.042622849
v -0.162420303 0.901084125 0.021558473
v -0.179292277 0.907176256 -0.008374467
v -0.185229823 0.895376325 -0.026404988
v -0.156177953 0.950786114 -0.045714479
v -0.175865576 0.898434162 -0.071775489
v -0.155744851 0.898444951 -0.097169265
v -0.146039352 0.899612844 -0.110627383
v -0.116740637 0.943578899 -0.113646410
v -0.105214544 0.917150915 -0.136604279
v -0.064387880 0.899423659 -0.139712930
v -0.036309332 0.944499493 -0.133309364
v 0.021824058 0.919497311 -0.140841246
v 0.004874838 0.925994813 0.070566565
v 0.042247161 0.927395225 0.066558994
v 0.059252866 0.876353562 0.072393075
v 0.099334069 0.896683574 0.069807105
v 0.121262237 0.885934770 0.061928030
v 0.154265091 0.937796652 0.016957464
v 0.184484899 0.903925359 -0.009040109
v 0.180483565 0.904186010 -0.042212281
v 0.171745822 0.903527200 -0.068775989
v 0.151988193 0.946030498 -0.079203509
v 0.153129786 0.905901790 -0.098776072
v 0.080689259 0.905278921 -0.142563045
v 0.045870867 0.920071900 -0.138915196
v -0.105047598 0.889029860 0.063492432
v 0.135465771 0.931126356 0.033701170
v 0.099151336 0.961837947 -0.113208100
v -0.074982017 0.927540183 0.060449570
v 0.125036716 0.961815000 -0.095994547
v -0.085565709 0.487401396 0.141763851
v -0.003371591 0.485247582 0.154933393
v 0.135675833 0.511071980 0.138352334
v 0.252457589 0.512716413 0.023463173
v 0.191665307 0.449316800 -0.146330744
v -0.258768767 0.506870508 -0.057482179
v 0.044855129 0.488760859 0.145987421
v 0.204831809 0.519726098 0.086359717
v 0.165159792 0.512097418 0.106724083
v 0.080279455 0.490861028 0.132503331
v -0.146408319 0.488328308 0.118041672
v -0.193978742 0.493346035 0.102838516
v -0.204828054 0.494483769 0.083317518
v -0.254966766 0.518848181 0.019227732
v -0.261629581 0.476159215 -0.022591362
v -0.110503763 0.443758339 0.143276826
v -0.034918234 0.457851619 0.141898051
v 0.234824568 0.460924596 0.078754216
v -0.248319969 0.521124184 -0.086084969
v -0.213839218 0.502360344 -0.113684453
v -0.186751634 0.499291182 -0.133209467
v -0.147299901 0.494839579 -0.127557471
v 0.252424866 0.460337222 -0.029798577
v 0.211016133 0.513833284 -0.111640662
v 0.233976543 0.518059909 -0.088987648
v 0.159153655 0.463855773 -0.139840201
v 0.086209111 0.445862889 -0.175387189
v 0.005991595 0.446965873 -0.180502042
v -0.082238637 0.448995829 -0.154940873
v 0.246553823 0.457865268 -0.062804431
v -0.127566546 0.491871893 -0.146674559
v -0.022164108 0.485036463 0.148783818
v -0.256184965 0.519728720 -0.023778765
v -0.081042401 0.491469681 -0.155124396
v -0.018240681 0.537533879 -0.184517160
v 0.028319070 0.504280925 -0.164950833
v 0.229961768 0.510547042 0.073400229
v 0.245971829 0.508384764 -0.029845756
v 0.187187031 0.495455146 -0.144093588
v 0.154733375 0.539058089 -0.141759411
v 0.239896446 0.505167961 -0.062356547
v -0.108072042 0.488351077 0.137514099
v -0.064696260 0.552579701 0.125322178
v 0.003634466 0.550571203 0.137162283
v -0.251193851 0.573003650 -0.069194712
v 0.044422228 0.534662604 0.138537869
v 0.186885700 0.548751891 0.086227790
v 0.161641806 0.564007342 0.100793771
v 0.078522667 0.537025213 0.125892237
v -0.142974883 0.533757031 0.112728663
v -0.189868450 0.538728595 0.096857466
v -0.191418186 0.565703988 -0.125883028
v 0.125321969 0.646327078 0.116835885
v 0.251120895 0.580489278 -0.003709565
v 0.213508233 0.621438861 -0.097586863
v 0.205240011 0.566177607 -0.110057004
v 0.079317026 0.610109448 -0.167646065
v -0.240341842 0.621973872 0.012734861
v -0.249299914 0.571197689 -0.025442222
v -0.243707359 0.552948534 -0.085167386
v -0.209689036 0.569033921 -0.100908674
v -0.125613779 0.537764251 -0.145526260
v 0.224976495 0.557561219 0.068142124
v 0.246275172 0.578120887 -0.028749919
v 0.228752211 0.572211862 -0.047569212
v -0.157038704 0.561628044 -0.130274653
v -0.201453403 0.539980948 0.079136632
v -0.105887242 0.533962011 0.131819472
v -0.034262408 0.551336586 0.127946466
v 0.145137340 0.651236653 -0.139892951
v -0.240598291 0.624201596 -0.056322951
v 0.043737836 0.603483438 0.126313865
v 0.181258813 0.620623648 0.079106204
v 0.149319425 0.615646958 0.106808156
v 0.086778276 0.641116261 0.114388973
v -0.148186296 0.813010097 0.060046799
v -0.129168570 0.810083151 0.071338512
v -0.087620743 0.832479596 0.075352035
v -0.029920118 0.832143843 0.083215132
v 0.064355232 0.810738266 0.081907988
v 0.106523857 0.845032811 0.083556198
v 0.130860835 0.822337210 0.076556705
v 0.191516176 0.767985940 -0.096880533
v 0.170325533 0.769284427 -0.108495124
v -0.065458983 0.719912827 -0.146442205
v -0.120178685 0.720215678 -0.132732138
v -0.133353531 0.719891608 -0.124338321
v -0.163195893 0.724083543 -0.126667023
v -0.180570006 0.766229033 -0.093930081
v -0.212585986 0.729708493 -0.079125419
v -0.189246237 0.755782485 0.042835400
v -0.175081983 0.714238524 0.074462958
v -0.146664575 0.708223104 0.073312446
v -0.121717334 0.743779242 0.086276829
v -0.096743390 0.741774976 0.091693290
v -0.072709657 0.704219103 0.107056960
v -0.019130994 0.703733742 0.110734560
v -0.000913003 0.704372227 0.112511538
v 0.049186639 0.743989050 0.094460487
v 0.079431698 0.748327672 0.096760556
v 0.106157839 0.715409935 0.107275628
v 0.146589011 0.759385884 0.077523053
v 0.178442404 0.765874743 0.058571894
v 0.027428463 0.536405087 -0.165111959
v -0.079895556 0.537833214 -0.153589621
v 0.077646628 0.502626956 -0.167397663
v -0.024865363 0.463679999 -0.184806198
v 0.046499807 0.966798007 0.059912805
v -0.021095924 0.757793784 -0.169468001
v 0.025170270 0.758499265 -0.158924595
v 0.072138526 0.759721041 -0.161416024
v 0.099468805 0.725224674 -0.143751442
v 0.162976846 0.726845801 -0.133742943
v -0.122625232 0.349092901 -0.165426582
v -0.099485278 0.392851859 -0.152637884
v -0.208874404 0.347002059 0.120769501
v -0.157559142 0.340482175 0.135535851
v -0.119421802 0.340405971 0.165466711
v -0.118287385 0.384908020 0.146122754
v 0.194540486 0.348837763 -0.167576745
v 0.148878425 0.725720525 -0.142105818
v -0.115927607 0.392469525 -0.162303329
v -0.114530005 0.464484543 -0.159927040
v 0.098316930 0.391550094 -0.179400891
v 0.127236381 0.390435517 -0.129450306
v 0.135746717 0.447424114 -0.130239904
v 0.133376732 0.490506113 -0.132346347
v 0.120704591 0.558483541 -0.135479033
v -0.097609296 0.464283824 -0.154503882
v -0.096538715 0.505476594 -0.154550642
v -0.094899610 0.557399213 -0.153112441
v -0.098309360 0.647860706 -0.153174564
v -0.030816771 0.449026346 -0.174851105
v -0.032942683 0.490538239 -0.168935776
v -0.036036022 0.354080707 -0.173274040
v -0.265425801 0.398762107 0.031244097
v -0.113452025 0.505726278 -0.158371747
v -0.117771357 0.537417769 -0.157817990
v -0.109895825 0.612618744 -0.156400308
v -0.109701678 0.722394347 -0.156831175
v -0.014281312 0.647629797 -0.178870693
v 0.096251816 0.445688635 -0.174859807
v 0.094851367 0.488002539 -0.171729133
v 0.093007773 0.534440458 -0.169135675
v -0.091330491 0.721343994 -0.151805818
v -0.099164248 0.859639645 -0.151030809
v -0.094879553 0.902902126 -0.144928500
v -0.160387129 0.504081964 0.090878792
v -0.157778010 0.554605305 0.087999806
v -0.176093742 0.389230430 0.099638313
v -0.170584276 0.462674618 0.091275193
v -0.167441472 0.504953325 0.088058539
v 0.114806749 0.349890321 -0.143314555
v 0.107510656 0.446701020 -0.151242942
v 0.109338991 0.504920959 -0.142472044
v 0.108109243 0.557828903 -0.142113015
v 0.104791813 0.652234674 -0.140590400
v 0.117243938 0.725964248 -0.137465104
v -0.165893272 0.536396384 0.086865470
v -0.163160846 0.643162310 0.077595010
v -0.153587699 0.709778428 0.069469512
v -0.160080135 0.750474989 0.067707375
v -0.130631104 0.443984419 0.120799094
v -0.121469341 0.502655268 0.113954894
v -0.118981801 0.554021299 0.108725071
v -0.116982691 0.604657590 0.102940790
v -0.137626752 0.603763819 0.104502507
v 0.019078685 0.382736862 0.161454841
v 0.026316104 0.458825678 0.156750813
v 0.026385428 0.501571894 0.149600729
v 0.018288650 0.532783091 0.139627561
v 0.026786312 0.602565229 0.130827531
v 0.017817102 0.744933784 0.099368565
v 0.024675857 0.833745956 0.087954499
v 0.017280983 0.872595012 0.077191815
v -0.055187035 0.353367060 -0.162842885
v -0.052440938 0.448845744 -0.160284057
v -0.043219227 0.490524262 -0.161936000
v -0.051727146 0.537369668 -0.158250958
v -0.049726795 0.610026777 -0.154960498
v -0.041477669 0.718156755 -0.157710090
v -0.038841739 0.855570197 -0.149523169
v -0.011968354 0.903664112 -0.152463228
v 0.090151004 0.610228002 -0.165301144
v 0.089004748 0.761156201 -0.152631953
v 0.080256589 0.828243494 -0.153798223
v 0.105105773 0.829146385 -0.140108332
v 0.105479091 0.762587190 -0.140682101
v 0.023337409 0.912031412 0.073893249
v -0.000491524 0.951152682 0.068422951
v 0.021536548 0.952139735 0.067435957
v -0.164566085 0.341078520 0.130863354
v -0.156687558 0.443584085 0.119128950
v -0.154289469 0.503007591 0.108916156
v -0.150133878 0.534054518 0.109455690
v -0.145170838 0.604124129 0.101838067
v -0.136850283 0.708855987 0.088965088
v -0.138409182 0.746077538 0.077272989
v -0.029476231 0.537626684 -0.173541546
v -0.027870784 0.647262454 -0.170724794
v -0.011842072 0.719433010 -0.175465912
v -0.030687008 0.718898237 -0.166018054
v -0.227448046 0.453025162 0.041192163
v -0.234504431 0.514986157 0.031096717
v -0.231252268 0.566578448 0.027323192
v -0.223666787 0.651752353 0.020595174
v -0.207555920 0.721649289 0.023479331
v -0.194352865 0.853658259 -0.000148391
v 0.143602222 0.344489157 0.160544649
v 0.129835993 0.466819942 0.145843074
v 0.116994902 0.448340058 0.149881527
v 0.060831580 0.346610874 -0.161715850
v 0.066412397 0.446810395 -0.159717008
v 0.064434730 0.489203066 -0.158772618
v 0.054435387 0.555631638 -0.155712560
v 0.050780252 0.650192142 -0.154700220
v 0.054054894 0.758710563 -0.153026983
v 0.044869900 0.827163696 -0.147851467
v -0.017320946 0.910980642 0.074095860
v -0.032692026 0.636659086 0.114456363
v -0.035461415 0.383305252 0.151656538
v -0.067609072 0.459085852 0.138219804
v -0.078824542 0.603032708 0.123915970
v -0.066173486 0.804267228 0.089511178
v -0.056984745 0.925873697 0.068977974
v -0.083582565 0.953688085 0.052947991
v -0.111910947 0.835391760 0.072022475
v -0.143109784 0.460411847 0.121588215
v -0.125610739 0.384211302 0.124062374
v -0.112482645 0.915364683 0.053603601
v -0.152203158 0.639242649 0.079804093
v -0.162751660 0.461740375 0.092967212
v -0.168008372 0.388260901 0.100981891
v -0.141648382 0.895323396 0.044806845
v -0.184490576 0.609565437 0.087889247
v -0.198008731 0.448334962 0.108064368
v -0.135234594 0.977199376 0.004575064
v -0.149369642 0.941198647 0.012926353
v -0.173862860 0.819653273 0.046724744
v -0.162046969 0.946575820 -0.011992236
v -0.222802937 0.766022623 -0.003493645
v -0.244805157 0.623308182 -0.010810947
v -0.237785593 0.350450844 0.050189346
v -0.138738632 0.982460082 -0.028955292
v -0.167470932 0.935422242 -0.026959833
v -0.205583200 0.829400837 -0.022799959
v -0.227768928 0.728258848 -0.017150326
v -0.271335572 0.398379654 -0.021163940
v -0.215105906 0.767706037 -0.065222546
v -0.192795098 0.858678639 -0.062300328
v -0.181267977 0.897602856 -0.059071790
v -0.213088781 0.657539546 -0.084879227
v -0.239425153 0.477366745 -0.091706038
v -0.142039999 0.974992275 -0.053807661
v -0.161598355 0.938811541 -0.064749554
v -0.177110359 0.858028114 -0.079389937
v -0.146943226 0.940013468 -0.082913943
v -0.170954242 0.830222905 -0.093504637
v -0.196851566 0.655969083 -0.097262427
v -0.221869528 0.475289911 -0.105078831
v -0.230926991 0.398844779 -0.108574420
v -0.136228144 0.942637682 -0.099628404
v -0.157556430 0.829502463 -0.116703346
v -0.181109726 0.652263820 -0.122777186
v -0.189763650 0.456011951 -0.135515794
v -0.116672270 0.980055392 -0.089778982
v -0.122531444 0.900228202 -0.124747075
v -0.132321447 0.859278381 -0.127607897
v -0.099149473 0.943826973 -0.126462296
v -0.110446952 0.859052300 -0.143850103
v -0.123331785 0.650302052 -0.132323205
v -0.129120365 0.449315399 -0.148050129
v -0.132541463 0.348841757 -0.152850062
v -0.089345574 0.981350601 -0.106966980
v -0.074420206 0.856028557 -0.145008847
v -0.067238696 0.609822333 -0.150758252
v -0.085024714 0.352572501 -0.153015941
v -0.070279226 0.981563985 -0.112760641
v -0.079640977 0.943651974 -0.130882934
v -0.023906786 0.505502284 -0.183320150
v -0.011923259 0.857984364 -0.161250338
v -0.018213445 0.993761897 -0.115342312
v 0.005771859 0.392880201 -0.185984671
v 0.009980362 0.827072918 -0.160900667
v 0.007803662 0.947076857 -0.135539740
v 0.019306520 0.993685663 -0.113682851
v 0.005010680 0.885219634 0.074914455
v 0.000860668 0.334063768 0.175521895
v 0.002877846 0.457827359 0.153180137
v -0.002060494 0.601194143 0.132522985
v -0.000447090 0.804122329 0.093908057
v 0.045808073 0.834972620 0.078718722
v 0.037236925 0.874188006 0.077905864
v 0.064779609 0.930528462 0.065760195
v 0.078323364 0.957922101 0.056199331
v 0.084350526 0.920854807 0.065808982
v 0.131901443 0.562735260 0.130393520
v 0.122857578 0.340994567 0.165977955
v 0.106416389 0.963503718 0.042002507
v 0.113767035 0.925977051 0.051263936
v 0.134841919 0.982120693 0.002803467
v 0.169024557 0.898914456 0.023944074
v 0.187362432 0.862171471 0.022221886
v 0.205509931 0.773491085 0.034901030
v 0.220884457 0.662847579 0.045946773
v 0.228726625 0.733676612 -0.011954325
v 0.204569563 0.838188052 -0.000634660
v 0.158821300 0.955613494 -0.026320795
v 0.138484582 0.985240817 -0.027436785
v 0.239307925 0.631889343 0.015072213
v 0.261961579 0.482834011 0.000948010
v 0.152216524 0.954504132 -0.045088939
v 0.186407894 0.864391804 -0.045765061
v 0.222800687 0.732428432 -0.034218632
v 0.229139671 0.628535867 -0.032953665
v 0.261016488 0.400174618 -0.030182989
v 0.130874932 0.988800228 -0.058042627
v 0.156207338 0.942639530 -0.057376701
v 0.181105703 0.863914251 -0.059683152
v 0.207075521 0.729694664 -0.064669788
v 0.223544538 0.549558818 -0.098829076
v 0.239703104 0.473277688 -0.089699142
v 0.248256147 0.348170757 -0.104082353
v 0.168060690 0.904486418 -0.084563464
v 0.185343623 0.833474636 -0.088112317
v 0.132908955 0.960887551 -0.087953061
v 0.155867666 0.864665031 -0.104412720
v 0.184122771 0.656727850 -0.110311933
v 0.202998161 0.347745925 -0.152426094
v 0.182614416 0.543193221 -0.141827300
v 0.173815504 0.655852377 -0.124817632
v 0.111830935 0.983286202 -0.092620365
v 0.083224826 0.993470728 -0.101318590
v 0.089706883 0.350588709 -0.183622465
v 0.084666066 0.948390543 -0.124992169
v 0.075530387 0.554985583 -0.165737361
v 0.068127662 0.827145994 -0.156180769
v 0.055112123 0.963105023 -0.127133444
v -0.017385619 0.950775862 0.067356162
v 0.055171397 0.994480908 -0.110034861
v -0.264869064 0.460488945 -0.057863031
v -0.278074205 0.355048597 -0.059861928
v -0.254948467 0.457687199 0.028588450
v -0.247501776 0.550567329 0.019068750
v -0.069856934 0.384254187 0.148581579
v -0.088588968 0.928250134 0.055822287
v 0.057604425 0.383709908 0.151851535
v 0.055592760 0.459541500 0.140476316
v 0.194223776 0.453515828 0.096050419
v 0.149820983 0.906892657 0.034296863
v 0.216521770 0.392569184 0.100859568
v 0.161682382 0.449909538 0.128468335
v 0.170575857 0.344899118 0.142207548
v 0.249508291 0.397410333 0.072151221
v 0.269738555 0.352390558 0.033325069
v 0.162836969 0.854561865 0.044896800
v 0.164061025 0.347260296 -0.140760705
v 0.157277703 0.491720736 -0.141016811
v 0.123627476 0.830594301 -0.138774455
v 0.121337891 0.921818018 -0.124403991
v 0.115890764 0.652749896 -0.136331439
v -0.080835909 0.886936069 0.066256009
v 0.083117031 0.384871006 0.147118613
v 0.081103757 0.444146276 0.138338283
v -0.200018436 0.646077514 0.053816639
v -0.211282775 0.467060864 0.066016242
v -0.220110893 0.347091466 0.098354779
v 0.216048017 0.659282625 -0.049246773
v 0.253800809 0.398213923 -0.048055016
v 0.230363235 0.347618550 -0.118403159
v 0.215963408 0.469285786 -0.113140844
v 0.148818910 0.834903896 -0.126763090
v 0.136558190 0.907584846 -0.118198738
v 0.007716931 0.611725986 -0.172964156
v -0.022366015 0.354186416 -0.197910979
v -0.152406141 0.613291740 -0.128852293
v -0.162340567 0.468826503 -0.133259818
v -0.168293536 0.352570325 -0.136708304
v -0.211393416 0.352049619 -0.135124058
v -0.100812063 0.603878677 0.121286318
v -0.088174857 0.989175737 0.043158256
v -0.103165850 0.999196649 0.033844091
v -0.125838235 1.004960418 0.002781463
v -0.131777242 0.999864340 -0.017417368
v -0.125372425 1.012515426 -0.042681567
v -0.106123336 1.007793307 -0.076119274
v -0.089923449 1.017895937 -0.086324468
v -0.052854225 1.010927796 -0.103715897
v 0.018086879 1.020573854 -0.105654478
v 0.004635666 0.985555649 0.063836627
v 0.037661146 0.994860053 0.061383262
v 0.072793163 0.988116026 0.052049823
v 0.125424504 1.005890250 0.003827732
v 0.129882857 1.001968265 -0.026263498
v 0.121831104 1.005752802 -0.055260159
v 0.108754046 1.015923262 -0.070244588
v 0.084283240 1.018220663 -0.089958511
v -0.029158238 0.993857265 0.062592380
v 0.109117322 1.000848293 0.029558755
v -0.018565349 1.010988951 -0.108129442
v 0.054968748 1.010719895 -0.102618605
v -0.058630235 0.995440662 0.055374723
v -0.029213639 0.884985328 0.074690282
v -0.051486865 0.871786833 0.075572789
v -0.121108502 0.889968753 0.053495847
v -0.131089434 0.935208857 0.036939416
v -0.160298005 0.885639906 0.034851708
v -0.178676635 0.891051292 0.003337929
v -0.175471440 0.909833252 -0.035980437
v -0.165246487 0.937738895 -0.053092256
v -0.164932489 0.913309395 -0.075651914
v -0.155445158 0.913522005 -0.087574162
v -0.136893749 0.916376114 -0.113939099
v -0.117407724 0.958626986 -0.106533378
v -0.112504818 0.900820017 -0.132610008
v -0.078461833 0.916112661 -0.139768720
v -0.020032004 0.960125089 -0.130591273
v 0.009233450 0.904286921 -0.149546742
v -0.000566031 0.910998642 0.074247055
v 0.035665412 0.912808776 0.071909279
v 0.066669375 0.891340733 0.073470838
v 0.089072831 0.881178796 0.076974936
v 0.126271680 0.900469601 0.051000141
v 0.153223768 0.952289224 0.006246781
v 0.179838017 0.917865396 -0.024285985
v 0.169556201 0.917448521 -0.047190763
v 0.165779099 0.917577505 -0.059334911
v 0.142574638 0.959479988 -0.081026316
v 0.144670695 0.920811236 -0.098977640
v 0.091421351 0.920365691 -0.132974446
v 0.058373179 0.904957950 -0.144924223
v -0.097582072 0.874426186 0.064332664
v 0.138015345 0.946454287 0.027144326
v 0.113634996 0.948044419 -0.116113745
v -0.071574770 0.913399935 0.066940196
v 0.125456363 0.948019683 -0.107920140
v -0.066700220 0.501160562 0.132817283
v 0.003189873 0.499530345 0.147367343
v 0.122768611 0.495989591 0.142728522
v 0.257139981 0.527601719 -0.000998950
v 0.192659035 0.466659397 -0.131797671
v -0.258800149 0.522048354 -0.070153609
v 0.054821454 0.502651453 0.134558514
v 0.190409675 0.501934588 0.090987124
v 0.157903627 0.497980684 0.122634396
v 0.094110407 0.506731451 0.136132881
v -0.140161201 0.502447307 0.116205633
v -0.185646132 0.506879330 0.100116454
v -0.208166137 0.509605825 0.063472226
v -0.251451164 0.504244447 0.023801966
v -0.264346689 0.458903015 -0.000424108
v -0.112559341 0.460788608 0.128927767
v -0.022173900 0.440894932 0.154586107
v 0.240930498 0.480202734 0.064152487
v -0.235931918 0.504991472 -0.090663783
v -0.216705188 0.516583741 -0.103259876
v -0.196922541 0.514324307 -0.128060833
v -0.159873039 0.510065794 -0.131567702
v 0.258786917 0.480465055 -0.026467623
v 0.202562958 0.497840703 -0.114213981
v 0.229667366 0.502307653 -0.099946201
v 0.175381273 0.448213667 -0.150663272
v 0.079491034 0.461572230 -0.168930098
v 0.027768033 0.462773263 -0.166430593
v -0.071786851 0.463908106 -0.157218233
v 0.242919087 0.475437105 -0.047498662
v -0.129999980 0.506538272 -0.134479001
v -0.034763161 0.499877334 0.136056721
v -0.259308040 0.505765438 -0.003225138
v -0.070866071 0.505782008 -0.156110883
v -0.022733526 0.557179153 -0.180281982
v 0.007210381 0.489603370 -0.177829280
v 0.236418501 0.525741100 0.059686981
v 0.253027916 0.525473893 -0.027169317
v 0.188528091 0.510373771 -0.129896656
v 0.166205123 0.560691833 -0.148654297
v 0.236236021 0.519900799 -0.047201738
v -0.111592703 0.502873957 0.125065938
v -0.083311155 0.533033788 0.135108337
v -0.003238433 0.530782580 0.146331385
v -0.252137244 0.553093374 -0.056913573
v 0.053978082 0.553734839 0.126514569
v 0.200092807 0.571910560 0.080632515
v 0.154565841 0.544616401 0.116515838
v 0.091442600 0.558160365 0.128194600
v -0.136477500 0.553453863 0.110068649
v -0.181208834 0.558837354 0.092714123
v -0.182585299 0.545160651 -0.131297514
v 0.114848837 0.612661898 0.123980425
v 0.247485325 0.559902132 0.020322861
v 0.214784846 0.658263862 -0.087226637
v 0.197552577 0.545588434 -0.112766869
v 0.071460009 0.648586988 -0.162147090
v -0.240115166 0.655671775 0.006799670
v -0.254000932 0.551889658 -0.006126392
v -0.227112070 0.571210086 -0.088101692
v -0.208159298 0.548381150 -0.111442298
v -0.127757505 0.558413386 -0.133505851
v 0.230780214 0.578083515 0.054467101
v 0.239446625 0.555545390 -0.030644054
v 0.233216926 0.552605987 -0.062186435
v -0.144862726 0.541031003 -0.126228094
v -0.205412045 0.560771227 0.060240582
v -0.109092794 0.554250181 0.119123928
v -0.021999424 0.530636728 0.141029805
v 0.160814881 0.614390373 -0.145877987
v -0.236754790 0.657753348 -0.067689195
v 0.052224595 0.636989057 0.112357125
v 0.191680476 0.656870008 0.071305141
v 0.155643791 0.648977399 0.090873569
v 0.075652122 0.607138693 0.114732996
v -0.153418481 0.842150211 0.055513684
v -0.130296350 0.837003171 0.061305776
v -0.084658407 0.804334462 0.087064989
v -0.018079765 0.803667128 0.093126044
v 0.071759760 0.839084148 0.082698919
v 0.096678562 0.817454994 0.090908505
v 0.135540336 0.848400831 0.062767722
v 0.203971624 0.729095042 -0.087708056
v 0.182790443 0.730090678 -0.107103206
v -0.075156212 0.757711470 -0.147605702
v -0.115297608 0.759258151 -0.145330653
v -0.140965357 0.759757280 -0.128336892
v -0.167340562 0.763160527 -0.119637929
v -0.183015212 0.726398349 -0.104410671
v -0.194288865 0.767986417 -0.081467293
v -0.187990665 0.715274692 0.061355244
v -0.115232378 0.706374526 0.090401046
v -0.093532309 0.704741478 0.105116226
v -0.057043433 0.742826879 0.095953107
v -0.031062061 0.742904663 0.097689666
v 0.005061928 0.743922532 0.100076996
v 0.042002134 0.705592752 0.108502842
v 0.070802130 0.709002912 0.097704269
v 0.115805574 0.755261004 0.099970117
v 0.141200408 0.720439136 0.092839837
v 0.171340480 0.725494027 0.067654967
v 0.005942153 0.556442499 -0.175981775
v -0.068884291 0.556977570 -0.153839201
v 0.084553823 0.487946421 -0.172952875
v -0.020153996 0.447914124 -0.189524755
v 0.010091871 0.720094681 -0.168882623
v 0.067872815 0.722758472 -0.159788623
v 0.160995319 0.768536866 -0.121042840
v -0.105700001 0.351382732 -0.156366602
v -0.196986198 0.390099496 0.115272745
v -0.148568168 0.384919971 0.130586118
v 0.131836966 0.763992727 -0.139312163
v -0.120671019 0.448623240 -0.161063090
v 0.104458079 0.351266861 -0.175052270
v 0.140730977 0.346857011 -0.126679003
v 0.124410622 0.463301092 -0.132300273
v 0.122714624 0.505724669 -0.134235963
v 0.131282285 0.537483275 -0.133954033
v -0.103657864 0.449266940 -0.156476691
v -0.102688335 0.491837621 -0.156241551
v -0.101538770 0.538052738 -0.155079812
v -0.093298316 0.612281799 -0.151720166
v -0.032537360 0.464335293 -0.168375954
v -0.030451832 0.505604208 -0.174864843
v -0.033083577 0.396112114 -0.177744552
v -0.263744324 0.354985446 0.038466543
v -0.119364098 0.491483569 -0.159166917
v -0.111661188 0.557605863 -0.156996757
v -0.113746941 0.648348927 -0.157084078
v -0.021026500 0.612281561 -0.177809775
v 0.099852011 0.461321652 -0.166799694
v 0.098324001 0.502787411 -0.164198846
v 0.096822254 0.555225670 -0.161384508
v -0.099137709 0.759181857 -0.154761344
v -0.092569798 0.827349126 -0.151661843
v -0.158944130 0.489616752 0.098415829
v -0.156516746 0.535481155 0.095351815
v -0.186811566 0.346700341 0.112259172
v -0.177572161 0.446641594 0.098766766
v -0.173998296 0.491558194 0.094031267
v 0.110021815 0.391105324 -0.154702663
v 0.110735677 0.462714016 -0.142051935
v 0.106128328 0.489627033 -0.149766222
v 0.105082937 0.536722064 -0.148451895
v 0.102737568 0.613178670 -0.146075934
v -0.169691414 0.557267427 0.088016488
v -0.161414787 0.607536614 0.080147780
v -0.122593284 0.460567892 0.117538661
v -0.128587738 0.488514334 0.115799248
v -0.126369879 0.534284353 0.111071110
v 0.028511727 0.333975077 0.174746022
v 0.017334286 0.442132831 0.153967455
v 0.017985117 0.486838341 0.148297638
v 0.026917763 0.552728176 0.140280545
v 0.018415315 0.637400448 0.118934408
v 0.025891226 0.705712974 0.111149631
v 0.017657245 0.806461036 0.088880986
v 0.024041122 0.886747599 0.078276254
v -0.044764400 0.393571943 -0.163443372
v -0.042815112 0.464357078 -0.161456928
v -0.052594762 0.505621433 -0.159704119
v -0.043007094 0.557768464 -0.160554558
v -0.041747067 0.646763265 -0.158374757
v -0.048518669 0.756652355 -0.150494039
v -0.048298556 0.823274493 -0.147476271
v -0.029117683 0.916845739 -0.143317834
v 0.093260936 0.649190009 -0.156823486
v 0.084806941 0.723637640 -0.159733847
v 0.016363904 0.926410973 0.070212513
v -0.162718564 0.385676056 0.121341087
v -0.157048270 0.460681289 0.113089927
v -0.153285921 0.488568127 0.114198923
v -0.150995553 0.554076135 0.103889838
v -0.145004272 0.638621747 0.094477944
v -0.032390937 0.558013439 -0.167922631
v -0.032313351 0.611974299 -0.167664349
v -0.237020463 0.471667051 0.034455691
v -0.224503711 0.498948991 0.038519531
v -0.222298458 0.545042157 0.036199156
v -0.217600688 0.616390705 0.031584837
v -0.210173070 0.762339711 0.011021852
v -0.192653075 0.825034499 0.012970231
v 0.150413722 0.389190316 0.153634444
v 0.068327054 0.392391443 -0.163894027
v 0.057256941 0.462224066 -0.156068563
v 0.055980913 0.503800929 -0.155982256
v 0.062953010 0.535867929 -0.158151358
v 0.060075246 0.612000525 -0.156968817
v 0.048305210 0.722267985 -0.153078392
f 473 472 1
f 3 1813 473
f 4 1813 474
f 476 475 5
f 7 1814 476
f 8 1814 477
f 479 478 9
f 11 1815 479
f 12 1815 480
f 10 1816 481
f 483 482 15
f 481 483 13
f 16 1817 484
f 486 485 7
f 6 1817 486
f 19 1818 487
f 489 488 21
f 18 1818 489
f 490 472 4
f 23 1819 490
f 1 1819 491
f 493 492 25
f 27 1820 493
f 24 1820 494
f 496 495 29
f 31 1821 496
f 28 1821 497
f 32 1822 498
f 500 499 33
f 34 1822 500
f 35 1823 501
f 503 502 37
f 501 503 38
f 39 1824 504
f 506 505 35
f 41 1824 506
f 25 1825 507
f 508 492 24
f 43 1825 508
f 510 509 44
f 25 1826 510
f 43 1826 507
f 512 511 46
f 48 1827 512
f 49 1827 513
f 515 514 50
f 52 1828 515
f 53 1828 516
f 518 517 53
f 55 1829 518
f 54 1829 519
f 56 1830 520
f 43 1830 521
f 520 508 24
f 523 522 44
f 58 1831 523
f 59 1831 524
f 61 1832 525
f 527 526 63
f 60 1832 527
f 64 1833 528
f 530 529 66
f 67 1833 530
f 24 1834 520
f 70 1834 531
f 520 532 56
f 533 532 70
f 534 533 72
f 56 1835 534
f 536 535 56
f 537 536 73
f 57 1836 537
f 539 538 74
f 58 1837 539
f 76 1837 540
f 542 541 77
f 72 1838 542
f 541 543 71
f 545 544 72
f 78 1839 545
f 73 1839 546
f 79 1840 547
f 80 1840 548
f 547 549 81
f 551 550 80
f 82 1841 551
f 83 1841 552
f 554 553 84
f 82 1842 554
f 86 1842 555
f 557 556 87
f 89 1843 557
f 90 1843 558
f 559 541 71
f 93 1844 559
f 77 1844 560
f 562 561 94
f 77 1845 562
f 93 1845 560
f 564 563 96
f 81 1846 564
f 95 1846 565
f 567 566 86
f 79 1847 567
f 96 1847 568
f 570 569 97
f 99 1848 570
f 91 1848 571
f 573 572 101
f 102 1849 573
f 100 1849 574
f 575 566 96
f 104 1850 575
f 86 1850 576
f 577 563 95
f 103 1851 577
f 96 1851 578
f 106 1852 579
f 581 580 95
f 94 1852 581
f 583 582 107
f 93 1853 583
f 582 584 92
f 586 585 104
f 110 1854 586
f 108 1854 587
f 589 588 111
f 113 1855 589
f 101 1855 590
f 592 591 115
f 593 592 92
f 114 1856 593
f 595 594 116
f 107 1857 595
f 115 1857 596
f 598 597 105
f 118 1858 598
f 103 1858 599
f 601 600 120
f 115 1859 601
f 119 1859 602
f 604 603 121
f 117 1860 604
f 122 1860 605
f 110 1861 606
f 608 607 124
f 123 1861 608
f 113 1862 609
f 611 610 125
f 126 1862 611
f 127 1863 612
f 614 613 126
f 128 1863 614
f 616 615 130
f 119 1864 616
f 129 1864 617
f 619 618 132
f 122 1865 619
f 131 1865 620
f 123 1866 621
f 623 622 134
f 133 1866 623
f 135 1867 624
f 611 625 126
f 125 1867 611
f 627 626 137
f 628 627 119
f 114 1868 628
f 138 1869 629
f 631 630 131
f 629 631 130
f 132 1870 632
f 634 633 139
f 632 634 140
f 142 1871 635
f 637 636 138
f 141 1871 637
f 638 634 139
f 145 1872 638
f 634 639 140
f 147 1873 640
f 642 641 149
f 146 1873 642
f 150 1874 643
f 645 644 152
f 153 1874 645
f 151 1875 646
f 648 647 155
f 152 1875 648
f 650 649 156
f 651 650 141
f 137 1876 651
f 158 1877 652
f 654 653 160
f 157 1877 654
f 161 1878 655
f 657 656 163
f 164 1878 657
f 659 658 166
f 168 1879 659
f 165 1879 660
f 662 661 170
f 663 662 156
f 171 1880 663
f 665 664 172
f 142 1881 665
f 170 1881 666
f 175 1882 667
f 669 668 177
f 174 1882 669
f 671 670 178
f 180 1883 671
f 181 1883 672
f 674 673 172
f 178 1884 674
f 673 675 160
f 171 1885 661
f 677 676 183
f 170 1885 677
f 184 1886 678
f 680 679 186
f 187 1886 680
f 682 681 189
f 179 1887 682
f 188 1887 683
f 685 684 190
f 686 685 183
f 192 1888 686
f 182 1889 687
f 686 688 192
f 183 1889 686
f 195 1890 689
f 691 690 2
f 689 691 194
f 9 1891 692
f 694 693 197
f 198 1891 694
f 198 1892 692
f 696 695 200
f 692 696 9
f 5 1893 697
f 699 698 202
f 697 699 201
f 194 1894 689
f 701 700 204
f 195 1894 701
f 205 1895 702
f 704 703 206
f 207 1895 704
f 208 1896 705
f 707 706 210
f 211 1896 707
f 213 1897 708
f 710 709 209
f 212 1897 710
f 214 1898 711
f 713 712 207
f 215 1898 713
f 216 1899 714
f 716 715 214
f 212 1899 716
f 718 717 218
f 719 718 219
f 220 1900 719
f 217 1901 720
f 722 721 221
f 219 1901 722
f 222 1902 723
f 725 724 224
f 225 1902 725
f 727 726 226
f 728 727 227
f 228 1903 728
f 229 1904 729
f 731 730 231
f 228 1904 731
f 733 732 220
f 734 733 232
f 233 1905 734
f 219 1906 735
f 737 736 234
f 232 1906 737
f 739 738 236
f 740 739 233
f 235 1907 740
f 239 1908 741
f 743 742 241
f 238 1908 743
f 242 1909 744
f 746 745 240
f 243 1909 746
f 245 1910 747
f 749 748 243
f 244 1910 749
f 246 1911 750
f 752 751 244
f 247 1911 752
f 754 753 245
f 251 1912 754
f 242 1912 755
f 241 1913 756
f 758 757 251
f 252 1913 758
f 760 759 253
f 761 760 236
f 238 1914 761
f 763 762 254
f 764 763 237
f 236 1915 764
f 245 1916 765
f 767 766 256
f 250 1916 767
f 769 768 258
f 770 769 260
f 257 1917 770
f 772 771 261
f 773 772 255
f 254 1918 773
f 262 1919 774
f 776 775 254
f 253 1919 776
f 263 1920 777
f 758 778 252
f 251 1920 758
f 251 1921 777
f 780 779 265
f 263 1921 780
f 781 767 256
f 265 1922 781
f 250 1922 782
f 267 1923 783
f 785 784 258
f 269 1923 785
f 787 786 270
f 772 787 255
f 261 1924 772
f 261 1925 786
f 789 788 272
f 270 1925 789
f 791 790 273
f 263 1926 791
f 790 792 274
f 793 780 265
f 274 1927 793
f 263 1927 792
f 795 794 277
f 279 1928 795
f 276 1928 796
f 798 797 281
f 283 1929 798
f 280 1929 799
f 801 800 284
f 280 1930 801
f 283 1930 799
f 272 1931 802
f 804 803 286
f 287 1931 804
f 273 1932 805
f 807 806 288
f 286 1932 807
f 809 808 289
f 810 809 271
f 270 1933 810
f 811 809 289
f 290 1934 811
f 809 812 271
f 291 1935 813
f 815 814 289
f 287 1935 815
f 292 1936 816
f 807 817 286
f 288 1936 807
f 294 1937 818
f 820 819 296
f 279 1937 820
f 822 821 297
f 300 1938 822
f 299 1938 823
f 825 824 301
f 303 1939 825
f 294 1939 826
f 828 827 304
f 294 1940 828
f 303 1940 826
f 829 812 290
f 830 829 306
f 271 1941 830
f 832 831 307
f 833 832 306
f 305 1942 833
f 312 1943 834
f 836 835 309
f 311 1943 836
f 313 1944 837
f 314 1944 838
f 837 839 315
f 307 1945 840
f 842 841 318
f 316 1945 842
f 319 1946 843
f 845 844 321
f 322 1946 845
f 313 1947 846
f 848 847 324
f 188 1947 848
f 849 684 192
f 318 1948 849
f 190 1948 850
f 316 1949 840
f 852 851 308
f 307 1949 852
f 854 853 4
f 855 854 205
f 325 1950 855
f 214 1951 856
f 217 1951 857
f 856 858 218
f 734 740 233
f 232 1952 734
f 740 859 235
f 119 1953 628
f 115 1953 602
f 628 591 114
f 141 1954 651
f 129 1954 860
f 651 861 137
f 863 862 193
f 864 863 316
f 192 1955 864
f 865 588 101
f 866 865 326
f 111 1956 866
f 867 572 100
f 98 1957 867
f 101 1957 868
f 870 869 97
f 328 1958 870
f 327 1958 871
f 873 872 329
f 331 1959 873
f 85 1959 874
f 11 1960 875
f 877 876 13
f 332 1960 877
f 333 1961 878
f 880 879 25
f 45 1961 880
f 4 1962 881
f 882 853 325
f 22 1962 882
f 334 1963 883
f 885 884 337
f 335 1963 885
f 336 1964 886
f 888 887 339
f 337 1964 888
f 890 889 340
f 891 890 342
f 343 1965 891
f 240 1966 892
f 894 893 234
f 344 1966 894
f 249 1967 895
f 897 896 341
f 345 1967 897
f 899 898 227
f 900 899 341
f 340 1968 900
f 226 1969 901
f 897 902 345
f 341 1969 897
f 248 1970 903
f 905 904 342
f 249 1970 905
f 257 1971 768
f 785 906 269
f 258 1971 785
f 243 1972 907
f 909 908 344
f 347 1972 909
f 911 910 348
f 350 1973 911
f 300 1973 912
f 914 913 351
f 915 914 353
f 302 1974 915
f 917 916 354
f 314 1975 917
f 356 1975 918
f 920 919 317
f 356 1976 920
f 314 1976 918
f 358 1977 921
f 923 922 360
f 361 1977 923
f 925 924 23
f 29 1978 925
f 19 1978 926
f 26 1979 927
f 22 1979 928
f 927 929 27
f 931 930 229
f 334 1980 931
f 230 1980 932
f 934 933 338
f 935 934 229
f 362 1981 935
f 937 936 61
f 364 1982 937
f 62 1982 938
f 64 1983 939
f 941 940 89
f 939 941 65
f 943 942 88
f 65 1984 943
f 89 1984 941
f 945 944 275
f 266 1985 945
f 276 1985 946
f 947 800 283
f 267 1986 947
f 284 1986 948
f 280 1987 949
f 821 950 297
f 299 1987 821
f 952 951 366
f 280 1988 952
f 299 1988 949
f 954 953 292
f 356 1989 954
f 293 1989 955
f 957 956 293
f 357 1990 957
f 291 1990 958
f 960 959 368
f 370 1991 960
f 367 1991 961
f 185 1992 962
f 964 963 372
f 371 1992 964
f 966 965 147
f 134 1993 966
f 148 1993 967
f 136 1994 968
f 645 969 153
f 152 1994 645
f 970 648 155
f 136 1995 970
f 152 1995 968
f 972 971 373
f 126 1996 972
f 136 1996 973
f 975 974 374
f 16 1997 975
f 34 1997 976
f 39 1998 977
f 375 1998 978
f 977 979 40
f 882 929 22
f 325 1999 882
f 27 1999 980
f 982 981 377
f 27 2000 982
f 376 2000 983
f 984 531 24
f 378 2001 984
f 70 2001 985
f 378 2002 985
f 987 986 71
f 70 2002 987
f 989 988 92
f 990 989 379
f 380 2003 990
f 991 593 92
f 381 2004 991
f 114 2004 992
f 994 993 382
f 114 2005 994
f 381 2005 992
f 995 649 137
f 996 995 383
f 156 2006 996
f 998 997 384
f 996 998 156
f 383 2007 996
f 385 2008 999
f 1001 1000 193
f 182 2008 1001
f 1003 1002 388
f 207 2009 1003
f 387 2009 1004
f 389 2010 1005
f 1007 1006 207
f 218 2010 1007
f 1009 1008 389
f 220 2011 1009
f 390 2011 1010
f 1012 1011 237
f 1013 1012 392
f 233 2012 1013
f 237 2013 1014
f 1016 1015 393
f 391 2013 1016
f 255 2014 1017
f 1019 1018 394
f 393 2014 1019
f 395 2015 1020
f 830 1021 271
f 306 2015 830
f 396 2016 1022
f 1024 1023 306
f 308 2016 1024
f 388 2017 1025
f 855 1026 325
f 205 2017 855
f 1027 732 233
f 1010 1027 390
f 220 2018 1010
f 1029 1028 385
f 171 2019 1029
f 384 2019 1030
f 1032 1031 396
f 193 2020 1032
f 386 2020 1033
f 1035 1034 397
f 980 1035 27
f 325 2021 980
f 101 2022 573
f 113 2022 590
f 573 1036 102
f 1037 1036 113
f 127 2023 1037
f 102 2023 1038
f 1039 691 2
f 18 2024 1039
f 194 2024 1040
f 1041 924 19
f 1 2025 1041
f 23 2025 491
f 1043 1042 45
f 59 2026 1043
f 30 2026 1044
f 1045 509 43
f 57 2027 1045
f 44 2027 1046
f 1048 1047 76
f 537 1048 57
f 73 2028 537
f 1050 1049 81
f 546 1050 73
f 78 2029 546
f 1051 1049 78
f 95 2030 1051
f 81 2030 565
f 107 2031 583
f 561 1052 94
f 93 2031 561
f 1054 1053 106
f 117 2032 1054
f 105 2032 1055
f 117 2033 605
f 1057 1056 120
f 605 1057 122
f 1058 1057 120
f 131 2034 1058
f 122 2034 620
f 130 2035 629
f 637 1059 141
f 138 2035 637
f 1061 1060 144
f 138 2036 1061
f 143 2036 1062
f 159 2037 1063
f 673 1064 172
f 1063 673 160
f 1065 664 170
f 1066 1065 191
f 172 2038 1066
f 1068 1067 188
f 1069 1068 191
f 190 2039 1069
f 3 2040 1070
f 1072 1071 196
f 206 2040 1072
f 215 2041 711
f 716 1073 212
f 214 2041 716
f 398 2042 1074
f 710 1075 212
f 209 2042 710
f 1077 1076 216
f 1078 1077 399
f 221 2043 1078
f 344 2044 1079
f 1078 1080 221
f 399 2044 1078
f 1081 741 238
f 1082 1081 235
f 239 2045 1082
f 1083 756 252
f 743 1083 238
f 241 2046 743
f 264 2047 1084
f 1086 1085 253
f 252 2047 1086
f 1088 1087 272
f 264 2048 1088
f 1087 1089 273
f 287 2049 802
f 789 1090 270
f 272 2049 789
f 293 2050 1091
f 804 1092 287
f 286 2050 804
f 1094 1093 318
f 838 1094 314
f 1093 838 313
f 318 2052 850
f 1067 1095 188
f 190 2052 1067
f 1096 1042 30
f 333 2053 1096
f 45 2053 878
f 239 2054 1097
f 737 1098 232
f 234 2054 737
f 305 2055 831
f 1100 1099 317
f 307 2055 1100
f 1102 1101 333
f 22 2056 1102
f 26 2056 928
f 1104 1103 291
f 305 2057 1104
f 290 2057 1105
f 1107 1106 14
f 401 2058 1107
f 15 2058 1108
f 199 2059 1109
f 1111 1110 403
f 200 2059 1111
f 1112 723 225
f 1113 1112 227
f 222 2060 1113
f 1115 1114 259
f 405 2061 1115
f 260 2061 1116
f 1118 1117 351
f 299 2062 1118
f 1117 823 300
f 1120 1119 406
f 111 2063 1120
f 326 2063 866
f 1122 1121 338
f 1123 1122 409
f 339 2064 1123
f 1125 1124 410
f 1126 1125 343
f 411 2065 1126
f 1128 1127 222
f 1129 1128 340
f 410 2066 1129
f 1130 933 362
f 1131 1130 408
f 338 2067 1131
f 36 2068 1132
f 1134 1133 413
f 37 2068 1134
f 67 2069 528
f 1136 1135 415
f 64 2069 1136
f 415 2070 1136
f 1138 1137 365
f 64 2070 1138
f 1140 1139 327
f 330 2071 1140
f 329 2071 1141
f 1143 1142 98
f 1144 1143 327
f 326 2072 1144
f 1145 483 15
f 40 2073 1145
f 483 1146 13
f 1148 1147 10
f 1149 1148 200
f 14 2074 1149
f 257 2075 1150
f 891 1151 343
f 342 2075 891
f 418 2076 1152
f 1154 1153 111
f 407 2076 1154
f 112 2077 1155
f 1157 1156 419
f 125 2077 1157
f 1158 624 125
f 1159 1158 420
f 135 2078 1159
f 1161 1160 135
f 1162 1161 421
f 153 2079 1162
f 1164 1163 422
f 258 2080 1164
f 268 2080 1165
f 1167 1166 281
f 301 2081 1167
f 278 2081 1168
f 1170 1169 282
f 278 2082 1170
f 277 2082 1171
f 351 2083 1172
f 1174 1173 350
f 352 2083 1174
f 311 2084 834
f 1176 1175 424
f 834 1176 312
f 174 2085 1177
f 1179 1178 186
f 1177 1179 185
f 1181 1180 426
f 165 2086 1181
f 168 2086 660
f 1183 1182 282
f 268 2087 1183
f 283 2087 1184
f 153 2088 643
f 1186 1185 428
f 150 2088 1186
f 1187 1111 403
f 1149 1187 14
f 200 2089 1149
f 1188 1119 326
f 1189 1188 329
f 406 2090 1189
f 1191 1190 429
f 427 2091 1191
f 426 2091 1192
f 176 2092 1193
f 1195 1194 369
f 177 2092 1195
f 425 2093 1196
f 1198 1197 177
f 432 2093 1198
f 1200 1199 260
f 1126 1200 411
f 343 2094 1126
f 1202 1201 433
f 259 2095 1202
f 422 2095 1203
f 1204 913 302
f 1205 1204 366
f 351 2096 1205
f 1207 1206 361
f 302 2097 1207
f 353 2097 915
f 1208 1169 277
f 1209 1208 422
f 282 2098 1209
f 1210 1108 401
f 417 2099 1210
f 15 2099 1211
f 17 2100 1212
f 1214 1213 400
f 7 2100 1214
f 8 2101 1215
f 1217 1216 402
f 202 2101 1217
f 1219 1218 407
f 84 2102 1219
f 108 2102 1220
f 408 2103 1221
f 1223 1222 436
f 409 2103 1223
f 411 2104 1124
f 1225 1224 437
f 410 2104 1225
f 223 2105 1226
f 1225 1227 410
f 437 2105 1225
f 225 2106 1228
f 1230 1229 435
f 408 2106 1230
f 412 2107 1231
f 1233 1232 438
f 413 2107 1233
f 414 2108 1234
f 1236 1235 62
f 415 2108 1236
f 133 2109 621
f 1238 1237 419
f 123 2109 1238
f 439 2110 1239
f 1241 1240 223
f 440 2110 1241
f 1243 1242 246
f 1244 1243 404
f 256 2111 1244
f 1245 820 296
f 276 2112 1245
f 279 2112 796
f 1247 1246 278
f 294 2113 1247
f 279 2113 818
f 320 2114 1248
f 1250 1249 442
f 321 2114 1250
f 1252 1251 83
f 85 2115 1252
f 331 2115 874
f 1254 1253 406
f 85 2116 1254
f 84 2116 1255
f 1256 1218 108
f 418 2117 1256
f 407 2117 1152
f 123 2118 606
f 1258 1257 418
f 606 1258 110
f 421 2119 1259
f 1261 1260 146
f 428 2119 1261
f 405 2120 1262
f 1264 1263 247
f 411 2120 1264
f 1265 1244 404
f 266 2121 1265
f 1244 1266 256
f 1268 1267 433
f 276 2122 1268
f 266 2122 946
f 147 2123 1269
f 1271 1270 420
f 133 2123 1271
f 1272 1236 62
f 1273 1272 416
f 415 2124 1273
f 1275 1274 17
f 434 2125 1275
f 401 2125 1276
f 1277 1214 400
f 8 2126 1277
f 1214 477 7
f 304 2127 1278
f 923 1279 361
f 360 2127 923
f 1280 553 86
f 108 2128 1280
f 84 2128 1220
f 435 2129 1281
f 1283 1282 444
f 436 2129 1283
f 247 2130 1284
f 1286 1285 445
f 437 2130 1286
f 437 2131 1226
f 1241 1287 440
f 223 2131 1241
f 443 2132 1288
f 1290 1289 224
f 439 2132 1290
f 1292 1291 59
f 75 2133 1292
f 446 2133 1293
f 1295 1294 30
f 446 2134 1295
f 31 2134 1296
f 1297 495 28
f 19 2135 1297
f 29 2135 926
f 1298 489 21
f 194 2136 1298
f 18 2136 1040
f 447 2137 1299
f 1301 1300 209
f 208 2137 1301
f 398 2138 1302
f 1304 1303 448
f 399 2138 1304
f 347 2139 1305
f 1304 1306 399
f 448 2139 1304
f 274 2140 1307
f 1309 1308 296
f 288 2140 1309
f 288 2141 816
f 1311 1310 295
f 292 2141 1311
f 164 2142 655
f 1313 1312 157
f 161 2142 1313
f 1315 1314 140
f 149 2143 1315
f 148 2143 1316
f 134 2144 967
f 1314 1317 140
f 148 2144 1314
f 124 2145 1318
f 1320 1319 132
f 134 2145 1320
f 121 2146 1321
f 1323 1322 109
f 118 2146 1323
f 1325 1324 103
f 109 2147 1325
f 104 2147 1326
f 1328 1327 363
f 75 2148 1328
f 74 2148 1329
f 525 1330 61
f 60 2149 525
f 1330 1331 75
f 47 2150 1332
f 46 2150 1333
f 1332 1334 446
f 1336 1335 32
f 28 2151 1336
f 31 2151 497
f 1338 1337 34
f 20 2152 1338
f 28 2152 1339
f 6 2153 484
f 1341 1340 20
f 16 2153 1341
f 1343 1342 203
f 6 2154 1343
f 5 2154 1344
f 201 2155 697
f 1342 1345 203
f 697 1342 5
f 211 2156 705
f 1347 1346 443
f 208 2156 1347
f 208 2157 1299
f 1349 1348 439
f 447 2157 1349
f 440 2158 1239
f 1349 1350 447
f 439 2158 1349
f 448 2159 1305
f 1352 1351 445
f 347 2159 1352
f 347 2160 907
f 749 1353 244
f 243 2160 749
f 1354 1198 177
f 1355 1354 368
f 432 2161 1355
f 1357 1356 163
f 430 2162 1357
f 429 2162 1358
f 322 2163 843
f 1360 1359 423
f 319 2163 1360
f 174 2164 667
f 1362 1361 371
f 175 2164 1362
f 856 712 214
f 218 2165 856
f 207 2165 1007
f 180 2166 672
f 1364 1363 449
f 181 2166 1364
f 1366 1365 367
f 180 2167 1366
f 189 2167 1367
f 1369 1368 442
f 324 2168 1369
f 323 2168 1370
f 1372 1371 315
f 359 2169 1372
f 450 2169 1373
f 1375 1374 354
f 295 2170 1375
f 1374 1376 304
f 169 2171 1377
f 154 2171 1378
f 1377 1379 151
f 1381 1380 167
f 451 2172 1381
f 168 2172 1382
f 69 2173 1383
f 1385 1384 65
f 68 2173 1385
f 41 2174 1386
f 1388 1387 38
f 42 2174 1388
f 375 2175 1389
f 332 2175 1390
f 1389 877 13
f 1389 979 375
f 13 2176 1389
f 40 2176 1146
f 1391 910 300
f 298 2177 1391
f 348 2177 1392
f 360 2178 1278
f 1374 1393 354
f 304 2178 1374
f 1377 1394 169
f 151 2179 1377
f 451 2179 1395
f 1397 1396 451
f 150 2180 1397
f 453 2180 1398
f 455 2181 1399
f 1401 1400 310
f 312 2181 1401
f 350 2182 1402
f 1404 1403 452
f 456 2182 1404
f 456 2183 1402
f 1174 1405 352
f 350 2183 1174
f 457 2184 1406
f 1408 1407 353
f 352 2184 1408
f 361 2185 921
f 1410 1409 458
f 921 1410 358
f 1411 1180 168
f 453 2186 1411
f 426 2186 1412
f 1413 1190 426
f 459 2187 1413
f 429 2187 1414
f 1415 1356 429
f 460 2188 1415
f 163 2188 1416
f 164 2189 1417
f 1419 1418 460
f 461 2189 1419
f 462 2190 1420
f 1362 1421 175
f 371 2190 1362
f 1423 1422 464
f 175 2191 1423
f 463 2191 1424
f 1426 1425 462
f 372 2192 1426
f 173 2192 1427
f 1428 569 91
f 90 2193 1428
f 97 2193 1429
f 1431 1430 453
f 428 2194 1431
f 459 2194 1432
f 1433 1261 146
f 459 2195 1433
f 428 2195 1432
f 146 2196 1434
f 1419 1435 461
f 460 2196 1419
f 461 2197 1436
f 149 2197 1437
f 1436 1438 145
f 1440 1439 369
f 449 2198 1440
f 370 2198 1441
f 1442 1176 424
f 455 2199 1442
f 1176 1399 312
f 1444 1443 322
f 465 2200 1444
f 424 2200 1445
f 1446 845 321
f 466 2201 1446
f 322 2201 1447
f 461 2202 1417
f 1449 1448 158
f 164 2202 1449
f 159 2203 1450
f 1452 1451 145
f 144 2203 1452
f 159 2204 1453
f 144 2204 1450
f 1453 1060 143
f 1455 1454 51
f 469 2205 1455
f 468 2205 1456
f 1458 1457 468
f 49 2206 1458
f 48 2206 513
f 66 2207 1459
f 1461 1460 55
f 52 2207 1461
f 67 2208 1462
f 1464 1463 52
f 51 2208 1464
f 414 2209 1465
f 1454 1466 51
f 468 2209 1454
f 454 2210 1467
f 1404 1468 456
f 452 2210 1404
f 1470 1469 465
f 456 2211 1470
f 455 2211 1471
f 1473 1472 457
f 466 2212 1473
f 1472 1474 458
f 1475 1410 458
f 467 2213 1475
f 1410 1476 358
f 1478 1477 358
f 450 2214 1478
f 359 2214 1373
f 1480 1479 355
f 360 2215 1480
f 359 2215 1481
f 1482 1457 48
f 414 2216 1482
f 468 2216 1465
f 1483 527 63
f 47 2217 1483
f 527 1484 60
f 60 2218 1485
f 47 2218 1484
f 1485 1332 446
f 1485 1331 60
f 446 2219 1485
f 75 2219 1293
f 40 2220 1486
f 1488 1487 36
f 35 2220 1488
f 412 2221 1489
f 1491 1490 417
f 1489 1491 434
f 33 2222 1492
f 1494 1493 434
f 1492 1494 374
f 33 2223 500
f 374 2223 1492
f 500 974 34
f 1495 499 32
f 438 2224 1495
f 33 2224 1496
f 1497 694 197
f 337 2225 1497
f 198 2225 1498
f 199 2226 1499
f 888 1500 337
f 339 2226 888
f 402 2227 1501
f 1123 1502 339
f 409 2227 1123
f 409 2228 1501
f 1217 1503 202
f 402 2228 1217
f 1504 1283 444
f 202 2229 1504
f 436 2229 1505
f 1507 1506 201
f 211 2230 1507
f 204 2230 1508
f 195 2231 1509
f 707 1510 211
f 210 2231 707
f 210 2232 1509
f 1512 1511 196
f 195 2232 1512
f 1513 658 165
f 173 2233 1513
f 166 2233 1514
f 1516 1515 427
f 462 2234 1516
f 165 2234 1517
f 427 2235 1518
f 1422 1519 464
f 463 2235 1422
f 1521 1520 162
f 464 2236 1521
f 430 2236 1522
f 1524 1523 161
f 470 2237 1524
f 162 2237 1525
f 161 2238 1526
f 1528 1527 181
f 471 2238 1528
f 1529 670 181
f 160 2239 1529
f 178 2239 675
f 178 2240 1530
f 1532 1531 191
f 1530 1532 179
f 1533 1250 442
f 467 2241 1533
f 321 2241 1534
f 1535 1371 450
f 323 2242 1535
f 315 2242 1536
f 315 2243 837
f 323 2243 1536
f 837 1537 313
f 1538 839 314
f 355 2244 1538
f 315 2244 1539
f 315 2245 1372
f 355 2245 1539
f 1372 1479 359
f 1541 1540 215
f 196 2246 1541
f 213 2246 1542
f 1543 703 205
f 1070 1543 3
f 206 2247 1070
f 206 2248 704
f 215 2248 1544
f 704 713 207
f 1545 1388 38
f 54 2249 1545
f 42 2249 1546
f 1547 503 37
f 53 2250 1547
f 503 1548 38
f 1550 1549 50
f 413 2251 1550
f 469 2251 1551
f 1552 1233 438
f 469 2252 1552
f 413 2252 1551
f 1553 1495 32
f 49 2253 1553
f 438 2253 1554
f 46 2254 1555
f 32 2254 1556
f 1555 1335 31
f 1555 1334 46
f 31 2255 1555
f 446 2255 1296
f 464 2256 1557
f 1559 1558 431
f 176 2256 1559
f 1561 1560 431
f 471 2257 1561
f 449 2257 1562
f 1563 1363 180
f 370 2258 1563
f 449 2258 1441
f 449 2259 1364
f 471 2259 1562
f 1364 1528 181
f 1565 1564 365
f 90 2260 1565
f 89 2260 558
f 1567 1566 328
f 1568 1567 416
f 330 2261 1568
f 1570 1569 330
f 364 2262 1570
f 331 2262 1571
f 1572 1251 331
f 363 2263 1572
f 83 2263 1573
f 1574 1327 74
f 83 2264 1574
f 363 2264 1573
f 1575 549 80
f 76 2265 1575
f 81 2265 1576
f 346 2266 1577
f 731 1578 228
f 231 2266 731
f 227 2267 728
f 362 2267 1579
f 728 1580 228
f 935 1580 362
f 229 2268 935
f 228 2268 729
f 1581 680 186
f 309 2269 1581
f 187 2269 1582
f 186 2270 1583
f 1585 1584 423
f 311 2270 1585
f 425 2271 1586
f 1360 1587 319
f 423 2271 1360
f 320 2272 1588
f 1355 1589 432
f 368 2272 1355
f 441 2273 1590
f 959 1591 368
f 367 2273 959
f 1593 1592 441
f 189 2274 1593
f 324 2274 1594
f 324 2275 848
f 189 2275 1594
f 848 681 188
f 1595 473 1
f 2 2276 1595
f 473 1596 3
f 5 2277 476
f 486 1344 6
f 476 486 7
f 9 2278 479
f 10 2278 1597
f 479 1598 11
f 1147 482 10
f 14 2279 1147
f 482 1106 15
f 1599 485 16
f 17 2280 1599
f 7 2280 1212
f 1600 488 19
f 1601 1600 20
f 21 2281 1601
f 4 2282 490
f 22 2282 881
f 490 1602 23
f 25 2283 493
f 26 2283 1603
f 493 927 27
f 29 2284 496
f 30 2284 1604
f 496 1294 31
f 1488 502 35
f 36 2285 1488
f 37 2285 1132
f 977 505 39
f 40 2286 977
f 35 2286 1486
f 44 2287 510
f 45 2287 1605
f 510 880 25
f 46 2288 512
f 47 2288 1333
f 512 1606 48
f 50 2289 515
f 51 2289 1607
f 515 1464 52
f 53 2290 518
f 52 2290 516
f 518 1461 55
f 44 2291 523
f 57 2291 1046
f 523 1608 58
f 936 526 61
f 62 2292 936
f 63 2292 1609
f 939 529 64
f 1610 939 65
f 66 2293 1610
f 987 533 70
f 71 2294 987
f 533 543 72
f 534 536 56
f 72 2295 534
f 536 544 73
f 74 2296 539
f 75 2296 1329
f 539 1611 58
f 72 2297 545
f 77 2297 542
f 545 1612 78
f 80 2298 551
f 79 2298 548
f 551 1613 82
f 84 2299 554
f 85 2299 1255
f 554 1614 82
f 87 2300 557
f 88 2300 1615
f 557 942 89
f 1616 559 71
f 92 2301 1616
f 559 584 93
f 94 2302 562
f 78 2302 1617
f 562 1612 77
f 96 2303 564
f 79 2303 568
f 564 547 81
f 86 2304 567
f 82 2304 555
f 567 1613 79
f 97 2305 570
f 98 2305 1618
f 570 1619 99
f 96 2306 575
f 103 2306 578
f 575 1324 104
f 95 2307 577
f 105 2307 1620
f 577 597 103
f 1053 580 106
f 1620 1053 105
f 95 2308 1620
f 104 2309 586
f 1621 1326 109
f 586 1621 110
f 111 2310 589
f 112 2310 1622
f 589 1623 113
f 115 2311 592
f 107 2311 596
f 592 582 92
f 116 2312 595
f 106 2312 1624
f 595 1625 107
f 105 2313 598
f 117 2313 1055
f 598 1626 118
f 120 2314 601
f 116 2314 1627
f 601 594 115
f 121 2315 604
f 118 2315 1321
f 604 1626 117
f 1621 607 110
f 1628 1621 109
f 124 2316 1628
f 1623 610 113
f 112 2317 1623
f 125 2317 1155
f 1037 613 127
f 113 2318 1037
f 126 2318 609
f 130 2319 616
f 120 2319 1629
f 616 600 119
f 132 2320 619
f 121 2320 1630
f 619 603 122
f 608 622 123
f 124 2321 608
f 134 2321 1318
f 1631 625 135
f 136 2322 1631
f 126 2322 973
f 861 627 137
f 129 2323 861
f 119 2323 617
f 1632 630 138
f 1633 1632 139
f 131 2324 1633
f 618 633 132
f 131 2325 618
f 139 2325 1633
f 1634 636 142
f 143 2326 1634
f 138 2326 1062
f 139 2327 638
f 144 2327 1635
f 638 1452 145
f 965 641 147
f 148 2328 965
f 149 2328 1316
f 1636 644 150
f 646 1636 151
f 152 2329 646
f 1379 647 151
f 154 2330 1379
f 155 2330 1637
f 1638 650 156
f 142 2331 1638
f 141 2331 635
f 1639 653 158
f 159 2332 1639
f 160 2332 1063
f 1523 656 161
f 162 2333 1523
f 163 2333 1640
f 166 2334 659
f 167 2334 1641
f 659 1380 168
f 666 662 170
f 142 2335 666
f 156 2335 1638
f 1642 665 172
f 143 2336 1642
f 665 1634 142
f 1643 668 175
f 176 2337 1643
f 177 2337 1193
f 178 2338 671
f 179 2338 1530
f 671 1644 180
f 1645 676 171
f 182 2339 1645
f 676 687 183
f 1646 679 184
f 185 2340 1646
f 186 2340 1179
f 189 2341 682
f 180 2341 1367
f 682 1644 179
f 190 2342 685
f 191 2342 1069
f 685 1647 183
f 1001 688 182
f 193 2343 1001
f 688 862 192
f 1512 690 195
f 196 2344 1512
f 2 2344 1648
f 478 693 9
f 12 2345 478
f 197 2345 1649
f 1650 695 198
f 199 2346 1650
f 200 2346 1109
f 475 698 5
f 8 2347 475
f 202 2347 1215
f 1651 700 194
f 1652 1651 203
f 204 2348 1652
f 1301 706 208
f 209 2349 1301
f 210 2349 1653
f 1654 709 213
f 210 2350 1654
f 209 2350 1653
f 1655 715 216
f 217 2351 1655
f 214 2351 857
f 858 718 218
f 217 2352 858
f 718 720 219
f 1655 721 217
f 216 2353 1655
f 721 1076 221
f 1656 724 222
f 223 2354 1656
f 224 2354 1657
f 930 730 229
f 230 2355 930
f 231 2355 1658
f 719 733 220
f 219 2356 719
f 232 2356 735
f 722 736 219
f 221 2357 722
f 234 2357 1659
f 764 739 236
f 237 2358 764
f 739 1011 233
f 1660 742 239
f 240 2359 1660
f 241 2359 1661
f 1662 745 242
f 241 2360 1662
f 240 2360 1661
f 753 748 245
f 242 2361 753
f 243 2361 744
f 1663 751 246
f 245 2362 1663
f 244 2362 747
f 245 2363 754
f 250 2363 765
f 754 1664 251
f 1662 757 241
f 242 2364 1662
f 251 2364 755
f 776 760 253
f 254 2365 776
f 760 762 236
f 773 763 254
f 255 2366 773
f 763 1665 237
f 1663 766 245
f 246 2367 1663
f 256 2367 1242
f 1666 769 258
f 259 2368 1666
f 769 1114 260
f 1667 775 262
f 261 2369 1667
f 254 2369 771
f 1668 778 263
f 264 2370 1668
f 252 2370 1084
f 1664 779 251
f 250 2371 1664
f 265 2371 782
f 256 2372 781
f 266 2372 1266
f 781 1669 265
f 1670 784 267
f 268 2373 1670
f 258 2373 1165
f 810 787 270
f 271 2374 810
f 787 1671 255
f 1667 788 261
f 262 2375 1667
f 272 2375 1672
f 273 2376 791
f 264 2376 1089
f 791 1668 263
f 265 2377 793
f 275 2377 1673
f 793 1674 274
f 277 2378 795
f 278 2378 1171
f 795 1246 279
f 281 2379 798
f 282 2379 1675
f 798 1182 283
f 284 2380 801
f 285 2380 1676
f 801 1677 280
f 1087 803 272
f 805 1087 273
f 286 2381 805
f 790 806 273
f 1307 790 274
f 288 2382 1307
f 1103 814 291
f 290 2383 1103
f 289 2383 811
f 953 817 292
f 293 2384 953
f 286 2384 1091
f 1678 819 294
f 1679 1678 295
f 296 2385 1679
f 297 2386 822
f 298 2386 1680
f 822 1391 300
f 301 2387 825
f 302 2387 1681
f 825 1682 303
f 304 2388 828
f 1678 1376 295
f 828 1678 294
f 290 2389 829
f 305 2389 1105
f 829 833 306
f 852 832 307
f 308 2390 852
f 832 1024 306
f 1401 835 312
f 310 2391 1401
f 309 2391 1683
f 1100 841 307
f 317 2392 1100
f 318 2392 1684
f 1685 844 319
f 320 2393 1685
f 321 2393 1248
f 1537 847 313
f 323 2394 1537
f 324 2394 1370
f 192 2395 849
f 316 2395 864
f 849 842 318
f 474 854 4
f 3 2396 474
f 854 1543 205
f 1686 863 193
f 308 2397 1686
f 863 851 316
f 101 2398 865
f 98 2398 868
f 865 1142 326
f 100 2399 867
f 99 2399 1687
f 867 1619 98
f 97 2400 870
f 90 2400 1429
f 870 1688 328
f 329 2401 873
f 330 2401 1141
f 873 1569 331
f 1598 876 11
f 10 2402 1598
f 13 2402 481
f 1101 879 333
f 26 2403 1101
f 25 2403 1603
f 1689 884 334
f 336 2404 1689
f 337 2404 886
f 1690 887 336
f 338 2405 1690
f 339 2405 1121
f 900 890 340
f 341 2406 900
f 342 2406 1691
f 1660 893 240
f 239 2407 1660
f 234 2407 1097
f 905 896 249
f 342 2408 905
f 341 2408 1691
f 727 899 227
f 226 2409 727
f 341 2409 901
f 1692 902 226
f 346 2410 1692
f 345 2410 1693
f 1694 904 248
f 257 2411 1694
f 342 2411 1150
f 1694 906 257
f 248 2412 1694
f 269 2412 1695
f 746 908 243
f 240 2413 746
f 344 2413 892
f 348 2414 911
f 349 2414 1696
f 911 1697 350
f 1172 914 351
f 352 2415 1172
f 914 1408 353
f 354 2416 917
f 355 2416 1698
f 917 1538 314
f 317 2417 920
f 357 2417 1699
f 920 1700 356
f 1477 922 358
f 359 2418 1477
f 360 2418 1481
f 23 2419 925
f 333 2419 1701
f 925 1702 29
f 229 2420 931
f 336 2420 1703
f 931 1689 334
f 1690 934 338
f 336 2421 1690
f 229 2421 1703
f 61 2422 937
f 363 2422 1704
f 937 1705 364
f 1138 940 64
f 365 2423 1138
f 940 1564 89
f 88 2424 943
f 68 2424 1706
f 943 1385 65
f 275 2425 945
f 265 2425 1673
f 945 1669 266
f 283 2426 947
f 268 2426 1184
f 947 1670 267
f 1677 950 280
f 285 2427 1677
f 297 2427 1707
f 366 2428 952
f 281 2428 1708
f 952 797 280
f 292 2429 954
f 354 2429 1709
f 954 916 356
f 293 2430 957
f 356 2430 955
f 957 1700 357
f 368 2431 960
f 369 2431 1710
f 960 1439 370
f 1646 963 185
f 184 2432 1646
f 372 2432 1711
f 147 2433 966
f 133 2433 1269
f 966 623 134
f 1631 969 136
f 135 2434 1631
f 969 1160 153
f 155 2435 970
f 373 2435 1712
f 970 971 136
f 373 2436 972
f 128 2436 1713
f 972 614 126
f 374 2437 975
f 17 2437 1714
f 975 1599 16
f 377 2438 982
f 24 2438 1715
f 982 494 27
f 1715 984 24
f 377 2439 1715
f 984 1716 378
f 1717 986 378
f 379 2440 1717
f 986 1718 71
f 1616 989 92
f 71 2441 1616
f 989 1718 379
f 92 2442 991
f 380 2442 988
f 991 1719 381
f 1720 994 382
f 137 2443 1720
f 994 626 114
f 1720 995 137
f 382 2444 1720
f 995 1721 383
f 384 2445 998
f 171 2445 1030
f 998 663 156
f 1722 1000 385
f 386 2446 1722
f 193 2446 1033
f 388 2447 1003
f 205 2447 1025
f 1003 702 207
f 1723 1006 389
f 387 2448 1723
f 207 2448 1004
f 389 2449 1009
f 218 2449 1005
f 1009 717 220
f 237 2450 1012
f 391 2450 1014
f 1012 1724 392
f 1665 1015 237
f 255 2451 1665
f 1015 1017 393
f 1671 1018 255
f 271 2452 1671
f 394 2452 1725
f 1726 1021 395
f 394 2453 1726
f 271 2453 1725
f 1727 1023 396
f 395 2454 1727
f 306 2454 1020
f 1728 1026 388
f 397 2455 1728
f 325 2455 1034
f 1013 1027 233
f 392 2456 1013
f 1027 1729 390
f 385 2457 1029
f 1645 999 182
f 1029 1645 171
f 396 2458 1032
f 308 2458 1022
f 1032 1686 193
f 1730 1035 397
f 376 2459 1730
f 1035 983 27
f 2 2460 1039
f 1 2460 1595
f 1039 1731 18
f 19 2461 1041
f 18 2461 487
f 1041 1731 1
f 45 2462 1043
f 44 2462 1605
f 1043 522 59
f 43 2463 1045
f 56 2463 521
f 1045 535 57
f 540 1048 76
f 58 2464 540
f 1048 1608 57
f 1576 1050 81
f 76 2465 1576
f 1050 1047 73
f 78 2466 1051
f 94 2466 1617
f 1051 581 95
f 1625 1052 107
f 579 1625 106
f 94 2467 579
f 106 2468 1054
f 116 2468 1624
f 1054 1732 117
f 1732 1056 117
f 116 2469 1732
f 120 2469 1627
f 120 2470 1058
f 130 2470 1629
f 1058 631 131
f 615 1059 130
f 129 2471 615
f 141 2471 860
f 144 2472 1061
f 1632 1635 139
f 1061 1632 138
f 1453 1064 159
f 143 2473 1453
f 172 2473 1642
f 677 1065 170
f 183 2474 677
f 1065 1647 191
f 188 2475 1068
f 179 2475 683
f 1068 1532 191
f 1596 1071 3
f 2 2476 1596
f 196 2476 1648
f 1540 1073 215
f 213 2477 1540
f 212 2477 708
f 1733 1075 398
f 216 2478 1733
f 212 2478 714
f 1733 1077 216
f 398 2479 1733
f 1077 1302 399
f 894 1080 344
f 234 2480 894
f 221 2480 1659
f 761 1081 238
f 236 2481 761
f 235 2481 738
f 1086 1083 252
f 253 2482 1086
f 1083 759 238
f 1734 1085 264
f 262 2483 1734
f 253 2483 774
f 272 2484 1088
f 262 2484 1672
f 1088 1734 264
f 815 1090 287
f 289 2485 815
f 270 2485 808
f 956 1092 293
f 813 956 291
f 287 2486 813
f 318 2487 1094
f 317 2487 1684
f 1094 919 314
f 1093 1095 318
f 846 1093 313
f 188 2488 846
f 30 2489 1096
f 29 2489 1604
f 1096 1702 333
f 1082 1098 239
f 235 2490 1082
f 232 2490 859
f 1735 1099 305
f 357 2491 1735
f 317 2491 1699
f 333 2492 1102
f 23 2492 1701
f 1102 1602 22
f 291 2493 1104
f 357 2493 958
f 1104 1735 305
f 14 2494 1107
f 400 2494 1736
f 1107 1737 401
f 1738 1110 199
f 402 2495 1738
f 403 2495 1739
f 1740 1112 225
f 362 2496 1740
f 1112 1579 227
f 259 2497 1115
f 404 2497 1741
f 1115 1742 405
f 351 2498 1118
f 366 2498 1205
f 1118 951 299
f 1743 1120 406
f 407 2499 1743
f 1120 1154 111
f 1131 1122 338
f 408 2500 1131
f 1122 1221 409
f 1129 1125 410
f 340 2501 1129
f 1125 889 343
f 1113 1128 222
f 227 2502 1113
f 1128 898 340
f 1740 1130 362
f 225 2503 1740
f 1130 1228 408
f 1744 1133 36
f 412 2504 1744
f 413 2504 1231
f 1745 1135 67
f 414 2505 1745
f 415 2505 1234
f 1273 1137 415
f 416 2506 1273
f 1137 1746 365
f 327 2507 1140
f 328 2507 871
f 1140 1566 330
f 1618 1143 98
f 97 2508 1618
f 1143 869 327
f 15 2509 1145
f 417 2509 1211
f 1145 1747 40
f 10 2510 1148
f 696 1597 9
f 1148 696 200
f 770 1151 257
f 260 2511 770
f 343 2511 1199
f 1748 1153 418
f 112 2512 1748
f 111 2512 1622
f 1748 1156 112
f 418 2513 1748
f 419 2513 1749
f 1157 1158 125
f 419 2514 1157
f 420 2514 1750
f 1159 1161 135
f 420 2515 1159
f 1161 1751 421
f 422 2516 1164
f 259 2516 1203
f 1164 1666 258
f 281 2517 1167
f 366 2517 1708
f 1167 1752 301
f 1675 1170 282
f 281 2518 1675
f 1170 1166 278
f 1117 1173 351
f 912 1117 300
f 350 2519 912
f 1585 1175 311
f 423 2520 1585
f 424 2520 1753
f 1754 1178 174
f 425 2521 1754
f 1178 1755 186
f 426 2522 1181
f 427 2522 1192
f 1181 1515 165
f 1209 1183 282
f 422 2523 1209
f 1183 1163 268
f 1162 1185 153
f 421 2524 1162
f 428 2524 1259
f 1756 1187 403
f 400 2525 1756
f 1187 1736 14
f 1144 1188 326
f 327 2526 1144
f 1188 1139 329
f 429 2527 1191
f 430 2527 1358
f 1191 1757 427
f 1559 1194 176
f 431 2528 1559
f 369 2528 1758
f 1754 1197 425
f 174 2529 1754
f 177 2529 669
f 1116 1200 260
f 405 2530 1116
f 1200 1262 411
f 433 2531 1202
f 1741 1759 404
f 1202 1741 259
f 302 2532 1204
f 301 2532 1681
f 1204 1752 366
f 361 2533 1207
f 303 2533 1760
f 1207 1682 302
f 1761 1208 277
f 433 2534 1761
f 1208 1201 422
f 401 2535 1210
f 434 2535 1276
f 1210 1491 417
f 1274 1213 17
f 401 2536 1274
f 1213 1737 400
f 1762 1216 8
f 403 2537 1762
f 402 2537 1739
f 407 2538 1219
f 406 2538 1743
f 1219 1253 84
f 1230 1222 408
f 435 2539 1230
f 436 2539 1281
f 1264 1224 411
f 247 2540 1264
f 437 2540 1284
f 1656 1227 223
f 222 2541 1656
f 410 2541 1127
f 725 1229 225
f 224 2542 725
f 435 2542 1763
f 1764 1232 412
f 33 2543 1764
f 438 2543 1496
f 1765 1235 414
f 1609 1765 63
f 62 2544 1609
f 1271 1237 133
f 420 2545 1271
f 419 2545 1750
f 1290 1240 439
f 224 2546 1290
f 223 2546 1657
f 1766 1243 246
f 405 2547 1766
f 1243 1742 404
f 296 2548 1245
f 275 2548 1767
f 1245 944 276
f 278 2549 1247
f 301 2549 1168
f 1247 824 294
f 1768 1249 320
f 441 2550 1768
f 442 2550 1769
f 83 2551 1252
f 82 2551 552
f 1252 1614 85
f 1189 1254 406
f 329 2552 1189
f 1254 872 85
f 108 2553 1256
f 110 2553 587
f 1256 1258 418
f 1238 1257 123
f 419 2554 1238
f 418 2554 1749
f 1770 1260 421
f 147 2555 1770
f 146 2555 640
f 1766 1263 405
f 246 2556 1766
f 247 2556 750
f 404 2557 1265
f 433 2557 1759
f 1265 1267 266
f 433 2558 1268
f 277 2558 1761
f 1268 794 276
f 1770 1270 147
f 421 2559 1770
f 420 2559 1751
f 62 2560 1272
f 364 2560 938
f 1272 1771 416
f 17 2561 1275
f 1494 1714 374
f 1275 1494 434
f 400 2562 1277
f 403 2562 1756
f 1277 1762 8
f 827 1279 304
f 303 2563 827
f 361 2563 1760
f 86 2564 1280
f 104 2564 576
f 1280 585 108
f 1772 1282 435
f 443 2565 1772
f 444 2565 1773
f 752 1285 247
f 244 2566 752
f 445 2566 1774
f 1286 1287 437
f 445 2567 1286
f 440 2567 1775
f 1772 1289 443
f 435 2568 1772
f 224 2568 1763
f 59 2569 1292
f 58 2569 524
f 1292 1611 75
f 30 2570 1295
f 59 2570 1044
f 1295 1291 446
f 28 2571 1297
f 1600 1339 20
f 1297 1600 19
f 21 2572 1298
f 1651 1776 203
f 1298 1651 194
f 1777 1300 447
f 398 2573 1777
f 209 2573 1074
f 1777 1303 398
f 447 2574 1777
f 448 2574 1778
f 909 1306 347
f 344 2575 909
f 399 2575 1079
f 1674 1308 274
f 275 2576 1674
f 296 2576 1767
f 1309 1310 288
f 296 2577 1309
f 295 2577 1679
f 1449 1312 164
f 158 2578 1449
f 157 2578 652
f 140 2579 1315
f 145 2579 639
f 1315 1438 149
f 1320 1317 134
f 132 2580 1320
f 140 2580 632
f 1779 1319 124
f 121 2581 1779
f 132 2581 1630
f 1779 1322 121
f 124 2582 1779
f 109 2582 1628
f 103 2583 1325
f 118 2583 599
f 1325 1323 109
f 363 2584 1328
f 61 2584 1704
f 1328 1330 75
f 32 2585 1336
f 34 2585 498
f 1336 1337 28
f 34 2586 1338
f 1341 976 16
f 1338 1341 20
f 1780 1340 6
f 21 2587 1780
f 20 2587 1601
f 203 2588 1343
f 21 2588 1776
f 1343 1780 6
f 1506 1345 201
f 204 2589 1506
f 203 2589 1652
f 1781 1346 211
f 444 2590 1781
f 443 2590 1773
f 1347 1348 208
f 443 2591 1347
f 439 2591 1288
f 1782 1350 440
f 448 2592 1782
f 447 2592 1778
f 1782 1351 448
f 440 2593 1782
f 445 2593 1775
f 1352 1353 347
f 445 2594 1352
f 244 2594 1774
f 1195 1354 177
f 369 2595 1195
f 1354 1710 368
f 163 2596 1357
f 162 2596 1640
f 1357 1520 430
f 1443 1359 322
f 424 2597 1443
f 423 2597 1753
f 1177 1361 174
f 962 1177 185
f 371 2598 962
f 367 2599 1366
f 370 2599 961
f 1366 1563 180
f 442 2600 1369
f 441 2600 1769
f 1369 1592 324
f 354 2601 1375
f 292 2601 1709
f 1375 1311 295
f 167 2602 1381
f 169 2602 1783
f 1381 1394 451
f 1784 1384 69
f 66 2603 1784
f 65 2603 1610
f 506 1387 41
f 35 2604 506
f 38 2604 501
f 1480 1393 360
f 355 2605 1480
f 354 2605 1698
f 451 2606 1397
f 1636 1395 151
f 1397 1636 150
f 1785 1400 455
f 454 2607 1785
f 310 2607 1786
f 1697 1403 350
f 349 2608 1697
f 452 2608 1787
f 1788 1405 456
f 457 2609 1788
f 352 2609 1406
f 1472 1407 457
f 458 2610 1472
f 353 2610 1789
f 1206 1409 361
f 353 2611 1206
f 458 2611 1789
f 168 2612 1411
f 451 2612 1382
f 1411 1396 453
f 426 2613 1413
f 453 2613 1412
f 1413 1430 459
f 429 2614 1415
f 459 2614 1414
f 1415 1790 460
f 657 1418 164
f 163 2615 657
f 460 2615 1416
f 1791 1421 462
f 463 2616 1791
f 175 2616 1424
f 464 2617 1423
f 176 2617 1557
f 1423 1643 175
f 462 2618 1426
f 371 2618 1420
f 1426 964 372
f 91 2619 1428
f 87 2619 1792
f 1428 556 90
f 453 2620 1431
f 150 2620 1398
f 1431 1186 428
f 146 2621 1433
f 460 2621 1434
f 1433 1790 459
f 642 1435 146
f 149 2622 642
f 461 2622 1437
f 369 2623 1440
f 431 2623 1758
f 1440 1560 449
f 424 2624 1442
f 465 2624 1445
f 1442 1469 455
f 322 2625 1444
f 466 2625 1447
f 1444 1793 465
f 321 2626 1446
f 467 2626 1534
f 1446 1794 466
f 1436 1448 461
f 145 2627 1436
f 158 2627 1795
f 1639 1451 159
f 158 2628 1639
f 145 2628 1795
f 51 2629 1455
f 50 2629 1607
f 1455 1549 469
f 468 2630 1458
f 469 2630 1456
f 1458 1796 49
f 1784 1460 66
f 69 2631 1784
f 55 2631 1797
f 530 1463 67
f 66 2632 530
f 52 2632 1459
f 1745 1466 414
f 67 2633 1745
f 51 2633 1462
f 1785 1468 454
f 455 2634 1785
f 456 2634 1471
f 465 2635 1470
f 457 2635 1798
f 1470 1788 456
f 457 2636 1473
f 465 2636 1798
f 1473 1793 466
f 458 2637 1475
f 466 2637 1474
f 1475 1794 467
f 358 2638 1478
f 467 2638 1476
f 1478 1799 450
f 48 2639 1482
f 1765 1800 63
f 1482 1765 414
f 63 2640 1483
f 48 2640 1800
f 1483 1606 47
f 1747 1487 40
f 417 2641 1747
f 36 2641 1801
f 1744 1490 412
f 36 2642 1744
f 417 2642 1801
f 1764 1493 33
f 412 2643 1764
f 434 2643 1489
f 197 2644 1497
f 335 2644 1802
f 1497 885 337
f 1650 1500 199
f 198 2645 1650
f 337 2645 1498
f 1738 1502 402
f 199 2646 1738
f 339 2646 1499
f 1223 1503 409
f 436 2647 1223
f 202 2647 1505
f 444 2648 1504
f 699 1803 201
f 1504 699 202
f 201 2649 1507
f 1781 1803 444
f 1507 1781 211
f 701 1510 195
f 204 2650 701
f 211 2650 1508
f 1654 1511 210
f 213 2651 1654
f 196 2651 1542
f 165 2652 1513
f 462 2652 1517
f 1513 1425 173
f 427 2653 1516
f 463 2653 1518
f 1516 1791 462
f 1757 1519 427
f 430 2654 1757
f 464 2654 1522
f 162 2655 1521
f 1804 1525 470
f 1521 1804 464
f 161 2656 1524
f 471 2656 1526
f 1524 1805 470
f 1313 1527 161
f 157 2657 1313
f 181 2657 1806
f 181 2658 1529
f 157 2658 1806
f 1529 654 160
f 674 1531 178
f 1066 674 172
f 191 2659 1066
f 442 2660 1533
f 450 2660 1807
f 1533 1799 467
f 450 2661 1535
f 442 2661 1807
f 1535 1368 323
f 215 2662 1541
f 206 2662 1544
f 1541 1072 196
f 38 2663 1545
f 53 2663 1548
f 1545 517 54
f 37 2664 1547
f 50 2664 1808
f 1547 514 53
f 50 2665 1550
f 1134 1808 37
f 1550 1134 413
f 438 2666 1552
f 49 2666 1554
f 1552 1796 469
f 32 2667 1553
f 46 2667 1556
f 1553 511 49
f 1804 1558 464
f 1809 1804 470
f 431 2668 1809
f 431 2669 1561
f 470 2669 1809
f 1561 1805 471
f 365 2670 1565
f 328 2670 1810
f 1565 1688 90
f 328 2671 1567
f 365 2671 1810
f 1567 1746 416
f 330 2672 1570
f 416 2672 1568
f 1570 1771 364
f 331 2673 1572
f 364 2673 1571
f 1572 1705 363
f 74 2674 1574
f 80 2674 1811
f 1574 550 83
f 80 2675 1575
f 74 2675 1811
f 1575 538 76
f 1692 1578 346
f 226 2676 1692
f 228 2676 726
f 186 2677 1581
f 311 2677 1583
f 1581 836 309
f 1755 1584 186
f 425 2678 1755
f 423 2678 1586
f 1196 1587 425
f 432 2679 1196
f 319 2679 1812
f 1685 1589 320
f 319 2680 1685
f 432 2680 1812
f 1768 1591 441
f 320 2681 1768
f 368 2681 1588
f 441 2682 1593
f 367 2682 1590
f 1593 1365 189
f 473 1813 472
f 3 474 1813
f 4 472 1813
f 476 1814 475
f 7 477 1814
f 8 475 1814
f 479 1815 478
f 11 480 1815
f 12 478 1815
f 10 482 1816
f 483 1816 482
f 481 1816 483
f 16 485 1817
f 486 1817 485
f 6 484 1817
f 19 488 1818
f 489 1818 488
f 18 487 1818
f 490 1819 472
f 23 491 1819
f 1 472 1819
f 493 1820 492
f 27 494 1820
f 24 492 1820
f 496 1821 495
f 31 497 1821
f 28 495 1821
f 32 499 1822
f 500 1822 499
f 34 498 1822
f 35 502 1823
f 503 1823 502
f 501 1823 503
f 39 505 1824
f 506 1824 505
f 41 504 1824
f 25 492 1825
f 508 1825 492
f 43 507 1825
f 510 1826 509
f 25 507 1826
f 43 509 1826
f 512 1827 511
f 48 513 1827
f 49 511 1827
f 515 1828 514
f 52 516 1828
f 53 514 1828
f 518 1829 517
f 55 519 1829
f 54 517 1829
f 56 521 1830
f 43 508 1830
f 520 1830 508
f 523 1831 522
f 58 524 1831
f 59 522 1831
f 61 526 1832
f 527 1832 526
f 60 525 1832
f 64 529 1833
f 530 1833 529
f 67 528 1833
f 24 531 1834
f 70 532 1834
f 520 1834 532
f 533 1835 532
f 534 1835 533
f 56 532 1835
f 536 1836 535
f 537 1836 536
f 57 535 1836
f 539 1837 538
f 58 540 1837
f 76 538 1837
f 542 1838 541
f 72 543 1838
f 541 1838 543
f 545 1839 544
f 78 546 1839
f 73 544 1839
f 79 548 1840
f 80 549 1840
f 547 1840 549
f 551 1841 550
f 82 552 1841
f 83 550 1841
f 554 1842 553
f 82 555 1842
f 86 553 1842
f 557 1843 556
f 89 558 1843
f 90 556 1843
f 559 1844 541
f 93 560 1844
f 77 541 1844
f 562 1845 561
f 77 560 1845
f 93 561 1845
f 564 1846 563
f 81 565 1846
f 95 563 1846
f 567 1847 566
f 79 568 1847
f 96 566 1847
f 570 1848 569
f 99 571 1848
f 91 569 1848
f 573 1849 572
f 102 574 1849
f 100 572 1849
f 575 1850 566
f 104 576 1850
f 86 566 1850
f 577 1851 563
f 103 578 1851
f 96 563 1851
f 106 580 1852
f 581 1852 580
f 94 579 1852
f 583 1853 582
f 93 584 1853
f 582 1853 584
f 586 1854 585
f 110 587 1854
f 108 585 1854
f 589 1855 588
f 113 590 1855
f 101 588 1855
f 592 1856 591
f 593 1856 592
f 114 591 1856
f 595 1857 594
f 107 596 1857
f 115 594 1857
f 598 1858 597
f 118 599 1858
f 103 597 1858
f 601 1859 600
f 115 602 1859
f 119 600 1859
f 604 1860 603
f 117 605 1860
f 122 603 1860
f 110 607 1861
f 608 1861 607
f 123 606 1861
f 113 610 1862
f 611 1862 610
f 126 609 1862
f 127 613 1863
f 614 1863 613
f 128 612 1863
f 616 1864 615
f 119 617 1864
f 129 615 1864
f 619 1865 618
f 122 620 1865
f 131 618 1865
f 123 622 1866
f 623 1866 622
f 133 621 1866
f 135 625 1867
f 611 1867 625
f 125 624 1867
f 627 1868 626
f 628 1868 627
f 114 626 1868
f 138 630 1869
f 631 1869 630
f 629 1869 631
f 132 633 1870
f 634 1870 633
f 632 1870 634
f 142 636 1871
f 637 1871 636
f 141 635 1871
f 638 1872 634
f 145 639 1872
f 634 1872 639
f 147 641 1873
f 642 1873 641
f 146 640 1873
f 150 644 1874
f 645 1874 644
f 153 643 1874
f 151 647 1875
f 648 1875 647
f 152 646 1875
f 650 1876 649
f 651 1876 650
f 137 649 1876
f 158 653 1877
f 654 1877 653
f 157 652 1877
f 161 656 1878
f 657 1878 656
f 164 655 1878
f 659 1879 658
f 168 660 1879
f 165 658 1879
f 662 1880 661
f 663 1880 662
f 171 661 1880
f 665 1881 664
f 142 666 1881
f 170 664 1881
f 175 668 1882
f 669 1882 668
f 174 667 1882
f 671 1883 670
f 180 672 1883
f 181 670 1883
f 674 1884 673
f 178 675 1884
f 673 1884 675
f 171 676 1885
f 677 1885 676
f 170 661 1885
f 184 679 1886
f 680 1886 679
f 187 678 1886
f 682 1887 681
f 179 683 1887
f 188 681 1887
f 685 1888 684
f 686 1888 685
f 192 684 1888
f 182 688 1889
f 686 1889 688
f 183 687 1889
f 195 690 1890
f 691 1890 690
f 689 1890 691
f 9 693 1891
f 694 1891 693
f 198 692 1891
f 198 695 1892
f 696 1892 695
f 692 1892 696
f 5 698 1893
f 699 1893 698
f 697 1893 699
f 194 700 1894
f 701 1894 700
f 195 689 1894
f 205 703 1895
f 704 1895 703
f 207 702 1895
f 208 706 1896
f 707 1896 706
f 211 705 1896
f 213 709 1897
f 710 1897 709
f 212 708 1897
f 214 712 1898
f 713 1898 712
f 215 711 1898
f 216 715 1899
f 716 1899 715
f 212 714 1899
f 718 1900 717
f 719 1900 718
f 220 717 1900
f 217 721 1901
f 722 1901 721
f 219 720 1901
f 222 724 1902
f 725 1902 724
f 225 723 1902
f 727 1903 726
f 728 1903 727
f 228 726 1903
f 229 730 1904
f 731 1904 730
f 228 729 1904
f 733 1905 732
f 734 1905 733
f 233 732 1905
f 219 736 1906
f 737 1906 736
f 232 735 1906
f 739 1907 738
f 740 1907 739
f 235 738 1907
f 239 742 1908
f 743 1908 742
f 238 741 1908
f 242 745 1909
f 746 1909 745
f 243 744 1909
f 245 748 1910
f 749 1910 748
f 244 747 1910
f 246 751 1911
f 752 1911 751
f 247 750 1911
f 754 1912 753
f 251 755 1912
f 242 753 1912
f 241 757 1913
f 758 1913 757
f 252 756 1913
f 760 1914 759
f 761 1914 760
f 238 759 1914
f 763 1915 762
f 764 1915 763
f 236 762 1915
f 245 766 1916
f 767 1916 766
f 250 765 1916
f 769 1917 768
f 770 1917 769
f 257 768 1917
f 772 1918 771
f 773 1918 772
f 254 771 1918
f 262 775 1919
f 776 1919 775
f 253 774 1919
f 263 778 1920
f 758 1920 778
f 251 777 1920
f 251 779 1921
f 780 1921 779
f 263 777 1921
f 781 1922 767
f 265 782 1922
f 250 767 1922
f 267 784 1923
f 785 1923 784
f 269 783 1923
f 787 1924 786
f 772 1924 787
f 261 786 1924
f 261 788 1925
f 789 1925 788
f 270 786 1925
f 791 1926 790
f 263 792 1926
f 790 1926 792
f 793 1927 780
f 274 792 1927
f 263 780 1927
f 795 1928 794
f 279 796 1928
f 276 794 1928
f 798 1929 797
f 283 799 1929
f 280 797 1929
f 801 1930 800
f 280 799 1930
f 283 800 1930
f 272 803 1931
f 804 1931 803
f 287 802 1931
f 273 806 1932
f 807 1932 806
f 286 805 1932
f 809 1933 808
f 810 1933 809
f 270 808 1933
f 811 1934 809
f 290 812 1934
f 809 1934 812
f 291 814 1935
f 815 1935 814
f 287 813 1935
f 292 817 1936
f 807 1936 817
f 288 816 1936
f 294 819 1937
f 820 1937 819
f 279 818 1937
f 822 1938 821
f 300 823 1938
f 299 821 1938
f 825 1939 824
f 303 826 1939
f 294 824 1939
f 828 1940 827
f 294 826 1940
f 303 827 1940
f 829 1941 812
f 830 1941 829
f 271 812 1941
f 832 1942 831
f 833 1942 832
f 305 831 1942
f 312 835 1943
f 836 1943 835
f 311 834 1943
f 313 838 1944
f 314 839 1944
f 837 1944 839
f 307 841 1945
f 842 1945 841
f 316 840 1945
f 319 844 1946
f 845 1946 844
f 322 843 1946
f 313 847 1947
f 848 1947 847
f 188 846 1947
f 849 1948 684
f 318 850 1948
f 190 684 1948
f 316 851 1949
f 852 1949 851
f 307 840 1949
f 854 1950 853
f 855 1950 854
f 325 853 1950
f 214 857 1951
f 217 858 1951
f 856 1951 858
f 734 1952 740
f 232 859 1952
f 740 1952 859
f 119 602 1953
f 115 591 1953
f 628 1953 591
f 141 860 1954
f 129 861 1954
f 651 1954 861
f 863 1955 862
f 864 1955 863
f 192 862 1955
f 865 1956 588
f 866 1956 865
f 111 588 1956
f 867 1957 572
f 98 868 1957
f 101 572 1957
f 870 1958 869
f 328 871 1958
f 327 869 1958
f 873 1959 872
f 331 874 1959
f 85 872 1959
f 11 876 1960
f 877 1960 876
f 332 875 1960
f 333 879 1961
f 880 1961 879
f 45 878 1961
f 4 853 1962
f 882 1962 853
f 22 881 1962
f 334 884 1963
f 885 1963 884
f 335 883 1963
f 336 887 1964
f 888 1964 887
f 337 886 1964
f 890 1965 889
f 891 1965 890
f 343 889 1965
f 240 893 1966
f 894 1966 893
f 344 892 1966
f 249 896 1967
f 897 1967 896
f 345 895 1967
f 899 1968 898
f 900 1968 899
f 340 898 1968
f 226 902 1969
f 897 1969 902
f 341 901 1969
f 248 904 1970
f 905 1970 904
f 249 903 1970
f 257 906 1971
f 785 1971 906
f 258 768 1971
f 243 908 1972
f 909 1972 908
f 347 907 1972
f 911 1973 910
f 350 912 1973
f 300 910 1973
f 914 1974 913
f 915 1974 914
f 302 913 1974
f 917 1975 916
f 314 918 1975
f 356 916 1975
f 920 1976 919
f 356 918 1976
f 314 919 1976
f 358 922 1977
f 923 1977 922
f 361 921 1977
f 925 1978 924
f 29 926 1978
f 19 924 1978
f 26 928 1979
f 22 929 1979
f 927 1979 929
f 931 1980 930
f 334 932 1980
f 230 930 1980
f 934 1981 933
f 935 1981 934
f 362 933 1981
f 937 1982 936
f 364 938 1982
f 62 936 1982
f 64 940 1983
f 941 1983 940
f 939 1983 941
f 943 1984 942
f 65 941 1984
f 89 942 1984
f 945 1985 944
f 266 946 1985
f 276 944 1985
f 947 1986 800
f 267 948 1986
f 284 800 1986
f 280 950 1987
f 821 1987 950
f 299 949 1987
f 952 1988 951
f 280 949 1988
f 299 951 1988
f 954 1989 953
f 356 955 1989
f 293 953 1989
f 957 1990 956
f 357 958 1990
f 291 956 1990
f 960 1991 959
f 370 961 1991
f 367 959 1991
f 185 963 1992
f 964 1992 963
f 371 962 1992
f 966 1993 965
f 134 967 1993
f 148 965 1993
f 136 969 1994
f 645 1994 969
f 152 968 1994
f 970 1995 648
f 136 968 1995
f 152 648 1995
f 972 1996 971
f 126 973 1996
f 136 971 1996
f 975 1997 974
f 16 976 1997
f 34 974 1997
f 39 978 1998
f 375 979 1998
f 977 1998 979
f 882 1999 929
f 325 980 1999
f 27 929 1999
f 982 2000 981
f 27 983 2000
f 376 981 2000
f 984 2001 531
f 378 985 2001
f 70 531 2001
f 378 986 2002
f 987 2002 986
f 70 985 2002
f 989 2003 988
f 990 2003 989
f 380 988 2003
f 991 2004 593
f 381 992 2004
f 114 593 2004
f 994 2005 993
f 114 992 2005
f 381 993 2005
f 995 2006 649
f 996 2006 995
f 156 649 2006
f 998 2007 997
f 996 2007 998
f 383 997 2007
f 385 1000 2008
f 1001 2008 1000
f 182 999 2008
f 1003 2009 1002
f 207 1004 2009
f 387 1002 2009
f 389 1006 2010
f 1007 2010 1006
f 218 1005 2010
f 1009 2011 1008
f 220 1010 2011
f 390 1008 2011
f 1012 2012 1011
f 1013 2012 1012
f 233 1011 2012
f 237 1015 2013
f 1016 2013 1015
f 391 1014 2013
f 255 1018 2014
f 1019 2014 1018
f 393 1017 2014
f 395 1021 2015
f 830 2015 1021
f 306 1020 2015
f 396 1023 2016
f 1024 2016 1023
f 308 1022 2016
f 388 1026 2017
f 855 2017 1026
f 205 1025 2017
f 1027 2018 732
f 1010 2018 1027
f 220 732 2018
f 1029 2019 1028
f 171 1030 2019
f 384 1028 2019
f 1032 2020 1031
f 193 1033 2020
f 386 1031 2020
f 1035 2021 1034
f 980 2021 1035
f 325 1034 2021
f 101 590 2022
f 113 1036 2022
f 573 2022 1036
f 1037 2023 1036
f 127 1038 2023
f 102 1036 2023
f 1039 2024 691
f 18 1040 2024
f 194 691 2024
f 1041 2025 924
f 1 491 2025
f 23 924 2025
f 1043 2026 1042
f 59 1044 2026
f 30 1042 2026
f 1045 2027 509
f 57 1046 2027
f 44 509 2027
f 1048 2028 1047
f 537 2028 1048
f 73 1047 2028
f 1050 2029 1049
f 546 2029 1050
f 78 1049 2029
f 1051 2030 1049
f 95 565 2030
f 81 1049 2030
f 107 1052 2031
f 561 2031 1052
f 93 583 2031
f 1054 2032 1053
f 117 1055 2032
f 105 1053 2032
f 117 1056 2033
f 1057 2033 1056
f 605 2033 1057
f 1058 2034 1057
f 131 620 2034
f 122 1057 2034
f 130 1059 2035
f 637 2035 1059
f 138 629 2035
f 1061 2036 1060
f 138 1062 2036
f 143 1060 2036
f 159 1064 2037
f 673 2037 1064
f 1063 2037 673
f 1065 2038 664
f 1066 2038 1065
f 172 664 2038
f 1068 2039 1067
f 1069 2039 1068
f 190 1067 2039
f 3 1071 2040
f 1072 2040 1071
f 206 1070 2040
f 215 1073 2041
f 716 2041 1073
f 214 711 2041
f 398 1075 2042
f 710 2042 1075
f 209 1074 2042
f 1077 2043 1076
f 1078 2043 1077
f 221 1076 2043
f 344 1080 2044
f 1078 2044 1080
f 399 1079 2044
f 1081 2045 741
f 1082 2045 1081
f 239 741 2045
f 1083 2046 756
f 743 2046 1083
f 241 756 2046
f 264 1085 2047
f 1086 2047 1085
f 252 1084 2047
f 1088 2048 1087
f 264 1089 2048
f 1087 2048 1089
f 287 1090 2049
f 789 2049 1090
f 272 802 2049
f 293 1092 2050
f 804 2050 1092
f 286 1091 2050
f 1094 2051 1093
f 838 2051 1094
f 1093 2051 838
f 318 1095 2052
f 1067 2052 1095
f 190 850 2052
f 1096 2053 1042
f 333 878 2053
f 45 1042 2053
f 239 1098 2054
f 737 2054 1098
f 234 1097 2054
f 305 1099 2055
f 1100 2055 1099
f 307 831 2055
f 1102 2056 1101
f 22 928 2056
f 26 1101 2056
f 1104 2057 1103
f 305 1105 2057
f 290 1103 2057
f 1107 2058 1106
f 401 1108 2058
f 15 1106 2058
f 199 1110 2059
f 1111 2059 1110
f 200 1109 2059
f 1112 2060 723
f 1113 2060 1112
f 222 723 2060
f 1115 2061 1114
f 405 1116 2061
f 260 1114 2061
f 1118 2062 1117
f 299 823 2062
f 1117 2062 823
f 1120 2063 1119
f 111 866 2063
f 326 1119 2063
f 1122 2064 1121
f 1123 2064 1122
f 339 1121 2064
f 1125 2065 1124
f 1126 2065 1125
f 411 1124 2065
f 1128 2066 1127
f 1129 2066 1128
f 410 1127 2066
f 1130 2067 933
f 1131 2067 1130
f 338 933 2067
f 36 1133 2068
f 1134 2068 1133
f 37 1132 2068
f 67 1135 2069
f 1136 2069 1135
f 64 528 2069
f 415 1137 2070
f 1138 2070 1137
f 64 1136 2070
f 1140 2071 1139
f 330 1141 2071
f 329 1139 2071
f 1143 2072 1142
f 1144 2072 1143
f 326 1142 2072
f 1145 2073 483
f 40 1146 2073
f 483 2073 1146
f 1148 2074 1147
f 1149 2074 1148
f 14 1147 2074
f 257 1151 2075
f 891 2075 1151
f 342 1150 2075
f 418 1153 2076
f 1154 2076 1153
f 407 1152 2076
f 112 1156 2077
f 1157 2077 1156
f 125 1155 2077
f 1158 2078 624
f 1159 2078 1158
f 135 624 2078
f 1161 2079 1160
f 1162 2079 1161
f 153 1160 2079
f 1164 2080 1163
f 258 1165 2080
f 268 1163 2080
f 1167 2081 1166
f 301 1168 2081
f 278 1166 2081
f 1170 2082 1169
f 278 1171 2082
f 277 1169 2082
f 351 1173 2083
f 1174 2083 1173
f 352 1172 2083
f 311 1175 2084
f 1176 2084 1175
f 834 2084 1176
f 174 1178 2085
f 1179 2085 1178
f 1177 2085 1179
f 1181 2086 1180
f 165 660 2086
f 168 1180 2086
f 1183 2087 1182
f 268 1184 2087
f 283 1182 2087
f 153 1185 2088
f 1186 2088 1185
f 150 643 2088
f 1187 2089 1111
f 1149 2089 1187
f 200 1111 2089
f 1188 2090 1119
f 1189 2090 1188
f 406 1119 2090
f 1191 2091 1190
f 427 1192 2091
f 426 1190 2091
f 176 1194 2092
f 1195 2092 1194
f 177 1193 2092
f 425 1197 2093
f 1198 2093 1197
f 432 1196 2093
f 1200 2094 1199
f 1126 2094 1200
f 343 1199 2094
f 1202 2095 1201
f 259 1203 2095
f 422 1201 2095
f 1204 2096 913
f 1205 2096 1204
f 351 913 2096
f 1207 2097 1206
f 302 915 2097
f 353 1206 2097
f 1208 2098 1169
f 1209 2098 1208
f 282 1169 2098
f 1210 2099 1108
f 417 1211 2099
f 15 1108 2099
f 17 1213 2100
f 1214 2100 1213
f 7 1212 2100
f 8 1216 2101
f 1217 2101 1216
f 202 1215 2101
f 1219 2102 1218
f 84 1220 2102
f 108 1218 2102
f 408 1222 2103
f 1223 2103 1222
f 409 1221 2103
f 411 1224 2104
f 1225 2104 1224
f 410 1124 2104
f 223 1227 2105
f 1225 2105 1227
f 437 1226 2105
f 225 1229 2106
f 1230 2106 1229
f 408 1228 2106
f 412 1232 2107
f 1233 2107 1232
f 413 1231 2107
f 414 1235 2108
f 1236 2108 1235
f 415 1234 2108
f 133 1237 2109
f 1238 2109 1237
f 123 621 2109
f 439 1240 2110
f 1241 2110 1240
f 440 1239 2110
f 1243 2111 1242
f 1244 2111 1243
f 256 1242 2111
f 1245 2112 820
f 276 796 2112
f 279 820 2112
f 1247 2113 1246
f 294 818 2113
f 279 1246 2113
f 320 1249 2114
f 1250 2114 1249
f 321 1248 2114
f 1252 2115 1251
f 85 874 2115
f 331 1251 2115
f 1254 2116 1253
f 85 1255 2116
f 84 1253 2116
f 1256 2117 1218
f 418 1152 2117
f 407 1218 2117
f 123 1257 2118
f 1258 2118 1257
f 606 2118 1258
f 421 1260 2119
f 1261 2119 1260
f 428 1259 2119
f 405 1263 2120
f 1264 2120 1263
f 411 1262 2120
f 1265 2121 1244
f 266 1266 2121
f 1244 2121 1266
f 1268 2122 1267
f 276 946 2122
f 266 1267 2122
f 147 1270 2123
f 1271 2123 1270
f 133 1269 2123
f 1272 2124 1236
f 1273 2124 1272
f 415 1236 2124
f 1275 2125 1274
f 434 1276 2125
f 401 1274 2125
f 1277 2126 1214
f 8 477 2126
f 1214 2126 477
f 304 1279 2127
f 923 2127 1279
f 360 1278 2127
f 1280 2128 553
f 108 1220 2128
f 84 553 2128
f 435 1282 2129
f 1283 2129 1282
f 436 1281 2129
f 247 1285 2130
f 1286 2130 1285
f 437 1284 2130
f 437 1287 2131
f 1241 2131 1287
f 223 1226 2131
f 443 1289 2132
f 1290 2132 1289
f 439 1288 2132
f 1292 2133 1291
f 75 1293 2133
f 446 1291 2133
f 1295 2134 1294
f 446 1296 2134
f 31 1294 2134
f 1297 2135 495
f 19 926 2135
f 29 495 2135
f 1298 2136 489
f 194 1040 2136
f 18 489 2136
f 447 1300 2137
f 1301 2137 1300
f 208 1299 2137
f 398 1303 2138
f 1304 2138 1303
f 399 1302 2138
f 347 1306 2139
f 1304 2139 1306
f 448 1305 2139
f 274 1308 2140
f 1309 2140 1308
f 288 1307 2140
f 288 1310 2141
f 1311 2141 1310
f 292 816 2141
f 164 1312 2142
f 1313 2142 1312
f 161 655 2142
f 1315 2143 1314
f 149 1316 2143
f 148 1314 2143
f 134 1317 2144
f 1314 2144 1317
f 148 967 2144
f 124 1319 2145
f 1320 2145 1319
f 134 1318 2145
f 121 1322 2146
f 1323 2146 1322
f 118 1321 2146
f 1325 2147 1324
f 109 1326 2147
f 104 1324 2147
f 1328 2148 1327
f 75 1329 2148
f 74 1327 2148
f 525 2149 1330
f 60 1331 2149
f 1330 2149 1331
f 47 1333 2150
f 46 1334 2150
f 1332 2150 1334
f 1336 2151 1335
f 28 497 2151
f 31 1335 2151
f 1338 2152 1337
f 20 1339 2152
f 28 1337 2152
f 6 1340 2153
f 1341 2153 1340
f 16 484 2153
f 1343 2154 1342
f 6 1344 2154
f 5 1342 2154
f 201 1345 2155
f 1342 2155 1345
f 697 2155 1342
f 211 1346 2156
f 1347 2156 1346
f 208 705 2156
f 208 1348 2157
f 1349 2157 1348
f 447 1299 2157
f 440 1350 2158
f 1349 2158 1350
f 439 1239 2158
f 448 1351 2159
f 1352 2159 1351
f 347 1305 2159
f 347 1353 2160
f 749 2160 1353
f 243 907 2160
f 1354 2161 1198
f 1355 2161 1354
f 432 1198 2161
f 1357 2162 1356
f 430 1358 2162
f 429 1356 2162
f 322 1359 2163
f 1360 2163 1359
f 319 843 2163
f 174 1361 2164
f 1362 2164 1361
f 175 667 2164
f 856 2165 712
f 218 1007 2165
f 207 712 2165
f 180 1363 2166
f 1364 2166 1363
f 181 672 2166
f 1366 2167 1365
f 180 1367 2167
f 189 1365 2167
f 1369 2168 1368
f 324 1370 2168
f 323 1368 2168
f 1372 2169 1371
f 359 1373 2169
f 450 1371 2169
f 1375 2170 1374
f 295 1376 2170
f 1374 2170 1376
f 169 1378 2171
f 154 1379 2171
f 1377 2171 1379
f 1381 2172 1380
f 451 1382 2172
f 168 1380 2172
f 69 1384 2173
f 1385 2173 1384
f 68 1383 2173
f 41 1387 2174
f 1388 2174 1387
f 42 1386 2174
f 375 1390 2175
f 332 877 2175
f 1389 2175 877
f 1389 2176 979
f 13 1146 2176
f 40 979 2176
f 1391 2177 910
f 298 1392 2177
f 348 910 2177
f 360 1393 2178
f 1374 2178 1393
f 304 1278 2178
f 1377 2179 1394
f 151 1395 2179
f 451 1394 2179
f 1397 2180 1396
f 150 1398 2180
f 453 1396 2180
f 455 1400 2181
f 1401 2181 1400
f 312 1399 2181
f 350 1403 2182
f 1404 2182 1403
f 456 1402 2182
f 456 1405 2183
f 1174 2183 1405
f 350 1402 2183
f 457 1407 2184
f 1408 2184 1407
f 352 1406 2184
f 361 1409 2185
f 1410 2185 1409
f 921 2185 1410
f 1411 2186 1180
f 453 1412 2186
f 426 1180 2186
f 1413 2187 1190
f 459 1414 2187
f 429 1190 2187
f 1415 2188 1356
f 460 1416 2188
f 163 1356 2188
f 164 1418 2189
f 1419 2189 1418
f 461 1417 2189
f 462 1421 2190
f 1362 2190 1421
f 371 1420 2190
f 1423 2191 1422
f 175 1424 2191
f 463 1422 2191
f 1426 2192 1425
f 372 1427 2192
f 173 1425 2192
f 1428 2193 569
f 90 1429 2193
f 97 569 2193
f 1431 2194 1430
f 428 1432 2194
f 459 1430 2194
f 1433 2195 1261
f 459 1432 2195
f 428 1261 2195
f 146 1435 2196
f 1419 2196 1435
f 460 1434 2196
f 461 1437 2197
f 149 1438 2197
f 1436 2197 1438
f 1440 2198 1439
f 449 1441 2198
f 370 1439 2198
f 1442 2199 1176
f 455 1399 2199
f 1176 2199 1399
f 1444 2200 1443
f 465 1445 2200
f 424 1443 2200
f 1446 2201 845
f 466 1447 2201
f 322 845 2201
f 461 1448 2202
f 1449 2202 1448
f 164 1417 2202
f 159 1451 2203
f 1452 2203 1451
f 144 1450 2203
f 159 1450 2204
f 144 1060 2204
f 1453 2204 1060
f 1455 2205 1454
f 469 1456 2205
f 468 1454 2205
f 1458 2206 1457
f 49 513 2206
f 48 1457 2206
f 66 1460 2207
f 1461 2207 1460
f 52 1459 2207
f 67 1463 2208
f 1464 2208 1463
f 51 1462 2208
f 414 1466 2209
f 1454 2209 1466
f 468 1465 2209
f 454 1468 2210
f 1404 2210 1468
f 452 1467 2210
f 1470 2211 1469
f 456 1471 2211
f 455 1469 2211
f 1473 2212 1472
f 466 1474 2212
f 1472 2212 1474
f 1475 2213 1410
f 467 1476 2213
f 1410 2213 1476
f 1478 2214 1477
f 450 1373 2214
f 359 1477 2214
f 1480 2215 1479
f 360 1481 2215
f 359 1479 2215
f 1482 2216 1457
f 414 1465 2216
f 468 1457 2216
f 1483 2217 527
f 47 1484 2217
f 527 2217 1484
f 60 1484 2218
f 47 1332 2218
f 1485 2218 1332
f 1485 2219 1331
f 446 1293 2219
f 75 1331 2219
f 40 1487 2220
f 1488 2220 1487
f 35 1486 2220
f 412 1490 2221
f 1491 2221 1490
f 1489 2221 1491
f 33 1493 2222
f 1494 2222 1493
f 1492 2222 1494
f 33 1492 2223
f 374 974 2223
f 500 2223 974
f 1495 2224 499
f 438 1496 2224
f 33 499 2224
f 1497 2225 694
f 337 1498 2225
f 198 694 2225
f 199 1500 2226
f 888 2226 1500
f 339 1499 2226
f 402 1502 2227
f 1123 2227 1502
f 409 1501 2227
f 409 1503 2228
f 1217 2228 1503
f 402 1501 2228
f 1504 2229 1283
f 202 1505 2229
f 436 1283 2229
f 1507 2230 1506
f 211 1508 2230
f 204 1506 2230
f 195 1510 2231
f 707 2231 1510
f 210 1509 2231
f 210 1511 2232
f 1512 2232 1511
f 195 1509 2232
f 1513 2233 658
f 173 1514 2233
f 166 658 2233
f 1516 2234 1515
f 462 1517 2234
f 165 1515 2234
f 427 1519 2235
f 1422 2235 1519
f 463 1518 2235
f 1521 2236 1520
f 464 1522 2236
f 430 1520 2236
f 1524 2237 1523
f 470 1525 2237
f 162 1523 2237
f 161 1527 2238
f 1528 2238 1527
f 471 1526 2238
f 1529 2239 670
f 160 675 2239
f 178 670 2239
f 178 1531 2240
f 1532 2240 1531
f 1530 2240 1532
f 1533 2241 1250
f 467 1534 2241
f 321 1250 2241
f 1535 2242 1371
f 323 1536 2242
f 315 1371 2242
f 315 1536 2243
f 323 1537 2243
f 837 2243 1537
f 1538 2244 839
f 355 1539 2244
f 315 839 2244
f 315 1539 2245
f 355 1479 2245
f 1372 2245 1479
f 1541 2246 1540
f 196 1542 2246
f 213 1540 2246
f 1543 2247 703
f 1070 2247 1543
f 206 703 2247
f 206 1544 2248
f 215 713 2248
f 704 2248 713
f 1545 2249 1388
f 54 1546 2249
f 42 1388 2249
f 1547 2250 503
f 53 1548 2250
f 503 2250 1548
f 1550 2251 1549
f 413 1551 2251
f 469 1549 2251
f 1552 2252 1233
f 469 1551 2252
f 413 1233 2252
f 1553 2253 1495
f 49 1554 2253
f 438 1495 2253
f 46 1556 2254
f 32 1335 2254
f 1555 2254 1335
f 1555 2255 1334
f 31 1296 2255
f 446 1334 2255
f 464 1558 2256
f 1559 2256 1558
f 176 1557 2256
f 1561 2257 1560
f 471 1562 2257
f 449 1560 2257
f 1563 2258 1363
f 370 1441 2258
f 449 1363 2258
f 449 1562 2259
f 471 1528 2259
f 1364 2259 1528
f 1565 2260 1564
f 90 558 2260
f 89 1564 2260
f 1567 2261 1566
f 1568 2261 1567
f 330 1566 2261
f 1570 2262 1569
f 364 1571 2262
f 331 1569 2262
f 1572 2263 1251
f 363 1573 2263
f 83 1251 2263
f 1574 2264 1327
f 83 1573 2264
f 363 1327 2264
f 1575 2265 549
f 76 1576 2265
f 81 549 2265
f 346 1578 2266
f 731 2266 1578
f 231 1577 2266
f 227 1579 2267
f 362 1580 2267
f 728 2267 1580
f 935 2268 1580
f 229 729 2268
f 228 1580 2268
f 1581 2269 680
f 309 1582 2269
f 187 680 2269
f 186 1584 2270
f 1585 2270 1584
f 311 1583 2270
f 425 1587 2271
f 1360 2271 1587
f 423 1586 2271
f 320 1589 2272
f 1355 2272 1589
f 368 1588 2272
f 441 1591 2273
f 959 2273 1591
f 367 1590 2273
f 1593 2274 1592
f 189 1594 2274
f 324 1592 2274
f 324 1594 2275
f 189 681 2275
f 848 2275 681
f 1595 2276 473
f 2 1596 2276
f 473 2276 1596
f 5 1344 2277
f 486 2277 1344
f 476 2277 486
f 9 1597 2278
f 10 1598 2278
f 479 2278 1598
f 1147 2279 482
f 14 1106 2279
f 482 2279 1106
f 1599 2280 485
f 17 1212 2280
f 7 485 2280
f 1600 2281 488
f 1601 2281 1600
f 21 488 2281
f 4 881 2282
f 22 1602 2282
f 490 2282 1602
f 25 1603 2283
f 26 927 2283
f 493 2283 927
f 29 1604 2284
f 30 1294 2284
f 496 2284 1294
f 1488 2285 502
f 36 1132 2285
f 37 502 2285
f 977 2286 505
f 40 1486 2286
f 35 505 2286
f 44 1605 2287
f 45 880 2287
f 510 2287 880
f 46 1333 2288
f 47 1606 2288
f 512 2288 1606
f 50 1607 2289
f 51 1464 2289
f 515 2289 1464
f 53 516 2290
f 52 1461 2290
f 518 2290 1461
f 44 1046 2291
f 57 1608 2291
f 523 2291 1608
f 936 2292 526
f 62 1609 2292
f 63 526 2292
f 939 2293 529
f 1610 2293 939
f 66 529 2293
f 987 2294 533
f 71 543 2294
f 533 2294 543
f 534 2295 536
f 72 544 2295
f 536 2295 544
f 74 1329 2296
f 75 1611 2296
f 539 2296 1611
f 72 542 2297
f 77 1612 2297
f 545 2297 1612
f 80 548 2298
f 79 1613 2298
f 551 2298 1613
f 84 1255 2299
f 85 1614 2299
f 554 2299 1614
f 87 1615 2300
f 88 942 2300
f 557 2300 942
f 1616 2301 559
f 92 584 2301
f 559 2301 584
f 94 1617 2302
f 78 1612 2302
f 562 2302 1612
f 96 568 2303
f 79 547 2303
f 564 2303 547
f 86 555 2304
f 82 1613 2304
f 567 2304 1613
f 97 1618 2305
f 98 1619 2305
f 570 2305 1619
f 96 578 2306
f 103 1324 2306
f 575 2306 1324
f 95 1620 2307
f 105 597 2307
f 577 2307 597
f 1053 2308 580
f 1620 2308 1053
f 95 580 2308
f 104 1326 2309
f 1621 2309 1326
f 586 2309 1621
f 111 1622 2310
f 112 1623 2310
f 589 2310 1623
f 115 596 2311
f 107 582 2311
f 592 2311 582
f 116 1624 2312
f 106 1625 2312
f 595 2312 1625
f 105 1055 2313
f 117 1626 2313
f 598 2313 1626
f 120 1627 2314
f 116 594 2314
f 601 2314 594
f 121 1321 2315
f 118 1626 2315
f 604 2315 1626
f 1621 2316 607
f 1628 2316 1621
f 124 607 2316
f 1623 2317 610
f 112 1155 2317
f 125 610 2317
f 1037 2318 613
f 113 609 2318
f 126 613 2318
f 130 1629 2319
f 120 600 2319
f 616 2319 600
f 132 1630 2320
f 121 603 2320
f 619 2320 603
f 608 2321 622
f 124 1318 2321
f 134 622 2321
f 1631 2322 625
f 136 973 2322
f 126 625 2322
f 861 2323 627
f 129 617 2323
f 119 627 2323
f 1632 2324 630
f 1633 2324 1632
f 131 630 2324
f 618 2325 633
f 131 1633 2325
f 139 633 2325
f 1634 2326 636
f 143 1062 2326
f 138 636 2326
f 139 1635 2327
f 144 1452 2327
f 638 2327 1452
f 965 2328 641
f 148 1316 2328
f 149 641 2328
f 1636 2329 644
f 646 2329 1636
f 152 644 2329
f 1379 2330 647
f 154 1637 2330
f 155 647 2330
f 1638 2331 650
f 142 635 2331
f 141 650 2331
f 1639 2332 653
f 159 1063 2332
f 160 653 2332
f 1523 2333 656
f 162 1640 2333
f 163 656 2333
f 166 1641 2334
f 167 1380 2334
f 659 2334 1380
f 666 2335 662
f 142 1638 2335
f 156 662 2335
f 1642 2336 665
f 143 1634 2336
f 665 2336 1634
f 1643 2337 668
f 176 1193 2337
f 177 668 2337
f 178 1530 2338
f 179 1644 2338
f 671 2338 1644
f 1645 2339 676
f 182 687 2339
f 676 2339 687
f 1646 2340 679
f 185 1179 2340
f 186 679 2340
f 189 1367 2341
f 180 1644 2341
f 682 2341 1644
f 190 1069 2342
f 191 1647 2342
f 685 2342 1647
f 1001 2343 688
f 193 862 2343
f 688 2343 862
f 1512 2344 690
f 196 1648 2344
f 2 690 2344
f 478 2345 693
f 12 1649 2345
f 197 693 2345
f 1650 2346 695
f 199 1109 2346
f 200 695 2346
f 475 2347 698
f 8 1215 2347
f 202 698 2347
f 1651 2348 700
f 1652 2348 1651
f 204 700 2348
f 1301 2349 706
f 209 1653 2349
f 210 706 2349
f 1654 2350 709
f 210 1653 2350
f 209 709 2350
f 1655 2351 715
f 217 857 2351
f 214 715 2351
f 858 2352 718
f 217 720 2352
f 718 2352 720
f 1655 2353 721
f 216 1076 2353
f 721 2353 1076
f 1656 2354 724
f 223 1657 2354
f 224 724 2354
f 930 2355 730
f 230 1658 2355
f 231 730 2355
f 719 2356 733
f 219 735 2356
f 232 733 2356
f 722 2357 736
f 221 1659 2357
f 234 736 2357
f 764 2358 739
f 237 1011 2358
f 739 2358 1011
f 1660 2359 742
f 240 1661 2359
f 241 742 2359
f 1662 2360 745
f 241 1661 2360
f 240 745 2360
f 753 2361 748
f 242 744 2361
f 243 748 2361
f 1663 2362 751
f 245 747 2362
f 244 751 2362
f 245 765 2363
f 250 1664 2363
f 754 2363 1664
f 1662 2364 757
f 242 755 2364
f 251 757 2364
f 776 2365 760
f 254 762 2365
f 760 2365 762
f 773 2366 763
f 255 1665 2366
f 763 2366 1665
f 1663 2367 766
f 246 1242 2367
f 256 766 2367
f 1666 2368 769
f 259 1114 2368
f 769 2368 1114
f 1667 2369 775
f 261 771 2369
f 254 775 2369
f 1668 2370 778
f 264 1084 2370
f 252 778 2370
f 1664 2371 779
f 250 782 2371
f 265 779 2371
f 256 1266 2372
f 266 1669 2372
f 781 2372 1669
f 1670 2373 784
f 268 1165 2373
f 258 784 2373
f 810 2374 787
f 271 1671 2374
f 787 2374 1671
f 1667 2375 788
f 262 1672 2375
f 272 788 2375
f 273 1089 2376
f 264 1668 2376
f 791 2376 1668
f 265 1673 2377
f 275 1674 2377
f 793 2377 1674
f 277 1171 2378
f 278 1246 2378
f 795 2378 1246
f 281 1675 2379
f 282 1182 2379
f 798 2379 1182
f 284 1676 2380
f 285 1677 2380
f 801 2380 1677
f 1087 2381 803
f 805 2381 1087
f 286 803 2381
f 790 2382 806
f 1307 2382 790
f 288 806 2382
f 1103 2383 814
f 290 811 2383
f 289 814 2383
f 953 2384 817
f 293 1091 2384
f 286 817 2384
f 1678 2385 819
f 1679 2385 1678
f 296 819 2385
f 297 1680 2386
f 298 1391 2386
f 822 2386 1391
f 301 1681 2387
f 302 1682 2387
f 825 2387 1682
f 304 1376 2388
f 1678 2388 1376
f 828 2388 1678
f 290 1105 2389
f 305 833 2389
f 829 2389 833
f 852 2390 832
f 308 1024 2390
f 832 2390 1024
f 1401 2391 835
f 310 1683 2391
f 309 835 2391
f 1100 2392 841
f 317 1684 2392
f 318 841 2392
f 1685 2393 844
f 320 1248 2393
f 321 844 2393
f 1537 2394 847
f 323 1370 2394
f 324 847 2394
f 192 864 2395
f 316 842 2395
f 849 2395 842
f 474 2396 854
f 3 1543 2396
f 854 2396 1543
f 1686 2397 863
f 308 851 2397
f 863 2397 851
f 101 868 2398
f 98 1142 2398
f 865 2398 1142
f 100 1687 2399
f 99 1619 2399
f 867 2399 1619
f 97 1429 2400
f 90 1688 2400
f 870 2400 1688
f 329 1141 2401
f 330 1569 2401
f 873 2401 1569
f 1598 2402 876
f 10 481 2402
f 13 876 2402
f 1101 2403 879
f 26 1603 2403
f 25 879 2403
f 1689 2404 884
f 336 886 2404
f 337 884 2404
f 1690 2405 887
f 338 1121 2405
f 339 887 2405
f 900 2406 890
f 341 1691 2406
f 342 890 2406
f 1660 2407 893
f 239 1097 2407
f 234 893 2407
f 905 2408 896
f 342 1691 2408
f 341 896 2408
f 727 2409 899
f 226 901 2409
f 341 899 2409
f 1692 2410 902
f 346 1693 2410
f 345 902 2410
f 1694 2411 904
f 257 1150 2411
f 342 904 2411
f 1694 2412 906
f 248 1695 2412
f 269 906 2412
f 746 2413 908
f 240 892 2413
f 344 908 2413
f 348 1696 2414
f 349 1697 2414
f 911 2414 1697
f 1172 2415 914
f 352 1408 2415
f 914 2415 1408
f 354 1698 2416
f 355 1538 2416
f 917 2416 1538
f 317 1699 2417
f 357 1700 2417
f 920 2417 1700
f 1477 2418 922
f 359 1481 2418
f 360 922 2418
f 23 1701 2419
f 333 1702 2419
f 925 2419 1702
f 229 1703 2420
f 336 1689 2420
f 931 2420 1689
f 1690 2421 934
f 336 1703 2421
f 229 934 2421
f 61 1704 2422
f 363 1705 2422
f 937 2422 1705
f 1138 2423 940
f 365 1564 2423
f 940 2423 1564
f 88 1706 2424
f 68 1385 2424
f 943 2424 1385
f 275 1673 2425
f 265 1669 2425
f 945 2425 1669
f 283 1184 2426
f 268 1670 2426
f 947 2426 1670
f 1677 2427 950
f 285 1707 2427
f 297 950 2427
f 366 1708 2428
f 281 797 2428
f 952 2428 797
f 292 1709 2429
f 354 916 2429
f 954 2429 916
f 293 955 2430
f 356 1700 2430
f 957 2430 1700
f 368 1710 2431
f 369 1439 2431
f 960 2431 1439
f 1646 2432 963
f 184 1711 2432
f 372 963 2432
f 147 1269 2433
f 133 623 2433
f 966 2433 623
f 1631 2434 969
f 135 1160 2434
f 969 2434 1160
f 155 1712 2435
f 373 971 2435
f 970 2435 971
f 373 1713 2436
f 128 614 2436
f 972 2436 614
f 374 1714 2437
f 17 1599 2437
f 975 2437 1599
f 377 1715 2438
f 24 494 2438
f 982 2438 494
f 1715 2439 984
f 377 1716 2439
f 984 2439 1716
f 1717 2440 986
f 379 1718 2440
f 986 2440 1718
f 1616 2441 989
f 71 1718 2441
f 989 2441 1718
f 92 988 2442
f 380 1719 2442
f 991 2442 1719
f 1720 2443 994
f 137 626 2443
f 994 2443 626
f 1720 2444 995
f 382 1721 2444
f 995 2444 1721
f 384 1030 2445
f 171 663 2445
f 998 2445 663
f 1722 2446 1000
f 386 1033 2446
f 193 1000 2446
f 388 1025 2447
f 205 702 2447
f 1003 2447 702
f 1723 2448 1006
f 387 1004 2448
f 207 1006 2448
f 389 1005 2449
f 218 717 2449
f 1009 2449 717
f 237 1014 2450
f 391 1724 2450
f 1012 2450 1724
f 1665 2451 1015
f 255 1017 2451
f 1015 2451 1017
f 1671 2452 1018
f 271 1725 2452
f 394 1018 2452
f 1726 2453 1021
f 394 1725 2453
f 271 1021 2453
f 1727 2454 1023
f 395 1020 2454
f 306 1023 2454
f 1728 2455 1026
f 397 1034 2455
f 325 1026 2455
f 1013 2456 1027
f 392 1729 2456
f 1027 2456 1729
f 385 999 2457
f 1645 2457 999
f 1029 2457 1645
f 396 1022 2458
f 308 1686 2458
f 1032 2458 1686
f 1730 2459 1035
f 376 983 2459
f 1035 2459 983
f 2 1595 2460
f 1 1731 2460
f 1039 2460 1731
f 19 487 2461
f 18 1731 2461
f 1041 2461 1731
f 45 1605 2462
f 44 522 2462
f 1043 2462 522
f 43 521 2463
f 56 535 2463
f 1045 2463 535
f 540 2464 1048
f 58 1608 2464
f 1048 2464 1608
f 1576 2465 1050
f 76 1047 2465
f 1050 2465 1047
f 78 1617 2466
f 94 581 2466
f 1051 2466 581
f 1625 2467 1052
f 579 2467 1625
f 94 1052 2467
f 106 1624 2468
f 116 1732 2468
f 1054 2468 1732
f 1732 2469 1056
f 116 1627 2469
f 120 1056 2469
f 120 1629 2470
f 130 631 2470
f 1058 2470 631
f 615 2471 1059
f 129 860 2471
f 141 1059 2471
f 144 1635 2472
f 1632 2472 1635
f 1061 2472 1632
f 1453 2473 1064
f 143 1642 2473
f 172 1064 2473
f 677 2474 1065
f 183 1647 2474
f 1065 2474 1647
f 188 683 2475
f 179 1532 2475
f 1068 2475 1532
f 1596 2476 1071
f 2 1648 2476
f 196 1071 2476
f 1540 2477 1073
f 213 708 2477
f 212 1073 2477
f 1733 2478 1075
f 216 714 2478
f 212 1075 2478
f 1733 2479 1077
f 398 1302 2479
f 1077 2479 1302
f 894 2480 1080
f 234 1659 2480
f 221 1080 2480
f 761 2481 1081
f 236 738 2481
f 235 1081 2481
f 1086 2482 1083
f 253 759 2482
f 1083 2482 759
f 1734 2483 1085
f 262 774 2483
f 253 1085 2483
f 272 1672 2484
f 262 1734 2484
f 1088 2484 1734
f 815 2485 1090
f 289 808 2485
f 270 1090 2485
f 956 2486 1092
f 813 2486 956
f 287 1092 2486
f 318 1684 2487
f 317 919 2487
f 1094 2487 919
f 1093 2488 1095
f 846 2488 1093
f 188 1095 2488
f 30 1604 2489
f 29 1702 2489
f 1096 2489 1702
f 1082 2490 1098
f 235 859 2490
f 232 1098 2490
f 1735 2491 1099
f 357 1699 2491
f 317 1099 2491
f 333 1701 2492
f 23 1602 2492
f 1102 2492 1602
f 291 958 2493
f 357 1735 2493
f 1104 2493 1735
f 14 1736 2494
f 400 1737 2494
f 1107 2494 1737
f 1738 2495 1110
f 402 1739 2495
f 403 1110 2495
f 1740 2496 1112
f 362 1579 2496
f 1112 2496 1579
f 259 1741 2497
f 404 1742 2497
f 1115 2497 1742
f 351 1205 2498
f 366 951 2498
f 1118 2498 951
f 1743 2499 1120
f 407 1154 2499
f 1120 2499 1154
f 1131 2500 1122
f 408 1221 2500
f 1122 2500 1221
f 1129 2501 1125
f 340 889 2501
f 1125 2501 889
f 1113 2502 1128
f 227 898 2502
f 1128 2502 898
f 1740 2503 1130
f 225 1228 2503
f 1130 2503 1228
f 1744 2504 1133
f 412 1231 2504
f 413 1133 2504
f 1745 2505 1135
f 414 1234 2505
f 415 1135 2505
f 1273 2506 1137
f 416 1746 2506
f 1137 2506 1746
f 327 871 2507
f 328 1566 2507
f 1140 2507 1566
f 1618 2508 1143
f 97 869 2508
f 1143 2508 869
f 15 1211 2509
f 417 1747 2509
f 1145 2509 1747
f 10 1597 2510
f 696 2510 1597
f 1148 2510 696
f 770 2511 1151
f 260 1199 2511
f 343 1151 2511
f 1748 2512 1153
f 112 1622 2512
f 111 1153 2512
f 1748 2513 1156
f 418 1749 2513
f 419 1156 2513
f 1157 2514 1158
f 419 1750 2514
f 420 1158 2514
f 1159 2515 1161
f 420 1751 2515
f 1161 2515 1751
f 422 1203 2516
f 259 1666 2516
f 1164 2516 1666
f 281 1708 2517
f 366 1752 2517
f 1167 2517 1752
f 1675 2518 1170
f 281 1166 2518
f 1170 2518 1166
f 1117 2519 1173
f 912 2519 1117
f 350 1173 2519
f 1585 2520 1175
f 423 1753 2520
f 424 1175 2520
f 1754 2521 1178
f 425 1755 2521
f 1178 2521 1755
f 426 1192 2522
f 427 1515 2522
f 1181 2522 1515
f 1209 2523 1183
f 422 1163 2523
f 1183 2523 1163
f 1162 2524 1185
f 421 1259 2524
f 428 1185 2524
f 1756 2525 1187
f 400 1736 2525
f 1187 2525 1736
f 1144 2526 1188
f 327 1139 2526
f 1188 2526 1139
f 429 1358 2527
f 430 1757 2527
f 1191 2527 1757
f 1559 2528 1194
f 431 1758 2528
f 369 1194 2528
f 1754 2529 1197
f 174 669 2529
f 177 1197 2529
f 1116 2530 1200
f 405 1262 2530
f 1200 2530 1262
f 433 1759 2531
f 1741 2531 1759
f 1202 2531 1741
f 302 1681 2532
f 301 1752 2532
f 1204 2532 1752
f 361 1760 2533
f 303 1682 2533
f 1207 2533 1682
f 1761 2534 1208
f 433 1201 2534
f 1208 2534 1201
f 401 1276 2535
f 434 1491 2535
f 1210 2535 1491
f 1274 2536 1213
f 401 1737 2536
f 1213 2536 1737
f 1762 2537 1216
f 403 1739 2537
f 402 1216 2537
f 407 1743 2538
f 406 1253 2538
f 1219 2538 1253
f 1230 2539 1222
f 435 1281 2539
f 436 1222 2539
f 1264 2540 1224
f 247 1284 2540
f 437 1224 2540
f 1656 2541 1227
f 222 1127 2541
f 410 1227 2541
f 725 2542 1229
f 224 1763 2542
f 435 1229 2542
f 1764 2543 1232
f 33 1496 2543
f 438 1232 2543
f 1765 2544 1235
f 1609 2544 1765
f 62 1235 2544
f 1271 2545 1237
f 420 1750 2545
f 419 1237 2545
f 1290 2546 1240
f 224 1657 2546
f 223 1240 2546
f 1766 2547 1243
f 405 1742 2547
f 1243 2547 1742
f 296 1767 2548
f 275 944 2548
f 1245 2548 944
f 278 1168 2549
f 301 824 2549
f 1247 2549 824
f 1768 2550 1249
f 441 1769 2550
f 442 1249 2550
f 83 552 2551
f 82 1614 2551
f 1252 2551 1614
f 1189 2552 1254
f 329 872 2552
f 1254 2552 872
f 108 587 2553
f 110 1258 2553
f 1256 2553 1258
f 1238 2554 1257
f 419 1749 2554
f 418 1257 2554
f 1770 2555 1260
f 147 640 2555
f 146 1260 2555
f 1766 2556 1263
f 246 750 2556
f 247 1263 2556
f 404 1759 2557
f 433 1267 2557
f 1265 2557 1267
f 433 1761 2558
f 277 794 2558
f 1268 2558 794
f 1770 2559 1270
f 421 1751 2559
f 420 1270 2559
f 62 938 2560
f 364 1771 2560
f 1272 2560 1771
f 17 1714 2561
f 1494 2561 1714
f 1275 2561 1494
f 400 1756 2562
f 403 1762 2562
f 1277 2562 1762
f 827 2563 1279
f 303 1760 2563
f 361 1279 2563
f 86 576 2564
f 104 585 2564
f 1280 2564 585
f 1772 2565 1282
f 443 1773 2565
f 444 1282 2565
f 752 2566 1285
f 244 1774 2566
f 445 1285 2566
f 1286 2567 1287
f 445 1775 2567
f 440 1287 2567
f 1772 2568 1289
f 435 1763 2568
f 224 1289 2568
f 59 524 2569
f 58 1611 2569
f 1292 2569 1611
f 30 1044 2570
f 59 1291 2570
f 1295 2570 1291
f 28 1339 2571
f 1600 2571 1339
f 1297 2571 1600
f 21 1776 2572
f 1651 2572 1776
f 1298 2572 1651
f 1777 2573 1300
f 398 1074 2573
f 209 1300 2573
f 1777 2574 1303
f 447 1778 2574
f 448 1303 2574
f 909 2575 1306
f 344 1079 2575
f 399 1306 2575
f 1674 2576 1308
f 275 1767 2576
f 296 1308 2576
f 1309 2577 1310
f 296 1679 2577
f 295 1310 2577
f 1449 2578 1312
f 158 652 2578
f 157 1312 2578
f 140 639 2579
f 145 1438 2579
f 1315 2579 1438
f 1320 2580 1317
f 132 632 2580
f 140 1317 2580
f 1779 2581 1319
f 121 1630 2581
f 132 1319 2581
f 1779 2582 1322
f 124 1628 2582
f 109 1322 2582
f 103 599 2583
f 118 1323 2583
f 1325 2583 1323
f 363 1704 2584
f 61 1330 2584
f 1328 2584 1330
f 32 498 2585
f 34 1337 2585
f 1336 2585 1337
f 34 976 2586
f 1341 2586 976
f 1338 2586 1341
f 1780 2587 1340
f 21 1601 2587
f 20 1340 2587
f 203 1776 2588
f 21 1780 2588
f 1343 2588 1780
f 1506 2589 1345
f 204 1652 2589
f 203 1345 2589
f 1781 2590 1346
f 444 1773 2590
f 443 1346 2590
f 1347 2591 1348
f 443 1288 2591
f 439 1348 2591
f 1782 2592 1350
f 448 1778 2592
f 447 1350 2592
f 1782 2593 1351
f 440 1775 2593
f 445 1351 2593
f 1352 2594 1353
f 445 1774 2594
f 244 1353 2594
f 1195 2595 1354
f 369 1710 2595
f 1354 2595 1710
f 163 1640 2596
f 162 1520 2596
f 1357 2596 1520
f 1443 2597 1359
f 424 1753 2597
f 423 1359 2597
f 1177 2598 1361
f 962 2598 1177
f 371 1361 2598
f 367 961 2599
f 370 1563 2599
f 1366 2599 1563
f 442 1769 2600
f 441 1592 2600
f 1369 2600 1592
f 354 1709 2601
f 292 1311 2601
f 1375 2601 1311
f 167 1783 2602
f 169 1394 2602
f 1381 2602 1394
f 1784 2603 1384
f 66 1610 2603
f 65 1384 2603
f 506 2604 1387
f 35 501 2604
f 38 1387 2604
f 1480 2605 1393
f 355 1698 2605
f 354 1393 2605
f 451 1395 2606
f 1636 2606 1395
f 1397 2606 1636
f 1785 2607 1400
f 454 1786 2607
f 310 1400 2607
f 1697 2608 1403
f 349 1787 2608
f 452 1403 2608
f 1788 2609 1405
f 457 1406 2609
f 352 1405 2609
f 1472 2610 1407
f 458 1789 2610
f 353 1407 2610
f 1206 2611 1409
f 353 1789 2611
f 458 1409 2611
f 168 1382 2612
f 451 1396 2612
f 1411 2612 1396
f 426 1412 2613
f 453 1430 2613
f 1413 2613 1430
f 429 1414 2614
f 459 1790 2614
f 1415 2614 1790
f 657 2615 1418
f 163 1416 2615
f 460 1418 2615
f 1791 2616 1421
f 463 1424 2616
f 175 1421 2616
f 464 1557 2617
f 176 1643 2617
f 1423 2617 1643
f 462 1420 2618
f 371 964 2618
f 1426 2618 964
f 91 1792 2619
f 87 556 2619
f 1428 2619 556
f 453 1398 2620
f 150 1186 2620
f 1431 2620 1186
f 146 1434 2621
f 460 1790 2621
f 1433 2621 1790
f 642 2622 1435
f 149 1437 2622
f 461 1435 2622
f 369 1758 2623
f 431 1560 2623
f 1440 2623 1560
f 424 1445 2624
f 465 1469 2624
f 1442 2624 1469
f 322 1447 2625
f 466 1793 2625
f 1444 2625 1793
f 321 1534 2626
f 467 1794 2626
f 1446 2626 1794
f 1436 2627 1448
f 145 1795 2627
f 158 1448 2627
f 1639 2628 1451
f 158 1795 2628
f 145 1451 2628
f 51 1607 2629
f 50 1549 2629
f 1455 2629 1549
f 468 1456 2630
f 469 1796 2630
f 1458 2630 1796
f 1784 2631 1460
f 69 1797 2631
f 55 1460 2631
f 530 2632 1463
f 66 1459 2632
f 52 1463 2632
f 1745 2633 1466
f 67 1462 2633
f 51 1466 2633
f 1785 2634 1468
f 455 1471 2634
f 456 1468 2634
f 465 1798 2635
f 457 1788 2635
f 1470 2635 1788
f 457 1798 2636
f 465 1793 2636
f 1473 2636 1793
f 458 1474 2637
f 466 1794 2637
f 1475 2637 1794
f 358 1476 2638
f 467 1799 2638
f 1478 2638 1799
f 48 1800 2639
f 1765 2639 1800
f 1482 2639 1765
f 63 1800 2640
f 48 1606 2640
f 1483 2640 1606
f 1747 2641 1487
f 417 1801 2641
f 36 1487 2641
f 1744 2642 1490
f 36 1801 2642
f 417 1490 2642
f 1764 2643 1493
f 412 1489 2643
f 434 1493 2643
f 197 1802 2644
f 335 885 2644
f 1497 2644 885
f 1650 2645 1500
f 198 1498 2645
f 337 1500 2645
f 1738 2646 1502
f 199 1499 2646
f 339 1502 2646
f 1223 2647 1503
f 436 1505 2647
f 202 1503 2647
f 444 1803 2648
f 699 2648 1803
f 1504 2648 699
f 201 1803 2649
f 1781 2649 1803
f 1507 2649 1781
f 701 2650 1510
f 204 1508 2650
f 211 1510 2650
f 1654 2651 1511
f 213 1542 2651
f 196 1511 2651
f 165 1517 2652
f 462 1425 2652
f 1513 2652 1425
f 427 1518 2653
f 463 1791 2653
f 1516 2653 1791
f 1757 2654 1519
f 430 1522 2654
f 464 1519 2654
f 162 1525 2655
f 1804 2655 1525
f 1521 2655 1804
f 161 1526 2656
f 471 1805 2656
f 1524 2656 1805
f 1313 2657 1527
f 157 1806 2657
f 181 1527 2657
f 181 1806 2658
f 157 654 2658
f 1529 2658 654
f 674 2659 1531
f 1066 2659 674
f 191 1531 2659
f 442 1807 2660
f 450 1799 2660
f 1533 2660 1799
f 450 1807 2661
f 442 1368 2661
f 1535 2661 1368
f 215 1544 2662
f 206 1072 2662
f 1541 2662 1072
f 38 1548 2663
f 53 517 2663
f 1545 2663 517
f 37 1808 2664
f 50 514 2664
f 1547 2664 514
f 50 1808 2665
f 1134 2665 1808
f 1550 2665 1134
f 438 1554 2666
f 49 1796 2666
f 1552 2666 1796
f 32 1556 2667
f 46 511 2667
f 1553 2667 511
f 1804 2668 1558
f 1809 2668 1804
f 431 1558 2668
f 431 1809 2669
f 470 1805 2669
f 1561 2669 1805
f 365 1810 2670
f 328 1688 2670
f 1565 2670 1688
f 328 1810 2671
f 365 1746 2671
f 1567 2671 1746
f 330 1568 2672
f 416 1771 2672
f 1570 2672 1771
f 331 1571 2673
f 364 1705 2673
f 1572 2673 1705
f 74 1811 2674
f 80 550 2674
f 1574 2674 550
f 80 1811 2675
f 74 538 2675
f 1575 2675 538
f 1692 2676 1578
f 226 726 2676
f 228 1578 2676
f 186 1583 2677
f 311 836 2677
f 1581 2677 836
f 1755 2678 1584
f 425 1586 2678
f 423 1584 2678
f 1196 2679 1587
f 432 1812 2679
f 319 1587 2679
f 1685 2680 1589
f 319 1812 2680
f 432 1589 2680
f 1768 2681 1591
f 320 1588 2681
f 368 1591 2681
f 441 1590 2682
f 367 1365 2682
f 1593 2682 1365
