Godot Engine v4.7.2.stable.official.ed1daf0bf - https://godotengine.org
Vulkan 1.4.351 - Forward+ - Using Device #0: NVIDIA - NVIDIA GeForce RTX 4090

Gate 8 -- the loop. Godot 4.7.2-stable (official), AMD Ryzen 7 3800X 8-Core Processor, 2026-09-23T02:33:32
args: --gate=loop --out=../gates/8-loop/control-push-vertex.txt --wallclock=3600 --mcp-port=8798 --push-vertex --allow-fixture=infer,rig --fit-max-iterations=-1
XR_RUNTIME_JSON: (unset)
PEN_SYNC: PASS 32 files identical to vendor/xr-grid
[godot_mcp] RUNTIME MCP on http://127.0.0.1:8798/mcp
[dress-on] xr_main: flat
[dress-on] dress_on: sandbox loaded dress_on.elf
[dress-on] drape: sandbox loaded drape.elf
[dress-on] curvenet: sandbox loaded curvenet.elf
[dress-on] fit: sandbox loaded fit.elf
[dress-on] infer: infer.elf not found (not built or not imported)
stages: infer: infer.elf not found (not built or not imported) | curvenet: ok | fit: ok | drape: ok
view: flat
run: STARTED allow_fixture=infer,rig force_fixture= pen=scripted
STATE INFER              108 ms  vm       0.0 ms  heap -  frames 1  FIXTURE fixtures/foxgirl/avatar.obj: 5128 v, 10171 f
STATE RIG                 12 ms  vm       0.0 ms  heap -  frames 1  FIXTURE fixtures/foxgirl/skeleton.obj (skeleton15 topology): 15 joints, map [0, 1, 2, 3, 4, 5, 6, 7, 8, 9, 10, 11, 12, 13, 14]
STATE AUTHOR            1434 ms  vm    1319.1 ms  heap 2.9 MiB  frames 7  strokes 6 cycles 2 openings 2 patches 2 curves 6 knots 4 degrees [3, 3, 3, 3]
STATE MESH               775 ms  vm     761.7 ms  heap 3.1 MiB  frames 1252  ok patches=2 vertices=932 triangles=1728 loops=2 components=1 euler=0 | 932 v 1728 f 2 loops
[2026-09-23 09:33:35.795] [polyfem] [info] Solver Eigen::SimplicialLDLT is the highest priority available solver; using it.

[2026-09-23 09:33:37.552] [polyfem] [info] Preserving texture coordinates and material data during avatar projection

[2026-09-23 09:43:51.734] [polyfem] [info] Normals will be recomputed after projection to match the new geometry

[2026-09-23 09:33:54.757] [polyfem] [info] Preserving mesh topology - skipping iterative distance reduction

[2026-09-25 00:38:45.009] [polyfem] [info] Shrunk avatar blended 0.010 toward the target body (0 = fully collapsed onto the skeleton, 1 = no shrink)

[2026-09-23 09:33:38.582] [polyfem] [debug] curve 0 has 3 bone intersections

[2026-09-23 09:33:38.583] [polyfem] [debug] curve normal [-0.0009899578852720086, -0.9999984920647856, 0.0014268326952763088]

[2026-09-23 09:33:38.584] [polyfem] [debug] CurveTargetForm set curve center to bone 17 - 18, direction is [-0.0009899578852720114, -0.9999984920647856, 0.0014268326952763045]

[2026-09-23 09:33:38.585] [polyfem] [debug] curve 1 has 4 bone intersections

[2026-09-23 09:33:38.586] [polyfem] [debug] curve normal [-0.0006489879810447076, -0.999991976055631, -0.003953054382985814]

[2026-09-23 09:33:38.587] [polyfem] [debug] CurveTargetForm set curve center to bone 0 - 1, direction is [-0.0006489879810447083, -0.999991976055631, -0.0039530543829858]

STATE FIT_BEGIN         2804 ms  vm    2800.7 ms  heap 8.3 MiB  frames 4555  OK begin: phases 2, target_scale 1.5276081186803154 center (-0.00084284095419066558, -1.5261948035249069, -0.0069841535617863326), source_scale 1.5276081186803154, io_attempts 0
[2026-09-23 09:43:52.772] [polyfem] [info] Start substep 1 out of 1

[2026-09-23 09:43:56.099] [polyfem] [debug] Set initial AL weight to 1

[2026-09-23 10:10:38.212] [polyfem] [debug] Solving AL Problem with weight 1

[2026-09-23 09:34:06.558] [polyfem] [debug] Starting SparseNewton with Backtracking solve f₀=134.166 (stopping criteria: iters=50 f=8.39912e-323 Δf=0 ‖∇f‖=1 ‖Δx‖=0 Δx⋅∇f(x)=-0)

[2026-09-23 09:34:25.681] [polyfem] [debug] Line search finished (nan_free_step_size=0.21104008232585267 collision_free_step_size=0.06450736891405458 descent_step_size=0.06450736891405458 final_step_size=0.06450736891405458)

[2026-09-23 09:34:25.684] [polyfem] [debug] [SparseNewton][Backtracking] iters=0 f=134.166 Δf=nan ‖∇f‖=413.393 ‖Δx‖=68.1701 Δx⋅∇f(x)=-268.245 (stopping criteria: iters=50 f=8.39912e-323 Δf=0 ‖∇f‖=1 ‖Δx‖=0 Δx⋅∇f(x)=-0)

[2026-09-25 00:39:59.917] [polyfem] [debug] Line search finished (nan_free_step_size=0.24328563266449418 collision_free_step_size=0.04561605612459266 descent_step_size=0.04561605612459266 final_step_size=0.04561605612459266)

[2026-09-23 09:45:06.678] [polyfem] [debug] Min distance: 3.178194098289317e-05

[2026-09-25 00:39:59.922] [polyfem] [debug] [SparseNewton][Backtracking] iters=1 f=117.433 Δf=16.7333 ‖∇f‖=387.114 ‖Δx‖=49.8914 Δx⋅∇f(x)=-229.863 (stopping criteria: iters=50 f=8.39912e-323 Δf=0 ‖∇f‖=1 ‖Δx‖=0 Δx⋅∇f(x)=-0)

[2026-09-25 00:40:03.651] [polyfem] [debug] Line search finished (nan_free_step_size=0.0006205057198366516 collision_free_step_size=3.8781607489790724e-05 descent_step_size=3.8781607489790724e-05 final_step_size=3.8781607489790724e-05)

[2026-09-23 09:45:10.411] [polyfem] [debug] Min distance: 3.163950574003101e-05

[2026-09-25 00:40:03.655] [polyfem] [debug] [SparseNewton][Backtracking] iters=2 f=107.187 Δf=10.2457 ‖∇f‖=369.768 ‖Δx‖=17338.7 Δx⋅∇f(x)=-36.4858 (stopping criteria: iters=50 f=8.39912e-323 Δf=0 ‖∇f‖=1 ‖Δx‖=0 Δx⋅∇f(x)=-0)

[2026-09-25 00:40:19.595] [polyfem] [debug] Line search finished (nan_free_step_size=0.002767765025816271 collision_free_step_size=0.000508144360208456 descent_step_size=0.000508144360208456 final_step_size=0.000508144360208456)

[2026-09-23 09:45:26.355] [polyfem] [debug] Min distance: 3.206713836243481e-05

[2026-09-25 00:40:19.599] [polyfem] [debug] [SparseNewton][Backtracking] iters=3 f=107.186 Δf=0.00141472 ‖∇f‖=369.734 ‖Δx‖=3926.39 Δx⋅∇f(x)=-250.176 (stopping criteria: iters=50 f=8.39912e-323 Δf=0 ‖∇f‖=1 ‖Δx‖=0 Δx⋅∇f(x)=-0)

[2026-09-25 00:40:57.153] [polyfem] [debug] Line search finished (nan_free_step_size=0.4195624604204875 collision_free_step_size=0.013111326888140235 descent_step_size=0.013111326888140235 final_step_size=0.013111326888140235)

[2026-09-23 09:46:03.913] [polyfem] [debug] Min distance: 3.259197350832255e-05

[2026-09-25 00:40:57.157] [polyfem] [debug] [SparseNewton][Backtracking] iters=4 f=107.07 Δf=0.115933 ‖∇f‖=368.91 ‖Δx‖=20.1456 Δx⋅∇f(x)=-207.259 (stopping criteria: iters=50 f=8.39912e-323 Δf=0 ‖∇f‖=1 ‖Δx‖=0 Δx⋅∇f(x)=-0)

[2026-09-25 00:41:30.641] [polyfem] [debug] Line search finished (nan_free_step_size=0.25299692630982934 collision_free_step_size=0.011859230920773251 descent_step_size=0.011859230920773251 final_step_size=0.011859230920773251)

[2026-09-23 09:46:37.401] [polyfem] [debug] Min distance: 3.298357966375005e-05

[2026-09-25 00:41:30.645] [polyfem] [debug] [SparseNewton][Backtracking] iters=5 f=104.378 Δf=2.69151 ‖∇f‖=365.503 ‖Δx‖=35.3356 Δx⋅∇f(x)=-202.602 (stopping criteria: iters=50 f=8.39912e-323 Δf=0 ‖∇f‖=1 ‖Δx‖=0 Δx⋅∇f(x)=-0)

[2026-09-25 00:41:46.564] [polyfem] [debug] Line search finished (nan_free_step_size=0.43258055895042646 collision_free_step_size=0.03379535616800207 descent_step_size=0.03379535616800207 final_step_size=0.03379535616800207)

[2026-09-23 09:46:53.324] [polyfem] [debug] Min distance: 3.431535764969983e-05

[2026-09-25 00:41:46.568] [polyfem] [debug] [SparseNewton][Backtracking] iters=6 f=101.992 Δf=2.38605 ‖∇f‖=358.85 ‖Δx‖=18.5645 Δx⋅∇f(x)=-190.984 (stopping criteria: iters=50 f=8.39912e-323 Δf=0 ‖∇f‖=1 ‖Δx‖=0 Δx⋅∇f(x)=-0)

[2026-09-25 00:41:54.865] [polyfem] [debug] Line search finished (nan_free_step_size=0.1185484776878077 collision_free_step_size=0.007409279855487981 descent_step_size=0.007409279855487981 final_step_size=0.007409279855487981)

[2026-09-23 09:47:01.625] [polyfem] [debug] Min distance: 3.456620996607575e-05

[2026-09-25 00:41:54.869] [polyfem] [debug] [SparseNewton][Backtracking] iters=7 f=95.7402 Δf=6.25214 ‖∇f‖=358.688 ‖Δx‖=48.3776 Δx⋅∇f(x)=-175.608 (stopping criteria: iters=50 f=8.39912e-323 Δf=0 ‖∇f‖=1 ‖Δx‖=0 Δx⋅∇f(x)=-0)

[2026-09-25 00:42:07.163] [polyfem] [debug] Line search finished (nan_free_step_size=0.6497109970886518 collision_free_step_size=0.03045520298853055 descent_step_size=0.03045520298853055 final_step_size=0.03045520298853055)

[2026-09-23 09:47:13.923] [polyfem] [debug] Min distance: 3.572079873318085e-05

[2026-09-25 00:42:07.167] [polyfem] [debug] [SparseNewton][Backtracking] iters=8 f=94.4456 Δf=1.29459 ‖∇f‖=355.911 ‖Δx‖=9.47675 Δx⋅∇f(x)=-172.502 (stopping criteria: iters=50 f=8.39912e-323 Δf=0 ‖∇f‖=1 ‖Δx‖=0 Δx⋅∇f(x)=-0)

[2026-09-25 00:42:14.729] [polyfem] [debug] Line search finished (nan_free_step_size=0.4055129651300808 collision_free_step_size=0.012672280160315024 descent_step_size=0.012672280160315024 final_step_size=0.012672280160315024)

[2026-09-23 09:47:21.489] [polyfem] [debug] Min distance: 3.620005698496161e-05

[2026-09-25 00:42:14.733] [polyfem] [debug] [SparseNewton][Backtracking] iters=9 f=89.2727 Δf=5.17294 ‖∇f‖=345.238 ‖Δx‖=13.524 Δx⋅∇f(x)=-166.037 (stopping criteria: iters=50 f=8.39912e-323 Δf=0 ‖∇f‖=1 ‖Δx‖=0 Δx⋅∇f(x)=-0)

[2026-09-25 00:42:27.297] [polyfem] [debug] Line search finished (nan_free_step_size=0.10121754693015889 collision_free_step_size=0.003163048341567465 descent_step_size=0.003163048341567465 final_step_size=0.003163048341567465)

[2026-09-23 09:47:34.057] [polyfem] [debug] Min distance: 3.632837739864701e-05

[2026-09-25 00:42:27.301] [polyfem] [debug] [SparseNewton][Backtracking] iters=10 f=87.184 Δf=2.08872 ‖∇f‖=341.421 ‖Δx‖=64.2587 Δx⋅∇f(x)=-148.766 (stopping criteria: iters=50 f=8.39912e-323 Δf=0 ‖∇f‖=1 ‖Δx‖=0 Δx⋅∇f(x)=-0)

[2026-09-25 00:42:36.649] [polyfem] [debug] Line search finished (nan_free_step_size=0.39301095828550126 collision_free_step_size=0.0030703981116054786 descent_step_size=0.0030703981116054786 final_step_size=0.0030703981116054786)

[2026-09-23 09:47:43.409] [polyfem] [debug] Min distance: 3.64538305279601e-05

[2026-09-25 00:42:36.654] [polyfem] [debug] [SparseNewton][Backtracking] iters=11 f=86.7151 Δf=0.468898 ‖∇f‖=339.801 ‖Δx‖=12.199 Δx⋅∇f(x)=-154.331 (stopping criteria: iters=50 f=8.39912e-323 Δf=0 ‖∇f‖=1 ‖Δx‖=0 Δx⋅∇f(x)=-0)

[2026-09-25 00:43:11.047] [polyfem] [debug] Line search finished (nan_free_step_size=0.6815080375643314 collision_free_step_size=0.021297126173885357 descent_step_size=0.021297126173885357 final_step_size=0.021297126173885357)

[2026-09-23 09:48:17.806] [polyfem] [debug] Min distance: 3.740803772854251e-05

[2026-09-25 00:43:11.050] [polyfem] [debug] [SparseNewton][Backtracking] iters=12 f=86.2472 Δf=0.467927 ‖∇f‖=339.34 ‖Δx‖=12.6889 Δx⋅∇f(x)=-155.981 (stopping criteria: iters=50 f=8.39912e-323 Δf=0 ‖∇f‖=1 ‖Δx‖=0 Δx⋅∇f(x)=-0)

[2026-09-25 00:43:16.366] [polyfem] [debug] Line search finished (nan_free_step_size=0.17712262460936282 collision_free_step_size=0.011070164038085176 descent_step_size=0.011070164038085176 final_step_size=0.011070164038085176)

[2026-09-23 09:48:23.126] [polyfem] [debug] Min distance: 3.780661700830907e-05

[2026-09-25 00:43:16.370] [polyfem] [debug] [SparseNewton][Backtracking] iters=13 f=82.9605 Δf=3.2867 ‖∇f‖=331.092 ‖Δx‖=38.8311 Δx⋅∇f(x)=-137.437 (stopping criteria: iters=50 f=8.39912e-323 Δf=0 ‖∇f‖=1 ‖Δx‖=0 Δx⋅∇f(x)=-0)

[2026-09-25 00:43:46.382] [polyfem] [debug] Line search finished (nan_free_step_size=0.6697450009684794 collision_free_step_size=0.040550966855513404 descent_step_size=0.040550966855513404 final_step_size=0.040550966855513404)

[2026-09-23 09:48:53.142] [polyfem] [debug] Min distance: 3.957936753332775e-05

[2026-09-25 00:43:46.386] [polyfem] [debug] [SparseNewton][Backtracking] iters=14 f=81.4522 Δf=1.5083 ‖∇f‖=327.196 ‖Δx‖=11.4722 Δx⋅∇f(x)=-153.677 (stopping criteria: iters=50 f=8.39912e-323 Δf=0 ‖∇f‖=1 ‖Δx‖=0 Δx⋅∇f(x)=-0)

[2026-09-25 00:43:53.880] [polyfem] [debug] Line search finished (nan_free_step_size=0.26186569473101645 collision_free_step_size=0.012274954440516395 descent_step_size=0.012274954440516395 final_step_size=0.012274954440516395)

[2026-09-23 09:49:00.640] [polyfem] [debug] Min distance: 4.0008914563366046e-05

[2026-09-25 00:43:53.884] [polyfem] [debug] [SparseNewton][Backtracking] iters=15 f=75.4294 Δf=6.02279 ‖∇f‖=334.638 ‖Δx‖=31.5039 Δx⋅∇f(x)=-136.851 (stopping criteria: iters=50 f=8.39912e-323 Δf=0 ‖∇f‖=1 ‖Δx‖=0 Δx⋅∇f(x)=-0)

[2026-09-25 00:44:06.782] [polyfem] [debug] Line search finished (nan_free_step_size=0.26161750771494297 collision_free_step_size=0.016351094232183935 descent_step_size=0.016351094232183935 final_step_size=0.016351094232183935)

[2026-09-23 09:49:13.542] [polyfem] [debug] Min distance: 4.0658989039103386e-05

[2026-09-25 00:44:06.786] [polyfem] [debug] [SparseNewton][Backtracking] iters=16 f=73.7612 Δf=1.66819 ‖∇f‖=330.082 ‖Δx‖=26.4992 Δx⋅∇f(x)=-134.858 (stopping criteria: iters=50 f=8.39912e-323 Δf=0 ‖∇f‖=1 ‖Δx‖=0 Δx⋅∇f(x)=-0)

[2026-09-25 00:44:10.323] [polyfem] [debug] Line search finished (nan_free_step_size=0.12414970432264792 collision_free_step_size=0.01551871304033099 descent_step_size=0.01551871304033099 final_step_size=0.01551871304033099)

[2026-09-23 09:49:17.084] [polyfem] [debug] Min distance: 4.1332355806739916e-05

[2026-09-25 00:44:10.328] [polyfem] [debug] [SparseNewton][Backtracking] iters=17 f=71.5809 Δf=2.18033 ‖∇f‖=325.007 ‖Δx‖=39.2397 Δx⋅∇f(x)=-133.791 (stopping criteria: iters=50 f=8.39912e-323 Δf=0 ‖∇f‖=1 ‖Δx‖=0 Δx⋅∇f(x)=-0)

[2026-09-25 00:44:34.621] [polyfem] [debug] Line search finished (nan_free_step_size=0.7210054459850296 collision_free_step_size=0.022531420187032174 descent_step_size=0.022531420187032174 final_step_size=0.022531420187032174)

[2026-09-23 09:49:41.381] [polyfem] [debug] Min distance: 4.233904891161315e-05

[2026-09-25 00:44:34.625] [polyfem] [debug] [SparseNewton][Backtracking] iters=18 f=69.5223 Δf=2.05852 ‖∇f‖=319.905 ‖Δx‖=12.4271 Δx⋅∇f(x)=-128.822 (stopping criteria: iters=50 f=8.39912e-323 Δf=0 ‖∇f‖=1 ‖Δx‖=0 Δx⋅∇f(x)=-0)

[2026-09-25 00:44:38.580] [polyfem] [debug] Line search finished (nan_free_step_size=0.0032542373067936704 collision_free_step_size=0.0001525423737559533 descent_step_size=0.0001525423737559533 final_step_size=0.0001525423737559533)

[2026-09-23 09:49:45.340] [polyfem] [debug] Min distance: 4.232784279335252e-05

[2026-09-25 00:44:38.584] [polyfem] [debug] [SparseNewton][Backtracking] iters=19 f=66.6544 Δf=2.8679 ‖∇f‖=312.417 ‖Δx‖=1519.37 Δx⋅∇f(x)=-380.126 (stopping criteria: iters=50 f=8.39912e-323 Δf=0 ‖∇f‖=1 ‖Δx‖=0 Δx⋅∇f(x)=-0)

[2026-09-25 00:45:01.577] [polyfem] [debug] Line search finished (nan_free_step_size=0.5774305510741918 collision_free_step_size=0.018044704721068495 descent_step_size=0.018044704721068495 final_step_size=0.018044704721068495)

[2026-09-23 09:50:08.337] [polyfem] [debug] Min distance: 4.315281252016127e-05

[2026-09-25 00:45:01.581] [polyfem] [debug] [SparseNewton][Backtracking] iters=20 f=66.6102 Δf=0.0442063 ‖∇f‖=314.746 ‖Δx‖=14.413 Δx⋅∇f(x)=-124.806 (stopping criteria: iters=50 f=8.39912e-323 Δf=0 ‖∇f‖=1 ‖Δx‖=0 Δx⋅∇f(x)=-0)

[2026-09-25 00:45:12.104] [polyfem] [debug] Line search finished (nan_free_step_size=0.6133661837063233 collision_free_step_size=0.019167693240822604 descent_step_size=0.019167693240822604 final_step_size=0.019167693240822604)

[2026-09-23 09:50:18.864] [polyfem] [debug] Min distance: 4.4026693970311475e-05

[2026-09-25 00:45:12.108] [polyfem] [debug] [SparseNewton][Backtracking] iters=21 f=64.3844 Δf=2.22585 ‖∇f‖=308.077 ‖Δx‖=5.98991 Δx⋅∇f(x)=-122.262 (stopping criteria: iters=50 f=8.39912e-323 Δf=0 ‖∇f‖=1 ‖Δx‖=0 Δx⋅∇f(x)=-0)

[2026-09-25 00:45:40.195] [polyfem] [debug] Line search finished (nan_free_step_size=0.6791067794296562 collision_free_step_size=0.010611043428588379 descent_step_size=0.010611043428588379 final_step_size=0.010611043428588379)

[2026-09-23 09:50:46.955] [polyfem] [debug] Min distance: 4.4514312708866926e-05

[2026-09-25 00:45:40.199] [polyfem] [debug] [SparseNewton][Backtracking] iters=22 f=62.0687 Δf=2.31565 ‖∇f‖=303.213 ‖Δx‖=13.1895 Δx⋅∇f(x)=-120.597 (stopping criteria: iters=50 f=8.39912e-323 Δf=0 ‖∇f‖=1 ‖Δx‖=0 Δx⋅∇f(x)=-0)

[2026-09-25 00:45:54.418] [polyfem] [debug] Line search finished (nan_free_step_size=0.7238825337699357 collision_free_step_size=0.005655332295077623 descent_step_size=0.005655332295077623 final_step_size=0.005655332295077623)

[2026-09-23 09:51:01.178] [polyfem] [debug] Min distance: 4.476629506449042e-05

[2026-09-25 00:45:54.422] [polyfem] [debug] [SparseNewton][Backtracking] iters=23 f=60.8587 Δf=1.21002 ‖∇f‖=309.157 ‖Δx‖=9.29532 Δx⋅∇f(x)=-103.863 (stopping criteria: iters=50 f=8.39912e-323 Δf=0 ‖∇f‖=1 ‖Δx‖=0 Δx⋅∇f(x)=-0)

[2026-09-25 00:46:04.268] [polyfem] [debug] Line search finished (nan_free_step_size=0.5453139537978264 collision_free_step_size=0.021301326320227597 descent_step_size=0.021301326320227597 final_step_size=0.021301326320227597)

[2026-09-23 09:51:11.028] [polyfem] [debug] Min distance: 4.579755100662088e-05

[2026-09-25 00:46:04.272] [polyfem] [debug] [SparseNewton][Backtracking] iters=24 f=60.273 Δf=0.585694 ‖∇f‖=307.479 ‖Δx‖=9.31322 Δx⋅∇f(x)=-114.417 (stopping criteria: iters=50 f=8.39912e-323 Δf=0 ‖∇f‖=1 ‖Δx‖=0 Δx⋅∇f(x)=-0)

[2026-09-25 00:46:10.518] [polyfem] [debug] Line search finished (nan_free_step_size=0.3799464499831693 collision_free_step_size=0.00296833164049351 descent_step_size=0.00296833164049351 final_step_size=0.00296833164049351)

[2026-09-23 09:51:17.278] [polyfem] [debug] Min distance: 4.593593401060528e-05

[2026-09-25 00:46:10.522] [polyfem] [debug] [SparseNewton][Backtracking] iters=25 f=57.8943 Δf=2.37869 ‖∇f‖=303.318 ‖Δx‖=7.51345 Δx⋅∇f(x)=-93.8321 (stopping criteria: iters=50 f=8.39912e-323 Δf=0 ‖∇f‖=1 ‖Δx‖=0 Δx⋅∇f(x)=-0)

[2026-09-25 00:46:17.802] [polyfem] [debug] Line search finished (nan_free_step_size=0.5610201590154457 collision_free_step_size=0.017531879969232677 descent_step_size=0.017531879969232677 final_step_size=0.017531879969232677)

[2026-09-23 09:51:24.561] [polyfem] [debug] Min distance: 4.679476614278398e-05

[2026-09-25 00:46:17.805] [polyfem] [debug] [SparseNewton][Backtracking] iters=26 f=57.6163 Δf=0.278076 ‖∇f‖=302.446 ‖Δx‖=5.43404 Δx⋅∇f(x)=-107.628 (stopping criteria: iters=50 f=8.39912e-323 Δf=0 ‖∇f‖=1 ‖Δx‖=0 Δx⋅∇f(x)=-0)

[2026-09-25 00:46:25.982] [polyfem] [debug] Line search finished (nan_free_step_size=0.0761925865653748 collision_free_step_size=0.00446440936906493 descent_step_size=0.00446440936906493 final_step_size=0.00446440936906493)

[2026-09-23 09:51:32.742] [polyfem] [debug] Min distance: 4.706321061917888e-05

[2026-09-25 00:46:25.986] [polyfem] [debug] [SparseNewton][Backtracking] iters=27 f=55.7467 Δf=1.86955 ‖∇f‖=297.069 ‖Δx‖=81.2411 Δx⋅∇f(x)=-159.312 (stopping criteria: iters=50 f=8.39912e-323 Δf=0 ‖∇f‖=1 ‖Δx‖=0 Δx⋅∇f(x)=-0)

[2026-09-25 00:46:30.218] [polyfem] [debug] Line search finished (nan_free_step_size=0.21614626039890952 collision_free_step_size=0.003166204986312151 descent_step_size=0.003166204986312151 final_step_size=0.003166204986312151)

[2026-09-23 09:51:36.979] [polyfem] [debug] Min distance: 4.7225577329862386e-05

[2026-09-25 00:46:30.224] [polyfem] [debug] [SparseNewton][Backtracking] iters=28 f=55.0345 Δf=0.712237 ‖∇f‖=291.395 ‖Δx‖=19.2294 Δx⋅∇f(x)=-75.1206 (stopping criteria: iters=50 f=8.39912e-323 Δf=0 ‖∇f‖=1 ‖Δx‖=0 Δx⋅∇f(x)=-0)

[2026-09-25 00:46:48.623] [polyfem] [debug] Line search finished (nan_free_step_size=0.601740631234279 collision_free_step_size=0.00940219736303561 descent_step_size=0.00940219736303561 final_step_size=0.00940219736303561)

[2026-09-23 09:51:55.382] [polyfem] [debug] Min distance: 4.7694900783724244e-05

[2026-09-25 00:46:48.626] [polyfem] [debug] [SparseNewton][Backtracking] iters=29 f=54.8006 Δf=0.233909 ‖∇f‖=293.611 ‖Δx‖=11.1902 Δx⋅∇f(x)=-95.6584 (stopping criteria: iters=50 f=8.39912e-323 Δf=0 ‖∇f‖=1 ‖Δx‖=0 Δx⋅∇f(x)=-0)

[2026-09-25 00:46:55.532] [polyfem] [debug] Line search finished (nan_free_step_size=0.2815821625992486 collision_free_step_size=0.00219986064530663 descent_step_size=0.00219986064530663 final_step_size=0.00219986064530663)

[2026-09-23 09:52:02.292] [polyfem] [debug] Min distance: 4.7806047515533774e-05

[2026-09-25 00:46:55.536] [polyfem] [debug] [SparseNewton][Backtracking] iters=30 f=53.906 Δf=0.894588 ‖∇f‖=291.703 ‖Δx‖=28.6321 Δx⋅∇f(x)=-94.5775 (stopping criteria: iters=50 f=8.39912e-323 Δf=0 ‖∇f‖=1 ‖Δx‖=0 Δx⋅∇f(x)=-0)

[2026-09-25 00:46:58.691] [polyfem] [debug] Line search finished (nan_free_step_size=0.00608265928751999 collision_free_step_size=0.0001900831027349997 descent_step_size=0.0001900831027349997 final_step_size=0.0001900831027349997)

[2026-09-23 09:52:05.451] [polyfem] [debug] Min distance: 4.781441054280708e-05

[2026-09-25 00:46:58.695] [polyfem] [debug] [SparseNewton][Backtracking] iters=31 f=53.6988 Δf=0.207173 ‖∇f‖=291.04 ‖Δx‖=384.691 Δx⋅∇f(x)=-1001.29 (stopping criteria: iters=50 f=8.39912e-323 Δf=0 ‖∇f‖=1 ‖Δx‖=0 Δx⋅∇f(x)=-0)

[2026-09-25 00:47:09.071] [polyfem] [debug] Line search finished (nan_free_step_size=0.7207505739093458 collision_free_step_size=0.03941604701066735 descent_step_size=0.03941604701066735 final_step_size=0.03941604701066735)

[2026-09-23 09:52:15.830] [polyfem] [debug] Min distance: 4.978006374790685e-05

[2026-09-25 00:47:09.075] [polyfem] [debug] [SparseNewton][Backtracking] iters=32 f=53.5087 Δf=0.190104 ‖∇f‖=290.55 ‖Δx‖=11.5199 Δx⋅∇f(x)=-100.988 (stopping criteria: iters=50 f=8.39912e-323 Δf=0 ‖∇f‖=1 ‖Δx‖=0 Δx⋅∇f(x)=-0)

[2026-09-25 00:47:18.688] [polyfem] [debug] Line search finished (nan_free_step_size=0.8911892322365391 collision_free_step_size=0.08494147369754514 descent_step_size=0.08494147369754514 final_step_size=0.08494147369754514)

[2026-09-23 09:52:25.449] [polyfem] [debug] Min distance: 5.423142018662666e-05

[2026-09-25 00:47:18.693] [polyfem] [debug] [SparseNewton][Backtracking] iters=33 f=49.6347 Δf=3.87398 ‖∇f‖=303.217 ‖Δx‖=4.93751 Δx⋅∇f(x)=-88.8132 (stopping criteria: iters=50 f=8.39912e-323 Δf=0 ‖∇f‖=1 ‖Δx‖=0 Δx⋅∇f(x)=-0)

[2026-09-25 00:47:27.957] [polyfem] [debug] Line search finished (nan_free_step_size=0.9728468212595796 collision_free_step_size=0.06080292632872372 descent_step_size=0.06080292632872372 final_step_size=0.06080292632872372)

[2026-09-23 09:52:34.717] [polyfem] [debug] Min distance: 5.775920792967285e-05

[2026-09-25 00:47:27.961] [polyfem] [debug] [SparseNewton][Backtracking] iters=34 f=42.416 Δf=7.21875 ‖∇f‖=286.502 ‖Δx‖=5.09738 Δx⋅∇f(x)=-74.7785 (stopping criteria: iters=50 f=8.39912e-323 Δf=0 ‖∇f‖=1 ‖Δx‖=0 Δx⋅∇f(x)=-0)

[2026-09-25 00:47:37.498] [polyfem] [debug] Line search finished (nan_free_step_size=1 collision_free_step_size=0.015625 descent_step_size=0.015625 final_step_size=0.015625)

[2026-09-23 09:52:44.258] [polyfem] [debug] Min distance: 5.8731339896285424e-05

[2026-09-25 00:47:37.503] [polyfem] [debug] [SparseNewton][Backtracking] iters=35 f=38.0178 Δf=4.39821 ‖∇f‖=274.712 ‖Δx‖=4.88937 Δx⋅∇f(x)=-66.5867 (stopping criteria: iters=50 f=8.39912e-323 Δf=0 ‖∇f‖=1 ‖Δx‖=0 Δx⋅∇f(x)=-0)

[2026-09-25 00:47:43.018] [polyfem] [debug] Line search finished (nan_free_step_size=0.5288663315417466 collision_free_step_size=0.012395304645509685 descent_step_size=0.012395304645509685 final_step_size=0.012395304645509685)

[2026-09-23 09:52:49.778] [polyfem] [debug] Min distance: 5.9517980103614884e-05

[2026-09-25 00:47:43.022] [polyfem] [debug] [SparseNewton][Backtracking] iters=36 f=36.9855 Δf=1.03225 ‖∇f‖=270.497 ‖Δx‖=7.62957 Δx⋅∇f(x)=-56.573 (stopping criteria: iters=50 f=8.39912e-323 Δf=0 ‖∇f‖=1 ‖Δx‖=0 Δx⋅∇f(x)=-0)

[2026-09-25 00:47:50.121] [polyfem] [debug] Line search finished (nan_free_step_size=0.5882474014370354 collision_free_step_size=0.009191365647453677 descent_step_size=0.009191365647453677 final_step_size=0.009191365647453677)

[2026-09-23 09:52:56.881] [polyfem] [debug] Min distance: 6.01195162226198e-05

[2026-09-25 00:47:50.125] [polyfem] [debug] [SparseNewton][Backtracking] iters=37 f=36.3077 Δf=0.67779 ‖∇f‖=270.669 ‖Δx‖=10.216 Δx⋅∇f(x)=-63.2401 (stopping criteria: iters=50 f=8.39912e-323 Δf=0 ‖∇f‖=1 ‖Δx‖=0 Δx⋅∇f(x)=-0)

[2026-09-25 00:47:58.618] [polyfem] [debug] Line search finished (nan_free_step_size=1 collision_free_step_size=0.0625 descent_step_size=0.0625 final_step_size=0.0625)

[2026-09-23 09:53:05.378] [polyfem] [debug] Min distance: 6.41914622282334e-05

[2026-09-25 00:47:58.622] [polyfem] [debug] [SparseNewton][Backtracking] iters=38 f=35.7293 Δf=0.578433 ‖∇f‖=267.959 ‖Δx‖=3.73304 Δx⋅∇f(x)=-62.6877 (stopping criteria: iters=50 f=8.39912e-323 Δf=0 ‖∇f‖=1 ‖Δx‖=0 Δx⋅∇f(x)=-0)

[2026-09-25 00:48:06.741] [polyfem] [debug] Line search finished (nan_free_step_size=0.684975843425852 collision_free_step_size=0.031037967905233926 descent_step_size=0.031037967905233926 final_step_size=0.031037967905233926)

[2026-09-23 09:53:13.502] [polyfem] [debug] Min distance: 6.638633086955701e-05

[2026-09-25 00:48:06.746] [polyfem] [debug] [SparseNewton][Backtracking] iters=39 f=31.9361 Δf=3.79319 ‖∇f‖=251.3 ‖Δx‖=7.39692 Δx⋅∇f(x)=-55.8748 (stopping criteria: iters=50 f=8.39912e-323 Δf=0 ‖∇f‖=1 ‖Δx‖=0 Δx⋅∇f(x)=-0)

[2026-09-25 00:48:15.231] [polyfem] [debug] Line search finished (nan_free_step_size=1 collision_free_step_size=0.043750000000000004 descent_step_size=0.043750000000000004 final_step_size=0.043750000000000004)

[2026-09-23 09:53:21.991] [polyfem] [debug] Min distance: 6.959519837282475e-05

[2026-09-25 00:48:15.235] [polyfem] [debug] [SparseNewton][Backtracking] iters=40 f=30.2424 Δf=1.69371 ‖∇f‖=245.699 ‖Δx‖=6.14069 Δx⋅∇f(x)=-51.3597 (stopping criteria: iters=50 f=8.39912e-323 Δf=0 ‖∇f‖=1 ‖Δx‖=0 Δx⋅∇f(x)=-0)

[2026-09-25 00:48:18.473] [polyfem] [debug] Line search finished (nan_free_step_size=0.15181457162646297 collision_free_step_size=0.037953642906615744 descent_step_size=0.037953642906615744 final_step_size=0.037953642906615744)

[2026-09-23 09:53:25.233] [polyfem] [debug] Min distance: 7.266899549451834e-05

[2026-09-25 00:48:18.477] [polyfem] [debug] [SparseNewton][Backtracking] iters=41 f=28.0472 Δf=2.19516 ‖∇f‖=235.934 ‖Δx‖=38.0953 Δx⋅∇f(x)=-45.1131 (stopping criteria: iters=50 f=8.39912e-323 Δf=0 ‖∇f‖=1 ‖Δx‖=0 Δx⋅∇f(x)=-0)

[2026-09-23 10:19:52.796] [polyfem] [debug] Line search finished (nan_free_step_size=1 collision_free_step_size=0.05 descent_step_size=0.05 final_step_size=0.05)

[2026-09-23 09:53:32.251] [polyfem] [debug] Min distance: 7.672829699295546e-05

[2026-09-25 00:48:25.495] [polyfem] [debug] [SparseNewton][Backtracking] iters=42 f=26.3818 Δf=1.66541 ‖∇f‖=230.64 ‖Δx‖=3.19747 Δx⋅∇f(x)=-43.4814 (stopping criteria: iters=50 f=8.39912e-323 Δf=0 ‖∇f‖=1 ‖Δx‖=0 Δx⋅∇f(x)=-0)

[2026-09-25 00:48:33.955] [polyfem] [debug] Line search finished (nan_free_step_size=1 collision_free_step_size=0.06875 descent_step_size=0.06875 final_step_size=0.06875)

[2026-09-23 09:53:40.715] [polyfem] [debug] Min distance: 8.257355593579101e-05

[2026-09-25 00:48:33.959] [polyfem] [debug] [SparseNewton][Backtracking] iters=43 f=24.2716 Δf=2.11025 ‖∇f‖=221.555 ‖Δx‖=4.91189 Δx⋅∇f(x)=-39.3639 (stopping criteria: iters=50 f=8.39912e-323 Δf=0 ‖∇f‖=1 ‖Δx‖=0 Δx⋅∇f(x)=-0)

[2026-09-25 00:48:41.852] [polyfem] [debug] Line search finished (nan_free_step_size=0.6711160545981855 collision_free_step_size=0.04194475341238659 descent_step_size=0.04194475341238659 final_step_size=0.04194475341238659)

[2026-09-23 09:53:48.612] [polyfem] [debug] Min distance: 8.6492990569971e-05

[2026-09-25 00:48:41.856] [polyfem] [debug] [SparseNewton][Backtracking] iters=44 f=21.6606 Δf=2.61096 ‖∇f‖=208.668 ‖Δx‖=10.1856 Δx⋅∇f(x)=-34.8503 (stopping criteria: iters=50 f=8.39912e-323 Δf=0 ‖∇f‖=1 ‖Δx‖=0 Δx⋅∇f(x)=-0)

[2026-09-25 00:48:48.912] [polyfem] [debug] Line search finished (nan_free_step_size=1 collision_free_step_size=0.0625 descent_step_size=0.0625 final_step_size=0.0625)

[2026-09-23 09:53:55.673] [polyfem] [debug] Min distance: 3.552037260570471e-05

[2026-09-25 00:48:48.917] [polyfem] [debug] [SparseNewton][Backtracking] iters=45 f=20.2278 Δf=1.43277 ‖∇f‖=204.472 ‖Δx‖=3.47475 Δx⋅∇f(x)=-30.0684 (stopping criteria: iters=50 f=8.39912e-323 Δf=0 ‖∇f‖=1 ‖Δx‖=0 Δx⋅∇f(x)=-0)

[2026-09-25 00:48:55.606] [polyfem] [debug] Line search finished (nan_free_step_size=1 collision_free_step_size=0.0546875 descent_step_size=0.0546875 final_step_size=0.0546875)

[2026-09-23 09:54:02.366] [polyfem] [debug] Min distance: 4.2315594281111494e-05

[2026-09-25 00:48:55.610] [polyfem] [debug] [SparseNewton][Backtracking] iters=46 f=18.4122 Δf=1.81558 ‖∇f‖=219.328 ‖Δx‖=3.84686 Δx⋅∇f(x)=-26.4871 (stopping criteria: iters=50 f=8.39912e-323 Δf=0 ‖∇f‖=1 ‖Δx‖=0 Δx⋅∇f(x)=-0)

[2026-09-25 00:49:01.853] [polyfem] [debug] Line search finished (nan_free_step_size=1 collision_free_step_size=0.015625 descent_step_size=0.015625 final_step_size=0.015625)

[2026-09-23 09:54:08.613] [polyfem] [debug] Min distance: 4.426652309711152e-05

[2026-09-25 00:49:01.857] [polyfem] [debug] [SparseNewton][Backtracking] iters=47 f=17.0353 Δf=1.3769 ‖∇f‖=208.863 ‖Δx‖=3.37863 Δx⋅∇f(x)=-19.9416 (stopping criteria: iters=50 f=8.39912e-323 Δf=0 ‖∇f‖=1 ‖Δx‖=0 Δx⋅∇f(x)=-0)

[2026-09-25 00:49:06.003] [polyfem] [debug] Line search finished (nan_free_step_size=0.02419634482348783 collision_free_step_size=0.00037806788786699737 descent_step_size=0.00037806788786699737 final_step_size=0.00037806788786699737)

[2026-09-23 09:54:12.763] [polyfem] [debug] Min distance: 4.441097555769052e-05

[2026-09-25 00:49:06.007] [polyfem] [debug] [SparseNewton][Backtracking] iters=48 f=16.7265 Δf=0.308795 ‖∇f‖=205.62 ‖Δx‖=231.791 Δx⋅∇f(x)=-298.915 (stopping criteria: iters=50 f=8.39912e-323 Δf=0 ‖∇f‖=1 ‖Δx‖=0 Δx⋅∇f(x)=-0)

[2026-09-23 09:43:59.420] [polyfem] [debug] [SparseNewton][Backtracking] Search direction not a descent direction (‖Δx‖=11.2168; ‖g‖=209.146; Δx⋅g=25.2262≥0); reverting to SparseProjectedNewton

[2026-09-25 00:49:11.854] [polyfem] [debug] Line search finished (nan_free_step_size=1 collision_free_step_size=0.015625 descent_step_size=0.015625 final_step_size=0.015625)

[2026-09-23 09:54:18.614] [polyfem] [debug] Min distance: 4.576492016316575e-05

[2026-09-25 00:49:11.858] [polyfem] [debug] [SparseProjectedNewton][Backtracking] iters=49 f=16.6211 Δf=0.105477 ‖∇f‖=209.146 ‖Δx‖=2.18926 Δx⋅∇f(x)=-26.0541 (stopping criteria: iters=50 f=8.39912e-323 Δf=0 ‖∇f‖=1 ‖Δx‖=0 Δx⋅∇f(x)=-0)

[2026-09-23 09:54:18.615] [polyfem] [error] [SparseProjectedNewton][Backtracking] Reached iteration limit (limit=50)

[2026-09-23 09:54:18.625] [polyfem] [debug] Current eta = 0.6778324737076686

[2026-09-23 10:20:41.670] [polyfem] [debug] Solving AL Problem with weight 2

[2026-09-25 00:49:14.374] [polyfem] [debug] Starting SparseNewton with Backtracking solve f₀=30.1365 (stopping criteria: iters=50 f=8.39912e-323 Δf=0 ‖∇f‖=1 ‖Δx‖=0 Δx⋅∇f(x)=-0)

[2026-09-25 00:49:15.266] [polyfem] [debug] [SparseNewton][Backtracking] Search direction not a descent direction (‖Δx‖=56.6086; ‖g‖=245.661; Δx⋅g=185.233≥0); reverting to SparseProjectedNewton

[2026-09-25 00:49:20.525] [polyfem] [debug] Line search finished (nan_free_step_size=1 collision_free_step_size=0.015625 descent_step_size=0.015625 final_step_size=0.015625)

[2026-09-25 00:49:20.530] [polyfem] [debug] [SparseProjectedNewton][Backtracking] iters=0 f=30.1365 Δf=nan ‖∇f‖=245.661 ‖Δx‖=2.30657 Δx⋅∇f(x)=-52.9868 (stopping criteria: iters=50 f=8.39912e-323 Δf=0 ‖∇f‖=1 ‖Δx‖=0 Δx⋅∇f(x)=-0)

[2026-09-25 00:49:25.765] [polyfem] [debug] Line search finished (nan_free_step_size=1 collision_free_step_size=0.1875 descent_step_size=0.1875 final_step_size=0.1875)

[2026-09-23 09:54:32.525] [polyfem] [debug] Min distance: 6.985587888049638e-05

[2026-09-25 00:49:25.769] [polyfem] [debug] [SparseProjectedNewton][Backtracking] iters=1 f=29.3145 Δf=0.822041 ‖∇f‖=242.29 ‖Δx‖=2.3008 Δx⋅∇f(x)=-51.3816 (stopping criteria: iters=50 f=8.39912e-323 Δf=0 ‖∇f‖=1 ‖Δx‖=0 Δx⋅∇f(x)=-0)

[2026-09-25 00:49:30.426] [polyfem] [debug] Line search finished (nan_free_step_size=1 collision_free_step_size=0.03125 descent_step_size=0.03125 final_step_size=0.03125)

[2026-09-23 09:54:37.187] [polyfem] [debug] Min distance: 7.475303417988818e-05

[2026-09-25 00:49:30.431] [polyfem] [debug] [SparseProjectedNewton][Backtracking] iters=2 f=20.5498 Δf=8.76468 ‖∇f‖=198.19 ‖Δx‖=2.09521 Δx⋅∇f(x)=-34.6208 (stopping criteria: iters=50 f=8.39912e-323 Δf=0 ‖∇f‖=1 ‖Δx‖=0 Δx⋅∇f(x)=-0)

[2026-09-25 00:49:34.826] [polyfem] [debug] Line search finished (nan_free_step_size=1 collision_free_step_size=0.0078125 descent_step_size=0.0078125 final_step_size=0.0078125)

[2026-09-23 09:54:41.587] [polyfem] [debug] Min distance: 7.610215863269075e-05

[2026-09-25 00:49:34.831] [polyfem] [debug] [SparseProjectedNewton][Backtracking] iters=3 f=19.4825 Δf=1.06733 ‖∇f‖=191.877 ‖Δx‖=2.05847 Δx⋅∇f(x)=-32.5644 (stopping criteria: iters=50 f=8.39912e-323 Δf=0 ‖∇f‖=1 ‖Δx‖=0 Δx⋅∇f(x)=-0)

[2026-09-25 00:49:39.171] [polyfem] [debug] Line search finished (nan_free_step_size=1 collision_free_step_size=0.0625 descent_step_size=0.0625 final_step_size=0.0625)

[2026-09-23 09:54:45.930] [polyfem] [debug] Min distance: 8.756098085409815e-05

[2026-09-25 00:49:39.174] [polyfem] [debug] [SparseProjectedNewton][Backtracking] iters=4 f=19.229 Δf=0.253461 ‖∇f‖=190.399 ‖Δx‖=2.05682 Δx⋅∇f(x)=-32.0783 (stopping criteria: iters=50 f=8.39912e-323 Δf=0 ‖∇f‖=1 ‖Δx‖=0 Δx⋅∇f(x)=-0)

[2026-09-25 00:49:43.492] [polyfem] [debug] Line search finished (nan_free_step_size=1 collision_free_step_size=0.125 descent_step_size=0.125 final_step_size=0.125)

[2026-09-23 09:44:36.069] [polyfem] [debug] [SparseProjectedNewton][Backtracking] SparseProjectedNewton was successful for 5 iterations; resetting to SparseNewton

[2026-09-23 09:54:50.252] [polyfem] [debug] Min distance: 0.0001169836420703515

[2026-09-25 00:49:43.497] [polyfem] [debug] [SparseNewton][Backtracking] iters=5 f=17.284 Δf=1.94502 ‖∇f‖=179.054 ‖Δx‖=2.00351 Δx⋅∇f(x)=-28.3165 (stopping criteria: iters=50 f=8.39912e-323 Δf=0 ‖∇f‖=1 ‖Δx‖=0 Δx⋅∇f(x)=-0)

[2026-09-25 00:49:48.630] [polyfem] [debug] Line search finished (nan_free_step_size=1 collision_free_step_size=0.03125 descent_step_size=0.03125 final_step_size=0.03125)

[2026-09-23 09:54:55.391] [polyfem] [debug] Min distance: 0.000131821591966375

[2026-09-25 00:49:48.635] [polyfem] [debug] [SparseNewton][Backtracking] iters=6 f=13.9597 Δf=3.32429 ‖∇f‖=158.661 ‖Δx‖=4.059 Δx⋅∇f(x)=-23.4362 (stopping criteria: iters=50 f=8.39912e-323 Δf=0 ‖∇f‖=1 ‖Δx‖=0 Δx⋅∇f(x)=-0)

[2026-09-25 00:49:55.309] [polyfem] [debug] Line search finished (nan_free_step_size=0.29150037559488284 collision_free_step_size=0.009109386737340089 descent_step_size=0.009109386737340089 final_step_size=0.009109386737340089)

[2026-09-23 09:55:02.069] [polyfem] [debug] Min distance: 0.00013614931193087337

[2026-09-25 00:49:55.313] [polyfem] [debug] [SparseNewton][Backtracking] iters=7 f=13.2503 Δf=0.709353 ‖∇f‖=159.492 ‖Δx‖=22.3428 Δx⋅∇f(x)=-20.5734 (stopping criteria: iters=50 f=8.39912e-323 Δf=0 ‖∇f‖=1 ‖Δx‖=0 Δx⋅∇f(x)=-0)

[2026-09-25 00:49:59.780] [polyfem] [debug] Line search finished (nan_free_step_size=1 collision_free_step_size=0.078125 descent_step_size=0.078125 final_step_size=0.078125)

[2026-09-23 09:55:06.541] [polyfem] [debug] Min distance: 0.0001759220073276423

[2026-09-25 00:49:59.785] [polyfem] [debug] [SparseNewton][Backtracking] iters=8 f=13.1755 Δf=0.0748382 ‖∇f‖=293.413 ‖Δx‖=2.29823 Δx⋅∇f(x)=-21.7932 (stopping criteria: iters=50 f=8.39912e-323 Δf=0 ‖∇f‖=1 ‖Δx‖=0 Δx⋅∇f(x)=-0)

[2026-09-25 00:50:04.514] [polyfem] [debug] Line search finished (nan_free_step_size=1 collision_free_step_size=0.03125 descent_step_size=0.03125 final_step_size=0.03125)

[2026-09-23 09:55:11.274] [polyfem] [debug] Min distance: 0.00019042702939477764

[2026-09-25 00:50:04.518] [polyfem] [debug] [SparseNewton][Backtracking] iters=9 f=11.5518 Δf=1.62367 ‖∇f‖=273.376 ‖Δx‖=2.81274 Δx⋅∇f(x)=-18.404 (stopping criteria: iters=50 f=8.39912e-323 Δf=0 ‖∇f‖=1 ‖Δx‖=0 Δx⋅∇f(x)=-0)

[2026-09-25 00:50:08.620] [polyfem] [debug] Line search finished (nan_free_step_size=1 collision_free_step_size=0.03125 descent_step_size=0.03125 final_step_size=0.03125)

[2026-09-23 09:55:15.380] [polyfem] [debug] Min distance: 0.0001983110994278544

[2026-09-25 00:50:08.624] [polyfem] [debug] [SparseNewton][Backtracking] iters=10 f=10.9897 Δf=0.562116 ‖∇f‖=265.154 ‖Δx‖=2.18178 Δx⋅∇f(x)=-15.892 (stopping criteria: iters=50 f=8.39912e-323 Δf=0 ‖∇f‖=1 ‖Δx‖=0 Δx⋅∇f(x)=-0)

[2026-09-25 00:50:14.261] [polyfem] [debug] Line search finished (nan_free_step_size=1 collision_free_step_size=0.0625 descent_step_size=0.0625 final_step_size=0.0625)

[2026-09-23 09:55:21.021] [polyfem] [debug] Min distance: 0.00020405199049110433

[2026-09-25 00:50:14.265] [polyfem] [debug] [SparseNewton][Backtracking] iters=11 f=10.5024 Δf=0.487349 ‖∇f‖=257.039 ‖Δx‖=4.00092 Δx⋅∇f(x)=-16.8247 (stopping criteria: iters=50 f=8.39912e-323 Δf=0 ‖∇f‖=1 ‖Δx‖=0 Δx⋅∇f(x)=-0)

[2026-09-25 00:50:22.315] [polyfem] [debug] Line search finished (nan_free_step_size=1 collision_free_step_size=0.0234375 descent_step_size=0.0234375 final_step_size=0.0234375)

[2026-09-23 09:55:29.078] [polyfem] [debug] Min distance: 0.00021409240054509629

[2026-09-25 00:50:22.323] [polyfem] [debug] [SparseNewton][Backtracking] iters=12 f=9.48985 Δf=1.01251 ‖∇f‖=241.587 ‖Δx‖=5.305 Δx⋅∇f(x)=-14.2727 (stopping criteria: iters=50 f=8.39912e-323 Δf=0 ‖∇f‖=1 ‖Δx‖=0 Δx⋅∇f(x)=-0)

[2026-09-25 00:50:28.974] [polyfem] [debug] Line search finished (nan_free_step_size=1 collision_free_step_size=0.03125 descent_step_size=0.03125 final_step_size=0.03125)

[2026-09-23 09:55:35.734] [polyfem] [debug] Min distance: 0.00023000880164570674

[2026-09-25 00:50:28.978] [polyfem] [debug] [SparseNewton][Backtracking] iters=13 f=9.16707 Δf=0.322776 ‖∇f‖=236.739 ‖Δx‖=5.47382 Δx⋅∇f(x)=-13.0395 (stopping criteria: iters=50 f=8.39912e-323 Δf=0 ‖∇f‖=1 ‖Δx‖=0 Δx⋅∇f(x)=-0)

[2026-09-25 00:50:32.891] [polyfem] [debug] Line search finished (nan_free_step_size=0.6086101205479616 collision_free_step_size=0.0190190662671238 descent_step_size=0.0190190662671238 final_step_size=0.0190190662671238)

[2026-09-23 09:55:39.651] [polyfem] [debug] Min distance: 0.00021918758665172294

[2026-09-25 00:50:32.895] [polyfem] [debug] [SparseNewton][Backtracking] iters=14 f=8.768 Δf=0.399073 ‖∇f‖=227.94 ‖Δx‖=6.70558 Δx⋅∇f(x)=-12.3308 (stopping criteria: iters=50 f=8.39912e-323 Δf=0 ‖∇f‖=1 ‖Δx‖=0 Δx⋅∇f(x)=-0)

[2026-09-25 00:50:39.582] [polyfem] [debug] Line search finished (nan_free_step_size=1 collision_free_step_size=0.0625 descent_step_size=0.0625 final_step_size=0.0625)

[2026-09-23 09:55:46.341] [polyfem] [debug] Min distance: 0.00019784447931509296

[2026-09-25 00:50:39.586] [polyfem] [debug] [SparseNewton][Backtracking] iters=15 f=8.53567 Δf=0.232324 ‖∇f‖=223.318 ‖Δx‖=5.95268 Δx⋅∇f(x)=-12.0889 (stopping criteria: iters=50 f=8.39912e-323 Δf=0 ‖∇f‖=1 ‖Δx‖=0 Δx⋅∇f(x)=-0)

[2026-09-25 00:50:43.233] [polyfem] [debug] Line search finished (nan_free_step_size=0.428620939521359 collision_free_step_size=0.006697202180021234 descent_step_size=0.006697202180021234 final_step_size=0.006697202180021234)

[2026-09-23 09:55:49.993] [polyfem] [debug] Min distance: 0.00020318416032307277

[2026-09-25 00:50:43.237] [polyfem] [debug] [SparseNewton][Backtracking] iters=16 f=7.83196 Δf=0.703714 ‖∇f‖=210.357 ‖Δx‖=11.2205 Δx⋅∇f(x)=-10.819 (stopping criteria: iters=50 f=8.39912e-323 Δf=0 ‖∇f‖=1 ‖Δx‖=0 Δx⋅∇f(x)=-0)

[2026-09-25 00:50:48.066] [polyfem] [debug] Line search finished (nan_free_step_size=1 collision_free_step_size=0.0234375 descent_step_size=0.0234375 final_step_size=0.0234375)

[2026-09-23 09:55:54.827] [polyfem] [debug] Min distance: 0.00014852290756682982

[2026-09-25 00:50:48.071] [polyfem] [debug] [SparseNewton][Backtracking] iters=17 f=7.7656 Δf=0.0663599 ‖∇f‖=209.685 ‖Δx‖=4.01371 Δx⋅∇f(x)=-10.357 (stopping criteria: iters=50 f=8.39912e-323 Δf=0 ‖∇f‖=1 ‖Δx‖=0 Δx⋅∇f(x)=-0)

[2026-09-25 00:50:52.580] [polyfem] [debug] Line search finished (nan_free_step_size=1 collision_free_step_size=0.046875 descent_step_size=0.046875 final_step_size=0.046875)

[2026-09-23 09:55:59.340] [polyfem] [debug] Min distance: 0.00017104120425963254

[2026-09-25 00:50:52.584] [polyfem] [debug] [SparseNewton][Backtracking] iters=18 f=7.55779 Δf=0.207804 ‖∇f‖=238.476 ‖Δx‖=3.0607 Δx⋅∇f(x)=-9.68445 (stopping criteria: iters=50 f=8.39912e-323 Δf=0 ‖∇f‖=1 ‖Δx‖=0 Δx⋅∇f(x)=-0)

[2026-09-25 00:50:56.760] [polyfem] [debug] Line search finished (nan_free_step_size=0.5138483471157826 collision_free_step_size=0.032115521694736415 descent_step_size=0.032115521694736415 final_step_size=0.032115521694736415)

[2026-09-23 09:56:03.520] [polyfem] [debug] Min distance: 0.0002053856483059631

[2026-09-25 00:50:56.764] [polyfem] [debug] [SparseNewton][Backtracking] iters=19 f=7.1208 Δf=0.436994 ‖∇f‖=227.202 ‖Δx‖=8.80555 Δx⋅∇f(x)=-8.20525 (stopping criteria: iters=50 f=8.39912e-323 Δf=0 ‖∇f‖=1 ‖Δx‖=0 Δx⋅∇f(x)=-0)

[2026-09-25 00:51:05.176] [polyfem] [debug] Line search finished (nan_free_step_size=1 collision_free_step_size=0.03125 descent_step_size=0.03125 final_step_size=0.03125)

[2026-09-23 09:56:11.936] [polyfem] [debug] Min distance: 0.00016850664442372078

[2026-09-25 00:51:05.180] [polyfem] [debug] [SparseNewton][Backtracking] iters=20 f=6.8714 Δf=0.249399 ‖∇f‖=219.987 ‖Δx‖=5.1445 Δx⋅∇f(x)=-8.22977 (stopping criteria: iters=50 f=8.39912e-323 Δf=0 ‖∇f‖=1 ‖Δx‖=0 Δx⋅∇f(x)=-0)

[2026-09-25 00:51:08.535] [polyfem] [debug] Line search finished (nan_free_step_size=1 collision_free_step_size=0.046875 descent_step_size=0.046875 final_step_size=0.046875)

[2026-09-23 09:56:15.295] [polyfem] [debug] Min distance: 0.0002035348559707818

[2026-09-25 00:51:08.539] [polyfem] [debug] [SparseNewton][Backtracking] iters=21 f=6.63244 Δf=0.238966 ‖∇f‖=217.025 ‖Δx‖=2.73679 Δx⋅∇f(x)=-8.54602 (stopping criteria: iters=50 f=8.39912e-323 Δf=0 ‖∇f‖=1 ‖Δx‖=0 Δx⋅∇f(x)=-0)

[2026-09-25 00:51:12.166] [polyfem] [debug] Line search finished (nan_free_step_size=1 collision_free_step_size=0.084375 descent_step_size=0.084375 final_step_size=0.084375)

[2026-09-23 09:56:18.928] [polyfem] [debug] Min distance: 0.0002704898147350701

[2026-09-25 00:51:12.172] [polyfem] [debug] [SparseNewton][Backtracking] iters=22 f=6.24094 Δf=0.391496 ‖∇f‖=206.009 ‖Δx‖=3.01725 Δx⋅∇f(x)=-7.92679 (stopping criteria: iters=50 f=8.39912e-323 Δf=0 ‖∇f‖=1 ‖Δx‖=0 Δx⋅∇f(x)=-0)

[2026-09-25 00:51:16.637] [polyfem] [debug] Line search finished (nan_free_step_size=1 collision_free_step_size=0.015625 descent_step_size=0.015625 final_step_size=0.015625)

[2026-09-23 09:56:23.397] [polyfem] [debug] Min distance: 0.0001426284086091078

[2026-09-25 00:51:16.641] [polyfem] [debug] [SparseNewton][Backtracking] iters=23 f=5.6034 Δf=0.637537 ‖∇f‖=189.266 ‖Δx‖=3.23238 Δx⋅∇f(x)=-5.69207 (stopping criteria: iters=50 f=8.39912e-323 Δf=0 ‖∇f‖=1 ‖Δx‖=0 Δx⋅∇f(x)=-0)

[2026-09-25 00:51:19.932] [polyfem] [debug] Line search finished (nan_free_step_size=1 collision_free_step_size=0.03125 descent_step_size=0.03125 final_step_size=0.03125)

[2026-09-23 09:56:26.692] [polyfem] [debug] Min distance: 0.00015477781747243915

[2026-09-25 00:51:19.936] [polyfem] [debug] [SparseNewton][Backtracking] iters=24 f=5.52165 Δf=0.0817544 ‖∇f‖=187.265 ‖Δx‖=1.81481 Δx⋅∇f(x)=-6.50766 (stopping criteria: iters=50 f=8.39912e-323 Δf=0 ‖∇f‖=1 ‖Δx‖=0 Δx⋅∇f(x)=-0)

[2026-09-25 00:51:24.001] [polyfem] [debug] Line search finished (nan_free_step_size=0.23684973151147276 collision_free_step_size=0.003700777054866762 descent_step_size=0.003700777054866762 final_step_size=0.003700777054866762)

[2026-09-23 09:56:30.761] [polyfem] [debug] Min distance: 0.00018543753688201478

[2026-09-25 00:51:24.005] [polyfem] [debug] [SparseNewton][Backtracking] iters=25 f=5.3526 Δf=0.169047 ‖∇f‖=200.253 ‖Δx‖=19.9829 Δx⋅∇f(x)=-8.91787 (stopping criteria: iters=50 f=8.39912e-323 Δf=0 ‖∇f‖=1 ‖Δx‖=0 Δx⋅∇f(x)=-0)

[2026-09-25 00:51:29.746] [polyfem] [debug] Line search finished (nan_free_step_size=0.5152269517916778 collision_free_step_size=0.01610084224348993 descent_step_size=0.01610084224348993 final_step_size=0.01610084224348993)

[2026-09-23 09:56:36.506] [polyfem] [debug] Min distance: 0.0001889105009699899

[2026-09-25 00:51:29.750] [polyfem] [debug] [SparseNewton][Backtracking] iters=26 f=5.3203 Δf=0.032306 ‖∇f‖=199.658 ‖Δx‖=12.6132 Δx⋅∇f(x)=-4.7661 (stopping criteria: iters=50 f=8.39912e-323 Δf=0 ‖∇f‖=1 ‖Δx‖=0 Δx⋅∇f(x)=-0)

[2026-09-25 00:51:33.372] [polyfem] [debug] Line search finished (nan_free_step_size=1 collision_free_step_size=0.0625 descent_step_size=0.0625 final_step_size=0.0625)

[2026-09-23 09:56:40.132] [polyfem] [debug] Min distance: 0.00018687427517413582

[2026-09-25 00:51:33.376] [polyfem] [debug] [SparseNewton][Backtracking] iters=27 f=5.24565 Δf=0.0746432 ‖∇f‖=198.126 ‖Δx‖=2.28839 Δx⋅∇f(x)=-5.53768 (stopping criteria: iters=50 f=8.39912e-323 Δf=0 ‖∇f‖=1 ‖Δx‖=0 Δx⋅∇f(x)=-0)

[2026-09-25 00:51:36.428] [polyfem] [debug] Line search finished (nan_free_step_size=1 collision_free_step_size=0.0625 descent_step_size=0.0625 final_step_size=0.0625)

[2026-09-23 09:56:43.188] [polyfem] [debug] Min distance: 0.00023265705157052576

[2026-09-25 00:51:36.432] [polyfem] [debug] [SparseNewton][Backtracking] iters=28 f=4.92511 Δf=0.320543 ‖∇f‖=184.829 ‖Δx‖=3.14165 Δx⋅∇f(x)=-4.99648 (stopping criteria: iters=50 f=8.39912e-323 Δf=0 ‖∇f‖=1 ‖Δx‖=0 Δx⋅∇f(x)=-0)

[2026-09-25 00:51:40.164] [polyfem] [debug] Line search finished (nan_free_step_size=0.687095479881225 collision_free_step_size=0.01073586687314414 descent_step_size=0.01073586687314414 final_step_size=0.01073586687314414)

[2026-09-23 09:56:46.924] [polyfem] [debug] Min distance: 0.0002470509980774155

[2026-09-25 00:51:40.168] [polyfem] [debug] [SparseNewton][Backtracking] iters=29 f=4.62873 Δf=0.296378 ‖∇f‖=174.707 ‖Δx‖=6.4878 Δx⋅∇f(x)=-3.30755 (stopping criteria: iters=50 f=8.39912e-323 Δf=0 ‖∇f‖=1 ‖Δx‖=0 Δx⋅∇f(x)=-0)

[2026-09-25 00:51:43.580] [polyfem] [debug] Line search finished (nan_free_step_size=0.23918283285252162 collision_free_step_size=0.007474463526641301 descent_step_size=0.007474463526641301 final_step_size=0.007474463526641301)

[2026-09-23 09:56:50.341] [polyfem] [debug] Min distance: 0.0002816157500845131

[2026-09-25 00:51:43.586] [polyfem] [debug] [SparseNewton][Backtracking] iters=30 f=4.59395 Δf=0.0347854 ‖∇f‖=172.791 ‖Δx‖=17.0732 Δx⋅∇f(x)=-5.40587 (stopping criteria: iters=50 f=8.39912e-323 Δf=0 ‖∇f‖=1 ‖Δx‖=0 Δx⋅∇f(x)=-0)

[2026-09-25 00:51:47.000] [polyfem] [debug] Line search finished (nan_free_step_size=0.44629012043479427 collision_free_step_size=0.005578626505434929 descent_step_size=0.005578626505434929 final_step_size=0.005578626505434929)

[2026-09-23 09:56:53.761] [polyfem] [debug] Min distance: 0.00028654828279295384

[2026-09-25 00:51:47.005] [polyfem] [debug] [SparseNewton][Backtracking] iters=31 f=4.55835 Δf=0.035601 ‖∇f‖=170.986 ‖Δx‖=8.8767 Δx⋅∇f(x)=-4.52355 (stopping criteria: iters=50 f=8.39912e-323 Δf=0 ‖∇f‖=1 ‖Δx‖=0 Δx⋅∇f(x)=-0)

[2026-09-25 00:51:51.485] [polyfem] [debug] Line search finished (nan_free_step_size=1 collision_free_step_size=0.03125 descent_step_size=0.03125 final_step_size=0.03125)

[2026-09-23 09:56:58.245] [polyfem] [debug] Min distance: 0.00027942356266695534

[2026-09-25 00:51:51.490] [polyfem] [debug] [SparseNewton][Backtracking] iters=32 f=4.53524 Δf=0.023101 ‖∇f‖=170.105 ‖Δx‖=4.83592 Δx⋅∇f(x)=-3.18725 (stopping criteria: iters=50 f=8.39912e-323 Δf=0 ‖∇f‖=1 ‖Δx‖=0 Δx⋅∇f(x)=-0)

[2026-09-25 00:51:56.320] [polyfem] [debug] Line search finished (nan_free_step_size=0.8127607969875492 collision_free_step_size=0.012699387452930457 descent_step_size=0.012699387452930457 final_step_size=0.012699387452930457)

[2026-09-23 09:57:03.080] [polyfem] [debug] Min distance: 0.00030805923822999667

[2026-09-25 00:51:56.324] [polyfem] [debug] [SparseNewton][Backtracking] iters=33 f=4.4446 Δf=0.0906451 ‖∇f‖=165.109 ‖Δx‖=4.99127 Δx⋅∇f(x)=-5.13657 (stopping criteria: iters=50 f=8.39912e-323 Δf=0 ‖∇f‖=1 ‖Δx‖=0 Δx⋅∇f(x)=-0)

[2026-09-25 00:52:00.473] [polyfem] [debug] Line search finished (nan_free_step_size=1 collision_free_step_size=0.015625 descent_step_size=0.015625 final_step_size=0.015625)

[2026-09-23 09:57:07.233] [polyfem] [debug] Min distance: 0.0003544709100538568

[2026-09-25 00:52:00.477] [polyfem] [debug] [SparseNewton][Backtracking] iters=34 f=4.38031 Δf=0.0642864 ‖∇f‖=163.035 ‖Δx‖=4.78524 Δx⋅∇f(x)=-4.02911 (stopping criteria: iters=50 f=8.39912e-323 Δf=0 ‖∇f‖=1 ‖Δx‖=0 Δx⋅∇f(x)=-0)

[2026-09-25 00:52:04.148] [polyfem] [debug] Line search finished (nan_free_step_size=0.32668973036942306 collision_free_step_size=0.02041810814808894 descent_step_size=0.02041810814808894 final_step_size=0.02041810814808894)

[2026-09-23 09:57:10.909] [polyfem] [debug] Min distance: 0.00020572472194363683

[2026-09-25 00:52:04.153] [polyfem] [debug] [SparseNewton][Backtracking] iters=35 f=4.31933 Δf=0.0609861 ‖∇f‖=161.269 ‖Δx‖=20.6948 Δx⋅∇f(x)=-4.26096 (stopping criteria: iters=50 f=8.39912e-323 Δf=0 ‖∇f‖=1 ‖Δx‖=0 Δx⋅∇f(x)=-0)

[2026-09-25 00:52:08.340] [polyfem] [debug] Line search finished (nan_free_step_size=1 collision_free_step_size=0.03125 descent_step_size=0.03125 final_step_size=0.03125)

[2026-09-23 09:57:15.099] [polyfem] [debug] Min distance: 0.00022463769666095527

[2026-09-25 00:52:08.343] [polyfem] [debug] [SparseNewton][Backtracking] iters=36 f=4.2337 Δf=0.0856305 ‖∇f‖=158.591 ‖Δx‖=3.84425 Δx⋅∇f(x)=-3.95005 (stopping criteria: iters=50 f=8.39912e-323 Δf=0 ‖∇f‖=1 ‖Δx‖=0 Δx⋅∇f(x)=-0)

[2026-09-25 00:52:12.928] [polyfem] [debug] Line search finished (nan_free_step_size=1 collision_free_step_size=0.03125 descent_step_size=0.03125 final_step_size=0.03125)

[2026-09-23 09:57:19.688] [polyfem] [debug] Min distance: 0.0001826091431033774

[2026-09-25 00:52:12.932] [polyfem] [debug] [SparseNewton][Backtracking] iters=37 f=4.11566 Δf=0.118039 ‖∇f‖=151.814 ‖Δx‖=3.56448 Δx⋅∇f(x)=-4.0703 (stopping criteria: iters=50 f=8.39912e-323 Δf=0 ‖∇f‖=1 ‖Δx‖=0 Δx⋅∇f(x)=-0)

[2026-09-25 00:52:16.567] [polyfem] [debug] Line search finished (nan_free_step_size=1 collision_free_step_size=0.015625 descent_step_size=0.015625 final_step_size=0.015625)

[2026-09-23 09:57:23.328] [polyfem] [debug] Min distance: 0.0001926192739751478

[2026-09-25 00:52:16.572] [polyfem] [debug] [SparseNewton][Backtracking] iters=38 f=3.99332 Δf=0.122333 ‖∇f‖=145.893 ‖Δx‖=2.32795 Δx⋅∇f(x)=-2.88092 (stopping criteria: iters=50 f=8.39912e-323 Δf=0 ‖∇f‖=1 ‖Δx‖=0 Δx⋅∇f(x)=-0)

[2026-09-25 00:52:19.720] [polyfem] [debug] Line search finished (nan_free_step_size=1 collision_free_step_size=0.0078125 descent_step_size=0.0078125 final_step_size=0.0078125)

[2026-09-23 09:57:26.480] [polyfem] [debug] Min distance: 0.00018682022773111758

[2026-09-25 00:52:19.724] [polyfem] [debug] [SparseNewton][Backtracking] iters=39 f=3.94884 Δf=0.0444893 ‖∇f‖=143.674 ‖Δx‖=1.94314 Δx⋅∇f(x)=-1.48068 (stopping criteria: iters=50 f=8.39912e-323 Δf=0 ‖∇f‖=1 ‖Δx‖=0 Δx⋅∇f(x)=-0)

[2026-09-25 00:52:23.104] [polyfem] [debug] Line search finished (nan_free_step_size=1 collision_free_step_size=0.015625 descent_step_size=0.015625 final_step_size=0.015625)

[2026-09-23 09:57:29.864] [polyfem] [debug] Min distance: 0.00020074659475292848

[2026-09-25 00:52:23.108] [polyfem] [debug] [SparseNewton][Backtracking] iters=40 f=3.93859 Δf=0.0102441 ‖∇f‖=142.396 ‖Δx‖=1.73014 Δx⋅∇f(x)=-3.37242 (stopping criteria: iters=50 f=8.39912e-323 Δf=0 ‖∇f‖=1 ‖Δx‖=0 Δx⋅∇f(x)=-0)

[2026-09-25 00:52:27.013] [polyfem] [debug] Line search finished (nan_free_step_size=1 collision_free_step_size=0.0625 descent_step_size=0.0625 final_step_size=0.0625)

[2026-09-23 09:57:33.773] [polyfem] [debug] Min distance: 0.0002082150362132368

[2026-09-25 00:52:27.017] [polyfem] [debug] [SparseNewton][Backtracking] iters=41 f=3.88649 Δf=0.0520969 ‖∇f‖=140.24 ‖Δx‖=2.45004 Δx⋅∇f(x)=-3.02216 (stopping criteria: iters=50 f=8.39912e-323 Δf=0 ‖∇f‖=1 ‖Δx‖=0 Δx⋅∇f(x)=-0)

[2026-09-25 00:52:30.712] [polyfem] [debug] Line search finished (nan_free_step_size=1 collision_free_step_size=0.015625 descent_step_size=0.015625 final_step_size=0.015625)

[2026-09-23 09:57:37.472] [polyfem] [debug] Min distance: 0.00022638772195181697

[2026-09-25 00:52:30.716] [polyfem] [debug] [SparseNewton][Backtracking] iters=42 f=3.70619 Δf=0.180308 ‖∇f‖=130.456 ‖Δx‖=2.52296 Δx⋅∇f(x)=-3.4358 (stopping criteria: iters=50 f=8.39912e-323 Δf=0 ‖∇f‖=1 ‖Δx‖=0 Δx⋅∇f(x)=-0)

[2026-09-25 00:52:35.429] [polyfem] [debug] Line search finished (nan_free_step_size=1 collision_free_step_size=0.015625 descent_step_size=0.015625 final_step_size=0.015625)

[2026-09-23 09:57:42.190] [polyfem] [debug] Min distance: 0.00023964063762184785

[2026-09-25 00:52:35.434] [polyfem] [debug] [SparseNewton][Backtracking] iters=43 f=3.65375 Δf=0.0524317 ‖∇f‖=128.114 ‖Δx‖=4.54088 Δx⋅∇f(x)=-2.64311 (stopping criteria: iters=50 f=8.39912e-323 Δf=0 ‖∇f‖=1 ‖Δx‖=0 Δx⋅∇f(x)=-0)

[2026-09-25 00:52:38.457] [polyfem] [debug] Line search finished (nan_free_step_size=1 collision_free_step_size=0.0625 descent_step_size=0.0625 final_step_size=0.0625)

[2026-09-23 09:57:45.217] [polyfem] [debug] Min distance: 0.00031066166507206296

[2026-09-25 00:52:38.462] [polyfem] [debug] [SparseNewton][Backtracking] iters=44 f=3.6129 Δf=0.0408592 ‖∇f‖=125.886 ‖Δx‖=2.60041 Δx⋅∇f(x)=-2.51025 (stopping criteria: iters=50 f=8.39912e-323 Δf=0 ‖∇f‖=1 ‖Δx‖=0 Δx⋅∇f(x)=-0)

[2026-09-25 00:52:44.674] [polyfem] [debug] Line search finished (nan_free_step_size=0.31708798575081804 collision_free_step_size=0.009908999554713064 descent_step_size=0.009908999554713064 final_step_size=0.009908999554713064)

[2026-09-23 09:57:51.434] [polyfem] [debug] Min distance: 0.00043562532783140794

[2026-09-25 00:52:44.678] [polyfem] [debug] [SparseNewton][Backtracking] iters=45 f=3.46143 Δf=0.15147 ‖∇f‖=118.432 ‖Δx‖=17.3004 Δx⋅∇f(x)=-5.51786 (stopping criteria: iters=50 f=8.39912e-323 Δf=0 ‖∇f‖=1 ‖Δx‖=0 Δx⋅∇f(x)=-0)

[2026-09-25 00:52:48.299] [polyfem] [debug] Line search finished (nan_free_step_size=0.4120396817192974 collision_free_step_size=0.025752480107456087 descent_step_size=0.025752480107456087 final_step_size=0.025752480107456087)

[2026-09-23 09:57:55.059] [polyfem] [debug] Min distance: 0.00025254790239719125

[2026-09-25 00:52:48.303] [polyfem] [debug] [SparseNewton][Backtracking] iters=46 f=3.41123 Δf=0.0501927 ‖∇f‖=117.479 ‖Δx‖=12.1865 Δx⋅∇f(x)=-0.745426 (stopping criteria: iters=50 f=8.39912e-323 Δf=0 ‖∇f‖=1 ‖Δx‖=0 Δx⋅∇f(x)=-0)

[2026-09-25 00:52:51.801] [polyfem] [debug] Line search finished (nan_free_step_size=1 collision_free_step_size=0.03125 descent_step_size=0.03125 final_step_size=0.03125)

[2026-09-23 09:57:58.561] [polyfem] [debug] Min distance: 0.0002816880331475895

[2026-09-25 00:52:51.805] [polyfem] [debug] [SparseNewton][Backtracking] iters=47 f=3.3954 Δf=0.0158379 ‖∇f‖=115.152 ‖Δx‖=3.38027 Δx⋅∇f(x)=-2.22311 (stopping criteria: iters=50 f=8.39912e-323 Δf=0 ‖∇f‖=1 ‖Δx‖=0 Δx⋅∇f(x)=-0)

[2026-09-25 00:52:56.642] [polyfem] [debug] Line search finished (nan_free_step_size=0.39407201777576384 collision_free_step_size=0.01231475055549262 descent_step_size=0.01231475055549262 final_step_size=0.01231475055549262)

[2026-09-23 09:58:03.402] [polyfem] [debug] Min distance: 0.0002149342793281046

[2026-09-25 00:52:56.646] [polyfem] [debug] [SparseNewton][Backtracking] iters=48 f=3.32921 Δf=0.0661838 ‖∇f‖=111.97 ‖Δx‖=13.465 Δx⋅∇f(x)=-2.45727 (stopping criteria: iters=50 f=8.39912e-323 Δf=0 ‖∇f‖=1 ‖Δx‖=0 Δx⋅∇f(x)=-0)

[2026-09-25 00:53:00.594] [polyfem] [debug] Line search finished (nan_free_step_size=1 collision_free_step_size=0.03125 descent_step_size=0.03125 final_step_size=0.03125)

[2026-09-23 09:58:07.353] [polyfem] [debug] Min distance: 0.0002758762221801631

[2026-09-25 00:53:00.598] [polyfem] [debug] [SparseNewton][Backtracking] iters=49 f=3.29864 Δf=0.0305702 ‖∇f‖=107.407 ‖Δx‖=3.34814 Δx⋅∇f(x)=-1.8369 (stopping criteria: iters=50 f=8.39912e-323 Δf=0 ‖∇f‖=1 ‖Δx‖=0 Δx⋅∇f(x)=-0)

[2026-09-23 09:58:07.355] [polyfem] [error] [SparseNewton][Backtracking] Reached iteration limit (limit=50)

[2026-09-23 09:58:07.356] [polyfem] [debug] Current eta = 0.9341366751176673

[2026-09-23 10:24:28.891] [polyfem] [debug] Solving AL Problem with weight 4

[2026-09-25 00:53:01.595] [polyfem] [debug] Starting SparseNewton with Backtracking solve f₀=4.40618 (stopping criteria: iters=50 f=8.39912e-323 Δf=0 ‖∇f‖=1 ‖Δx‖=0 Δx⋅∇f(x)=-0)

[2026-09-25 00:53:04.706] [polyfem] [debug] Line search finished (nan_free_step_size=1 collision_free_step_size=0.0625 descent_step_size=0.0625 final_step_size=0.0625)

[2026-09-25 00:53:04.709] [polyfem] [debug] [SparseNewton][Backtracking] iters=0 f=4.40618 Δf=nan ‖∇f‖=118.132 ‖Δx‖=1.92169 Δx⋅∇f(x)=-4.35902 (stopping criteria: iters=50 f=8.39912e-323 Δf=0 ‖∇f‖=1 ‖Δx‖=0 Δx⋅∇f(x)=-0)

[2026-09-25 00:53:08.401] [polyfem] [debug] Line search finished (nan_free_step_size=1 collision_free_step_size=0.015625 descent_step_size=0.015625 final_step_size=0.015625)

[2026-09-23 09:58:15.161] [polyfem] [debug] Min distance: 0.00035263347207174556

[2026-09-25 00:53:08.405] [polyfem] [debug] [SparseNewton][Backtracking] iters=1 f=4.1474 Δf=0.258779 ‖∇f‖=111.044 ‖Δx‖=3.16252 Δx⋅∇f(x)=-4.15739 (stopping criteria: iters=50 f=8.39912e-323 Δf=0 ‖∇f‖=1 ‖Δx‖=0 Δx⋅∇f(x)=-0)

[2026-09-25 00:53:11.175] [polyfem] [debug] Line search finished (nan_free_step_size=1 collision_free_step_size=0.0625 descent_step_size=0.0625 final_step_size=0.0625)

[2026-09-23 09:58:17.935] [polyfem] [debug] Min distance: 0.0005155545160226017

[2026-09-25 00:53:11.179] [polyfem] [debug] [SparseNewton][Backtracking] iters=2 f=4.08305 Δf=0.0643582 ‖∇f‖=109.296 ‖Δx‖=1.17369 Δx⋅∇f(x)=-3.67672 (stopping criteria: iters=50 f=8.39912e-323 Δf=0 ‖∇f‖=1 ‖Δx‖=0 Δx⋅∇f(x)=-0)

[2026-09-25 00:53:16.989] [polyfem] [debug] Line search finished (nan_free_step_size=0.07133069023111549 collision_free_step_size=0.002229084069722359 descent_step_size=0.002229084069722359 final_step_size=0.002229084069722359)

[2026-09-23 09:58:23.749] [polyfem] [debug] Min distance: 0.0005212684024486159

[2026-09-25 00:53:16.993] [polyfem] [debug] [SparseNewton][Backtracking] iters=3 f=3.86102 Δf=0.222027 ‖∇f‖=102.366 ‖Δx‖=53.7171 Δx⋅∇f(x)=-25.6758 (stopping criteria: iters=50 f=8.39912e-323 Δf=0 ‖∇f‖=1 ‖Δx‖=0 Δx⋅∇f(x)=-0)

[2026-09-25 00:53:20.291] [polyfem] [debug] Line search finished (nan_free_step_size=1 collision_free_step_size=0.109375 descent_step_size=0.109375 final_step_size=0.109375)

[2026-09-23 09:58:27.051] [polyfem] [debug] Min distance: 0.000280370129000914

[2026-09-25 00:53:20.295] [polyfem] [debug] [SparseNewton][Backtracking] iters=4 f=3.82138 Δf=0.03964 ‖∇f‖=109.015 ‖Δx‖=3.09656 Δx⋅∇f(x)=-3.3228 (stopping criteria: iters=50 f=8.39912e-323 Δf=0 ‖∇f‖=1 ‖Δx‖=0 Δx⋅∇f(x)=-0)

[2026-09-25 00:53:23.322] [polyfem] [debug] Line search finished (nan_free_step_size=1 collision_free_step_size=0.0390625 descent_step_size=0.0390625 final_step_size=0.0390625)

[2026-09-23 09:58:30.082] [polyfem] [debug] Min distance: 0.00022351186808034363

[2026-09-25 00:53:23.326] [polyfem] [debug] [SparseNewton][Backtracking] iters=5 f=3.50059 Δf=0.320788 ‖∇f‖=108.657 ‖Δx‖=1.81331 Δx⋅∇f(x)=-2.06375 (stopping criteria: iters=50 f=8.39912e-323 Δf=0 ‖∇f‖=1 ‖Δx‖=0 Δx⋅∇f(x)=-0)

[2026-09-25 00:53:24.187] [polyfem] [debug] [SparseNewton][Backtracking] Search direction not a descent direction (‖Δx‖=41.1705; ‖g‖=102.768; Δx⋅g=0.736841≥0); reverting to SparseProjectedNewton

[2026-09-25 00:53:26.763] [polyfem] [debug] Line search finished (nan_free_step_size=1 collision_free_step_size=0.25 descent_step_size=0.25 final_step_size=0.25)

[2026-09-23 09:58:33.523] [polyfem] [debug] Min distance: 0.00031330273277515414

[2026-09-25 00:53:26.767] [polyfem] [debug] [SparseProjectedNewton][Backtracking] iters=6 f=3.43418 Δf=0.066414 ‖∇f‖=102.768 ‖Δx‖=0.855132 Δx⋅∇f(x)=-3.95525 (stopping criteria: iters=50 f=8.39912e-323 Δf=0 ‖∇f‖=1 ‖Δx‖=0 Δx⋅∇f(x)=-0)

[2026-09-25 00:53:29.270] [polyfem] [debug] Line search finished (nan_free_step_size=1 collision_free_step_size=0.1875 descent_step_size=0.1875 final_step_size=0.1875)

[2026-09-23 09:58:36.030] [polyfem] [debug] Min distance: 0.0004157930174061024

[2026-09-25 00:53:29.274] [polyfem] [debug] [SparseProjectedNewton][Backtracking] iters=7 f=2.53405 Δf=0.90013 ‖∇f‖=80.1778 ‖Δx‖=0.873903 Δx⋅∇f(x)=-2.6528 (stopping criteria: iters=50 f=8.39912e-323 Δf=0 ‖∇f‖=1 ‖Δx‖=0 Δx⋅∇f(x)=-0)

[2026-09-25 00:53:31.740] [polyfem] [debug] Line search finished (nan_free_step_size=1 collision_free_step_size=0.4375 descent_step_size=0.4375 final_step_size=0.4375)

[2026-09-23 09:58:38.502] [polyfem] [debug] Min distance: 0.0005885199746303846

[2026-09-25 00:53:31.746] [polyfem] [debug] [SparseProjectedNewton][Backtracking] iters=8 f=2.07221 Δf=0.461833 ‖∇f‖=66.7889 ‖Δx‖=1.01728 Δx⋅∇f(x)=-2.01275 (stopping criteria: iters=50 f=8.39912e-323 Δf=0 ‖∇f‖=1 ‖Δx‖=0 Δx⋅∇f(x)=-0)

[2026-09-25 00:53:34.140] [polyfem] [debug] Line search finished (nan_free_step_size=1 collision_free_step_size=0.125 descent_step_size=0.125 final_step_size=0.125)

[2026-09-23 09:58:40.900] [polyfem] [debug] Min distance: 0.0006392921941275312

[2026-09-25 00:53:34.144] [polyfem] [debug] [SparseProjectedNewton][Backtracking] iters=9 f=1.32043 Δf=0.751787 ‖∇f‖=42.2599 ‖Δx‖=0.814921 Δx⋅∇f(x)=-1.49676 (stopping criteria: iters=50 f=8.39912e-323 Δf=0 ‖∇f‖=1 ‖Δx‖=0 Δx⋅∇f(x)=-0)

[2026-09-23 10:25:03.743] [polyfem] [debug] Line search finished (nan_free_step_size=1 collision_free_step_size=0.5 descent_step_size=0.5 final_step_size=0.5)

[2026-09-23 09:58:43.199] [polyfem] [debug] Min distance: 0.0008377453079666434

[2026-09-25 00:53:36.443] [polyfem] [debug] [SparseProjectedNewton][Backtracking] iters=10 f=1.14276 Δf=0.177668 ‖∇f‖=38.0638 ‖Δx‖=0.812745 Δx⋅∇f(x)=-1.28237 (stopping criteria: iters=50 f=8.39912e-323 Δf=0 ‖∇f‖=1 ‖Δx‖=0 Δx⋅∇f(x)=-0)

[2026-09-25 00:53:38.706] [polyfem] [debug] Line search finished (nan_free_step_size=1 collision_free_step_size=0.359375 descent_step_size=0.359375 final_step_size=0.359375)

[2026-09-25 00:53:38.707] [polyfem] [debug] [SparseProjectedNewton][Backtracking] SparseProjectedNewton was successful for 5 iterations; resetting to SparseNewton

[2026-09-23 09:58:45.466] [polyfem] [debug] Min distance: 0.0005152559570638844

[2026-09-25 00:53:38.710] [polyfem] [debug] [SparseNewton][Backtracking] iters=11 f=0.608631 Δf=0.534127 ‖∇f‖=21.3771 ‖Δx‖=0.79779 Δx⋅∇f(x)=-0.93589 (stopping criteria: iters=50 f=8.39912e-323 Δf=0 ‖∇f‖=1 ‖Δx‖=0 Δx⋅∇f(x)=-0)

[2026-09-25 00:53:43.156] [polyfem] [debug] Line search finished (nan_free_step_size=1 collision_free_step_size=0.125 descent_step_size=0.125 final_step_size=0.125)

[2026-09-23 09:58:49.916] [polyfem] [debug] Min distance: 0.000576398645258388

[2026-09-25 00:53:43.160] [polyfem] [debug] [SparseNewton][Backtracking] iters=12 f=0.366518 Δf=0.242113 ‖∇f‖=109.526 ‖Δx‖=3.80803 Δx⋅∇f(x)=-0.635994 (stopping criteria: iters=50 f=8.39912e-323 Δf=0 ‖∇f‖=1 ‖Δx‖=0 Δx⋅∇f(x)=-0)

[2026-09-25 00:53:48.542] [polyfem] [debug] Line search finished (nan_free_step_size=1 collision_free_step_size=0.013671875 descent_step_size=0.0068359375 final_step_size=0.0068359375)

[2026-09-23 09:58:55.302] [polyfem] [debug] Min distance: 0.0005848087496751986

[2026-09-25 00:53:48.546] [polyfem] [debug] [SparseNewton][Backtracking] iters=13 f=0.335106 Δf=0.0314122 ‖∇f‖=106.306 ‖Δx‖=4.01168 Δx⋅∇f(x)=-0.729548 (stopping criteria: iters=50 f=8.39912e-323 Δf=0 ‖∇f‖=1 ‖Δx‖=0 Δx⋅∇f(x)=-0)

[2026-09-25 00:53:51.169] [polyfem] [debug] Line search finished (nan_free_step_size=1 collision_free_step_size=0.0625 descent_step_size=0.0625 final_step_size=0.0625)

[2026-09-23 09:58:57.929] [polyfem] [debug] Min distance: 0.0006292932577479812

[2026-09-25 00:53:51.173] [polyfem] [debug] [SparseNewton][Backtracking] iters=14 f=0.331524 Δf=0.0035817 ‖∇f‖=105.661 ‖Δx‖=1.15797 Δx⋅∇f(x)=-0.339968 (stopping criteria: iters=50 f=8.39912e-323 Δf=0 ‖∇f‖=1 ‖Δx‖=0 Δx⋅∇f(x)=-0)

[2026-09-25 00:53:58.627] [polyfem] [debug] Line search finished (nan_free_step_size=1 collision_free_step_size=0.03125 descent_step_size=0.03125 final_step_size=0.03125)

[2026-09-23 09:59:05.388] [polyfem] [debug] Min distance: 0.0006467325566890301

[2026-09-25 00:53:58.632] [polyfem] [debug] [SparseNewton][Backtracking] iters=15 f=0.313474 Δf=0.01805 ‖∇f‖=99.4759 ‖Δx‖=4.17472 Δx⋅∇f(x)=-0.509215 (stopping criteria: iters=50 f=8.39912e-323 Δf=0 ‖∇f‖=1 ‖Δx‖=0 Δx⋅∇f(x)=-0)

[2026-09-25 00:54:04.704] [polyfem] [debug] Line search finished (nan_free_step_size=1 collision_free_step_size=0.078125 descent_step_size=0.0390625 final_step_size=0.0390625)

[2026-09-23 09:59:11.464] [polyfem] [debug] Min distance: 0.0006649792326308258

[2026-09-25 00:54:04.708] [polyfem] [debug] [SparseNewton][Backtracking] iters=16 f=0.299714 Δf=0.0137598 ‖∇f‖=96.7999 ‖Δx‖=3.97572 Δx⋅∇f(x)=-0.164038 (stopping criteria: iters=50 f=8.39912e-323 Δf=0 ‖∇f‖=1 ‖Δx‖=0 Δx⋅∇f(x)=-0)

[2026-09-25 00:54:07.966] [polyfem] [debug] Line search finished (nan_free_step_size=0.15989616704176104 collision_free_step_size=0.009993510440110065 descent_step_size=0.004996755220055033 final_step_size=0.004996755220055033)

[2026-09-23 09:59:14.728] [polyfem] [debug] Min distance: 0.0007189056228283973

[2026-09-25 00:54:07.972] [polyfem] [debug] [SparseNewton][Backtracking] iters=17 f=0.29769 Δf=0.00202382 ‖∇f‖=93.4713 ‖Δx‖=28.679 Δx⋅∇f(x)=-1.10123 (stopping criteria: iters=50 f=8.39912e-323 Δf=0 ‖∇f‖=1 ‖Δx‖=0 Δx⋅∇f(x)=-0)

[2026-09-25 00:54:08.837] [polyfem] [debug] [SparseNewton][Backtracking] Search direction not a descent direction (‖Δx‖=7.73853; ‖g‖=92.4294; Δx⋅g=1.05908≥0); reverting to SparseProjectedNewton

[2026-09-25 00:54:11.032] [polyfem] [debug] Line search finished (nan_free_step_size=1 collision_free_step_size=0.8125 descent_step_size=0.8125 final_step_size=0.8125)

[2026-09-23 09:59:17.793] [polyfem] [debug] Min distance: 0.00042492099939173963

[2026-09-25 00:54:11.037] [polyfem] [debug] [SparseProjectedNewton][Backtracking] iters=18 f=0.296268 Δf=0.00142192 ‖∇f‖=92.4294 ‖Δx‖=0.391112 Δx⋅∇f(x)=-0.252162 (stopping criteria: iters=50 f=8.39912e-323 Δf=0 ‖∇f‖=1 ‖Δx‖=0 Δx⋅∇f(x)=-0)

[2026-09-25 00:54:13.188] [polyfem] [debug] Line search finished (nan_free_step_size=1 collision_free_step_size=0.125 descent_step_size=0.125 final_step_size=0.125)

[2026-09-23 09:59:19.948] [polyfem] [debug] Min distance: 0.0004921195232618582

[2026-09-25 00:54:13.192] [polyfem] [debug] [SparseProjectedNewton][Backtracking] iters=19 f=0.180301 Δf=0.115968 ‖∇f‖=40.7822 ‖Δx‖=0.400996 Δx⋅∇f(x)=-0.278885 (stopping criteria: iters=50 f=8.39912e-323 Δf=0 ‖∇f‖=1 ‖Δx‖=0 Δx⋅∇f(x)=-0)

[2026-09-25 00:54:15.341] [polyfem] [debug] Line search finished (nan_free_step_size=1 collision_free_step_size=0.25 descent_step_size=0.25 final_step_size=0.25)

[2026-09-23 09:59:22.101] [polyfem] [debug] Min distance: 0.0006390341691046605

[2026-09-25 00:54:15.345] [polyfem] [debug] [SparseProjectedNewton][Backtracking] iters=20 f=0.160668 Δf=0.0196325 ‖∇f‖=76.8477 ‖Δx‖=0.393634 Δx⋅∇f(x)=-0.234376 (stopping criteria: iters=50 f=8.39912e-323 Δf=0 ‖∇f‖=1 ‖Δx‖=0 Δx⋅∇f(x)=-0)

[2026-09-25 00:54:17.482] [polyfem] [debug] Line search finished (nan_free_step_size=1 collision_free_step_size=0.35000000000000003 descent_step_size=0.35000000000000003 final_step_size=0.35000000000000003)

[2026-09-23 09:59:24.242] [polyfem] [debug] Min distance: 0.0008173481834267569

[2026-09-25 00:54:17.486] [polyfem] [debug] [SparseProjectedNewton][Backtracking] iters=21 f=0.100739 Δf=0.0599296 ‖∇f‖=28.8295 ‖Δx‖=0.391517 Δx⋅∇f(x)=-0.133314 (stopping criteria: iters=50 f=8.39912e-323 Δf=0 ‖∇f‖=1 ‖Δx‖=0 Δx⋅∇f(x)=-0)

[2026-09-23 10:25:46.863] [polyfem] [debug] Line search finished (nan_free_step_size=1 collision_free_step_size=1 descent_step_size=1 final_step_size=1)

[2026-09-23 09:59:26.318] [polyfem] [debug] Min distance: 0.001120205476212307

[2026-09-25 00:54:19.562] [polyfem] [debug] [SparseProjectedNewton][Backtracking] iters=22 f=0.0623255 Δf=0.0384132 ‖∇f‖=20.2073 ‖Δx‖=0.296534 Δx⋅∇f(x)=-0.0603099 (stopping criteria: iters=50 f=8.39912e-323 Δf=0 ‖∇f‖=1 ‖Δx‖=0 Δx⋅∇f(x)=-0)

[2026-09-25 00:54:21.684] [polyfem] [debug] Line search finished (nan_free_step_size=1 collision_free_step_size=0.6875 descent_step_size=0.6875 final_step_size=0.6875)

[2026-09-25 00:54:21.685] [polyfem] [debug] [SparseProjectedNewton][Backtracking] SparseProjectedNewton was successful for 5 iterations; resetting to SparseNewton

[2026-09-23 09:59:28.445] [polyfem] [debug] Min distance: 0.0003082537735018906

[2026-09-25 00:54:21.689] [polyfem] [debug] [SparseNewton][Backtracking] iters=23 f=0.038366 Δf=0.0239594 ‖∇f‖=44.9563 ‖Δx‖=0.282237 Δx⋅∇f(x)=-0.0316394 (stopping criteria: iters=50 f=8.39912e-323 Δf=0 ‖∇f‖=1 ‖Δx‖=0 Δx⋅∇f(x)=-0)

[2026-09-25 00:54:24.420] [polyfem] [debug] Line search finished (nan_free_step_size=1 collision_free_step_size=0.03125 descent_step_size=0.015625 final_step_size=0.015625)

[2026-09-23 09:59:31.179] [polyfem] [debug] Min distance: 0.0003153048373248392

[2026-09-25 00:54:24.423] [polyfem] [debug] [SparseNewton][Backtracking] iters=24 f=0.0378704 Δf=0.000495642 ‖∇f‖=30.1664 ‖Δx‖=1.07743 Δx⋅∇f(x)=-0.0383476 (stopping criteria: iters=50 f=8.39912e-323 Δf=0 ‖∇f‖=1 ‖Δx‖=0 Δx⋅∇f(x)=-0)

[2026-09-25 00:54:26.526] [polyfem] [debug] Line search finished (nan_free_step_size=1 collision_free_step_size=0.8125 descent_step_size=0.203125 final_step_size=0.203125)

[2026-09-23 09:59:33.286] [polyfem] [debug] Min distance: 0.0004088044131870224

[2026-09-25 00:54:26.530] [polyfem] [debug] [SparseNewton][Backtracking] iters=25 f=0.0374274 Δf=0.000442957 ‖∇f‖=29.6959 ‖Δx‖=0.385102 Δx⋅∇f(x)=-0.0275138 (stopping criteria: iters=50 f=8.39912e-323 Δf=0 ‖∇f‖=1 ‖Δx‖=0 Δx⋅∇f(x)=-0)

[2026-09-25 00:54:30.416] [polyfem] [debug] Line search finished (nan_free_step_size=1 collision_free_step_size=0.2578125 descent_step_size=0.064453125 final_step_size=0.064453125)

[2026-09-23 09:59:37.177] [polyfem] [debug] Min distance: 0.000459322092886155

[2026-09-25 00:54:30.421] [polyfem] [debug] [SparseNewton][Backtracking] iters=26 f=0.0329941 Δf=0.00443333 ‖∇f‖=24.5828 ‖Δx‖=3.93924 Δx⋅∇f(x)=-0.0150595 (stopping criteria: iters=50 f=8.39912e-323 Δf=0 ‖∇f‖=1 ‖Δx‖=0 Δx⋅∇f(x)=-0)

[2026-09-23 10:25:59.758] [polyfem] [debug] Line search finished (nan_free_step_size=1 collision_free_step_size=1 descent_step_size=1 final_step_size=1)

[2026-09-23 09:59:39.213] [polyfem] [debug] Min distance: 0.0009834509826408349

[2026-09-25 00:54:32.457] [polyfem] [debug] [SparseNewton][Backtracking] iters=27 f=0.0326042 Δf=0.000389895 ‖∇f‖=22.8318 ‖Δx‖=0.483757 Δx⋅∇f(x)=-0.0232479 (stopping criteria: iters=50 f=8.39912e-323 Δf=0 ‖∇f‖=1 ‖Δx‖=0 Δx⋅∇f(x)=-0)

[2026-09-25 00:54:40.150] [polyfem] [debug] Line search finished (nan_free_step_size=0.39607729985818463 collision_free_step_size=0.01237741562056827 descent_step_size=0.0015471769525710337 final_step_size=0.0015471769525710337)

[2026-09-23 09:59:46.910] [polyfem] [debug] Min distance: 0.0009840286099026905

[2026-09-25 00:54:40.154] [polyfem] [debug] [SparseNewton][Backtracking] iters=28 f=0.0259126 Δf=0.00669158 ‖∇f‖=8.20938 ‖Δx‖=13.6402 Δx⋅∇f(x)=-0.0875595 (stopping criteria: iters=50 f=8.39912e-323 Δf=0 ‖∇f‖=1 ‖Δx‖=0 Δx⋅∇f(x)=-0)

[2026-09-25 00:54:42.419] [polyfem] [debug] Line search finished (nan_free_step_size=1 collision_free_step_size=0.09375 descent_step_size=0.046875 final_step_size=0.046875)

[2026-09-23 09:59:49.178] [polyfem] [debug] Min distance: 0.0010082976036451113

[2026-09-25 00:54:42.422] [polyfem] [debug] [SparseNewton][Backtracking] iters=29 f=0.0258338 Δf=7.88544e-05 ‖∇f‖=8.26944 ‖Δx‖=0.805924 Δx⋅∇f(x)=-0.0171678 (stopping criteria: iters=50 f=8.39912e-323 Δf=0 ‖∇f‖=1 ‖Δx‖=0 Δx⋅∇f(x)=-0)

[2026-09-25 00:54:44.699] [polyfem] [debug] Line search finished (nan_free_step_size=1 collision_free_step_size=0.09375 descent_step_size=0.046875 final_step_size=0.046875)

[2026-09-23 09:59:51.459] [polyfem] [debug] Min distance: 0.0010317316385403466

[2026-09-25 00:54:44.703] [polyfem] [debug] [SparseNewton][Backtracking] iters=30 f=0.0250544 Δf=0.000779426 ‖∇f‖=7.86864 ‖Δx‖=0.887987 Δx⋅∇f(x)=-0.0146332 (stopping criteria: iters=50 f=8.39912e-323 Δf=0 ‖∇f‖=1 ‖Δx‖=0 Δx⋅∇f(x)=-0)

[2026-09-25 00:54:45.580] [polyfem] [debug] [SparseNewton][Backtracking] Search direction not a descent direction (‖Δx‖=255.439; ‖g‖=7.71933; Δx⋅g=0.125199≥0); reverting to SparseProjectedNewton

[2026-09-25 00:54:47.702] [polyfem] [debug] Line search finished (nan_free_step_size=1 collision_free_step_size=0.375 descent_step_size=0.1875 final_step_size=0.1875)

[2026-09-23 09:59:54.463] [polyfem] [debug] Min distance: 0.0011306479116013457

[2026-09-25 00:54:47.707] [polyfem] [debug] [SparseProjectedNewton][Backtracking] iters=31 f=0.0247524 Δf=0.000301969 ‖∇f‖=7.71933 ‖Δx‖=0.289411 Δx⋅∇f(x)=-0.0164183 (stopping criteria: iters=50 f=8.39912e-323 Δf=0 ‖∇f‖=1 ‖Δx‖=0 Δx⋅∇f(x)=-0)

[2026-09-23 10:26:17.104] [polyfem] [debug] Line search finished (nan_free_step_size=1 collision_free_step_size=1 descent_step_size=0.5 final_step_size=0.5)

[2026-09-23 09:59:56.560] [polyfem] [debug] Min distance: 0.0013492175474318715

[2026-09-25 00:54:49.804] [polyfem] [debug] [SparseProjectedNewton][Backtracking] iters=32 f=0.0221529 Δf=0.00259953 ‖∇f‖=6.45548 ‖Δx‖=0.259901 Δx⋅∇f(x)=-0.0113473 (stopping criteria: iters=50 f=8.39912e-323 Δf=0 ‖∇f‖=1 ‖Δx‖=0 Δx⋅∇f(x)=-0)

[2026-09-25 00:54:51.872] [polyfem] [debug] Line search finished (nan_free_step_size=1 collision_free_step_size=0.3125 descent_step_size=0.078125 final_step_size=0.078125)

[2026-09-23 09:59:58.632] [polyfem] [debug] Min distance: 0.0013741564816986374

[2026-09-25 00:54:51.876] [polyfem] [debug] [SparseProjectedNewton][Backtracking] iters=33 f=0.018304 Δf=0.00384889 ‖∇f‖=4.04286 ‖Δx‖=0.179885 Δx⋅∇f(x)=-0.00563639 (stopping criteria: iters=50 f=8.39912e-323 Δf=0 ‖∇f‖=1 ‖Δx‖=0 Δx⋅∇f(x)=-0)

[2026-09-23 10:26:21.200] [polyfem] [debug] Line search finished (nan_free_step_size=1 collision_free_step_size=1 descent_step_size=1 final_step_size=1)

[2026-09-23 10:00:00.656] [polyfem] [debug] Min distance: 0.001404739125970345

[2026-09-25 00:54:53.900] [polyfem] [debug] [SparseProjectedNewton][Backtracking] iters=34 f=0.0179005 Δf=0.000403459 ‖∇f‖=3.75985 ‖Δx‖=0.114349 Δx⋅∇f(x)=-0.00487326 (stopping criteria: iters=50 f=8.39912e-323 Δf=0 ‖∇f‖=1 ‖Δx‖=0 Δx⋅∇f(x)=-0)

[2026-09-23 10:26:23.280] [polyfem] [debug] Line search finished (nan_free_step_size=1 collision_free_step_size=1 descent_step_size=1 final_step_size=1)

[2026-09-23 10:00:02.735] [polyfem] [debug] Min distance: 0.0011078783138480728

[2026-09-25 00:54:55.979] [polyfem] [debug] [SparseProjectedNewton][Backtracking] iters=35 f=0.0167815 Δf=0.00111897 ‖∇f‖=7.3092 ‖Δx‖=0.21744 Δx⋅∇f(x)=-0.00489872 (stopping criteria: iters=50 f=8.39912e-323 Δf=0 ‖∇f‖=1 ‖Δx‖=0 Δx⋅∇f(x)=-0)

[2026-09-25 00:54:58.110] [polyfem] [debug] Line search finished (nan_free_step_size=1 collision_free_step_size=0.125 descent_step_size=0.0625 final_step_size=0.0625)

[2026-09-25 00:54:58.111] [polyfem] [debug] [SparseProjectedNewton][Backtracking] SparseProjectedNewton was successful for 5 iterations; resetting to SparseNewton

[2026-09-23 10:00:04.873] [polyfem] [debug] Min distance: 0.0011398923674678211

[2026-09-25 00:54:58.117] [polyfem] [debug] [SparseNewton][Backtracking] iters=36 f=0.0153037 Δf=0.00147781 ‖∇f‖=4.13437 ‖Δx‖=0.353667 Δx⋅∇f(x)=-0.00632406 (stopping criteria: iters=50 f=8.39912e-323 Δf=0 ‖∇f‖=1 ‖Δx‖=0 Δx⋅∇f(x)=-0)

[2026-09-25 00:55:00.594] [polyfem] [debug] Line search finished (nan_free_step_size=1 collision_free_step_size=0.9375 descent_step_size=0.46875 final_step_size=0.46875)

[2026-09-23 10:00:07.354] [polyfem] [debug] Min distance: 0.0013735008251637192

[2026-09-25 00:55:00.598] [polyfem] [debug] [SparseNewton][Backtracking] iters=37 f=0.0150695 Δf=0.000234273 ‖∇f‖=4.18728 ‖Δx‖=1.05903 Δx⋅∇f(x)=-0.0118792 (stopping criteria: iters=50 f=8.39912e-323 Δf=0 ‖∇f‖=1 ‖Δx‖=0 Δx⋅∇f(x)=-0)

[2026-09-25 00:55:02.562] [polyfem] [debug] Line search finished (nan_free_step_size=1 collision_free_step_size=0.546875 descent_step_size=0.13671875 final_step_size=0.13671875)

[2026-09-23 10:00:09.322] [polyfem] [debug] Min distance: 0.0014218049575352757

[2026-09-25 00:55:02.566] [polyfem] [debug] [SparseNewton][Backtracking] iters=38 f=0.0130975 Δf=0.00197195 ‖∇f‖=3.77742 ‖Δx‖=0.616668 Δx⋅∇f(x)=-0.00735162 (stopping criteria: iters=50 f=8.39912e-323 Δf=0 ‖∇f‖=1 ‖Δx‖=0 Δx⋅∇f(x)=-0)

[2026-09-25 00:55:03.396] [polyfem] [debug] [SparseNewton][Backtracking] Search direction not a descent direction (‖Δx‖=3.59616; ‖g‖=3.34713; Δx⋅g=0.0118083≥0); reverting to SparseProjectedNewton

[2026-09-25 00:55:05.360] [polyfem] [debug] Line search finished (nan_free_step_size=1 collision_free_step_size=0.5 descent_step_size=0.25 final_step_size=0.25)

[2026-09-23 10:00:12.119] [polyfem] [debug] Min distance: 0.0014991738802496801

[2026-09-25 00:55:05.363] [polyfem] [debug] [SparseProjectedNewton][Backtracking] iters=39 f=0.0122192 Δf=0.000878343 ‖∇f‖=3.34713 ‖Δx‖=0.326906 Δx⋅∇f(x)=-0.00517195 (stopping criteria: iters=50 f=8.39912e-323 Δf=0 ‖∇f‖=1 ‖Δx‖=0 Δx⋅∇f(x)=-0)

[2026-09-25 00:55:07.334] [polyfem] [debug] Line search finished (nan_free_step_size=1 collision_free_step_size=0.875 descent_step_size=0.4375 final_step_size=0.4375)

[2026-09-23 10:00:14.093] [polyfem] [debug] Min distance: 0.0013702381620504188

[2026-09-25 00:55:07.337] [polyfem] [debug] [SparseProjectedNewton][Backtracking] iters=40 f=0.0112912 Δf=0.000927962 ‖∇f‖=3.55912 ‖Δx‖=0.218953 Δx⋅∇f(x)=-0.00372788 (stopping criteria: iters=50 f=8.39912e-323 Δf=0 ‖∇f‖=1 ‖Δx‖=0 Δx⋅∇f(x)=-0)

[2026-09-25 00:55:09.214] [polyfem] [debug] Line search finished (nan_free_step_size=1 collision_free_step_size=0.5625 descent_step_size=0.28125 final_step_size=0.28125)

[2026-09-23 10:00:15.973] [polyfem] [debug] Min distance: 0.0014089785661097415

[2026-09-25 00:55:09.217] [polyfem] [debug] [SparseProjectedNewton][Backtracking] iters=41 f=0.0101415 Δf=0.00114969 ‖∇f‖=1.79651 ‖Δx‖=0.260624 Δx⋅∇f(x)=-0.00309376 (stopping criteria: iters=50 f=8.39912e-323 Δf=0 ‖∇f‖=1 ‖Δx‖=0 Δx⋅∇f(x)=-0)

[2026-09-23 10:26:38.551] [polyfem] [debug] Line search finished (nan_free_step_size=1 collision_free_step_size=1 descent_step_size=0.5 final_step_size=0.5)

[2026-09-23 10:00:18.006] [polyfem] [debug] Min distance: 0.001409441475909049

[2026-09-25 00:55:11.250] [polyfem] [debug] [SparseProjectedNewton][Backtracking] iters=42 f=0.00980987 Δf=0.000331643 ‖∇f‖=2.104 ‖Δx‖=0.221451 Δx⋅∇f(x)=-0.00295381 (stopping criteria: iters=50 f=8.39912e-323 Δf=0 ‖∇f‖=1 ‖Δx‖=0 Δx⋅∇f(x)=-0)

[2026-09-23 10:26:40.439] [polyfem] [debug] Line search finished (nan_free_step_size=1 collision_free_step_size=1 descent_step_size=1 final_step_size=1)

[2026-09-23 10:00:19.895] [polyfem] [debug] Min distance: 0.0016696269657584684

[2026-09-25 00:55:13.140] [polyfem] [debug] [SparseProjectedNewton][Backtracking] iters=43 f=0.00891234 Δf=0.000897522 ‖∇f‖=1.59846 ‖Δx‖=0.294869 Δx⋅∇f(x)=-0.00172708 (stopping criteria: iters=50 f=8.39912e-323 Δf=0 ‖∇f‖=1 ‖Δx‖=0 Δx⋅∇f(x)=-0)

[2026-09-23 09:50:05.734] [polyfem] [info] [SparseProjectedNewton][Backtracking] Finished: Gradient vector norm too small took 277.596s (iters=44 f=0.00784365 Δf=0.00106869 ‖∇f‖=0.539816 ‖Δx‖=nan Δx⋅∇f(x)=nan) (stopping criteria: iters=50 f=8.39912e-323 Δf=0 ‖∇f‖=1 ‖Δx‖=0 Δx⋅∇f(x)=-0)

[2026-09-23 09:50:05.735] [polyfem] [debug] [[35mtiming[0m] f: 6.44e+03s, grad_f: 1.29e+04s, update_direction: 6.32e+03s, line_search: 5.92e+03s, constraint_set_update: 5.58e+01s

[2026-09-23 09:50:05.736] [polyfem] [debug] [[35mtiming[0m][SparseNewton] assembly: 2.97e+03s; linear_solve: 3.00e+03s

[2026-09-25 00:55:13.161] [polyfem] [debug] [[35mtiming[0m][SparseProjectedNewton] assembly: 3.30e+03s; linear_solve: 3.32e+03s

[2026-09-23 09:50:05.738] [polyfem] [debug] [[35mtiming[0m][Backtracking] constraint_set_update 9.88e+03s, checking_for_nan_inf 5.73e+03s, broad_phase_ccd 5.83e+03s, narrow_phase_ccd 5.88e+03s, classical_line_search 5.84e+03s

[2026-09-23 10:00:19.924] [polyfem] [debug] Current eta = 0.9999832293230105

      fit_step: host_ms=987967 OK phase 0 (substep 0, AL): newton 144 minimize 3 post_steps 147 energy 0.0078436545577110252 |grad| 0.539816 status 4 io_attempts 0 instructions 818599024208 heap_used 50.6 MiB heap_free 1587.8 MiB chunks 60784
[2026-09-23 09:50:11.937] [polyfem] [debug] Successfully applied boundary conditions; solving in reduced space

[2026-09-25 00:55:45.208] [polyfem] [debug] Starting SparseNewton with Backtracking solve f₀=0.0830227 (stopping criteria: iters=5000 f=1.63042e-322 Δf=0 ‖∇f‖=0.01 ‖Δx‖=0 Δx⋅∇f(x)=-0)

[2026-09-25 00:55:51.949] [polyfem] [debug] Line search finished (nan_free_step_size=1 collision_free_step_size=0.05078125 descent_step_size=0.025390625 final_step_size=0.025390625)

[2026-09-25 00:55:51.952] [polyfem] [debug] [SparseNewton][Backtracking] iters=0 f=0.0830227 Δf=nan ‖∇f‖=0.525641 ‖Δx‖=3.85257 Δx⋅∇f(x)=-0.126856 (stopping criteria: iters=5000 f=1.63042e-322 Δf=0 ‖∇f‖=0.01 ‖Δx‖=0 Δx⋅∇f(x)=-0)

[2026-09-25 00:55:56.137] [polyfem] [debug] Line search finished (nan_free_step_size=1 collision_free_step_size=0.125 descent_step_size=0.125 final_step_size=0.125)

[2026-09-23 10:01:02.897] [polyfem] [debug] Min distance: 0.0012569562479406184

[2026-09-25 00:55:56.141] [polyfem] [debug] [SparseNewton][Backtracking] iters=1 f=0.0825383 Δf=0.00048448 ‖∇f‖=9.16308 ‖Δx‖=3.02838 Δx⋅∇f(x)=-0.134575 (stopping criteria: iters=5000 f=1.63042e-322 Δf=0 ‖∇f‖=0.01 ‖Δx‖=0 Δx⋅∇f(x)=-0)

[2026-09-25 00:56:01.468] [polyfem] [debug] Line search finished (nan_free_step_size=1 collision_free_step_size=0.1484375 descent_step_size=0.1484375 final_step_size=0.1484375)

[2026-09-23 10:01:08.228] [polyfem] [debug] Min distance: 0.00038533597736725326

[2026-09-25 00:56:01.472] [polyfem] [debug] [SparseNewton][Backtracking] iters=2 f=0.0678759 Δf=0.0146624 ‖∇f‖=9.09373 ‖Δx‖=2.51457 Δx⋅∇f(x)=-0.0995975 (stopping criteria: iters=5000 f=1.63042e-322 Δf=0 ‖∇f‖=0.01 ‖Δx‖=0 Δx⋅∇f(x)=-0)

[2026-09-25 00:56:06.113] [polyfem] [debug] Line search finished (nan_free_step_size=1 collision_free_step_size=0.1875 descent_step_size=0.1875 final_step_size=0.1875)

[2026-09-23 10:01:12.873] [polyfem] [debug] Min distance: 0.00047774411328381966

[2026-09-25 00:56:06.117] [polyfem] [debug] [SparseNewton][Backtracking] iters=3 f=0.0642786 Δf=0.00359728 ‖∇f‖=20.7556 ‖Δx‖=2.0817 Δx⋅∇f(x)=-0.0840027 (stopping criteria: iters=5000 f=1.63042e-322 Δf=0 ‖∇f‖=0.01 ‖Δx‖=0 Δx⋅∇f(x)=-0)

[2026-09-25 00:56:09.025] [polyfem] [debug] Line search finished (nan_free_step_size=1 collision_free_step_size=0.09375 descent_step_size=0.046875 final_step_size=0.046875)

[2026-09-23 10:01:15.785] [polyfem] [debug] Min distance: 0.0005029960379951146

[2026-09-25 00:56:09.029] [polyfem] [debug] [SparseNewton][Backtracking] iters=4 f=0.0536643 Δf=0.0106143 ‖∇f‖=17.9397 ‖Δx‖=1.63227 Δx⋅∇f(x)=-0.0616884 (stopping criteria: iters=5000 f=1.63042e-322 Δf=0 ‖∇f‖=0.01 ‖Δx‖=0 Δx⋅∇f(x)=-0)

[2026-09-25 00:56:11.928] [polyfem] [debug] Line search finished (nan_free_step_size=1 collision_free_step_size=0.34375 descent_step_size=0.171875 final_step_size=0.171875)

[2026-09-23 10:01:18.689] [polyfem] [debug] Min distance: 0.000591966003413258

[2026-09-25 00:56:11.933] [polyfem] [debug] [SparseNewton][Backtracking] iters=5 f=0.0510993 Δf=0.00256502 ‖∇f‖=17.1547 ‖Δx‖=1.52937 Δx⋅∇f(x)=-0.0559443 (stopping criteria: iters=5000 f=1.63042e-322 Δf=0 ‖∇f‖=0.01 ‖Δx‖=0 Δx⋅∇f(x)=-0)

[2026-09-25 00:56:14.523] [polyfem] [debug] Line search finished (nan_free_step_size=1 collision_free_step_size=0.1875 descent_step_size=0.09375 final_step_size=0.09375)

[2026-09-23 10:01:21.283] [polyfem] [debug] Min distance: 0.0006346741169946301

[2026-09-25 00:56:14.527] [polyfem] [debug] [SparseNewton][Backtracking] iters=6 f=0.0423292 Δf=0.00877006 ‖∇f‖=14.3794 ‖Δx‖=1.28649 Δx⋅∇f(x)=-0.0386712 (stopping criteria: iters=5000 f=1.63042e-322 Δf=0 ‖∇f‖=0.01 ‖Δx‖=0 Δx⋅∇f(x)=-0)

[2026-09-25 00:56:17.646] [polyfem] [debug] Line search finished (nan_free_step_size=1 collision_free_step_size=0.1171875 descent_step_size=0.05859375 final_step_size=0.05859375)

[2026-09-23 10:01:24.406] [polyfem] [debug] Min distance: 0.0006597551287137363

[2026-09-25 00:56:17.650] [polyfem] [debug] [SparseNewton][Backtracking] iters=7 f=0.0388881 Δf=0.00344112 ‖∇f‖=13.051 ‖Δx‖=1.62141 Δx⋅∇f(x)=-0.0425617 (stopping criteria: iters=5000 f=1.63042e-322 Δf=0 ‖∇f‖=0.01 ‖Δx‖=0 Δx⋅∇f(x)=-0)

[2026-09-25 00:56:20.327] [polyfem] [debug] Line search finished (nan_free_step_size=1 collision_free_step_size=0.09375 descent_step_size=0.046875 final_step_size=0.046875)

[2026-09-23 10:01:27.088] [polyfem] [debug] Min distance: 0.0006799792664519374

[2026-09-25 00:56:20.332] [polyfem] [debug] [SparseNewton][Backtracking] iters=8 f=0.0367582 Δf=0.00212984 ‖∇f‖=12.341 ‖Δx‖=1.10862 Δx⋅∇f(x)=-0.0323679 (stopping criteria: iters=5000 f=1.63042e-322 Δf=0 ‖∇f‖=0.01 ‖Δx‖=0 Δx⋅∇f(x)=-0)

[2026-09-25 00:56:25.580] [polyfem] [debug] Line search finished (nan_free_step_size=1 collision_free_step_size=0.53125 descent_step_size=0.265625 final_step_size=0.265625)

[2026-09-23 10:01:32.340] [polyfem] [debug] Min distance: 0.0007976660223919008

[2026-09-25 00:56:25.584] [polyfem] [debug] [SparseNewton][Backtracking] iters=9 f=0.0353137 Δf=0.00144452 ‖∇f‖=11.7559 ‖Δx‖=1.16104 Δx⋅∇f(x)=-0.0282429 (stopping criteria: iters=5000 f=1.63042e-322 Δf=0 ‖∇f‖=0.01 ‖Δx‖=0 Δx⋅∇f(x)=-0)

[2026-09-25 00:56:28.028] [polyfem] [debug] Line search finished (nan_free_step_size=1 collision_free_step_size=0.46875 descent_step_size=0.234375 final_step_size=0.234375)

[2026-09-23 10:01:34.788] [polyfem] [debug] Min distance: 0.0009351285115937802

[2026-09-25 00:56:28.032] [polyfem] [debug] [SparseNewton][Backtracking] iters=10 f=0.0340293 Δf=0.00128439 ‖∇f‖=30.3698 ‖Δx‖=0.704928 Δx⋅∇f(x)=-0.0230187 (stopping criteria: iters=5000 f=1.63042e-322 Δf=0 ‖∇f‖=0.01 ‖Δx‖=0 Δx⋅∇f(x)=-0)

[2026-09-25 00:56:30.486] [polyfem] [debug] Line search finished (nan_free_step_size=1 collision_free_step_size=0.0625 descent_step_size=0.0625 final_step_size=0.0625)

[2026-09-23 10:01:37.246] [polyfem] [debug] Min distance: 0.0009673711888653519

[2026-09-25 00:56:30.490] [polyfem] [debug] [SparseNewton][Backtracking] iters=11 f=0.0299977 Δf=0.00403168 ‖∇f‖=23.7275 ‖Δx‖=0.973901 Δx⋅∇f(x)=-0.0126641 (stopping criteria: iters=5000 f=1.63042e-322 Δf=0 ‖∇f‖=0.01 ‖Δx‖=0 Δx⋅∇f(x)=-0)

[2026-09-25 00:56:35.501] [polyfem] [debug] Line search finished (nan_free_step_size=1 collision_free_step_size=0.015625 descent_step_size=0.0078125 final_step_size=0.0078125)

[2026-09-23 10:01:42.262] [polyfem] [debug] Min distance: 0.0009706016751939657

[2026-09-25 00:56:35.506] [polyfem] [debug] [SparseNewton][Backtracking] iters=12 f=0.0293809 Δf=0.000616715 ‖∇f‖=22.2539 ‖Δx‖=2.56239 Δx⋅∇f(x)=-0.0107491 (stopping criteria: iters=5000 f=1.63042e-322 Δf=0 ‖∇f‖=0.01 ‖Δx‖=0 Δx⋅∇f(x)=-0)

[2026-09-25 00:56:38.798] [polyfem] [debug] Line search finished (nan_free_step_size=1 collision_free_step_size=0.15625 descent_step_size=0.078125 final_step_size=0.078125)

[2026-09-23 10:01:45.558] [polyfem] [debug] Min distance: 0.0010163726387812802

[2026-09-25 00:56:38.802] [polyfem] [debug] [SparseNewton][Backtracking] iters=13 f=0.0293691 Δf=1.18822e-05 ‖∇f‖=22.0655 ‖Δx‖=1.22305 Δx⋅∇f(x)=-0.0137643 (stopping criteria: iters=5000 f=1.63042e-322 Δf=0 ‖∇f‖=0.01 ‖Δx‖=0 Δx⋅∇f(x)=-0)

[2026-09-25 00:56:42.036] [polyfem] [debug] Line search finished (nan_free_step_size=1 collision_free_step_size=0.234375 descent_step_size=0.1171875 final_step_size=0.1171875)

[2026-09-23 10:01:48.796] [polyfem] [debug] Min distance: 0.0010614124197311668

[2026-09-25 00:56:42.040] [polyfem] [debug] [SparseNewton][Backtracking] iters=14 f=0.029071 Δf=0.000298017 ‖∇f‖=20.5227 ‖Δx‖=1.0431 Δx⋅∇f(x)=-0.0133805 (stopping criteria: iters=5000 f=1.63042e-322 Δf=0 ‖∇f‖=0.01 ‖Δx‖=0 Δx⋅∇f(x)=-0)

[2026-09-25 00:56:44.566] [polyfem] [debug] Line search finished (nan_free_step_size=1 collision_free_step_size=0.109375 descent_step_size=0.0546875 final_step_size=0.0546875)

[2026-09-23 10:01:51.326] [polyfem] [debug] Min distance: 0.0010882430761258446

[2026-09-25 00:56:44.570] [polyfem] [debug] [SparseNewton][Backtracking] iters=15 f=0.0282784 Δf=0.00079267 ‖∇f‖=18.1202 ‖Δx‖=0.511545 Δx⋅∇f(x)=-0.0174887 (stopping criteria: iters=5000 f=1.63042e-322 Δf=0 ‖∇f‖=0.01 ‖Δx‖=0 Δx⋅∇f(x)=-0)

[2026-09-25 00:56:45.425] [polyfem] [debug] [SparseNewton][Backtracking] Search direction not a descent direction (‖Δx‖=8.70593; ‖g‖=17.0549; Δx⋅g=0.128597≥0); reverting to SparseProjectedNewton

[2026-09-25 00:56:48.183] [polyfem] [debug] Line search finished (nan_free_step_size=1 collision_free_step_size=0.21875 descent_step_size=0.109375 final_step_size=0.109375)

[2026-09-23 10:01:54.943] [polyfem] [debug] Min distance: 0.0011368840559032264

[2026-09-25 00:56:48.187] [polyfem] [debug] [SparseProjectedNewton][Backtracking] iters=16 f=0.027938 Δf=0.000340406 ‖∇f‖=17.0549 ‖Δx‖=0.431695 Δx⋅∇f(x)=-0.0143961 (stopping criteria: iters=5000 f=1.63042e-322 Δf=0 ‖∇f‖=0.01 ‖Δx‖=0 Δx⋅∇f(x)=-0)

[2026-09-25 00:56:50.751] [polyfem] [debug] Line search finished (nan_free_step_size=1 collision_free_step_size=0.125 descent_step_size=0.0625 final_step_size=0.0625)

[2026-09-23 10:01:57.511] [polyfem] [debug] Min distance: 0.0011628288587060848

[2026-09-25 00:56:50.755] [polyfem] [debug] [SparseProjectedNewton][Backtracking] iters=17 f=0.0264066 Δf=0.00153139 ‖∇f‖=15.2398 ‖Δx‖=0.373777 Δx⋅∇f(x)=-0.0117112 (stopping criteria: iters=5000 f=1.63042e-322 Δf=0 ‖∇f‖=0.01 ‖Δx‖=0 Δx⋅∇f(x)=-0)

[2026-09-25 00:56:54.081] [polyfem] [debug] Line search finished (nan_free_step_size=1 collision_free_step_size=0.5 descent_step_size=0.25 final_step_size=0.25)

[2026-09-23 10:02:00.841] [polyfem] [debug] Min distance: 0.001268178769801494

[2026-09-25 00:56:54.085] [polyfem] [debug] [SparseProjectedNewton][Backtracking] iters=18 f=0.0257663 Δf=0.000640307 ‖∇f‖=14.3197 ‖Δx‖=0.271288 Δx⋅∇f(x)=-0.0101377 (stopping criteria: iters=5000 f=1.63042e-322 Δf=0 ‖∇f‖=0.01 ‖Δx‖=0 Δx⋅∇f(x)=-0)

[2026-09-25 00:56:56.779] [polyfem] [debug] Line search finished (nan_free_step_size=1 collision_free_step_size=0.34375 descent_step_size=0.171875 final_step_size=0.171875)

[2026-09-23 10:02:03.539] [polyfem] [debug] Min distance: 0.001330621939011861

[2026-09-25 00:56:56.783] [polyfem] [debug] [SparseProjectedNewton][Backtracking] iters=19 f=0.0234259 Δf=0.00234039 ‖∇f‖=10.8935 ‖Δx‖=0.222997 Δx⋅∇f(x)=-0.0067246 (stopping criteria: iters=5000 f=1.63042e-322 Δf=0 ‖∇f‖=0.01 ‖Δx‖=0 Δx⋅∇f(x)=-0)

[2026-09-25 00:56:59.286] [polyfem] [debug] Line search finished (nan_free_step_size=1 collision_free_step_size=0.1875 descent_step_size=0.09375 final_step_size=0.09375)

[2026-09-23 10:02:06.046] [polyfem] [debug] Min distance: 0.0013615385689294485

[2026-09-25 00:56:59.290] [polyfem] [debug] [SparseProjectedNewton][Backtracking] iters=20 f=0.0231116 Δf=0.000314294 ‖∇f‖=9.46332 ‖Δx‖=0.183135 Δx⋅∇f(x)=-0.00631426 (stopping criteria: iters=5000 f=1.63042e-322 Δf=0 ‖∇f‖=0.01 ‖Δx‖=0 Δx⋅∇f(x)=-0)

[2026-09-25 00:57:01.975] [polyfem] [debug] Line search finished (nan_free_step_size=1 collision_free_step_size=0.25 descent_step_size=0.0625 final_step_size=0.0625)

[2026-09-25 00:57:01.976] [polyfem] [debug] [SparseProjectedNewton][Backtracking] SparseProjectedNewton was successful for 5 iterations; resetting to SparseNewton

[2026-09-23 10:02:08.735] [polyfem] [debug] Min distance: 0.0013811481065852435

[2026-09-25 00:57:01.979] [polyfem] [debug] [SparseNewton][Backtracking] iters=21 f=0.0226912 Δf=0.000420363 ‖∇f‖=8.62297 ‖Δx‖=0.145297 Δx⋅∇f(x)=-0.00565385 (stopping criteria: iters=5000 f=1.63042e-322 Δf=0 ‖∇f‖=0.01 ‖Δx‖=0 Δx⋅∇f(x)=-0)

[2026-09-25 00:57:05.286] [polyfem] [debug] Line search finished (nan_free_step_size=1 collision_free_step_size=0.2265625 descent_step_size=0.11328125 final_step_size=0.11328125)

[2026-09-23 10:02:12.046] [polyfem] [debug] Min distance: 0.001483276082044572

[2026-09-25 00:57:05.290] [polyfem] [debug] [SparseNewton][Backtracking] iters=22 f=0.0223672 Δf=0.000324004 ‖∇f‖=8.09822 ‖Δx‖=0.724478 Δx⋅∇f(x)=-0.00898919 (stopping criteria: iters=5000 f=1.63042e-322 Δf=0 ‖∇f‖=0.01 ‖Δx‖=0 Δx⋅∇f(x)=-0)

[2026-09-25 00:57:08.160] [polyfem] [debug] Line search finished (nan_free_step_size=1 collision_free_step_size=0.3125 descent_step_size=0.078125 final_step_size=0.078125)

[2026-09-23 10:02:14.920] [polyfem] [debug] Min distance: 0.0015032949304706463

[2026-09-25 00:57:08.164] [polyfem] [debug] [SparseNewton][Backtracking] iters=23 f=0.0219049 Δf=0.000462291 ‖∇f‖=6.87357 ‖Δx‖=0.282508 Δx⋅∇f(x)=-0.00443292 (stopping criteria: iters=5000 f=1.63042e-322 Δf=0 ‖∇f‖=0.01 ‖Δx‖=0 Δx⋅∇f(x)=-0)

[2026-09-25 00:57:10.846] [polyfem] [debug] Line search finished (nan_free_step_size=1 collision_free_step_size=0.25 descent_step_size=0.0625 final_step_size=0.0625)

[2026-09-23 10:02:17.607] [polyfem] [debug] Min distance: 0.0015250353940155959

[2026-09-25 00:57:10.851] [polyfem] [debug] [SparseNewton][Backtracking] iters=24 f=0.0216837 Δf=0.000221224 ‖∇f‖=6.41567 ‖Δx‖=0.285916 Δx⋅∇f(x)=-0.00400402 (stopping criteria: iters=5000 f=1.63042e-322 Δf=0 ‖∇f‖=0.01 ‖Δx‖=0 Δx⋅∇f(x)=-0)

[2026-09-25 00:57:13.460] [polyfem] [debug] Line search finished (nan_free_step_size=1 collision_free_step_size=0.25 descent_step_size=0.0625 final_step_size=0.0625)

[2026-09-23 10:02:20.221] [polyfem] [debug] Min distance: 0.0015406117550818838

[2026-09-25 00:57:13.465] [polyfem] [debug] [SparseNewton][Backtracking] iters=25 f=0.0214785 Δf=0.000205159 ‖∇f‖=6.00907 ‖Δx‖=0.175752 Δx⋅∇f(x)=-0.0035705 (stopping criteria: iters=5000 f=1.63042e-322 Δf=0 ‖∇f‖=0.01 ‖Δx‖=0 Δx⋅∇f(x)=-0)

[2026-09-25 00:57:17.572] [polyfem] [debug] Line search finished (nan_free_step_size=0.5592271767701338 collision_free_step_size=0.01747584927406668 descent_step_size=0.00873792463703334 final_step_size=0.00873792463703334)

[2026-09-23 10:02:24.332] [polyfem] [debug] Min distance: 0.0015386897418874375

[2026-09-25 00:57:17.577] [polyfem] [debug] [SparseNewton][Backtracking] iters=26 f=0.0213677 Δf=0.000110788 ‖∇f‖=5.64592 ‖Δx‖=4.21188 Δx⋅∇f(x)=-0.0284455 (stopping criteria: iters=5000 f=1.63042e-322 Δf=0 ‖∇f‖=0.01 ‖Δx‖=0 Δx⋅∇f(x)=-0)

[2026-09-25 00:57:20.224] [polyfem] [debug] Line search finished (nan_free_step_size=1 collision_free_step_size=0.5 descent_step_size=0.125 final_step_size=0.125)

[2026-09-23 10:02:26.984] [polyfem] [debug] Min distance: 0.0015604712915349313

[2026-09-25 00:57:20.228] [polyfem] [debug] [SparseNewton][Backtracking] iters=27 f=0.0211795 Δf=0.000188264 ‖∇f‖=2.75454 ‖Δx‖=0.226479 Δx⋅∇f(x)=-0.00120781 (stopping criteria: iters=5000 f=1.63042e-322 Δf=0 ‖∇f‖=0.01 ‖Δx‖=0 Δx⋅∇f(x)=-0)

[2026-09-25 00:57:23.152] [polyfem] [debug] Line search finished (nan_free_step_size=1 collision_free_step_size=0.078125 descent_step_size=0.01953125 final_step_size=0.01953125)

[2026-09-23 10:02:29.911] [polyfem] [debug] Min distance: 0.0015651071678313105

[2026-09-25 00:57:23.155] [polyfem] [debug] [SparseNewton][Backtracking] iters=28 f=0.021151 Δf=2.84814e-05 ‖∇f‖=2.60836 ‖Δx‖=0.778375 Δx⋅∇f(x)=-0.00171347 (stopping criteria: iters=5000 f=1.63042e-322 Δf=0 ‖∇f‖=0.01 ‖Δx‖=0 Δx⋅∇f(x)=-0)

[2026-09-25 00:57:25.810] [polyfem] [debug] Line search finished (nan_free_step_size=1 collision_free_step_size=0.59375 descent_step_size=0.1484375 final_step_size=0.1484375)

[2026-09-23 10:02:32.571] [polyfem] [debug] Min distance: 0.0015999399477488825

[2026-09-25 00:57:25.815] [polyfem] [debug] [SparseNewton][Backtracking] iters=29 f=0.021138 Δf=1.30136e-05 ‖∇f‖=2.55237 ‖Δx‖=0.28983 Δx⋅∇f(x)=-0.00305766 (stopping criteria: iters=5000 f=1.63042e-322 Δf=0 ‖∇f‖=0.01 ‖Δx‖=0 Δx⋅∇f(x)=-0)

[2026-09-25 00:57:28.244] [polyfem] [debug] Line search finished (nan_free_step_size=1 collision_free_step_size=0.125 descent_step_size=0.125 final_step_size=0.125)

[2026-09-23 10:02:35.004] [polyfem] [debug] Min distance: 0.001526502536364807

[2026-09-25 00:57:28.248] [polyfem] [debug] [SparseNewton][Backtracking] iters=30 f=0.0208159 Δf=0.000322049 ‖∇f‖=2.23918 ‖Δx‖=0.440141 Δx⋅∇f(x)=-0.00440718 (stopping criteria: iters=5000 f=1.63042e-322 Δf=0 ‖∇f‖=0.01 ‖Δx‖=0 Δx⋅∇f(x)=-0)

[2026-09-25 00:57:31.053] [polyfem] [debug] Line search finished (nan_free_step_size=1 collision_free_step_size=0.109375 descent_step_size=0.013671875 final_step_size=0.013671875)

[2026-09-23 10:02:37.812] [polyfem] [debug] Min distance: 0.0015301541421569229

[2026-09-25 00:57:31.056] [polyfem] [debug] [SparseNewton][Backtracking] iters=31 f=0.0205813 Δf=0.000234655 ‖∇f‖=2.33127 ‖Δx‖=0.323703 Δx⋅∇f(x)=-0.00315187 (stopping criteria: iters=5000 f=1.63042e-322 Δf=0 ‖∇f‖=0.01 ‖Δx‖=0 Δx⋅∇f(x)=-0)

[2026-09-25 00:57:34.099] [polyfem] [debug] Line search finished (nan_free_step_size=1 collision_free_step_size=0.453125 descent_step_size=0.0283203125 final_step_size=0.0283203125)

[2026-09-23 10:02:40.860] [polyfem] [debug] Min distance: 0.0015494706094765908

[2026-09-25 00:57:34.104] [polyfem] [debug] [SparseNewton][Backtracking] iters=32 f=0.0205508 Δf=3.05202e-05 ‖∇f‖=2.30341 ‖Δx‖=0.323699 Δx⋅∇f(x)=-0.000247545 (stopping criteria: iters=5000 f=1.63042e-322 Δf=0 ‖∇f‖=0.01 ‖Δx‖=0 Δx⋅∇f(x)=-0)

[2026-09-25 00:57:36.511] [polyfem] [debug] Line search finished (nan_free_step_size=1 collision_free_step_size=0.125 descent_step_size=0.125 final_step_size=0.125)

[2026-09-23 10:02:43.271] [polyfem] [debug] Min distance: 0.00156190832021005

[2026-09-25 00:57:36.515] [polyfem] [debug] [SparseNewton][Backtracking] iters=33 f=0.0205461 Δf=4.69007e-06 ‖∇f‖=2.21546 ‖Δx‖=0.420644 Δx⋅∇f(x)=-0.00146106 (stopping criteria: iters=5000 f=1.63042e-322 Δf=0 ‖∇f‖=0.01 ‖Δx‖=0 Δx⋅∇f(x)=-0)

[2026-09-25 00:57:40.129] [polyfem] [debug] Line search finished (nan_free_step_size=1 collision_free_step_size=0.0546875 descent_step_size=0.02734375 final_step_size=0.02734375)

[2026-09-23 10:02:46.888] [polyfem] [debug] Min distance: 0.0016151452762853298

[2026-09-25 00:57:40.133] [polyfem] [debug] [SparseNewton][Backtracking] iters=34 f=0.0205085 Δf=3.76192e-05 ‖∇f‖=1.80478 ‖Δx‖=1.95193 Δx⋅∇f(x)=-0.0124365 (stopping criteria: iters=5000 f=1.63042e-322 Δf=0 ‖∇f‖=0.01 ‖Δx‖=0 Δx⋅∇f(x)=-0)

[2026-09-25 00:57:40.987] [polyfem] [debug] [SparseNewton][Backtracking] Search direction not a descent direction (‖Δx‖=0.855138; ‖g‖=1.77014; Δx⋅g=0.00251246≥0); reverting to SparseProjectedNewton

[2026-09-25 00:57:43.659] [polyfem] [debug] Line search finished (nan_free_step_size=1 collision_free_step_size=0.75 descent_step_size=0.1875 final_step_size=0.1875)

[2026-09-23 10:02:50.418] [polyfem] [debug] Min distance: 0.0016434133036127036

[2026-09-25 00:57:43.662] [polyfem] [debug] [SparseProjectedNewton][Backtracking] iters=35 f=0.0202206 Δf=0.000287881 ‖∇f‖=1.77014 ‖Δx‖=0.179883 Δx⋅∇f(x)=-0.00362245 (stopping criteria: iters=5000 f=1.63042e-322 Δf=0 ‖∇f‖=0.01 ‖Δx‖=0 Δx⋅∇f(x)=-0)

[2026-09-25 00:57:46.357] [polyfem] [debug] Line search finished (nan_free_step_size=1 collision_free_step_size=1 descent_step_size=0.25 final_step_size=0.25)

[2026-09-23 10:02:53.117] [polyfem] [debug] Min distance: 0.0015927997401434392

[2026-09-25 00:57:46.361] [polyfem] [debug] [SparseProjectedNewton][Backtracking] iters=36 f=0.0196202 Δf=0.000600326 ‖∇f‖=1.47307 ‖Δx‖=0.153023 Δx⋅∇f(x)=-0.00282624 (stopping criteria: iters=5000 f=1.63042e-322 Δf=0 ‖∇f‖=0.01 ‖Δx‖=0 Δx⋅∇f(x)=-0)

[2026-09-23 10:29:16.122] [polyfem] [debug] Line search finished (nan_free_step_size=1 collision_free_step_size=1 descent_step_size=0.5 final_step_size=0.5)

[2026-09-23 10:02:55.577] [polyfem] [debug] Min distance: 0.0017507401920449893

[2026-09-25 00:57:48.821] [polyfem] [debug] [SparseProjectedNewton][Backtracking] iters=37 f=0.0193198 Δf=0.000300404 ‖∇f‖=1.88991 ‖Δx‖=0.115945 Δx⋅∇f(x)=-0.00261497 (stopping criteria: iters=5000 f=1.63042e-322 Δf=0 ‖∇f‖=0.01 ‖Δx‖=0 Δx⋅∇f(x)=-0)

[2026-09-25 00:57:51.515] [polyfem] [debug] Line search finished (nan_free_step_size=1 collision_free_step_size=0.375 descent_step_size=0.09375 final_step_size=0.09375)

[2026-09-23 10:02:58.275] [polyfem] [debug] Min distance: 0.0015736606112296875

[2026-09-25 00:57:51.519] [polyfem] [debug] [SparseProjectedNewton][Backtracking] iters=38 f=0.0181948 Δf=0.00112504 ‖∇f‖=0.784707 ‖Δx‖=0.169315 Δx⋅∇f(x)=-0.00207597 (stopping criteria: iters=5000 f=1.63042e-322 Δf=0 ‖∇f‖=0.01 ‖Δx‖=0 Δx⋅∇f(x)=-0)

[2026-09-25 00:57:53.974] [polyfem] [debug] Line search finished (nan_free_step_size=1 collision_free_step_size=0.75 descent_step_size=0.375 final_step_size=0.375)

[2026-09-23 10:03:00.735] [polyfem] [debug] Min distance: 0.0014487811120939358

[2026-09-25 00:57:53.979] [polyfem] [debug] [SparseProjectedNewton][Backtracking] iters=39 f=0.0181222 Δf=7.26177e-05 ‖∇f‖=0.838592 ‖Δx‖=0.12046 Δx⋅∇f(x)=-0.00166434 (stopping criteria: iters=5000 f=1.63042e-322 Δf=0 ‖∇f‖=0.01 ‖Δx‖=0 Δx⋅∇f(x)=-0)

[2026-09-23 10:29:23.537] [polyfem] [debug] Line search finished (nan_free_step_size=1 collision_free_step_size=1 descent_step_size=1 final_step_size=1)

[2026-09-25 00:57:56.233] [polyfem] [debug] [SparseProjectedNewton][Backtracking] SparseProjectedNewton was successful for 5 iterations; resetting to SparseNewton

[2026-09-23 10:03:02.992] [polyfem] [debug] Min distance: 0.0016337478514361372

[2026-09-25 00:57:56.237] [polyfem] [debug] [SparseNewton][Backtracking] iters=40 f=0.0179388 Δf=0.000183341 ‖∇f‖=1.4762 ‖Δx‖=0.12052 Δx⋅∇f(x)=-0.00185112 (stopping criteria: iters=5000 f=1.63042e-322 Δf=0 ‖∇f‖=0.01 ‖Δx‖=0 Δx⋅∇f(x)=-0)

[2026-09-25 00:57:57.118] [polyfem] [debug] [SparseNewton][Backtracking] Search direction not a descent direction (‖Δx‖=1.82868; ‖g‖=3.188; Δx⋅g=0.00408308≥0); reverting to SparseProjectedNewton

[2026-09-25 00:58:00.464] [polyfem] [debug] Line search finished (nan_free_step_size=1 collision_free_step_size=0.078125 descent_step_size=0.0048828125 final_step_size=0.0048828125)

[2026-09-23 10:03:07.224] [polyfem] [debug] Min distance: 0.0016346071232345538

[2026-09-25 00:58:00.468] [polyfem] [debug] [SparseProjectedNewton][Backtracking] iters=41 f=0.0172998 Δf=0.000639026 ‖∇f‖=3.188 ‖Δx‖=0.313737 Δx⋅∇f(x)=-0.00367052 (stopping criteria: iters=5000 f=1.63042e-322 Δf=0 ‖∇f‖=0.01 ‖Δx‖=0 Δx⋅∇f(x)=-0)

[2026-09-23 10:29:30.452] [polyfem] [debug] Line search finished (nan_free_step_size=1 collision_free_step_size=1 descent_step_size=0.5 final_step_size=0.5)

[2026-09-23 10:03:09.907] [polyfem] [debug] Min distance: 0.0013483701022911172

[2026-09-25 00:58:03.151] [polyfem] [debug] [SparseProjectedNewton][Backtracking] iters=42 f=0.0172866 Δf=1.32637e-05 ‖∇f‖=3.17498 ‖Δx‖=0.218669 Δx⋅∇f(x)=-0.00211659 (stopping criteria: iters=5000 f=1.63042e-322 Δf=0 ‖∇f‖=0.01 ‖Δx‖=0 Δx⋅∇f(x)=-0)

[2026-09-25 00:58:05.930] [polyfem] [debug] Line search finished (nan_free_step_size=1 collision_free_step_size=0.1875 descent_step_size=0.046875 final_step_size=0.046875)

[2026-09-23 10:03:12.690] [polyfem] [debug] Min distance: 0.0013653337754090708

[2026-09-25 00:58:05.934] [polyfem] [debug] [SparseProjectedNewton][Backtracking] iters=43 f=0.0170852 Δf=0.000201374 ‖∇f‖=2.66054 ‖Δx‖=0.12694 Δx⋅∇f(x)=-0.00239248 (stopping criteria: iters=5000 f=1.63042e-322 Δf=0 ‖∇f‖=0.01 ‖Δx‖=0 Δx⋅∇f(x)=-0)

[2026-09-23 10:29:35.623] [polyfem] [debug] Line search finished (nan_free_step_size=1 collision_free_step_size=1 descent_step_size=1 final_step_size=1)

[2026-09-23 10:03:15.078] [polyfem] [debug] Min distance: 0.0013911351627378158

[2026-09-25 00:58:08.323] [polyfem] [debug] [SparseProjectedNewton][Backtracking] iters=44 f=0.0170225 Δf=6.26494e-05 ‖∇f‖=2.55219 ‖Δx‖=0.0847892 Δx⋅∇f(x)=-0.00182992 (stopping criteria: iters=5000 f=1.63042e-322 Δf=0 ‖∇f‖=0.01 ‖Δx‖=0 Δx⋅∇f(x)=-0)

[2026-09-25 00:58:11.266] [polyfem] [debug] Line search finished (nan_free_step_size=1 collision_free_step_size=0.15625 descent_step_size=0.0390625 final_step_size=0.0390625)

[2026-09-23 10:03:18.026] [polyfem] [debug] Min distance: 0.0014042456563401603

[2026-09-25 00:58:11.270] [polyfem] [debug] [SparseProjectedNewton][Backtracking] iters=45 f=0.0169867 Δf=3.58705e-05 ‖∇f‖=3.26091 ‖Δx‖=0.248278 Δx⋅∇f(x)=-0.00366836 (stopping criteria: iters=5000 f=1.63042e-322 Δf=0 ‖∇f‖=0.01 ‖Δx‖=0 Δx⋅∇f(x)=-0)

[2026-09-23 10:29:41.181] [polyfem] [debug] Line search finished (nan_free_step_size=1 collision_free_step_size=1 descent_step_size=1 final_step_size=1)

[2026-09-25 00:58:13.878] [polyfem] [debug] [SparseProjectedNewton][Backtracking] SparseProjectedNewton was successful for 5 iterations; resetting to SparseNewton

[2026-09-23 10:03:20.637] [polyfem] [debug] Min distance: 0.0012571995389562994

[2026-09-25 00:58:13.881] [polyfem] [debug] [SparseNewton][Backtracking] iters=46 f=0.0169286 Δf=5.80102e-05 ‖∇f‖=3.15885 ‖Δx‖=0.191993 Δx⋅∇f(x)=-0.00299686 (stopping criteria: iters=5000 f=1.63042e-322 Δf=0 ‖∇f‖=0.01 ‖Δx‖=0 Δx⋅∇f(x)=-0)

[2026-09-25 00:58:14.794] [polyfem] [debug] [SparseNewton][Backtracking] Search direction not a descent direction (‖Δx‖=17.365; ‖g‖=1.70935; Δx⋅g=0.00765038≥0); reverting to SparseProjectedNewton

[2026-09-25 00:58:17.873] [polyfem] [debug] Line search finished (nan_free_step_size=1 collision_free_step_size=0.0625 descent_step_size=0.015625 final_step_size=0.015625)

[2026-09-23 10:03:24.633] [polyfem] [debug] Min distance: 0.0012634228943256445

[2026-09-25 00:58:17.877] [polyfem] [debug] [SparseProjectedNewton][Backtracking] iters=47 f=0.015756 Δf=0.00117262 ‖∇f‖=1.70935 ‖Δx‖=0.349032 Δx⋅∇f(x)=-0.00441117 (stopping criteria: iters=5000 f=1.63042e-322 Δf=0 ‖∇f‖=0.01 ‖Δx‖=0 Δx⋅∇f(x)=-0)

[2026-09-25 00:58:21.051] [polyfem] [debug] Line search finished (nan_free_step_size=1 collision_free_step_size=0.203125 descent_step_size=0.025390625 final_step_size=0.025390625)

[2026-09-23 10:03:27.811] [polyfem] [debug] Min distance: 0.0012734806273289043

[2026-09-25 00:58:21.055] [polyfem] [debug] [SparseProjectedNewton][Backtracking] iters=48 f=0.0156986 Δf=5.74501e-05 ‖∇f‖=1.68548 ‖Δx‖=0.274111 Δx⋅∇f(x)=-0.00337713 (stopping criteria: iters=5000 f=1.63042e-322 Δf=0 ‖∇f‖=0.01 ‖Δx‖=0 Δx⋅∇f(x)=-0)

[2026-09-25 00:58:24.170] [polyfem] [debug] Line search finished (nan_free_step_size=1 collision_free_step_size=0.3125 descent_step_size=0.078125 final_step_size=0.078125)

[2026-09-23 10:03:30.930] [polyfem] [debug] Min distance: 0.0013045600996601423

[2026-09-25 00:58:24.174] [polyfem] [debug] [SparseProjectedNewton][Backtracking] iters=49 f=0.015615 Δf=8.35766e-05 ‖∇f‖=1.64392 ‖Δx‖=0.189551 Δx⋅∇f(x)=-0.002752 (stopping criteria: iters=5000 f=1.63042e-322 Δf=0 ‖∇f‖=0.01 ‖Δx‖=0 Δx⋅∇f(x)=-0)

[2026-09-23 10:29:54.067] [polyfem] [debug] Line search finished (nan_free_step_size=1 collision_free_step_size=1 descent_step_size=0.5 final_step_size=0.5)

[2026-09-23 10:03:33.522] [polyfem] [debug] Min distance: 0.0015129117005334145

[2026-09-25 00:58:26.766] [polyfem] [debug] [SparseProjectedNewton][Backtracking] iters=50 f=0.015461 Δf=0.000154014 ‖∇f‖=1.55173 ‖Δx‖=0.0804407 Δx⋅∇f(x)=-0.00171799 (stopping criteria: iters=5000 f=1.63042e-322 Δf=0 ‖∇f‖=0.01 ‖Δx‖=0 Δx⋅∇f(x)=-0)

[2026-09-23 10:29:56.490] [polyfem] [debug] Line search finished (nan_free_step_size=1 collision_free_step_size=1 descent_step_size=1 final_step_size=1)

[2026-09-23 10:03:35.945] [polyfem] [debug] Min distance: 0.0016785506900034524

[2026-09-25 00:58:29.189] [polyfem] [debug] [SparseProjectedNewton][Backtracking] iters=51 f=0.0149049 Δf=0.000556076 ‖∇f‖=2.49328 ‖Δx‖=0.082278 Δx⋅∇f(x)=-0.00105281 (stopping criteria: iters=5000 f=1.63042e-322 Δf=0 ‖∇f‖=0.01 ‖Δx‖=0 Δx⋅∇f(x)=-0)

[2026-09-25 00:58:32.332] [polyfem] [debug] Line search finished (nan_free_step_size=1 collision_free_step_size=0.1875 descent_step_size=0.0234375 final_step_size=0.0234375)

[2026-09-25 00:58:32.333] [polyfem] [debug] [SparseProjectedNewton][Backtracking] SparseProjectedNewton was successful for 5 iterations; resetting to SparseNewton

[2026-09-23 10:03:39.093] [polyfem] [debug] Min distance: 0.0016824863758009283

[2026-09-25 00:58:32.337] [polyfem] [debug] [SparseNewton][Backtracking] iters=52 f=0.0142631 Δf=0.000641768 ‖∇f‖=0.711103 ‖Δx‖=0.161825 Δx⋅∇f(x)=-0.00114464 (stopping criteria: iters=5000 f=1.63042e-322 Δf=0 ‖∇f‖=0.01 ‖Δx‖=0 Δx⋅∇f(x)=-0)

[2026-09-25 00:58:33.259] [polyfem] [debug] [SparseNewton][Backtracking] Search direction not a descent direction (‖Δx‖=0.461574; ‖g‖=0.708001; Δx⋅g=0.000423924≥0); reverting to SparseProjectedNewton

[2026-09-23 10:30:02.966] [polyfem] [debug] Line search finished (nan_free_step_size=1 collision_free_step_size=1 descent_step_size=1 final_step_size=1)

[2026-09-23 10:03:42.421] [polyfem] [debug] Min distance: 0.0018023883002952546

[2026-09-25 00:58:35.665] [polyfem] [debug] [SparseProjectedNewton][Backtracking] iters=53 f=0.0142555 Δf=7.64196e-06 ‖∇f‖=0.708001 ‖Δx‖=0.088847 Δx⋅∇f(x)=-0.000559224 (stopping criteria: iters=5000 f=1.63042e-322 Δf=0 ‖∇f‖=0.01 ‖Δx‖=0 Δx⋅∇f(x)=-0)

[2026-09-25 00:58:38.802] [polyfem] [debug] Line search finished (nan_free_step_size=1 collision_free_step_size=0.3125 descent_step_size=0.0390625 final_step_size=0.0390625)

[2026-09-23 10:03:45.563] [polyfem] [debug] Min distance: 0.0018058001518221375

[2026-09-25 00:58:38.807] [polyfem] [debug] [SparseProjectedNewton][Backtracking] iters=54 f=0.0138785 Δf=0.000376991 ‖∇f‖=0.208496 ‖Δx‖=0.172196 Δx⋅∇f(x)=-0.000940485 (stopping criteria: iters=5000 f=1.63042e-322 Δf=0 ‖∇f‖=0.01 ‖Δx‖=0 Δx⋅∇f(x)=-0)

[2026-09-23 10:30:08.507] [polyfem] [debug] Line search finished (nan_free_step_size=1 collision_free_step_size=1 descent_step_size=1 final_step_size=1)

[2026-09-23 10:03:47.962] [polyfem] [debug] Min distance: 0.0017769689477237147

[2026-09-25 00:58:41.206] [polyfem] [debug] [SparseProjectedNewton][Backtracking] iters=55 f=0.0138566 Δf=2.18899e-05 ‖∇f‖=0.229578 ‖Δx‖=0.0868995 Δx⋅∇f(x)=-0.000417954 (stopping criteria: iters=5000 f=1.63042e-322 Δf=0 ‖∇f‖=0.01 ‖Δx‖=0 Δx⋅∇f(x)=-0)

[2026-09-25 00:58:44.120] [polyfem] [debug] Line search finished (nan_free_step_size=1 collision_free_step_size=1 descent_step_size=0.25 final_step_size=0.25)

[2026-09-23 10:03:50.880] [polyfem] [debug] Min distance: 0.001557785408630365

[2026-09-25 00:58:44.125] [polyfem] [debug] [SparseProjectedNewton][Backtracking] iters=56 f=0.0135748 Δf=0.000281839 ‖∇f‖=0.224989 ‖Δx‖=0.192749 Δx⋅∇f(x)=-0.000903372 (stopping criteria: iters=5000 f=1.63042e-322 Δf=0 ‖∇f‖=0.01 ‖Δx‖=0 Δx⋅∇f(x)=-0)

[2026-09-23 10:30:14.058] [polyfem] [debug] Line search finished (nan_free_step_size=1 collision_free_step_size=1 descent_step_size=0.5 final_step_size=0.5)

[2026-09-23 10:03:53.513] [polyfem] [debug] Min distance: 0.001678211381698381

[2026-09-25 00:58:46.757] [polyfem] [debug] [SparseProjectedNewton][Backtracking] iters=57 f=0.0135698 Δf=4.98259e-06 ‖∇f‖=0.910713 ‖Δx‖=0.111911 Δx⋅∇f(x)=-0.000840676 (stopping criteria: iters=5000 f=1.63042e-322 Δf=0 ‖∇f‖=0.01 ‖Δx‖=0 Δx⋅∇f(x)=-0)

[2026-09-23 10:30:16.478] [polyfem] [debug] Line search finished (nan_free_step_size=1 collision_free_step_size=1 descent_step_size=1 final_step_size=1)

[2026-09-25 00:58:49.175] [polyfem] [debug] [SparseProjectedNewton][Backtracking] SparseProjectedNewton was successful for 5 iterations; resetting to SparseNewton

[2026-09-23 10:03:55.934] [polyfem] [debug] Min distance: 0.001757202011966626

[2026-09-25 00:58:49.178] [polyfem] [debug] [SparseNewton][Backtracking] iters=58 f=0.0132886 Δf=0.000281155 ‖∇f‖=1.38313 ‖Δx‖=0.12334 Δx⋅∇f(x)=-0.000663751 (stopping criteria: iters=5000 f=1.63042e-322 Δf=0 ‖∇f‖=0.01 ‖Δx‖=0 Δx⋅∇f(x)=-0)

[2026-09-25 00:58:53.793] [polyfem] [debug] Line search finished (nan_free_step_size=1 collision_free_step_size=0.02734375 descent_step_size=0.00341796875 final_step_size=0.00341796875)

[2026-09-23 10:04:00.553] [polyfem] [debug] Min distance: 0.001757605155350162

[2026-09-25 00:58:53.797] [polyfem] [debug] [SparseNewton][Backtracking] iters=59 f=0.0128583 Δf=0.00043033 ‖∇f‖=0.216155 ‖Δx‖=1.27743 Δx⋅∇f(x)=-0.00466507 (stopping criteria: iters=5000 f=1.63042e-322 Δf=0 ‖∇f‖=0.01 ‖Δx‖=0 Δx⋅∇f(x)=-0)

[2026-09-25 00:58:57.455] [polyfem] [debug] Line search finished (nan_free_step_size=1 collision_free_step_size=0.125 descent_step_size=0.015625 final_step_size=0.015625)

[2026-09-23 10:04:04.216] [polyfem] [debug] Min distance: 0.0017594445473150875

[2026-09-25 00:58:57.460] [polyfem] [debug] [SparseNewton][Backtracking] iters=60 f=0.0128439 Δf=1.44015e-05 ‖∇f‖=0.216003 ‖Δx‖=0.695948 Δx⋅∇f(x)=-0.0017105 (stopping criteria: iters=5000 f=1.63042e-322 Δf=0 ‖∇f‖=0.01 ‖Δx‖=0 Δx⋅∇f(x)=-0)

[2026-09-25 00:58:58.425] [polyfem] [debug] [SparseNewton][Backtracking] Search direction not a descent direction (‖Δx‖=0.726901; ‖g‖=0.213116; Δx⋅g=0.000994923≥0); reverting to SparseProjectedNewton

[2026-09-23 10:30:28.149] [polyfem] [debug] Line search finished (nan_free_step_size=1 collision_free_step_size=1 descent_step_size=1 final_step_size=1)

[2026-09-23 10:04:07.604] [polyfem] [debug] Min distance: 0.0017875163136926427

[2026-09-25 00:59:00.848] [polyfem] [debug] [SparseProjectedNewton][Backtracking] iters=61 f=0.0128208 Δf=2.31578e-05 ‖∇f‖=0.213116 ‖Δx‖=0.0898486 Δx⋅∇f(x)=-0.00031047 (stopping criteria: iters=5000 f=1.63042e-322 Δf=0 ‖∇f‖=0.01 ‖Δx‖=0 Δx⋅∇f(x)=-0)

[2026-09-25 00:59:03.998] [polyfem] [debug] Line search finished (nan_free_step_size=1 collision_free_step_size=0.125 descent_step_size=0.015625 final_step_size=0.015625)

[2026-09-23 10:04:10.758] [polyfem] [debug] Min distance: 0.0017901173700377844

[2026-09-25 00:59:04.002] [polyfem] [debug] [SparseProjectedNewton][Backtracking] iters=62 f=0.0126807 Δf=0.00014004 ‖∇f‖=1.14596 ‖Δx‖=0.212861 Δx⋅∇f(x)=-0.00127342 (stopping criteria: iters=5000 f=1.63042e-322 Δf=0 ‖∇f‖=0.01 ‖Δx‖=0 Δx⋅∇f(x)=-0)

[2026-09-25 00:59:06.802] [polyfem] [debug] Line search finished (nan_free_step_size=1 collision_free_step_size=0.875 descent_step_size=0.21875 final_step_size=0.21875)

[2026-09-23 10:04:13.562] [polyfem] [debug] Min distance: 0.0016301497971600927

[2026-09-25 00:59:06.806] [polyfem] [debug] [SparseProjectedNewton][Backtracking] iters=63 f=0.0126764 Δf=4.34668e-06 ‖∇f‖=1.13577 ‖Δx‖=0.10891 Δx⋅∇f(x)=-0.000552695 (stopping criteria: iters=5000 f=1.63042e-322 Δf=0 ‖∇f‖=0.01 ‖Δx‖=0 Δx⋅∇f(x)=-0)

[2026-09-23 10:30:36.741] [polyfem] [debug] Line search finished (nan_free_step_size=1 collision_free_step_size=1 descent_step_size=1 final_step_size=1)

[2026-09-23 10:04:16.196] [polyfem] [debug] Min distance: 0.0018481251138766001

[2026-09-25 00:59:09.440] [polyfem] [debug] [SparseProjectedNewton][Backtracking] iters=64 f=0.0126338 Δf=4.25933e-05 ‖∇f‖=0.932164 ‖Δx‖=0.0891127 Δx⋅∇f(x)=-0.000500773 (stopping criteria: iters=5000 f=1.63042e-322 Δf=0 ‖∇f‖=0.01 ‖Δx‖=0 Δx⋅∇f(x)=-0)

[2026-09-25 00:59:12.639] [polyfem] [debug] Line search finished (nan_free_step_size=1 collision_free_step_size=0.078125 descent_step_size=0.009765625 final_step_size=0.009765625)

[2026-09-23 10:04:19.399] [polyfem] [debug] Min distance: 0.0018488398681303713

[2026-09-25 00:59:12.643] [polyfem] [debug] [SparseProjectedNewton][Backtracking] iters=65 f=0.0122954 Δf=0.000338368 ‖∇f‖=0.106681 ‖Δx‖=0.216566 Δx⋅∇f(x)=-0.00113568 (stopping criteria: iters=5000 f=1.63042e-322 Δf=0 ‖∇f‖=0.01 ‖Δx‖=0 Δx⋅∇f(x)=-0)

[2026-09-25 00:59:15.928] [polyfem] [debug] Line search finished (nan_free_step_size=1 collision_free_step_size=0.625 descent_step_size=0.078125 final_step_size=0.078125)

[2026-09-25 00:59:15.929] [polyfem] [debug] [SparseProjectedNewton][Backtracking] SparseProjectedNewton was successful for 5 iterations; resetting to SparseNewton

[2026-09-23 10:04:22.688] [polyfem] [debug] Min distance: 0.0018240079097113534

[2026-09-25 00:59:15.932] [polyfem] [debug] [SparseNewton][Backtracking] iters=66 f=0.0122942 Δf=1.19397e-06 ‖∇f‖=0.127526 ‖Δx‖=0.117396 Δx⋅∇f(x)=-0.000434736 (stopping criteria: iters=5000 f=1.63042e-322 Δf=0 ‖∇f‖=0.01 ‖Δx‖=0 Δx⋅∇f(x)=-0)

[2026-09-25 00:59:19.173] [polyfem] [debug] Line search finished (nan_free_step_size=1 collision_free_step_size=1 descent_step_size=0.0625 final_step_size=0.0625)

[2026-09-23 10:04:25.933] [polyfem] [debug] Min distance: 0.001829416823648174

[2026-09-25 00:59:19.177] [polyfem] [debug] [SparseNewton][Backtracking] iters=67 f=0.0122724 Δf=2.17669e-05 ‖∇f‖=0.179198 ‖Δx‖=0.130627 Δx⋅∇f(x)=-2.20808e-05 (stopping criteria: iters=5000 f=1.63042e-322 Δf=0 ‖∇f‖=0.01 ‖Δx‖=0 Δx⋅∇f(x)=-0)

[2026-09-25 00:59:20.144] [polyfem] [debug] [SparseNewton][Backtracking] Search direction not a descent direction (‖Δx‖=0.120736; ‖g‖=0.164423; Δx⋅g=0.000114347≥0); reverting to SparseProjectedNewton

[2026-09-23 10:30:49.954] [polyfem] [debug] Line search finished (nan_free_step_size=1 collision_free_step_size=1 descent_step_size=1 final_step_size=1)

[2026-09-23 10:04:29.409] [polyfem] [debug] Min distance: 0.0018117282036469284

[2026-09-25 00:59:22.653] [polyfem] [debug] [SparseProjectedNewton][Backtracking] iters=68 f=0.0122723 Δf=9.51685e-08 ‖∇f‖=0.164423 ‖Δx‖=0.0813964 Δx⋅∇f(x)=-0.000269769 (stopping criteria: iters=5000 f=1.63042e-322 Δf=0 ‖∇f‖=0.01 ‖Δx‖=0 Δx⋅∇f(x)=-0)

[2026-09-25 00:59:26.162] [polyfem] [debug] Line search finished (nan_free_step_size=1 collision_free_step_size=0.34375 descent_step_size=0.0859375 final_step_size=0.0859375)

[2026-09-23 10:04:32.922] [polyfem] [debug] Min distance: 0.0018097136589433722

[2026-09-25 00:59:26.167] [polyfem] [debug] [SparseProjectedNewton][Backtracking] iters=69 f=0.0120771 Δf=0.000195214 ‖∇f‖=0.135993 ‖Δx‖=0.157538 Δx⋅∇f(x)=-0.000578346 (stopping criteria: iters=5000 f=1.63042e-322 Δf=0 ‖∇f‖=0.01 ‖Δx‖=0 Δx⋅∇f(x)=-0)

[2026-09-23 10:30:57.057] [polyfem] [debug] Line search finished (nan_free_step_size=1 collision_free_step_size=1 descent_step_size=1 final_step_size=1)

[2026-09-23 10:04:36.514] [polyfem] [debug] Min distance: 0.0017420216544967984

[2026-09-25 00:59:29.758] [polyfem] [debug] [SparseProjectedNewton][Backtracking] iters=70 f=0.0120494 Δf=2.77695e-05 ‖∇f‖=0.182461 ‖Δx‖=0.0811929 Δx⋅∇f(x)=-0.000184253 (stopping criteria: iters=5000 f=1.63042e-322 Δf=0 ‖∇f‖=0.01 ‖Δx‖=0 Δx⋅∇f(x)=-0)

[2026-09-25 00:59:33.748] [polyfem] [debug] Line search finished (nan_free_step_size=1 collision_free_step_size=0.0625 descent_step_size=0.0078125 final_step_size=0.0078125)

[2026-09-23 10:04:40.508] [polyfem] [debug] Min distance: 0.0017430260527212206

[2026-09-25 00:59:33.752] [polyfem] [debug] [SparseProjectedNewton][Backtracking] iters=71 f=0.0119574 Δf=9.19302e-05 ‖∇f‖=0.248624 ‖Δx‖=0.236161 Δx⋅∇f(x)=-0.00130862 (stopping criteria: iters=5000 f=1.63042e-322 Δf=0 ‖∇f‖=0.01 ‖Δx‖=0 Δx⋅∇f(x)=-0)

[2026-09-25 00:59:37.067] [polyfem] [debug] Line search finished (nan_free_step_size=1 collision_free_step_size=1 descent_step_size=0.125 final_step_size=0.125)

[2026-09-23 10:04:43.827] [polyfem] [debug] Min distance: 0.0017590170291393412

[2026-09-25 00:59:37.072] [polyfem] [debug] [SparseProjectedNewton][Backtracking] iters=72 f=0.0119538 Δf=3.60244e-06 ‖∇f‖=0.257172 ‖Δx‖=0.166885 Δx⋅∇f(x)=-0.000539179 (stopping criteria: iters=5000 f=1.63042e-322 Δf=0 ‖∇f‖=0.01 ‖Δx‖=0 Δx⋅∇f(x)=-0)

[2026-09-23 10:31:07.069] [polyfem] [debug] Line search finished (nan_free_step_size=1 collision_free_step_size=1 descent_step_size=0.5 final_step_size=0.5)

[2026-09-25 00:59:39.765] [polyfem] [debug] [SparseProjectedNewton][Backtracking] SparseProjectedNewton was successful for 5 iterations; resetting to SparseNewton

[2026-09-23 10:04:46.524] [polyfem] [debug] Min distance: 0.0016767352831359211

[2026-09-25 00:59:39.769] [polyfem] [debug] [SparseNewton][Backtracking] iters=73 f=0.0119081 Δf=4.57539e-05 ‖∇f‖=0.284948 ‖Δx‖=0.0978095 Δx⋅∇f(x)=-0.000289767 (stopping criteria: iters=5000 f=1.63042e-322 Δf=0 ‖∇f‖=0.01 ‖Δx‖=0 Δx⋅∇f(x)=-0)

[2026-09-25 00:59:46.554] [polyfem] [debug] Line search finished (nan_free_step_size=1 collision_free_step_size=0.09375 descent_step_size=0.0234375 final_step_size=0.0234375)

[2026-09-23 10:04:53.314] [polyfem] [debug] Min distance: 0.0016806479275128588

[2026-09-25 00:59:46.559] [polyfem] [debug] [SparseNewton][Backtracking] iters=74 f=0.011876 Δf=3.20997e-05 ‖∇f‖=0.769758 ‖Δx‖=2.55931 Δx⋅∇f(x)=-0.00291679 (stopping criteria: iters=5000 f=1.63042e-322 Δf=0 ‖∇f‖=0.01 ‖Δx‖=0 Δx⋅∇f(x)=-0)

[2026-09-25 00:59:49.629] [polyfem] [debug] Line search finished (nan_free_step_size=1 collision_free_step_size=0.1875 descent_step_size=0.0234375 final_step_size=0.0234375)

[2026-09-23 10:04:56.389] [polyfem] [debug] Min distance: 0.0016843705892924457

[2026-09-25 00:59:49.633] [polyfem] [debug] [SparseNewton][Backtracking] iters=75 f=0.0118433 Δf=3.26557e-05 ‖∇f‖=0.746342 ‖Δx‖=0.196908 Δx⋅∇f(x)=-0.000642395 (stopping criteria: iters=5000 f=1.63042e-322 Δf=0 ‖∇f‖=0.01 ‖Δx‖=0 Δx⋅∇f(x)=-0)

[2026-09-25 00:59:50.550] [polyfem] [debug] [SparseNewton][Backtracking] Search direction not a descent direction (‖Δx‖=0.282073; ‖g‖=0.732957; Δx⋅g=4.92657e-05≥0); reverting to SparseProjectedNewton

[2026-09-25 00:59:53.329] [polyfem] [debug] Line search finished (nan_free_step_size=1 collision_free_step_size=0.5 descent_step_size=0.125 final_step_size=0.125)

[2026-09-23 10:05:00.089] [polyfem] [debug] Min distance: 0.0017035471617410122

[2026-09-25 00:59:53.333] [polyfem] [debug] [SparseProjectedNewton][Backtracking] iters=76 f=0.0118352 Δf=8.10191e-06 ‖∇f‖=0.732957 ‖Δx‖=0.0528902 Δx⋅∇f(x)=-0.000333811 (stopping criteria: iters=5000 f=1.63042e-322 Δf=0 ‖∇f‖=0.01 ‖Δx‖=0 Δx⋅∇f(x)=-0)

[2026-09-23 10:31:23.004] [polyfem] [debug] Line search finished (nan_free_step_size=1 collision_free_step_size=1 descent_step_size=1 final_step_size=1)

[2026-09-23 10:05:02.459] [polyfem] [debug] Min distance: 0.0017276667241599504

[2026-09-25 00:59:55.703] [polyfem] [debug] [SparseProjectedNewton][Backtracking] iters=77 f=0.0118177 Δf=1.74906e-05 ‖∇f‖=0.678859 ‖Δx‖=0.0437051 Δx⋅∇f(x)=-0.000253543 (stopping criteria: iters=5000 f=1.63042e-322 Δf=0 ‖∇f‖=0.01 ‖Δx‖=0 Δx⋅∇f(x)=-0)

[2026-09-23 10:31:25.307] [polyfem] [debug] Line search finished (nan_free_step_size=1 collision_free_step_size=1 descent_step_size=1 final_step_size=1)

[2026-09-23 10:05:04.762] [polyfem] [debug] Min distance: 0.0018863047912704462

[2026-09-25 00:59:58.006] [polyfem] [debug] [SparseProjectedNewton][Backtracking] iters=78 f=0.011686 Δf=0.000131712 ‖∇f‖=0.277647 ‖Δx‖=0.0588803 Δx⋅∇f(x)=-0.000141423 (stopping criteria: iters=5000 f=1.63042e-322 Δf=0 ‖∇f‖=0.01 ‖Δx‖=0 Δx⋅∇f(x)=-0)

[2026-09-25 01:00:01.265] [polyfem] [debug] Line search finished (nan_free_step_size=1 collision_free_step_size=0.25 descent_step_size=0.015625 final_step_size=0.015625)

[2026-09-23 10:05:08.025] [polyfem] [debug] Min distance: 0.0018870106702325918

[2026-09-25 01:00:01.269] [polyfem] [debug] [SparseProjectedNewton][Backtracking] iters=79 f=0.0115882 Δf=9.77736e-05 ‖∇f‖=0.0598407 ‖Δx‖=0.104416 Δx⋅∇f(x)=-0.00024394 (stopping criteria: iters=5000 f=1.63042e-322 Δf=0 ‖∇f‖=0.01 ‖Δx‖=0 Δx⋅∇f(x)=-0)

[2026-09-23 10:31:30.968] [polyfem] [debug] Line search finished (nan_free_step_size=1 collision_free_step_size=1 descent_step_size=1 final_step_size=1)

[2026-09-23 10:05:10.423] [polyfem] [debug] Min distance: 0.0016952236053257661

[2026-09-25 01:00:03.667] [polyfem] [debug] [SparseProjectedNewton][Backtracking] iters=80 f=0.0115854 Δf=2.7973e-06 ‖∇f‖=0.0583717 ‖Δx‖=0.0614393 Δx⋅∇f(x)=-0.00010464 (stopping criteria: iters=5000 f=1.63042e-322 Δf=0 ‖∇f‖=0.01 ‖Δx‖=0 Δx⋅∇f(x)=-0)

[2026-09-25 01:00:06.626] [polyfem] [debug] Line search finished (nan_free_step_size=1 collision_free_step_size=0.5 descent_step_size=0.0625 final_step_size=0.0625)

[2026-09-25 01:00:06.627] [polyfem] [debug] [SparseProjectedNewton][Backtracking] SparseProjectedNewton was successful for 5 iterations; resetting to SparseNewton

[2026-09-23 10:05:13.387] [polyfem] [debug] Min distance: 0.0017046412241202332

[2026-09-25 01:00:06.631] [polyfem] [debug] [SparseNewton][Backtracking] iters=81 f=0.0115387 Δf=4.67489e-05 ‖∇f‖=0.268264 ‖Δx‖=0.0628332 Δx⋅∇f(x)=-0.00020246 (stopping criteria: iters=5000 f=1.63042e-322 Δf=0 ‖∇f‖=0.01 ‖Δx‖=0 Δx⋅∇f(x)=-0)

[2026-09-25 01:00:10.003] [polyfem] [debug] Line search finished (nan_free_step_size=1 collision_free_step_size=0.25 descent_step_size=0.0625 final_step_size=0.0625)

[2026-09-23 10:05:16.763] [polyfem] [debug] Min distance: 0.0017137978729153656

[2026-09-25 01:00:10.007] [polyfem] [debug] [SparseNewton][Backtracking] iters=82 f=0.0115346 Δf=4.10276e-06 ‖∇f‖=0.260585 ‖Δx‖=0.858929 Δx⋅∇f(x)=-0.000104675 (stopping criteria: iters=5000 f=1.63042e-322 Δf=0 ‖∇f‖=0.01 ‖Δx‖=0 Δx⋅∇f(x)=-0)

[2026-09-25 01:00:13.458] [polyfem] [debug] Line search finished (nan_free_step_size=1 collision_free_step_size=0.09375 descent_step_size=0.005859375 final_step_size=0.005859375)

[2026-09-23 10:05:20.219] [polyfem] [debug] Min distance: 0.0017146273977561742

[2026-09-25 01:00:13.463] [polyfem] [debug] [SparseNewton][Backtracking] iters=83 f=0.0115328 Δf=1.82695e-06 ‖∇f‖=0.2454 ‖Δx‖=0.327366 Δx⋅∇f(x)=-0.00107467 (stopping criteria: iters=5000 f=1.63042e-322 Δf=0 ‖∇f‖=0.01 ‖Δx‖=0 Δx⋅∇f(x)=-0)

[2026-09-25 01:00:21.182] [polyfem] [debug] Line search finished (nan_free_step_size=1 collision_free_step_size=0.046875 descent_step_size=0.0234375 final_step_size=0.0234375)

[2026-09-23 10:05:27.942] [polyfem] [debug] Min distance: 0.0017179816721485737

[2026-09-25 01:00:21.186] [polyfem] [debug] [SparseNewton][Backtracking] iters=84 f=0.0115289 Δf=3.83201e-06 ‖∇f‖=0.244086 ‖Δx‖=4.22328 Δx⋅∇f(x)=-0.00468958 (stopping criteria: iters=5000 f=1.63042e-322 Δf=0 ‖∇f‖=0.01 ‖Δx‖=0 Δx⋅∇f(x)=-0)

[2026-09-25 01:00:23.950] [polyfem] [debug] Line search finished (nan_free_step_size=1 collision_free_step_size=0.25 descent_step_size=0.0625 final_step_size=0.0625)

[2026-09-23 10:05:30.711] [polyfem] [debug] Min distance: 0.0017267192593461234

[2026-09-25 01:00:23.955] [polyfem] [debug] [SparseNewton][Backtracking] iters=85 f=0.0114743 Δf=5.4635e-05 ‖∇f‖=0.26755 ‖Δx‖=0.181191 Δx⋅∇f(x)=-0.000244199 (stopping criteria: iters=5000 f=1.63042e-322 Δf=0 ‖∇f‖=0.01 ‖Δx‖=0 Δx⋅∇f(x)=-0)

[2026-09-25 01:00:31.136] [polyfem] [debug] Line search finished (nan_free_step_size=1 collision_free_step_size=0.0390625 descent_step_size=0.0048828125 final_step_size=0.0048828125)

[2026-09-23 10:05:37.896] [polyfem] [debug] Min distance: 0.0017273551618080737

[2026-09-25 01:00:31.140] [polyfem] [debug] [SparseNewton][Backtracking] iters=86 f=0.01146 Δf=1.42622e-05 ‖∇f‖=0.248517 ‖Δx‖=3.13251 Δx⋅∇f(x)=-0.0020732 (stopping criteria: iters=5000 f=1.63042e-322 Δf=0 ‖∇f‖=0.01 ‖Δx‖=0 Δx⋅∇f(x)=-0)

[2026-09-25 01:00:33.866] [polyfem] [debug] Line search finished (nan_free_step_size=1 collision_free_step_size=1 descent_step_size=0.25 final_step_size=0.25)

[2026-09-23 10:05:40.626] [polyfem] [debug] Min distance: 0.0017610840866873223

[2026-09-25 01:00:33.870] [polyfem] [debug] [SparseNewton][Backtracking] iters=87 f=0.0114579 Δf=2.15942e-06 ‖∇f‖=0.249036 ‖Δx‖=0.118124 Δx⋅∇f(x)=-9.5226e-05 (stopping criteria: iters=5000 f=1.63042e-322 Δf=0 ‖∇f‖=0.01 ‖Δx‖=0 Δx⋅∇f(x)=-0)

[2026-09-25 01:00:34.845] [polyfem] [debug] [SparseNewton][Backtracking] Search direction not a descent direction (‖Δx‖=0.303519; ‖g‖=0.208053; Δx⋅g=9.43491e-05≥0); reverting to SparseProjectedNewton

[2026-09-23 10:32:04.559] [polyfem] [debug] Line search finished (nan_free_step_size=1 collision_free_step_size=1 descent_step_size=1 final_step_size=1)

[2026-09-23 10:05:44.014] [polyfem] [debug] Min distance: 0.001891145957295402

[2026-09-25 01:00:37.258] [polyfem] [debug] [SparseProjectedNewton][Backtracking] iters=88 f=0.0114471 Δf=1.08073e-05 ‖∇f‖=0.208053 ‖Δx‖=0.0336126 Δx⋅∇f(x)=-9.59293e-05 (stopping criteria: iters=5000 f=1.63042e-322 Δf=0 ‖∇f‖=0.01 ‖Δx‖=0 Δx⋅∇f(x)=-0)

[2026-09-23 10:32:06.906] [polyfem] [debug] Line search finished (nan_free_step_size=1 collision_free_step_size=1 descent_step_size=1 final_step_size=1)

[2026-09-23 10:05:46.362] [polyfem] [debug] Min distance: 0.0019162713788248428

[2026-09-25 01:00:39.606] [polyfem] [debug] [SparseProjectedNewton][Backtracking] iters=89 f=0.0113877 Δf=5.93334e-05 ‖∇f‖=0.0459587 ‖Δx‖=0.0532113 Δx⋅∇f(x)=-5.34559e-05 (stopping criteria: iters=5000 f=1.63042e-322 Δf=0 ‖∇f‖=0.01 ‖Δx‖=0 Δx⋅∇f(x)=-0)

[2026-09-25 01:00:42.319] [polyfem] [debug] Line search finished (nan_free_step_size=1 collision_free_step_size=1 descent_step_size=0.25 final_step_size=0.25)

[2026-09-23 10:05:49.079] [polyfem] [debug] Min distance: 0.0018064289767050529

[2026-09-25 01:00:42.323] [polyfem] [debug] [SparseProjectedNewton][Backtracking] iters=90 f=0.0113455 Δf=4.22498e-05 ‖∇f‖=0.0261751 ‖Δx‖=0.0898497 Δx⋅∇f(x)=-6.96785e-05 (stopping criteria: iters=5000 f=1.63042e-322 Δf=0 ‖∇f‖=0.01 ‖Δx‖=0 Δx⋅∇f(x)=-0)

[2026-09-23 10:32:11.981] [polyfem] [debug] Line search finished (nan_free_step_size=1 collision_free_step_size=1 descent_step_size=1 final_step_size=1)

[2026-09-23 10:05:51.437] [polyfem] [debug] Min distance: 0.0018632201914261456

[2026-09-25 01:00:44.681] [polyfem] [debug] [SparseProjectedNewton][Backtracking] iters=91 f=0.0113403 Δf=5.14577e-06 ‖∇f‖=0.106074 ‖Δx‖=0.0703846 Δx⋅∇f(x)=-6.24723e-05 (stopping criteria: iters=5000 f=1.63042e-322 Δf=0 ‖∇f‖=0.01 ‖Δx‖=0 Δx⋅∇f(x)=-0)

[2026-09-25 01:00:47.679] [polyfem] [debug] Line search finished (nan_free_step_size=1 collision_free_step_size=0.25 descent_step_size=0.03125 final_step_size=0.03125)

[2026-09-23 10:05:54.439] [polyfem] [debug] Min distance: 0.0018505450923270751

[2026-09-25 01:00:47.683] [polyfem] [debug] [SparseProjectedNewton][Backtracking] iters=92 f=0.0113028 Δf=3.75254e-05 ‖∇f‖=0.0959531 ‖Δx‖=0.0497045 Δx⋅∇f(x)=-0.000170357 (stopping criteria: iters=5000 f=1.63042e-322 Δf=0 ‖∇f‖=0.01 ‖Δx‖=0 Δx⋅∇f(x)=-0)

[2026-09-25 01:00:50.913] [polyfem] [debug] Line search finished (nan_free_step_size=1 collision_free_step_size=0.5 descent_step_size=0.03125 final_step_size=0.03125)

[2026-09-25 01:00:50.914] [polyfem] [debug] [SparseProjectedNewton][Backtracking] SparseProjectedNewton was successful for 5 iterations; resetting to SparseNewton

[2026-09-23 10:05:57.673] [polyfem] [debug] Min distance: 0.0018526174522927907

[2026-09-25 01:00:50.917] [polyfem] [debug] [SparseNewton][Backtracking] iters=93 f=0.0113027 Δf=1.00409e-07 ‖∇f‖=0.109861 ‖Δx‖=0.0413003 Δx⋅∇f(x)=-7.00489e-05 (stopping criteria: iters=5000 f=1.63042e-322 Δf=0 ‖∇f‖=0.01 ‖Δx‖=0 Δx⋅∇f(x)=-0)

[2026-09-25 01:00:53.862] [polyfem] [debug] Line search finished (nan_free_step_size=1 collision_free_step_size=1 descent_step_size=0.125 final_step_size=0.125)

[2026-09-23 10:06:00.622] [polyfem] [debug] Min distance: 0.0018619629935982213

[2026-09-25 01:00:53.866] [polyfem] [debug] [SparseNewton][Backtracking] iters=94 f=0.0113008 Δf=1.9488e-06 ‖∇f‖=0.106314 ‖Δx‖=0.17575 Δx⋅∇f(x)=-3.28986e-05 (stopping criteria: iters=5000 f=1.63042e-322 Δf=0 ‖∇f‖=0.01 ‖Δx‖=0 Δx⋅∇f(x)=-0)

[2026-09-25 01:00:57.384] [polyfem] [debug] Line search finished (nan_free_step_size=1 collision_free_step_size=1 descent_step_size=0.03125 final_step_size=0.03125)

[2026-09-23 10:06:04.145] [polyfem] [debug] Min distance: 0.0018640802111803325

[2026-09-25 01:00:57.389] [polyfem] [debug] [SparseNewton][Backtracking] iters=95 f=0.0112989 Δf=1.8664e-06 ‖∇f‖=0.0901454 ‖Δx‖=0.110807 Δx⋅∇f(x)=-7.57359e-07 (stopping criteria: iters=5000 f=1.63042e-322 Δf=0 ‖∇f‖=0.01 ‖Δx‖=0 Δx⋅∇f(x)=-0)

[2026-09-25 01:00:58.709] [polyfem] [debug] [SparseNewton][Backtracking] Search direction not a descent direction (‖Δx‖=0.0906817; ‖g‖=0.0862454; Δx⋅g=2.84214e-05≥0); reverting to SparseProjectedNewton

[2026-09-23 10:32:28.985] [polyfem] [debug] Line search finished (nan_free_step_size=1 collision_free_step_size=1 descent_step_size=1 final_step_size=1)

[2026-09-23 10:06:08.440] [polyfem] [debug] Min distance: 0.001818886819797721

[2026-09-25 01:01:01.684] [polyfem] [debug] [SparseProjectedNewton][Backtracking] iters=96 f=0.0112989 Δf=2.10429e-09 ‖∇f‖=0.0862454 ‖Δx‖=0.040593 Δx⋅∇f(x)=-3.76097e-05 (stopping criteria: iters=5000 f=1.63042e-322 Δf=0 ‖∇f‖=0.01 ‖Δx‖=0 Δx⋅∇f(x)=-0)

[2026-09-23 10:32:31.720] [polyfem] [debug] Line search finished (nan_free_step_size=1 collision_free_step_size=1 descent_step_size=0.5 final_step_size=0.5)

[2026-09-23 10:06:11.176] [polyfem] [debug] Min distance: 0.0017951635849032621

[2026-09-25 01:01:04.420] [polyfem] [debug] [SparseProjectedNewton][Backtracking] iters=97 f=0.0112804 Δf=1.85192e-05 ‖∇f‖=0.108928 ‖Δx‖=0.058043 Δx⋅∇f(x)=-4.47752e-05 (stopping criteria: iters=5000 f=1.63042e-322 Δf=0 ‖∇f‖=0.01 ‖Δx‖=0 Δx⋅∇f(x)=-0)

[2026-09-23 10:32:34.035] [polyfem] [debug] Line search finished (nan_free_step_size=1 collision_free_step_size=1 descent_step_size=1 final_step_size=1)

[2026-09-23 10:06:13.490] [polyfem] [debug] Min distance: 0.0018921984605732348

[2026-09-25 01:01:06.734] [polyfem] [debug] [SparseProjectedNewton][Backtracking] iters=98 f=0.0112779 Δf=2.45692e-06 ‖∇f‖=0.14458 ‖Δx‖=0.0303991 Δx⋅∇f(x)=-3.87332e-05 (stopping criteria: iters=5000 f=1.63042e-322 Δf=0 ‖∇f‖=0.01 ‖Δx‖=0 Δx⋅∇f(x)=-0)

[2026-09-23 10:32:36.244] [polyfem] [debug] Line search finished (nan_free_step_size=1 collision_free_step_size=1 descent_step_size=1 final_step_size=1)

[2026-09-23 10:06:15.699] [polyfem] [debug] Min distance: 0.0019169221397158822

[2026-09-25 01:01:08.943] [polyfem] [debug] [SparseProjectedNewton][Backtracking] iters=99 f=0.0112532 Δf=2.47666e-05 ‖∇f‖=0.0467224 ‖Δx‖=0.0289598 Δx⋅∇f(x)=-1.15572e-05 (stopping criteria: iters=5000 f=1.63042e-322 Δf=0 ‖∇f‖=0.01 ‖Δx‖=0 Δx⋅∇f(x)=-0)

[2026-09-23 10:32:38.651] [polyfem] [debug] Line search finished (nan_free_step_size=1 collision_free_step_size=1 descent_step_size=0.5 final_step_size=0.5)

[2026-09-23 10:06:18.106] [polyfem] [debug] Min distance: 0.0019169952987276395

[2026-09-25 01:01:11.351] [polyfem] [debug] [SparseProjectedNewton][Backtracking] iters=100 f=0.0112437 Δf=9.46236e-06 ‖∇f‖=0.0117142 ‖Δx‖=0.0319815 Δx⋅∇f(x)=-9.35374e-06 (stopping criteria: iters=5000 f=1.63042e-322 Δf=0 ‖∇f‖=0.01 ‖Δx‖=0 Δx⋅∇f(x)=-0)

[2026-09-23 10:32:40.908] [polyfem] [debug] Line search finished (nan_free_step_size=1 collision_free_step_size=1 descent_step_size=1 final_step_size=1)

[2026-09-25 01:01:13.605] [polyfem] [debug] [SparseProjectedNewton][Backtracking] SparseProjectedNewton was successful for 5 iterations; resetting to SparseNewton

[2026-09-23 10:06:20.364] [polyfem] [debug] Min distance: 0.001917132877950575

[2026-09-25 01:01:13.608] [polyfem] [debug] [SparseNewton][Backtracking] iters=101 f=0.0112394 Δf=4.31363e-06 ‖∇f‖=0.0104348 ‖Δx‖=0.0289451 Δx⋅∇f(x)=-7.94616e-06 (stopping criteria: iters=5000 f=1.63042e-322 Δf=0 ‖∇f‖=0.01 ‖Δx‖=0 Δx⋅∇f(x)=-0)

[2026-09-25 01:01:14.462] [polyfem] [debug] [SparseNewton][Backtracking] Search direction not a descent direction (‖Δx‖=0.930621; ‖g‖=0.0167116; Δx⋅g=9.65221e-05≥0); reverting to SparseProjectedNewton

[2026-09-23 10:32:44.125] [polyfem] [debug] Line search finished (nan_free_step_size=1 collision_free_step_size=1 descent_step_size=1 final_step_size=1)

[2026-09-23 10:06:23.580] [polyfem] [debug] Min distance: 0.001894983448863434

[2026-09-25 01:01:16.824] [polyfem] [debug] [SparseProjectedNewton][Backtracking] iters=102 f=0.0112324 Δf=7.00821e-06 ‖∇f‖=0.0167116 ‖Δx‖=0.0356236 Δx⋅∇f(x)=-9.52867e-06 (stopping criteria: iters=5000 f=1.63042e-322 Δf=0 ‖∇f‖=0.01 ‖Δx‖=0 Δx⋅∇f(x)=-0)

[2026-09-23 10:32:46.621] [polyfem] [debug] Line search finished (nan_free_step_size=1 collision_free_step_size=1 descent_step_size=1 final_step_size=1)

[2026-09-23 10:06:26.076] [polyfem] [debug] Min distance: 0.0018933565843717035

[2026-09-25 01:01:19.320] [polyfem] [debug] [SparseProjectedNewton][Backtracking] iters=103 f=0.0112258 Δf=6.56484e-06 ‖∇f‖=0.0317855 ‖Δx‖=0.0332022 Δx⋅∇f(x)=-1.06171e-05 (stopping criteria: iters=5000 f=1.63042e-322 Δf=0 ‖∇f‖=0.01 ‖Δx‖=0 Δx⋅∇f(x)=-0)

[2026-09-25 01:01:22.410] [polyfem] [debug] Line search finished (nan_free_step_size=1 collision_free_step_size=0.25 descent_step_size=0.0078125 final_step_size=0.0078125)

[2026-09-23 10:06:29.169] [polyfem] [debug] Min distance: 0.0018936138239182042

[2026-09-25 01:01:22.413] [polyfem] [debug] [SparseProjectedNewton][Backtracking] iters=104 f=0.0112189 Δf=6.93589e-06 ‖∇f‖=0.0529822 ‖Δx‖=0.0335775 Δx⋅∇f(x)=-3.61302e-05 (stopping criteria: iters=5000 f=1.63042e-322 Δf=0 ‖∇f‖=0.01 ‖Δx‖=0 Δx⋅∇f(x)=-0)

[2026-09-23 10:32:51.860] [polyfem] [debug] Line search finished (nan_free_step_size=1 collision_free_step_size=1 descent_step_size=1 final_step_size=1)

[2026-09-23 10:06:31.315] [polyfem] [debug] Min distance: 0.0018882587595883827

[2026-09-25 01:01:24.559] [polyfem] [debug] [SparseProjectedNewton][Backtracking] iters=105 f=0.0112188 Δf=9.92065e-08 ‖∇f‖=0.053008 ‖Δx‖=0.021791 Δx⋅∇f(x)=-7.17606e-06 (stopping criteria: iters=5000 f=1.63042e-322 Δf=0 ‖∇f‖=0.01 ‖Δx‖=0 Δx⋅∇f(x)=-0)

[2026-09-23 10:32:53.950] [polyfem] [debug] Line search finished (nan_free_step_size=1 collision_free_step_size=1 descent_step_size=1 final_step_size=1)

[2026-09-23 10:06:33.405] [polyfem] [debug] Min distance: 0.0019174517642162998

[2026-09-25 01:01:26.649] [polyfem] [debug] [SparseProjectedNewton][Backtracking] iters=106 f=0.0112158 Δf=2.92939e-06 ‖∇f‖=0.0439823 ‖Δx‖=0.0201453 Δx⋅∇f(x)=-6.86246e-06 (stopping criteria: iters=5000 f=1.63042e-322 Δf=0 ‖∇f‖=0.01 ‖Δx‖=0 Δx⋅∇f(x)=-0)

[2026-09-25 01:01:29.629] [polyfem] [debug] Line search finished (nan_free_step_size=1 collision_free_step_size=0.5 descent_step_size=0.015625 final_step_size=0.015625)

[2026-09-25 01:01:29.630] [polyfem] [debug] [SparseProjectedNewton][Backtracking] SparseProjectedNewton was successful for 5 iterations; resetting to SparseNewton

[2026-09-23 10:06:36.390] [polyfem] [debug] Min distance: 0.0019174517744297538

[2026-09-25 01:01:29.634] [polyfem] [debug] [SparseNewton][Backtracking] iters=107 f=0.0112109 Δf=4.98027e-06 ‖∇f‖=0.0172145 ‖Δx‖=0.0236377 Δx⋅∇f(x)=-2.62853e-05 (stopping criteria: iters=5000 f=1.63042e-322 Δf=0 ‖∇f‖=0.01 ‖Δx‖=0 Δx⋅∇f(x)=-0)

[2026-09-25 01:01:30.463] [polyfem] [debug] [SparseNewton][Backtracking] Search direction not a descent direction (‖Δx‖=0.430843; ‖g‖=0.0162128; Δx⋅g=4.39384e-05≥0); reverting to SparseProjectedNewton

[2026-09-23 10:32:59.834] [polyfem] [debug] Line search finished (nan_free_step_size=1 collision_free_step_size=1 descent_step_size=1 final_step_size=1)

[2026-09-23 10:06:39.290] [polyfem] [debug] Min distance: 0.0019174601538664317

[2026-09-25 01:01:32.534] [polyfem] [debug] [SparseProjectedNewton][Backtracking] iters=108 f=0.0112106 Δf=2.27917e-07 ‖∇f‖=0.0162128 ‖Δx‖=0.0204822 Δx⋅∇f(x)=-3.87894e-06 (stopping criteria: iters=5000 f=1.63042e-322 Δf=0 ‖∇f‖=0.01 ‖Δx‖=0 Δx⋅∇f(x)=-0)

[2026-09-25 01:01:32.560] [polyfem] [info] [SparseProjectedNewton][Backtracking] Finished: Gradient vector norm too small took 733.909s (iters=109 f=0.0112073 Δf=3.35276e-06 ‖∇f‖=0.00696386 ‖Δx‖=nan Δx⋅∇f(x)=nan) (stopping criteria: iters=5000 f=1.63042e-322 Δf=0 ‖∇f‖=0.01 ‖Δx‖=0 Δx⋅∇f(x)=-0)

[2026-09-25 01:01:32.561] [polyfem] [debug] [[35mtiming[0m] f: -4.90e+04s, grad_f: -9.79e+04s, update_direction: -4.85e+04s, line_search: -4.38e+04s, constraint_set_update: -5.67e+02s

[2026-09-25 01:01:32.562] [polyfem] [debug] [[35mtiming[0m][Backtracking] constraint_set_update -1.07e+05s, checking_for_nan_inf -4.42e+04s, broad_phase_ccd -4.40e+04s, narrow_phase_ccd -4.40e+04s, classical_line_search -4.39e+04s

      fit_step: host_ms=378601 OK phase 1 (substep 0, reduced): newton 109 minimize 1 post_steps 110 energy 0.011207282055103298 |grad| 0.00696386 status 4 io_attempts 0 instructions 407281553789 heap_used 51.6 MiB heap_free 1586.8 MiB chunks 60784
STATE FIT_RUN        1366573 ms  vm 1366569.7 ms  heap 51.6 MiB  frames 1319099  2 phases | phase 2/2 done newton 253 energy 0.011207282055103298 |grad| 0.00696386 status 4 io_attempts 0 io_total 0 last_instructions 407281553789 heap_used 51.6 MiB heap_free 1586.8 MiB chunks 60784
STATE FIT_READ             3 ms  vm       0.1 ms  heap 51.6 MiB  frames 1  932 v
STATE CHECK              822 ms  vm     821.0 ms  heap 51.6 MiB  frames 1  FAILED INTERSECTS OK INTERSECTS edge (5357,5936) face (3074,3548,2588)
=> FAILED CHECK: INTERSECTS OK INTERSECTS edge (5357,5936) face (3074,3548,2588)
FIXTURE: infer,rig
PASS pen_sync: PASS 32 files identical to vendor/xr-grid
PASS control push-vertex: FAILED(CHECK: INTERSECTS OK INTERSECTS edge (5357,5936) face (3074,3548,2588)), want FAILED(CHECK: INTERSECTS ...)
wall 1374.0 s, frames 1324927
RESULT: PASS (control push-vertex) FIXTURE:infer,rig
drape rd_close: CLOSED device=none permanent_slots=0
WARNING: 1 ObjectDB instance was leaked at exit (run with `--verbose` for details).
   at: cleanup (core/object/object.cpp:2536)
