Godot Engine v4.7.2.stable.official.ed1daf0bf - https://godotengine.org
Vulkan 1.4.351 - Forward+ - Using Device #0: NVIDIA - NVIDIA GeForce RTX 4090

# Gate 3 G3.ops, 2026-09-23T07:54:30, Godot 4.7.2-stable (official), AMD Ryzen 7 3800X 8-Core Processor, NVIDIA GeForce RTX 4090
attach: attached device=NVIDIA GeForce RTX 4090 total_mb=24576
ERROR: [godot_mcp] runtime HTTP listen failed on :8789 — something else holds it (the editor plugin uses 8788). Set --mcp-port= or GODOT_MCP_PORT.
   at: push_error (core/variant/variant_utility.cpp:1023)
   GDScript backtrace (most recent call first):
       [0] _ready (res://addons/vsekai_godot_mcp/mcp_runtime.gd:40)
PROBE chain n=256 status=0 nodes=256 dispatches=256 barriers=255 exact=256/256 x[0]=256 x[255]=256 barrier_all=0

RESULT: PASS (chain)

ggml_test: rd stats graphs=1 nodes=256 dispatches=256 skipped=0 barriers=255 failed_graphs=0 last{nodes=256 dispatches=256 barriers=255 skipped=0} pipelines=1 set0_created=1 slots_created=256 coop_yields=1 waits=1 faults=0 params_bytes=65536 set_bytes=2048 get_bytes=1024 copies=0 clears=0 buffers_live=0 bytes_live=0

== probe_chain: done in 0.1 s, frames=3 pumps=3 vm_ms=47.0 waits=1 coops=1 reads=0 read_bytes=0 uploads=0 upload_bytes=0
   PROBE chain n=256 status=0 nodes=256 dispatches=256 barriers=255 exact=256/256 x[0]=256 x[255]=256 barrier_all=0
   RESULT: PASS (chain)
   rd: graphs=1 nodes=256 dispatches=256 skipped=0 barriers=255 failed_graphs=0 last{nodes=256 dispatches=256 barriers=255 skipped=0} pipelines=1 set0_created=1 slots_created=256 coop_yields=1 waits=1 faults=0 params_bytes=65536 set_bytes=2048 get_bytes=1024 copies=0 clears=0 buffers_live=0 bytes_live=0 rule4_same_frame_syncs=0 syncs=1 submits=1 recoveries=0 permanent_slots=0 | 29 of 29 RenderingDevice method names in slots of their own (host name cache: 32 slots)
PROBE chain n=256 status=0 nodes=256 dispatches=256 barriers=255 exact=256/256 x[0]=256 x[255]=256 barrier_all=1

RESULT: PASS (chain)

ggml_test: rd stats graphs=2 nodes=512 dispatches=512 skipped=0 barriers=510 failed_graphs=0 last{nodes=256 dispatches=256 barriers=255 skipped=0} pipelines=1 set0_created=2 slots_created=256 coop_yields=1 waits=2 faults=0 params_bytes=131072 set_bytes=4096 get_bytes=2048 copies=0 clears=0 buffers_live=0 bytes_live=0

== probe_chain_barrier_all: done in 0.0 s, frames=2 pumps=2 vm_ms=8.3 waits=1 coops=0 reads=0 read_bytes=0 uploads=0 upload_bytes=0
   PROBE chain n=256 status=0 nodes=256 dispatches=256 barriers=255 exact=256/256 x[0]=256 x[255]=256 barrier_all=1
   RESULT: PASS (chain)
   rd: graphs=2 nodes=512 dispatches=512 skipped=0 barriers=510 failed_graphs=0 last{nodes=256 dispatches=256 barriers=255 skipped=0} pipelines=1 set0_created=2 slots_created=256 coop_yields=1 waits=2 faults=0 params_bytes=131072 set_bytes=4096 get_bytes=2048 copies=0 clears=0 buffers_live=0 bytes_live=0 rule4_same_frame_syncs=0 syncs=2 submits=2 recoveries=0 permanent_slots=0 | 29 of 29 RenderingDevice method names in slots of their own (host name cache: 32 slots)
PROBE independent n=64 status=0 dispatches=64 barriers=0 (want 0) exact=64000/64000 barrier_all=0

RESULT: PASS (independent)

ggml_test: rd stats graphs=3 nodes=576 dispatches=576 skipped=0 barriers=510 failed_graphs=0 last{nodes=64 dispatches=64 barriers=0 skipped=0} pipelines=2 set0_created=3 slots_created=256 coop_yields=1 waits=3 faults=0 params_bytes=147456 set_bytes=12096 get_bytes=258048 copies=0 clears=0 buffers_live=0 bytes_live=0

== probe_independent: done in 0.0 s, frames=2 pumps=2 vm_ms=12.6 waits=1 coops=0 reads=0 read_bytes=0 uploads=0 upload_bytes=0
   PROBE independent n=64 status=0 dispatches=64 barriers=0 (want 0) exact=64000/64000 barrier_all=0
   RESULT: PASS (independent)
   rd: graphs=3 nodes=576 dispatches=576 skipped=0 barriers=510 failed_graphs=0 last{nodes=64 dispatches=64 barriers=0 skipped=0} pipelines=2 set0_created=3 slots_created=256 coop_yields=1 waits=3 faults=0 params_bytes=147456 set_bytes=12096 get_bytes=258048 copies=0 clears=0 buffers_live=0 bytes_live=0 rule4_same_frame_syncs=0 syncs=3 submits=3 recoveries=0 permanent_slots=0 | 29 of 29 RenderingDevice method names in slots of their own (host name cache: 32 slots)
PROBE independent n=64 status=0 dispatches=64 barriers=63 (want 63) exact=64000/64000 barrier_all=1

RESULT: PASS (independent)

ggml_test: rd stats graphs=4 nodes=640 dispatches=640 skipped=0 barriers=573 failed_graphs=0 last{nodes=64 dispatches=64 barriers=63 skipped=0} pipelines=2 set0_created=4 slots_created=256 coop_yields=1 waits=4 faults=0 params_bytes=163840 set_bytes=20096 get_bytes=514048 copies=0 clears=0 buffers_live=0 bytes_live=0

== probe_independent_barrier_all: done in 0.0 s, frames=2 pumps=2 vm_ms=12.6 waits=1 coops=0 reads=0 read_bytes=0 uploads=0 upload_bytes=0
   PROBE independent n=64 status=0 dispatches=64 barriers=63 (want 63) exact=64000/64000 barrier_all=1
   RESULT: PASS (independent)
   rd: graphs=4 nodes=640 dispatches=640 skipped=0 barriers=573 failed_graphs=0 last{nodes=64 dispatches=64 barriers=63 skipped=0} pipelines=2 set0_created=4 slots_created=256 coop_yields=1 waits=4 faults=0 params_bytes=163840 set_bytes=20096 get_bytes=514048 copies=0 clears=0 buffers_live=0 bytes_live=0 rule4_same_frame_syncs=0 syncs=4 submits=4 recoveries=0 permanent_slots=0 | 29 of 29 RenderingDevice method names in slots of their own (host name cache: 32 slots)
PROBE files path=<checkout>/project/../gates/3-ggml-rd/ops-k7/upload_probe.f32 read_bytes=16384 upload_offset=512 upload_exact=4096/4096 x+x_exact=4096/4096 status=0

RESULT: PASS (files)

ggml_test: rd stats graphs=5 nodes=641 dispatches=641 skipped=0 barriers=573 failed_graphs=0 last{nodes=1 dispatches=1 barriers=0 skipped=0} pipelines=2 set0_created=5 slots_created=256 coop_yields=1 waits=5 faults=0 params_bytes=164096 set_bytes=36480 get_bytes=546816 copies=0 clears=0 buffers_live=0 bytes_live=0

== probe_files: done in 0.0 s, frames=2 pumps=4 vm_ms=3.6 waits=1 coops=0 reads=1 read_bytes=16384 uploads=1 upload_bytes=16384
   PROBE files path=<checkout>/project/../gates/3-ggml-rd/ops-k7/upload_probe.f32 read_bytes=16384 upload_offset=512 upload_exact=4096/4096 x+x_exact=4096/4096 status=0
   RESULT: PASS (files)
   rd: graphs=5 nodes=641 dispatches=641 skipped=0 barriers=573 failed_graphs=0 last{nodes=1 dispatches=1 barriers=0 skipped=0} pipelines=2 set0_created=5 slots_created=256 coop_yields=1 waits=5 faults=0 params_bytes=164096 set_bytes=36480 get_bytes=546816 copies=0 clears=0 buffers_live=0 bytes_live=0 rule4_same_frame_syncs=0 syncs=5 submits=5 recoveries=0 permanent_slots=0 | 29 of 29 RenderingDevice method names in slots of their own (host name cache: 32 slots)
PROBE alias rw kernel=add_f32 rounds=1000 barriers=999 elements=4096 exact=4096/4096 min=1000 max=1000 mean=1000.0 (want 1000)

RESULT: PASS (alias rw)

ggml_test: rd stats graphs=5 nodes=641 dispatches=641 skipped=0 barriers=573 failed_graphs=0 last{nodes=1 dispatches=1 barriers=0 skipped=0} pipelines=2 set0_created=5 slots_created=256 coop_yields=1 waits=5 faults=0 params_bytes=164096 set_bytes=69248 get_bytes=563200 copies=0 clears=0 buffers_live=0 bytes_live=0

== probe_alias_rw: done in 0.0 s, frames=2 pumps=2 vm_ms=8.9 waits=1 coops=0 reads=0 read_bytes=0 uploads=0 upload_bytes=0
   PROBE alias rw kernel=add_f32 rounds=1000 barriers=999 elements=4096 exact=4096/4096 min=1000 max=1000 mean=1000.0 (want 1000)
   RESULT: PASS (alias rw)
   rd: graphs=5 nodes=641 dispatches=641 skipped=0 barriers=573 failed_graphs=0 last{nodes=1 dispatches=1 barriers=0 skipped=0} pipelines=2 set0_created=5 slots_created=256 coop_yields=1 waits=5 faults=0 params_bytes=164096 set_bytes=69248 get_bytes=563200 copies=0 clears=0 buffers_live=0 bytes_live=0 rule4_same_frame_syncs=0 syncs=6 submits=6 recoveries=0 permanent_slots=0 | 29 of 29 RenderingDevice method names in slots of their own (host name cache: 32 slots)
PROBE alias ro kernel=ctl_add_f32_rosrc rounds=1000 barriers=999 elements=4096 exact=0/4096 min=32 max=56 mean=39.5 (want 1000)

RESULT: PASS (alias ro (control))

ggml_test: rd stats graphs=5 nodes=641 dispatches=641 skipped=0 barriers=573 failed_graphs=0 last{nodes=1 dispatches=1 barriers=0 skipped=0} pipelines=2 set0_created=5 slots_created=256 coop_yields=1 waits=5 faults=0 params_bytes=164096 set_bytes=102016 get_bytes=579584 copies=0 clears=0 buffers_live=0 bytes_live=0

== probe_alias_ro_control: done in 0.0 s, frames=2 pumps=2 vm_ms=6.4 waits=1 coops=0 reads=0 read_bytes=0 uploads=0 upload_bytes=0
   PROBE alias ro kernel=ctl_add_f32_rosrc rounds=1000 barriers=999 elements=4096 exact=0/4096 min=32 max=56 mean=39.5 (want 1000)
   RESULT: PASS (alias ro (control))
   rd: graphs=5 nodes=641 dispatches=641 skipped=0 barriers=573 failed_graphs=0 last{nodes=1 dispatches=1 barriers=0 skipped=0} pipelines=2 set0_created=5 slots_created=256 coop_yields=1 waits=5 faults=0 params_bytes=164096 set_bytes=102016 get_bytes=579584 copies=0 clears=0 buffers_live=0 bytes_live=0 rule4_same_frame_syncs=0 syncs=7 submits=7 recoveries=0 permanent_slots=0 | 29 of 29 RenderingDevice method names in slots of their own (host name cache: 32 slots)
Testing 2 devices


Backend 1/2: CPU

  Skipping

Backend 2/2: RD0

  Device description: Godot RenderingDevice (NVIDIA GeForce RTX 4090)

  Device memory: 24576 MB (24576 MB free)



  IM2COL(type_input=f32,type_kernel=f32,dst_type=f32,ne_input=[3000,128,1,1],ne_kernel=[3,128,1280,1],s0=1,s1=0,p0=1,p1=0,d0=1,d1=0,is_2D=0): 
[1;32mOK[0m

  IM2COL(type_input=f32,type_kernel=f16,dst_type=f32,ne_input=[3000,128,1,1],ne_kernel=[3,128,1280,1],s0=1,s1=0,p0=1,p1=0,d0=1,d1=0,is_2D=0): 
[1;32mOK[0m

  IM2COL(type_input=f32,type_kernel=f16,dst_type=f16,ne_input=[3000,128,1,1],ne_kernel=[3,128,1280,1],s0=1,s1=0,p0=1,p1=0,d0=1,d1=0,is_2D=0): 
[1;32mOK[0m

  IM2COL(type_input=f32,type_kernel=f16,dst_type=f16,ne_input=[3000,384,1,1],ne_kernel=[3,384,384,1],s0=1,s1=0,p0=1,p1=0,d0=1,d1=0,is_2D=0): 
[1;32mOK[0m

  IM2COL(type_input=f32,type_kernel=f32,dst_type=f32,ne_input=[20,2,2,1],ne_kernel=[3,2,2,1],s0=1,s1=0,p0=0,p1=0,d0=1,d1=0,is_2D=0): 
[1;32mOK[0m

  IM2COL(type_input=f32,type_kernel=f32,dst_type=f32,ne_input=[20,2,2,1],ne_kernel=[3,2,2,1],s0=1,s1=0,p0=0,p1=0,d0=3,d1=0,is_2D=0): 
[1;32mOK[0m

  IM2COL(type_input=f32,type_kernel=f32,dst_type=f32,ne_input=[20,2,2,1],ne_kernel=[3,2,2,1],s0=1,s1=0,p0=3,p1=0,d0=1,d1=0,is_2D=0): 
[1;32mOK[0m

  IM2COL(type_input=f32,type_kernel=f32,dst_type=f32,ne_input=[20,2,2,1],ne_kernel=[3,2,2,1],s0=1,s1=0,p0=3,p1=0,d0=3,d1=0,is_2D=0): 
[1;32mOK[0m

  IM2COL(type_input=f32,type_kernel=f32,dst_type=f32,ne_input=[20,2,2,1],ne_kernel=[3,2,2,1],s0=3,s1=0,p0=0,p1=0,d0=1,d1=0,is_2D=0): 
[1;32mOK[0m

  IM2COL(type_input=f32,type_kernel=f32,dst_type=f32,ne_input=[20,2,2,1],ne_kernel=[3,2,2,1],s0=3,s1=0,p0=0,p1=0,d0=3,d1=0,is_2D=0): 
[1;32mOK[0m

  IM2COL(type_input=f32,type_kernel=f32,dst_type=f32,ne_input=[20,2,2,1],ne_kernel=[3,2,2,1],s0=3,s1=0,p0=3,p1=0,d0=1,d1=0,is_2D=0): 
[1;32mOK[0m

  IM2COL(type_input=f32,type_kernel=f32,dst_type=f32,ne_input=[20,2,2,1],ne_kernel=[3,2,2,1],s0=3,s1=0,p0=3,p1=0,d0=3,d1=0,is_2D=0): 
[1;32mOK[0m

  IM2COL(type_input=f32,type_kernel=f32,dst_type=f32,ne_input=[10,10,3,1],ne_kernel=[3,3,3,1],s0=1,s1=1,p0=1,p1=1,d0=1,d1=1,is_2D=1): 
[1;32mOK[0m

  IM2COL(type_input=f32,type_kernel=f32,dst_type=f16,ne_input=[10,10,3,1],ne_kernel=[3,3,3,1],s0=1,s1=1,p0=1,p1=1,d0=1,d1=1,is_2D=1): 
[1;32mOK[0m

  IM2COL(type_input=f32,type_kernel=f16,dst_type=f32,ne_input=[10,10,3,1],ne_kernel=[3,3,3,1],s0=1,s1=1,p0=1,p1=1,d0=1,d1=1,is_2D=1): 
[1;32mOK[0m

  IM2COL(type_input=f32,type_kernel=f16,dst_type=f16,ne_input=[10,10,3,1],ne_kernel=[3,3,3,1],s0=1,s1=1,p0=1,p1=1,d0=1,d1=1,is_2D=1): 
[1;32mOK[0m

  IM2COL(type_input=f32,type_kernel=f32,dst_type=f32,ne_input=[20,20,2,2],ne_kernel=[3,3,2,2],s0=1,s1=1,p0=0,p1=0,d0=1,d1=1,is_2D=1): 
[1;32mOK[0m

  IM2COL(type_input=f32,type_kernel=f32,dst_type=f32,ne_input=[20,20,2,2],ne_kernel=[3,3,2,2],s0=1,s1=1,p0=0,p1=0,d0=1,d1=3,is_2D=1): 
[1;32mOK[0m

  IM2COL(type_input=f32,type_kernel=f32,dst_type=f32,ne_input=[20,20,2,2],ne_kernel=[3,3,2,2],s0=1,s1=1,p0=0,p1=0,d0=3,d1=1,is_2D=1): 
[1;32mOK[0m

  IM2COL(type_input=f32,type_kernel=f32,dst_type=f32,ne_input=[20,20,2,2],ne_kernel=[3,3,2,2],s0=1,s1=1,p0=0,p1=0,d0=3,d1=3,is_2D=1): 
[1;32mOK[0m

  IM2COL(type_input=f32,type_kernel=f32,dst_type=f32,ne_input=[20,20,2,2],ne_kernel=[3,3,2,2],s0=1,s1=1,p0=0,p1=3,d0=1,d1=1,is_2D=1): 
[1;32mOK[0m

  IM2COL(type_input=f32,type_kernel=f32,dst_type=f32,ne_input=[20,20,2,2],ne_kernel=[3,3,2,2],s0=1,s1=1,p0=0,p1=3,d0=1,d1=3,is_2D=1): 
[1;32mOK[0m

  IM2COL(type_input=f32,type_kernel=f32,dst_type=f32,ne_input=[20,20,2,2],ne_kernel=[3,3,2,2],s0=1,s1=1,p0=0,p1=3,d0=3,d1=1,is_2D=1): 
[1;32mOK[0m

  IM2COL(type_input=f32,type_kernel=f32,dst_type=f32,ne_input=[20,20,2,2],ne_kernel=[3,3,2,2],s0=1,s1=1,p0=0,p1=3,d0=3,d1=3,is_2D=1): 
[1;32mOK[0m

  IM2COL(type_input=f32,type_kernel=f32,dst_type=f32,ne_input=[20,20,2,2],ne_kernel=[3,3,2,2],s0=1,s1=1,p0=3,p1=0,d0=1,d1=1,is_2D=1): 
[1;32mOK[0m

  IM2COL(type_input=f32,type_kernel=f32,dst_type=f32,ne_input=[20,20,2,2],ne_kernel=[3,3,2,2],s0=1,s1=1,p0=3,p1=0,d0=1,d1=3,is_2D=1): 
[1;32mOK[0m

  IM2COL(type_input=f32,type_kernel=f32,dst_type=f32,ne_input=[20,20,2,2],ne_kernel=[3,3,2,2],s0=1,s1=1,p0=3,p1=0,d0=3,d1=1,is_2D=1): 
[1;32mOK[0m

  IM2COL(type_input=f32,type_kernel=f32,dst_type=f32,ne_input=[20,20,2,2],ne_kernel=[3,3,2,2],s0=1,s1=1,p0=3,p1=0,d0=3,d1=3,is_2D=1): 
[1;32mOK[0m

  IM2COL(type_input=f32,type_kernel=f32,dst_type=f32,ne_input=[20,20,2,2],ne_kernel=[3,3,2,2],s0=1,s1=1,p0=3,p1=3,d0=1,d1=1,is_2D=1): 
[1;32mOK[0m

  IM2COL(type_input=f32,type_kernel=f32,dst_type=f32,ne_input=[20,20,2,2],ne_kernel=[3,3,2,2],s0=1,s1=1,p0=3,p1=3,d0=1,d1=3,is_2D=1): 
[1;32mOK[0m

  IM2COL(type_input=f32,type_kernel=f32,dst_type=f32,ne_input=[20,20,2,2],ne_kernel=[3,3,2,2],s0=1,s1=1,p0=3,p1=3,d0=3,d1=1,is_2D=1): 
[1;32mOK[0m

  IM2COL(type_input=f32,type_kernel=f32,dst_type=f32,ne_input=[20,20,2,2],ne_kernel=[3,3,2,2],s0=1,s1=1,p0=3,p1=3,d0=3,d1=3,is_2D=1): 
[1;32mOK[0m

  IM2COL(type_input=f32,type_kernel=f32,dst_type=f32,ne_input=[20,20,2,2],ne_kernel=[3,3,2,2],s0=1,s1=3,p0=0,p1=0,d0=1,d1=1,is_2D=1): 
[1;32mOK[0m

  IM2COL(type_input=f32,type_kernel=f32,dst_type=f32,ne_input=[20,20,2,2],ne_kernel=[3,3,2,2],s0=1,s1=3,p0=0,p1=0,d0=1,d1=3,is_2D=1): 
[1;32mOK[0m

  IM2COL(type_input=f32,type_kernel=f32,dst_type=f32,ne_input=[20,20,2,2],ne_kernel=[3,3,2,2],s0=1,s1=3,p0=0,p1=0,d0=3,d1=1,is_2D=1): 
[1;32mOK[0m

  IM2COL(type_input=f32,type_kernel=f32,dst_type=f32,ne_input=[20,20,2,2],ne_kernel=[3,3,2,2],s0=1,s1=3,p0=0,p1=0,d0=3,d1=3,is_2D=1): 
[1;32mOK[0m

  IM2COL(type_input=f32,type_kernel=f32,dst_type=f32,ne_input=[20,20,2,2],ne_kernel=[3,3,2,2],s0=1,s1=3,p0=0,p1=3,d0=1,d1=1,is_2D=1): 
[1;32mOK[0m

  IM2COL(type_input=f32,type_kernel=f32,dst_type=f32,ne_input=[20,20,2,2],ne_kernel=[3,3,2,2],s0=1,s1=3,p0=0,p1=3,d0=1,d1=3,is_2D=1): 
[1;32mOK[0m

  IM2COL(type_input=f32,type_kernel=f32,dst_type=f32,ne_input=[20,20,2,2],ne_kernel=[3,3,2,2],s0=1,s1=3,p0=0,p1=3,d0=3,d1=1,is_2D=1): 
[1;32mOK[0m

  IM2COL(type_input=f32,type_kernel=f32,dst_type=f32,ne_input=[20,20,2,2],ne_kernel=[3,3,2,2],s0=1,s1=3,p0=0,p1=3,d0=3,d1=3,is_2D=1): 
[1;32mOK[0m

  IM2COL(type_input=f32,type_kernel=f32,dst_type=f32,ne_input=[20,20,2,2],ne_kernel=[3,3,2,2],s0=1,s1=3,p0=3,p1=0,d0=1,d1=1,is_2D=1): 
[1;32mOK[0m

  IM2COL(type_input=f32,type_kernel=f32,dst_type=f32,ne_input=[20,20,2,2],ne_kernel=[3,3,2,2],s0=1,s1=3,p0=3,p1=0,d0=1,d1=3,is_2D=1): 
[1;32mOK[0m

  IM2COL(type_input=f32,type_kernel=f32,dst_type=f32,ne_input=[20,20,2,2],ne_kernel=[3,3,2,2],s0=1,s1=3,p0=3,p1=0,d0=3,d1=1,is_2D=1): 
[1;32mOK[0m

  IM2COL(type_input=f32,type_kernel=f32,dst_type=f32,ne_input=[20,20,2,2],ne_kernel=[3,3,2,2],s0=1,s1=3,p0=3,p1=0,d0=3,d1=3,is_2D=1): 
[1;32mOK[0m

  IM2COL(type_input=f32,type_kernel=f32,dst_type=f32,ne_input=[20,20,2,2],ne_kernel=[3,3,2,2],s0=1,s1=3,p0=3,p1=3,d0=1,d1=1,is_2D=1): 
[1;32mOK[0m

  IM2COL(type_input=f32,type_kernel=f32,dst_type=f32,ne_input=[20,20,2,2],ne_kernel=[3,3,2,2],s0=1,s1=3,p0=3,p1=3,d0=1,d1=3,is_2D=1): 
[1;32mOK[0m

  IM2COL(type_input=f32,type_kernel=f32,dst_type=f32,ne_input=[20,20,2,2],ne_kernel=[3,3,2,2],s0=1,s1=3,p0=3,p1=3,d0=3,d1=1,is_2D=1): 
[1;32mOK[0m

  IM2COL(type_input=f32,type_kernel=f32,dst_type=f32,ne_input=[20,20,2,2],ne_kernel=[3,3,2,2],s0=1,s1=3,p0=3,p1=3,d0=3,d1=3,is_2D=1): 
[1;32mOK[0m

  IM2COL(type_input=f32,type_kernel=f32,dst_type=f32,ne_input=[20,20,2,2],ne_kernel=[3,3,2,2],s0=3,s1=1,p0=0,p1=0,d0=1,d1=1,is_2D=1): 
[1;32mOK[0m

  IM2COL(type_input=f32,type_kernel=f32,dst_type=f32,ne_input=[20,20,2,2],ne_kernel=[3,3,2,2],s0=3,s1=1,p0=0,p1=0,d0=1,d1=3,is_2D=1): 
[1;32mOK[0m

  IM2COL(type_input=f32,type_kernel=f32,dst_type=f32,ne_input=[20,20,2,2],ne_kernel=[3,3,2,2],s0=3,s1=1,p0=0,p1=0,d0=3,d1=1,is_2D=1): 
[1;32mOK[0m

  IM2COL(type_input=f32,type_kernel=f32,dst_type=f32,ne_input=[20,20,2,2],ne_kernel=[3,3,2,2],s0=3,s1=1,p0=0,p1=0,d0=3,d1=3,is_2D=1): 
[1;32mOK[0m

  IM2COL(type_input=f32,type_kernel=f32,dst_type=f32,ne_input=[20,20,2,2],ne_kernel=[3,3,2,2],s0=3,s1=1,p0=0,p1=3,d0=1,d1=1,is_2D=1): 
[1;32mOK[0m

  IM2COL(type_input=f32,type_kernel=f32,dst_type=f32,ne_input=[20,20,2,2],ne_kernel=[3,3,2,2],s0=3,s1=1,p0=0,p1=3,d0=1,d1=3,is_2D=1): 
[1;32mOK[0m

  IM2COL(type_input=f32,type_kernel=f32,dst_type=f32,ne_input=[20,20,2,2],ne_kernel=[3,3,2,2],s0=3,s1=1,p0=0,p1=3,d0=3,d1=1,is_2D=1): 
[1;32mOK[0m

  IM2COL(type_input=f32,type_kernel=f32,dst_type=f32,ne_input=[20,20,2,2],ne_kernel=[3,3,2,2],s0=3,s1=1,p0=0,p1=3,d0=3,d1=3,is_2D=1): 
[1;32mOK[0m

  IM2COL(type_input=f32,type_kernel=f32,dst_type=f32,ne_input=[20,20,2,2],ne_kernel=[3,3,2,2],s0=3,s1=1,p0=3,p1=0,d0=1,d1=1,is_2D=1): 
[1;32mOK[0m

  IM2COL(type_input=f32,type_kernel=f32,dst_type=f32,ne_input=[20,20,2,2],ne_kernel=[3,3,2,2],s0=3,s1=1,p0=3,p1=0,d0=1,d1=3,is_2D=1): 
[1;32mOK[0m

  IM2COL(type_input=f32,type_kernel=f32,dst_type=f32,ne_input=[20,20,2,2],ne_kernel=[3,3,2,2],s0=3,s1=1,p0=3,p1=0,d0=3,d1=1,is_2D=1): 
[1;32mOK[0m

  IM2COL(type_input=f32,type_kernel=f32,dst_type=f32,ne_input=[20,20,2,2],ne_kernel=[3,3,2,2],s0=3,s1=1,p0=3,p1=0,d0=3,d1=3,is_2D=1): 
[1;32mOK[0m

  IM2COL(type_input=f32,type_kernel=f32,dst_type=f32,ne_input=[20,20,2,2],ne_kernel=[3,3,2,2],s0=3,s1=1,p0=3,p1=3,d0=1,d1=1,is_2D=1): 
[1;32mOK[0m

  IM2COL(type_input=f32,type_kernel=f32,dst_type=f32,ne_input=[20,20,2,2],ne_kernel=[3,3,2,2],s0=3,s1=1,p0=3,p1=3,d0=1,d1=3,is_2D=1): 
[1;32mOK[0m

  IM2COL(type_input=f32,type_kernel=f32,dst_type=f32,ne_input=[20,20,2,2],ne_kernel=[3,3,2,2],s0=3,s1=1,p0=3,p1=3,d0=3,d1=1,is_2D=1): 
[1;32mOK[0m

  IM2COL(type_input=f32,type_kernel=f32,dst_type=f32,ne_input=[20,20,2,2],ne_kernel=[3,3,2,2],s0=3,s1=1,p0=3,p1=3,d0=3,d1=3,is_2D=1): 
[1;32mOK[0m

  IM2COL(type_input=f32,type_kernel=f32,dst_type=f32,ne_input=[20,20,2,2],ne_kernel=[3,3,2,2],s0=3,s1=3,p0=0,p1=0,d0=1,d1=1,is_2D=1): 
[1;32mOK[0m

  IM2COL(type_input=f32,type_kernel=f32,dst_type=f32,ne_input=[20,20,2,2],ne_kernel=[3,3,2,2],s0=3,s1=3,p0=0,p1=0,d0=1,d1=3,is_2D=1): 
[1;32mOK[0m

  IM2COL(type_input=f32,type_kernel=f32,dst_type=f32,ne_input=[20,20,2,2],ne_kernel=[3,3,2,2],s0=3,s1=3,p0=0,p1=0,d0=3,d1=1,is_2D=1): 
[1;32mOK[0m

  IM2COL(type_input=f32,type_kernel=f32,dst_type=f32,ne_input=[20,20,2,2],ne_kernel=[3,3,2,2],s0=3,s1=3,p0=0,p1=0,d0=3,d1=3,is_2D=1): 
[1;32mOK[0m

  IM2COL(type_input=f32,type_kernel=f32,dst_type=f32,ne_input=[20,20,2,2],ne_kernel=[3,3,2,2],s0=3,s1=3,p0=0,p1=3,d0=1,d1=1,is_2D=1): 
[1;32mOK[0m

  IM2COL(type_input=f32,type_kernel=f32,dst_type=f32,ne_input=[20,20,2,2],ne_kernel=[3,3,2,2],s0=3,s1=3,p0=0,p1=3,d0=1,d1=3,is_2D=1): 
[1;32mOK[0m

  IM2COL(type_input=f32,type_kernel=f32,dst_type=f32,ne_input=[20,20,2,2],ne_kernel=[3,3,2,2],s0=3,s1=3,p0=0,p1=3,d0=3,d1=1,is_2D=1): 
[1;32mOK[0m

  IM2COL(type_input=f32,type_kernel=f32,dst_type=f32,ne_input=[20,20,2,2],ne_kernel=[3,3,2,2],s0=3,s1=3,p0=0,p1=3,d0=3,d1=3,is_2D=1): 
[1;32mOK[0m

  IM2COL(type_input=f32,type_kernel=f32,dst_type=f32,ne_input=[20,20,2,2],ne_kernel=[3,3,2,2],s0=3,s1=3,p0=3,p1=0,d0=1,d1=1,is_2D=1): 
[1;32mOK[0m

  IM2COL(type_input=f32,type_kernel=f32,dst_type=f32,ne_input=[20,20,2,2],ne_kernel=[3,3,2,2],s0=3,s1=3,p0=3,p1=0,d0=1,d1=3,is_2D=1): 
[1;32mOK[0m

  IM2COL(type_input=f32,type_kernel=f32,dst_type=f32,ne_input=[20,20,2,2],ne_kernel=[3,3,2,2],s0=3,s1=3,p0=3,p1=0,d0=3,d1=1,is_2D=1): 
[1;32mOK[0m

  IM2COL(type_input=f32,type_kernel=f32,dst_type=f32,ne_input=[20,20,2,2],ne_kernel=[3,3,2,2],s0=3,s1=3,p0=3,p1=0,d0=3,d1=3,is_2D=1): 
[1;32mOK[0m

  IM2COL(type_input=f32,type_kernel=f32,dst_type=f32,ne_input=[20,20,2,2],ne_kernel=[3,3,2,2],s0=3,s1=3,p0=3,p1=3,d0=1,d1=1,is_2D=1): 
[1;32mOK[0m

  IM2COL(type_input=f32,type_kernel=f32,dst_type=f32,ne_input=[20,20,2,2],ne_kernel=[3,3,2,2],s0=3,s1=3,p0=3,p1=3,d0=1,d1=3,is_2D=1): 
[1;32mOK[0m

  IM2COL(type_input=f32,type_kernel=f32,dst_type=f32,ne_input=[20,20,2,2],ne_kernel=[3,3,2,2],s0=3,s1=3,p0=3,p1=3,d0=3,d1=1,is_2D=1): 
[1;32mOK[0m

  IM2COL(type_input=f32,type_kernel=f32,dst_type=f32,ne_input=[20,20,2,2],ne_kernel=[3,3,2,2],s0=3,s1=3,p0=3,p1=3,d0=3,d1=3,is_2D=1): 
[1;32mOK[0m

  IM2COL(type_input=f32,type_kernel=f16,dst_type=f16,ne_input=[12,12,1,32],ne_kernel=[3,3,1,32],s0=1,s1=1,p0=1,p1=1,d0=1,d1=1,is_2D=1): 
[1;32mOK[0m

  IM2COL(type_input=f32,type_kernel=f16,dst_type=f16,ne_input=[12,12,2,32],ne_kernel=[3,3,2,32],s0=1,s1=1,p0=1,p1=1,d0=1,d1=1,is_2D=1): 
[1;32mOK[0m

  IM2COL(type_input=f32,type_kernel=f16,dst_type=f16,ne_input=[12,12,1,1024],ne_kernel=[3,3,1,1024],s0=1,s1=1,p0=1,p1=1,d0=1,d1=1,is_2D=1): 
[1;32mOK[0m

  IM2COL(type_input=f32,type_kernel=f16,dst_type=f16,ne_input=[12,12,2,1024],ne_kernel=[3,3,2,1024],s0=1,s1=1,p0=1,p1=1,d0=1,d1=1,is_2D=1): 
[1;32mOK[0m

  IM2COL(type_input=f32,type_kernel=f16,dst_type=f16,ne_input=[12,12,1,2048],ne_kernel=[3,3,1,2048],s0=1,s1=1,p0=1,p1=1,d0=1,d1=1,is_2D=1): 
[1;32mOK[0m

  IM2COL(type_input=f32,type_kernel=f16,dst_type=f16,ne_input=[12,12,2,2048],ne_kernel=[3,3,2,2048],s0=1,s1=1,p0=1,p1=1,d0=1,d1=1,is_2D=1): 
[1;32mOK[0m

  IM2COL(type_input=f32,type_kernel=f16,dst_type=f16,ne_input=[12,12,1,2560],ne_kernel=[3,3,1,2560],s0=1,s1=1,p0=1,p1=1,d0=1,d1=1,is_2D=1): 
[1;32mOK[0m

  IM2COL(type_input=f32,type_kernel=f16,dst_type=f16,ne_input=[12,12,2,2560],ne_kernel=[3,3,2,2560],s0=1,s1=1,p0=1,p1=1,d0=1,d1=1,is_2D=1): 
[1;32mOK[0m

  IM2COL(type_input=f32,type_kernel=f16,dst_type=f16,ne_input=[5,5,1,32],ne_kernel=[3,4,1,32],s0=1,s1=1,p0=0,p1=0,d0=1,d1=1,is_2D=1): 
[1;32mOK[0m

  IM2COL(type_input=f32,type_kernel=f32,dst_type=f32,ne_input=[2,2,1536,729],ne_kernel=[2,2,1536,4096],s0=1,s1=1,p0=0,p1=0,d0=1,d1=1,is_2D=1): 
[1;32mOK[0m

  IM2COL(type_input=f32,type_kernel=f16,dst_type=f16,ne_input=[128,128,1,2],ne_kernel=[32,33,1,2],s0=1,s1=1,p0=1,p1=1,d0=1,d1=1,is_2D=1): 
[1;32mOK[0m

  IM2COL(type_input=f32,type_kernel=f16,dst_type=f16,ne_input=[128,128,2,1],ne_kernel=[33,34,2,1],s0=1,s1=1,p0=1,p1=1,d0=1,d1=1,is_2D=1): 
[1;32mOK[0m

  CONV_3D(N=1,IC=1,ID=18,IH=22,IW=20,OC=1,KD=3,KH=3,KW=3,s0=1,s1=1,s2=1,p0=0,p1=0,p2=0,d0=1,d1=1,d2=1,type_kernel=f32): 
[1;32mOK[0m

  CONV_3D(N=1,IC=1,ID=18,IH=22,IW=20,OC=1,KD=3,KH=1,KW=5,s0=2,s1=1,s2=1,p0=2,p1=0,p2=1,d0=1,d1=1,d2=2,type_kernel=f32): 
[1;32mOK[0m

  CONV_3D(N=1,IC=1,ID=18,IH=22,IW=20,OC=1,KD=3,KH=3,KW=3,s0=1,s1=1,s2=1,p0=0,p1=0,p2=0,d0=2,d1=2,d2=2,type_kernel=f32): 
[1;32mOK[0m

  CONV_3D(N=1,IC=1,ID=18,IH=22,IW=20,OC=1,KD=3,KH=1,KW=5,s0=2,s1=1,s2=1,p0=2,p1=0,p2=1,d0=1,d1=1,d2=2,type_kernel=f32): 
[1;32mOK[0m

  CONV_3D(N=1,IC=1,ID=18,IH=22,IW=20,OC=1,KD=3,KH=3,KW=3,s0=1,s1=1,s2=1,p0=1,p1=1,p2=1,d0=1,d1=1,d2=1,type_kernel=f32): 
[1;32mOK[0m

  CONV_3D(N=1,IC=1,ID=18,IH=22,IW=20,OC=1,KD=3,KH=1,KW=5,s0=2,s1=1,s2=1,p0=2,p1=0,p2=1,d0=1,d1=1,d2=2,type_kernel=f32): 
[1;32mOK[0m

  CONV_3D(N=1,IC=1,ID=18,IH=22,IW=20,OC=1,KD=3,KH=3,KW=3,s0=1,s1=1,s2=1,p0=1,p1=1,p2=1,d0=2,d1=2,d2=2,type_kernel=f32): 
[1;32mOK[0m

  CONV_3D(N=1,IC=1,ID=18,IH=22,IW=20,OC=1,KD=3,KH=1,KW=5,s0=2,s1=1,s2=1,p0=2,p1=0,p2=1,d0=1,d1=1,d2=2,type_kernel=f32): 
[1;32mOK[0m

  CONV_3D(N=1,IC=1,ID=18,IH=22,IW=20,OC=1,KD=3,KH=3,KW=3,s0=2,s1=2,s2=2,p0=0,p1=0,p2=0,d0=1,d1=1,d2=1,type_kernel=f32): 
[1;32mOK[0m

  CONV_3D(N=1,IC=1,ID=18,IH=22,IW=20,OC=1,KD=3,KH=1,KW=5,s0=2,s1=1,s2=1,p0=2,p1=0,p2=1,d0=1,d1=1,d2=2,type_kernel=f32): 
[1;32mOK[0m

  CONV_3D(N=1,IC=1,ID=18,IH=22,IW=20,OC=1,KD=3,KH=3,KW=3,s0=2,s1=2,s2=2,p0=0,p1=0,p2=0,d0=2,d1=2,d2=2,type_kernel=f32): 
[1;32mOK[0m

  CONV_3D(N=1,IC=1,ID=18,IH=22,IW=20,OC=1,KD=3,KH=1,KW=5,s0=2,s1=1,s2=1,p0=2,p1=0,p2=1,d0=1,d1=1,d2=2,type_kernel=f32): 
[1;32mOK[0m

  CONV_3D(N=1,IC=1,ID=18,IH=22,IW=20,OC=1,KD=3,KH=3,KW=3,s0=2,s1=2,s2=2,p0=1,p1=1,p2=1,d0=1,d1=1,d2=1,type_kernel=f32): 
[1;32mOK[0m

  CONV_3D(N=1,IC=1,ID=18,IH=22,IW=20,OC=1,KD=3,KH=1,KW=5,s0=2,s1=1,s2=1,p0=2,p1=0,p2=1,d0=1,d1=1,d2=2,type_kernel=f32): 
[1;32mOK[0m

  CONV_3D(N=1,IC=1,ID=18,IH=22,IW=20,OC=1,KD=3,KH=3,KW=3,s0=2,s1=2,s2=2,p0=1,p1=1,p2=1,d0=2,d1=2,d2=2,type_kernel=f32): 
[1;32mOK[0m

  CONV_3D(N=1,IC=1,ID=18,IH=22,IW=20,OC=1,KD=3,KH=1,KW=5,s0=2,s1=1,s2=1,p0=2,p1=0,p2=1,d0=1,d1=1,d2=2,type_kernel=f32): 
[1;32mOK[0m

  CONV_3D(N=1,IC=1,ID=18,IH=22,IW=20,OC=4,KD=3,KH=3,KW=3,s0=1,s1=1,s2=1,p0=0,p1=0,p2=0,d0=1,d1=1,d2=1,type_kernel=f32): 
[1;32mOK[0m

  CONV_3D(N=1,IC=1,ID=18,IH=22,IW=20,OC=4,KD=3,KH=1,KW=5,s0=2,s1=1,s2=1,p0=2,p1=0,p2=1,d0=1,d1=1,d2=2,type_kernel=f32): 
[1;32mOK[0m

  CONV_3D(N=1,IC=1,ID=18,IH=22,IW=20,OC=4,KD=3,KH=3,KW=3,s0=1,s1=1,s2=1,p0=0,p1=0,p2=0,d0=2,d1=2,d2=2,type_kernel=f32): 
[1;32mOK[0m

  CONV_3D(N=1,IC=1,ID=18,IH=22,IW=20,OC=4,KD=3,KH=1,KW=5,s0=2,s1=1,s2=1,p0=2,p1=0,p2=1,d0=1,d1=1,d2=2,type_kernel=f32): 
[1;32mOK[0m

  CONV_3D(N=1,IC=1,ID=18,IH=22,IW=20,OC=4,KD=3,KH=3,KW=3,s0=1,s1=1,s2=1,p0=1,p1=1,p2=1,d0=1,d1=1,d2=1,type_kernel=f32): 
[1;32mOK[0m

  CONV_3D(N=1,IC=1,ID=18,IH=22,IW=20,OC=4,KD=3,KH=1,KW=5,s0=2,s1=1,s2=1,p0=2,p1=0,p2=1,d0=1,d1=1,d2=2,type_kernel=f32): 
[1;32mOK[0m

  CONV_3D(N=1,IC=1,ID=18,IH=22,IW=20,OC=4,KD=3,KH=3,KW=3,s0=1,s1=1,s2=1,p0=1,p1=1,p2=1,d0=2,d1=2,d2=2,type_kernel=f32): 
[1;32mOK[0m

  CONV_3D(N=1,IC=1,ID=18,IH=22,IW=20,OC=4,KD=3,KH=1,KW=5,s0=2,s1=1,s2=1,p0=2,p1=0,p2=1,d0=1,d1=1,d2=2,type_kernel=f32): 
[1;32mOK[0m

  CONV_3D(N=1,IC=1,ID=18,IH=22,IW=20,OC=4,KD=3,KH=3,KW=3,s0=2,s1=2,s2=2,p0=0,p1=0,p2=0,d0=1,d1=1,d2=1,type_kernel=f32): 
[1;32mOK[0m

  CONV_3D(N=1,IC=1,ID=18,IH=22,IW=20,OC=4,KD=3,KH=1,KW=5,s0=2,s1=1,s2=1,p0=2,p1=0,p2=1,d0=1,d1=1,d2=2,type_kernel=f32): 
[1;32mOK[0m

  CONV_3D(N=1,IC=1,ID=18,IH=22,IW=20,OC=4,KD=3,KH=3,KW=3,s0=2,s1=2,s2=2,p0=0,p1=0,p2=0,d0=2,d1=2,d2=2,type_kernel=f32): 
[1;32mOK[0m

  CONV_3D(N=1,IC=1,ID=18,IH=22,IW=20,OC=4,KD=3,KH=1,KW=5,s0=2,s1=1,s2=1,p0=2,p1=0,p2=1,d0=1,d1=1,d2=2,type_kernel=f32): 
[1;32mOK[0m

  CONV_3D(N=1,IC=1,ID=18,IH=22,IW=20,OC=4,KD=3,KH=3,KW=3,s0=2,s1=2,s2=2,p0=1,p1=1,p2=1,d0=1,d1=1,d2=1,type_kernel=f32): 
[1;32mOK[0m

  CONV_3D(N=1,IC=1,ID=18,IH=22,IW=20,OC=4,KD=3,KH=1,KW=5,s0=2,s1=1,s2=1,p0=2,p1=0,p2=1,d0=1,d1=1,d2=2,type_kernel=f32): 
[1;32mOK[0m

  CONV_3D(N=1,IC=1,ID=18,IH=22,IW=20,OC=4,KD=3,KH=3,KW=3,s0=2,s1=2,s2=2,p0=1,p1=1,p2=1,d0=2,d1=2,d2=2,type_kernel=f32): 
[1;32mOK[0m

  CONV_3D(N=1,IC=1,ID=18,IH=22,IW=20,OC=4,KD=3,KH=1,KW=5,s0=2,s1=1,s2=1,p0=2,p1=0,p2=1,d0=1,d1=1,d2=2,type_kernel=f32): 
[1;32mOK[0m

  CONV_3D(N=1,IC=3,ID=18,IH=22,IW=20,OC=1,KD=3,KH=3,KW=3,s0=1,s1=1,s2=1,p0=0,p1=0,p2=0,d0=1,d1=1,d2=1,type_kernel=f32): 
[1;32mOK[0m

  CONV_3D(N=1,IC=3,ID=18,IH=22,IW=20,OC=1,KD=3,KH=1,KW=5,s0=2,s1=1,s2=1,p0=2,p1=0,p2=1,d0=1,d1=1,d2=2,type_kernel=f32): 
[1;32mOK[0m

  CONV_3D(N=1,IC=3,ID=18,IH=22,IW=20,OC=1,KD=3,KH=3,KW=3,s0=1,s1=1,s2=1,p0=0,p1=0,p2=0,d0=2,d1=2,d2=2,type_kernel=f32): 
[1;32mOK[0m

  CONV_3D(N=1,IC=3,ID=18,IH=22,IW=20,OC=1,KD=3,KH=1,KW=5,s0=2,s1=1,s2=1,p0=2,p1=0,p2=1,d0=1,d1=1,d2=2,type_kernel=f32): 
[1;32mOK[0m

  CONV_3D(N=1,IC=3,ID=18,IH=22,IW=20,OC=1,KD=3,KH=3,KW=3,s0=1,s1=1,s2=1,p0=1,p1=1,p2=1,d0=1,d1=1,d2=1,type_kernel=f32): 
[1;32mOK[0m

  CONV_3D(N=1,IC=3,ID=18,IH=22,IW=20,OC=1,KD=3,KH=1,KW=5,s0=2,s1=1,s2=1,p0=2,p1=0,p2=1,d0=1,d1=1,d2=2,type_kernel=f32): 
[1;32mOK[0m

  CONV_3D(N=1,IC=3,ID=18,IH=22,IW=20,OC=1,KD=3,KH=3,KW=3,s0=1,s1=1,s2=1,p0=1,p1=1,p2=1,d0=2,d1=2,d2=2,type_kernel=f32): 
[1;32mOK[0m

  CONV_3D(N=1,IC=3,ID=18,IH=22,IW=20,OC=1,KD=3,KH=1,KW=5,s0=2,s1=1,s2=1,p0=2,p1=0,p2=1,d0=1,d1=1,d2=2,type_kernel=f32): 
[1;32mOK[0m

  CONV_3D(N=1,IC=3,ID=18,IH=22,IW=20,OC=1,KD=3,KH=3,KW=3,s0=2,s1=2,s2=2,p0=0,p1=0,p2=0,d0=1,d1=1,d2=1,type_kernel=f32): 
[1;32mOK[0m

  CONV_3D(N=1,IC=3,ID=18,IH=22,IW=20,OC=1,KD=3,KH=1,KW=5,s0=2,s1=1,s2=1,p0=2,p1=0,p2=1,d0=1,d1=1,d2=2,type_kernel=f32): 
[1;32mOK[0m

  CONV_3D(N=1,IC=3,ID=18,IH=22,IW=20,OC=1,KD=3,KH=3,KW=3,s0=2,s1=2,s2=2,p0=0,p1=0,p2=0,d0=2,d1=2,d2=2,type_kernel=f32): 
[1;32mOK[0m

  CONV_3D(N=1,IC=3,ID=18,IH=22,IW=20,OC=1,KD=3,KH=1,KW=5,s0=2,s1=1,s2=1,p0=2,p1=0,p2=1,d0=1,d1=1,d2=2,type_kernel=f32): 
[1;32mOK[0m

  CONV_3D(N=1,IC=3,ID=18,IH=22,IW=20,OC=1,KD=3,KH=3,KW=3,s0=2,s1=2,s2=2,p0=1,p1=1,p2=1,d0=1,d1=1,d2=1,type_kernel=f32): 
[1;32mOK[0m

  CONV_3D(N=1,IC=3,ID=18,IH=22,IW=20,OC=1,KD=3,KH=1,KW=5,s0=2,s1=1,s2=1,p0=2,p1=0,p2=1,d0=1,d1=1,d2=2,type_kernel=f32): 
[1;32mOK[0m

  CONV_3D(N=1,IC=3,ID=18,IH=22,IW=20,OC=1,KD=3,KH=3,KW=3,s0=2,s1=2,s2=2,p0=1,p1=1,p2=1,d0=2,d1=2,d2=2,type_kernel=f32): 
[1;32mOK[0m

  CONV_3D(N=1,IC=3,ID=18,IH=22,IW=20,OC=1,KD=3,KH=1,KW=5,s0=2,s1=1,s2=1,p0=2,p1=0,p2=1,d0=1,d1=1,d2=2,type_kernel=f32): 
[1;32mOK[0m

  CONV_3D(N=1,IC=3,ID=18,IH=22,IW=20,OC=4,KD=3,KH=3,KW=3,s0=1,s1=1,s2=1,p0=0,p1=0,p2=0,d0=1,d1=1,d2=1,type_kernel=f32): 
[1;32mOK[0m

  CONV_3D(N=1,IC=3,ID=18,IH=22,IW=20,OC=4,KD=3,KH=1,KW=5,s0=2,s1=1,s2=1,p0=2,p1=0,p2=1,d0=1,d1=1,d2=2,type_kernel=f32): 
[1;32mOK[0m

  CONV_3D(N=1,IC=3,ID=18,IH=22,IW=20,OC=4,KD=3,KH=3,KW=3,s0=1,s1=1,s2=1,p0=0,p1=0,p2=0,d0=2,d1=2,d2=2,type_kernel=f32): 
[1;32mOK[0m

  CONV_3D(N=1,IC=3,ID=18,IH=22,IW=20,OC=4,KD=3,KH=1,KW=5,s0=2,s1=1,s2=1,p0=2,p1=0,p2=1,d0=1,d1=1,d2=2,type_kernel=f32): 
[1;32mOK[0m

  CONV_3D(N=1,IC=3,ID=18,IH=22,IW=20,OC=4,KD=3,KH=3,KW=3,s0=1,s1=1,s2=1,p0=1,p1=1,p2=1,d0=1,d1=1,d2=1,type_kernel=f32): 
[1;32mOK[0m

  CONV_3D(N=1,IC=3,ID=18,IH=22,IW=20,OC=4,KD=3,KH=1,KW=5,s0=2,s1=1,s2=1,p0=2,p1=0,p2=1,d0=1,d1=1,d2=2,type_kernel=f32): 
[1;32mOK[0m

  CONV_3D(N=1,IC=3,ID=18,IH=22,IW=20,OC=4,KD=3,KH=3,KW=3,s0=1,s1=1,s2=1,p0=1,p1=1,p2=1,d0=2,d1=2,d2=2,type_kernel=f32): 
[1;32mOK[0m

  CONV_3D(N=1,IC=3,ID=18,IH=22,IW=20,OC=4,KD=3,KH=1,KW=5,s0=2,s1=1,s2=1,p0=2,p1=0,p2=1,d0=1,d1=1,d2=2,type_kernel=f32): 
[1;32mOK[0m

  CONV_3D(N=1,IC=3,ID=18,IH=22,IW=20,OC=4,KD=3,KH=3,KW=3,s0=2,s1=2,s2=2,p0=0,p1=0,p2=0,d0=1,d1=1,d2=1,type_kernel=f32): 
[1;32mOK[0m

  CONV_3D(N=1,IC=3,ID=18,IH=22,IW=20,OC=4,KD=3,KH=1,KW=5,s0=2,s1=1,s2=1,p0=2,p1=0,p2=1,d0=1,d1=1,d2=2,type_kernel=f32): 
[1;32mOK[0m

  CONV_3D(N=1,IC=3,ID=18,IH=22,IW=20,OC=4,KD=3,KH=3,KW=3,s0=2,s1=2,s2=2,p0=0,p1=0,p2=0,d0=2,d1=2,d2=2,type_kernel=f32): 
[1;32mOK[0m

  CONV_3D(N=1,IC=3,ID=18,IH=22,IW=20,OC=4,KD=3,KH=1,KW=5,s0=2,s1=1,s2=1,p0=2,p1=0,p2=1,d0=1,d1=1,d2=2,type_kernel=f32): 
[1;32mOK[0m

  CONV_3D(N=1,IC=3,ID=18,IH=22,IW=20,OC=4,KD=3,KH=3,KW=3,s0=2,s1=2,s2=2,p0=1,p1=1,p2=1,d0=1,d1=1,d2=1,type_kernel=f32): 
[1;32mOK[0m

  CONV_3D(N=1,IC=3,ID=18,IH=22,IW=20,OC=4,KD=3,KH=1,KW=5,s0=2,s1=1,s2=1,p0=2,p1=0,p2=1,d0=1,d1=1,d2=2,type_kernel=f32): 
[1;32mOK[0m

  CONV_3D(N=1,IC=3,ID=18,IH=22,IW=20,OC=4,KD=3,KH=3,KW=3,s0=2,s1=2,s2=2,p0=1,p1=1,p2=1,d0=2,d1=2,d2=2,type_kernel=f32): 
[1;32mOK[0m

  CONV_3D(N=1,IC=3,ID=18,IH=22,IW=20,OC=4,KD=3,KH=1,KW=5,s0=2,s1=1,s2=1,p0=2,p1=0,p2=1,d0=1,d1=1,d2=2,type_kernel=f32): 
[1;32mOK[0m

  CONV_3D(N=2,IC=1,ID=18,IH=22,IW=20,OC=1,KD=3,KH=3,KW=3,s0=1,s1=1,s2=1,p0=0,p1=0,p2=0,d0=1,d1=1,d2=1,type_kernel=f32): 
[1;32mOK[0m

  CONV_3D(N=2,IC=1,ID=18,IH=22,IW=20,OC=1,KD=3,KH=1,KW=5,s0=2,s1=1,s2=1,p0=2,p1=0,p2=1,d0=1,d1=1,d2=2,type_kernel=f32): 
[1;32mOK[0m

  CONV_3D(N=2,IC=1,ID=18,IH=22,IW=20,OC=1,KD=3,KH=3,KW=3,s0=1,s1=1,s2=1,p0=0,p1=0,p2=0,d0=2,d1=2,d2=2,type_kernel=f32): 
[1;32mOK[0m

  CONV_3D(N=2,IC=1,ID=18,IH=22,IW=20,OC=1,KD=3,KH=1,KW=5,s0=2,s1=1,s2=1,p0=2,p1=0,p2=1,d0=1,d1=1,d2=2,type_kernel=f32): 
[1;32mOK[0m

  CONV_3D(N=2,IC=1,ID=18,IH=22,IW=20,OC=1,KD=3,KH=3,KW=3,s0=1,s1=1,s2=1,p0=1,p1=1,p2=1,d0=1,d1=1,d2=1,type_kernel=f32): 
[1;32mOK[0m

  CONV_3D(N=2,IC=1,ID=18,IH=22,IW=20,OC=1,KD=3,KH=1,KW=5,s0=2,s1=1,s2=1,p0=2,p1=0,p2=1,d0=1,d1=1,d2=2,type_kernel=f32): 
[1;32mOK[0m

  CONV_3D(N=2,IC=1,ID=18,IH=22,IW=20,OC=1,KD=3,KH=3,KW=3,s0=1,s1=1,s2=1,p0=1,p1=1,p2=1,d0=2,d1=2,d2=2,type_kernel=f32): 
[1;32mOK[0m

  CONV_3D(N=2,IC=1,ID=18,IH=22,IW=20,OC=1,KD=3,KH=1,KW=5,s0=2,s1=1,s2=1,p0=2,p1=0,p2=1,d0=1,d1=1,d2=2,type_kernel=f32): 
[1;32mOK[0m

  CONV_3D(N=2,IC=1,ID=18,IH=22,IW=20,OC=1,KD=3,KH=3,KW=3,s0=2,s1=2,s2=2,p0=0,p1=0,p2=0,d0=1,d1=1,d2=1,type_kernel=f32): 
[1;32mOK[0m

  CONV_3D(N=2,IC=1,ID=18,IH=22,IW=20,OC=1,KD=3,KH=1,KW=5,s0=2,s1=1,s2=1,p0=2,p1=0,p2=1,d0=1,d1=1,d2=2,type_kernel=f32): 
[1;32mOK[0m

  CONV_3D(N=2,IC=1,ID=18,IH=22,IW=20,OC=1,KD=3,KH=3,KW=3,s0=2,s1=2,s2=2,p0=0,p1=0,p2=0,d0=2,d1=2,d2=2,type_kernel=f32): 
[1;32mOK[0m

  CONV_3D(N=2,IC=1,ID=18,IH=22,IW=20,OC=1,KD=3,KH=1,KW=5,s0=2,s1=1,s2=1,p0=2,p1=0,p2=1,d0=1,d1=1,d2=2,type_kernel=f32): 
[1;32mOK[0m

  CONV_3D(N=2,IC=1,ID=18,IH=22,IW=20,OC=1,KD=3,KH=3,KW=3,s0=2,s1=2,s2=2,p0=1,p1=1,p2=1,d0=1,d1=1,d2=1,type_kernel=f32): 
[1;32mOK[0m

  CONV_3D(N=2,IC=1,ID=18,IH=22,IW=20,OC=1,KD=3,KH=1,KW=5,s0=2,s1=1,s2=1,p0=2,p1=0,p2=1,d0=1,d1=1,d2=2,type_kernel=f32): 
[1;32mOK[0m

  CONV_3D(N=2,IC=1,ID=18,IH=22,IW=20,OC=1,KD=3,KH=3,KW=3,s0=2,s1=2,s2=2,p0=1,p1=1,p2=1,d0=2,d1=2,d2=2,type_kernel=f32): 
[1;32mOK[0m

  CONV_3D(N=2,IC=1,ID=18,IH=22,IW=20,OC=1,KD=3,KH=1,KW=5,s0=2,s1=1,s2=1,p0=2,p1=0,p2=1,d0=1,d1=1,d2=2,type_kernel=f32): 
[1;32mOK[0m

  CONV_3D(N=2,IC=1,ID=18,IH=22,IW=20,OC=4,KD=3,KH=3,KW=3,s0=1,s1=1,s2=1,p0=0,p1=0,p2=0,d0=1,d1=1,d2=1,type_kernel=f32): 
[1;32mOK[0m

  CONV_3D(N=2,IC=1,ID=18,IH=22,IW=20,OC=4,KD=3,KH=1,KW=5,s0=2,s1=1,s2=1,p0=2,p1=0,p2=1,d0=1,d1=1,d2=2,type_kernel=f32): 
[1;32mOK[0m

  CONV_3D(N=2,IC=1,ID=18,IH=22,IW=20,OC=4,KD=3,KH=3,KW=3,s0=1,s1=1,s2=1,p0=0,p1=0,p2=0,d0=2,d1=2,d2=2,type_kernel=f32): 
[1;32mOK[0m

  CONV_3D(N=2,IC=1,ID=18,IH=22,IW=20,OC=4,KD=3,KH=1,KW=5,s0=2,s1=1,s2=1,p0=2,p1=0,p2=1,d0=1,d1=1,d2=2,type_kernel=f32): 
[1;32mOK[0m

  CONV_3D(N=2,IC=1,ID=18,IH=22,IW=20,OC=4,KD=3,KH=3,KW=3,s0=1,s1=1,s2=1,p0=1,p1=1,p2=1,d0=1,d1=1,d2=1,type_kernel=f32): 
[1;32mOK[0m

  CONV_3D(N=2,IC=1,ID=18,IH=22,IW=20,OC=4,KD=3,KH=1,KW=5,s0=2,s1=1,s2=1,p0=2,p1=0,p2=1,d0=1,d1=1,d2=2,type_kernel=f32): 
[1;32mOK[0m

  CONV_3D(N=2,IC=1,ID=18,IH=22,IW=20,OC=4,KD=3,KH=3,KW=3,s0=1,s1=1,s2=1,p0=1,p1=1,p2=1,d0=2,d1=2,d2=2,type_kernel=f32): 
[1;32mOK[0m

  CONV_3D(N=2,IC=1,ID=18,IH=22,IW=20,OC=4,KD=3,KH=1,KW=5,s0=2,s1=1,s2=1,p0=2,p1=0,p2=1,d0=1,d1=1,d2=2,type_kernel=f32): 
[1;32mOK[0m

  CONV_3D(N=2,IC=1,ID=18,IH=22,IW=20,OC=4,KD=3,KH=3,KW=3,s0=2,s1=2,s2=2,p0=0,p1=0,p2=0,d0=1,d1=1,d2=1,type_kernel=f32): 
[1;32mOK[0m

  CONV_3D(N=2,IC=1,ID=18,IH=22,IW=20,OC=4,KD=3,KH=1,KW=5,s0=2,s1=1,s2=1,p0=2,p1=0,p2=1,d0=1,d1=1,d2=2,type_kernel=f32): 
[1;32mOK[0m

  CONV_3D(N=2,IC=1,ID=18,IH=22,IW=20,OC=4,KD=3,KH=3,KW=3,s0=2,s1=2,s2=2,p0=0,p1=0,p2=0,d0=2,d1=2,d2=2,type_kernel=f32): 
[1;32mOK[0m

  CONV_3D(N=2,IC=1,ID=18,IH=22,IW=20,OC=4,KD=3,KH=1,KW=5,s0=2,s1=1,s2=1,p0=2,p1=0,p2=1,d0=1,d1=1,d2=2,type_kernel=f32): 
[1;32mOK[0m

  CONV_3D(N=2,IC=1,ID=18,IH=22,IW=20,OC=4,KD=3,KH=3,KW=3,s0=2,s1=2,s2=2,p0=1,p1=1,p2=1,d0=1,d1=1,d2=1,type_kernel=f32): 
[1;32mOK[0m

  CONV_3D(N=2,IC=1,ID=18,IH=22,IW=20,OC=4,KD=3,KH=1,KW=5,s0=2,s1=1,s2=1,p0=2,p1=0,p2=1,d0=1,d1=1,d2=2,type_kernel=f32): 
[1;32mOK[0m

  CONV_3D(N=2,IC=1,ID=18,IH=22,IW=20,OC=4,KD=3,KH=3,KW=3,s0=2,s1=2,s2=2,p0=1,p1=1,p2=1,d0=2,d1=2,d2=2,type_kernel=f32): 
[1;32mOK[0m

  CONV_3D(N=2,IC=1,ID=18,IH=22,IW=20,OC=4,KD=3,KH=1,KW=5,s0=2,s1=1,s2=1,p0=2,p1=0,p2=1,d0=1,d1=1,d2=2,type_kernel=f32): 
[1;32mOK[0m

  CONV_3D(N=2,IC=3,ID=18,IH=22,IW=20,OC=1,KD=3,KH=3,KW=3,s0=1,s1=1,s2=1,p0=0,p1=0,p2=0,d0=1,d1=1,d2=1,type_kernel=f32): 
[1;32mOK[0m

  CONV_3D(N=2,IC=3,ID=18,IH=22,IW=20,OC=1,KD=3,KH=1,KW=5,s0=2,s1=1,s2=1,p0=2,p1=0,p2=1,d0=1,d1=1,d2=2,type_kernel=f32): 
[1;32mOK[0m

  CONV_3D(N=2,IC=3,ID=18,IH=22,IW=20,OC=1,KD=3,KH=3,KW=3,s0=1,s1=1,s2=1,p0=0,p1=0,p2=0,d0=2,d1=2,d2=2,type_kernel=f32): 
[1;32mOK[0m

  CONV_3D(N=2,IC=3,ID=18,IH=22,IW=20,OC=1,KD=3,KH=1,KW=5,s0=2,s1=1,s2=1,p0=2,p1=0,p2=1,d0=1,d1=1,d2=2,type_kernel=f32): 
[1;32mOK[0m

  CONV_3D(N=2,IC=3,ID=18,IH=22,IW=20,OC=1,KD=3,KH=3,KW=3,s0=1,s1=1,s2=1,p0=1,p1=1,p2=1,d0=1,d1=1,d2=1,type_kernel=f32): 
[1;32mOK[0m

  CONV_3D(N=2,IC=3,ID=18,IH=22,IW=20,OC=1,KD=3,KH=1,KW=5,s0=2,s1=1,s2=1,p0=2,p1=0,p2=1,d0=1,d1=1,d2=2,type_kernel=f32): 
[1;32mOK[0m

  CONV_3D(N=2,IC=3,ID=18,IH=22,IW=20,OC=1,KD=3,KH=3,KW=3,s0=1,s1=1,s2=1,p0=1,p1=1,p2=1,d0=2,d1=2,d2=2,type_kernel=f32): 
[1;32mOK[0m

  CONV_3D(N=2,IC=3,ID=18,IH=22,IW=20,OC=1,KD=3,KH=1,KW=5,s0=2,s1=1,s2=1,p0=2,p1=0,p2=1,d0=1,d1=1,d2=2,type_kernel=f32): 
[1;32mOK[0m

  CONV_3D(N=2,IC=3,ID=18,IH=22,IW=20,OC=1,KD=3,KH=3,KW=3,s0=2,s1=2,s2=2,p0=0,p1=0,p2=0,d0=1,d1=1,d2=1,type_kernel=f32): 
[1;32mOK[0m

  CONV_3D(N=2,IC=3,ID=18,IH=22,IW=20,OC=1,KD=3,KH=1,KW=5,s0=2,s1=1,s2=1,p0=2,p1=0,p2=1,d0=1,d1=1,d2=2,type_kernel=f32): 
[1;32mOK[0m

  CONV_3D(N=2,IC=3,ID=18,IH=22,IW=20,OC=1,KD=3,KH=3,KW=3,s0=2,s1=2,s2=2,p0=0,p1=0,p2=0,d0=2,d1=2,d2=2,type_kernel=f32): 
[1;32mOK[0m

  CONV_3D(N=2,IC=3,ID=18,IH=22,IW=20,OC=1,KD=3,KH=1,KW=5,s0=2,s1=1,s2=1,p0=2,p1=0,p2=1,d0=1,d1=1,d2=2,type_kernel=f32): 
[1;32mOK[0m

  CONV_3D(N=2,IC=3,ID=18,IH=22,IW=20,OC=1,KD=3,KH=3,KW=3,s0=2,s1=2,s2=2,p0=1,p1=1,p2=1,d0=1,d1=1,d2=1,type_kernel=f32): 
[1;32mOK[0m

  CONV_3D(N=2,IC=3,ID=18,IH=22,IW=20,OC=1,KD=3,KH=1,KW=5,s0=2,s1=1,s2=1,p0=2,p1=0,p2=1,d0=1,d1=1,d2=2,type_kernel=f32): 
[1;32mOK[0m

  CONV_3D(N=2,IC=3,ID=18,IH=22,IW=20,OC=1,KD=3,KH=3,KW=3,s0=2,s1=2,s2=2,p0=1,p1=1,p2=1,d0=2,d1=2,d2=2,type_kernel=f32): 
[1;32mOK[0m

  CONV_3D(N=2,IC=3,ID=18,IH=22,IW=20,OC=1,KD=3,KH=1,KW=5,s0=2,s1=1,s2=1,p0=2,p1=0,p2=1,d0=1,d1=1,d2=2,type_kernel=f32): 
[1;32mOK[0m

  CONV_3D(N=2,IC=3,ID=18,IH=22,IW=20,OC=4,KD=3,KH=3,KW=3,s0=1,s1=1,s2=1,p0=0,p1=0,p2=0,d0=1,d1=1,d2=1,type_kernel=f32): 
[1;32mOK[0m

  CONV_3D(N=2,IC=3,ID=18,IH=22,IW=20,OC=4,KD=3,KH=1,KW=5,s0=2,s1=1,s2=1,p0=2,p1=0,p2=1,d0=1,d1=1,d2=2,type_kernel=f32): 
[1;32mOK[0m

  CONV_3D(N=2,IC=3,ID=18,IH=22,IW=20,OC=4,KD=3,KH=3,KW=3,s0=1,s1=1,s2=1,p0=0,p1=0,p2=0,d0=2,d1=2,d2=2,type_kernel=f32): 
[1;32mOK[0m

  CONV_3D(N=2,IC=3,ID=18,IH=22,IW=20,OC=4,KD=3,KH=1,KW=5,s0=2,s1=1,s2=1,p0=2,p1=0,p2=1,d0=1,d1=1,d2=2,type_kernel=f32): 
[1;32mOK[0m

  CONV_3D(N=2,IC=3,ID=18,IH=22,IW=20,OC=4,KD=3,KH=3,KW=3,s0=1,s1=1,s2=1,p0=1,p1=1,p2=1,d0=1,d1=1,d2=1,type_kernel=f32): 
[1;32mOK[0m

  CONV_3D(N=2,IC=3,ID=18,IH=22,IW=20,OC=4,KD=3,KH=1,KW=5,s0=2,s1=1,s2=1,p0=2,p1=0,p2=1,d0=1,d1=1,d2=2,type_kernel=f32): 
[1;32mOK[0m

  CONV_3D(N=2,IC=3,ID=18,IH=22,IW=20,OC=4,KD=3,KH=3,KW=3,s0=1,s1=1,s2=1,p0=1,p1=1,p2=1,d0=2,d1=2,d2=2,type_kernel=f32): 
[1;32mOK[0m

  CONV_3D(N=2,IC=3,ID=18,IH=22,IW=20,OC=4,KD=3,KH=1,KW=5,s0=2,s1=1,s2=1,p0=2,p1=0,p2=1,d0=1,d1=1,d2=2,type_kernel=f32): 
[1;32mOK[0m

  CONV_3D(N=2,IC=3,ID=18,IH=22,IW=20,OC=4,KD=3,KH=3,KW=3,s0=2,s1=2,s2=2,p0=0,p1=0,p2=0,d0=1,d1=1,d2=1,type_kernel=f32): 
[1;32mOK[0m

  CONV_3D(N=2,IC=3,ID=18,IH=22,IW=20,OC=4,KD=3,KH=1,KW=5,s0=2,s1=1,s2=1,p0=2,p1=0,p2=1,d0=1,d1=1,d2=2,type_kernel=f32): 
[1;32mOK[0m

  CONV_3D(N=2,IC=3,ID=18,IH=22,IW=20,OC=4,KD=3,KH=3,KW=3,s0=2,s1=2,s2=2,p0=0,p1=0,p2=0,d0=2,d1=2,d2=2,type_kernel=f32): 
[1;32mOK[0m

  CONV_3D(N=2,IC=3,ID=18,IH=22,IW=20,OC=4,KD=3,KH=1,KW=5,s0=2,s1=1,s2=1,p0=2,p1=0,p2=1,d0=1,d1=1,d2=2,type_kernel=f32): 
[1;32mOK[0m

  CONV_3D(N=2,IC=3,ID=18,IH=22,IW=20,OC=4,KD=3,KH=3,KW=3,s0=2,s1=2,s2=2,p0=1,p1=1,p2=1,d0=1,d1=1,d2=1,type_kernel=f32): 
[1;32mOK[0m

  CONV_3D(N=2,IC=3,ID=18,IH=22,IW=20,OC=4,KD=3,KH=1,KW=5,s0=2,s1=1,s2=1,p0=2,p1=0,p2=1,d0=1,d1=1,d2=2,type_kernel=f32): 
[1;32mOK[0m

  CONV_3D(N=2,IC=3,ID=18,IH=22,IW=20,OC=4,KD=3,KH=3,KW=3,s0=2,s1=2,s2=2,p0=1,p1=1,p2=1,d0=2,d1=2,d2=2,type_kernel=f32): 
[1;32mOK[0m

  CONV_3D(N=2,IC=3,ID=18,IH=22,IW=20,OC=4,KD=3,KH=1,KW=5,s0=2,s1=1,s2=1,p0=2,p1=0,p2=1,d0=1,d1=1,d2=2,type_kernel=f32): 
[1;32mOK[0m

  CONV_3D(N=1,IC=4,ID=8,IH=8,IW=8,OC=8,KD=1,KH=1,KW=1,s0=1,s1=1,s2=1,p0=0,p1=0,p2=0,d0=1,d1=1,d2=1,type_kernel=f32): 
[1;32mOK[0m

  CONV_3D(N=1,IC=1,ID=18,IH=22,IW=20,OC=1,KD=3,KH=3,KW=3,s0=1,s1=1,s2=1,p0=0,p1=0,p2=0,d0=1,d1=1,d2=1,type_kernel=f16): 
[1;32mOK[0m

  CONV_3D(N=1,IC=1,ID=18,IH=22,IW=20,OC=1,KD=3,KH=1,KW=5,s0=2,s1=1,s2=1,p0=2,p1=0,p2=1,d0=1,d1=1,d2=2,type_kernel=f16): 
[1;32mOK[0m

  CONV_3D(N=1,IC=1,ID=18,IH=22,IW=20,OC=1,KD=3,KH=3,KW=3,s0=1,s1=1,s2=1,p0=0,p1=0,p2=0,d0=2,d1=2,d2=2,type_kernel=f16): 
[1;32mOK[0m

  CONV_3D(N=1,IC=1,ID=18,IH=22,IW=20,OC=1,KD=3,KH=1,KW=5,s0=2,s1=1,s2=1,p0=2,p1=0,p2=1,d0=1,d1=1,d2=2,type_kernel=f16): 
[1;32mOK[0m

  CONV_3D(N=1,IC=1,ID=18,IH=22,IW=20,OC=1,KD=3,KH=3,KW=3,s0=1,s1=1,s2=1,p0=1,p1=1,p2=1,d0=1,d1=1,d2=1,type_kernel=f16): 
[1;32mOK[0m

  CONV_3D(N=1,IC=1,ID=18,IH=22,IW=20,OC=1,KD=3,KH=1,KW=5,s0=2,s1=1,s2=1,p0=2,p1=0,p2=1,d0=1,d1=1,d2=2,type_kernel=f16): 
[1;32mOK[0m

  CONV_3D(N=1,IC=1,ID=18,IH=22,IW=20,OC=1,KD=3,KH=3,KW=3,s0=1,s1=1,s2=1,p0=1,p1=1,p2=1,d0=2,d1=2,d2=2,type_kernel=f16): 
[1;32mOK[0m

  CONV_3D(N=1,IC=1,ID=18,IH=22,IW=20,OC=1,KD=3,KH=1,KW=5,s0=2,s1=1,s2=1,p0=2,p1=0,p2=1,d0=1,d1=1,d2=2,type_kernel=f16): 
[1;32mOK[0m

  CONV_3D(N=1,IC=1,ID=18,IH=22,IW=20,OC=1,KD=3,KH=3,KW=3,s0=2,s1=2,s2=2,p0=0,p1=0,p2=0,d0=1,d1=1,d2=1,type_kernel=f16): 
[1;32mOK[0m

  CONV_3D(N=1,IC=1,ID=18,IH=22,IW=20,OC=1,KD=3,KH=1,KW=5,s0=2,s1=1,s2=1,p0=2,p1=0,p2=1,d0=1,d1=1,d2=2,type_kernel=f16): 
[1;32mOK[0m

  CONV_3D(N=1,IC=1,ID=18,IH=22,IW=20,OC=1,KD=3,KH=3,KW=3,s0=2,s1=2,s2=2,p0=0,p1=0,p2=0,d0=2,d1=2,d2=2,type_kernel=f16): 
[1;32mOK[0m

  CONV_3D(N=1,IC=1,ID=18,IH=22,IW=20,OC=1,KD=3,KH=1,KW=5,s0=2,s1=1,s2=1,p0=2,p1=0,p2=1,d0=1,d1=1,d2=2,type_kernel=f16): 
[1;32mOK[0m

  CONV_3D(N=1,IC=1,ID=18,IH=22,IW=20,OC=1,KD=3,KH=3,KW=3,s0=2,s1=2,s2=2,p0=1,p1=1,p2=1,d0=1,d1=1,d2=1,type_kernel=f16): 
[1;32mOK[0m

  CONV_3D(N=1,IC=1,ID=18,IH=22,IW=20,OC=1,KD=3,KH=1,KW=5,s0=2,s1=1,s2=1,p0=2,p1=0,p2=1,d0=1,d1=1,d2=2,type_kernel=f16): 
[1;32mOK[0m

  CONV_3D(N=1,IC=1,ID=18,IH=22,IW=20,OC=1,KD=3,KH=3,KW=3,s0=2,s1=2,s2=2,p0=1,p1=1,p2=1,d0=2,d1=2,d2=2,type_kernel=f16): 
[1;32mOK[0m

  CONV_3D(N=1,IC=1,ID=18,IH=22,IW=20,OC=1,KD=3,KH=1,KW=5,s0=2,s1=1,s2=1,p0=2,p1=0,p2=1,d0=1,d1=1,d2=2,type_kernel=f16): 
[1;32mOK[0m

  CONV_3D(N=1,IC=1,ID=18,IH=22,IW=20,OC=4,KD=3,KH=3,KW=3,s0=1,s1=1,s2=1,p0=0,p1=0,p2=0,d0=1,d1=1,d2=1,type_kernel=f16): 
[1;32mOK[0m

  CONV_3D(N=1,IC=1,ID=18,IH=22,IW=20,OC=4,KD=3,KH=1,KW=5,s0=2,s1=1,s2=1,p0=2,p1=0,p2=1,d0=1,d1=1,d2=2,type_kernel=f16): 
[1;32mOK[0m

  CONV_3D(N=1,IC=1,ID=18,IH=22,IW=20,OC=4,KD=3,KH=3,KW=3,s0=1,s1=1,s2=1,p0=0,p1=0,p2=0,d0=2,d1=2,d2=2,type_kernel=f16): 
[1;32mOK[0m

  CONV_3D(N=1,IC=1,ID=18,IH=22,IW=20,OC=4,KD=3,KH=1,KW=5,s0=2,s1=1,s2=1,p0=2,p1=0,p2=1,d0=1,d1=1,d2=2,type_kernel=f16): 
[1;32mOK[0m

  CONV_3D(N=1,IC=1,ID=18,IH=22,IW=20,OC=4,KD=3,KH=3,KW=3,s0=1,s1=1,s2=1,p0=1,p1=1,p2=1,d0=1,d1=1,d2=1,type_kernel=f16): 
[1;32mOK[0m

  CONV_3D(N=1,IC=1,ID=18,IH=22,IW=20,OC=4,KD=3,KH=1,KW=5,s0=2,s1=1,s2=1,p0=2,p1=0,p2=1,d0=1,d1=1,d2=2,type_kernel=f16): 
[1;32mOK[0m

  CONV_3D(N=1,IC=1,ID=18,IH=22,IW=20,OC=4,KD=3,KH=3,KW=3,s0=1,s1=1,s2=1,p0=1,p1=1,p2=1,d0=2,d1=2,d2=2,type_kernel=f16): 
[1;32mOK[0m

  CONV_3D(N=1,IC=1,ID=18,IH=22,IW=20,OC=4,KD=3,KH=1,KW=5,s0=2,s1=1,s2=1,p0=2,p1=0,p2=1,d0=1,d1=1,d2=2,type_kernel=f16): 
[1;32mOK[0m

  CONV_3D(N=1,IC=1,ID=18,IH=22,IW=20,OC=4,KD=3,KH=3,KW=3,s0=2,s1=2,s2=2,p0=0,p1=0,p2=0,d0=1,d1=1,d2=1,type_kernel=f16): 
[1;32mOK[0m

  CONV_3D(N=1,IC=1,ID=18,IH=22,IW=20,OC=4,KD=3,KH=1,KW=5,s0=2,s1=1,s2=1,p0=2,p1=0,p2=1,d0=1,d1=1,d2=2,type_kernel=f16): 
[1;32mOK[0m

  CONV_3D(N=1,IC=1,ID=18,IH=22,IW=20,OC=4,KD=3,KH=3,KW=3,s0=2,s1=2,s2=2,p0=0,p1=0,p2=0,d0=2,d1=2,d2=2,type_kernel=f16): 
[1;32mOK[0m

  CONV_3D(N=1,IC=1,ID=18,IH=22,IW=20,OC=4,KD=3,KH=1,KW=5,s0=2,s1=1,s2=1,p0=2,p1=0,p2=1,d0=1,d1=1,d2=2,type_kernel=f16): 
[1;32mOK[0m

  CONV_3D(N=1,IC=1,ID=18,IH=22,IW=20,OC=4,KD=3,KH=3,KW=3,s0=2,s1=2,s2=2,p0=1,p1=1,p2=1,d0=1,d1=1,d2=1,type_kernel=f16): 
[1;32mOK[0m

  CONV_3D(N=1,IC=1,ID=18,IH=22,IW=20,OC=4,KD=3,KH=1,KW=5,s0=2,s1=1,s2=1,p0=2,p1=0,p2=1,d0=1,d1=1,d2=2,type_kernel=f16): 
[1;32mOK[0m

  CONV_3D(N=1,IC=1,ID=18,IH=22,IW=20,OC=4,KD=3,KH=3,KW=3,s0=2,s1=2,s2=2,p0=1,p1=1,p2=1,d0=2,d1=2,d2=2,type_kernel=f16): 
[1;32mOK[0m

  CONV_3D(N=1,IC=1,ID=18,IH=22,IW=20,OC=4,KD=3,KH=1,KW=5,s0=2,s1=1,s2=1,p0=2,p1=0,p2=1,d0=1,d1=1,d2=2,type_kernel=f16): 
[1;32mOK[0m

  CONV_3D(N=1,IC=3,ID=18,IH=22,IW=20,OC=1,KD=3,KH=3,KW=3,s0=1,s1=1,s2=1,p0=0,p1=0,p2=0,d0=1,d1=1,d2=1,type_kernel=f16): 
[1;32mOK[0m

  CONV_3D(N=1,IC=3,ID=18,IH=22,IW=20,OC=1,KD=3,KH=1,KW=5,s0=2,s1=1,s2=1,p0=2,p1=0,p2=1,d0=1,d1=1,d2=2,type_kernel=f16): 
[1;32mOK[0m

  CONV_3D(N=1,IC=3,ID=18,IH=22,IW=20,OC=1,KD=3,KH=3,KW=3,s0=1,s1=1,s2=1,p0=0,p1=0,p2=0,d0=2,d1=2,d2=2,type_kernel=f16): 
[1;32mOK[0m

  CONV_3D(N=1,IC=3,ID=18,IH=22,IW=20,OC=1,KD=3,KH=1,KW=5,s0=2,s1=1,s2=1,p0=2,p1=0,p2=1,d0=1,d1=1,d2=2,type_kernel=f16): 
[1;32mOK[0m

  CONV_3D(N=1,IC=3,ID=18,IH=22,IW=20,OC=1,KD=3,KH=3,KW=3,s0=1,s1=1,s2=1,p0=1,p1=1,p2=1,d0=1,d1=1,d2=1,type_kernel=f16): 
[1;32mOK[0m

  CONV_3D(N=1,IC=3,ID=18,IH=22,IW=20,OC=1,KD=3,KH=1,KW=5,s0=2,s1=1,s2=1,p0=2,p1=0,p2=1,d0=1,d1=1,d2=2,type_kernel=f16): 
[1;32mOK[0m

  CONV_3D(N=1,IC=3,ID=18,IH=22,IW=20,OC=1,KD=3,KH=3,KW=3,s0=1,s1=1,s2=1,p0=1,p1=1,p2=1,d0=2,d1=2,d2=2,type_kernel=f16): 
[1;32mOK[0m

  CONV_3D(N=1,IC=3,ID=18,IH=22,IW=20,OC=1,KD=3,KH=1,KW=5,s0=2,s1=1,s2=1,p0=2,p1=0,p2=1,d0=1,d1=1,d2=2,type_kernel=f16): 
[1;32mOK[0m

  CONV_3D(N=1,IC=3,ID=18,IH=22,IW=20,OC=1,KD=3,KH=3,KW=3,s0=2,s1=2,s2=2,p0=0,p1=0,p2=0,d0=1,d1=1,d2=1,type_kernel=f16): 
[1;32mOK[0m

  CONV_3D(N=1,IC=3,ID=18,IH=22,IW=20,OC=1,KD=3,KH=1,KW=5,s0=2,s1=1,s2=1,p0=2,p1=0,p2=1,d0=1,d1=1,d2=2,type_kernel=f16): 
[1;32mOK[0m

  CONV_3D(N=1,IC=3,ID=18,IH=22,IW=20,OC=1,KD=3,KH=3,KW=3,s0=2,s1=2,s2=2,p0=0,p1=0,p2=0,d0=2,d1=2,d2=2,type_kernel=f16): 
[1;32mOK[0m

  CONV_3D(N=1,IC=3,ID=18,IH=22,IW=20,OC=1,KD=3,KH=1,KW=5,s0=2,s1=1,s2=1,p0=2,p1=0,p2=1,d0=1,d1=1,d2=2,type_kernel=f16): 
[1;32mOK[0m

  CONV_3D(N=1,IC=3,ID=18,IH=22,IW=20,OC=1,KD=3,KH=3,KW=3,s0=2,s1=2,s2=2,p0=1,p1=1,p2=1,d0=1,d1=1,d2=1,type_kernel=f16): 
[1;32mOK[0m

  CONV_3D(N=1,IC=3,ID=18,IH=22,IW=20,OC=1,KD=3,KH=1,KW=5,s0=2,s1=1,s2=1,p0=2,p1=0,p2=1,d0=1,d1=1,d2=2,type_kernel=f16): 
[1;32mOK[0m

  CONV_3D(N=1,IC=3,ID=18,IH=22,IW=20,OC=1,KD=3,KH=3,KW=3,s0=2,s1=2,s2=2,p0=1,p1=1,p2=1,d0=2,d1=2,d2=2,type_kernel=f16): 
[1;32mOK[0m

  CONV_3D(N=1,IC=3,ID=18,IH=22,IW=20,OC=1,KD=3,KH=1,KW=5,s0=2,s1=1,s2=1,p0=2,p1=0,p2=1,d0=1,d1=1,d2=2,type_kernel=f16): 
[1;32mOK[0m

  CONV_3D(N=1,IC=3,ID=18,IH=22,IW=20,OC=4,KD=3,KH=3,KW=3,s0=1,s1=1,s2=1,p0=0,p1=0,p2=0,d0=1,d1=1,d2=1,type_kernel=f16): 
[1;32mOK[0m

  CONV_3D(N=1,IC=3,ID=18,IH=22,IW=20,OC=4,KD=3,KH=1,KW=5,s0=2,s1=1,s2=1,p0=2,p1=0,p2=1,d0=1,d1=1,d2=2,type_kernel=f16): 
[1;32mOK[0m

  CONV_3D(N=1,IC=3,ID=18,IH=22,IW=20,OC=4,KD=3,KH=3,KW=3,s0=1,s1=1,s2=1,p0=0,p1=0,p2=0,d0=2,d1=2,d2=2,type_kernel=f16): 
[1;32mOK[0m

  CONV_3D(N=1,IC=3,ID=18,IH=22,IW=20,OC=4,KD=3,KH=1,KW=5,s0=2,s1=1,s2=1,p0=2,p1=0,p2=1,d0=1,d1=1,d2=2,type_kernel=f16): 
[1;32mOK[0m

  CONV_3D(N=1,IC=3,ID=18,IH=22,IW=20,OC=4,KD=3,KH=3,KW=3,s0=1,s1=1,s2=1,p0=1,p1=1,p2=1,d0=1,d1=1,d2=1,type_kernel=f16): 
[1;32mOK[0m

  CONV_3D(N=1,IC=3,ID=18,IH=22,IW=20,OC=4,KD=3,KH=1,KW=5,s0=2,s1=1,s2=1,p0=2,p1=0,p2=1,d0=1,d1=1,d2=2,type_kernel=f16): 
[1;32mOK[0m

  CONV_3D(N=1,IC=3,ID=18,IH=22,IW=20,OC=4,KD=3,KH=3,KW=3,s0=1,s1=1,s2=1,p0=1,p1=1,p2=1,d0=2,d1=2,d2=2,type_kernel=f16): 
[1;32mOK[0m

  CONV_3D(N=1,IC=3,ID=18,IH=22,IW=20,OC=4,KD=3,KH=1,KW=5,s0=2,s1=1,s2=1,p0=2,p1=0,p2=1,d0=1,d1=1,d2=2,type_kernel=f16): 
[1;32mOK[0m

  CONV_3D(N=1,IC=3,ID=18,IH=22,IW=20,OC=4,KD=3,KH=3,KW=3,s0=2,s1=2,s2=2,p0=0,p1=0,p2=0,d0=1,d1=1,d2=1,type_kernel=f16): 
[1;32mOK[0m

  CONV_3D(N=1,IC=3,ID=18,IH=22,IW=20,OC=4,KD=3,KH=1,KW=5,s0=2,s1=1,s2=1,p0=2,p1=0,p2=1,d0=1,d1=1,d2=2,type_kernel=f16): 
[1;32mOK[0m

  CONV_3D(N=1,IC=3,ID=18,IH=22,IW=20,OC=4,KD=3,KH=3,KW=3,s0=2,s1=2,s2=2,p0=0,p1=0,p2=0,d0=2,d1=2,d2=2,type_kernel=f16): 
[1;32mOK[0m

  CONV_3D(N=1,IC=3,ID=18,IH=22,IW=20,OC=4,KD=3,KH=1,KW=5,s0=2,s1=1,s2=1,p0=2,p1=0,p2=1,d0=1,d1=1,d2=2,type_kernel=f16): 
[1;32mOK[0m

  CONV_3D(N=1,IC=3,ID=18,IH=22,IW=20,OC=4,KD=3,KH=3,KW=3,s0=2,s1=2,s2=2,p0=1,p1=1,p2=1,d0=1,d1=1,d2=1,type_kernel=f16): 
[1;32mOK[0m

  CONV_3D(N=1,IC=3,ID=18,IH=22,IW=20,OC=4,KD=3,KH=1,KW=5,s0=2,s1=1,s2=1,p0=2,p1=0,p2=1,d0=1,d1=1,d2=2,type_kernel=f16): 
[1;32mOK[0m

  CONV_3D(N=1,IC=3,ID=18,IH=22,IW=20,OC=4,KD=3,KH=3,KW=3,s0=2,s1=2,s2=2,p0=1,p1=1,p2=1,d0=2,d1=2,d2=2,type_kernel=f16): 
[1;32mOK[0m

  CONV_3D(N=1,IC=3,ID=18,IH=22,IW=20,OC=4,KD=3,KH=1,KW=5,s0=2,s1=1,s2=1,p0=2,p1=0,p2=1,d0=1,d1=1,d2=2,type_kernel=f16): 
[1;32mOK[0m

  CONV_3D(N=2,IC=1,ID=18,IH=22,IW=20,OC=1,KD=3,KH=3,KW=3,s0=1,s1=1,s2=1,p0=0,p1=0,p2=0,d0=1,d1=1,d2=1,type_kernel=f16): 
[1;32mOK[0m

  CONV_3D(N=2,IC=1,ID=18,IH=22,IW=20,OC=1,KD=3,KH=1,KW=5,s0=2,s1=1,s2=1,p0=2,p1=0,p2=1,d0=1,d1=1,d2=2,type_kernel=f16): 
[1;32mOK[0m

  CONV_3D(N=2,IC=1,ID=18,IH=22,IW=20,OC=1,KD=3,KH=3,KW=3,s0=1,s1=1,s2=1,p0=0,p1=0,p2=0,d0=2,d1=2,d2=2,type_kernel=f16): 
[1;32mOK[0m

  CONV_3D(N=2,IC=1,ID=18,IH=22,IW=20,OC=1,KD=3,KH=1,KW=5,s0=2,s1=1,s2=1,p0=2,p1=0,p2=1,d0=1,d1=1,d2=2,type_kernel=f16): 
[1;32mOK[0m

  CONV_3D(N=2,IC=1,ID=18,IH=22,IW=20,OC=1,KD=3,KH=3,KW=3,s0=1,s1=1,s2=1,p0=1,p1=1,p2=1,d0=1,d1=1,d2=1,type_kernel=f16): 
[1;32mOK[0m

  CONV_3D(N=2,IC=1,ID=18,IH=22,IW=20,OC=1,KD=3,KH=1,KW=5,s0=2,s1=1,s2=1,p0=2,p1=0,p2=1,d0=1,d1=1,d2=2,type_kernel=f16): 
[1;32mOK[0m

  CONV_3D(N=2,IC=1,ID=18,IH=22,IW=20,OC=1,KD=3,KH=3,KW=3,s0=1,s1=1,s2=1,p0=1,p1=1,p2=1,d0=2,d1=2,d2=2,type_kernel=f16): 
[1;32mOK[0m

  CONV_3D(N=2,IC=1,ID=18,IH=22,IW=20,OC=1,KD=3,KH=1,KW=5,s0=2,s1=1,s2=1,p0=2,p1=0,p2=1,d0=1,d1=1,d2=2,type_kernel=f16): 
[1;32mOK[0m

  CONV_3D(N=2,IC=1,ID=18,IH=22,IW=20,OC=1,KD=3,KH=3,KW=3,s0=2,s1=2,s2=2,p0=0,p1=0,p2=0,d0=1,d1=1,d2=1,type_kernel=f16): 
[1;32mOK[0m

  CONV_3D(N=2,IC=1,ID=18,IH=22,IW=20,OC=1,KD=3,KH=1,KW=5,s0=2,s1=1,s2=1,p0=2,p1=0,p2=1,d0=1,d1=1,d2=2,type_kernel=f16): 
[1;32mOK[0m

  CONV_3D(N=2,IC=1,ID=18,IH=22,IW=20,OC=1,KD=3,KH=3,KW=3,s0=2,s1=2,s2=2,p0=0,p1=0,p2=0,d0=2,d1=2,d2=2,type_kernel=f16): 
[1;32mOK[0m

  CONV_3D(N=2,IC=1,ID=18,IH=22,IW=20,OC=1,KD=3,KH=1,KW=5,s0=2,s1=1,s2=1,p0=2,p1=0,p2=1,d0=1,d1=1,d2=2,type_kernel=f16): 
[1;32mOK[0m

  CONV_3D(N=2,IC=1,ID=18,IH=22,IW=20,OC=1,KD=3,KH=3,KW=3,s0=2,s1=2,s2=2,p0=1,p1=1,p2=1,d0=1,d1=1,d2=1,type_kernel=f16): 
[1;32mOK[0m

  CONV_3D(N=2,IC=1,ID=18,IH=22,IW=20,OC=1,KD=3,KH=1,KW=5,s0=2,s1=1,s2=1,p0=2,p1=0,p2=1,d0=1,d1=1,d2=2,type_kernel=f16): 
[1;32mOK[0m

  CONV_3D(N=2,IC=1,ID=18,IH=22,IW=20,OC=1,KD=3,KH=3,KW=3,s0=2,s1=2,s2=2,p0=1,p1=1,p2=1,d0=2,d1=2,d2=2,type_kernel=f16): 
[1;32mOK[0m

  CONV_3D(N=2,IC=1,ID=18,IH=22,IW=20,OC=1,KD=3,KH=1,KW=5,s0=2,s1=1,s2=1,p0=2,p1=0,p2=1,d0=1,d1=1,d2=2,type_kernel=f16): 
[1;32mOK[0m

  CONV_3D(N=2,IC=1,ID=18,IH=22,IW=20,OC=4,KD=3,KH=3,KW=3,s0=1,s1=1,s2=1,p0=0,p1=0,p2=0,d0=1,d1=1,d2=1,type_kernel=f16): 
[1;32mOK[0m

  CONV_3D(N=2,IC=1,ID=18,IH=22,IW=20,OC=4,KD=3,KH=1,KW=5,s0=2,s1=1,s2=1,p0=2,p1=0,p2=1,d0=1,d1=1,d2=2,type_kernel=f16): 
[1;32mOK[0m

  CONV_3D(N=2,IC=1,ID=18,IH=22,IW=20,OC=4,KD=3,KH=3,KW=3,s0=1,s1=1,s2=1,p0=0,p1=0,p2=0,d0=2,d1=2,d2=2,type_kernel=f16): 
[1;32mOK[0m

  CONV_3D(N=2,IC=1,ID=18,IH=22,IW=20,OC=4,KD=3,KH=1,KW=5,s0=2,s1=1,s2=1,p0=2,p1=0,p2=1,d0=1,d1=1,d2=2,type_kernel=f16): 
[1;32mOK[0m

  CONV_3D(N=2,IC=1,ID=18,IH=22,IW=20,OC=4,KD=3,KH=3,KW=3,s0=1,s1=1,s2=1,p0=1,p1=1,p2=1,d0=1,d1=1,d2=1,type_kernel=f16): 
[1;32mOK[0m

  CONV_3D(N=2,IC=1,ID=18,IH=22,IW=20,OC=4,KD=3,KH=1,KW=5,s0=2,s1=1,s2=1,p0=2,p1=0,p2=1,d0=1,d1=1,d2=2,type_kernel=f16): 
[1;32mOK[0m

  CONV_3D(N=2,IC=1,ID=18,IH=22,IW=20,OC=4,KD=3,KH=3,KW=3,s0=1,s1=1,s2=1,p0=1,p1=1,p2=1,d0=2,d1=2,d2=2,type_kernel=f16): 
[1;32mOK[0m

  CONV_3D(N=2,IC=1,ID=18,IH=22,IW=20,OC=4,KD=3,KH=1,KW=5,s0=2,s1=1,s2=1,p0=2,p1=0,p2=1,d0=1,d1=1,d2=2,type_kernel=f16): 
[1;32mOK[0m

  CONV_3D(N=2,IC=1,ID=18,IH=22,IW=20,OC=4,KD=3,KH=3,KW=3,s0=2,s1=2,s2=2,p0=0,p1=0,p2=0,d0=1,d1=1,d2=1,type_kernel=f16): 
[1;32mOK[0m

  CONV_3D(N=2,IC=1,ID=18,IH=22,IW=20,OC=4,KD=3,KH=1,KW=5,s0=2,s1=1,s2=1,p0=2,p1=0,p2=1,d0=1,d1=1,d2=2,type_kernel=f16): 
[1;32mOK[0m

  CONV_3D(N=2,IC=1,ID=18,IH=22,IW=20,OC=4,KD=3,KH=3,KW=3,s0=2,s1=2,s2=2,p0=0,p1=0,p2=0,d0=2,d1=2,d2=2,type_kernel=f16): 
[1;32mOK[0m

  CONV_3D(N=2,IC=1,ID=18,IH=22,IW=20,OC=4,KD=3,KH=1,KW=5,s0=2,s1=1,s2=1,p0=2,p1=0,p2=1,d0=1,d1=1,d2=2,type_kernel=f16): 
[1;32mOK[0m

  CONV_3D(N=2,IC=1,ID=18,IH=22,IW=20,OC=4,KD=3,KH=3,KW=3,s0=2,s1=2,s2=2,p0=1,p1=1,p2=1,d0=1,d1=1,d2=1,type_kernel=f16): 
[1;32mOK[0m

  CONV_3D(N=2,IC=1,ID=18,IH=22,IW=20,OC=4,KD=3,KH=1,KW=5,s0=2,s1=1,s2=1,p0=2,p1=0,p2=1,d0=1,d1=1,d2=2,type_kernel=f16): 
[1;32mOK[0m

  CONV_3D(N=2,IC=1,ID=18,IH=22,IW=20,OC=4,KD=3,KH=3,KW=3,s0=2,s1=2,s2=2,p0=1,p1=1,p2=1,d0=2,d1=2,d2=2,type_kernel=f16): 
[1;32mOK[0m

  CONV_3D(N=2,IC=1,ID=18,IH=22,IW=20,OC=4,KD=3,KH=1,KW=5,s0=2,s1=1,s2=1,p0=2,p1=0,p2=1,d0=1,d1=1,d2=2,type_kernel=f16): 
[1;32mOK[0m

  CONV_3D(N=2,IC=3,ID=18,IH=22,IW=20,OC=1,KD=3,KH=3,KW=3,s0=1,s1=1,s2=1,p0=0,p1=0,p2=0,d0=1,d1=1,d2=1,type_kernel=f16): 
[1;32mOK[0m

  CONV_3D(N=2,IC=3,ID=18,IH=22,IW=20,OC=1,KD=3,KH=1,KW=5,s0=2,s1=1,s2=1,p0=2,p1=0,p2=1,d0=1,d1=1,d2=2,type_kernel=f16): 
[1;32mOK[0m

  CONV_3D(N=2,IC=3,ID=18,IH=22,IW=20,OC=1,KD=3,KH=3,KW=3,s0=1,s1=1,s2=1,p0=0,p1=0,p2=0,d0=2,d1=2,d2=2,type_kernel=f16): 
[1;32mOK[0m

  CONV_3D(N=2,IC=3,ID=18,IH=22,IW=20,OC=1,KD=3,KH=1,KW=5,s0=2,s1=1,s2=1,p0=2,p1=0,p2=1,d0=1,d1=1,d2=2,type_kernel=f16): 
[1;32mOK[0m

  CONV_3D(N=2,IC=3,ID=18,IH=22,IW=20,OC=1,KD=3,KH=3,KW=3,s0=1,s1=1,s2=1,p0=1,p1=1,p2=1,d0=1,d1=1,d2=1,type_kernel=f16): 
[1;32mOK[0m

  CONV_3D(N=2,IC=3,ID=18,IH=22,IW=20,OC=1,KD=3,KH=1,KW=5,s0=2,s1=1,s2=1,p0=2,p1=0,p2=1,d0=1,d1=1,d2=2,type_kernel=f16): 
[1;32mOK[0m

  CONV_3D(N=2,IC=3,ID=18,IH=22,IW=20,OC=1,KD=3,KH=3,KW=3,s0=1,s1=1,s2=1,p0=1,p1=1,p2=1,d0=2,d1=2,d2=2,type_kernel=f16): 
[1;32mOK[0m

  CONV_3D(N=2,IC=3,ID=18,IH=22,IW=20,OC=1,KD=3,KH=1,KW=5,s0=2,s1=1,s2=1,p0=2,p1=0,p2=1,d0=1,d1=1,d2=2,type_kernel=f16): 
[1;32mOK[0m

  CONV_3D(N=2,IC=3,ID=18,IH=22,IW=20,OC=1,KD=3,KH=3,KW=3,s0=2,s1=2,s2=2,p0=0,p1=0,p2=0,d0=1,d1=1,d2=1,type_kernel=f16): 
[1;32mOK[0m

  CONV_3D(N=2,IC=3,ID=18,IH=22,IW=20,OC=1,KD=3,KH=1,KW=5,s0=2,s1=1,s2=1,p0=2,p1=0,p2=1,d0=1,d1=1,d2=2,type_kernel=f16): 
[1;32mOK[0m

  CONV_3D(N=2,IC=3,ID=18,IH=22,IW=20,OC=1,KD=3,KH=3,KW=3,s0=2,s1=2,s2=2,p0=0,p1=0,p2=0,d0=2,d1=2,d2=2,type_kernel=f16): 
[1;32mOK[0m

  CONV_3D(N=2,IC=3,ID=18,IH=22,IW=20,OC=1,KD=3,KH=1,KW=5,s0=2,s1=1,s2=1,p0=2,p1=0,p2=1,d0=1,d1=1,d2=2,type_kernel=f16): 
[1;32mOK[0m

  CONV_3D(N=2,IC=3,ID=18,IH=22,IW=20,OC=1,KD=3,KH=3,KW=3,s0=2,s1=2,s2=2,p0=1,p1=1,p2=1,d0=1,d1=1,d2=1,type_kernel=f16): 
[1;32mOK[0m

  CONV_3D(N=2,IC=3,ID=18,IH=22,IW=20,OC=1,KD=3,KH=1,KW=5,s0=2,s1=1,s2=1,p0=2,p1=0,p2=1,d0=1,d1=1,d2=2,type_kernel=f16): 
[1;32mOK[0m

  CONV_3D(N=2,IC=3,ID=18,IH=22,IW=20,OC=1,KD=3,KH=3,KW=3,s0=2,s1=2,s2=2,p0=1,p1=1,p2=1,d0=2,d1=2,d2=2,type_kernel=f16): 
[1;32mOK[0m

  CONV_3D(N=2,IC=3,ID=18,IH=22,IW=20,OC=1,KD=3,KH=1,KW=5,s0=2,s1=1,s2=1,p0=2,p1=0,p2=1,d0=1,d1=1,d2=2,type_kernel=f16): 
[1;32mOK[0m

  CONV_3D(N=2,IC=3,ID=18,IH=22,IW=20,OC=4,KD=3,KH=3,KW=3,s0=1,s1=1,s2=1,p0=0,p1=0,p2=0,d0=1,d1=1,d2=1,type_kernel=f16): 
[1;32mOK[0m

  CONV_3D(N=2,IC=3,ID=18,IH=22,IW=20,OC=4,KD=3,KH=1,KW=5,s0=2,s1=1,s2=1,p0=2,p1=0,p2=1,d0=1,d1=1,d2=2,type_kernel=f16): 
[1;32mOK[0m

  CONV_3D(N=2,IC=3,ID=18,IH=22,IW=20,OC=4,KD=3,KH=3,KW=3,s0=1,s1=1,s2=1,p0=0,p1=0,p2=0,d0=2,d1=2,d2=2,type_kernel=f16): 
[1;32mOK[0m

  CONV_3D(N=2,IC=3,ID=18,IH=22,IW=20,OC=4,KD=3,KH=1,KW=5,s0=2,s1=1,s2=1,p0=2,p1=0,p2=1,d0=1,d1=1,d2=2,type_kernel=f16): 
[1;32mOK[0m

  CONV_3D(N=2,IC=3,ID=18,IH=22,IW=20,OC=4,KD=3,KH=3,KW=3,s0=1,s1=1,s2=1,p0=1,p1=1,p2=1,d0=1,d1=1,d2=1,type_kernel=f16): 
[1;32mOK[0m

  CONV_3D(N=2,IC=3,ID=18,IH=22,IW=20,OC=4,KD=3,KH=1,KW=5,s0=2,s1=1,s2=1,p0=2,p1=0,p2=1,d0=1,d1=1,d2=2,type_kernel=f16): 
[1;32mOK[0m

  CONV_3D(N=2,IC=3,ID=18,IH=22,IW=20,OC=4,KD=3,KH=3,KW=3,s0=1,s1=1,s2=1,p0=1,p1=1,p2=1,d0=2,d1=2,d2=2,type_kernel=f16): 
[1;32mOK[0m

  CONV_3D(N=2,IC=3,ID=18,IH=22,IW=20,OC=4,KD=3,KH=1,KW=5,s0=2,s1=1,s2=1,p0=2,p1=0,p2=1,d0=1,d1=1,d2=2,type_kernel=f16): 
[1;32mOK[0m

  CONV_3D(N=2,IC=3,ID=18,IH=22,IW=20,OC=4,KD=3,KH=3,KW=3,s0=2,s1=2,s2=2,p0=0,p1=0,p2=0,d0=1,d1=1,d2=1,type_kernel=f16): 
[1;32mOK[0m

  CONV_3D(N=2,IC=3,ID=18,IH=22,IW=20,OC=4,KD=3,KH=1,KW=5,s0=2,s1=1,s2=1,p0=2,p1=0,p2=1,d0=1,d1=1,d2=2,type_kernel=f16): 
[1;32mOK[0m

  CONV_3D(N=2,IC=3,ID=18,IH=22,IW=20,OC=4,KD=3,KH=3,KW=3,s0=2,s1=2,s2=2,p0=0,p1=0,p2=0,d0=2,d1=2,d2=2,type_kernel=f16): 
[1;32mOK[0m

  CONV_3D(N=2,IC=3,ID=18,IH=22,IW=20,OC=4,KD=3,KH=1,KW=5,s0=2,s1=1,s2=1,p0=2,p1=0,p2=1,d0=1,d1=1,d2=2,type_kernel=f16): 
[1;32mOK[0m

  CONV_3D(N=2,IC=3,ID=18,IH=22,IW=20,OC=4,KD=3,KH=3,KW=3,s0=2,s1=2,s2=2,p0=1,p1=1,p2=1,d0=1,d1=1,d2=1,type_kernel=f16): 
[1;32mOK[0m

  CONV_3D(N=2,IC=3,ID=18,IH=22,IW=20,OC=4,KD=3,KH=1,KW=5,s0=2,s1=1,s2=1,p0=2,p1=0,p2=1,d0=1,d1=1,d2=2,type_kernel=f16): 
[1;32mOK[0m

  CONV_3D(N=2,IC=3,ID=18,IH=22,IW=20,OC=4,KD=3,KH=3,KW=3,s0=2,s1=2,s2=2,p0=1,p1=1,p2=1,d0=2,d1=2,d2=2,type_kernel=f16): 
[1;32mOK[0m

  CONV_3D(N=2,IC=3,ID=18,IH=22,IW=20,OC=4,KD=3,KH=1,KW=5,s0=2,s1=1,s2=1,p0=2,p1=0,p2=1,d0=1,d1=1,d2=2,type_kernel=f16): 
[1;32mOK[0m

  CONV_3D(N=1,IC=4,ID=8,IH=8,IW=8,OC=8,KD=1,KH=1,KW=1,s0=1,s1=1,s2=1,p0=0,p1=0,p2=0,d0=1,d1=1,d2=1,type_kernel=f16): 
[1;32mOK[0m

  350/350 tests passed

  Backend RD0: [1;32mOK[0m

2/2 backends passed

[1;32mOK[0m

ggml_test: test-backend-ops returned 0

ggml_test: rd stats graphs=1847 nodes=2483 dispatches=991 skipped=1492 barriers=573 failed_graphs=0 last{nodes=1 dispatches=0 barriers=0 skipped=1} pipelines=6 set0_created=355 slots_created=256 coop_yields=2 waits=355 faults=0 params_bytes=253696 set_bytes=352374956 get_bytes=618228556 copies=0 clears=0 buffers_live=0 bytes_live=0

== ops_main: done in 128.8 s, frames=352 pumps=352 vm_ms=128593.0 waits=350 coops=1 reads=0 read_bytes=0 uploads=0 upload_bytes=0
   cases: OK=350 FAIL=0 not_supported=0 | 350/350 tests passed | Backend RD0: OK
   IM2COL: OK=92 FAIL=0 not_supported=0
   CONV_3D: OK=258 FAIL=0 not_supported=0
   rd: graphs=1847 nodes=2483 dispatches=991 skipped=1492 barriers=573 failed_graphs=0 last{nodes=1 dispatches=0 barriers=0 skipped=1} pipelines=6 set0_created=355 slots_created=256 coop_yields=2 waits=355 faults=0 params_bytes=253696 set_bytes=352374956 get_bytes=618228556 copies=0 clears=0 buffers_live=0 bytes_live=0 rule4_same_frame_syncs=0 syncs=357 submits=357 recoveries=0 permanent_slots=0 | 29 of 29 RenderingDevice method names in slots of their own (host name cache: 32 slots)
Testing 2 devices


Backend 1/2: CPU

  Skipping

Backend 2/2: RD0

  Device description: Godot RenderingDevice (NVIDIA GeForce RTX 4090)

  Device memory: 24576 MB (24576 MB free)



  IM2COL(type_input=f32,type_kernel=f32,dst_type=f32,ne_input=[3000,128,1,1],ne_kernel=[3,128,1280,1],s0=1,s1=0,p0=1,p1=0,d0=1,d1=0,is_2D=0): 
[1;32mOK[0m

  IM2COL(type_input=f32,type_kernel=f16,dst_type=f32,ne_input=[3000,128,1,1],ne_kernel=[3,128,1280,1],s0=1,s1=0,p0=1,p1=0,d0=1,d1=0,is_2D=0): 
[1;32mOK[0m

  IM2COL(type_input=f32,type_kernel=f16,dst_type=f16,ne_input=[3000,128,1,1],ne_kernel=[3,128,1280,1],s0=1,s1=0,p0=1,p1=0,d0=1,d1=0,is_2D=0): 
[1;32mOK[0m

  IM2COL(type_input=f32,type_kernel=f16,dst_type=f16,ne_input=[3000,384,1,1],ne_kernel=[3,384,384,1],s0=1,s1=0,p0=1,p1=0,d0=1,d1=0,is_2D=0): 
[1;32mOK[0m

  IM2COL(type_input=f32,type_kernel=f32,dst_type=f32,ne_input=[20,2,2,1],ne_kernel=[3,2,2,1],s0=1,s1=0,p0=0,p1=0,d0=1,d1=0,is_2D=0): 
[1;32mOK[0m

  IM2COL(type_input=f32,type_kernel=f32,dst_type=f32,ne_input=[20,2,2,1],ne_kernel=[3,2,2,1],s0=1,s1=0,p0=0,p1=0,d0=3,d1=0,is_2D=0): 
[1;32mOK[0m

  IM2COL(type_input=f32,type_kernel=f32,dst_type=f32,ne_input=[20,2,2,1],ne_kernel=[3,2,2,1],s0=1,s1=0,p0=3,p1=0,d0=1,d1=0,is_2D=0): 
[1;32mOK[0m

  IM2COL(type_input=f32,type_kernel=f32,dst_type=f32,ne_input=[20,2,2,1],ne_kernel=[3,2,2,1],s0=1,s1=0,p0=3,p1=0,d0=3,d1=0,is_2D=0): 
[1;32mOK[0m

  IM2COL(type_input=f32,type_kernel=f32,dst_type=f32,ne_input=[20,2,2,1],ne_kernel=[3,2,2,1],s0=3,s1=0,p0=0,p1=0,d0=1,d1=0,is_2D=0): 
[1;32mOK[0m

  IM2COL(type_input=f32,type_kernel=f32,dst_type=f32,ne_input=[20,2,2,1],ne_kernel=[3,2,2,1],s0=3,s1=0,p0=0,p1=0,d0=3,d1=0,is_2D=0): 
[1;32mOK[0m

  IM2COL(type_input=f32,type_kernel=f32,dst_type=f32,ne_input=[20,2,2,1],ne_kernel=[3,2,2,1],s0=3,s1=0,p0=3,p1=0,d0=1,d1=0,is_2D=0): 
[1;32mOK[0m

  IM2COL(type_input=f32,type_kernel=f32,dst_type=f32,ne_input=[20,2,2,1],ne_kernel=[3,2,2,1],s0=3,s1=0,p0=3,p1=0,d0=3,d1=0,is_2D=0): 
[1;32mOK[0m

  IM2COL(type_input=f32,type_kernel=f32,dst_type=f32,ne_input=[10,10,3,1],ne_kernel=[3,3,3,1],s0=1,s1=1,p0=1,p1=1,d0=1,d1=1,is_2D=1): 
[1;32mOK[0m

  IM2COL(type_input=f32,type_kernel=f32,dst_type=f16,ne_input=[10,10,3,1],ne_kernel=[3,3,3,1],s0=1,s1=1,p0=1,p1=1,d0=1,d1=1,is_2D=1): 
[1;32mOK[0m

  IM2COL(type_input=f32,type_kernel=f16,dst_type=f32,ne_input=[10,10,3,1],ne_kernel=[3,3,3,1],s0=1,s1=1,p0=1,p1=1,d0=1,d1=1,is_2D=1): 
[1;32mOK[0m

  IM2COL(type_input=f32,type_kernel=f16,dst_type=f16,ne_input=[10,10,3,1],ne_kernel=[3,3,3,1],s0=1,s1=1,p0=1,p1=1,d0=1,d1=1,is_2D=1): 
[1;32mOK[0m

  IM2COL(type_input=f32,type_kernel=f32,dst_type=f32,ne_input=[20,20,2,2],ne_kernel=[3,3,2,2],s0=1,s1=1,p0=0,p1=0,d0=1,d1=1,is_2D=1): 
[1;32mOK[0m

  IM2COL(type_input=f32,type_kernel=f32,dst_type=f32,ne_input=[20,20,2,2],ne_kernel=[3,3,2,2],s0=1,s1=1,p0=0,p1=0,d0=1,d1=3,is_2D=1): 
[1;32mOK[0m

  IM2COL(type_input=f32,type_kernel=f32,dst_type=f32,ne_input=[20,20,2,2],ne_kernel=[3,3,2,2],s0=1,s1=1,p0=0,p1=0,d0=3,d1=1,is_2D=1): 
[1;32mOK[0m

  IM2COL(type_input=f32,type_kernel=f32,dst_type=f32,ne_input=[20,20,2,2],ne_kernel=[3,3,2,2],s0=1,s1=1,p0=0,p1=0,d0=3,d1=3,is_2D=1): 
[1;32mOK[0m

  IM2COL(type_input=f32,type_kernel=f32,dst_type=f32,ne_input=[20,20,2,2],ne_kernel=[3,3,2,2],s0=1,s1=1,p0=0,p1=3,d0=1,d1=1,is_2D=1): 
[1;32mOK[0m

  IM2COL(type_input=f32,type_kernel=f32,dst_type=f32,ne_input=[20,20,2,2],ne_kernel=[3,3,2,2],s0=1,s1=1,p0=0,p1=3,d0=1,d1=3,is_2D=1): 
[1;32mOK[0m

  IM2COL(type_input=f32,type_kernel=f32,dst_type=f32,ne_input=[20,20,2,2],ne_kernel=[3,3,2,2],s0=1,s1=1,p0=0,p1=3,d0=3,d1=1,is_2D=1): 
[1;32mOK[0m

  IM2COL(type_input=f32,type_kernel=f32,dst_type=f32,ne_input=[20,20,2,2],ne_kernel=[3,3,2,2],s0=1,s1=1,p0=0,p1=3,d0=3,d1=3,is_2D=1): 
[1;32mOK[0m

  IM2COL(type_input=f32,type_kernel=f32,dst_type=f32,ne_input=[20,20,2,2],ne_kernel=[3,3,2,2],s0=1,s1=1,p0=3,p1=0,d0=1,d1=1,is_2D=1): 
[1;32mOK[0m

  IM2COL(type_input=f32,type_kernel=f32,dst_type=f32,ne_input=[20,20,2,2],ne_kernel=[3,3,2,2],s0=1,s1=1,p0=3,p1=0,d0=1,d1=3,is_2D=1): 
[1;32mOK[0m

  IM2COL(type_input=f32,type_kernel=f32,dst_type=f32,ne_input=[20,20,2,2],ne_kernel=[3,3,2,2],s0=1,s1=1,p0=3,p1=0,d0=3,d1=1,is_2D=1): 
[1;32mOK[0m

  IM2COL(type_input=f32,type_kernel=f32,dst_type=f32,ne_input=[20,20,2,2],ne_kernel=[3,3,2,2],s0=1,s1=1,p0=3,p1=0,d0=3,d1=3,is_2D=1): 
[1;32mOK[0m

  IM2COL(type_input=f32,type_kernel=f32,dst_type=f32,ne_input=[20,20,2,2],ne_kernel=[3,3,2,2],s0=1,s1=1,p0=3,p1=3,d0=1,d1=1,is_2D=1): 
[1;32mOK[0m

  IM2COL(type_input=f32,type_kernel=f32,dst_type=f32,ne_input=[20,20,2,2],ne_kernel=[3,3,2,2],s0=1,s1=1,p0=3,p1=3,d0=1,d1=3,is_2D=1): 
[1;32mOK[0m

  IM2COL(type_input=f32,type_kernel=f32,dst_type=f32,ne_input=[20,20,2,2],ne_kernel=[3,3,2,2],s0=1,s1=1,p0=3,p1=3,d0=3,d1=1,is_2D=1): 
[1;32mOK[0m

  IM2COL(type_input=f32,type_kernel=f32,dst_type=f32,ne_input=[20,20,2,2],ne_kernel=[3,3,2,2],s0=1,s1=1,p0=3,p1=3,d0=3,d1=3,is_2D=1): 
[1;32mOK[0m

  IM2COL(type_input=f32,type_kernel=f32,dst_type=f32,ne_input=[20,20,2,2],ne_kernel=[3,3,2,2],s0=1,s1=3,p0=0,p1=0,d0=1,d1=1,is_2D=1): 
[1;32mOK[0m

  IM2COL(type_input=f32,type_kernel=f32,dst_type=f32,ne_input=[20,20,2,2],ne_kernel=[3,3,2,2],s0=1,s1=3,p0=0,p1=0,d0=1,d1=3,is_2D=1): 
[1;32mOK[0m

  IM2COL(type_input=f32,type_kernel=f32,dst_type=f32,ne_input=[20,20,2,2],ne_kernel=[3,3,2,2],s0=1,s1=3,p0=0,p1=0,d0=3,d1=1,is_2D=1): 
[1;32mOK[0m

  IM2COL(type_input=f32,type_kernel=f32,dst_type=f32,ne_input=[20,20,2,2],ne_kernel=[3,3,2,2],s0=1,s1=3,p0=0,p1=0,d0=3,d1=3,is_2D=1): 
[1;32mOK[0m

  IM2COL(type_input=f32,type_kernel=f32,dst_type=f32,ne_input=[20,20,2,2],ne_kernel=[3,3,2,2],s0=1,s1=3,p0=0,p1=3,d0=1,d1=1,is_2D=1): 
[1;32mOK[0m

  IM2COL(type_input=f32,type_kernel=f32,dst_type=f32,ne_input=[20,20,2,2],ne_kernel=[3,3,2,2],s0=1,s1=3,p0=0,p1=3,d0=1,d1=3,is_2D=1): 
[1;32mOK[0m

  IM2COL(type_input=f32,type_kernel=f32,dst_type=f32,ne_input=[20,20,2,2],ne_kernel=[3,3,2,2],s0=1,s1=3,p0=0,p1=3,d0=3,d1=1,is_2D=1): 
[1;32mOK[0m

  IM2COL(type_input=f32,type_kernel=f32,dst_type=f32,ne_input=[20,20,2,2],ne_kernel=[3,3,2,2],s0=1,s1=3,p0=0,p1=3,d0=3,d1=3,is_2D=1): 
[1;32mOK[0m

  IM2COL(type_input=f32,type_kernel=f32,dst_type=f32,ne_input=[20,20,2,2],ne_kernel=[3,3,2,2],s0=1,s1=3,p0=3,p1=0,d0=1,d1=1,is_2D=1): 
[1;32mOK[0m

  IM2COL(type_input=f32,type_kernel=f32,dst_type=f32,ne_input=[20,20,2,2],ne_kernel=[3,3,2,2],s0=1,s1=3,p0=3,p1=0,d0=1,d1=3,is_2D=1): 
[1;32mOK[0m

  IM2COL(type_input=f32,type_kernel=f32,dst_type=f32,ne_input=[20,20,2,2],ne_kernel=[3,3,2,2],s0=1,s1=3,p0=3,p1=0,d0=3,d1=1,is_2D=1): 
[1;32mOK[0m

  IM2COL(type_input=f32,type_kernel=f32,dst_type=f32,ne_input=[20,20,2,2],ne_kernel=[3,3,2,2],s0=1,s1=3,p0=3,p1=0,d0=3,d1=3,is_2D=1): 
[1;32mOK[0m

  IM2COL(type_input=f32,type_kernel=f32,dst_type=f32,ne_input=[20,20,2,2],ne_kernel=[3,3,2,2],s0=1,s1=3,p0=3,p1=3,d0=1,d1=1,is_2D=1): 
[1;32mOK[0m

  IM2COL(type_input=f32,type_kernel=f32,dst_type=f32,ne_input=[20,20,2,2],ne_kernel=[3,3,2,2],s0=1,s1=3,p0=3,p1=3,d0=1,d1=3,is_2D=1): 
[1;32mOK[0m

  IM2COL(type_input=f32,type_kernel=f32,dst_type=f32,ne_input=[20,20,2,2],ne_kernel=[3,3,2,2],s0=1,s1=3,p0=3,p1=3,d0=3,d1=1,is_2D=1): 
[1;32mOK[0m

  IM2COL(type_input=f32,type_kernel=f32,dst_type=f32,ne_input=[20,20,2,2],ne_kernel=[3,3,2,2],s0=1,s1=3,p0=3,p1=3,d0=3,d1=3,is_2D=1): 
[1;32mOK[0m

  IM2COL(type_input=f32,type_kernel=f32,dst_type=f32,ne_input=[20,20,2,2],ne_kernel=[3,3,2,2],s0=3,s1=1,p0=0,p1=0,d0=1,d1=1,is_2D=1): 
[1;32mOK[0m

  IM2COL(type_input=f32,type_kernel=f32,dst_type=f32,ne_input=[20,20,2,2],ne_kernel=[3,3,2,2],s0=3,s1=1,p0=0,p1=0,d0=1,d1=3,is_2D=1): 
[1;32mOK[0m

  IM2COL(type_input=f32,type_kernel=f32,dst_type=f32,ne_input=[20,20,2,2],ne_kernel=[3,3,2,2],s0=3,s1=1,p0=0,p1=0,d0=3,d1=1,is_2D=1): 
[1;32mOK[0m

  IM2COL(type_input=f32,type_kernel=f32,dst_type=f32,ne_input=[20,20,2,2],ne_kernel=[3,3,2,2],s0=3,s1=1,p0=0,p1=0,d0=3,d1=3,is_2D=1): 
[1;32mOK[0m

  IM2COL(type_input=f32,type_kernel=f32,dst_type=f32,ne_input=[20,20,2,2],ne_kernel=[3,3,2,2],s0=3,s1=1,p0=0,p1=3,d0=1,d1=1,is_2D=1): 
[1;32mOK[0m

  IM2COL(type_input=f32,type_kernel=f32,dst_type=f32,ne_input=[20,20,2,2],ne_kernel=[3,3,2,2],s0=3,s1=1,p0=0,p1=3,d0=1,d1=3,is_2D=1): 
[1;32mOK[0m

  IM2COL(type_input=f32,type_kernel=f32,dst_type=f32,ne_input=[20,20,2,2],ne_kernel=[3,3,2,2],s0=3,s1=1,p0=0,p1=3,d0=3,d1=1,is_2D=1): 
[1;32mOK[0m

  IM2COL(type_input=f32,type_kernel=f32,dst_type=f32,ne_input=[20,20,2,2],ne_kernel=[3,3,2,2],s0=3,s1=1,p0=0,p1=3,d0=3,d1=3,is_2D=1): 
[1;32mOK[0m

  IM2COL(type_input=f32,type_kernel=f32,dst_type=f32,ne_input=[20,20,2,2],ne_kernel=[3,3,2,2],s0=3,s1=1,p0=3,p1=0,d0=1,d1=1,is_2D=1): 
[1;32mOK[0m

  IM2COL(type_input=f32,type_kernel=f32,dst_type=f32,ne_input=[20,20,2,2],ne_kernel=[3,3,2,2],s0=3,s1=1,p0=3,p1=0,d0=1,d1=3,is_2D=1): 
[1;32mOK[0m

  IM2COL(type_input=f32,type_kernel=f32,dst_type=f32,ne_input=[20,20,2,2],ne_kernel=[3,3,2,2],s0=3,s1=1,p0=3,p1=0,d0=3,d1=1,is_2D=1): 
[1;32mOK[0m

  IM2COL(type_input=f32,type_kernel=f32,dst_type=f32,ne_input=[20,20,2,2],ne_kernel=[3,3,2,2],s0=3,s1=1,p0=3,p1=0,d0=3,d1=3,is_2D=1): 
[1;32mOK[0m

  IM2COL(type_input=f32,type_kernel=f32,dst_type=f32,ne_input=[20,20,2,2],ne_kernel=[3,3,2,2],s0=3,s1=1,p0=3,p1=3,d0=1,d1=1,is_2D=1): 
[1;32mOK[0m

  IM2COL(type_input=f32,type_kernel=f32,dst_type=f32,ne_input=[20,20,2,2],ne_kernel=[3,3,2,2],s0=3,s1=1,p0=3,p1=3,d0=1,d1=3,is_2D=1): 
[1;32mOK[0m

  IM2COL(type_input=f32,type_kernel=f32,dst_type=f32,ne_input=[20,20,2,2],ne_kernel=[3,3,2,2],s0=3,s1=1,p0=3,p1=3,d0=3,d1=1,is_2D=1): 
[1;32mOK[0m

  IM2COL(type_input=f32,type_kernel=f32,dst_type=f32,ne_input=[20,20,2,2],ne_kernel=[3,3,2,2],s0=3,s1=1,p0=3,p1=3,d0=3,d1=3,is_2D=1): 
[1;32mOK[0m

  IM2COL(type_input=f32,type_kernel=f32,dst_type=f32,ne_input=[20,20,2,2],ne_kernel=[3,3,2,2],s0=3,s1=3,p0=0,p1=0,d0=1,d1=1,is_2D=1): 
[1;32mOK[0m

  IM2COL(type_input=f32,type_kernel=f32,dst_type=f32,ne_input=[20,20,2,2],ne_kernel=[3,3,2,2],s0=3,s1=3,p0=0,p1=0,d0=1,d1=3,is_2D=1): 
[1;32mOK[0m

  IM2COL(type_input=f32,type_kernel=f32,dst_type=f32,ne_input=[20,20,2,2],ne_kernel=[3,3,2,2],s0=3,s1=3,p0=0,p1=0,d0=3,d1=1,is_2D=1): 
[1;32mOK[0m

  IM2COL(type_input=f32,type_kernel=f32,dst_type=f32,ne_input=[20,20,2,2],ne_kernel=[3,3,2,2],s0=3,s1=3,p0=0,p1=0,d0=3,d1=3,is_2D=1): 
[1;32mOK[0m

  IM2COL(type_input=f32,type_kernel=f32,dst_type=f32,ne_input=[20,20,2,2],ne_kernel=[3,3,2,2],s0=3,s1=3,p0=0,p1=3,d0=1,d1=1,is_2D=1): 
[1;32mOK[0m

  IM2COL(type_input=f32,type_kernel=f32,dst_type=f32,ne_input=[20,20,2,2],ne_kernel=[3,3,2,2],s0=3,s1=3,p0=0,p1=3,d0=1,d1=3,is_2D=1): 
[1;32mOK[0m

  IM2COL(type_input=f32,type_kernel=f32,dst_type=f32,ne_input=[20,20,2,2],ne_kernel=[3,3,2,2],s0=3,s1=3,p0=0,p1=3,d0=3,d1=1,is_2D=1): 
[1;32mOK[0m

  IM2COL(type_input=f32,type_kernel=f32,dst_type=f32,ne_input=[20,20,2,2],ne_kernel=[3,3,2,2],s0=3,s1=3,p0=0,p1=3,d0=3,d1=3,is_2D=1): 
[1;32mOK[0m

  IM2COL(type_input=f32,type_kernel=f32,dst_type=f32,ne_input=[20,20,2,2],ne_kernel=[3,3,2,2],s0=3,s1=3,p0=3,p1=0,d0=1,d1=1,is_2D=1): 
[1;32mOK[0m

  IM2COL(type_input=f32,type_kernel=f32,dst_type=f32,ne_input=[20,20,2,2],ne_kernel=[3,3,2,2],s0=3,s1=3,p0=3,p1=0,d0=1,d1=3,is_2D=1): 
[1;32mOK[0m

  IM2COL(type_input=f32,type_kernel=f32,dst_type=f32,ne_input=[20,20,2,2],ne_kernel=[3,3,2,2],s0=3,s1=3,p0=3,p1=0,d0=3,d1=1,is_2D=1): 
[1;32mOK[0m

  IM2COL(type_input=f32,type_kernel=f32,dst_type=f32,ne_input=[20,20,2,2],ne_kernel=[3,3,2,2],s0=3,s1=3,p0=3,p1=0,d0=3,d1=3,is_2D=1): 
[1;32mOK[0m

  IM2COL(type_input=f32,type_kernel=f32,dst_type=f32,ne_input=[20,20,2,2],ne_kernel=[3,3,2,2],s0=3,s1=3,p0=3,p1=3,d0=1,d1=1,is_2D=1): 
[1;32mOK[0m

  IM2COL(type_input=f32,type_kernel=f32,dst_type=f32,ne_input=[20,20,2,2],ne_kernel=[3,3,2,2],s0=3,s1=3,p0=3,p1=3,d0=1,d1=3,is_2D=1): 
[1;32mOK[0m

  IM2COL(type_input=f32,type_kernel=f32,dst_type=f32,ne_input=[20,20,2,2],ne_kernel=[3,3,2,2],s0=3,s1=3,p0=3,p1=3,d0=3,d1=1,is_2D=1): 
[1;32mOK[0m

  IM2COL(type_input=f32,type_kernel=f32,dst_type=f32,ne_input=[20,20,2,2],ne_kernel=[3,3,2,2],s0=3,s1=3,p0=3,p1=3,d0=3,d1=3,is_2D=1): 
[1;32mOK[0m

  IM2COL(type_input=f32,type_kernel=f16,dst_type=f16,ne_input=[12,12,1,32],ne_kernel=[3,3,1,32],s0=1,s1=1,p0=1,p1=1,d0=1,d1=1,is_2D=1): 
[1;32mOK[0m

  IM2COL(type_input=f32,type_kernel=f16,dst_type=f16,ne_input=[12,12,2,32],ne_kernel=[3,3,2,32],s0=1,s1=1,p0=1,p1=1,d0=1,d1=1,is_2D=1): 
[1;32mOK[0m

  IM2COL(type_input=f32,type_kernel=f16,dst_type=f16,ne_input=[12,12,1,1024],ne_kernel=[3,3,1,1024],s0=1,s1=1,p0=1,p1=1,d0=1,d1=1,is_2D=1): 
[1;32mOK[0m

  IM2COL(type_input=f32,type_kernel=f16,dst_type=f16,ne_input=[12,12,2,1024],ne_kernel=[3,3,2,1024],s0=1,s1=1,p0=1,p1=1,d0=1,d1=1,is_2D=1): 
[1;32mOK[0m

  IM2COL(type_input=f32,type_kernel=f16,dst_type=f16,ne_input=[12,12,1,2048],ne_kernel=[3,3,1,2048],s0=1,s1=1,p0=1,p1=1,d0=1,d1=1,is_2D=1): 
[1;32mOK[0m

  IM2COL(type_input=f32,type_kernel=f16,dst_type=f16,ne_input=[12,12,2,2048],ne_kernel=[3,3,2,2048],s0=1,s1=1,p0=1,p1=1,d0=1,d1=1,is_2D=1): 
[1;32mOK[0m

  IM2COL(type_input=f32,type_kernel=f16,dst_type=f16,ne_input=[12,12,1,2560],ne_kernel=[3,3,1,2560],s0=1,s1=1,p0=1,p1=1,d0=1,d1=1,is_2D=1): 
[1;32mOK[0m

  IM2COL(type_input=f32,type_kernel=f16,dst_type=f16,ne_input=[12,12,2,2560],ne_kernel=[3,3,2,2560],s0=1,s1=1,p0=1,p1=1,d0=1,d1=1,is_2D=1): 
[1;32mOK[0m

  IM2COL(type_input=f32,type_kernel=f16,dst_type=f16,ne_input=[5,5,1,32],ne_kernel=[3,4,1,32],s0=1,s1=1,p0=0,p1=0,d0=1,d1=1,is_2D=1): 
[1;32mOK[0m

  IM2COL(type_input=f32,type_kernel=f32,dst_type=f32,ne_input=[2,2,1536,729],ne_kernel=[2,2,1536,4096],s0=1,s1=1,p0=0,p1=0,d0=1,d1=1,is_2D=1): 
[1;32mOK[0m

  IM2COL(type_input=f32,type_kernel=f16,dst_type=f16,ne_input=[128,128,1,2],ne_kernel=[32,33,1,2],s0=1,s1=1,p0=1,p1=1,d0=1,d1=1,is_2D=1): 
[1;32mOK[0m

  IM2COL(type_input=f32,type_kernel=f16,dst_type=f16,ne_input=[128,128,2,1],ne_kernel=[33,34,2,1],s0=1,s1=1,p0=1,p1=1,d0=1,d1=1,is_2D=1): 
[1;32mOK[0m

  CONV_3D(N=1,IC=1,ID=18,IH=22,IW=20,OC=1,KD=3,KH=3,KW=3,s0=1,s1=1,s2=1,p0=0,p1=0,p2=0,d0=1,d1=1,d2=1,type_kernel=f32): 
[1;32mOK[0m

  CONV_3D(N=1,IC=1,ID=18,IH=22,IW=20,OC=1,KD=3,KH=1,KW=5,s0=2,s1=1,s2=1,p0=2,p1=0,p2=1,d0=1,d1=1,d2=2,type_kernel=f32): 
[1;32mOK[0m

  CONV_3D(N=1,IC=1,ID=18,IH=22,IW=20,OC=1,KD=3,KH=3,KW=3,s0=1,s1=1,s2=1,p0=0,p1=0,p2=0,d0=2,d1=2,d2=2,type_kernel=f32): 
[1;32mOK[0m

  CONV_3D(N=1,IC=1,ID=18,IH=22,IW=20,OC=1,KD=3,KH=1,KW=5,s0=2,s1=1,s2=1,p0=2,p1=0,p2=1,d0=1,d1=1,d2=2,type_kernel=f32): 
[1;32mOK[0m

  CONV_3D(N=1,IC=1,ID=18,IH=22,IW=20,OC=1,KD=3,KH=3,KW=3,s0=1,s1=1,s2=1,p0=1,p1=1,p2=1,d0=1,d1=1,d2=1,type_kernel=f32): 
[1;32mOK[0m

  CONV_3D(N=1,IC=1,ID=18,IH=22,IW=20,OC=1,KD=3,KH=1,KW=5,s0=2,s1=1,s2=1,p0=2,p1=0,p2=1,d0=1,d1=1,d2=2,type_kernel=f32): 
[1;32mOK[0m

  CONV_3D(N=1,IC=1,ID=18,IH=22,IW=20,OC=1,KD=3,KH=3,KW=3,s0=1,s1=1,s2=1,p0=1,p1=1,p2=1,d0=2,d1=2,d2=2,type_kernel=f32): 
[1;32mOK[0m

  CONV_3D(N=1,IC=1,ID=18,IH=22,IW=20,OC=1,KD=3,KH=1,KW=5,s0=2,s1=1,s2=1,p0=2,p1=0,p2=1,d0=1,d1=1,d2=2,type_kernel=f32): 
[1;32mOK[0m

  CONV_3D(N=1,IC=1,ID=18,IH=22,IW=20,OC=1,KD=3,KH=3,KW=3,s0=2,s1=2,s2=2,p0=0,p1=0,p2=0,d0=1,d1=1,d2=1,type_kernel=f32): 
[1;32mOK[0m

  CONV_3D(N=1,IC=1,ID=18,IH=22,IW=20,OC=1,KD=3,KH=1,KW=5,s0=2,s1=1,s2=1,p0=2,p1=0,p2=1,d0=1,d1=1,d2=2,type_kernel=f32): 
[1;32mOK[0m

  CONV_3D(N=1,IC=1,ID=18,IH=22,IW=20,OC=1,KD=3,KH=3,KW=3,s0=2,s1=2,s2=2,p0=0,p1=0,p2=0,d0=2,d1=2,d2=2,type_kernel=f32): 
[1;32mOK[0m

  CONV_3D(N=1,IC=1,ID=18,IH=22,IW=20,OC=1,KD=3,KH=1,KW=5,s0=2,s1=1,s2=1,p0=2,p1=0,p2=1,d0=1,d1=1,d2=2,type_kernel=f32): 
[1;32mOK[0m

  CONV_3D(N=1,IC=1,ID=18,IH=22,IW=20,OC=1,KD=3,KH=3,KW=3,s0=2,s1=2,s2=2,p0=1,p1=1,p2=1,d0=1,d1=1,d2=1,type_kernel=f32): 
[1;32mOK[0m

  CONV_3D(N=1,IC=1,ID=18,IH=22,IW=20,OC=1,KD=3,KH=1,KW=5,s0=2,s1=1,s2=1,p0=2,p1=0,p2=1,d0=1,d1=1,d2=2,type_kernel=f32): 
[1;32mOK[0m

  CONV_3D(N=1,IC=1,ID=18,IH=22,IW=20,OC=1,KD=3,KH=3,KW=3,s0=2,s1=2,s2=2,p0=1,p1=1,p2=1,d0=2,d1=2,d2=2,type_kernel=f32): 
[1;32mOK[0m

  CONV_3D(N=1,IC=1,ID=18,IH=22,IW=20,OC=1,KD=3,KH=1,KW=5,s0=2,s1=1,s2=1,p0=2,p1=0,p2=1,d0=1,d1=1,d2=2,type_kernel=f32): 
[1;32mOK[0m

  CONV_3D(N=1,IC=1,ID=18,IH=22,IW=20,OC=4,KD=3,KH=3,KW=3,s0=1,s1=1,s2=1,p0=0,p1=0,p2=0,d0=1,d1=1,d2=1,type_kernel=f32): 
[1;32mOK[0m

  CONV_3D(N=1,IC=1,ID=18,IH=22,IW=20,OC=4,KD=3,KH=1,KW=5,s0=2,s1=1,s2=1,p0=2,p1=0,p2=1,d0=1,d1=1,d2=2,type_kernel=f32): 
[1;32mOK[0m

  CONV_3D(N=1,IC=1,ID=18,IH=22,IW=20,OC=4,KD=3,KH=3,KW=3,s0=1,s1=1,s2=1,p0=0,p1=0,p2=0,d0=2,d1=2,d2=2,type_kernel=f32): 
[1;32mOK[0m

  CONV_3D(N=1,IC=1,ID=18,IH=22,IW=20,OC=4,KD=3,KH=1,KW=5,s0=2,s1=1,s2=1,p0=2,p1=0,p2=1,d0=1,d1=1,d2=2,type_kernel=f32): 
[1;32mOK[0m

  CONV_3D(N=1,IC=1,ID=18,IH=22,IW=20,OC=4,KD=3,KH=3,KW=3,s0=1,s1=1,s2=1,p0=1,p1=1,p2=1,d0=1,d1=1,d2=1,type_kernel=f32): 
[1;32mOK[0m

  CONV_3D(N=1,IC=1,ID=18,IH=22,IW=20,OC=4,KD=3,KH=1,KW=5,s0=2,s1=1,s2=1,p0=2,p1=0,p2=1,d0=1,d1=1,d2=2,type_kernel=f32): 
[1;32mOK[0m

  CONV_3D(N=1,IC=1,ID=18,IH=22,IW=20,OC=4,KD=3,KH=3,KW=3,s0=1,s1=1,s2=1,p0=1,p1=1,p2=1,d0=2,d1=2,d2=2,type_kernel=f32): 
[1;32mOK[0m

  CONV_3D(N=1,IC=1,ID=18,IH=22,IW=20,OC=4,KD=3,KH=1,KW=5,s0=2,s1=1,s2=1,p0=2,p1=0,p2=1,d0=1,d1=1,d2=2,type_kernel=f32): 
[1;32mOK[0m

  CONV_3D(N=1,IC=1,ID=18,IH=22,IW=20,OC=4,KD=3,KH=3,KW=3,s0=2,s1=2,s2=2,p0=0,p1=0,p2=0,d0=1,d1=1,d2=1,type_kernel=f32): 
[1;32mOK[0m

  CONV_3D(N=1,IC=1,ID=18,IH=22,IW=20,OC=4,KD=3,KH=1,KW=5,s0=2,s1=1,s2=1,p0=2,p1=0,p2=1,d0=1,d1=1,d2=2,type_kernel=f32): 
[1;32mOK[0m

  CONV_3D(N=1,IC=1,ID=18,IH=22,IW=20,OC=4,KD=3,KH=3,KW=3,s0=2,s1=2,s2=2,p0=0,p1=0,p2=0,d0=2,d1=2,d2=2,type_kernel=f32): 
[1;32mOK[0m

  CONV_3D(N=1,IC=1,ID=18,IH=22,IW=20,OC=4,KD=3,KH=1,KW=5,s0=2,s1=1,s2=1,p0=2,p1=0,p2=1,d0=1,d1=1,d2=2,type_kernel=f32): 
[1;32mOK[0m

  CONV_3D(N=1,IC=1,ID=18,IH=22,IW=20,OC=4,KD=3,KH=3,KW=3,s0=2,s1=2,s2=2,p0=1,p1=1,p2=1,d0=1,d1=1,d2=1,type_kernel=f32): 
[1;32mOK[0m

  CONV_3D(N=1,IC=1,ID=18,IH=22,IW=20,OC=4,KD=3,KH=1,KW=5,s0=2,s1=1,s2=1,p0=2,p1=0,p2=1,d0=1,d1=1,d2=2,type_kernel=f32): 
[1;32mOK[0m

  CONV_3D(N=1,IC=1,ID=18,IH=22,IW=20,OC=4,KD=3,KH=3,KW=3,s0=2,s1=2,s2=2,p0=1,p1=1,p2=1,d0=2,d1=2,d2=2,type_kernel=f32): 
[1;32mOK[0m

  CONV_3D(N=1,IC=1,ID=18,IH=22,IW=20,OC=4,KD=3,KH=1,KW=5,s0=2,s1=1,s2=1,p0=2,p1=0,p2=1,d0=1,d1=1,d2=2,type_kernel=f32): 
[1;32mOK[0m

  CONV_3D(N=1,IC=3,ID=18,IH=22,IW=20,OC=1,KD=3,KH=3,KW=3,s0=1,s1=1,s2=1,p0=0,p1=0,p2=0,d0=1,d1=1,d2=1,type_kernel=f32): 
[1;32mOK[0m

  CONV_3D(N=1,IC=3,ID=18,IH=22,IW=20,OC=1,KD=3,KH=1,KW=5,s0=2,s1=1,s2=1,p0=2,p1=0,p2=1,d0=1,d1=1,d2=2,type_kernel=f32): 
[1;32mOK[0m

  CONV_3D(N=1,IC=3,ID=18,IH=22,IW=20,OC=1,KD=3,KH=3,KW=3,s0=1,s1=1,s2=1,p0=0,p1=0,p2=0,d0=2,d1=2,d2=2,type_kernel=f32): 
[1;32mOK[0m

  CONV_3D(N=1,IC=3,ID=18,IH=22,IW=20,OC=1,KD=3,KH=1,KW=5,s0=2,s1=1,s2=1,p0=2,p1=0,p2=1,d0=1,d1=1,d2=2,type_kernel=f32): 
[1;32mOK[0m

  CONV_3D(N=1,IC=3,ID=18,IH=22,IW=20,OC=1,KD=3,KH=3,KW=3,s0=1,s1=1,s2=1,p0=1,p1=1,p2=1,d0=1,d1=1,d2=1,type_kernel=f32): 
[1;32mOK[0m

  CONV_3D(N=1,IC=3,ID=18,IH=22,IW=20,OC=1,KD=3,KH=1,KW=5,s0=2,s1=1,s2=1,p0=2,p1=0,p2=1,d0=1,d1=1,d2=2,type_kernel=f32): 
[1;32mOK[0m

  CONV_3D(N=1,IC=3,ID=18,IH=22,IW=20,OC=1,KD=3,KH=3,KW=3,s0=1,s1=1,s2=1,p0=1,p1=1,p2=1,d0=2,d1=2,d2=2,type_kernel=f32): 
[1;32mOK[0m

  CONV_3D(N=1,IC=3,ID=18,IH=22,IW=20,OC=1,KD=3,KH=1,KW=5,s0=2,s1=1,s2=1,p0=2,p1=0,p2=1,d0=1,d1=1,d2=2,type_kernel=f32): 
[1;32mOK[0m

  CONV_3D(N=1,IC=3,ID=18,IH=22,IW=20,OC=1,KD=3,KH=3,KW=3,s0=2,s1=2,s2=2,p0=0,p1=0,p2=0,d0=1,d1=1,d2=1,type_kernel=f32): 
[1;32mOK[0m

  CONV_3D(N=1,IC=3,ID=18,IH=22,IW=20,OC=1,KD=3,KH=1,KW=5,s0=2,s1=1,s2=1,p0=2,p1=0,p2=1,d0=1,d1=1,d2=2,type_kernel=f32): 
[1;32mOK[0m

  CONV_3D(N=1,IC=3,ID=18,IH=22,IW=20,OC=1,KD=3,KH=3,KW=3,s0=2,s1=2,s2=2,p0=0,p1=0,p2=0,d0=2,d1=2,d2=2,type_kernel=f32): 
[1;32mOK[0m

  CONV_3D(N=1,IC=3,ID=18,IH=22,IW=20,OC=1,KD=3,KH=1,KW=5,s0=2,s1=1,s2=1,p0=2,p1=0,p2=1,d0=1,d1=1,d2=2,type_kernel=f32): 
[1;32mOK[0m

  CONV_3D(N=1,IC=3,ID=18,IH=22,IW=20,OC=1,KD=3,KH=3,KW=3,s0=2,s1=2,s2=2,p0=1,p1=1,p2=1,d0=1,d1=1,d2=1,type_kernel=f32): 
[1;32mOK[0m

  CONV_3D(N=1,IC=3,ID=18,IH=22,IW=20,OC=1,KD=3,KH=1,KW=5,s0=2,s1=1,s2=1,p0=2,p1=0,p2=1,d0=1,d1=1,d2=2,type_kernel=f32): 
[1;32mOK[0m

  CONV_3D(N=1,IC=3,ID=18,IH=22,IW=20,OC=1,KD=3,KH=3,KW=3,s0=2,s1=2,s2=2,p0=1,p1=1,p2=1,d0=2,d1=2,d2=2,type_kernel=f32): 
[1;32mOK[0m

  CONV_3D(N=1,IC=3,ID=18,IH=22,IW=20,OC=1,KD=3,KH=1,KW=5,s0=2,s1=1,s2=1,p0=2,p1=0,p2=1,d0=1,d1=1,d2=2,type_kernel=f32): 
[1;32mOK[0m

  CONV_3D(N=1,IC=3,ID=18,IH=22,IW=20,OC=4,KD=3,KH=3,KW=3,s0=1,s1=1,s2=1,p0=0,p1=0,p2=0,d0=1,d1=1,d2=1,type_kernel=f32): 
[1;32mOK[0m

  CONV_3D(N=1,IC=3,ID=18,IH=22,IW=20,OC=4,KD=3,KH=1,KW=5,s0=2,s1=1,s2=1,p0=2,p1=0,p2=1,d0=1,d1=1,d2=2,type_kernel=f32): 
[1;32mOK[0m

  CONV_3D(N=1,IC=3,ID=18,IH=22,IW=20,OC=4,KD=3,KH=3,KW=3,s0=1,s1=1,s2=1,p0=0,p1=0,p2=0,d0=2,d1=2,d2=2,type_kernel=f32): 
[1;32mOK[0m

  CONV_3D(N=1,IC=3,ID=18,IH=22,IW=20,OC=4,KD=3,KH=1,KW=5,s0=2,s1=1,s2=1,p0=2,p1=0,p2=1,d0=1,d1=1,d2=2,type_kernel=f32): 
[1;32mOK[0m

  CONV_3D(N=1,IC=3,ID=18,IH=22,IW=20,OC=4,KD=3,KH=3,KW=3,s0=1,s1=1,s2=1,p0=1,p1=1,p2=1,d0=1,d1=1,d2=1,type_kernel=f32): 
[1;32mOK[0m

  CONV_3D(N=1,IC=3,ID=18,IH=22,IW=20,OC=4,KD=3,KH=1,KW=5,s0=2,s1=1,s2=1,p0=2,p1=0,p2=1,d0=1,d1=1,d2=2,type_kernel=f32): 
[1;32mOK[0m

  CONV_3D(N=1,IC=3,ID=18,IH=22,IW=20,OC=4,KD=3,KH=3,KW=3,s0=1,s1=1,s2=1,p0=1,p1=1,p2=1,d0=2,d1=2,d2=2,type_kernel=f32): 
[1;32mOK[0m

  CONV_3D(N=1,IC=3,ID=18,IH=22,IW=20,OC=4,KD=3,KH=1,KW=5,s0=2,s1=1,s2=1,p0=2,p1=0,p2=1,d0=1,d1=1,d2=2,type_kernel=f32): 
[1;32mOK[0m

  CONV_3D(N=1,IC=3,ID=18,IH=22,IW=20,OC=4,KD=3,KH=3,KW=3,s0=2,s1=2,s2=2,p0=0,p1=0,p2=0,d0=1,d1=1,d2=1,type_kernel=f32): 
[1;32mOK[0m

  CONV_3D(N=1,IC=3,ID=18,IH=22,IW=20,OC=4,KD=3,KH=1,KW=5,s0=2,s1=1,s2=1,p0=2,p1=0,p2=1,d0=1,d1=1,d2=2,type_kernel=f32): 
[1;32mOK[0m

  CONV_3D(N=1,IC=3,ID=18,IH=22,IW=20,OC=4,KD=3,KH=3,KW=3,s0=2,s1=2,s2=2,p0=0,p1=0,p2=0,d0=2,d1=2,d2=2,type_kernel=f32): 
[1;32mOK[0m

  CONV_3D(N=1,IC=3,ID=18,IH=22,IW=20,OC=4,KD=3,KH=1,KW=5,s0=2,s1=1,s2=1,p0=2,p1=0,p2=1,d0=1,d1=1,d2=2,type_kernel=f32): 
[1;32mOK[0m

  CONV_3D(N=1,IC=3,ID=18,IH=22,IW=20,OC=4,KD=3,KH=3,KW=3,s0=2,s1=2,s2=2,p0=1,p1=1,p2=1,d0=1,d1=1,d2=1,type_kernel=f32): 
[1;32mOK[0m

  CONV_3D(N=1,IC=3,ID=18,IH=22,IW=20,OC=4,KD=3,KH=1,KW=5,s0=2,s1=1,s2=1,p0=2,p1=0,p2=1,d0=1,d1=1,d2=2,type_kernel=f32): 
[1;32mOK[0m

  CONV_3D(N=1,IC=3,ID=18,IH=22,IW=20,OC=4,KD=3,KH=3,KW=3,s0=2,s1=2,s2=2,p0=1,p1=1,p2=1,d0=2,d1=2,d2=2,type_kernel=f32): 
[1;32mOK[0m

  CONV_3D(N=1,IC=3,ID=18,IH=22,IW=20,OC=4,KD=3,KH=1,KW=5,s0=2,s1=1,s2=1,p0=2,p1=0,p2=1,d0=1,d1=1,d2=2,type_kernel=f32): 
[1;32mOK[0m

  CONV_3D(N=2,IC=1,ID=18,IH=22,IW=20,OC=1,KD=3,KH=3,KW=3,s0=1,s1=1,s2=1,p0=0,p1=0,p2=0,d0=1,d1=1,d2=1,type_kernel=f32): 
[1;32mOK[0m

  CONV_3D(N=2,IC=1,ID=18,IH=22,IW=20,OC=1,KD=3,KH=1,KW=5,s0=2,s1=1,s2=1,p0=2,p1=0,p2=1,d0=1,d1=1,d2=2,type_kernel=f32): 
[1;32mOK[0m

  CONV_3D(N=2,IC=1,ID=18,IH=22,IW=20,OC=1,KD=3,KH=3,KW=3,s0=1,s1=1,s2=1,p0=0,p1=0,p2=0,d0=2,d1=2,d2=2,type_kernel=f32): 
[1;32mOK[0m

  CONV_3D(N=2,IC=1,ID=18,IH=22,IW=20,OC=1,KD=3,KH=1,KW=5,s0=2,s1=1,s2=1,p0=2,p1=0,p2=1,d0=1,d1=1,d2=2,type_kernel=f32): 
[1;32mOK[0m

  CONV_3D(N=2,IC=1,ID=18,IH=22,IW=20,OC=1,KD=3,KH=3,KW=3,s0=1,s1=1,s2=1,p0=1,p1=1,p2=1,d0=1,d1=1,d2=1,type_kernel=f32): 
[1;32mOK[0m

  CONV_3D(N=2,IC=1,ID=18,IH=22,IW=20,OC=1,KD=3,KH=1,KW=5,s0=2,s1=1,s2=1,p0=2,p1=0,p2=1,d0=1,d1=1,d2=2,type_kernel=f32): 
[1;32mOK[0m

  CONV_3D(N=2,IC=1,ID=18,IH=22,IW=20,OC=1,KD=3,KH=3,KW=3,s0=1,s1=1,s2=1,p0=1,p1=1,p2=1,d0=2,d1=2,d2=2,type_kernel=f32): 
[1;32mOK[0m

  CONV_3D(N=2,IC=1,ID=18,IH=22,IW=20,OC=1,KD=3,KH=1,KW=5,s0=2,s1=1,s2=1,p0=2,p1=0,p2=1,d0=1,d1=1,d2=2,type_kernel=f32): 
[1;32mOK[0m

  CONV_3D(N=2,IC=1,ID=18,IH=22,IW=20,OC=1,KD=3,KH=3,KW=3,s0=2,s1=2,s2=2,p0=0,p1=0,p2=0,d0=1,d1=1,d2=1,type_kernel=f32): 
[1;32mOK[0m

  CONV_3D(N=2,IC=1,ID=18,IH=22,IW=20,OC=1,KD=3,KH=1,KW=5,s0=2,s1=1,s2=1,p0=2,p1=0,p2=1,d0=1,d1=1,d2=2,type_kernel=f32): 
[1;32mOK[0m

  CONV_3D(N=2,IC=1,ID=18,IH=22,IW=20,OC=1,KD=3,KH=3,KW=3,s0=2,s1=2,s2=2,p0=0,p1=0,p2=0,d0=2,d1=2,d2=2,type_kernel=f32): 
[1;32mOK[0m

  CONV_3D(N=2,IC=1,ID=18,IH=22,IW=20,OC=1,KD=3,KH=1,KW=5,s0=2,s1=1,s2=1,p0=2,p1=0,p2=1,d0=1,d1=1,d2=2,type_kernel=f32): 
[1;32mOK[0m

  CONV_3D(N=2,IC=1,ID=18,IH=22,IW=20,OC=1,KD=3,KH=3,KW=3,s0=2,s1=2,s2=2,p0=1,p1=1,p2=1,d0=1,d1=1,d2=1,type_kernel=f32): 
[1;32mOK[0m

  CONV_3D(N=2,IC=1,ID=18,IH=22,IW=20,OC=1,KD=3,KH=1,KW=5,s0=2,s1=1,s2=1,p0=2,p1=0,p2=1,d0=1,d1=1,d2=2,type_kernel=f32): 
[1;32mOK[0m

  CONV_3D(N=2,IC=1,ID=18,IH=22,IW=20,OC=1,KD=3,KH=3,KW=3,s0=2,s1=2,s2=2,p0=1,p1=1,p2=1,d0=2,d1=2,d2=2,type_kernel=f32): 
[1;32mOK[0m

  CONV_3D(N=2,IC=1,ID=18,IH=22,IW=20,OC=1,KD=3,KH=1,KW=5,s0=2,s1=1,s2=1,p0=2,p1=0,p2=1,d0=1,d1=1,d2=2,type_kernel=f32): 
[1;32mOK[0m

  CONV_3D(N=2,IC=1,ID=18,IH=22,IW=20,OC=4,KD=3,KH=3,KW=3,s0=1,s1=1,s2=1,p0=0,p1=0,p2=0,d0=1,d1=1,d2=1,type_kernel=f32): 
[1;32mOK[0m

  CONV_3D(N=2,IC=1,ID=18,IH=22,IW=20,OC=4,KD=3,KH=1,KW=5,s0=2,s1=1,s2=1,p0=2,p1=0,p2=1,d0=1,d1=1,d2=2,type_kernel=f32): 
[1;32mOK[0m

  CONV_3D(N=2,IC=1,ID=18,IH=22,IW=20,OC=4,KD=3,KH=3,KW=3,s0=1,s1=1,s2=1,p0=0,p1=0,p2=0,d0=2,d1=2,d2=2,type_kernel=f32): 
[1;32mOK[0m

  CONV_3D(N=2,IC=1,ID=18,IH=22,IW=20,OC=4,KD=3,KH=1,KW=5,s0=2,s1=1,s2=1,p0=2,p1=0,p2=1,d0=1,d1=1,d2=2,type_kernel=f32): 
[1;32mOK[0m

  CONV_3D(N=2,IC=1,ID=18,IH=22,IW=20,OC=4,KD=3,KH=3,KW=3,s0=1,s1=1,s2=1,p0=1,p1=1,p2=1,d0=1,d1=1,d2=1,type_kernel=f32): 
[1;32mOK[0m

  CONV_3D(N=2,IC=1,ID=18,IH=22,IW=20,OC=4,KD=3,KH=1,KW=5,s0=2,s1=1,s2=1,p0=2,p1=0,p2=1,d0=1,d1=1,d2=2,type_kernel=f32): 
[1;32mOK[0m

  CONV_3D(N=2,IC=1,ID=18,IH=22,IW=20,OC=4,KD=3,KH=3,KW=3,s0=1,s1=1,s2=1,p0=1,p1=1,p2=1,d0=2,d1=2,d2=2,type_kernel=f32): 
[1;32mOK[0m

  CONV_3D(N=2,IC=1,ID=18,IH=22,IW=20,OC=4,KD=3,KH=1,KW=5,s0=2,s1=1,s2=1,p0=2,p1=0,p2=1,d0=1,d1=1,d2=2,type_kernel=f32): 
[1;32mOK[0m

  CONV_3D(N=2,IC=1,ID=18,IH=22,IW=20,OC=4,KD=3,KH=3,KW=3,s0=2,s1=2,s2=2,p0=0,p1=0,p2=0,d0=1,d1=1,d2=1,type_kernel=f32): 
[1;32mOK[0m

  CONV_3D(N=2,IC=1,ID=18,IH=22,IW=20,OC=4,KD=3,KH=1,KW=5,s0=2,s1=1,s2=1,p0=2,p1=0,p2=1,d0=1,d1=1,d2=2,type_kernel=f32): 
[1;32mOK[0m

  CONV_3D(N=2,IC=1,ID=18,IH=22,IW=20,OC=4,KD=3,KH=3,KW=3,s0=2,s1=2,s2=2,p0=0,p1=0,p2=0,d0=2,d1=2,d2=2,type_kernel=f32): 
[1;32mOK[0m

  CONV_3D(N=2,IC=1,ID=18,IH=22,IW=20,OC=4,KD=3,KH=1,KW=5,s0=2,s1=1,s2=1,p0=2,p1=0,p2=1,d0=1,d1=1,d2=2,type_kernel=f32): 
[1;32mOK[0m

  CONV_3D(N=2,IC=1,ID=18,IH=22,IW=20,OC=4,KD=3,KH=3,KW=3,s0=2,s1=2,s2=2,p0=1,p1=1,p2=1,d0=1,d1=1,d2=1,type_kernel=f32): 
[1;32mOK[0m

  CONV_3D(N=2,IC=1,ID=18,IH=22,IW=20,OC=4,KD=3,KH=1,KW=5,s0=2,s1=1,s2=1,p0=2,p1=0,p2=1,d0=1,d1=1,d2=2,type_kernel=f32): 
[1;32mOK[0m

  CONV_3D(N=2,IC=1,ID=18,IH=22,IW=20,OC=4,KD=3,KH=3,KW=3,s0=2,s1=2,s2=2,p0=1,p1=1,p2=1,d0=2,d1=2,d2=2,type_kernel=f32): 
[1;32mOK[0m

  CONV_3D(N=2,IC=1,ID=18,IH=22,IW=20,OC=4,KD=3,KH=1,KW=5,s0=2,s1=1,s2=1,p0=2,p1=0,p2=1,d0=1,d1=1,d2=2,type_kernel=f32): 
[1;32mOK[0m

  CONV_3D(N=2,IC=3,ID=18,IH=22,IW=20,OC=1,KD=3,KH=3,KW=3,s0=1,s1=1,s2=1,p0=0,p1=0,p2=0,d0=1,d1=1,d2=1,type_kernel=f32): 
[1;32mOK[0m

  CONV_3D(N=2,IC=3,ID=18,IH=22,IW=20,OC=1,KD=3,KH=1,KW=5,s0=2,s1=1,s2=1,p0=2,p1=0,p2=1,d0=1,d1=1,d2=2,type_kernel=f32): 
[1;32mOK[0m

  CONV_3D(N=2,IC=3,ID=18,IH=22,IW=20,OC=1,KD=3,KH=3,KW=3,s0=1,s1=1,s2=1,p0=0,p1=0,p2=0,d0=2,d1=2,d2=2,type_kernel=f32): 
[1;32mOK[0m

  CONV_3D(N=2,IC=3,ID=18,IH=22,IW=20,OC=1,KD=3,KH=1,KW=5,s0=2,s1=1,s2=1,p0=2,p1=0,p2=1,d0=1,d1=1,d2=2,type_kernel=f32): 
[1;32mOK[0m

  CONV_3D(N=2,IC=3,ID=18,IH=22,IW=20,OC=1,KD=3,KH=3,KW=3,s0=1,s1=1,s2=1,p0=1,p1=1,p2=1,d0=1,d1=1,d2=1,type_kernel=f32): 
[1;32mOK[0m

  CONV_3D(N=2,IC=3,ID=18,IH=22,IW=20,OC=1,KD=3,KH=1,KW=5,s0=2,s1=1,s2=1,p0=2,p1=0,p2=1,d0=1,d1=1,d2=2,type_kernel=f32): 
[1;32mOK[0m

  CONV_3D(N=2,IC=3,ID=18,IH=22,IW=20,OC=1,KD=3,KH=3,KW=3,s0=1,s1=1,s2=1,p0=1,p1=1,p2=1,d0=2,d1=2,d2=2,type_kernel=f32): 
[1;32mOK[0m

  CONV_3D(N=2,IC=3,ID=18,IH=22,IW=20,OC=1,KD=3,KH=1,KW=5,s0=2,s1=1,s2=1,p0=2,p1=0,p2=1,d0=1,d1=1,d2=2,type_kernel=f32): 
[1;32mOK[0m

  CONV_3D(N=2,IC=3,ID=18,IH=22,IW=20,OC=1,KD=3,KH=3,KW=3,s0=2,s1=2,s2=2,p0=0,p1=0,p2=0,d0=1,d1=1,d2=1,type_kernel=f32): 
[1;32mOK[0m

  CONV_3D(N=2,IC=3,ID=18,IH=22,IW=20,OC=1,KD=3,KH=1,KW=5,s0=2,s1=1,s2=1,p0=2,p1=0,p2=1,d0=1,d1=1,d2=2,type_kernel=f32): 
[1;32mOK[0m

  CONV_3D(N=2,IC=3,ID=18,IH=22,IW=20,OC=1,KD=3,KH=3,KW=3,s0=2,s1=2,s2=2,p0=0,p1=0,p2=0,d0=2,d1=2,d2=2,type_kernel=f32): 
[1;32mOK[0m

  CONV_3D(N=2,IC=3,ID=18,IH=22,IW=20,OC=1,KD=3,KH=1,KW=5,s0=2,s1=1,s2=1,p0=2,p1=0,p2=1,d0=1,d1=1,d2=2,type_kernel=f32): 
[1;32mOK[0m

  CONV_3D(N=2,IC=3,ID=18,IH=22,IW=20,OC=1,KD=3,KH=3,KW=3,s0=2,s1=2,s2=2,p0=1,p1=1,p2=1,d0=1,d1=1,d2=1,type_kernel=f32): 
[1;32mOK[0m

  CONV_3D(N=2,IC=3,ID=18,IH=22,IW=20,OC=1,KD=3,KH=1,KW=5,s0=2,s1=1,s2=1,p0=2,p1=0,p2=1,d0=1,d1=1,d2=2,type_kernel=f32): 
[1;32mOK[0m

  CONV_3D(N=2,IC=3,ID=18,IH=22,IW=20,OC=1,KD=3,KH=3,KW=3,s0=2,s1=2,s2=2,p0=1,p1=1,p2=1,d0=2,d1=2,d2=2,type_kernel=f32): 
[1;32mOK[0m

  CONV_3D(N=2,IC=3,ID=18,IH=22,IW=20,OC=1,KD=3,KH=1,KW=5,s0=2,s1=1,s2=1,p0=2,p1=0,p2=1,d0=1,d1=1,d2=2,type_kernel=f32): 
[1;32mOK[0m

  CONV_3D(N=2,IC=3,ID=18,IH=22,IW=20,OC=4,KD=3,KH=3,KW=3,s0=1,s1=1,s2=1,p0=0,p1=0,p2=0,d0=1,d1=1,d2=1,type_kernel=f32): 
[1;32mOK[0m

  CONV_3D(N=2,IC=3,ID=18,IH=22,IW=20,OC=4,KD=3,KH=1,KW=5,s0=2,s1=1,s2=1,p0=2,p1=0,p2=1,d0=1,d1=1,d2=2,type_kernel=f32): 
[1;32mOK[0m

  CONV_3D(N=2,IC=3,ID=18,IH=22,IW=20,OC=4,KD=3,KH=3,KW=3,s0=1,s1=1,s2=1,p0=0,p1=0,p2=0,d0=2,d1=2,d2=2,type_kernel=f32): 
[1;32mOK[0m

  CONV_3D(N=2,IC=3,ID=18,IH=22,IW=20,OC=4,KD=3,KH=1,KW=5,s0=2,s1=1,s2=1,p0=2,p1=0,p2=1,d0=1,d1=1,d2=2,type_kernel=f32): 
[1;32mOK[0m

  CONV_3D(N=2,IC=3,ID=18,IH=22,IW=20,OC=4,KD=3,KH=3,KW=3,s0=1,s1=1,s2=1,p0=1,p1=1,p2=1,d0=1,d1=1,d2=1,type_kernel=f32): 
[1;32mOK[0m

  CONV_3D(N=2,IC=3,ID=18,IH=22,IW=20,OC=4,KD=3,KH=1,KW=5,s0=2,s1=1,s2=1,p0=2,p1=0,p2=1,d0=1,d1=1,d2=2,type_kernel=f32): 
[1;32mOK[0m

  CONV_3D(N=2,IC=3,ID=18,IH=22,IW=20,OC=4,KD=3,KH=3,KW=3,s0=1,s1=1,s2=1,p0=1,p1=1,p2=1,d0=2,d1=2,d2=2,type_kernel=f32): 
[1;32mOK[0m

  CONV_3D(N=2,IC=3,ID=18,IH=22,IW=20,OC=4,KD=3,KH=1,KW=5,s0=2,s1=1,s2=1,p0=2,p1=0,p2=1,d0=1,d1=1,d2=2,type_kernel=f32): 
[1;32mOK[0m

  CONV_3D(N=2,IC=3,ID=18,IH=22,IW=20,OC=4,KD=3,KH=3,KW=3,s0=2,s1=2,s2=2,p0=0,p1=0,p2=0,d0=1,d1=1,d2=1,type_kernel=f32): 
[1;32mOK[0m

  CONV_3D(N=2,IC=3,ID=18,IH=22,IW=20,OC=4,KD=3,KH=1,KW=5,s0=2,s1=1,s2=1,p0=2,p1=0,p2=1,d0=1,d1=1,d2=2,type_kernel=f32): 
[1;32mOK[0m

  CONV_3D(N=2,IC=3,ID=18,IH=22,IW=20,OC=4,KD=3,KH=3,KW=3,s0=2,s1=2,s2=2,p0=0,p1=0,p2=0,d0=2,d1=2,d2=2,type_kernel=f32): 
[1;32mOK[0m

  CONV_3D(N=2,IC=3,ID=18,IH=22,IW=20,OC=4,KD=3,KH=1,KW=5,s0=2,s1=1,s2=1,p0=2,p1=0,p2=1,d0=1,d1=1,d2=2,type_kernel=f32): 
[1;32mOK[0m

  CONV_3D(N=2,IC=3,ID=18,IH=22,IW=20,OC=4,KD=3,KH=3,KW=3,s0=2,s1=2,s2=2,p0=1,p1=1,p2=1,d0=1,d1=1,d2=1,type_kernel=f32): 
[1;32mOK[0m

  CONV_3D(N=2,IC=3,ID=18,IH=22,IW=20,OC=4,KD=3,KH=1,KW=5,s0=2,s1=1,s2=1,p0=2,p1=0,p2=1,d0=1,d1=1,d2=2,type_kernel=f32): 
[1;32mOK[0m

  CONV_3D(N=2,IC=3,ID=18,IH=22,IW=20,OC=4,KD=3,KH=3,KW=3,s0=2,s1=2,s2=2,p0=1,p1=1,p2=1,d0=2,d1=2,d2=2,type_kernel=f32): 
[1;32mOK[0m

  CONV_3D(N=2,IC=3,ID=18,IH=22,IW=20,OC=4,KD=3,KH=1,KW=5,s0=2,s1=1,s2=1,p0=2,p1=0,p2=1,d0=1,d1=1,d2=2,type_kernel=f32): 
[1;32mOK[0m

  CONV_3D(N=1,IC=4,ID=8,IH=8,IW=8,OC=8,KD=1,KH=1,KW=1,s0=1,s1=1,s2=1,p0=0,p1=0,p2=0,d0=1,d1=1,d2=1,type_kernel=f32): 
[1;32mOK[0m

  CONV_3D(N=1,IC=1,ID=18,IH=22,IW=20,OC=1,KD=3,KH=3,KW=3,s0=1,s1=1,s2=1,p0=0,p1=0,p2=0,d0=1,d1=1,d2=1,type_kernel=f16): 
[1;32mOK[0m

  CONV_3D(N=1,IC=1,ID=18,IH=22,IW=20,OC=1,KD=3,KH=1,KW=5,s0=2,s1=1,s2=1,p0=2,p1=0,p2=1,d0=1,d1=1,d2=2,type_kernel=f16): 
[1;32mOK[0m

  CONV_3D(N=1,IC=1,ID=18,IH=22,IW=20,OC=1,KD=3,KH=3,KW=3,s0=1,s1=1,s2=1,p0=0,p1=0,p2=0,d0=2,d1=2,d2=2,type_kernel=f16): 
[1;32mOK[0m

  CONV_3D(N=1,IC=1,ID=18,IH=22,IW=20,OC=1,KD=3,KH=1,KW=5,s0=2,s1=1,s2=1,p0=2,p1=0,p2=1,d0=1,d1=1,d2=2,type_kernel=f16): 
[1;32mOK[0m

  CONV_3D(N=1,IC=1,ID=18,IH=22,IW=20,OC=1,KD=3,KH=3,KW=3,s0=1,s1=1,s2=1,p0=1,p1=1,p2=1,d0=1,d1=1,d2=1,type_kernel=f16): 
[1;32mOK[0m

  CONV_3D(N=1,IC=1,ID=18,IH=22,IW=20,OC=1,KD=3,KH=1,KW=5,s0=2,s1=1,s2=1,p0=2,p1=0,p2=1,d0=1,d1=1,d2=2,type_kernel=f16): 
[1;32mOK[0m

  CONV_3D(N=1,IC=1,ID=18,IH=22,IW=20,OC=1,KD=3,KH=3,KW=3,s0=1,s1=1,s2=1,p0=1,p1=1,p2=1,d0=2,d1=2,d2=2,type_kernel=f16): 
[1;32mOK[0m

  CONV_3D(N=1,IC=1,ID=18,IH=22,IW=20,OC=1,KD=3,KH=1,KW=5,s0=2,s1=1,s2=1,p0=2,p1=0,p2=1,d0=1,d1=1,d2=2,type_kernel=f16): 
[1;32mOK[0m

  CONV_3D(N=1,IC=1,ID=18,IH=22,IW=20,OC=1,KD=3,KH=3,KW=3,s0=2,s1=2,s2=2,p0=0,p1=0,p2=0,d0=1,d1=1,d2=1,type_kernel=f16): 
[1;32mOK[0m

  CONV_3D(N=1,IC=1,ID=18,IH=22,IW=20,OC=1,KD=3,KH=1,KW=5,s0=2,s1=1,s2=1,p0=2,p1=0,p2=1,d0=1,d1=1,d2=2,type_kernel=f16): 
[1;32mOK[0m

  CONV_3D(N=1,IC=1,ID=18,IH=22,IW=20,OC=1,KD=3,KH=3,KW=3,s0=2,s1=2,s2=2,p0=0,p1=0,p2=0,d0=2,d1=2,d2=2,type_kernel=f16): 
[1;32mOK[0m

  CONV_3D(N=1,IC=1,ID=18,IH=22,IW=20,OC=1,KD=3,KH=1,KW=5,s0=2,s1=1,s2=1,p0=2,p1=0,p2=1,d0=1,d1=1,d2=2,type_kernel=f16): 
[1;32mOK[0m

  CONV_3D(N=1,IC=1,ID=18,IH=22,IW=20,OC=1,KD=3,KH=3,KW=3,s0=2,s1=2,s2=2,p0=1,p1=1,p2=1,d0=1,d1=1,d2=1,type_kernel=f16): 
[1;32mOK[0m

  CONV_3D(N=1,IC=1,ID=18,IH=22,IW=20,OC=1,KD=3,KH=1,KW=5,s0=2,s1=1,s2=1,p0=2,p1=0,p2=1,d0=1,d1=1,d2=2,type_kernel=f16): 
[1;32mOK[0m

  CONV_3D(N=1,IC=1,ID=18,IH=22,IW=20,OC=1,KD=3,KH=3,KW=3,s0=2,s1=2,s2=2,p0=1,p1=1,p2=1,d0=2,d1=2,d2=2,type_kernel=f16): 
[1;32mOK[0m

  CONV_3D(N=1,IC=1,ID=18,IH=22,IW=20,OC=1,KD=3,KH=1,KW=5,s0=2,s1=1,s2=1,p0=2,p1=0,p2=1,d0=1,d1=1,d2=2,type_kernel=f16): 
[1;32mOK[0m

  CONV_3D(N=1,IC=1,ID=18,IH=22,IW=20,OC=4,KD=3,KH=3,KW=3,s0=1,s1=1,s2=1,p0=0,p1=0,p2=0,d0=1,d1=1,d2=1,type_kernel=f16): 
[1;32mOK[0m

  CONV_3D(N=1,IC=1,ID=18,IH=22,IW=20,OC=4,KD=3,KH=1,KW=5,s0=2,s1=1,s2=1,p0=2,p1=0,p2=1,d0=1,d1=1,d2=2,type_kernel=f16): 
[1;32mOK[0m

  CONV_3D(N=1,IC=1,ID=18,IH=22,IW=20,OC=4,KD=3,KH=3,KW=3,s0=1,s1=1,s2=1,p0=0,p1=0,p2=0,d0=2,d1=2,d2=2,type_kernel=f16): 
[1;32mOK[0m

  CONV_3D(N=1,IC=1,ID=18,IH=22,IW=20,OC=4,KD=3,KH=1,KW=5,s0=2,s1=1,s2=1,p0=2,p1=0,p2=1,d0=1,d1=1,d2=2,type_kernel=f16): 
[1;32mOK[0m

  CONV_3D(N=1,IC=1,ID=18,IH=22,IW=20,OC=4,KD=3,KH=3,KW=3,s0=1,s1=1,s2=1,p0=1,p1=1,p2=1,d0=1,d1=1,d2=1,type_kernel=f16): 
[1;32mOK[0m

  CONV_3D(N=1,IC=1,ID=18,IH=22,IW=20,OC=4,KD=3,KH=1,KW=5,s0=2,s1=1,s2=1,p0=2,p1=0,p2=1,d0=1,d1=1,d2=2,type_kernel=f16): 
[1;32mOK[0m

  CONV_3D(N=1,IC=1,ID=18,IH=22,IW=20,OC=4,KD=3,KH=3,KW=3,s0=1,s1=1,s2=1,p0=1,p1=1,p2=1,d0=2,d1=2,d2=2,type_kernel=f16): 
[1;32mOK[0m

  CONV_3D(N=1,IC=1,ID=18,IH=22,IW=20,OC=4,KD=3,KH=1,KW=5,s0=2,s1=1,s2=1,p0=2,p1=0,p2=1,d0=1,d1=1,d2=2,type_kernel=f16): 
[1;32mOK[0m

  CONV_3D(N=1,IC=1,ID=18,IH=22,IW=20,OC=4,KD=3,KH=3,KW=3,s0=2,s1=2,s2=2,p0=0,p1=0,p2=0,d0=1,d1=1,d2=1,type_kernel=f16): 
[1;32mOK[0m

  CONV_3D(N=1,IC=1,ID=18,IH=22,IW=20,OC=4,KD=3,KH=1,KW=5,s0=2,s1=1,s2=1,p0=2,p1=0,p2=1,d0=1,d1=1,d2=2,type_kernel=f16): 
[1;32mOK[0m

  CONV_3D(N=1,IC=1,ID=18,IH=22,IW=20,OC=4,KD=3,KH=3,KW=3,s0=2,s1=2,s2=2,p0=0,p1=0,p2=0,d0=2,d1=2,d2=2,type_kernel=f16): 
[1;32mOK[0m

  CONV_3D(N=1,IC=1,ID=18,IH=22,IW=20,OC=4,KD=3,KH=1,KW=5,s0=2,s1=1,s2=1,p0=2,p1=0,p2=1,d0=1,d1=1,d2=2,type_kernel=f16): 
[1;32mOK[0m

  CONV_3D(N=1,IC=1,ID=18,IH=22,IW=20,OC=4,KD=3,KH=3,KW=3,s0=2,s1=2,s2=2,p0=1,p1=1,p2=1,d0=1,d1=1,d2=1,type_kernel=f16): 
[1;32mOK[0m

  CONV_3D(N=1,IC=1,ID=18,IH=22,IW=20,OC=4,KD=3,KH=1,KW=5,s0=2,s1=1,s2=1,p0=2,p1=0,p2=1,d0=1,d1=1,d2=2,type_kernel=f16): 
[1;32mOK[0m

  CONV_3D(N=1,IC=1,ID=18,IH=22,IW=20,OC=4,KD=3,KH=3,KW=3,s0=2,s1=2,s2=2,p0=1,p1=1,p2=1,d0=2,d1=2,d2=2,type_kernel=f16): 
[1;32mOK[0m

  CONV_3D(N=1,IC=1,ID=18,IH=22,IW=20,OC=4,KD=3,KH=1,KW=5,s0=2,s1=1,s2=1,p0=2,p1=0,p2=1,d0=1,d1=1,d2=2,type_kernel=f16): 
[1;32mOK[0m

  CONV_3D(N=1,IC=3,ID=18,IH=22,IW=20,OC=1,KD=3,KH=3,KW=3,s0=1,s1=1,s2=1,p0=0,p1=0,p2=0,d0=1,d1=1,d2=1,type_kernel=f16): 
[1;32mOK[0m

  CONV_3D(N=1,IC=3,ID=18,IH=22,IW=20,OC=1,KD=3,KH=1,KW=5,s0=2,s1=1,s2=1,p0=2,p1=0,p2=1,d0=1,d1=1,d2=2,type_kernel=f16): 
[1;32mOK[0m

  CONV_3D(N=1,IC=3,ID=18,IH=22,IW=20,OC=1,KD=3,KH=3,KW=3,s0=1,s1=1,s2=1,p0=0,p1=0,p2=0,d0=2,d1=2,d2=2,type_kernel=f16): 
[1;32mOK[0m

  CONV_3D(N=1,IC=3,ID=18,IH=22,IW=20,OC=1,KD=3,KH=1,KW=5,s0=2,s1=1,s2=1,p0=2,p1=0,p2=1,d0=1,d1=1,d2=2,type_kernel=f16): 
[1;32mOK[0m

  CONV_3D(N=1,IC=3,ID=18,IH=22,IW=20,OC=1,KD=3,KH=3,KW=3,s0=1,s1=1,s2=1,p0=1,p1=1,p2=1,d0=1,d1=1,d2=1,type_kernel=f16): 
[1;32mOK[0m

  CONV_3D(N=1,IC=3,ID=18,IH=22,IW=20,OC=1,KD=3,KH=1,KW=5,s0=2,s1=1,s2=1,p0=2,p1=0,p2=1,d0=1,d1=1,d2=2,type_kernel=f16): 
[1;32mOK[0m

  CONV_3D(N=1,IC=3,ID=18,IH=22,IW=20,OC=1,KD=3,KH=3,KW=3,s0=1,s1=1,s2=1,p0=1,p1=1,p2=1,d0=2,d1=2,d2=2,type_kernel=f16): 
[1;32mOK[0m

  CONV_3D(N=1,IC=3,ID=18,IH=22,IW=20,OC=1,KD=3,KH=1,KW=5,s0=2,s1=1,s2=1,p0=2,p1=0,p2=1,d0=1,d1=1,d2=2,type_kernel=f16): 
[1;32mOK[0m

  CONV_3D(N=1,IC=3,ID=18,IH=22,IW=20,OC=1,KD=3,KH=3,KW=3,s0=2,s1=2,s2=2,p0=0,p1=0,p2=0,d0=1,d1=1,d2=1,type_kernel=f16): 
[1;32mOK[0m

  CONV_3D(N=1,IC=3,ID=18,IH=22,IW=20,OC=1,KD=3,KH=1,KW=5,s0=2,s1=1,s2=1,p0=2,p1=0,p2=1,d0=1,d1=1,d2=2,type_kernel=f16): 
[1;32mOK[0m

  CONV_3D(N=1,IC=3,ID=18,IH=22,IW=20,OC=1,KD=3,KH=3,KW=3,s0=2,s1=2,s2=2,p0=0,p1=0,p2=0,d0=2,d1=2,d2=2,type_kernel=f16): 
[1;32mOK[0m

  CONV_3D(N=1,IC=3,ID=18,IH=22,IW=20,OC=1,KD=3,KH=1,KW=5,s0=2,s1=1,s2=1,p0=2,p1=0,p2=1,d0=1,d1=1,d2=2,type_kernel=f16): 
[1;32mOK[0m

  CONV_3D(N=1,IC=3,ID=18,IH=22,IW=20,OC=1,KD=3,KH=3,KW=3,s0=2,s1=2,s2=2,p0=1,p1=1,p2=1,d0=1,d1=1,d2=1,type_kernel=f16): 
[1;32mOK[0m

  CONV_3D(N=1,IC=3,ID=18,IH=22,IW=20,OC=1,KD=3,KH=1,KW=5,s0=2,s1=1,s2=1,p0=2,p1=0,p2=1,d0=1,d1=1,d2=2,type_kernel=f16): 
[1;32mOK[0m

  CONV_3D(N=1,IC=3,ID=18,IH=22,IW=20,OC=1,KD=3,KH=3,KW=3,s0=2,s1=2,s2=2,p0=1,p1=1,p2=1,d0=2,d1=2,d2=2,type_kernel=f16): 
[1;32mOK[0m

  CONV_3D(N=1,IC=3,ID=18,IH=22,IW=20,OC=1,KD=3,KH=1,KW=5,s0=2,s1=1,s2=1,p0=2,p1=0,p2=1,d0=1,d1=1,d2=2,type_kernel=f16): 
[1;32mOK[0m

  CONV_3D(N=1,IC=3,ID=18,IH=22,IW=20,OC=4,KD=3,KH=3,KW=3,s0=1,s1=1,s2=1,p0=0,p1=0,p2=0,d0=1,d1=1,d2=1,type_kernel=f16): 
[1;32mOK[0m

  CONV_3D(N=1,IC=3,ID=18,IH=22,IW=20,OC=4,KD=3,KH=1,KW=5,s0=2,s1=1,s2=1,p0=2,p1=0,p2=1,d0=1,d1=1,d2=2,type_kernel=f16): 
[1;32mOK[0m

  CONV_3D(N=1,IC=3,ID=18,IH=22,IW=20,OC=4,KD=3,KH=3,KW=3,s0=1,s1=1,s2=1,p0=0,p1=0,p2=0,d0=2,d1=2,d2=2,type_kernel=f16): 
[1;32mOK[0m

  CONV_3D(N=1,IC=3,ID=18,IH=22,IW=20,OC=4,KD=3,KH=1,KW=5,s0=2,s1=1,s2=1,p0=2,p1=0,p2=1,d0=1,d1=1,d2=2,type_kernel=f16): 
[1;32mOK[0m

  CONV_3D(N=1,IC=3,ID=18,IH=22,IW=20,OC=4,KD=3,KH=3,KW=3,s0=1,s1=1,s2=1,p0=1,p1=1,p2=1,d0=1,d1=1,d2=1,type_kernel=f16): 
[1;32mOK[0m

  CONV_3D(N=1,IC=3,ID=18,IH=22,IW=20,OC=4,KD=3,KH=1,KW=5,s0=2,s1=1,s2=1,p0=2,p1=0,p2=1,d0=1,d1=1,d2=2,type_kernel=f16): 
[1;32mOK[0m

  CONV_3D(N=1,IC=3,ID=18,IH=22,IW=20,OC=4,KD=3,KH=3,KW=3,s0=1,s1=1,s2=1,p0=1,p1=1,p2=1,d0=2,d1=2,d2=2,type_kernel=f16): 
[1;32mOK[0m

  CONV_3D(N=1,IC=3,ID=18,IH=22,IW=20,OC=4,KD=3,KH=1,KW=5,s0=2,s1=1,s2=1,p0=2,p1=0,p2=1,d0=1,d1=1,d2=2,type_kernel=f16): 
[1;32mOK[0m

  CONV_3D(N=1,IC=3,ID=18,IH=22,IW=20,OC=4,KD=3,KH=3,KW=3,s0=2,s1=2,s2=2,p0=0,p1=0,p2=0,d0=1,d1=1,d2=1,type_kernel=f16): 
[1;32mOK[0m

  CONV_3D(N=1,IC=3,ID=18,IH=22,IW=20,OC=4,KD=3,KH=1,KW=5,s0=2,s1=1,s2=1,p0=2,p1=0,p2=1,d0=1,d1=1,d2=2,type_kernel=f16): 
[1;32mOK[0m

  CONV_3D(N=1,IC=3,ID=18,IH=22,IW=20,OC=4,KD=3,KH=3,KW=3,s0=2,s1=2,s2=2,p0=0,p1=0,p2=0,d0=2,d1=2,d2=2,type_kernel=f16): 
[1;32mOK[0m

  CONV_3D(N=1,IC=3,ID=18,IH=22,IW=20,OC=4,KD=3,KH=1,KW=5,s0=2,s1=1,s2=1,p0=2,p1=0,p2=1,d0=1,d1=1,d2=2,type_kernel=f16): 
[1;32mOK[0m

  CONV_3D(N=1,IC=3,ID=18,IH=22,IW=20,OC=4,KD=3,KH=3,KW=3,s0=2,s1=2,s2=2,p0=1,p1=1,p2=1,d0=1,d1=1,d2=1,type_kernel=f16): 
[1;32mOK[0m

  CONV_3D(N=1,IC=3,ID=18,IH=22,IW=20,OC=4,KD=3,KH=1,KW=5,s0=2,s1=1,s2=1,p0=2,p1=0,p2=1,d0=1,d1=1,d2=2,type_kernel=f16): 
[1;32mOK[0m

  CONV_3D(N=1,IC=3,ID=18,IH=22,IW=20,OC=4,KD=3,KH=3,KW=3,s0=2,s1=2,s2=2,p0=1,p1=1,p2=1,d0=2,d1=2,d2=2,type_kernel=f16): 
[1;32mOK[0m

  CONV_3D(N=1,IC=3,ID=18,IH=22,IW=20,OC=4,KD=3,KH=1,KW=5,s0=2,s1=1,s2=1,p0=2,p1=0,p2=1,d0=1,d1=1,d2=2,type_kernel=f16): 
[1;32mOK[0m

  CONV_3D(N=2,IC=1,ID=18,IH=22,IW=20,OC=1,KD=3,KH=3,KW=3,s0=1,s1=1,s2=1,p0=0,p1=0,p2=0,d0=1,d1=1,d2=1,type_kernel=f16): 
[1;32mOK[0m

  CONV_3D(N=2,IC=1,ID=18,IH=22,IW=20,OC=1,KD=3,KH=1,KW=5,s0=2,s1=1,s2=1,p0=2,p1=0,p2=1,d0=1,d1=1,d2=2,type_kernel=f16): 
[1;32mOK[0m

  CONV_3D(N=2,IC=1,ID=18,IH=22,IW=20,OC=1,KD=3,KH=3,KW=3,s0=1,s1=1,s2=1,p0=0,p1=0,p2=0,d0=2,d1=2,d2=2,type_kernel=f16): 
[1;32mOK[0m

  CONV_3D(N=2,IC=1,ID=18,IH=22,IW=20,OC=1,KD=3,KH=1,KW=5,s0=2,s1=1,s2=1,p0=2,p1=0,p2=1,d0=1,d1=1,d2=2,type_kernel=f16): 
[1;32mOK[0m

  CONV_3D(N=2,IC=1,ID=18,IH=22,IW=20,OC=1,KD=3,KH=3,KW=3,s0=1,s1=1,s2=1,p0=1,p1=1,p2=1,d0=1,d1=1,d2=1,type_kernel=f16): 
[1;32mOK[0m

  CONV_3D(N=2,IC=1,ID=18,IH=22,IW=20,OC=1,KD=3,KH=1,KW=5,s0=2,s1=1,s2=1,p0=2,p1=0,p2=1,d0=1,d1=1,d2=2,type_kernel=f16): 
[1;32mOK[0m

  CONV_3D(N=2,IC=1,ID=18,IH=22,IW=20,OC=1,KD=3,KH=3,KW=3,s0=1,s1=1,s2=1,p0=1,p1=1,p2=1,d0=2,d1=2,d2=2,type_kernel=f16): 
[1;32mOK[0m

  CONV_3D(N=2,IC=1,ID=18,IH=22,IW=20,OC=1,KD=3,KH=1,KW=5,s0=2,s1=1,s2=1,p0=2,p1=0,p2=1,d0=1,d1=1,d2=2,type_kernel=f16): 
[1;32mOK[0m

  CONV_3D(N=2,IC=1,ID=18,IH=22,IW=20,OC=1,KD=3,KH=3,KW=3,s0=2,s1=2,s2=2,p0=0,p1=0,p2=0,d0=1,d1=1,d2=1,type_kernel=f16): 
[1;32mOK[0m

  CONV_3D(N=2,IC=1,ID=18,IH=22,IW=20,OC=1,KD=3,KH=1,KW=5,s0=2,s1=1,s2=1,p0=2,p1=0,p2=1,d0=1,d1=1,d2=2,type_kernel=f16): 
[1;32mOK[0m

  CONV_3D(N=2,IC=1,ID=18,IH=22,IW=20,OC=1,KD=3,KH=3,KW=3,s0=2,s1=2,s2=2,p0=0,p1=0,p2=0,d0=2,d1=2,d2=2,type_kernel=f16): 
[1;32mOK[0m

  CONV_3D(N=2,IC=1,ID=18,IH=22,IW=20,OC=1,KD=3,KH=1,KW=5,s0=2,s1=1,s2=1,p0=2,p1=0,p2=1,d0=1,d1=1,d2=2,type_kernel=f16): 
[1;32mOK[0m

  CONV_3D(N=2,IC=1,ID=18,IH=22,IW=20,OC=1,KD=3,KH=3,KW=3,s0=2,s1=2,s2=2,p0=1,p1=1,p2=1,d0=1,d1=1,d2=1,type_kernel=f16): 
[1;32mOK[0m

  CONV_3D(N=2,IC=1,ID=18,IH=22,IW=20,OC=1,KD=3,KH=1,KW=5,s0=2,s1=1,s2=1,p0=2,p1=0,p2=1,d0=1,d1=1,d2=2,type_kernel=f16): 
[1;32mOK[0m

  CONV_3D(N=2,IC=1,ID=18,IH=22,IW=20,OC=1,KD=3,KH=3,KW=3,s0=2,s1=2,s2=2,p0=1,p1=1,p2=1,d0=2,d1=2,d2=2,type_kernel=f16): 
[1;32mOK[0m

  CONV_3D(N=2,IC=1,ID=18,IH=22,IW=20,OC=1,KD=3,KH=1,KW=5,s0=2,s1=1,s2=1,p0=2,p1=0,p2=1,d0=1,d1=1,d2=2,type_kernel=f16): 
[1;32mOK[0m

  CONV_3D(N=2,IC=1,ID=18,IH=22,IW=20,OC=4,KD=3,KH=3,KW=3,s0=1,s1=1,s2=1,p0=0,p1=0,p2=0,d0=1,d1=1,d2=1,type_kernel=f16): 
[1;32mOK[0m

  CONV_3D(N=2,IC=1,ID=18,IH=22,IW=20,OC=4,KD=3,KH=1,KW=5,s0=2,s1=1,s2=1,p0=2,p1=0,p2=1,d0=1,d1=1,d2=2,type_kernel=f16): 
[1;32mOK[0m

  CONV_3D(N=2,IC=1,ID=18,IH=22,IW=20,OC=4,KD=3,KH=3,KW=3,s0=1,s1=1,s2=1,p0=0,p1=0,p2=0,d0=2,d1=2,d2=2,type_kernel=f16): 
[1;32mOK[0m

  CONV_3D(N=2,IC=1,ID=18,IH=22,IW=20,OC=4,KD=3,KH=1,KW=5,s0=2,s1=1,s2=1,p0=2,p1=0,p2=1,d0=1,d1=1,d2=2,type_kernel=f16): 
[1;32mOK[0m

  CONV_3D(N=2,IC=1,ID=18,IH=22,IW=20,OC=4,KD=3,KH=3,KW=3,s0=1,s1=1,s2=1,p0=1,p1=1,p2=1,d0=1,d1=1,d2=1,type_kernel=f16): 
[1;32mOK[0m

  CONV_3D(N=2,IC=1,ID=18,IH=22,IW=20,OC=4,KD=3,KH=1,KW=5,s0=2,s1=1,s2=1,p0=2,p1=0,p2=1,d0=1,d1=1,d2=2,type_kernel=f16): 
[1;32mOK[0m

  CONV_3D(N=2,IC=1,ID=18,IH=22,IW=20,OC=4,KD=3,KH=3,KW=3,s0=1,s1=1,s2=1,p0=1,p1=1,p2=1,d0=2,d1=2,d2=2,type_kernel=f16): 
[1;32mOK[0m

  CONV_3D(N=2,IC=1,ID=18,IH=22,IW=20,OC=4,KD=3,KH=1,KW=5,s0=2,s1=1,s2=1,p0=2,p1=0,p2=1,d0=1,d1=1,d2=2,type_kernel=f16): 
[1;32mOK[0m

  CONV_3D(N=2,IC=1,ID=18,IH=22,IW=20,OC=4,KD=3,KH=3,KW=3,s0=2,s1=2,s2=2,p0=0,p1=0,p2=0,d0=1,d1=1,d2=1,type_kernel=f16): 
[1;32mOK[0m

  CONV_3D(N=2,IC=1,ID=18,IH=22,IW=20,OC=4,KD=3,KH=1,KW=5,s0=2,s1=1,s2=1,p0=2,p1=0,p2=1,d0=1,d1=1,d2=2,type_kernel=f16): 
[1;32mOK[0m

  CONV_3D(N=2,IC=1,ID=18,IH=22,IW=20,OC=4,KD=3,KH=3,KW=3,s0=2,s1=2,s2=2,p0=0,p1=0,p2=0,d0=2,d1=2,d2=2,type_kernel=f16): 
[1;32mOK[0m

  CONV_3D(N=2,IC=1,ID=18,IH=22,IW=20,OC=4,KD=3,KH=1,KW=5,s0=2,s1=1,s2=1,p0=2,p1=0,p2=1,d0=1,d1=1,d2=2,type_kernel=f16): 
[1;32mOK[0m

  CONV_3D(N=2,IC=1,ID=18,IH=22,IW=20,OC=4,KD=3,KH=3,KW=3,s0=2,s1=2,s2=2,p0=1,p1=1,p2=1,d0=1,d1=1,d2=1,type_kernel=f16): 
[1;32mOK[0m

  CONV_3D(N=2,IC=1,ID=18,IH=22,IW=20,OC=4,KD=3,KH=1,KW=5,s0=2,s1=1,s2=1,p0=2,p1=0,p2=1,d0=1,d1=1,d2=2,type_kernel=f16): 
[1;32mOK[0m

  CONV_3D(N=2,IC=1,ID=18,IH=22,IW=20,OC=4,KD=3,KH=3,KW=3,s0=2,s1=2,s2=2,p0=1,p1=1,p2=1,d0=2,d1=2,d2=2,type_kernel=f16): 
[1;32mOK[0m

  CONV_3D(N=2,IC=1,ID=18,IH=22,IW=20,OC=4,KD=3,KH=1,KW=5,s0=2,s1=1,s2=1,p0=2,p1=0,p2=1,d0=1,d1=1,d2=2,type_kernel=f16): 
[1;32mOK[0m

  CONV_3D(N=2,IC=3,ID=18,IH=22,IW=20,OC=1,KD=3,KH=3,KW=3,s0=1,s1=1,s2=1,p0=0,p1=0,p2=0,d0=1,d1=1,d2=1,type_kernel=f16): 
[1;32mOK[0m

  CONV_3D(N=2,IC=3,ID=18,IH=22,IW=20,OC=1,KD=3,KH=1,KW=5,s0=2,s1=1,s2=1,p0=2,p1=0,p2=1,d0=1,d1=1,d2=2,type_kernel=f16): 
[1;32mOK[0m

  CONV_3D(N=2,IC=3,ID=18,IH=22,IW=20,OC=1,KD=3,KH=3,KW=3,s0=1,s1=1,s2=1,p0=0,p1=0,p2=0,d0=2,d1=2,d2=2,type_kernel=f16): 
[1;32mOK[0m

  CONV_3D(N=2,IC=3,ID=18,IH=22,IW=20,OC=1,KD=3,KH=1,KW=5,s0=2,s1=1,s2=1,p0=2,p1=0,p2=1,d0=1,d1=1,d2=2,type_kernel=f16): 
[1;32mOK[0m

  CONV_3D(N=2,IC=3,ID=18,IH=22,IW=20,OC=1,KD=3,KH=3,KW=3,s0=1,s1=1,s2=1,p0=1,p1=1,p2=1,d0=1,d1=1,d2=1,type_kernel=f16): 
[1;32mOK[0m

  CONV_3D(N=2,IC=3,ID=18,IH=22,IW=20,OC=1,KD=3,KH=1,KW=5,s0=2,s1=1,s2=1,p0=2,p1=0,p2=1,d0=1,d1=1,d2=2,type_kernel=f16): 
[1;32mOK[0m

  CONV_3D(N=2,IC=3,ID=18,IH=22,IW=20,OC=1,KD=3,KH=3,KW=3,s0=1,s1=1,s2=1,p0=1,p1=1,p2=1,d0=2,d1=2,d2=2,type_kernel=f16): 
[1;32mOK[0m

  CONV_3D(N=2,IC=3,ID=18,IH=22,IW=20,OC=1,KD=3,KH=1,KW=5,s0=2,s1=1,s2=1,p0=2,p1=0,p2=1,d0=1,d1=1,d2=2,type_kernel=f16): 
[1;32mOK[0m

  CONV_3D(N=2,IC=3,ID=18,IH=22,IW=20,OC=1,KD=3,KH=3,KW=3,s0=2,s1=2,s2=2,p0=0,p1=0,p2=0,d0=1,d1=1,d2=1,type_kernel=f16): 
[1;32mOK[0m

  CONV_3D(N=2,IC=3,ID=18,IH=22,IW=20,OC=1,KD=3,KH=1,KW=5,s0=2,s1=1,s2=1,p0=2,p1=0,p2=1,d0=1,d1=1,d2=2,type_kernel=f16): 
[1;32mOK[0m

  CONV_3D(N=2,IC=3,ID=18,IH=22,IW=20,OC=1,KD=3,KH=3,KW=3,s0=2,s1=2,s2=2,p0=0,p1=0,p2=0,d0=2,d1=2,d2=2,type_kernel=f16): 
[1;32mOK[0m

  CONV_3D(N=2,IC=3,ID=18,IH=22,IW=20,OC=1,KD=3,KH=1,KW=5,s0=2,s1=1,s2=1,p0=2,p1=0,p2=1,d0=1,d1=1,d2=2,type_kernel=f16): 
[1;32mOK[0m

  CONV_3D(N=2,IC=3,ID=18,IH=22,IW=20,OC=1,KD=3,KH=3,KW=3,s0=2,s1=2,s2=2,p0=1,p1=1,p2=1,d0=1,d1=1,d2=1,type_kernel=f16): 
[1;32mOK[0m

  CONV_3D(N=2,IC=3,ID=18,IH=22,IW=20,OC=1,KD=3,KH=1,KW=5,s0=2,s1=1,s2=1,p0=2,p1=0,p2=1,d0=1,d1=1,d2=2,type_kernel=f16): 
[1;32mOK[0m

  CONV_3D(N=2,IC=3,ID=18,IH=22,IW=20,OC=1,KD=3,KH=3,KW=3,s0=2,s1=2,s2=2,p0=1,p1=1,p2=1,d0=2,d1=2,d2=2,type_kernel=f16): 
[1;32mOK[0m

  CONV_3D(N=2,IC=3,ID=18,IH=22,IW=20,OC=1,KD=3,KH=1,KW=5,s0=2,s1=1,s2=1,p0=2,p1=0,p2=1,d0=1,d1=1,d2=2,type_kernel=f16): 
[1;32mOK[0m

  CONV_3D(N=2,IC=3,ID=18,IH=22,IW=20,OC=4,KD=3,KH=3,KW=3,s0=1,s1=1,s2=1,p0=0,p1=0,p2=0,d0=1,d1=1,d2=1,type_kernel=f16): 
[1;32mOK[0m

  CONV_3D(N=2,IC=3,ID=18,IH=22,IW=20,OC=4,KD=3,KH=1,KW=5,s0=2,s1=1,s2=1,p0=2,p1=0,p2=1,d0=1,d1=1,d2=2,type_kernel=f16): 
[1;32mOK[0m

  CONV_3D(N=2,IC=3,ID=18,IH=22,IW=20,OC=4,KD=3,KH=3,KW=3,s0=1,s1=1,s2=1,p0=0,p1=0,p2=0,d0=2,d1=2,d2=2,type_kernel=f16): 
[1;32mOK[0m

  CONV_3D(N=2,IC=3,ID=18,IH=22,IW=20,OC=4,KD=3,KH=1,KW=5,s0=2,s1=1,s2=1,p0=2,p1=0,p2=1,d0=1,d1=1,d2=2,type_kernel=f16): 
[1;32mOK[0m

  CONV_3D(N=2,IC=3,ID=18,IH=22,IW=20,OC=4,KD=3,KH=3,KW=3,s0=1,s1=1,s2=1,p0=1,p1=1,p2=1,d0=1,d1=1,d2=1,type_kernel=f16): 
[1;32mOK[0m

  CONV_3D(N=2,IC=3,ID=18,IH=22,IW=20,OC=4,KD=3,KH=1,KW=5,s0=2,s1=1,s2=1,p0=2,p1=0,p2=1,d0=1,d1=1,d2=2,type_kernel=f16): 
[1;32mOK[0m

  CONV_3D(N=2,IC=3,ID=18,IH=22,IW=20,OC=4,KD=3,KH=3,KW=3,s0=1,s1=1,s2=1,p0=1,p1=1,p2=1,d0=2,d1=2,d2=2,type_kernel=f16): 
[1;32mOK[0m

  CONV_3D(N=2,IC=3,ID=18,IH=22,IW=20,OC=4,KD=3,KH=1,KW=5,s0=2,s1=1,s2=1,p0=2,p1=0,p2=1,d0=1,d1=1,d2=2,type_kernel=f16): 
[1;32mOK[0m

  CONV_3D(N=2,IC=3,ID=18,IH=22,IW=20,OC=4,KD=3,KH=3,KW=3,s0=2,s1=2,s2=2,p0=0,p1=0,p2=0,d0=1,d1=1,d2=1,type_kernel=f16): 
[1;32mOK[0m

  CONV_3D(N=2,IC=3,ID=18,IH=22,IW=20,OC=4,KD=3,KH=1,KW=5,s0=2,s1=1,s2=1,p0=2,p1=0,p2=1,d0=1,d1=1,d2=2,type_kernel=f16): 
[1;32mOK[0m

  CONV_3D(N=2,IC=3,ID=18,IH=22,IW=20,OC=4,KD=3,KH=3,KW=3,s0=2,s1=2,s2=2,p0=0,p1=0,p2=0,d0=2,d1=2,d2=2,type_kernel=f16): 
[1;32mOK[0m

  CONV_3D(N=2,IC=3,ID=18,IH=22,IW=20,OC=4,KD=3,KH=1,KW=5,s0=2,s1=1,s2=1,p0=2,p1=0,p2=1,d0=1,d1=1,d2=2,type_kernel=f16): 
[1;32mOK[0m

  CONV_3D(N=2,IC=3,ID=18,IH=22,IW=20,OC=4,KD=3,KH=3,KW=3,s0=2,s1=2,s2=2,p0=1,p1=1,p2=1,d0=1,d1=1,d2=1,type_kernel=f16): 
[1;32mOK[0m

  CONV_3D(N=2,IC=3,ID=18,IH=22,IW=20,OC=4,KD=3,KH=1,KW=5,s0=2,s1=1,s2=1,p0=2,p1=0,p2=1,d0=1,d1=1,d2=2,type_kernel=f16): 
[1;32mOK[0m

  CONV_3D(N=2,IC=3,ID=18,IH=22,IW=20,OC=4,KD=3,KH=3,KW=3,s0=2,s1=2,s2=2,p0=1,p1=1,p2=1,d0=2,d1=2,d2=2,type_kernel=f16): 
[1;32mOK[0m

  CONV_3D(N=2,IC=3,ID=18,IH=22,IW=20,OC=4,KD=3,KH=1,KW=5,s0=2,s1=1,s2=1,p0=2,p1=0,p2=1,d0=1,d1=1,d2=2,type_kernel=f16): 
[1;32mOK[0m

  CONV_3D(N=1,IC=4,ID=8,IH=8,IW=8,OC=8,KD=1,KH=1,KW=1,s0=1,s1=1,s2=1,p0=0,p1=0,p2=0,d0=1,d1=1,d2=1,type_kernel=f16): 
[1;32mOK[0m

  350/350 tests passed

  Backend RD0: [1;32mOK[0m

2/2 backends passed

[1;32mOK[0m

ggml_test: test-backend-ops returned 0

ggml_test: rd stats graphs=3689 nodes=4325 dispatches=1341 skipped=2984 barriers=573 failed_graphs=0 last{nodes=1 dispatches=0 barriers=0 skipped=1} pipelines=6 set0_created=705 slots_created=256 coop_yields=3 waits=705 faults=0 params_bytes=343296 set_bytes=704647896 get_bytes=1235877528 copies=0 clears=0 buffers_live=0 bytes_live=0

== ops_barrier_all: done in 103.6 s, frames=352 pumps=352 vm_ms=103477.6 waits=350 coops=1 reads=0 read_bytes=0 uploads=0 upload_bytes=0
   cases: OK=350 FAIL=0 not_supported=0 | 350/350 tests passed | Backend RD0: OK
   IM2COL: OK=92 FAIL=0 not_supported=0
   CONV_3D: OK=258 FAIL=0 not_supported=0
   rd: graphs=3689 nodes=4325 dispatches=1341 skipped=2984 barriers=573 failed_graphs=0 last{nodes=1 dispatches=0 barriers=0 skipped=1} pipelines=6 set0_created=705 slots_created=256 coop_yields=3 waits=705 faults=0 params_bytes=343296 set_bytes=704647896 get_bytes=1235877528 copies=0 clears=0 buffers_live=0 bytes_live=0 rule4_same_frame_syncs=0 syncs=707 submits=707 recoveries=0 permanent_slots=0 | 29 of 29 RenderingDevice method names in slots of their own (host name cache: 32 slots)
Testing 2 devices


Backend 1/2: CPU

  Skipping

Backend 2/2: RD0

  Device description: Godot RenderingDevice (NVIDIA GeForce RTX 4090)

  Device memory: 24576 MB (24576 MB free)



[IM2COL] ERR = 2.004025720 > 0.000000100   IM2COL(type_input=f32,type_kernel=f32,dst_type=f32,ne_input=[3000,128,1,1],ne_kernel=[3,128,1280,1],s0=1,s1=0,p0=1,p1=0,d0=1,d1=0,is_2D=0): 
[1;31mFAIL[0m

[IM2COL] ERR = 2.001666576 > 0.000000100   IM2COL(type_input=f32,type_kernel=f16,dst_type=f32,ne_input=[3000,128,1,1],ne_kernel=[3,128,1280,1],s0=1,s1=0,p0=1,p1=0,d0=1,d1=0,is_2D=0): 
[1;31mFAIL[0m

[IM2COL] ERR = 2.005226241 > 0.000000100   IM2COL(type_input=f32,type_kernel=f16,dst_type=f16,ne_input=[3000,128,1,1],ne_kernel=[3,128,1280,1],s0=1,s1=0,p0=1,p1=0,d0=1,d1=0,is_2D=0): 
[1;31mFAIL[0m

[IM2COL] ERR = 2.003037468 > 0.000000100   IM2COL(type_input=f32,type_kernel=f16,dst_type=f16,ne_input=[3000,384,1,1],ne_kernel=[3,384,384,1],s0=1,s1=0,p0=1,p1=0,d0=1,d1=0,is_2D=0): 
[1;31mFAIL[0m

[IM2COL] ERR = 2.066730804 > 0.000000100   IM2COL(type_input=f32,type_kernel=f32,dst_type=f32,ne_input=[20,2,2,1],ne_kernel=[3,2,2,1],s0=1,s1=0,p0=0,p1=0,d0=1,d1=0,is_2D=0): 
[1;31mFAIL[0m

[IM2COL] ERR = 1.790657857 > 0.000000100   IM2COL(type_input=f32,type_kernel=f32,dst_type=f32,ne_input=[20,2,2,1],ne_kernel=[3,2,2,1],s0=1,s1=0,p0=0,p1=0,d0=3,d1=0,is_2D=0): 
[1;31mFAIL[0m

[IM2COL] ERR = 2.022051817 > 0.000000100   IM2COL(type_input=f32,type_kernel=f32,dst_type=f32,ne_input=[20,2,2,1],ne_kernel=[3,2,2,1],s0=1,s1=0,p0=3,p1=0,d0=1,d1=0,is_2D=0): 
[1;31mFAIL[0m

[IM2COL] ERR = 1.868318115 > 0.000000100   IM2COL(type_input=f32,type_kernel=f32,dst_type=f32,ne_input=[20,2,2,1],ne_kernel=[3,2,2,1],s0=1,s1=0,p0=3,p1=0,d0=3,d1=0,is_2D=0): 
[1;31mFAIL[0m

[IM2COL] ERR = 2.053882923 > 0.000000100   IM2COL(type_input=f32,type_kernel=f32,dst_type=f32,ne_input=[20,2,2,1],ne_kernel=[3,2,2,1],s0=3,s1=0,p0=0,p1=0,d0=1,d1=0,is_2D=0): 
[1;31mFAIL[0m

[IM2COL] ERR = 1.446573164 > 0.000000100   IM2COL(type_input=f32,type_kernel=f32,dst_type=f32,ne_input=[20,2,2,1],ne_kernel=[3,2,2,1],s0=3,s1=0,p0=0,p1=0,d0=3,d1=0,is_2D=0): 
[1;31mFAIL[0m

[IM2COL] ERR = 2.250800069 > 0.000000100   IM2COL(type_input=f32,type_kernel=f32,dst_type=f32,ne_input=[20,2,2,1],ne_kernel=[3,2,2,1],s0=3,s1=0,p0=3,p1=0,d0=1,d1=0,is_2D=0): 
[1;31mFAIL[0m

[IM2COL] ERR = 1.950625169 > 0.000000100   IM2COL(type_input=f32,type_kernel=f32,dst_type=f32,ne_input=[20,2,2,1],ne_kernel=[3,2,2,1],s0=3,s1=0,p0=3,p1=0,d0=3,d1=0,is_2D=0): 
[1;31mFAIL[0m

[IM2COL] ERR = 1.933543368 > 0.000000100   IM2COL(type_input=f32,type_kernel=f32,dst_type=f32,ne_input=[10,10,3,1],ne_kernel=[3,3,3,1],s0=1,s1=1,p0=1,p1=1,d0=1,d1=1,is_2D=1): 
[1;31mFAIL[0m

[IM2COL] ERR = 1.762074797 > 0.000000100   IM2COL(type_input=f32,type_kernel=f32,dst_type=f16,ne_input=[10,10,3,1],ne_kernel=[3,3,3,1],s0=1,s1=1,p0=1,p1=1,d0=1,d1=1,is_2D=1): 
[1;31mFAIL[0m

[IM2COL] ERR = 2.110557133 > 0.000000100   IM2COL(type_input=f32,type_kernel=f16,dst_type=f32,ne_input=[10,10,3,1],ne_kernel=[3,3,3,1],s0=1,s1=1,p0=1,p1=1,d0=1,d1=1,is_2D=1): 
[1;31mFAIL[0m

[IM2COL] ERR = 1.893202637 > 0.000000100   IM2COL(type_input=f32,type_kernel=f16,dst_type=f16,ne_input=[10,10,3,1],ne_kernel=[3,3,3,1],s0=1,s1=1,p0=1,p1=1,d0=1,d1=1,is_2D=1): 
[1;31mFAIL[0m

[IM2COL] ERR = 2.019689088 > 0.000000100   IM2COL(type_input=f32,type_kernel=f32,dst_type=f32,ne_input=[20,20,2,2],ne_kernel=[3,3,2,2],s0=1,s1=1,p0=0,p1=0,d0=1,d1=1,is_2D=1): 
[1;31mFAIL[0m

[IM2COL] ERR = 2.055128395 > 0.000000100   IM2COL(type_input=f32,type_kernel=f32,dst_type=f32,ne_input=[20,20,2,2],ne_kernel=[3,3,2,2],s0=1,s1=1,p0=0,p1=0,d0=1,d1=3,is_2D=1): 
[1;31mFAIL[0m

[IM2COL] ERR = 2.022466493 > 0.000000100   IM2COL(type_input=f32,type_kernel=f32,dst_type=f32,ne_input=[20,20,2,2],ne_kernel=[3,3,2,2],s0=1,s1=1,p0=0,p1=0,d0=3,d1=1,is_2D=1): 
[1;31mFAIL[0m

[IM2COL] ERR = 2.082555180 > 0.000000100   IM2COL(type_input=f32,type_kernel=f32,dst_type=f32,ne_input=[20,20,2,2],ne_kernel=[3,3,2,2],s0=1,s1=1,p0=0,p1=0,d0=3,d1=3,is_2D=1): 
[1;31mFAIL[0m

[IM2COL] ERR = 2.061198468 > 0.000000100   IM2COL(type_input=f32,type_kernel=f32,dst_type=f32,ne_input=[20,20,2,2],ne_kernel=[3,3,2,2],s0=1,s1=1,p0=0,p1=3,d0=1,d1=1,is_2D=1): 
[1;31mFAIL[0m

[IM2COL] ERR = 2.023588967 > 0.000000100   IM2COL(type_input=f32,type_kernel=f32,dst_type=f32,ne_input=[20,20,2,2],ne_kernel=[3,3,2,2],s0=1,s1=1,p0=0,p1=3,d0=1,d1=3,is_2D=1): 
[1;31mFAIL[0m

[IM2COL] ERR = 1.952045537 > 0.000000100   IM2COL(type_input=f32,type_kernel=f32,dst_type=f32,ne_input=[20,20,2,2],ne_kernel=[3,3,2,2],s0=1,s1=1,p0=0,p1=3,d0=3,d1=1,is_2D=1): 
[1;31mFAIL[0m

[IM2COL] ERR = 2.087932751 > 0.000000100   IM2COL(type_input=f32,type_kernel=f32,dst_type=f32,ne_input=[20,20,2,2],ne_kernel=[3,3,2,2],s0=1,s1=1,p0=0,p1=3,d0=3,d1=3,is_2D=1): 
[1;31mFAIL[0m

[IM2COL] ERR = 2.063967852 > 0.000000100   IM2COL(type_input=f32,type_kernel=f32,dst_type=f32,ne_input=[20,20,2,2],ne_kernel=[3,3,2,2],s0=1,s1=1,p0=3,p1=0,d0=1,d1=1,is_2D=1): 
[1;31mFAIL[0m

[IM2COL] ERR = 2.017565305 > 0.000000100   IM2COL(type_input=f32,type_kernel=f32,dst_type=f32,ne_input=[20,20,2,2],ne_kernel=[3,3,2,2],s0=1,s1=1,p0=3,p1=0,d0=1,d1=3,is_2D=1): 
[1;31mFAIL[0m

[IM2COL] ERR = 2.030225611 > 0.000000100   IM2COL(type_input=f32,type_kernel=f32,dst_type=f32,ne_input=[20,20,2,2],ne_kernel=[3,3,2,2],s0=1,s1=1,p0=3,p1=0,d0=3,d1=1,is_2D=1): 
[1;31mFAIL[0m

[IM2COL] ERR = 1.983362665 > 0.000000100   IM2COL(type_input=f32,type_kernel=f32,dst_type=f32,ne_input=[20,20,2,2],ne_kernel=[3,3,2,2],s0=1,s1=1,p0=3,p1=0,d0=3,d1=3,is_2D=1): 
[1;31mFAIL[0m

[IM2COL] ERR = 1.964761055 > 0.000000100   IM2COL(type_input=f32,type_kernel=f32,dst_type=f32,ne_input=[20,20,2,2],ne_kernel=[3,3,2,2],s0=1,s1=1,p0=3,p1=3,d0=1,d1=1,is_2D=1): 
[1;31mFAIL[0m

[IM2COL] ERR = 2.032410594 > 0.000000100   IM2COL(type_input=f32,type_kernel=f32,dst_type=f32,ne_input=[20,20,2,2],ne_kernel=[3,3,2,2],s0=1,s1=1,p0=3,p1=3,d0=1,d1=3,is_2D=1): 
[1;31mFAIL[0m

[IM2COL] ERR = 2.070709705 > 0.000000100   IM2COL(type_input=f32,type_kernel=f32,dst_type=f32,ne_input=[20,20,2,2],ne_kernel=[3,3,2,2],s0=1,s1=1,p0=3,p1=3,d0=3,d1=1,is_2D=1): 
[1;31mFAIL[0m

[IM2COL] ERR = 1.998749221 > 0.000000100   IM2COL(type_input=f32,type_kernel=f32,dst_type=f32,ne_input=[20,20,2,2],ne_kernel=[3,3,2,2],s0=1,s1=1,p0=3,p1=3,d0=3,d1=3,is_2D=1): 
[1;31mFAIL[0m

[IM2COL] ERR = 1.916922127 > 0.000000100   IM2COL(type_input=f32,type_kernel=f32,dst_type=f32,ne_input=[20,20,2,2],ne_kernel=[3,3,2,2],s0=1,s1=3,p0=0,p1=0,d0=1,d1=1,is_2D=1): 
[1;31mFAIL[0m

[IM2COL] ERR = 1.937149218 > 0.000000100   IM2COL(type_input=f32,type_kernel=f32,dst_type=f32,ne_input=[20,20,2,2],ne_kernel=[3,3,2,2],s0=1,s1=3,p0=0,p1=0,d0=1,d1=3,is_2D=1): 
[1;31mFAIL[0m

[IM2COL] ERR = 1.949259319 > 0.000000100   IM2COL(type_input=f32,type_kernel=f32,dst_type=f32,ne_input=[20,20,2,2],ne_kernel=[3,3,2,2],s0=1,s1=3,p0=0,p1=0,d0=3,d1=1,is_2D=1): 
[1;31mFAIL[0m

[IM2COL] ERR = 2.130082842 > 0.000000100   IM2COL(type_input=f32,type_kernel=f32,dst_type=f32,ne_input=[20,20,2,2],ne_kernel=[3,3,2,2],s0=1,s1=3,p0=0,p1=0,d0=3,d1=3,is_2D=1): 
[1;31mFAIL[0m

[IM2COL] ERR = 1.972305945 > 0.000000100   IM2COL(type_input=f32,type_kernel=f32,dst_type=f32,ne_input=[20,20,2,2],ne_kernel=[3,3,2,2],s0=1,s1=3,p0=0,p1=3,d0=1,d1=1,is_2D=1): 
[1;31mFAIL[0m

[IM2COL] ERR = 2.162457153 > 0.000000100   IM2COL(type_input=f32,type_kernel=f32,dst_type=f32,ne_input=[20,20,2,2],ne_kernel=[3,3,2,2],s0=1,s1=3,p0=0,p1=3,d0=1,d1=3,is_2D=1): 
[1;31mFAIL[0m

[IM2COL] ERR = 2.093323327 > 0.000000100   IM2COL(type_input=f32,type_kernel=f32,dst_type=f32,ne_input=[20,20,2,2],ne_kernel=[3,3,2,2],s0=1,s1=3,p0=0,p1=3,d0=3,d1=1,is_2D=1): 
[1;31mFAIL[0m

[IM2COL] ERR = 1.985857125 > 0.000000100   IM2COL(type_input=f32,type_kernel=f32,dst_type=f32,ne_input=[20,20,2,2],ne_kernel=[3,3,2,2],s0=1,s1=3,p0=0,p1=3,d0=3,d1=3,is_2D=1): 
[1;31mFAIL[0m

[IM2COL] ERR = 2.038660559 > 0.000000100   IM2COL(type_input=f32,type_kernel=f32,dst_type=f32,ne_input=[20,20,2,2],ne_kernel=[3,3,2,2],s0=1,s1=3,p0=3,p1=0,d0=1,d1=1,is_2D=1): 
[1;31mFAIL[0m

[IM2COL] ERR = 1.981689742 > 0.000000100   IM2COL(type_input=f32,type_kernel=f32,dst_type=f32,ne_input=[20,20,2,2],ne_kernel=[3,3,2,2],s0=1,s1=3,p0=3,p1=0,d0=1,d1=3,is_2D=1): 
[1;31mFAIL[0m

[IM2COL] ERR = 1.922210583 > 0.000000100   IM2COL(type_input=f32,type_kernel=f32,dst_type=f32,ne_input=[20,20,2,2],ne_kernel=[3,3,2,2],s0=1,s1=3,p0=3,p1=0,d0=3,d1=1,is_2D=1): 
[1;31mFAIL[0m

[IM2COL] ERR = 2.002230614 > 0.000000100   IM2COL(type_input=f32,type_kernel=f32,dst_type=f32,ne_input=[20,20,2,2],ne_kernel=[3,3,2,2],s0=1,s1=3,p0=3,p1=0,d0=3,d1=3,is_2D=1): 
[1;31mFAIL[0m

[IM2COL] ERR = 1.935973885 > 0.000000100   IM2COL(type_input=f32,type_kernel=f32,dst_type=f32,ne_input=[20,20,2,2],ne_kernel=[3,3,2,2],s0=1,s1=3,p0=3,p1=3,d0=1,d1=1,is_2D=1): 
[1;31mFAIL[0m

[IM2COL] ERR = 1.936341204 > 0.000000100   IM2COL(type_input=f32,type_kernel=f32,dst_type=f32,ne_input=[20,20,2,2],ne_kernel=[3,3,2,2],s0=1,s1=3,p0=3,p1=3,d0=1,d1=3,is_2D=1): 
[1;31mFAIL[0m

[IM2COL] ERR = 1.945596637 > 0.000000100   IM2COL(type_input=f32,type_kernel=f32,dst_type=f32,ne_input=[20,20,2,2],ne_kernel=[3,3,2,2],s0=1,s1=3,p0=3,p1=3,d0=3,d1=1,is_2D=1): 
[1;31mFAIL[0m

[IM2COL] ERR = 1.894979085 > 0.000000100   IM2COL(type_input=f32,type_kernel=f32,dst_type=f32,ne_input=[20,20,2,2],ne_kernel=[3,3,2,2],s0=1,s1=3,p0=3,p1=3,d0=3,d1=3,is_2D=1): 
[1;31mFAIL[0m

[IM2COL] ERR = 2.051493433 > 0.000000100   IM2COL(type_input=f32,type_kernel=f32,dst_type=f32,ne_input=[20,20,2,2],ne_kernel=[3,3,2,2],s0=3,s1=1,p0=0,p1=0,d0=1,d1=1,is_2D=1): 
[1;31mFAIL[0m

[IM2COL] ERR = 2.003250270 > 0.000000100   IM2COL(type_input=f32,type_kernel=f32,dst_type=f32,ne_input=[20,20,2,2],ne_kernel=[3,3,2,2],s0=3,s1=1,p0=0,p1=0,d0=1,d1=3,is_2D=1): 
[1;31mFAIL[0m

[IM2COL] ERR = 1.825578350 > 0.000000100   IM2COL(type_input=f32,type_kernel=f32,dst_type=f32,ne_input=[20,20,2,2],ne_kernel=[3,3,2,2],s0=3,s1=1,p0=0,p1=0,d0=3,d1=1,is_2D=1): 
[1;31mFAIL[0m

[IM2COL] ERR = 2.003059839 > 0.000000100   IM2COL(type_input=f32,type_kernel=f32,dst_type=f32,ne_input=[20,20,2,2],ne_kernel=[3,3,2,2],s0=3,s1=1,p0=0,p1=0,d0=3,d1=3,is_2D=1): 
[1;31mFAIL[0m

[IM2COL] ERR = 1.964529470 > 0.000000100   IM2COL(type_input=f32,type_kernel=f32,dst_type=f32,ne_input=[20,20,2,2],ne_kernel=[3,3,2,2],s0=3,s1=1,p0=0,p1=3,d0=1,d1=1,is_2D=1): 
[1;31mFAIL[0m

[IM2COL] ERR = 1.980676991 > 0.000000100   IM2COL(type_input=f32,type_kernel=f32,dst_type=f32,ne_input=[20,20,2,2],ne_kernel=[3,3,2,2],s0=3,s1=1,p0=0,p1=3,d0=1,d1=3,is_2D=1): 
[1;31mFAIL[0m

[IM2COL] ERR = 1.985800375 > 0.000000100   IM2COL(type_input=f32,type_kernel=f32,dst_type=f32,ne_input=[20,20,2,2],ne_kernel=[3,3,2,2],s0=3,s1=1,p0=0,p1=3,d0=3,d1=1,is_2D=1): 
[1;31mFAIL[0m

[IM2COL] ERR = 1.941721250 > 0.000000100   IM2COL(type_input=f32,type_kernel=f32,dst_type=f32,ne_input=[20,20,2,2],ne_kernel=[3,3,2,2],s0=3,s1=1,p0=0,p1=3,d0=3,d1=3,is_2D=1): 
[1;31mFAIL[0m

[IM2COL] ERR = 2.006219428 > 0.000000100   IM2COL(type_input=f32,type_kernel=f32,dst_type=f32,ne_input=[20,20,2,2],ne_kernel=[3,3,2,2],s0=3,s1=1,p0=3,p1=0,d0=1,d1=1,is_2D=1): 
[1;31mFAIL[0m

[IM2COL] ERR = 1.976435361 > 0.000000100   IM2COL(type_input=f32,type_kernel=f32,dst_type=f32,ne_input=[20,20,2,2],ne_kernel=[3,3,2,2],s0=3,s1=1,p0=3,p1=0,d0=1,d1=3,is_2D=1): 
[1;31mFAIL[0m

[IM2COL] ERR = 1.928756476 > 0.000000100   IM2COL(type_input=f32,type_kernel=f32,dst_type=f32,ne_input=[20,20,2,2],ne_kernel=[3,3,2,2],s0=3,s1=1,p0=3,p1=0,d0=3,d1=1,is_2D=1): 
[1;31mFAIL[0m

[IM2COL] ERR = 1.798705207 > 0.000000100   IM2COL(type_input=f32,type_kernel=f32,dst_type=f32,ne_input=[20,20,2,2],ne_kernel=[3,3,2,2],s0=3,s1=1,p0=3,p1=0,d0=3,d1=3,is_2D=1): 
[1;31mFAIL[0m

[IM2COL] ERR = 1.925861078 > 0.000000100   IM2COL(type_input=f32,type_kernel=f32,dst_type=f32,ne_input=[20,20,2,2],ne_kernel=[3,3,2,2],s0=3,s1=1,p0=3,p1=3,d0=1,d1=1,is_2D=1): 
[1;31mFAIL[0m

[IM2COL] ERR = 1.960644062 > 0.000000100   IM2COL(type_input=f32,type_kernel=f32,dst_type=f32,ne_input=[20,20,2,2],ne_kernel=[3,3,2,2],s0=3,s1=1,p0=3,p1=3,d0=1,d1=3,is_2D=1): 
[1;31mFAIL[0m

[IM2COL] ERR = 1.878002299 > 0.000000100   IM2COL(type_input=f32,type_kernel=f32,dst_type=f32,ne_input=[20,20,2,2],ne_kernel=[3,3,2,2],s0=3,s1=1,p0=3,p1=3,d0=3,d1=1,is_2D=1): 
[1;31mFAIL[0m

[IM2COL] ERR = 2.014110895 > 0.000000100   IM2COL(type_input=f32,type_kernel=f32,dst_type=f32,ne_input=[20,20,2,2],ne_kernel=[3,3,2,2],s0=3,s1=1,p0=3,p1=3,d0=3,d1=3,is_2D=1): 
[1;31mFAIL[0m

[IM2COL] ERR = 2.025755423 > 0.000000100   IM2COL(type_input=f32,type_kernel=f32,dst_type=f32,ne_input=[20,20,2,2],ne_kernel=[3,3,2,2],s0=3,s1=3,p0=0,p1=0,d0=1,d1=1,is_2D=1): 
[1;31mFAIL[0m

[IM2COL] ERR = 2.055055483 > 0.000000100   IM2COL(type_input=f32,type_kernel=f32,dst_type=f32,ne_input=[20,20,2,2],ne_kernel=[3,3,2,2],s0=3,s1=3,p0=0,p1=0,d0=1,d1=3,is_2D=1): 
[1;31mFAIL[0m

[IM2COL] ERR = 2.105345375 > 0.000000100   IM2COL(type_input=f32,type_kernel=f32,dst_type=f32,ne_input=[20,20,2,2],ne_kernel=[3,3,2,2],s0=3,s1=3,p0=0,p1=0,d0=3,d1=1,is_2D=1): 
[1;31mFAIL[0m

[IM2COL] ERR = 1.729228440 > 0.000000100   IM2COL(type_input=f32,type_kernel=f32,dst_type=f32,ne_input=[20,20,2,2],ne_kernel=[3,3,2,2],s0=3,s1=3,p0=0,p1=0,d0=3,d1=3,is_2D=1): 
[1;31mFAIL[0m

[IM2COL] ERR = 2.027827159 > 0.000000100   IM2COL(type_input=f32,type_kernel=f32,dst_type=f32,ne_input=[20,20,2,2],ne_kernel=[3,3,2,2],s0=3,s1=3,p0=0,p1=3,d0=1,d1=1,is_2D=1): 
[1;31mFAIL[0m

[IM2COL] ERR = 1.999849660 > 0.000000100   IM2COL(type_input=f32,type_kernel=f32,dst_type=f32,ne_input=[20,20,2,2],ne_kernel=[3,3,2,2],s0=3,s1=3,p0=0,p1=3,d0=1,d1=3,is_2D=1): 
[1;31mFAIL[0m

[IM2COL] ERR = 2.186955924 > 0.000000100   IM2COL(type_input=f32,type_kernel=f32,dst_type=f32,ne_input=[20,20,2,2],ne_kernel=[3,3,2,2],s0=3,s1=3,p0=0,p1=3,d0=3,d1=1,is_2D=1): 
[1;31mFAIL[0m

[IM2COL] ERR = 1.808657779 > 0.000000100   IM2COL(type_input=f32,type_kernel=f32,dst_type=f32,ne_input=[20,20,2,2],ne_kernel=[3,3,2,2],s0=3,s1=3,p0=0,p1=3,d0=3,d1=3,is_2D=1): 
[1;31mFAIL[0m

[IM2COL] ERR = 2.022423804 > 0.000000100   IM2COL(type_input=f32,type_kernel=f32,dst_type=f32,ne_input=[20,20,2,2],ne_kernel=[3,3,2,2],s0=3,s1=3,p0=3,p1=0,d0=1,d1=1,is_2D=1): 
[1;31mFAIL[0m

[IM2COL] ERR = 1.977059375 > 0.000000100   IM2COL(type_input=f32,type_kernel=f32,dst_type=f32,ne_input=[20,20,2,2],ne_kernel=[3,3,2,2],s0=3,s1=3,p0=3,p1=0,d0=1,d1=3,is_2D=1): 
[1;31mFAIL[0m

[IM2COL] ERR = 1.907925944 > 0.000000100   IM2COL(type_input=f32,type_kernel=f32,dst_type=f32,ne_input=[20,20,2,2],ne_kernel=[3,3,2,2],s0=3,s1=3,p0=3,p1=0,d0=3,d1=1,is_2D=1): 
[1;31mFAIL[0m

[IM2COL] ERR = 1.883402283 > 0.000000100   IM2COL(type_input=f32,type_kernel=f32,dst_type=f32,ne_input=[20,20,2,2],ne_kernel=[3,3,2,2],s0=3,s1=3,p0=3,p1=0,d0=3,d1=3,is_2D=1): 
[1;31mFAIL[0m

[IM2COL] ERR = 1.979896087 > 0.000000100   IM2COL(type_input=f32,type_kernel=f32,dst_type=f32,ne_input=[20,20,2,2],ne_kernel=[3,3,2,2],s0=3,s1=3,p0=3,p1=3,d0=1,d1=1,is_2D=1): 
[1;31mFAIL[0m

[IM2COL] ERR = 2.011336346 > 0.000000100   IM2COL(type_input=f32,type_kernel=f32,dst_type=f32,ne_input=[20,20,2,2],ne_kernel=[3,3,2,2],s0=3,s1=3,p0=3,p1=3,d0=1,d1=3,is_2D=1): 
[1;31mFAIL[0m

[IM2COL] ERR = 1.990243529 > 0.000000100   IM2COL(type_input=f32,type_kernel=f32,dst_type=f32,ne_input=[20,20,2,2],ne_kernel=[3,3,2,2],s0=3,s1=3,p0=3,p1=3,d0=3,d1=1,is_2D=1): 
[1;31mFAIL[0m

[IM2COL] ERR = 1.763337693 > 0.000000100   IM2COL(type_input=f32,type_kernel=f32,dst_type=f32,ne_input=[20,20,2,2],ne_kernel=[3,3,2,2],s0=3,s1=3,p0=3,p1=3,d0=3,d1=3,is_2D=1): 
[1;31mFAIL[0m

[IM2COL] ERR = 2.004055019 > 0.000000100   IM2COL(type_input=f32,type_kernel=f16,dst_type=f16,ne_input=[12,12,1,32],ne_kernel=[3,3,1,32],s0=1,s1=1,p0=1,p1=1,d0=1,d1=1,is_2D=1): 
[1;31mFAIL[0m

[IM2COL] ERR = 1.966295506 > 0.000000100   IM2COL(type_input=f32,type_kernel=f16,dst_type=f16,ne_input=[12,12,2,32],ne_kernel=[3,3,2,32],s0=1,s1=1,p0=1,p1=1,d0=1,d1=1,is_2D=1): 
[1;31mFAIL[0m

[IM2COL] ERR = 1.989485273 > 0.000000100   IM2COL(type_input=f32,type_kernel=f16,dst_type=f16,ne_input=[12,12,1,1024],ne_kernel=[3,3,1,1024],s0=1,s1=1,p0=1,p1=1,d0=1,d1=1,is_2D=1): 
[1;31mFAIL[0m

[IM2COL] ERR = 1.999660168 > 0.000000100   IM2COL(type_input=f32,type_kernel=f16,dst_type=f16,ne_input=[12,12,2,1024],ne_kernel=[3,3,2,1024],s0=1,s1=1,p0=1,p1=1,d0=1,d1=1,is_2D=1): 
[1;31mFAIL[0m

[IM2COL] ERR = 1.999510329 > 0.000000100   IM2COL(type_input=f32,type_kernel=f16,dst_type=f16,ne_input=[12,12,1,2048],ne_kernel=[3,3,1,2048],s0=1,s1=1,p0=1,p1=1,d0=1,d1=1,is_2D=1): 
[1;31mFAIL[0m

[IM2COL] ERR = 1.999212656 > 0.000000100   IM2COL(type_input=f32,type_kernel=f16,dst_type=f16,ne_input=[12,12,2,2048],ne_kernel=[3,3,2,2048],s0=1,s1=1,p0=1,p1=1,d0=1,d1=1,is_2D=1): 
[1;31mFAIL[0m

[IM2COL] ERR = 2.000780980 > 0.000000100   IM2COL(type_input=f32,type_kernel=f16,dst_type=f16,ne_input=[12,12,1,2560],ne_kernel=[3,3,1,2560],s0=1,s1=1,p0=1,p1=1,d0=1,d1=1,is_2D=1): 
[1;31mFAIL[0m

[IM2COL] ERR = 1.999794292 > 0.000000100   IM2COL(type_input=f32,type_kernel=f16,dst_type=f16,ne_input=[12,12,2,2560],ne_kernel=[3,3,2,2560],s0=1,s1=1,p0=1,p1=1,d0=1,d1=1,is_2D=1): 
[1;31mFAIL[0m

[IM2COL] ERR = 2.075039903 > 0.000000100   IM2COL(type_input=f32,type_kernel=f16,dst_type=f16,ne_input=[5,5,1,32],ne_kernel=[3,4,1,32],s0=1,s1=1,p0=0,p1=0,d0=1,d1=1,is_2D=1): 
[1;31mFAIL[0m

[IM2COL] ERR = 1.999365900 > 0.000000100   IM2COL(type_input=f32,type_kernel=f32,dst_type=f32,ne_input=[2,2,1536,729],ne_kernel=[2,2,1536,4096],s0=1,s1=1,p0=0,p1=0,d0=1,d1=1,is_2D=1): 
[1;31mFAIL[0m

[IM2COL] ERR = 1.982014987 > 0.000000100   IM2COL(type_input=f32,type_kernel=f16,dst_type=f16,ne_input=[128,128,1,2],ne_kernel=[32,33,1,2],s0=1,s1=1,p0=1,p1=1,d0=1,d1=1,is_2D=1): 
[1;31mFAIL[0m

[IM2COL] ERR = 1.981888985 > 0.000000100   IM2COL(type_input=f32,type_kernel=f16,dst_type=f16,ne_input=[128,128,2,1],ne_kernel=[33,34,2,1],s0=1,s1=1,p0=1,p1=1,d0=1,d1=1,is_2D=1): 
[1;31mFAIL[0m

[CONV_3D] ERR = 2.343830775 > 0.000500000   CONV_3D(N=1,IC=1,ID=18,IH=22,IW=20,OC=1,KD=3,KH=3,KW=3,s0=1,s1=1,s2=1,p0=0,p1=0,p2=0,d0=1,d1=1,d2=1,type_kernel=f32): 
[1;31mFAIL[0m

[CONV_3D] ERR = 2.024179507 > 0.000500000   CONV_3D(N=1,IC=1,ID=18,IH=22,IW=20,OC=1,KD=3,KH=1,KW=5,s0=2,s1=1,s2=1,p0=2,p1=0,p2=1,d0=1,d1=1,d2=2,type_kernel=f32): 
[1;31mFAIL[0m

[CONV_3D] ERR = 1.999018773 > 0.000500000   CONV_3D(N=1,IC=1,ID=18,IH=22,IW=20,OC=1,KD=3,KH=3,KW=3,s0=1,s1=1,s2=1,p0=0,p1=0,p2=0,d0=2,d1=2,d2=2,type_kernel=f32): 
[1;31mFAIL[0m

[CONV_3D] ERR = 1.390102021 > 0.000500000   CONV_3D(N=1,IC=1,ID=18,IH=22,IW=20,OC=1,KD=3,KH=1,KW=5,s0=2,s1=1,s2=1,p0=2,p1=0,p2=1,d0=1,d1=1,d2=2,type_kernel=f32): 
[1;31mFAIL[0m

[CONV_3D] ERR = 2.027049421 > 0.000500000   CONV_3D(N=1,IC=1,ID=18,IH=22,IW=20,OC=1,KD=3,KH=3,KW=3,s0=1,s1=1,s2=1,p0=1,p1=1,p2=1,d0=1,d1=1,d2=1,type_kernel=f32): 
[1;31mFAIL[0m

[CONV_3D] ERR = 2.675586631 > 0.000500000   CONV_3D(N=1,IC=1,ID=18,IH=22,IW=20,OC=1,KD=3,KH=1,KW=5,s0=2,s1=1,s2=1,p0=2,p1=0,p2=1,d0=1,d1=1,d2=2,type_kernel=f32): 
[1;31mFAIL[0m

[CONV_3D] ERR = 1.979396615 > 0.000500000   CONV_3D(N=1,IC=1,ID=18,IH=22,IW=20,OC=1,KD=3,KH=3,KW=3,s0=1,s1=1,s2=1,p0=1,p1=1,p2=1,d0=2,d1=2,d2=2,type_kernel=f32): 
[1;31mFAIL[0m

[CONV_3D] ERR = 2.431085349 > 0.000500000   CONV_3D(N=1,IC=1,ID=18,IH=22,IW=20,OC=1,KD=3,KH=1,KW=5,s0=2,s1=1,s2=1,p0=2,p1=0,p2=1,d0=1,d1=1,d2=2,type_kernel=f32): 
[1;31mFAIL[0m

[CONV_3D] ERR = 1.537895003 > 0.000500000   CONV_3D(N=1,IC=1,ID=18,IH=22,IW=20,OC=1,KD=3,KH=3,KW=3,s0=2,s1=2,s2=2,p0=0,p1=0,p2=0,d0=1,d1=1,d2=1,type_kernel=f32): 
[1;31mFAIL[0m

[CONV_3D] ERR = 1.896167680 > 0.000500000   CONV_3D(N=1,IC=1,ID=18,IH=22,IW=20,OC=1,KD=3,KH=1,KW=5,s0=2,s1=1,s2=1,p0=2,p1=0,p2=1,d0=1,d1=1,d2=2,type_kernel=f32): 
[1;31mFAIL[0m

[CONV_3D] ERR = 2.001918117 > 0.000500000   CONV_3D(N=1,IC=1,ID=18,IH=22,IW=20,OC=1,KD=3,KH=3,KW=3,s0=2,s1=2,s2=2,p0=0,p1=0,p2=0,d0=2,d1=2,d2=2,type_kernel=f32): 
[1;31mFAIL[0m

[CONV_3D] ERR = 2.438982609 > 0.000500000   CONV_3D(N=1,IC=1,ID=18,IH=22,IW=20,OC=1,KD=3,KH=1,KW=5,s0=2,s1=1,s2=1,p0=2,p1=0,p2=1,d0=1,d1=1,d2=2,type_kernel=f32): 
[1;31mFAIL[0m

[CONV_3D] ERR = 2.733668330 > 0.000500000   CONV_3D(N=1,IC=1,ID=18,IH=22,IW=20,OC=1,KD=3,KH=3,KW=3,s0=2,s1=2,s2=2,p0=1,p1=1,p2=1,d0=1,d1=1,d2=1,type_kernel=f32): 
[1;31mFAIL[0m

[CONV_3D] ERR = 1.987179396 > 0.000500000   CONV_3D(N=1,IC=1,ID=18,IH=22,IW=20,OC=1,KD=3,KH=1,KW=5,s0=2,s1=1,s2=1,p0=2,p1=0,p2=1,d0=1,d1=1,d2=2,type_kernel=f32): 
[1;31mFAIL[0m

[CONV_3D] ERR = 2.128488002 > 0.000500000   CONV_3D(N=1,IC=1,ID=18,IH=22,IW=20,OC=1,KD=3,KH=3,KW=3,s0=2,s1=2,s2=2,p0=1,p1=1,p2=1,d0=2,d1=2,d2=2,type_kernel=f32): 
[1;31mFAIL[0m

[CONV_3D] ERR = 2.089204204 > 0.000500000   CONV_3D(N=1,IC=1,ID=18,IH=22,IW=20,OC=1,KD=3,KH=1,KW=5,s0=2,s1=1,s2=1,p0=2,p1=0,p2=1,d0=1,d1=1,d2=2,type_kernel=f32): 
[1;31mFAIL[0m

[CONV_3D] ERR = 2.234545865 > 0.000500000   CONV_3D(N=1,IC=1,ID=18,IH=22,IW=20,OC=4,KD=3,KH=3,KW=3,s0=1,s1=1,s2=1,p0=0,p1=0,p2=0,d0=1,d1=1,d2=1,type_kernel=f32): 
[1;31mFAIL[0m

[CONV_3D] ERR = 2.311246868 > 0.000500000   CONV_3D(N=1,IC=1,ID=18,IH=22,IW=20,OC=4,KD=3,KH=1,KW=5,s0=2,s1=1,s2=1,p0=2,p1=0,p2=1,d0=1,d1=1,d2=2,type_kernel=f32): 
[1;31mFAIL[0m

[CONV_3D] ERR = 1.989179603 > 0.000500000   CONV_3D(N=1,IC=1,ID=18,IH=22,IW=20,OC=4,KD=3,KH=3,KW=3,s0=1,s1=1,s2=1,p0=0,p1=0,p2=0,d0=2,d1=2,d2=2,type_kernel=f32): 
[1;31mFAIL[0m

[CONV_3D] ERR = 2.072997918 > 0.000500000   CONV_3D(N=1,IC=1,ID=18,IH=22,IW=20,OC=4,KD=3,KH=1,KW=5,s0=2,s1=1,s2=1,p0=2,p1=0,p2=1,d0=1,d1=1,d2=2,type_kernel=f32): 
[1;31mFAIL[0m

[CONV_3D] ERR = 1.909568932 > 0.000500000   CONV_3D(N=1,IC=1,ID=18,IH=22,IW=20,OC=4,KD=3,KH=3,KW=3,s0=1,s1=1,s2=1,p0=1,p1=1,p2=1,d0=1,d1=1,d2=1,type_kernel=f32): 
[1;31mFAIL[0m

[CONV_3D] ERR = 2.366686525 > 0.000500000   CONV_3D(N=1,IC=1,ID=18,IH=22,IW=20,OC=4,KD=3,KH=1,KW=5,s0=2,s1=1,s2=1,p0=2,p1=0,p2=1,d0=1,d1=1,d2=2,type_kernel=f32): 
[1;31mFAIL[0m

[CONV_3D] ERR = 2.013950500 > 0.000500000   CONV_3D(N=1,IC=1,ID=18,IH=22,IW=20,OC=4,KD=3,KH=3,KW=3,s0=1,s1=1,s2=1,p0=1,p1=1,p2=1,d0=2,d1=2,d2=2,type_kernel=f32): 
[1;31mFAIL[0m

[CONV_3D] ERR = 1.975486961 > 0.000500000   CONV_3D(N=1,IC=1,ID=18,IH=22,IW=20,OC=4,KD=3,KH=1,KW=5,s0=2,s1=1,s2=1,p0=2,p1=0,p2=1,d0=1,d1=1,d2=2,type_kernel=f32): 
[1;31mFAIL[0m

[CONV_3D] ERR = 1.655406438 > 0.000500000   CONV_3D(N=1,IC=1,ID=18,IH=22,IW=20,OC=4,KD=3,KH=3,KW=3,s0=2,s1=2,s2=2,p0=0,p1=0,p2=0,d0=1,d1=1,d2=1,type_kernel=f32): 
[1;31mFAIL[0m

[CONV_3D] ERR = 1.839369482 > 0.000500000   CONV_3D(N=1,IC=1,ID=18,IH=22,IW=20,OC=4,KD=3,KH=1,KW=5,s0=2,s1=1,s2=1,p0=2,p1=0,p2=1,d0=1,d1=1,d2=2,type_kernel=f32): 
[1;31mFAIL[0m

[CONV_3D] ERR = 2.020900776 > 0.000500000   CONV_3D(N=1,IC=1,ID=18,IH=22,IW=20,OC=4,KD=3,KH=3,KW=3,s0=2,s1=2,s2=2,p0=0,p1=0,p2=0,d0=2,d1=2,d2=2,type_kernel=f32): 
[1;31mFAIL[0m

[CONV_3D] ERR = 2.034551620 > 0.000500000   CONV_3D(N=1,IC=1,ID=18,IH=22,IW=20,OC=4,KD=3,KH=1,KW=5,s0=2,s1=1,s2=1,p0=2,p1=0,p2=1,d0=1,d1=1,d2=2,type_kernel=f32): 
[1;31mFAIL[0m

[CONV_3D] ERR = 2.293717750 > 0.000500000   CONV_3D(N=1,IC=1,ID=18,IH=22,IW=20,OC=4,KD=3,KH=3,KW=3,s0=2,s1=2,s2=2,p0=1,p1=1,p2=1,d0=1,d1=1,d2=1,type_kernel=f32): 
[1;31mFAIL[0m

[CONV_3D] ERR = 1.929447220 > 0.000500000   CONV_3D(N=1,IC=1,ID=18,IH=22,IW=20,OC=4,KD=3,KH=1,KW=5,s0=2,s1=1,s2=1,p0=2,p1=0,p2=1,d0=1,d1=1,d2=2,type_kernel=f32): 
[1;31mFAIL[0m

[CONV_3D] ERR = 2.009246647 > 0.000500000   CONV_3D(N=1,IC=1,ID=18,IH=22,IW=20,OC=4,KD=3,KH=3,KW=3,s0=2,s1=2,s2=2,p0=1,p1=1,p2=1,d0=2,d1=2,d2=2,type_kernel=f32): 
[1;31mFAIL[0m

[CONV_3D] ERR = 1.631700928 > 0.000500000   CONV_3D(N=1,IC=1,ID=18,IH=22,IW=20,OC=4,KD=3,KH=1,KW=5,s0=2,s1=1,s2=1,p0=2,p1=0,p2=1,d0=1,d1=1,d2=2,type_kernel=f32): 
[1;31mFAIL[0m

[CONV_3D] ERR = 1.862126885 > 0.000500000   CONV_3D(N=1,IC=3,ID=18,IH=22,IW=20,OC=1,KD=3,KH=3,KW=3,s0=1,s1=1,s2=1,p0=0,p1=0,p2=0,d0=1,d1=1,d2=1,type_kernel=f32): 
[1;31mFAIL[0m

[CONV_3D] ERR = 1.979738496 > 0.000500000   CONV_3D(N=1,IC=3,ID=18,IH=22,IW=20,OC=1,KD=3,KH=1,KW=5,s0=2,s1=1,s2=1,p0=2,p1=0,p2=1,d0=1,d1=1,d2=2,type_kernel=f32): 
[1;31mFAIL[0m

[CONV_3D] ERR = 1.928485829 > 0.000500000   CONV_3D(N=1,IC=3,ID=18,IH=22,IW=20,OC=1,KD=3,KH=3,KW=3,s0=1,s1=1,s2=1,p0=0,p1=0,p2=0,d0=2,d1=2,d2=2,type_kernel=f32): 
[1;31mFAIL[0m

[CONV_3D] ERR = 2.258890095 > 0.000500000   CONV_3D(N=1,IC=3,ID=18,IH=22,IW=20,OC=1,KD=3,KH=1,KW=5,s0=2,s1=1,s2=1,p0=2,p1=0,p2=1,d0=1,d1=1,d2=2,type_kernel=f32): 
[1;31mFAIL[0m

[CONV_3D] ERR = 1.994044488 > 0.000500000   CONV_3D(N=1,IC=3,ID=18,IH=22,IW=20,OC=1,KD=3,KH=3,KW=3,s0=1,s1=1,s2=1,p0=1,p1=1,p2=1,d0=1,d1=1,d2=1,type_kernel=f32): 
[1;31mFAIL[0m

[CONV_3D] ERR = 1.224650648 > 0.000500000   CONV_3D(N=1,IC=3,ID=18,IH=22,IW=20,OC=1,KD=3,KH=1,KW=5,s0=2,s1=1,s2=1,p0=2,p1=0,p2=1,d0=1,d1=1,d2=2,type_kernel=f32): 
[1;31mFAIL[0m

[CONV_3D] ERR = 1.988849622 > 0.000500000   CONV_3D(N=1,IC=3,ID=18,IH=22,IW=20,OC=1,KD=3,KH=3,KW=3,s0=1,s1=1,s2=1,p0=1,p1=1,p2=1,d0=2,d1=2,d2=2,type_kernel=f32): 
[1;31mFAIL[0m

[CONV_3D] ERR = 1.805493906 > 0.000500000   CONV_3D(N=1,IC=3,ID=18,IH=22,IW=20,OC=1,KD=3,KH=1,KW=5,s0=2,s1=1,s2=1,p0=2,p1=0,p2=1,d0=1,d1=1,d2=2,type_kernel=f32): 
[1;31mFAIL[0m

[CONV_3D] ERR = 1.940684935 > 0.000500000   CONV_3D(N=1,IC=3,ID=18,IH=22,IW=20,OC=1,KD=3,KH=3,KW=3,s0=2,s1=2,s2=2,p0=0,p1=0,p2=0,d0=1,d1=1,d2=1,type_kernel=f32): 
[1;31mFAIL[0m

[CONV_3D] ERR = 2.208540635 > 0.000500000   CONV_3D(N=1,IC=3,ID=18,IH=22,IW=20,OC=1,KD=3,KH=1,KW=5,s0=2,s1=1,s2=1,p0=2,p1=0,p2=1,d0=1,d1=1,d2=2,type_kernel=f32): 
[1;31mFAIL[0m

[CONV_3D] ERR = 2.061945173 > 0.000500000   CONV_3D(N=1,IC=3,ID=18,IH=22,IW=20,OC=1,KD=3,KH=3,KW=3,s0=2,s1=2,s2=2,p0=0,p1=0,p2=0,d0=2,d1=2,d2=2,type_kernel=f32): 
[1;31mFAIL[0m

[CONV_3D] ERR = 1.243837668 > 0.000500000   CONV_3D(N=1,IC=3,ID=18,IH=22,IW=20,OC=1,KD=3,KH=1,KW=5,s0=2,s1=1,s2=1,p0=2,p1=0,p2=1,d0=1,d1=1,d2=2,type_kernel=f32): 
[1;31mFAIL[0m

[CONV_3D] ERR = 1.868566249 > 0.000500000   CONV_3D(N=1,IC=3,ID=18,IH=22,IW=20,OC=1,KD=3,KH=3,KW=3,s0=2,s1=2,s2=2,p0=1,p1=1,p2=1,d0=1,d1=1,d2=1,type_kernel=f32): 
[1;31mFAIL[0m

[CONV_3D] ERR = 1.884017650 > 0.000500000   CONV_3D(N=1,IC=3,ID=18,IH=22,IW=20,OC=1,KD=3,KH=1,KW=5,s0=2,s1=1,s2=1,p0=2,p1=0,p2=1,d0=1,d1=1,d2=2,type_kernel=f32): 
[1;31mFAIL[0m

[CONV_3D] ERR = 1.829629719 > 0.000500000   CONV_3D(N=1,IC=3,ID=18,IH=22,IW=20,OC=1,KD=3,KH=3,KW=3,s0=2,s1=2,s2=2,p0=1,p1=1,p2=1,d0=2,d1=2,d2=2,type_kernel=f32): 
[1;31mFAIL[0m

[CONV_3D] ERR = 2.179829290 > 0.000500000   CONV_3D(N=1,IC=3,ID=18,IH=22,IW=20,OC=1,KD=3,KH=1,KW=5,s0=2,s1=1,s2=1,p0=2,p1=0,p2=1,d0=1,d1=1,d2=2,type_kernel=f32): 
[1;31mFAIL[0m

[CONV_3D] ERR = 1.974179232 > 0.000500000   CONV_3D(N=1,IC=3,ID=18,IH=22,IW=20,OC=4,KD=3,KH=3,KW=3,s0=1,s1=1,s2=1,p0=0,p1=0,p2=0,d0=1,d1=1,d2=1,type_kernel=f32): 
[1;31mFAIL[0m

[CONV_3D] ERR = 2.127419205 > 0.000500000   CONV_3D(N=1,IC=3,ID=18,IH=22,IW=20,OC=4,KD=3,KH=1,KW=5,s0=2,s1=1,s2=1,p0=2,p1=0,p2=1,d0=1,d1=1,d2=2,type_kernel=f32): 
[1;31mFAIL[0m

[CONV_3D] ERR = 1.971667160 > 0.000500000   CONV_3D(N=1,IC=3,ID=18,IH=22,IW=20,OC=4,KD=3,KH=3,KW=3,s0=1,s1=1,s2=1,p0=0,p1=0,p2=0,d0=2,d1=2,d2=2,type_kernel=f32): 
[1;31mFAIL[0m

[CONV_3D] ERR = 2.068687801 > 0.000500000   CONV_3D(N=1,IC=3,ID=18,IH=22,IW=20,OC=4,KD=3,KH=1,KW=5,s0=2,s1=1,s2=1,p0=2,p1=0,p2=1,d0=1,d1=1,d2=2,type_kernel=f32): 
[1;31mFAIL[0m

[CONV_3D] ERR = 2.127926447 > 0.000500000   CONV_3D(N=1,IC=3,ID=18,IH=22,IW=20,OC=4,KD=3,KH=3,KW=3,s0=1,s1=1,s2=1,p0=1,p1=1,p2=1,d0=1,d1=1,d2=1,type_kernel=f32): 
[1;31mFAIL[0m

[CONV_3D] ERR = 1.899858256 > 0.000500000   CONV_3D(N=1,IC=3,ID=18,IH=22,IW=20,OC=4,KD=3,KH=1,KW=5,s0=2,s1=1,s2=1,p0=2,p1=0,p2=1,d0=1,d1=1,d2=2,type_kernel=f32): 
[1;31mFAIL[0m

[CONV_3D] ERR = 1.994697886 > 0.000500000   CONV_3D(N=1,IC=3,ID=18,IH=22,IW=20,OC=4,KD=3,KH=3,KW=3,s0=1,s1=1,s2=1,p0=1,p1=1,p2=1,d0=2,d1=2,d2=2,type_kernel=f32): 
[1;31mFAIL[0m

[CONV_3D] ERR = 2.080238924 > 0.000500000   CONV_3D(N=1,IC=3,ID=18,IH=22,IW=20,OC=4,KD=3,KH=1,KW=5,s0=2,s1=1,s2=1,p0=2,p1=0,p2=1,d0=1,d1=1,d2=2,type_kernel=f32): 
[1;31mFAIL[0m

[CONV_3D] ERR = 2.046622937 > 0.000500000   CONV_3D(N=1,IC=3,ID=18,IH=22,IW=20,OC=4,KD=3,KH=3,KW=3,s0=2,s1=2,s2=2,p0=0,p1=0,p2=0,d0=1,d1=1,d2=1,type_kernel=f32): 
[1;31mFAIL[0m

[CONV_3D] ERR = 2.131903810 > 0.000500000   CONV_3D(N=1,IC=3,ID=18,IH=22,IW=20,OC=4,KD=3,KH=1,KW=5,s0=2,s1=1,s2=1,p0=2,p1=0,p2=1,d0=1,d1=1,d2=2,type_kernel=f32): 
[1;31mFAIL[0m

[CONV_3D] ERR = 2.016812222 > 0.000500000   CONV_3D(N=1,IC=3,ID=18,IH=22,IW=20,OC=4,KD=3,KH=3,KW=3,s0=2,s1=2,s2=2,p0=0,p1=0,p2=0,d0=2,d1=2,d2=2,type_kernel=f32): 
[1;31mFAIL[0m

[CONV_3D] ERR = 1.966338277 > 0.000500000   CONV_3D(N=1,IC=3,ID=18,IH=22,IW=20,OC=4,KD=3,KH=1,KW=5,s0=2,s1=1,s2=1,p0=2,p1=0,p2=1,d0=1,d1=1,d2=2,type_kernel=f32): 
[1;31mFAIL[0m

[CONV_3D] ERR = 1.862731015 > 0.000500000   CONV_3D(N=1,IC=3,ID=18,IH=22,IW=20,OC=4,KD=3,KH=3,KW=3,s0=2,s1=2,s2=2,p0=1,p1=1,p2=1,d0=1,d1=1,d2=1,type_kernel=f32): 
[1;31mFAIL[0m

[CONV_3D] ERR = 1.884193156 > 0.000500000   CONV_3D(N=1,IC=3,ID=18,IH=22,IW=20,OC=4,KD=3,KH=1,KW=5,s0=2,s1=1,s2=1,p0=2,p1=0,p2=1,d0=1,d1=1,d2=2,type_kernel=f32): 
[1;31mFAIL[0m

[CONV_3D] ERR = 2.010646266 > 0.000500000   CONV_3D(N=1,IC=3,ID=18,IH=22,IW=20,OC=4,KD=3,KH=3,KW=3,s0=2,s1=2,s2=2,p0=1,p1=1,p2=1,d0=2,d1=2,d2=2,type_kernel=f32): 
[1;31mFAIL[0m

[CONV_3D] ERR = 2.288328938 > 0.000500000   CONV_3D(N=1,IC=3,ID=18,IH=22,IW=20,OC=4,KD=3,KH=1,KW=5,s0=2,s1=1,s2=1,p0=2,p1=0,p2=1,d0=1,d1=1,d2=2,type_kernel=f32): 
[1;31mFAIL[0m

[CONV_3D] ERR = 2.402033375 > 0.000500000   CONV_3D(N=2,IC=1,ID=18,IH=22,IW=20,OC=1,KD=3,KH=3,KW=3,s0=1,s1=1,s2=1,p0=0,p1=0,p2=0,d0=1,d1=1,d2=1,type_kernel=f32): 
[1;31mFAIL[0m

[CONV_3D] ERR = 1.068381224 > 0.000500000   CONV_3D(N=2,IC=1,ID=18,IH=22,IW=20,OC=1,KD=3,KH=1,KW=5,s0=2,s1=1,s2=1,p0=2,p1=0,p2=1,d0=1,d1=1,d2=2,type_kernel=f32): 
[1;31mFAIL[0m

[CONV_3D] ERR = 1.985567467 > 0.000500000   CONV_3D(N=2,IC=1,ID=18,IH=22,IW=20,OC=1,KD=3,KH=3,KW=3,s0=1,s1=1,s2=1,p0=0,p1=0,p2=0,d0=2,d1=2,d2=2,type_kernel=f32): 
[1;31mFAIL[0m

[CONV_3D] ERR = 1.718264076 > 0.000500000   CONV_3D(N=2,IC=1,ID=18,IH=22,IW=20,OC=1,KD=3,KH=1,KW=5,s0=2,s1=1,s2=1,p0=2,p1=0,p2=1,d0=1,d1=1,d2=2,type_kernel=f32): 
[1;31mFAIL[0m

[CONV_3D] ERR = 2.076784212 > 0.000500000   CONV_3D(N=2,IC=1,ID=18,IH=22,IW=20,OC=1,KD=3,KH=3,KW=3,s0=1,s1=1,s2=1,p0=1,p1=1,p2=1,d0=1,d1=1,d2=1,type_kernel=f32): 
[1;31mFAIL[0m

[CONV_3D] ERR = 2.236179590 > 0.000500000   CONV_3D(N=2,IC=1,ID=18,IH=22,IW=20,OC=1,KD=3,KH=1,KW=5,s0=2,s1=1,s2=1,p0=2,p1=0,p2=1,d0=1,d1=1,d2=2,type_kernel=f32): 
[1;31mFAIL[0m

[CONV_3D] ERR = 1.998433306 > 0.000500000   CONV_3D(N=2,IC=1,ID=18,IH=22,IW=20,OC=1,KD=3,KH=3,KW=3,s0=1,s1=1,s2=1,p0=1,p1=1,p2=1,d0=2,d1=2,d2=2,type_kernel=f32): 
[1;31mFAIL[0m

[CONV_3D] ERR = 1.588052947 > 0.000500000   CONV_3D(N=2,IC=1,ID=18,IH=22,IW=20,OC=1,KD=3,KH=1,KW=5,s0=2,s1=1,s2=1,p0=2,p1=0,p2=1,d0=1,d1=1,d2=2,type_kernel=f32): 
[1;31mFAIL[0m

[CONV_3D] ERR = 2.357509058 > 0.000500000   CONV_3D(N=2,IC=1,ID=18,IH=22,IW=20,OC=1,KD=3,KH=3,KW=3,s0=2,s1=2,s2=2,p0=0,p1=0,p2=0,d0=1,d1=1,d2=1,type_kernel=f32): 
[1;31mFAIL[0m

[CONV_3D] ERR = 1.675265790 > 0.000500000   CONV_3D(N=2,IC=1,ID=18,IH=22,IW=20,OC=1,KD=3,KH=1,KW=5,s0=2,s1=1,s2=1,p0=2,p1=0,p2=1,d0=1,d1=1,d2=2,type_kernel=f32): 
[1;31mFAIL[0m

[CONV_3D] ERR = 1.988183247 > 0.000500000   CONV_3D(N=2,IC=1,ID=18,IH=22,IW=20,OC=1,KD=3,KH=3,KW=3,s0=2,s1=2,s2=2,p0=0,p1=0,p2=0,d0=2,d1=2,d2=2,type_kernel=f32): 
[1;31mFAIL[0m

[CONV_3D] ERR = 2.145276001 > 0.000500000   CONV_3D(N=2,IC=1,ID=18,IH=22,IW=20,OC=1,KD=3,KH=1,KW=5,s0=2,s1=1,s2=1,p0=2,p1=0,p2=1,d0=1,d1=1,d2=2,type_kernel=f32): 
[1;31mFAIL[0m

[CONV_3D] ERR = 2.211598349 > 0.000500000   CONV_3D(N=2,IC=1,ID=18,IH=22,IW=20,OC=1,KD=3,KH=3,KW=3,s0=2,s1=2,s2=2,p0=1,p1=1,p2=1,d0=1,d1=1,d2=1,type_kernel=f32): 
[1;31mFAIL[0m

[CONV_3D] ERR = 1.834010471 > 0.000500000   CONV_3D(N=2,IC=1,ID=18,IH=22,IW=20,OC=1,KD=3,KH=1,KW=5,s0=2,s1=1,s2=1,p0=2,p1=0,p2=1,d0=1,d1=1,d2=2,type_kernel=f32): 
[1;31mFAIL[0m

[CONV_3D] ERR = 1.955712396 > 0.000500000   CONV_3D(N=2,IC=1,ID=18,IH=22,IW=20,OC=1,KD=3,KH=3,KW=3,s0=2,s1=2,s2=2,p0=1,p1=1,p2=1,d0=2,d1=2,d2=2,type_kernel=f32): 
[1;31mFAIL[0m

[CONV_3D] ERR = 2.049149894 > 0.000500000   CONV_3D(N=2,IC=1,ID=18,IH=22,IW=20,OC=1,KD=3,KH=1,KW=5,s0=2,s1=1,s2=1,p0=2,p1=0,p2=1,d0=1,d1=1,d2=2,type_kernel=f32): 
[1;31mFAIL[0m

[CONV_3D] ERR = 2.085629546 > 0.000500000   CONV_3D(N=2,IC=1,ID=18,IH=22,IW=20,OC=4,KD=3,KH=3,KW=3,s0=1,s1=1,s2=1,p0=0,p1=0,p2=0,d0=1,d1=1,d2=1,type_kernel=f32): 
[1;31mFAIL[0m

[CONV_3D] ERR = 2.247759975 > 0.000500000   CONV_3D(N=2,IC=1,ID=18,IH=22,IW=20,OC=4,KD=3,KH=1,KW=5,s0=2,s1=1,s2=1,p0=2,p1=0,p2=1,d0=1,d1=1,d2=2,type_kernel=f32): 
[1;31mFAIL[0m

[CONV_3D] ERR = 1.999464796 > 0.000500000   CONV_3D(N=2,IC=1,ID=18,IH=22,IW=20,OC=4,KD=3,KH=3,KW=3,s0=1,s1=1,s2=1,p0=0,p1=0,p2=0,d0=2,d1=2,d2=2,type_kernel=f32): 
[1;31mFAIL[0m

[CONV_3D] ERR = 2.162788467 > 0.000500000   CONV_3D(N=2,IC=1,ID=18,IH=22,IW=20,OC=4,KD=3,KH=1,KW=5,s0=2,s1=1,s2=1,p0=2,p1=0,p2=1,d0=1,d1=1,d2=2,type_kernel=f32): 
[1;31mFAIL[0m

[CONV_3D] ERR = 1.946134602 > 0.000500000   CONV_3D(N=2,IC=1,ID=18,IH=22,IW=20,OC=4,KD=3,KH=3,KW=3,s0=1,s1=1,s2=1,p0=1,p1=1,p2=1,d0=1,d1=1,d2=1,type_kernel=f32): 
[1;31mFAIL[0m

[CONV_3D] ERR = 1.411354719 > 0.000500000   CONV_3D(N=2,IC=1,ID=18,IH=22,IW=20,OC=4,KD=3,KH=1,KW=5,s0=2,s1=1,s2=1,p0=2,p1=0,p2=1,d0=1,d1=1,d2=2,type_kernel=f32): 
[1;31mFAIL[0m

[CONV_3D] ERR = 2.009927952 > 0.000500000   CONV_3D(N=2,IC=1,ID=18,IH=22,IW=20,OC=4,KD=3,KH=3,KW=3,s0=1,s1=1,s2=1,p0=1,p1=1,p2=1,d0=2,d1=2,d2=2,type_kernel=f32): 
[1;31mFAIL[0m

[CONV_3D] ERR = 2.258149701 > 0.000500000   CONV_3D(N=2,IC=1,ID=18,IH=22,IW=20,OC=4,KD=3,KH=1,KW=5,s0=2,s1=1,s2=1,p0=2,p1=0,p2=1,d0=1,d1=1,d2=2,type_kernel=f32): 
[1;31mFAIL[0m

[CONV_3D] ERR = 2.021622369 > 0.000500000   CONV_3D(N=2,IC=1,ID=18,IH=22,IW=20,OC=4,KD=3,KH=3,KW=3,s0=2,s1=2,s2=2,p0=0,p1=0,p2=0,d0=1,d1=1,d2=1,type_kernel=f32): 
[1;31mFAIL[0m

[CONV_3D] ERR = 2.009938970 > 0.000500000   CONV_3D(N=2,IC=1,ID=18,IH=22,IW=20,OC=4,KD=3,KH=1,KW=5,s0=2,s1=1,s2=1,p0=2,p1=0,p2=1,d0=1,d1=1,d2=2,type_kernel=f32): 
[1;31mFAIL[0m

[CONV_3D] ERR = 1.964616498 > 0.000500000   CONV_3D(N=2,IC=1,ID=18,IH=22,IW=20,OC=4,KD=3,KH=3,KW=3,s0=2,s1=2,s2=2,p0=0,p1=0,p2=0,d0=2,d1=2,d2=2,type_kernel=f32): 
[1;31mFAIL[0m

[CONV_3D] ERR = 2.057083988 > 0.000500000   CONV_3D(N=2,IC=1,ID=18,IH=22,IW=20,OC=4,KD=3,KH=1,KW=5,s0=2,s1=1,s2=1,p0=2,p1=0,p2=1,d0=1,d1=1,d2=2,type_kernel=f32): 
[1;31mFAIL[0m

[CONV_3D] ERR = 2.023995399 > 0.000500000   CONV_3D(N=2,IC=1,ID=18,IH=22,IW=20,OC=4,KD=3,KH=3,KW=3,s0=2,s1=2,s2=2,p0=1,p1=1,p2=1,d0=1,d1=1,d2=1,type_kernel=f32): 
[1;31mFAIL[0m

[CONV_3D] ERR = 1.323361212 > 0.000500000   CONV_3D(N=2,IC=1,ID=18,IH=22,IW=20,OC=4,KD=3,KH=1,KW=5,s0=2,s1=1,s2=1,p0=2,p1=0,p2=1,d0=1,d1=1,d2=2,type_kernel=f32): 
[1;31mFAIL[0m

[CONV_3D] ERR = 1.948132961 > 0.000500000   CONV_3D(N=2,IC=1,ID=18,IH=22,IW=20,OC=4,KD=3,KH=3,KW=3,s0=2,s1=2,s2=2,p0=1,p1=1,p2=1,d0=2,d1=2,d2=2,type_kernel=f32): 
[1;31mFAIL[0m

[CONV_3D] ERR = 1.877561043 > 0.000500000   CONV_3D(N=2,IC=1,ID=18,IH=22,IW=20,OC=4,KD=3,KH=1,KW=5,s0=2,s1=1,s2=1,p0=2,p1=0,p2=1,d0=1,d1=1,d2=2,type_kernel=f32): 
[1;31mFAIL[0m

[CONV_3D] ERR = 2.155158309 > 0.000500000   CONV_3D(N=2,IC=3,ID=18,IH=22,IW=20,OC=1,KD=3,KH=3,KW=3,s0=1,s1=1,s2=1,p0=0,p1=0,p2=0,d0=1,d1=1,d2=1,type_kernel=f32): 
[1;31mFAIL[0m

[CONV_3D] ERR = 2.277086483 > 0.000500000   CONV_3D(N=2,IC=3,ID=18,IH=22,IW=20,OC=1,KD=3,KH=1,KW=5,s0=2,s1=1,s2=1,p0=2,p1=0,p2=1,d0=1,d1=1,d2=2,type_kernel=f32): 
[1;31mFAIL[0m

[CONV_3D] ERR = 2.030773588 > 0.000500000   CONV_3D(N=2,IC=3,ID=18,IH=22,IW=20,OC=1,KD=3,KH=3,KW=3,s0=1,s1=1,s2=1,p0=0,p1=0,p2=0,d0=2,d1=2,d2=2,type_kernel=f32): 
[1;31mFAIL[0m

[CONV_3D] ERR = 2.188266824 > 0.000500000   CONV_3D(N=2,IC=3,ID=18,IH=22,IW=20,OC=1,KD=3,KH=1,KW=5,s0=2,s1=1,s2=1,p0=2,p1=0,p2=1,d0=1,d1=1,d2=2,type_kernel=f32): 
[1;31mFAIL[0m

[CONV_3D] ERR = 2.073855091 > 0.000500000   CONV_3D(N=2,IC=3,ID=18,IH=22,IW=20,OC=1,KD=3,KH=3,KW=3,s0=1,s1=1,s2=1,p0=1,p1=1,p2=1,d0=1,d1=1,d2=1,type_kernel=f32): 
[1;31mFAIL[0m

[CONV_3D] ERR = 1.534516896 > 0.000500000   CONV_3D(N=2,IC=3,ID=18,IH=22,IW=20,OC=1,KD=3,KH=1,KW=5,s0=2,s1=1,s2=1,p0=2,p1=0,p2=1,d0=1,d1=1,d2=2,type_kernel=f32): 
[1;31mFAIL[0m

[CONV_3D] ERR = 1.991483713 > 0.000500000   CONV_3D(N=2,IC=3,ID=18,IH=22,IW=20,OC=1,KD=3,KH=3,KW=3,s0=1,s1=1,s2=1,p0=1,p1=1,p2=1,d0=2,d1=2,d2=2,type_kernel=f32): 
[1;31mFAIL[0m

[CONV_3D] ERR = 1.882650363 > 0.000500000   CONV_3D(N=2,IC=3,ID=18,IH=22,IW=20,OC=1,KD=3,KH=1,KW=5,s0=2,s1=1,s2=1,p0=2,p1=0,p2=1,d0=1,d1=1,d2=2,type_kernel=f32): 
[1;31mFAIL[0m

[CONV_3D] ERR = 2.435472010 > 0.000500000   CONV_3D(N=2,IC=3,ID=18,IH=22,IW=20,OC=1,KD=3,KH=3,KW=3,s0=2,s1=2,s2=2,p0=0,p1=0,p2=0,d0=1,d1=1,d2=1,type_kernel=f32): 
[1;31mFAIL[0m

[CONV_3D] ERR = 1.971597097 > 0.000500000   CONV_3D(N=2,IC=3,ID=18,IH=22,IW=20,OC=1,KD=3,KH=1,KW=5,s0=2,s1=1,s2=1,p0=2,p1=0,p2=1,d0=1,d1=1,d2=2,type_kernel=f32): 
[1;31mFAIL[0m

[CONV_3D] ERR = 2.097312848 > 0.000500000   CONV_3D(N=2,IC=3,ID=18,IH=22,IW=20,OC=1,KD=3,KH=3,KW=3,s0=2,s1=2,s2=2,p0=0,p1=0,p2=0,d0=2,d1=2,d2=2,type_kernel=f32): 
[1;31mFAIL[0m

[CONV_3D] ERR = 2.090323089 > 0.000500000   CONV_3D(N=2,IC=3,ID=18,IH=22,IW=20,OC=1,KD=3,KH=1,KW=5,s0=2,s1=1,s2=1,p0=2,p1=0,p2=1,d0=1,d1=1,d2=2,type_kernel=f32): 
[1;31mFAIL[0m

[CONV_3D] ERR = 2.077191656 > 0.000500000   CONV_3D(N=2,IC=3,ID=18,IH=22,IW=20,OC=1,KD=3,KH=3,KW=3,s0=2,s1=2,s2=2,p0=1,p1=1,p2=1,d0=1,d1=1,d2=1,type_kernel=f32): 
[1;31mFAIL[0m

[CONV_3D] ERR = 1.822641063 > 0.000500000   CONV_3D(N=2,IC=3,ID=18,IH=22,IW=20,OC=1,KD=3,KH=1,KW=5,s0=2,s1=1,s2=1,p0=2,p1=0,p2=1,d0=1,d1=1,d2=2,type_kernel=f32): 
[1;31mFAIL[0m

[CONV_3D] ERR = 1.912577017 > 0.000500000   CONV_3D(N=2,IC=3,ID=18,IH=22,IW=20,OC=1,KD=3,KH=3,KW=3,s0=2,s1=2,s2=2,p0=1,p1=1,p2=1,d0=2,d1=2,d2=2,type_kernel=f32): 
[1;31mFAIL[0m

[CONV_3D] ERR = 2.175631705 > 0.000500000   CONV_3D(N=2,IC=3,ID=18,IH=22,IW=20,OC=1,KD=3,KH=1,KW=5,s0=2,s1=1,s2=1,p0=2,p1=0,p2=1,d0=1,d1=1,d2=2,type_kernel=f32): 
[1;31mFAIL[0m

[CONV_3D] ERR = 2.090455077 > 0.000500000   CONV_3D(N=2,IC=3,ID=18,IH=22,IW=20,OC=4,KD=3,KH=3,KW=3,s0=1,s1=1,s2=1,p0=0,p1=0,p2=0,d0=1,d1=1,d2=1,type_kernel=f32): 
[1;31mFAIL[0m

[CONV_3D] ERR = 1.988021676 > 0.000500000   CONV_3D(N=2,IC=3,ID=18,IH=22,IW=20,OC=4,KD=3,KH=1,KW=5,s0=2,s1=1,s2=1,p0=2,p1=0,p2=1,d0=1,d1=1,d2=2,type_kernel=f32): 
[1;31mFAIL[0m

[CONV_3D] ERR = 1.982658704 > 0.000500000   CONV_3D(N=2,IC=3,ID=18,IH=22,IW=20,OC=4,KD=3,KH=3,KW=3,s0=1,s1=1,s2=1,p0=0,p1=0,p2=0,d0=2,d1=2,d2=2,type_kernel=f32): 
[1;31mFAIL[0m

[CONV_3D] ERR = 2.134288544 > 0.000500000   CONV_3D(N=2,IC=3,ID=18,IH=22,IW=20,OC=4,KD=3,KH=1,KW=5,s0=2,s1=1,s2=1,p0=2,p1=0,p2=1,d0=1,d1=1,d2=2,type_kernel=f32): 
[1;31mFAIL[0m

[CONV_3D] ERR = 2.086775960 > 0.000500000   CONV_3D(N=2,IC=3,ID=18,IH=22,IW=20,OC=4,KD=3,KH=3,KW=3,s0=1,s1=1,s2=1,p0=1,p1=1,p2=1,d0=1,d1=1,d2=1,type_kernel=f32): 
[1;31mFAIL[0m

[CONV_3D] ERR = 2.211699911 > 0.000500000   CONV_3D(N=2,IC=3,ID=18,IH=22,IW=20,OC=4,KD=3,KH=1,KW=5,s0=2,s1=1,s2=1,p0=2,p1=0,p2=1,d0=1,d1=1,d2=2,type_kernel=f32): 
[1;31mFAIL[0m

[CONV_3D] ERR = 1.979826762 > 0.000500000   CONV_3D(N=2,IC=3,ID=18,IH=22,IW=20,OC=4,KD=3,KH=3,KW=3,s0=1,s1=1,s2=1,p0=1,p1=1,p2=1,d0=2,d1=2,d2=2,type_kernel=f32): 
[1;31mFAIL[0m

[CONV_3D] ERR = 1.862115550 > 0.000500000   CONV_3D(N=2,IC=3,ID=18,IH=22,IW=20,OC=4,KD=3,KH=1,KW=5,s0=2,s1=1,s2=1,p0=2,p1=0,p2=1,d0=1,d1=1,d2=2,type_kernel=f32): 
[1;31mFAIL[0m

[CONV_3D] ERR = 2.142034924 > 0.000500000   CONV_3D(N=2,IC=3,ID=18,IH=22,IW=20,OC=4,KD=3,KH=3,KW=3,s0=2,s1=2,s2=2,p0=0,p1=0,p2=0,d0=1,d1=1,d2=1,type_kernel=f32): 
[1;31mFAIL[0m

[CONV_3D] ERR = 1.882412245 > 0.000500000   CONV_3D(N=2,IC=3,ID=18,IH=22,IW=20,OC=4,KD=3,KH=1,KW=5,s0=2,s1=1,s2=1,p0=2,p1=0,p2=1,d0=1,d1=1,d2=2,type_kernel=f32): 
[1;31mFAIL[0m

[CONV_3D] ERR = 1.993083982 > 0.000500000   CONV_3D(N=2,IC=3,ID=18,IH=22,IW=20,OC=4,KD=3,KH=3,KW=3,s0=2,s1=2,s2=2,p0=0,p1=0,p2=0,d0=2,d1=2,d2=2,type_kernel=f32): 
[1;31mFAIL[0m

[CONV_3D] ERR = 1.789088154 > 0.000500000   CONV_3D(N=2,IC=3,ID=18,IH=22,IW=20,OC=4,KD=3,KH=1,KW=5,s0=2,s1=1,s2=1,p0=2,p1=0,p2=1,d0=1,d1=1,d2=2,type_kernel=f32): 
[1;31mFAIL[0m

[CONV_3D] ERR = 1.937159325 > 0.000500000   CONV_3D(N=2,IC=3,ID=18,IH=22,IW=20,OC=4,KD=3,KH=3,KW=3,s0=2,s1=2,s2=2,p0=1,p1=1,p2=1,d0=1,d1=1,d2=1,type_kernel=f32): 
[1;31mFAIL[0m

[CONV_3D] ERR = 1.929535757 > 0.000500000   CONV_3D(N=2,IC=3,ID=18,IH=22,IW=20,OC=4,KD=3,KH=1,KW=5,s0=2,s1=1,s2=1,p0=2,p1=0,p2=1,d0=1,d1=1,d2=2,type_kernel=f32): 
[1;31mFAIL[0m

[CONV_3D] ERR = 2.060314407 > 0.000500000   CONV_3D(N=2,IC=3,ID=18,IH=22,IW=20,OC=4,KD=3,KH=3,KW=3,s0=2,s1=2,s2=2,p0=1,p1=1,p2=1,d0=2,d1=2,d2=2,type_kernel=f32): 
[1;31mFAIL[0m

[CONV_3D] ERR = 2.127561776 > 0.000500000   CONV_3D(N=2,IC=3,ID=18,IH=22,IW=20,OC=4,KD=3,KH=1,KW=5,s0=2,s1=1,s2=1,p0=2,p1=0,p2=1,d0=1,d1=1,d2=2,type_kernel=f32): 
[1;31mFAIL[0m

[CONV_3D] ERR = 1.970244242 > 0.000500000   CONV_3D(N=1,IC=4,ID=8,IH=8,IW=8,OC=8,KD=1,KH=1,KW=1,s0=1,s1=1,s2=1,p0=0,p1=0,p2=0,d0=1,d1=1,d2=1,type_kernel=f32): 
[1;31mFAIL[0m

[CONV_3D] ERR = 1.947066856 > 0.000500000   CONV_3D(N=1,IC=1,ID=18,IH=22,IW=20,OC=1,KD=3,KH=3,KW=3,s0=1,s1=1,s2=1,p0=0,p1=0,p2=0,d0=1,d1=1,d2=1,type_kernel=f16): 
[1;31mFAIL[0m

[CONV_3D] ERR = 2.006405317 > 0.000500000   CONV_3D(N=1,IC=1,ID=18,IH=22,IW=20,OC=1,KD=3,KH=1,KW=5,s0=2,s1=1,s2=1,p0=2,p1=0,p2=1,d0=1,d1=1,d2=2,type_kernel=f16): 
[1;31mFAIL[0m

[CONV_3D] ERR = 2.018493474 > 0.000500000   CONV_3D(N=1,IC=1,ID=18,IH=22,IW=20,OC=1,KD=3,KH=3,KW=3,s0=1,s1=1,s2=1,p0=0,p1=0,p2=0,d0=2,d1=2,d2=2,type_kernel=f16): 
[1;31mFAIL[0m

[CONV_3D] ERR = 2.405700784 > 0.000500000   CONV_3D(N=1,IC=1,ID=18,IH=22,IW=20,OC=1,KD=3,KH=1,KW=5,s0=2,s1=1,s2=1,p0=2,p1=0,p2=1,d0=1,d1=1,d2=2,type_kernel=f16): 
[1;31mFAIL[0m

[CONV_3D] ERR = 1.983195672 > 0.000500000   CONV_3D(N=1,IC=1,ID=18,IH=22,IW=20,OC=1,KD=3,KH=3,KW=3,s0=1,s1=1,s2=1,p0=1,p1=1,p2=1,d0=1,d1=1,d2=1,type_kernel=f16): 
[1;31mFAIL[0m

[CONV_3D] ERR = 1.481775741 > 0.000500000   CONV_3D(N=1,IC=1,ID=18,IH=22,IW=20,OC=1,KD=3,KH=1,KW=5,s0=2,s1=1,s2=1,p0=2,p1=0,p2=1,d0=1,d1=1,d2=2,type_kernel=f16): 
[1;31mFAIL[0m

[CONV_3D] ERR = 2.013402883 > 0.000500000   CONV_3D(N=1,IC=1,ID=18,IH=22,IW=20,OC=1,KD=3,KH=3,KW=3,s0=1,s1=1,s2=1,p0=1,p1=1,p2=1,d0=2,d1=2,d2=2,type_kernel=f16): 
[1;31mFAIL[0m

[CONV_3D] ERR = 1.542975851 > 0.000500000   CONV_3D(N=1,IC=1,ID=18,IH=22,IW=20,OC=1,KD=3,KH=1,KW=5,s0=2,s1=1,s2=1,p0=2,p1=0,p2=1,d0=1,d1=1,d2=2,type_kernel=f16): 
[1;31mFAIL[0m

[CONV_3D] ERR = 1.812039289 > 0.000500000   CONV_3D(N=1,IC=1,ID=18,IH=22,IW=20,OC=1,KD=3,KH=3,KW=3,s0=2,s1=2,s2=2,p0=0,p1=0,p2=0,d0=1,d1=1,d2=1,type_kernel=f16): 
[1;31mFAIL[0m

[CONV_3D] ERR = 1.957371628 > 0.000500000   CONV_3D(N=1,IC=1,ID=18,IH=22,IW=20,OC=1,KD=3,KH=1,KW=5,s0=2,s1=1,s2=1,p0=2,p1=0,p2=1,d0=1,d1=1,d2=2,type_kernel=f16): 
[1;31mFAIL[0m

[CONV_3D] ERR = 2.270413350 > 0.000500000   CONV_3D(N=1,IC=1,ID=18,IH=22,IW=20,OC=1,KD=3,KH=3,KW=3,s0=2,s1=2,s2=2,p0=0,p1=0,p2=0,d0=2,d1=2,d2=2,type_kernel=f16): 
[1;31mFAIL[0m

[CONV_3D] ERR = 2.491200396 > 0.000500000   CONV_3D(N=1,IC=1,ID=18,IH=22,IW=20,OC=1,KD=3,KH=1,KW=5,s0=2,s1=1,s2=1,p0=2,p1=0,p2=1,d0=1,d1=1,d2=2,type_kernel=f16): 
[1;31mFAIL[0m

[CONV_3D] ERR = 2.417741662 > 0.000500000   CONV_3D(N=1,IC=1,ID=18,IH=22,IW=20,OC=1,KD=3,KH=3,KW=3,s0=2,s1=2,s2=2,p0=1,p1=1,p2=1,d0=1,d1=1,d2=1,type_kernel=f16): 
[1;31mFAIL[0m

[CONV_3D] ERR = 2.216430263 > 0.000500000   CONV_3D(N=1,IC=1,ID=18,IH=22,IW=20,OC=1,KD=3,KH=1,KW=5,s0=2,s1=1,s2=1,p0=2,p1=0,p2=1,d0=1,d1=1,d2=2,type_kernel=f16): 
[1;31mFAIL[0m

[CONV_3D] ERR = 2.111047770 > 0.000500000   CONV_3D(N=1,IC=1,ID=18,IH=22,IW=20,OC=1,KD=3,KH=3,KW=3,s0=2,s1=2,s2=2,p0=1,p1=1,p2=1,d0=2,d1=2,d2=2,type_kernel=f16): 
[1;31mFAIL[0m

[CONV_3D] ERR = 2.617913358 > 0.000500000   CONV_3D(N=1,IC=1,ID=18,IH=22,IW=20,OC=1,KD=3,KH=1,KW=5,s0=2,s1=1,s2=1,p0=2,p1=0,p2=1,d0=1,d1=1,d2=2,type_kernel=f16): 
[1;31mFAIL[0m

[CONV_3D] ERR = 1.764017795 > 0.000500000   CONV_3D(N=1,IC=1,ID=18,IH=22,IW=20,OC=4,KD=3,KH=3,KW=3,s0=1,s1=1,s2=1,p0=0,p1=0,p2=0,d0=1,d1=1,d2=1,type_kernel=f16): 
[1;31mFAIL[0m

[CONV_3D] ERR = 1.811261592 > 0.000500000   CONV_3D(N=1,IC=1,ID=18,IH=22,IW=20,OC=4,KD=3,KH=1,KW=5,s0=2,s1=1,s2=1,p0=2,p1=0,p2=1,d0=1,d1=1,d2=2,type_kernel=f16): 
[1;31mFAIL[0m

[CONV_3D] ERR = 1.975415102 > 0.000500000   CONV_3D(N=1,IC=1,ID=18,IH=22,IW=20,OC=4,KD=3,KH=3,KW=3,s0=1,s1=1,s2=1,p0=0,p1=0,p2=0,d0=2,d1=2,d2=2,type_kernel=f16): 
[1;31mFAIL[0m

[CONV_3D] ERR = 2.409834456 > 0.000500000   CONV_3D(N=1,IC=1,ID=18,IH=22,IW=20,OC=4,KD=3,KH=1,KW=5,s0=2,s1=1,s2=1,p0=2,p1=0,p2=1,d0=1,d1=1,d2=2,type_kernel=f16): 
[1;31mFAIL[0m

[CONV_3D] ERR = 1.908720392 > 0.000500000   CONV_3D(N=1,IC=1,ID=18,IH=22,IW=20,OC=4,KD=3,KH=3,KW=3,s0=1,s1=1,s2=1,p0=1,p1=1,p2=1,d0=1,d1=1,d2=1,type_kernel=f16): 
[1;31mFAIL[0m

[CONV_3D] ERR = 2.602643145 > 0.000500000   CONV_3D(N=1,IC=1,ID=18,IH=22,IW=20,OC=4,KD=3,KH=1,KW=5,s0=2,s1=1,s2=1,p0=2,p1=0,p2=1,d0=1,d1=1,d2=2,type_kernel=f16): 
[1;31mFAIL[0m

[CONV_3D] ERR = 1.994514856 > 0.000500000   CONV_3D(N=1,IC=1,ID=18,IH=22,IW=20,OC=4,KD=3,KH=3,KW=3,s0=1,s1=1,s2=1,p0=1,p1=1,p2=1,d0=2,d1=2,d2=2,type_kernel=f16): 
[1;31mFAIL[0m

[CONV_3D] ERR = 2.030168101 > 0.000500000   CONV_3D(N=1,IC=1,ID=18,IH=22,IW=20,OC=4,KD=3,KH=1,KW=5,s0=2,s1=1,s2=1,p0=2,p1=0,p2=1,d0=1,d1=1,d2=2,type_kernel=f16): 
[1;31mFAIL[0m

[CONV_3D] ERR = 2.028795191 > 0.000500000   CONV_3D(N=1,IC=1,ID=18,IH=22,IW=20,OC=4,KD=3,KH=3,KW=3,s0=2,s1=2,s2=2,p0=0,p1=0,p2=0,d0=1,d1=1,d2=1,type_kernel=f16): 
[1;31mFAIL[0m

[CONV_3D] ERR = 1.803571775 > 0.000500000   CONV_3D(N=1,IC=1,ID=18,IH=22,IW=20,OC=4,KD=3,KH=1,KW=5,s0=2,s1=1,s2=1,p0=2,p1=0,p2=1,d0=1,d1=1,d2=2,type_kernel=f16): 
[1;31mFAIL[0m

[CONV_3D] ERR = 2.047742162 > 0.000500000   CONV_3D(N=1,IC=1,ID=18,IH=22,IW=20,OC=4,KD=3,KH=3,KW=3,s0=2,s1=2,s2=2,p0=0,p1=0,p2=0,d0=2,d1=2,d2=2,type_kernel=f16): 
[1;31mFAIL[0m

[CONV_3D] ERR = 1.641111904 > 0.000500000   CONV_3D(N=1,IC=1,ID=18,IH=22,IW=20,OC=4,KD=3,KH=1,KW=5,s0=2,s1=1,s2=1,p0=2,p1=0,p2=1,d0=1,d1=1,d2=2,type_kernel=f16): 
[1;31mFAIL[0m

[CONV_3D] ERR = 1.802195637 > 0.000500000   CONV_3D(N=1,IC=1,ID=18,IH=22,IW=20,OC=4,KD=3,KH=3,KW=3,s0=2,s1=2,s2=2,p0=1,p1=1,p2=1,d0=1,d1=1,d2=1,type_kernel=f16): 
[1;31mFAIL[0m

[CONV_3D] ERR = 1.910563458 > 0.000500000   CONV_3D(N=1,IC=1,ID=18,IH=22,IW=20,OC=4,KD=3,KH=1,KW=5,s0=2,s1=1,s2=1,p0=2,p1=0,p2=1,d0=1,d1=1,d2=2,type_kernel=f16): 
[1;31mFAIL[0m

[CONV_3D] ERR = 1.827797456 > 0.000500000   CONV_3D(N=1,IC=1,ID=18,IH=22,IW=20,OC=4,KD=3,KH=3,KW=3,s0=2,s1=2,s2=2,p0=1,p1=1,p2=1,d0=2,d1=2,d2=2,type_kernel=f16): 
[1;31mFAIL[0m

[CONV_3D] ERR = 1.865961975 > 0.000500000   CONV_3D(N=1,IC=1,ID=18,IH=22,IW=20,OC=4,KD=3,KH=1,KW=5,s0=2,s1=1,s2=1,p0=2,p1=0,p2=1,d0=1,d1=1,d2=2,type_kernel=f16): 
[1;31mFAIL[0m

[CONV_3D] ERR = 1.748394860 > 0.000500000   CONV_3D(N=1,IC=3,ID=18,IH=22,IW=20,OC=1,KD=3,KH=3,KW=3,s0=1,s1=1,s2=1,p0=0,p1=0,p2=0,d0=1,d1=1,d2=1,type_kernel=f16): 
[1;31mFAIL[0m

[CONV_3D] ERR = 2.175544476 > 0.000500000   CONV_3D(N=1,IC=3,ID=18,IH=22,IW=20,OC=1,KD=3,KH=1,KW=5,s0=2,s1=1,s2=1,p0=2,p1=0,p2=1,d0=1,d1=1,d2=2,type_kernel=f16): 
[1;31mFAIL[0m

[CONV_3D] ERR = 1.997283641 > 0.000500000   CONV_3D(N=1,IC=3,ID=18,IH=22,IW=20,OC=1,KD=3,KH=3,KW=3,s0=1,s1=1,s2=1,p0=0,p1=0,p2=0,d0=2,d1=2,d2=2,type_kernel=f16): 
[1;31mFAIL[0m

[CONV_3D] ERR = 2.474452751 > 0.000500000   CONV_3D(N=1,IC=3,ID=18,IH=22,IW=20,OC=1,KD=3,KH=1,KW=5,s0=2,s1=1,s2=1,p0=2,p1=0,p2=1,d0=1,d1=1,d2=2,type_kernel=f16): 
[1;31mFAIL[0m

[CONV_3D] ERR = 2.182401828 > 0.000500000   CONV_3D(N=1,IC=3,ID=18,IH=22,IW=20,OC=1,KD=3,KH=3,KW=3,s0=1,s1=1,s2=1,p0=1,p1=1,p2=1,d0=1,d1=1,d2=1,type_kernel=f16): 
[1;31mFAIL[0m

[CONV_3D] ERR = 1.962413964 > 0.000500000   CONV_3D(N=1,IC=3,ID=18,IH=22,IW=20,OC=1,KD=3,KH=1,KW=5,s0=2,s1=1,s2=1,p0=2,p1=0,p2=1,d0=1,d1=1,d2=2,type_kernel=f16): 
[1;31mFAIL[0m

[CONV_3D] ERR = 1.982948673 > 0.000500000   CONV_3D(N=1,IC=3,ID=18,IH=22,IW=20,OC=1,KD=3,KH=3,KW=3,s0=1,s1=1,s2=1,p0=1,p1=1,p2=1,d0=2,d1=2,d2=2,type_kernel=f16): 
[1;31mFAIL[0m

[CONV_3D] ERR = 2.025841959 > 0.000500000   CONV_3D(N=1,IC=3,ID=18,IH=22,IW=20,OC=1,KD=3,KH=1,KW=5,s0=2,s1=1,s2=1,p0=2,p1=0,p2=1,d0=1,d1=1,d2=2,type_kernel=f16): 
[1;31mFAIL[0m

[CONV_3D] ERR = 1.779340279 > 0.000500000   CONV_3D(N=1,IC=3,ID=18,IH=22,IW=20,OC=1,KD=3,KH=3,KW=3,s0=2,s1=2,s2=2,p0=0,p1=0,p2=0,d0=1,d1=1,d2=1,type_kernel=f16): 
[1;31mFAIL[0m

[CONV_3D] ERR = 2.280346715 > 0.000500000   CONV_3D(N=1,IC=3,ID=18,IH=22,IW=20,OC=1,KD=3,KH=1,KW=5,s0=2,s1=1,s2=1,p0=2,p1=0,p2=1,d0=1,d1=1,d2=2,type_kernel=f16): 
[1;31mFAIL[0m

[CONV_3D] ERR = 2.142045051 > 0.000500000   CONV_3D(N=1,IC=3,ID=18,IH=22,IW=20,OC=1,KD=3,KH=3,KW=3,s0=2,s1=2,s2=2,p0=0,p1=0,p2=0,d0=2,d1=2,d2=2,type_kernel=f16): 
[1;31mFAIL[0m

[CONV_3D] ERR = 2.043899822 > 0.000500000   CONV_3D(N=1,IC=3,ID=18,IH=22,IW=20,OC=1,KD=3,KH=1,KW=5,s0=2,s1=1,s2=1,p0=2,p1=0,p2=1,d0=1,d1=1,d2=2,type_kernel=f16): 
[1;31mFAIL[0m

[CONV_3D] ERR = 1.796190676 > 0.000500000   CONV_3D(N=1,IC=3,ID=18,IH=22,IW=20,OC=1,KD=3,KH=3,KW=3,s0=2,s1=2,s2=2,p0=1,p1=1,p2=1,d0=1,d1=1,d2=1,type_kernel=f16): 
[1;31mFAIL[0m

[CONV_3D] ERR = 1.777759185 > 0.000500000   CONV_3D(N=1,IC=3,ID=18,IH=22,IW=20,OC=1,KD=3,KH=1,KW=5,s0=2,s1=1,s2=1,p0=2,p1=0,p2=1,d0=1,d1=1,d2=2,type_kernel=f16): 
[1;31mFAIL[0m

[CONV_3D] ERR = 1.868748824 > 0.000500000   CONV_3D(N=1,IC=3,ID=18,IH=22,IW=20,OC=1,KD=3,KH=3,KW=3,s0=2,s1=2,s2=2,p0=1,p1=1,p2=1,d0=2,d1=2,d2=2,type_kernel=f16): 
[1;31mFAIL[0m

[CONV_3D] ERR = 1.501270683 > 0.000500000   CONV_3D(N=1,IC=3,ID=18,IH=22,IW=20,OC=1,KD=3,KH=1,KW=5,s0=2,s1=1,s2=1,p0=2,p1=0,p2=1,d0=1,d1=1,d2=2,type_kernel=f16): 
[1;31mFAIL[0m

[CONV_3D] ERR = 2.070788799 > 0.000500000   CONV_3D(N=1,IC=3,ID=18,IH=22,IW=20,OC=4,KD=3,KH=3,KW=3,s0=1,s1=1,s2=1,p0=0,p1=0,p2=0,d0=1,d1=1,d2=1,type_kernel=f16): 
[1;31mFAIL[0m

[CONV_3D] ERR = 2.216609670 > 0.000500000   CONV_3D(N=1,IC=3,ID=18,IH=22,IW=20,OC=4,KD=3,KH=1,KW=5,s0=2,s1=1,s2=1,p0=2,p1=0,p2=1,d0=1,d1=1,d2=2,type_kernel=f16): 
[1;31mFAIL[0m

[CONV_3D] ERR = 1.987015390 > 0.000500000   CONV_3D(N=1,IC=3,ID=18,IH=22,IW=20,OC=4,KD=3,KH=3,KW=3,s0=1,s1=1,s2=1,p0=0,p1=0,p2=0,d0=2,d1=2,d2=2,type_kernel=f16): 
[1;31mFAIL[0m

[CONV_3D] ERR = 2.033683320 > 0.000500000   CONV_3D(N=1,IC=3,ID=18,IH=22,IW=20,OC=4,KD=3,KH=1,KW=5,s0=2,s1=1,s2=1,p0=2,p1=0,p2=1,d0=1,d1=1,d2=2,type_kernel=f16): 
[1;31mFAIL[0m

[CONV_3D] ERR = 2.030373769 > 0.000500000   CONV_3D(N=1,IC=3,ID=18,IH=22,IW=20,OC=4,KD=3,KH=3,KW=3,s0=1,s1=1,s2=1,p0=1,p1=1,p2=1,d0=1,d1=1,d2=1,type_kernel=f16): 
[1;31mFAIL[0m

[CONV_3D] ERR = 1.803402192 > 0.000500000   CONV_3D(N=1,IC=3,ID=18,IH=22,IW=20,OC=4,KD=3,KH=1,KW=5,s0=2,s1=1,s2=1,p0=2,p1=0,p2=1,d0=1,d1=1,d2=2,type_kernel=f16): 
[1;31mFAIL[0m

[CONV_3D] ERR = 2.049154544 > 0.000500000   CONV_3D(N=1,IC=3,ID=18,IH=22,IW=20,OC=4,KD=3,KH=3,KW=3,s0=1,s1=1,s2=1,p0=1,p1=1,p2=1,d0=2,d1=2,d2=2,type_kernel=f16): 
[1;31mFAIL[0m

[CONV_3D] ERR = 1.899014372 > 0.000500000   CONV_3D(N=1,IC=3,ID=18,IH=22,IW=20,OC=4,KD=3,KH=1,KW=5,s0=2,s1=1,s2=1,p0=2,p1=0,p2=1,d0=1,d1=1,d2=2,type_kernel=f16): 
[1;31mFAIL[0m

[CONV_3D] ERR = 2.061115483 > 0.000500000   CONV_3D(N=1,IC=3,ID=18,IH=22,IW=20,OC=4,KD=3,KH=3,KW=3,s0=2,s1=2,s2=2,p0=0,p1=0,p2=0,d0=1,d1=1,d2=1,type_kernel=f16): 
[1;31mFAIL[0m

[CONV_3D] ERR = 1.946210498 > 0.000500000   CONV_3D(N=1,IC=3,ID=18,IH=22,IW=20,OC=4,KD=3,KH=1,KW=5,s0=2,s1=1,s2=1,p0=2,p1=0,p2=1,d0=1,d1=1,d2=2,type_kernel=f16): 
[1;31mFAIL[0m

[CONV_3D] ERR = 2.098837657 > 0.000500000   CONV_3D(N=1,IC=3,ID=18,IH=22,IW=20,OC=4,KD=3,KH=3,KW=3,s0=2,s1=2,s2=2,p0=0,p1=0,p2=0,d0=2,d1=2,d2=2,type_kernel=f16): 
[1;31mFAIL[0m

[CONV_3D] ERR = 1.893951477 > 0.000500000   CONV_3D(N=1,IC=3,ID=18,IH=22,IW=20,OC=4,KD=3,KH=1,KW=5,s0=2,s1=1,s2=1,p0=2,p1=0,p2=1,d0=1,d1=1,d2=2,type_kernel=f16): 
[1;31mFAIL[0m

[CONV_3D] ERR = 2.078924421 > 0.000500000   CONV_3D(N=1,IC=3,ID=18,IH=22,IW=20,OC=4,KD=3,KH=3,KW=3,s0=2,s1=2,s2=2,p0=1,p1=1,p2=1,d0=1,d1=1,d2=1,type_kernel=f16): 
[1;31mFAIL[0m

[CONV_3D] ERR = 1.882420350 > 0.000500000   CONV_3D(N=1,IC=3,ID=18,IH=22,IW=20,OC=4,KD=3,KH=1,KW=5,s0=2,s1=1,s2=1,p0=2,p1=0,p2=1,d0=1,d1=1,d2=2,type_kernel=f16): 
[1;31mFAIL[0m

[CONV_3D] ERR = 2.010140203 > 0.000500000   CONV_3D(N=1,IC=3,ID=18,IH=22,IW=20,OC=4,KD=3,KH=3,KW=3,s0=2,s1=2,s2=2,p0=1,p1=1,p2=1,d0=2,d1=2,d2=2,type_kernel=f16): 
[1;31mFAIL[0m

[CONV_3D] ERR = 2.099191026 > 0.000500000   CONV_3D(N=1,IC=3,ID=18,IH=22,IW=20,OC=4,KD=3,KH=1,KW=5,s0=2,s1=1,s2=1,p0=2,p1=0,p2=1,d0=1,d1=1,d2=2,type_kernel=f16): 
[1;31mFAIL[0m

[CONV_3D] ERR = 2.385212515 > 0.000500000   CONV_3D(N=2,IC=1,ID=18,IH=22,IW=20,OC=1,KD=3,KH=3,KW=3,s0=1,s1=1,s2=1,p0=0,p1=0,p2=0,d0=1,d1=1,d2=1,type_kernel=f16): 
[1;31mFAIL[0m

[CONV_3D] ERR = 1.403709664 > 0.000500000   CONV_3D(N=2,IC=1,ID=18,IH=22,IW=20,OC=1,KD=3,KH=1,KW=5,s0=2,s1=1,s2=1,p0=2,p1=0,p2=1,d0=1,d1=1,d2=2,type_kernel=f16): 
[1;31mFAIL[0m

[CONV_3D] ERR = 1.991613881 > 0.000500000   CONV_3D(N=2,IC=1,ID=18,IH=22,IW=20,OC=1,KD=3,KH=3,KW=3,s0=1,s1=1,s2=1,p0=0,p1=0,p2=0,d0=2,d1=2,d2=2,type_kernel=f16): 
[1;31mFAIL[0m

[CONV_3D] ERR = 1.840026517 > 0.000500000   CONV_3D(N=2,IC=1,ID=18,IH=22,IW=20,OC=1,KD=3,KH=1,KW=5,s0=2,s1=1,s2=1,p0=2,p1=0,p2=1,d0=1,d1=1,d2=2,type_kernel=f16): 
[1;31mFAIL[0m

[CONV_3D] ERR = 2.249062611 > 0.000500000   CONV_3D(N=2,IC=1,ID=18,IH=22,IW=20,OC=1,KD=3,KH=3,KW=3,s0=1,s1=1,s2=1,p0=1,p1=1,p2=1,d0=1,d1=1,d2=1,type_kernel=f16): 
[1;31mFAIL[0m

[CONV_3D] ERR = 1.534467523 > 0.000500000   CONV_3D(N=2,IC=1,ID=18,IH=22,IW=20,OC=1,KD=3,KH=1,KW=5,s0=2,s1=1,s2=1,p0=2,p1=0,p2=1,d0=1,d1=1,d2=2,type_kernel=f16): 
[1;31mFAIL[0m

[CONV_3D] ERR = 2.010444207 > 0.000500000   CONV_3D(N=2,IC=1,ID=18,IH=22,IW=20,OC=1,KD=3,KH=3,KW=3,s0=1,s1=1,s2=1,p0=1,p1=1,p2=1,d0=2,d1=2,d2=2,type_kernel=f16): 
[1;31mFAIL[0m

[CONV_3D] ERR = 2.804824113 > 0.000500000   CONV_3D(N=2,IC=1,ID=18,IH=22,IW=20,OC=1,KD=3,KH=1,KW=5,s0=2,s1=1,s2=1,p0=2,p1=0,p2=1,d0=1,d1=1,d2=2,type_kernel=f16): 
[1;31mFAIL[0m

[CONV_3D] ERR = 2.030577340 > 0.000500000   CONV_3D(N=2,IC=1,ID=18,IH=22,IW=20,OC=1,KD=3,KH=3,KW=3,s0=2,s1=2,s2=2,p0=0,p1=0,p2=0,d0=1,d1=1,d2=1,type_kernel=f16): 
[1;31mFAIL[0m

[CONV_3D] ERR = 1.833541052 > 0.000500000   CONV_3D(N=2,IC=1,ID=18,IH=22,IW=20,OC=1,KD=3,KH=1,KW=5,s0=2,s1=1,s2=1,p0=2,p1=0,p2=1,d0=1,d1=1,d2=2,type_kernel=f16): 
[1;31mFAIL[0m

[CONV_3D] ERR = 1.917417281 > 0.000500000   CONV_3D(N=2,IC=1,ID=18,IH=22,IW=20,OC=1,KD=3,KH=3,KW=3,s0=2,s1=2,s2=2,p0=0,p1=0,p2=0,d0=2,d1=2,d2=2,type_kernel=f16): 
[1;31mFAIL[0m

[CONV_3D] ERR = 1.849052931 > 0.000500000   CONV_3D(N=2,IC=1,ID=18,IH=22,IW=20,OC=1,KD=3,KH=1,KW=5,s0=2,s1=1,s2=1,p0=2,p1=0,p2=1,d0=1,d1=1,d2=2,type_kernel=f16): 
[1;31mFAIL[0m

[CONV_3D] ERR = 1.912287722 > 0.000500000   CONV_3D(N=2,IC=1,ID=18,IH=22,IW=20,OC=1,KD=3,KH=3,KW=3,s0=2,s1=2,s2=2,p0=1,p1=1,p2=1,d0=1,d1=1,d2=1,type_kernel=f16): 
[1;31mFAIL[0m

[CONV_3D] ERR = 2.377705489 > 0.000500000   CONV_3D(N=2,IC=1,ID=18,IH=22,IW=20,OC=1,KD=3,KH=1,KW=5,s0=2,s1=1,s2=1,p0=2,p1=0,p2=1,d0=1,d1=1,d2=2,type_kernel=f16): 
[1;31mFAIL[0m

[CONV_3D] ERR = 1.833088919 > 0.000500000   CONV_3D(N=2,IC=1,ID=18,IH=22,IW=20,OC=1,KD=3,KH=3,KW=3,s0=2,s1=2,s2=2,p0=1,p1=1,p2=1,d0=2,d1=2,d2=2,type_kernel=f16): 
[1;31mFAIL[0m

[CONV_3D] ERR = 2.110206383 > 0.000500000   CONV_3D(N=2,IC=1,ID=18,IH=22,IW=20,OC=1,KD=3,KH=1,KW=5,s0=2,s1=1,s2=1,p0=2,p1=0,p2=1,d0=1,d1=1,d2=2,type_kernel=f16): 
[1;31mFAIL[0m

[CONV_3D] ERR = 1.962023829 > 0.000500000   CONV_3D(N=2,IC=1,ID=18,IH=22,IW=20,OC=4,KD=3,KH=3,KW=3,s0=1,s1=1,s2=1,p0=0,p1=0,p2=0,d0=1,d1=1,d2=1,type_kernel=f16): 
[1;31mFAIL[0m

[CONV_3D] ERR = 1.857721499 > 0.000500000   CONV_3D(N=2,IC=1,ID=18,IH=22,IW=20,OC=4,KD=3,KH=1,KW=5,s0=2,s1=1,s2=1,p0=2,p1=0,p2=1,d0=1,d1=1,d2=2,type_kernel=f16): 
[1;31mFAIL[0m

[CONV_3D] ERR = 2.035510288 > 0.000500000   CONV_3D(N=2,IC=1,ID=18,IH=22,IW=20,OC=4,KD=3,KH=3,KW=3,s0=1,s1=1,s2=1,p0=0,p1=0,p2=0,d0=2,d1=2,d2=2,type_kernel=f16): 
[1;31mFAIL[0m

[CONV_3D] ERR = 1.824105381 > 0.000500000   CONV_3D(N=2,IC=1,ID=18,IH=22,IW=20,OC=4,KD=3,KH=1,KW=5,s0=2,s1=1,s2=1,p0=2,p1=0,p2=1,d0=1,d1=1,d2=2,type_kernel=f16): 
[1;31mFAIL[0m

[CONV_3D] ERR = 2.265489309 > 0.000500000   CONV_3D(N=2,IC=1,ID=18,IH=22,IW=20,OC=4,KD=3,KH=3,KW=3,s0=1,s1=1,s2=1,p0=1,p1=1,p2=1,d0=1,d1=1,d2=1,type_kernel=f16): 
[1;31mFAIL[0m

[CONV_3D] ERR = 2.224028108 > 0.000500000   CONV_3D(N=2,IC=1,ID=18,IH=22,IW=20,OC=4,KD=3,KH=1,KW=5,s0=2,s1=1,s2=1,p0=2,p1=0,p2=1,d0=1,d1=1,d2=2,type_kernel=f16): 
[1;31mFAIL[0m

[CONV_3D] ERR = 2.008919025 > 0.000500000   CONV_3D(N=2,IC=1,ID=18,IH=22,IW=20,OC=4,KD=3,KH=3,KW=3,s0=1,s1=1,s2=1,p0=1,p1=1,p2=1,d0=2,d1=2,d2=2,type_kernel=f16): 
[1;31mFAIL[0m

[CONV_3D] ERR = 2.169909454 > 0.000500000   CONV_3D(N=2,IC=1,ID=18,IH=22,IW=20,OC=4,KD=3,KH=1,KW=5,s0=2,s1=1,s2=1,p0=2,p1=0,p2=1,d0=1,d1=1,d2=2,type_kernel=f16): 
[1;31mFAIL[0m

[CONV_3D] ERR = 2.023697458 > 0.000500000   CONV_3D(N=2,IC=1,ID=18,IH=22,IW=20,OC=4,KD=3,KH=3,KW=3,s0=2,s1=2,s2=2,p0=0,p1=0,p2=0,d0=1,d1=1,d2=1,type_kernel=f16): 
[1;31mFAIL[0m

[CONV_3D] ERR = 1.639695288 > 0.000500000   CONV_3D(N=2,IC=1,ID=18,IH=22,IW=20,OC=4,KD=3,KH=1,KW=5,s0=2,s1=1,s2=1,p0=2,p1=0,p2=1,d0=1,d1=1,d2=2,type_kernel=f16): 
[1;31mFAIL[0m

[CONV_3D] ERR = 2.052280737 > 0.000500000   CONV_3D(N=2,IC=1,ID=18,IH=22,IW=20,OC=4,KD=3,KH=3,KW=3,s0=2,s1=2,s2=2,p0=0,p1=0,p2=0,d0=2,d1=2,d2=2,type_kernel=f16): 
[1;31mFAIL[0m

[CONV_3D] ERR = 2.074244674 > 0.000500000   CONV_3D(N=2,IC=1,ID=18,IH=22,IW=20,OC=4,KD=3,KH=1,KW=5,s0=2,s1=1,s2=1,p0=2,p1=0,p2=1,d0=1,d1=1,d2=2,type_kernel=f16): 
[1;31mFAIL[0m

[CONV_3D] ERR = 1.797365155 > 0.000500000   CONV_3D(N=2,IC=1,ID=18,IH=22,IW=20,OC=4,KD=3,KH=3,KW=3,s0=2,s1=2,s2=2,p0=1,p1=1,p2=1,d0=1,d1=1,d2=1,type_kernel=f16): 
[1;31mFAIL[0m

[CONV_3D] ERR = 1.744973340 > 0.000500000   CONV_3D(N=2,IC=1,ID=18,IH=22,IW=20,OC=4,KD=3,KH=1,KW=5,s0=2,s1=1,s2=1,p0=2,p1=0,p2=1,d0=1,d1=1,d2=2,type_kernel=f16): 
[1;31mFAIL[0m

[CONV_3D] ERR = 1.966734767 > 0.000500000   CONV_3D(N=2,IC=1,ID=18,IH=22,IW=20,OC=4,KD=3,KH=3,KW=3,s0=2,s1=2,s2=2,p0=1,p1=1,p2=1,d0=2,d1=2,d2=2,type_kernel=f16): 
[1;31mFAIL[0m

[CONV_3D] ERR = 1.804042579 > 0.000500000   CONV_3D(N=2,IC=1,ID=18,IH=22,IW=20,OC=4,KD=3,KH=1,KW=5,s0=2,s1=1,s2=1,p0=2,p1=0,p2=1,d0=1,d1=1,d2=2,type_kernel=f16): 
[1;31mFAIL[0m

[CONV_3D] ERR = 2.355188371 > 0.000500000   CONV_3D(N=2,IC=3,ID=18,IH=22,IW=20,OC=1,KD=3,KH=3,KW=3,s0=1,s1=1,s2=1,p0=0,p1=0,p2=0,d0=1,d1=1,d2=1,type_kernel=f16): 
[1;31mFAIL[0m

[CONV_3D] ERR = 1.927569352 > 0.000500000   CONV_3D(N=2,IC=3,ID=18,IH=22,IW=20,OC=1,KD=3,KH=1,KW=5,s0=2,s1=1,s2=1,p0=2,p1=0,p2=1,d0=1,d1=1,d2=2,type_kernel=f16): 
[1;31mFAIL[0m

[CONV_3D] ERR = 2.004580841 > 0.000500000   CONV_3D(N=2,IC=3,ID=18,IH=22,IW=20,OC=1,KD=3,KH=3,KW=3,s0=1,s1=1,s2=1,p0=0,p1=0,p2=0,d0=2,d1=2,d2=2,type_kernel=f16): 
[1;31mFAIL[0m

[CONV_3D] ERR = 2.248967093 > 0.000500000   CONV_3D(N=2,IC=3,ID=18,IH=22,IW=20,OC=1,KD=3,KH=1,KW=5,s0=2,s1=1,s2=1,p0=2,p1=0,p2=1,d0=1,d1=1,d2=2,type_kernel=f16): 
[1;31mFAIL[0m

[CONV_3D] ERR = 1.981390538 > 0.000500000   CONV_3D(N=2,IC=3,ID=18,IH=22,IW=20,OC=1,KD=3,KH=3,KW=3,s0=1,s1=1,s2=1,p0=1,p1=1,p2=1,d0=1,d1=1,d2=1,type_kernel=f16): 
[1;31mFAIL[0m

[CONV_3D] ERR = 1.851088415 > 0.000500000   CONV_3D(N=2,IC=3,ID=18,IH=22,IW=20,OC=1,KD=3,KH=1,KW=5,s0=2,s1=1,s2=1,p0=2,p1=0,p2=1,d0=1,d1=1,d2=2,type_kernel=f16): 
[1;31mFAIL[0m

[CONV_3D] ERR = 2.001174679 > 0.000500000   CONV_3D(N=2,IC=3,ID=18,IH=22,IW=20,OC=1,KD=3,KH=3,KW=3,s0=1,s1=1,s2=1,p0=1,p1=1,p2=1,d0=2,d1=2,d2=2,type_kernel=f16): 
[1;31mFAIL[0m

[CONV_3D] ERR = 2.575842713 > 0.000500000   CONV_3D(N=2,IC=3,ID=18,IH=22,IW=20,OC=1,KD=3,KH=1,KW=5,s0=2,s1=1,s2=1,p0=2,p1=0,p2=1,d0=1,d1=1,d2=2,type_kernel=f16): 
[1;31mFAIL[0m

[CONV_3D] ERR = 1.851664533 > 0.000500000   CONV_3D(N=2,IC=3,ID=18,IH=22,IW=20,OC=1,KD=3,KH=3,KW=3,s0=2,s1=2,s2=2,p0=0,p1=0,p2=0,d0=1,d1=1,d2=1,type_kernel=f16): 
[1;31mFAIL[0m

[CONV_3D] ERR = 1.693616232 > 0.000500000   CONV_3D(N=2,IC=3,ID=18,IH=22,IW=20,OC=1,KD=3,KH=1,KW=5,s0=2,s1=1,s2=1,p0=2,p1=0,p2=1,d0=1,d1=1,d2=2,type_kernel=f16): 
[1;31mFAIL[0m

[CONV_3D] ERR = 1.868599978 > 0.000500000   CONV_3D(N=2,IC=3,ID=18,IH=22,IW=20,OC=1,KD=3,KH=3,KW=3,s0=2,s1=2,s2=2,p0=0,p1=0,p2=0,d0=2,d1=2,d2=2,type_kernel=f16): 
[1;31mFAIL[0m

[CONV_3D] ERR = 2.059061699 > 0.000500000   CONV_3D(N=2,IC=3,ID=18,IH=22,IW=20,OC=1,KD=3,KH=1,KW=5,s0=2,s1=1,s2=1,p0=2,p1=0,p2=1,d0=1,d1=1,d2=2,type_kernel=f16): 
[1;31mFAIL[0m

[CONV_3D] ERR = 2.208149456 > 0.000500000   CONV_3D(N=2,IC=3,ID=18,IH=22,IW=20,OC=1,KD=3,KH=3,KW=3,s0=2,s1=2,s2=2,p0=1,p1=1,p2=1,d0=1,d1=1,d2=1,type_kernel=f16): 
[1;31mFAIL[0m

[CONV_3D] ERR = 2.122921520 > 0.000500000   CONV_3D(N=2,IC=3,ID=18,IH=22,IW=20,OC=1,KD=3,KH=1,KW=5,s0=2,s1=1,s2=1,p0=2,p1=0,p2=1,d0=1,d1=1,d2=2,type_kernel=f16): 
[1;31mFAIL[0m

[CONV_3D] ERR = 1.937484559 > 0.000500000   CONV_3D(N=2,IC=3,ID=18,IH=22,IW=20,OC=1,KD=3,KH=3,KW=3,s0=2,s1=2,s2=2,p0=1,p1=1,p2=1,d0=2,d1=2,d2=2,type_kernel=f16): 
[1;31mFAIL[0m

[CONV_3D] ERR = 2.054226429 > 0.000500000   CONV_3D(N=2,IC=3,ID=18,IH=22,IW=20,OC=1,KD=3,KH=1,KW=5,s0=2,s1=1,s2=1,p0=2,p1=0,p2=1,d0=1,d1=1,d2=2,type_kernel=f16): 
[1;31mFAIL[0m

[CONV_3D] ERR = 1.888854104 > 0.000500000   CONV_3D(N=2,IC=3,ID=18,IH=22,IW=20,OC=4,KD=3,KH=3,KW=3,s0=1,s1=1,s2=1,p0=0,p1=0,p2=0,d0=1,d1=1,d2=1,type_kernel=f16): 
[1;31mFAIL[0m

[CONV_3D] ERR = 2.256982669 > 0.000500000   CONV_3D(N=2,IC=3,ID=18,IH=22,IW=20,OC=4,KD=3,KH=1,KW=5,s0=2,s1=1,s2=1,p0=2,p1=0,p2=1,d0=1,d1=1,d2=2,type_kernel=f16): 
[1;31mFAIL[0m

[CONV_3D] ERR = 1.987826169 > 0.000500000   CONV_3D(N=2,IC=3,ID=18,IH=22,IW=20,OC=4,KD=3,KH=3,KW=3,s0=1,s1=1,s2=1,p0=0,p1=0,p2=0,d0=2,d1=2,d2=2,type_kernel=f16): 
[1;31mFAIL[0m

[CONV_3D] ERR = 1.907553949 > 0.000500000   CONV_3D(N=2,IC=3,ID=18,IH=22,IW=20,OC=4,KD=3,KH=1,KW=5,s0=2,s1=1,s2=1,p0=2,p1=0,p2=1,d0=1,d1=1,d2=2,type_kernel=f16): 
[1;31mFAIL[0m

[CONV_3D] ERR = 2.140782087 > 0.000500000   CONV_3D(N=2,IC=3,ID=18,IH=22,IW=20,OC=4,KD=3,KH=3,KW=3,s0=1,s1=1,s2=1,p0=1,p1=1,p2=1,d0=1,d1=1,d2=1,type_kernel=f16): 
[1;31mFAIL[0m

[CONV_3D] ERR = 2.247734111 > 0.000500000   CONV_3D(N=2,IC=3,ID=18,IH=22,IW=20,OC=4,KD=3,KH=1,KW=5,s0=2,s1=1,s2=1,p0=2,p1=0,p2=1,d0=1,d1=1,d2=2,type_kernel=f16): 
[1;31mFAIL[0m

[CONV_3D] ERR = 1.991369572 > 0.000500000   CONV_3D(N=2,IC=3,ID=18,IH=22,IW=20,OC=4,KD=3,KH=3,KW=3,s0=1,s1=1,s2=1,p0=1,p1=1,p2=1,d0=2,d1=2,d2=2,type_kernel=f16): 
[1;31mFAIL[0m

[CONV_3D] ERR = 2.328095929 > 0.000500000   CONV_3D(N=2,IC=3,ID=18,IH=22,IW=20,OC=4,KD=3,KH=1,KW=5,s0=2,s1=1,s2=1,p0=2,p1=0,p2=1,d0=1,d1=1,d2=2,type_kernel=f16): 
[1;31mFAIL[0m

[CONV_3D] ERR = 1.933824448 > 0.000500000   CONV_3D(N=2,IC=3,ID=18,IH=22,IW=20,OC=4,KD=3,KH=3,KW=3,s0=2,s1=2,s2=2,p0=0,p1=0,p2=0,d0=1,d1=1,d2=1,type_kernel=f16): 
[1;31mFAIL[0m

[CONV_3D] ERR = 2.003142417 > 0.000500000   CONV_3D(N=2,IC=3,ID=18,IH=22,IW=20,OC=4,KD=3,KH=1,KW=5,s0=2,s1=1,s2=1,p0=2,p1=0,p2=1,d0=1,d1=1,d2=2,type_kernel=f16): 
[1;31mFAIL[0m

[CONV_3D] ERR = 1.997976802 > 0.000500000   CONV_3D(N=2,IC=3,ID=18,IH=22,IW=20,OC=4,KD=3,KH=3,KW=3,s0=2,s1=2,s2=2,p0=0,p1=0,p2=0,d0=2,d1=2,d2=2,type_kernel=f16): 
[1;31mFAIL[0m

[CONV_3D] ERR = 2.088689122 > 0.000500000   CONV_3D(N=2,IC=3,ID=18,IH=22,IW=20,OC=4,KD=3,KH=1,KW=5,s0=2,s1=1,s2=1,p0=2,p1=0,p2=1,d0=1,d1=1,d2=2,type_kernel=f16): 
[1;31mFAIL[0m

[CONV_3D] ERR = 2.032000009 > 0.000500000   CONV_3D(N=2,IC=3,ID=18,IH=22,IW=20,OC=4,KD=3,KH=3,KW=3,s0=2,s1=2,s2=2,p0=1,p1=1,p2=1,d0=1,d1=1,d2=1,type_kernel=f16): 
[1;31mFAIL[0m

[CONV_3D] ERR = 1.947197864 > 0.000500000   CONV_3D(N=2,IC=3,ID=18,IH=22,IW=20,OC=4,KD=3,KH=1,KW=5,s0=2,s1=1,s2=1,p0=2,p1=0,p2=1,d0=1,d1=1,d2=2,type_kernel=f16): 
[1;31mFAIL[0m

[CONV_3D] ERR = 2.023595628 > 0.000500000   CONV_3D(N=2,IC=3,ID=18,IH=22,IW=20,OC=4,KD=3,KH=3,KW=3,s0=2,s1=2,s2=2,p0=1,p1=1,p2=1,d0=2,d1=2,d2=2,type_kernel=f16): 
[1;31mFAIL[0m

[CONV_3D] ERR = 2.038058932 > 0.000500000   CONV_3D(N=2,IC=3,ID=18,IH=22,IW=20,OC=4,KD=3,KH=1,KW=5,s0=2,s1=1,s2=1,p0=2,p1=0,p2=1,d0=1,d1=1,d2=2,type_kernel=f16): 
[1;31mFAIL[0m

[CONV_3D] ERR = 1.970144718 > 0.000500000   CONV_3D(N=1,IC=4,ID=8,IH=8,IW=8,OC=8,KD=1,KH=1,KW=1,s0=1,s1=1,s2=1,p0=0,p1=0,p2=0,d0=1,d1=1,d2=1,type_kernel=f16): 
[1;31mFAIL[0m

  0/350 tests passed



Failing tests:

  IM2COL(type_input=f32,type_kernel=f32,dst_type=f32,ne_input=[3000,128,1,1],ne_kernel=[3,128,1280,1],s0=1,s1=0,p0=1,p1=0,d0=1,d1=0,is_2D=0)

  IM2COL(type_input=f32,type_kernel=f16,dst_type=f32,ne_input=[3000,128,1,1],ne_kernel=[3,128,1280,1],s0=1,s1=0,p0=1,p1=0,d0=1,d1=0,is_2D=0)

  IM2COL(type_input=f32,type_kernel=f16,dst_type=f16,ne_input=[3000,128,1,1],ne_kernel=[3,128,1280,1],s0=1,s1=0,p0=1,p1=0,d0=1,d1=0,is_2D=0)

  IM2COL(type_input=f32,type_kernel=f16,dst_type=f16,ne_input=[3000,384,1,1],ne_kernel=[3,384,384,1],s0=1,s1=0,p0=1,p1=0,d0=1,d1=0,is_2D=0)

  IM2COL(type_input=f32,type_kernel=f32,dst_type=f32,ne_input=[20,2,2,1],ne_kernel=[3,2,2,1],s0=1,s1=0,p0=0,p1=0,d0=1,d1=0,is_2D=0)

  IM2COL(type_input=f32,type_kernel=f32,dst_type=f32,ne_input=[20,2,2,1],ne_kernel=[3,2,2,1],s0=1,s1=0,p0=0,p1=0,d0=3,d1=0,is_2D=0)

  IM2COL(type_input=f32,type_kernel=f32,dst_type=f32,ne_input=[20,2,2,1],ne_kernel=[3,2,2,1],s0=1,s1=0,p0=3,p1=0,d0=1,d1=0,is_2D=0)

  IM2COL(type_input=f32,type_kernel=f32,dst_type=f32,ne_input=[20,2,2,1],ne_kernel=[3,2,2,1],s0=1,s1=0,p0=3,p1=0,d0=3,d1=0,is_2D=0)

  IM2COL(type_input=f32,type_kernel=f32,dst_type=f32,ne_input=[20,2,2,1],ne_kernel=[3,2,2,1],s0=3,s1=0,p0=0,p1=0,d0=1,d1=0,is_2D=0)

  IM2COL(type_input=f32,type_kernel=f32,dst_type=f32,ne_input=[20,2,2,1],ne_kernel=[3,2,2,1],s0=3,s1=0,p0=0,p1=0,d0=3,d1=0,is_2D=0)

  IM2COL(type_input=f32,type_kernel=f32,dst_type=f32,ne_input=[20,2,2,1],ne_kernel=[3,2,2,1],s0=3,s1=0,p0=3,p1=0,d0=1,d1=0,is_2D=0)

  IM2COL(type_input=f32,type_kernel=f32,dst_type=f32,ne_input=[20,2,2,1],ne_kernel=[3,2,2,1],s0=3,s1=0,p0=3,p1=0,d0=3,d1=0,is_2D=0)

  IM2COL(type_input=f32,type_kernel=f32,dst_type=f32,ne_input=[10,10,3,1],ne_kernel=[3,3,3,1],s0=1,s1=1,p0=1,p1=1,d0=1,d1=1,is_2D=1)

  IM2COL(type_input=f32,type_kernel=f32,dst_type=f16,ne_input=[10,10,3,1],ne_kernel=[3,3,3,1],s0=1,s1=1,p0=1,p1=1,d0=1,d1=1,is_2D=1)

  IM2COL(type_input=f32,type_kernel=f16,dst_type=f32,ne_input=[10,10,3,1],ne_kernel=[3,3,3,1],s0=1,s1=1,p0=1,p1=1,d0=1,d1=1,is_2D=1)

  IM2COL(type_input=f32,type_kernel=f16,dst_type=f16,ne_input=[10,10,3,1],ne_kernel=[3,3,3,1],s0=1,s1=1,p0=1,p1=1,d0=1,d1=1,is_2D=1)

  IM2COL(type_input=f32,type_kernel=f32,dst_type=f32,ne_input=[20,20,2,2],ne_kernel=[3,3,2,2],s0=1,s1=1,p0=0,p1=0,d0=1,d1=1,is_2D=1)

  IM2COL(type_input=f32,type_kernel=f32,dst_type=f32,ne_input=[20,20,2,2],ne_kernel=[3,3,2,2],s0=1,s1=1,p0=0,p1=0,d0=1,d1=3,is_2D=1)

  IM2COL(type_input=f32,type_kernel=f32,dst_type=f32,ne_input=[20,20,2,2],ne_kernel=[3,3,2,2],s0=1,s1=1,p0=0,p1=0,d0=3,d1=1,is_2D=1)

  IM2COL(type_input=f32,type_kernel=f32,dst_type=f32,ne_input=[20,20,2,2],ne_kernel=[3,3,2,2],s0=1,s1=1,p0=0,p1=0,d0=3,d1=3,is_2D=1)

  IM2COL(type_input=f32,type_kernel=f32,dst_type=f32,ne_input=[20,20,2,2],ne_kernel=[3,3,2,2],s0=1,s1=1,p0=0,p1=3,d0=1,d1=1,is_2D=1)

  IM2COL(type_input=f32,type_kernel=f32,dst_type=f32,ne_input=[20,20,2,2],ne_kernel=[3,3,2,2],s0=1,s1=1,p0=0,p1=3,d0=1,d1=3,is_2D=1)

  IM2COL(type_input=f32,type_kernel=f32,dst_type=f32,ne_input=[20,20,2,2],ne_kernel=[3,3,2,2],s0=1,s1=1,p0=0,p1=3,d0=3,d1=1,is_2D=1)

  IM2COL(type_input=f32,type_kernel=f32,dst_type=f32,ne_input=[20,20,2,2],ne_kernel=[3,3,2,2],s0=1,s1=1,p0=0,p1=3,d0=3,d1=3,is_2D=1)

  IM2COL(type_input=f32,type_kernel=f32,dst_type=f32,ne_input=[20,20,2,2],ne_kernel=[3,3,2,2],s0=1,s1=1,p0=3,p1=0,d0=1,d1=1,is_2D=1)

  IM2COL(type_input=f32,type_kernel=f32,dst_type=f32,ne_input=[20,20,2,2],ne_kernel=[3,3,2,2],s0=1,s1=1,p0=3,p1=0,d0=1,d1=3,is_2D=1)

  IM2COL(type_input=f32,type_kernel=f32,dst_type=f32,ne_input=[20,20,2,2],ne_kernel=[3,3,2,2],s0=1,s1=1,p0=3,p1=0,d0=3,d1=1,is_2D=1)

  IM2COL(type_input=f32,type_kernel=f32,dst_type=f32,ne_input=[20,20,2,2],ne_kernel=[3,3,2,2],s0=1,s1=1,p0=3,p1=0,d0=3,d1=3,is_2D=1)

  IM2COL(type_input=f32,type_kernel=f32,dst_type=f32,ne_input=[20,20,2,2],ne_kernel=[3,3,2,2],s0=1,s1=1,p0=3,p1=3,d0=1,d1=1,is_2D=1)

  IM2COL(type_input=f32,type_kernel=f32,dst_type=f32,ne_input=[20,20,2,2],ne_kernel=[3,3,2,2],s0=1,s1=1,p0=3,p1=3,d0=1,d1=3,is_2D=1)

  IM2COL(type_input=f32,type_kernel=f32,dst_type=f32,ne_input=[20,20,2,2],ne_kernel=[3,3,2,2],s0=1,s1=1,p0=3,p1=3,d0=3,d1=1,is_2D=1)

  IM2COL(type_input=f32,type_kernel=f32,dst_type=f32,ne_input=[20,20,2,2],ne_kernel=[3,3,2,2],s0=1,s1=1,p0=3,p1=3,d0=3,d1=3,is_2D=1)

  IM2COL(type_input=f32,type_kernel=f32,dst_type=f32,ne_input=[20,20,2,2],ne_kernel=[3,3,2,2],s0=1,s1=3,p0=0,p1=0,d0=1,d1=1,is_2D=1)

  IM2COL(type_input=f32,type_kernel=f32,dst_type=f32,ne_input=[20,20,2,2],ne_kernel=[3,3,2,2],s0=1,s1=3,p0=0,p1=0,d0=1,d1=3,is_2D=1)

  IM2COL(type_input=f32,type_kernel=f32,dst_type=f32,ne_input=[20,20,2,2],ne_kernel=[3,3,2,2],s0=1,s1=3,p0=0,p1=0,d0=3,d1=1,is_2D=1)

  IM2COL(type_input=f32,type_kernel=f32,dst_type=f32,ne_input=[20,20,2,2],ne_kernel=[3,3,2,2],s0=1,s1=3,p0=0,p1=0,d0=3,d1=3,is_2D=1)

  IM2COL(type_input=f32,type_kernel=f32,dst_type=f32,ne_input=[20,20,2,2],ne_kernel=[3,3,2,2],s0=1,s1=3,p0=0,p1=3,d0=1,d1=1,is_2D=1)

  IM2COL(type_input=f32,type_kernel=f32,dst_type=f32,ne_input=[20,20,2,2],ne_kernel=[3,3,2,2],s0=1,s1=3,p0=0,p1=3,d0=1,d1=3,is_2D=1)

  IM2COL(type_input=f32,type_kernel=f32,dst_type=f32,ne_input=[20,20,2,2],ne_kernel=[3,3,2,2],s0=1,s1=3,p0=0,p1=3,d0=3,d1=1,is_2D=1)

  IM2COL(type_input=f32,type_kernel=f32,dst_type=f32,ne_input=[20,20,2,2],ne_kernel=[3,3,2,2],s0=1,s1=3,p0=0,p1=3,d0=3,d1=3,is_2D=1)

  IM2COL(type_input=f32,type_kernel=f32,dst_type=f32,ne_input=[20,20,2,2],ne_kernel=[3,3,2,2],s0=1,s1=3,p0=3,p1=0,d0=1,d1=1,is_2D=1)

  IM2COL(type_input=f32,type_kernel=f32,dst_type=f32,ne_input=[20,20,2,2],ne_kernel=[3,3,2,2],s0=1,s1=3,p0=3,p1=0,d0=1,d1=3,is_2D=1)

  IM2COL(type_input=f32,type_kernel=f32,dst_type=f32,ne_input=[20,20,2,2],ne_kernel=[3,3,2,2],s0=1,s1=3,p0=3,p1=0,d0=3,d1=1,is_2D=1)

  IM2COL(type_input=f32,type_kernel=f32,dst_type=f32,ne_input=[20,20,2,2],ne_kernel=[3,3,2,2],s0=1,s1=3,p0=3,p1=0,d0=3,d1=3,is_2D=1)

  IM2COL(type_input=f32,type_kernel=f32,dst_type=f32,ne_input=[20,20,2,2],ne_kernel=[3,3,2,2],s0=1,s1=3,p0=3,p1=3,d0=1,d1=1,is_2D=1)

  IM2COL(type_input=f32,type_kernel=f32,dst_type=f32,ne_input=[20,20,2,2],ne_kernel=[3,3,2,2],s0=1,s1=3,p0=3,p1=3,d0=1,d1=3,is_2D=1)

  IM2COL(type_input=f32,type_kernel=f32,dst_type=f32,ne_input=[20,20,2,2],ne_kernel=[3,3,2,2],s0=1,s1=3,p0=3,p1=3,d0=3,d1=1,is_2D=1)

  IM2COL(type_input=f32,type_kernel=f32,dst_type=f32,ne_input=[20,20,2,2],ne_kernel=[3,3,2,2],s0=1,s1=3,p0=3,p1=3,d0=3,d1=3,is_2D=1)

  IM2COL(type_input=f32,type_kernel=f32,dst_type=f32,ne_input=[20,20,2,2],ne_kernel=[3,3,2,2],s0=3,s1=1,p0=0,p1=0,d0=1,d1=1,is_2D=1)

  IM2COL(type_input=f32,type_kernel=f32,dst_type=f32,ne_input=[20,20,2,2],ne_kernel=[3,3,2,2],s0=3,s1=1,p0=0,p1=0,d0=1,d1=3,is_2D=1)

  IM2COL(type_input=f32,type_kernel=f32,dst_type=f32,ne_input=[20,20,2,2],ne_kernel=[3,3,2,2],s0=3,s1=1,p0=0,p1=0,d0=3,d1=1,is_2D=1)

  IM2COL(type_input=f32,type_kernel=f32,dst_type=f32,ne_input=[20,20,2,2],ne_kernel=[3,3,2,2],s0=3,s1=1,p0=0,p1=0,d0=3,d1=3,is_2D=1)

  IM2COL(type_input=f32,type_kernel=f32,dst_type=f32,ne_input=[20,20,2,2],ne_kernel=[3,3,2,2],s0=3,s1=1,p0=0,p1=3,d0=1,d1=1,is_2D=1)

  IM2COL(type_input=f32,type_kernel=f32,dst_type=f32,ne_input=[20,20,2,2],ne_kernel=[3,3,2,2],s0=3,s1=1,p0=0,p1=3,d0=1,d1=3,is_2D=1)

  IM2COL(type_input=f32,type_kernel=f32,dst_type=f32,ne_input=[20,20,2,2],ne_kernel=[3,3,2,2],s0=3,s1=1,p0=0,p1=3,d0=3,d1=1,is_2D=1)

  IM2COL(type_input=f32,type_kernel=f32,dst_type=f32,ne_input=[20,20,2,2],ne_kernel=[3,3,2,2],s0=3,s1=1,p0=0,p1=3,d0=3,d1=3,is_2D=1)

  IM2COL(type_input=f32,type_kernel=f32,dst_type=f32,ne_input=[20,20,2,2],ne_kernel=[3,3,2,2],s0=3,s1=1,p0=3,p1=0,d0=1,d1=1,is_2D=1)

  IM2COL(type_input=f32,type_kernel=f32,dst_type=f32,ne_input=[20,20,2,2],ne_kernel=[3,3,2,2],s0=3,s1=1,p0=3,p1=0,d0=1,d1=3,is_2D=1)

  IM2COL(type_input=f32,type_kernel=f32,dst_type=f32,ne_input=[20,20,2,2],ne_kernel=[3,3,2,2],s0=3,s1=1,p0=3,p1=0,d0=3,d1=1,is_2D=1)

  IM2COL(type_input=f32,type_kernel=f32,dst_type=f32,ne_input=[20,20,2,2],ne_kernel=[3,3,2,2],s0=3,s1=1,p0=3,p1=0,d0=3,d1=3,is_2D=1)

  IM2COL(type_input=f32,type_kernel=f32,dst_type=f32,ne_input=[20,20,2,2],ne_kernel=[3,3,2,2],s0=3,s1=1,p0=3,p1=3,d0=1,d1=1,is_2D=1)

  IM2COL(type_input=f32,type_kernel=f32,dst_type=f32,ne_input=[20,20,2,2],ne_kernel=[3,3,2,2],s0=3,s1=1,p0=3,p1=3,d0=1,d1=3,is_2D=1)

  IM2COL(type_input=f32,type_kernel=f32,dst_type=f32,ne_input=[20,20,2,2],ne_kernel=[3,3,2,2],s0=3,s1=1,p0=3,p1=3,d0=3,d1=1,is_2D=1)

  IM2COL(type_input=f32,type_kernel=f32,dst_type=f32,ne_input=[20,20,2,2],ne_kernel=[3,3,2,2],s0=3,s1=1,p0=3,p1=3,d0=3,d1=3,is_2D=1)

  IM2COL(type_input=f32,type_kernel=f32,dst_type=f32,ne_input=[20,20,2,2],ne_kernel=[3,3,2,2],s0=3,s1=3,p0=0,p1=0,d0=1,d1=1,is_2D=1)

  IM2COL(type_input=f32,type_kernel=f32,dst_type=f32,ne_input=[20,20,2,2],ne_kernel=[3,3,2,2],s0=3,s1=3,p0=0,p1=0,d0=1,d1=3,is_2D=1)

  IM2COL(type_input=f32,type_kernel=f32,dst_type=f32,ne_input=[20,20,2,2],ne_kernel=[3,3,2,2],s0=3,s1=3,p0=0,p1=0,d0=3,d1=1,is_2D=1)

  IM2COL(type_input=f32,type_kernel=f32,dst_type=f32,ne_input=[20,20,2,2],ne_kernel=[3,3,2,2],s0=3,s1=3,p0=0,p1=0,d0=3,d1=3,is_2D=1)

  IM2COL(type_input=f32,type_kernel=f32,dst_type=f32,ne_input=[20,20,2,2],ne_kernel=[3,3,2,2],s0=3,s1=3,p0=0,p1=3,d0=1,d1=1,is_2D=1)

  IM2COL(type_input=f32,type_kernel=f32,dst_type=f32,ne_input=[20,20,2,2],ne_kernel=[3,3,2,2],s0=3,s1=3,p0=0,p1=3,d0=1,d1=3,is_2D=1)

  IM2COL(type_input=f32,type_kernel=f32,dst_type=f32,ne_input=[20,20,2,2],ne_kernel=[3,3,2,2],s0=3,s1=3,p0=0,p1=3,d0=3,d1=1,is_2D=1)

  IM2COL(type_input=f32,type_kernel=f32,dst_type=f32,ne_input=[20,20,2,2],ne_kernel=[3,3,2,2],s0=3,s1=3,p0=0,p1=3,d0=3,d1=3,is_2D=1)

  IM2COL(type_input=f32,type_kernel=f32,dst_type=f32,ne_input=[20,20,2,2],ne_kernel=[3,3,2,2],s0=3,s1=3,p0=3,p1=0,d0=1,d1=1,is_2D=1)

  IM2COL(type_input=f32,type_kernel=f32,dst_type=f32,ne_input=[20,20,2,2],ne_kernel=[3,3,2,2],s0=3,s1=3,p0=3,p1=0,d0=1,d1=3,is_2D=1)

  IM2COL(type_input=f32,type_kernel=f32,dst_type=f32,ne_input=[20,20,2,2],ne_kernel=[3,3,2,2],s0=3,s1=3,p0=3,p1=0,d0=3,d1=1,is_2D=1)

  IM2COL(type_input=f32,type_kernel=f32,dst_type=f32,ne_input=[20,20,2,2],ne_kernel=[3,3,2,2],s0=3,s1=3,p0=3,p1=0,d0=3,d1=3,is_2D=1)

  IM2COL(type_input=f32,type_kernel=f32,dst_type=f32,ne_input=[20,20,2,2],ne_kernel=[3,3,2,2],s0=3,s1=3,p0=3,p1=3,d0=1,d1=1,is_2D=1)

  IM2COL(type_input=f32,type_kernel=f32,dst_type=f32,ne_input=[20,20,2,2],ne_kernel=[3,3,2,2],s0=3,s1=3,p0=3,p1=3,d0=1,d1=3,is_2D=1)

  IM2COL(type_input=f32,type_kernel=f32,dst_type=f32,ne_input=[20,20,2,2],ne_kernel=[3,3,2,2],s0=3,s1=3,p0=3,p1=3,d0=3,d1=1,is_2D=1)

  IM2COL(type_input=f32,type_kernel=f32,dst_type=f32,ne_input=[20,20,2,2],ne_kernel=[3,3,2,2],s0=3,s1=3,p0=3,p1=3,d0=3,d1=3,is_2D=1)

  IM2COL(type_input=f32,type_kernel=f16,dst_type=f16,ne_input=[12,12,1,32],ne_kernel=[3,3,1,32],s0=1,s1=1,p0=1,p1=1,d0=1,d1=1,is_2D=1)

  IM2COL(type_input=f32,type_kernel=f16,dst_type=f16,ne_input=[12,12,2,32],ne_kernel=[3,3,2,32],s0=1,s1=1,p0=1,p1=1,d0=1,d1=1,is_2D=1)

  IM2COL(type_input=f32,type_kernel=f16,dst_type=f16,ne_input=[12,12,1,1024],ne_kernel=[3,3,1,1024],s0=1,s1=1,p0=1,p1=1,d0=1,d1=1,is_2D=1)

  IM2COL(type_input=f32,type_kernel=f16,dst_type=f16,ne_input=[12,12,2,1024],ne_kernel=[3,3,2,1024],s0=1,s1=1,p0=1,p1=1,d0=1,d1=1,is_2D=1)

  IM2COL(type_input=f32,type_kernel=f16,dst_type=f16,ne_input=[12,12,1,2048],ne_kernel=[3,3,1,2048],s0=1,s1=1,p0=1,p1=1,d0=1,d1=1,is_2D=1)

  IM2COL(type_input=f32,type_kernel=f16,dst_type=f16,ne_input=[12,12,2,2048],ne_kernel=[3,3,2,2048],s0=1,s1=1,p0=1,p1=1,d0=1,d1=1,is_2D=1)

  IM2COL(type_input=f32,type_kernel=f16,dst_type=f16,ne_input=[12,12,1,2560],ne_kernel=[3,3,1,2560],s0=1,s1=1,p0=1,p1=1,d0=1,d1=1,is_2D=1)

  IM2COL(type_input=f32,type_kernel=f16,dst_type=f16,ne_input=[12,12,2,2560],ne_kernel=[3,3,2,2560],s0=1,s1=1,p0=1,p1=1,d0=1,d1=1,is_2D=1)

  IM2COL(type_input=f32,type_kernel=f16,dst_type=f16,ne_input=[5,5,1,32],ne_kernel=[3,4,1,32],s0=1,s1=1,p0=0,p1=0,d0=1,d1=1,is_2D=1)

  IM2COL(type_input=f32,type_kernel=f32,dst_type=f32,ne_input=[2,2,1536,729],ne_kernel=[2,2,1536,4096],s0=1,s1=1,p0=0,p1=0,d0=1,d1=1,is_2D=1)

  IM2COL(type_input=f32,type_kernel=f16,dst_type=f16,ne_input=[128,128,1,2],ne_kernel=[32,33,1,2],s0=1,s1=1,p0=1,p1=1,d0=1,d1=1,is_2D=1)

  IM2COL(type_input=f32,type_kernel=f16,dst_type=f16,ne_input=[128,128,2,1],ne_kernel=[33,34,2,1],s0=1,s1=1,p0=1,p1=1,d0=1,d1=1,is_2D=1)

  CONV_3D(N=1,IC=1,ID=18,IH=22,IW=20,OC=1,KD=3,KH=3,KW=3,s0=1,s1=1,s2=1,p0=0,p1=0,p2=0,d0=1,d1=1,d2=1,type_kernel=f32)

  CONV_3D(N=1,IC=1,ID=18,IH=22,IW=20,OC=1,KD=3,KH=1,KW=5,s0=2,s1=1,s2=1,p0=2,p1=0,p2=1,d0=1,d1=1,d2=2,type_kernel=f32)

  CONV_3D(N=1,IC=1,ID=18,IH=22,IW=20,OC=1,KD=3,KH=3,KW=3,s0=1,s1=1,s2=1,p0=0,p1=0,p2=0,d0=2,d1=2,d2=2,type_kernel=f32)

  CONV_3D(N=1,IC=1,ID=18,IH=22,IW=20,OC=1,KD=3,KH=1,KW=5,s0=2,s1=1,s2=1,p0=2,p1=0,p2=1,d0=1,d1=1,d2=2,type_kernel=f32)

  CONV_3D(N=1,IC=1,ID=18,IH=22,IW=20,OC=1,KD=3,KH=3,KW=3,s0=1,s1=1,s2=1,p0=1,p1=1,p2=1,d0=1,d1=1,d2=1,type_kernel=f32)

  CONV_3D(N=1,IC=1,ID=18,IH=22,IW=20,OC=1,KD=3,KH=1,KW=5,s0=2,s1=1,s2=1,p0=2,p1=0,p2=1,d0=1,d1=1,d2=2,type_kernel=f32)

  CONV_3D(N=1,IC=1,ID=18,IH=22,IW=20,OC=1,KD=3,KH=3,KW=3,s0=1,s1=1,s2=1,p0=1,p1=1,p2=1,d0=2,d1=2,d2=2,type_kernel=f32)

  CONV_3D(N=1,IC=1,ID=18,IH=22,IW=20,OC=1,KD=3,KH=1,KW=5,s0=2,s1=1,s2=1,p0=2,p1=0,p2=1,d0=1,d1=1,d2=2,type_kernel=f32)

  CONV_3D(N=1,IC=1,ID=18,IH=22,IW=20,OC=1,KD=3,KH=3,KW=3,s0=2,s1=2,s2=2,p0=0,p1=0,p2=0,d0=1,d1=1,d2=1,type_kernel=f32)

  CONV_3D(N=1,IC=1,ID=18,IH=22,IW=20,OC=1,KD=3,KH=1,KW=5,s0=2,s1=1,s2=1,p0=2,p1=0,p2=1,d0=1,d1=1,d2=2,type_kernel=f32)

  CONV_3D(N=1,IC=1,ID=18,IH=22,IW=20,OC=1,KD=3,KH=3,KW=3,s0=2,s1=2,s2=2,p0=0,p1=0,p2=0,d0=2,d1=2,d2=2,type_kernel=f32)

  CONV_3D(N=1,IC=1,ID=18,IH=22,IW=20,OC=1,KD=3,KH=1,KW=5,s0=2,s1=1,s2=1,p0=2,p1=0,p2=1,d0=1,d1=1,d2=2,type_kernel=f32)

  CONV_3D(N=1,IC=1,ID=18,IH=22,IW=20,OC=1,KD=3,KH=3,KW=3,s0=2,s1=2,s2=2,p0=1,p1=1,p2=1,d0=1,d1=1,d2=1,type_kernel=f32)

  CONV_3D(N=1,IC=1,ID=18,IH=22,IW=20,OC=1,KD=3,KH=1,KW=5,s0=2,s1=1,s2=1,p0=2,p1=0,p2=1,d0=1,d1=1,d2=2,type_kernel=f32)

  CONV_3D(N=1,IC=1,ID=18,IH=22,IW=20,OC=1,KD=3,KH=3,KW=3,s0=2,s1=2,s2=2,p0=1,p1=1,p2=1,d0=2,d1=2,d2=2,type_kernel=f32)

  CONV_3D(N=1,IC=1,ID=18,IH=22,IW=20,OC=1,KD=3,KH=1,KW=5,s0=2,s1=1,s2=1,p0=2,p1=0,p2=1,d0=1,d1=1,d2=2,type_kernel=f32)

  CONV_3D(N=1,IC=1,ID=18,IH=22,IW=20,OC=4,KD=3,KH=3,KW=3,s0=1,s1=1,s2=1,p0=0,p1=0,p2=0,d0=1,d1=1,d2=1,type_kernel=f32)

  CONV_3D(N=1,IC=1,ID=18,IH=22,IW=20,OC=4,KD=3,KH=1,KW=5,s0=2,s1=1,s2=1,p0=2,p1=0,p2=1,d0=1,d1=1,d2=2,type_kernel=f32)

  CONV_3D(N=1,IC=1,ID=18,IH=22,IW=20,OC=4,KD=3,KH=3,KW=3,s0=1,s1=1,s2=1,p0=0,p1=0,p2=0,d0=2,d1=2,d2=2,type_kernel=f32)

  CONV_3D(N=1,IC=1,ID=18,IH=22,IW=20,OC=4,KD=3,KH=1,KW=5,s0=2,s1=1,s2=1,p0=2,p1=0,p2=1,d0=1,d1=1,d2=2,type_kernel=f32)

  CONV_3D(N=1,IC=1,ID=18,IH=22,IW=20,OC=4,KD=3,KH=3,KW=3,s0=1,s1=1,s2=1,p0=1,p1=1,p2=1,d0=1,d1=1,d2=1,type_kernel=f32)

  CONV_3D(N=1,IC=1,ID=18,IH=22,IW=20,OC=4,KD=3,KH=1,KW=5,s0=2,s1=1,s2=1,p0=2,p1=0,p2=1,d0=1,d1=1,d2=2,type_kernel=f32)

  CONV_3D(N=1,IC=1,ID=18,IH=22,IW=20,OC=4,KD=3,KH=3,KW=3,s0=1,s1=1,s2=1,p0=1,p1=1,p2=1,d0=2,d1=2,d2=2,type_kernel=f32)

  CONV_3D(N=1,IC=1,ID=18,IH=22,IW=20,OC=4,KD=3,KH=1,KW=5,s0=2,s1=1,s2=1,p0=2,p1=0,p2=1,d0=1,d1=1,d2=2,type_kernel=f32)

  CONV_3D(N=1,IC=1,ID=18,IH=22,IW=20,OC=4,KD=3,KH=3,KW=3,s0=2,s1=2,s2=2,p0=0,p1=0,p2=0,d0=1,d1=1,d2=1,type_kernel=f32)

  CONV_3D(N=1,IC=1,ID=18,IH=22,IW=20,OC=4,KD=3,KH=1,KW=5,s0=2,s1=1,s2=1,p0=2,p1=0,p2=1,d0=1,d1=1,d2=2,type_kernel=f32)

  CONV_3D(N=1,IC=1,ID=18,IH=22,IW=20,OC=4,KD=3,KH=3,KW=3,s0=2,s1=2,s2=2,p0=0,p1=0,p2=0,d0=2,d1=2,d2=2,type_kernel=f32)

  CONV_3D(N=1,IC=1,ID=18,IH=22,IW=20,OC=4,KD=3,KH=1,KW=5,s0=2,s1=1,s2=1,p0=2,p1=0,p2=1,d0=1,d1=1,d2=2,type_kernel=f32)

  CONV_3D(N=1,IC=1,ID=18,IH=22,IW=20,OC=4,KD=3,KH=3,KW=3,s0=2,s1=2,s2=2,p0=1,p1=1,p2=1,d0=1,d1=1,d2=1,type_kernel=f32)

  CONV_3D(N=1,IC=1,ID=18,IH=22,IW=20,OC=4,KD=3,KH=1,KW=5,s0=2,s1=1,s2=1,p0=2,p1=0,p2=1,d0=1,d1=1,d2=2,type_kernel=f32)

  CONV_3D(N=1,IC=1,ID=18,IH=22,IW=20,OC=4,KD=3,KH=3,KW=3,s0=2,s1=2,s2=2,p0=1,p1=1,p2=1,d0=2,d1=2,d2=2,type_kernel=f32)

  CONV_3D(N=1,IC=1,ID=18,IH=22,IW=20,OC=4,KD=3,KH=1,KW=5,s0=2,s1=1,s2=1,p0=2,p1=0,p2=1,d0=1,d1=1,d2=2,type_kernel=f32)

  CONV_3D(N=1,IC=3,ID=18,IH=22,IW=20,OC=1,KD=3,KH=3,KW=3,s0=1,s1=1,s2=1,p0=0,p1=0,p2=0,d0=1,d1=1,d2=1,type_kernel=f32)

  CONV_3D(N=1,IC=3,ID=18,IH=22,IW=20,OC=1,KD=3,KH=1,KW=5,s0=2,s1=1,s2=1,p0=2,p1=0,p2=1,d0=1,d1=1,d2=2,type_kernel=f32)

  CONV_3D(N=1,IC=3,ID=18,IH=22,IW=20,OC=1,KD=3,KH=3,KW=3,s0=1,s1=1,s2=1,p0=0,p1=0,p2=0,d0=2,d1=2,d2=2,type_kernel=f32)

  CONV_3D(N=1,IC=3,ID=18,IH=22,IW=20,OC=1,KD=3,KH=1,KW=5,s0=2,s1=1,s2=1,p0=2,p1=0,p2=1,d0=1,d1=1,d2=2,type_kernel=f32)

  CONV_3D(N=1,IC=3,ID=18,IH=22,IW=20,OC=1,KD=3,KH=3,KW=3,s0=1,s1=1,s2=1,p0=1,p1=1,p2=1,d0=1,d1=1,d2=1,type_kernel=f32)

  CONV_3D(N=1,IC=3,ID=18,IH=22,IW=20,OC=1,KD=3,KH=1,KW=5,s0=2,s1=1,s2=1,p0=2,p1=0,p2=1,d0=1,d1=1,d2=2,type_kernel=f32)

  CONV_3D(N=1,IC=3,ID=18,IH=22,IW=20,OC=1,KD=3,KH=3,KW=3,s0=1,s1=1,s2=1,p0=1,p1=1,p2=1,d0=2,d1=2,d2=2,type_kernel=f32)

  CONV_3D(N=1,IC=3,ID=18,IH=22,IW=20,OC=1,KD=3,KH=1,KW=5,s0=2,s1=1,s2=1,p0=2,p1=0,p2=1,d0=1,d1=1,d2=2,type_kernel=f32)

  CONV_3D(N=1,IC=3,ID=18,IH=22,IW=20,OC=1,KD=3,KH=3,KW=3,s0=2,s1=2,s2=2,p0=0,p1=0,p2=0,d0=1,d1=1,d2=1,type_kernel=f32)

  CONV_3D(N=1,IC=3,ID=18,IH=22,IW=20,OC=1,KD=3,KH=1,KW=5,s0=2,s1=1,s2=1,p0=2,p1=0,p2=1,d0=1,d1=1,d2=2,type_kernel=f32)

  CONV_3D(N=1,IC=3,ID=18,IH=22,IW=20,OC=1,KD=3,KH=3,KW=3,s0=2,s1=2,s2=2,p0=0,p1=0,p2=0,d0=2,d1=2,d2=2,type_kernel=f32)

  CONV_3D(N=1,IC=3,ID=18,IH=22,IW=20,OC=1,KD=3,KH=1,KW=5,s0=2,s1=1,s2=1,p0=2,p1=0,p2=1,d0=1,d1=1,d2=2,type_kernel=f32)

  CONV_3D(N=1,IC=3,ID=18,IH=22,IW=20,OC=1,KD=3,KH=3,KW=3,s0=2,s1=2,s2=2,p0=1,p1=1,p2=1,d0=1,d1=1,d2=1,type_kernel=f32)

  CONV_3D(N=1,IC=3,ID=18,IH=22,IW=20,OC=1,KD=3,KH=1,KW=5,s0=2,s1=1,s2=1,p0=2,p1=0,p2=1,d0=1,d1=1,d2=2,type_kernel=f32)

  CONV_3D(N=1,IC=3,ID=18,IH=22,IW=20,OC=1,KD=3,KH=3,KW=3,s0=2,s1=2,s2=2,p0=1,p1=1,p2=1,d0=2,d1=2,d2=2,type_kernel=f32)

  CONV_3D(N=1,IC=3,ID=18,IH=22,IW=20,OC=1,KD=3,KH=1,KW=5,s0=2,s1=1,s2=1,p0=2,p1=0,p2=1,d0=1,d1=1,d2=2,type_kernel=f32)

  CONV_3D(N=1,IC=3,ID=18,IH=22,IW=20,OC=4,KD=3,KH=3,KW=3,s0=1,s1=1,s2=1,p0=0,p1=0,p2=0,d0=1,d1=1,d2=1,type_kernel=f32)

  CONV_3D(N=1,IC=3,ID=18,IH=22,IW=20,OC=4,KD=3,KH=1,KW=5,s0=2,s1=1,s2=1,p0=2,p1=0,p2=1,d0=1,d1=1,d2=2,type_kernel=f32)

  CONV_3D(N=1,IC=3,ID=18,IH=22,IW=20,OC=4,KD=3,KH=3,KW=3,s0=1,s1=1,s2=1,p0=0,p1=0,p2=0,d0=2,d1=2,d2=2,type_kernel=f32)

  CONV_3D(N=1,IC=3,ID=18,IH=22,IW=20,OC=4,KD=3,KH=1,KW=5,s0=2,s1=1,s2=1,p0=2,p1=0,p2=1,d0=1,d1=1,d2=2,type_kernel=f32)

  CONV_3D(N=1,IC=3,ID=18,IH=22,IW=20,OC=4,KD=3,KH=3,KW=3,s0=1,s1=1,s2=1,p0=1,p1=1,p2=1,d0=1,d1=1,d2=1,type_kernel=f32)

  CONV_3D(N=1,IC=3,ID=18,IH=22,IW=20,OC=4,KD=3,KH=1,KW=5,s0=2,s1=1,s2=1,p0=2,p1=0,p2=1,d0=1,d1=1,d2=2,type_kernel=f32)

  CONV_3D(N=1,IC=3,ID=18,IH=22,IW=20,OC=4,KD=3,KH=3,KW=3,s0=1,s1=1,s2=1,p0=1,p1=1,p2=1,d0=2,d1=2,d2=2,type_kernel=f32)

  CONV_3D(N=1,IC=3,ID=18,IH=22,IW=20,OC=4,KD=3,KH=1,KW=5,s0=2,s1=1,s2=1,p0=2,p1=0,p2=1,d0=1,d1=1,d2=2,type_kernel=f32)

  CONV_3D(N=1,IC=3,ID=18,IH=22,IW=20,OC=4,KD=3,KH=3,KW=3,s0=2,s1=2,s2=2,p0=0,p1=0,p2=0,d0=1,d1=1,d2=1,type_kernel=f32)

  CONV_3D(N=1,IC=3,ID=18,IH=22,IW=20,OC=4,KD=3,KH=1,KW=5,s0=2,s1=1,s2=1,p0=2,p1=0,p2=1,d0=1,d1=1,d2=2,type_kernel=f32)

  CONV_3D(N=1,IC=3,ID=18,IH=22,IW=20,OC=4,KD=3,KH=3,KW=3,s0=2,s1=2,s2=2,p0=0,p1=0,p2=0,d0=2,d1=2,d2=2,type_kernel=f32)

  CONV_3D(N=1,IC=3,ID=18,IH=22,IW=20,OC=4,KD=3,KH=1,KW=5,s0=2,s1=1,s2=1,p0=2,p1=0,p2=1,d0=1,d1=1,d2=2,type_kernel=f32)

  CONV_3D(N=1,IC=3,ID=18,IH=22,IW=20,OC=4,KD=3,KH=3,KW=3,s0=2,s1=2,s2=2,p0=1,p1=1,p2=1,d0=1,d1=1,d2=1,type_kernel=f32)

  CONV_3D(N=1,IC=3,ID=18,IH=22,IW=20,OC=4,KD=3,KH=1,KW=5,s0=2,s1=1,s2=1,p0=2,p1=0,p2=1,d0=1,d1=1,d2=2,type_kernel=f32)

  CONV_3D(N=1,IC=3,ID=18,IH=22,IW=20,OC=4,KD=3,KH=3,KW=3,s0=2,s1=2,s2=2,p0=1,p1=1,p2=1,d0=2,d1=2,d2=2,type_kernel=f32)

  CONV_3D(N=1,IC=3,ID=18,IH=22,IW=20,OC=4,KD=3,KH=1,KW=5,s0=2,s1=1,s2=1,p0=2,p1=0,p2=1,d0=1,d1=1,d2=2,type_kernel=f32)

  CONV_3D(N=2,IC=1,ID=18,IH=22,IW=20,OC=1,KD=3,KH=3,KW=3,s0=1,s1=1,s2=1,p0=0,p1=0,p2=0,d0=1,d1=1,d2=1,type_kernel=f32)

  CONV_3D(N=2,IC=1,ID=18,IH=22,IW=20,OC=1,KD=3,KH=1,KW=5,s0=2,s1=1,s2=1,p0=2,p1=0,p2=1,d0=1,d1=1,d2=2,type_kernel=f32)

  CONV_3D(N=2,IC=1,ID=18,IH=22,IW=20,OC=1,KD=3,KH=3,KW=3,s0=1,s1=1,s2=1,p0=0,p1=0,p2=0,d0=2,d1=2,d2=2,type_kernel=f32)

  CONV_3D(N=2,IC=1,ID=18,IH=22,IW=20,OC=1,KD=3,KH=1,KW=5,s0=2,s1=1,s2=1,p0=2,p1=0,p2=1,d0=1,d1=1,d2=2,type_kernel=f32)

  CONV_3D(N=2,IC=1,ID=18,IH=22,IW=20,OC=1,KD=3,KH=3,KW=3,s0=1,s1=1,s2=1,p0=1,p1=1,p2=1,d0=1,d1=1,d2=1,type_kernel=f32)

  CONV_3D(N=2,IC=1,ID=18,IH=22,IW=20,OC=1,KD=3,KH=1,KW=5,s0=2,s1=1,s2=1,p0=2,p1=0,p2=1,d0=1,d1=1,d2=2,type_kernel=f32)

  CONV_3D(N=2,IC=1,ID=18,IH=22,IW=20,OC=1,KD=3,KH=3,KW=3,s0=1,s1=1,s2=1,p0=1,p1=1,p2=1,d0=2,d1=2,d2=2,type_kernel=f32)

  CONV_3D(N=2,IC=1,ID=18,IH=22,IW=20,OC=1,KD=3,KH=1,KW=5,s0=2,s1=1,s2=1,p0=2,p1=0,p2=1,d0=1,d1=1,d2=2,type_kernel=f32)

  CONV_3D(N=2,IC=1,ID=18,IH=22,IW=20,OC=1,KD=3,KH=3,KW=3,s0=2,s1=2,s2=2,p0=0,p1=0,p2=0,d0=1,d1=1,d2=1,type_kernel=f32)

  CONV_3D(N=2,IC=1,ID=18,IH=22,IW=20,OC=1,KD=3,KH=1,KW=5,s0=2,s1=1,s2=1,p0=2,p1=0,p2=1,d0=1,d1=1,d2=2,type_kernel=f32)

  CONV_3D(N=2,IC=1,ID=18,IH=22,IW=20,OC=1,KD=3,KH=3,KW=3,s0=2,s1=2,s2=2,p0=0,p1=0,p2=0,d0=2,d1=2,d2=2,type_kernel=f32)

  CONV_3D(N=2,IC=1,ID=18,IH=22,IW=20,OC=1,KD=3,KH=1,KW=5,s0=2,s1=1,s2=1,p0=2,p1=0,p2=1,d0=1,d1=1,d2=2,type_kernel=f32)

  CONV_3D(N=2,IC=1,ID=18,IH=22,IW=20,OC=1,KD=3,KH=3,KW=3,s0=2,s1=2,s2=2,p0=1,p1=1,p2=1,d0=1,d1=1,d2=1,type_kernel=f32)

  CONV_3D(N=2,IC=1,ID=18,IH=22,IW=20,OC=1,KD=3,KH=1,KW=5,s0=2,s1=1,s2=1,p0=2,p1=0,p2=1,d0=1,d1=1,d2=2,type_kernel=f32)

  CONV_3D(N=2,IC=1,ID=18,IH=22,IW=20,OC=1,KD=3,KH=3,KW=3,s0=2,s1=2,s2=2,p0=1,p1=1,p2=1,d0=2,d1=2,d2=2,type_kernel=f32)

  CONV_3D(N=2,IC=1,ID=18,IH=22,IW=20,OC=1,KD=3,KH=1,KW=5,s0=2,s1=1,s2=1,p0=2,p1=0,p2=1,d0=1,d1=1,d2=2,type_kernel=f32)

  CONV_3D(N=2,IC=1,ID=18,IH=22,IW=20,OC=4,KD=3,KH=3,KW=3,s0=1,s1=1,s2=1,p0=0,p1=0,p2=0,d0=1,d1=1,d2=1,type_kernel=f32)

  CONV_3D(N=2,IC=1,ID=18,IH=22,IW=20,OC=4,KD=3,KH=1,KW=5,s0=2,s1=1,s2=1,p0=2,p1=0,p2=1,d0=1,d1=1,d2=2,type_kernel=f32)

  CONV_3D(N=2,IC=1,ID=18,IH=22,IW=20,OC=4,KD=3,KH=3,KW=3,s0=1,s1=1,s2=1,p0=0,p1=0,p2=0,d0=2,d1=2,d2=2,type_kernel=f32)

  CONV_3D(N=2,IC=1,ID=18,IH=22,IW=20,OC=4,KD=3,KH=1,KW=5,s0=2,s1=1,s2=1,p0=2,p1=0,p2=1,d0=1,d1=1,d2=2,type_kernel=f32)

  CONV_3D(N=2,IC=1,ID=18,IH=22,IW=20,OC=4,KD=3,KH=3,KW=3,s0=1,s1=1,s2=1,p0=1,p1=1,p2=1,d0=1,d1=1,d2=1,type_kernel=f32)

  CONV_3D(N=2,IC=1,ID=18,IH=22,IW=20,OC=4,KD=3,KH=1,KW=5,s0=2,s1=1,s2=1,p0=2,p1=0,p2=1,d0=1,d1=1,d2=2,type_kernel=f32)

  CONV_3D(N=2,IC=1,ID=18,IH=22,IW=20,OC=4,KD=3,KH=3,KW=3,s0=1,s1=1,s2=1,p0=1,p1=1,p2=1,d0=2,d1=2,d2=2,type_kernel=f32)

  CONV_3D(N=2,IC=1,ID=18,IH=22,IW=20,OC=4,KD=3,KH=1,KW=5,s0=2,s1=1,s2=1,p0=2,p1=0,p2=1,d0=1,d1=1,d2=2,type_kernel=f32)

  CONV_3D(N=2,IC=1,ID=18,IH=22,IW=20,OC=4,KD=3,KH=3,KW=3,s0=2,s1=2,s2=2,p0=0,p1=0,p2=0,d0=1,d1=1,d2=1,type_kernel=f32)

  CONV_3D(N=2,IC=1,ID=18,IH=22,IW=20,OC=4,KD=3,KH=1,KW=5,s0=2,s1=1,s2=1,p0=2,p1=0,p2=1,d0=1,d1=1,d2=2,type_kernel=f32)

  CONV_3D(N=2,IC=1,ID=18,IH=22,IW=20,OC=4,KD=3,KH=3,KW=3,s0=2,s1=2,s2=2,p0=0,p1=0,p2=0,d0=2,d1=2,d2=2,type_kernel=f32)

  CONV_3D(N=2,IC=1,ID=18,IH=22,IW=20,OC=4,KD=3,KH=1,KW=5,s0=2,s1=1,s2=1,p0=2,p1=0,p2=1,d0=1,d1=1,d2=2,type_kernel=f32)

  CONV_3D(N=2,IC=1,ID=18,IH=22,IW=20,OC=4,KD=3,KH=3,KW=3,s0=2,s1=2,s2=2,p0=1,p1=1,p2=1,d0=1,d1=1,d2=1,type_kernel=f32)

  CONV_3D(N=2,IC=1,ID=18,IH=22,IW=20,OC=4,KD=3,KH=1,KW=5,s0=2,s1=1,s2=1,p0=2,p1=0,p2=1,d0=1,d1=1,d2=2,type_kernel=f32)

  CONV_3D(N=2,IC=1,ID=18,IH=22,IW=20,OC=4,KD=3,KH=3,KW=3,s0=2,s1=2,s2=2,p0=1,p1=1,p2=1,d0=2,d1=2,d2=2,type_kernel=f32)

  CONV_3D(N=2,IC=1,ID=18,IH=22,IW=20,OC=4,KD=3,KH=1,KW=5,s0=2,s1=1,s2=1,p0=2,p1=0,p2=1,d0=1,d1=1,d2=2,type_kernel=f32)

  CONV_3D(N=2,IC=3,ID=18,IH=22,IW=20,OC=1,KD=3,KH=3,KW=3,s0=1,s1=1,s2=1,p0=0,p1=0,p2=0,d0=1,d1=1,d2=1,type_kernel=f32)

  CONV_3D(N=2,IC=3,ID=18,IH=22,IW=20,OC=1,KD=3,KH=1,KW=5,s0=2,s1=1,s2=1,p0=2,p1=0,p2=1,d0=1,d1=1,d2=2,type_kernel=f32)

  CONV_3D(N=2,IC=3,ID=18,IH=22,IW=20,OC=1,KD=3,KH=3,KW=3,s0=1,s1=1,s2=1,p0=0,p1=0,p2=0,d0=2,d1=2,d2=2,type_kernel=f32)

  CONV_3D(N=2,IC=3,ID=18,IH=22,IW=20,OC=1,KD=3,KH=1,KW=5,s0=2,s1=1,s2=1,p0=2,p1=0,p2=1,d0=1,d1=1,d2=2,type_kernel=f32)

  CONV_3D(N=2,IC=3,ID=18,IH=22,IW=20,OC=1,KD=3,KH=3,KW=3,s0=1,s1=1,s2=1,p0=1,p1=1,p2=1,d0=1,d1=1,d2=1,type_kernel=f32)

  CONV_3D(N=2,IC=3,ID=18,IH=22,IW=20,OC=1,KD=3,KH=1,KW=5,s0=2,s1=1,s2=1,p0=2,p1=0,p2=1,d0=1,d1=1,d2=2,type_kernel=f32)

  CONV_3D(N=2,IC=3,ID=18,IH=22,IW=20,OC=1,KD=3,KH=3,KW=3,s0=1,s1=1,s2=1,p0=1,p1=1,p2=1,d0=2,d1=2,d2=2,type_kernel=f32)

  CONV_3D(N=2,IC=3,ID=18,IH=22,IW=20,OC=1,KD=3,KH=1,KW=5,s0=2,s1=1,s2=1,p0=2,p1=0,p2=1,d0=1,d1=1,d2=2,type_kernel=f32)

  CONV_3D(N=2,IC=3,ID=18,IH=22,IW=20,OC=1,KD=3,KH=3,KW=3,s0=2,s1=2,s2=2,p0=0,p1=0,p2=0,d0=1,d1=1,d2=1,type_kernel=f32)

  CONV_3D(N=2,IC=3,ID=18,IH=22,IW=20,OC=1,KD=3,KH=1,KW=5,s0=2,s1=1,s2=1,p0=2,p1=0,p2=1,d0=1,d1=1,d2=2,type_kernel=f32)

  CONV_3D(N=2,IC=3,ID=18,IH=22,IW=20,OC=1,KD=3,KH=3,KW=3,s0=2,s1=2,s2=2,p0=0,p1=0,p2=0,d0=2,d1=2,d2=2,type_kernel=f32)

  CONV_3D(N=2,IC=3,ID=18,IH=22,IW=20,OC=1,KD=3,KH=1,KW=5,s0=2,s1=1,s2=1,p0=2,p1=0,p2=1,d0=1,d1=1,d2=2,type_kernel=f32)

  CONV_3D(N=2,IC=3,ID=18,IH=22,IW=20,OC=1,KD=3,KH=3,KW=3,s0=2,s1=2,s2=2,p0=1,p1=1,p2=1,d0=1,d1=1,d2=1,type_kernel=f32)

  CONV_3D(N=2,IC=3,ID=18,IH=22,IW=20,OC=1,KD=3,KH=1,KW=5,s0=2,s1=1,s2=1,p0=2,p1=0,p2=1,d0=1,d1=1,d2=2,type_kernel=f32)

  CONV_3D(N=2,IC=3,ID=18,IH=22,IW=20,OC=1,KD=3,KH=3,KW=3,s0=2,s1=2,s2=2,p0=1,p1=1,p2=1,d0=2,d1=2,d2=2,type_kernel=f32)

  CONV_3D(N=2,IC=3,ID=18,IH=22,IW=20,OC=1,KD=3,KH=1,KW=5,s0=2,s1=1,s2=1,p0=2,p1=0,p2=1,d0=1,d1=1,d2=2,type_kernel=f32)

  CONV_3D(N=2,IC=3,ID=18,IH=22,IW=20,OC=4,KD=3,KH=3,KW=3,s0=1,s1=1,s2=1,p0=0,p1=0,p2=0,d0=1,d1=1,d2=1,type_kernel=f32)

  CONV_3D(N=2,IC=3,ID=18,IH=22,IW=20,OC=4,KD=3,KH=1,KW=5,s0=2,s1=1,s2=1,p0=2,p1=0,p2=1,d0=1,d1=1,d2=2,type_kernel=f32)

  CONV_3D(N=2,IC=3,ID=18,IH=22,IW=20,OC=4,KD=3,KH=3,KW=3,s0=1,s1=1,s2=1,p0=0,p1=0,p2=0,d0=2,d1=2,d2=2,type_kernel=f32)

  CONV_3D(N=2,IC=3,ID=18,IH=22,IW=20,OC=4,KD=3,KH=1,KW=5,s0=2,s1=1,s2=1,p0=2,p1=0,p2=1,d0=1,d1=1,d2=2,type_kernel=f32)

  CONV_3D(N=2,IC=3,ID=18,IH=22,IW=20,OC=4,KD=3,KH=3,KW=3,s0=1,s1=1,s2=1,p0=1,p1=1,p2=1,d0=1,d1=1,d2=1,type_kernel=f32)

  CONV_3D(N=2,IC=3,ID=18,IH=22,IW=20,OC=4,KD=3,KH=1,KW=5,s0=2,s1=1,s2=1,p0=2,p1=0,p2=1,d0=1,d1=1,d2=2,type_kernel=f32)

  CONV_3D(N=2,IC=3,ID=18,IH=22,IW=20,OC=4,KD=3,KH=3,KW=3,s0=1,s1=1,s2=1,p0=1,p1=1,p2=1,d0=2,d1=2,d2=2,type_kernel=f32)

  CONV_3D(N=2,IC=3,ID=18,IH=22,IW=20,OC=4,KD=3,KH=1,KW=5,s0=2,s1=1,s2=1,p0=2,p1=0,p2=1,d0=1,d1=1,d2=2,type_kernel=f32)

  CONV_3D(N=2,IC=3,ID=18,IH=22,IW=20,OC=4,KD=3,KH=3,KW=3,s0=2,s1=2,s2=2,p0=0,p1=0,p2=0,d0=1,d1=1,d2=1,type_kernel=f32)

  CONV_3D(N=2,IC=3,ID=18,IH=22,IW=20,OC=4,KD=3,KH=1,KW=5,s0=2,s1=1,s2=1,p0=2,p1=0,p2=1,d0=1,d1=1,d2=2,type_kernel=f32)

  CONV_3D(N=2,IC=3,ID=18,IH=22,IW=20,OC=4,KD=3,KH=3,KW=3,s0=2,s1=2,s2=2,p0=0,p1=0,p2=0,d0=2,d1=2,d2=2,type_kernel=f32)

  CONV_3D(N=2,IC=3,ID=18,IH=22,IW=20,OC=4,KD=3,KH=1,KW=5,s0=2,s1=1,s2=1,p0=2,p1=0,p2=1,d0=1,d1=1,d2=2,type_kernel=f32)

  CONV_3D(N=2,IC=3,ID=18,IH=22,IW=20,OC=4,KD=3,KH=3,KW=3,s0=2,s1=2,s2=2,p0=1,p1=1,p2=1,d0=1,d1=1,d2=1,type_kernel=f32)

  CONV_3D(N=2,IC=3,ID=18,IH=22,IW=20,OC=4,KD=3,KH=1,KW=5,s0=2,s1=1,s2=1,p0=2,p1=0,p2=1,d0=1,d1=1,d2=2,type_kernel=f32)

  CONV_3D(N=2,IC=3,ID=18,IH=22,IW=20,OC=4,KD=3,KH=3,KW=3,s0=2,s1=2,s2=2,p0=1,p1=1,p2=1,d0=2,d1=2,d2=2,type_kernel=f32)

  CONV_3D(N=2,IC=3,ID=18,IH=22,IW=20,OC=4,KD=3,KH=1,KW=5,s0=2,s1=1,s2=1,p0=2,p1=0,p2=1,d0=1,d1=1,d2=2,type_kernel=f32)

  CONV_3D(N=1,IC=4,ID=8,IH=8,IW=8,OC=8,KD=1,KH=1,KW=1,s0=1,s1=1,s2=1,p0=0,p1=0,p2=0,d0=1,d1=1,d2=1,type_kernel=f32)

  CONV_3D(N=1,IC=1,ID=18,IH=22,IW=20,OC=1,KD=3,KH=3,KW=3,s0=1,s1=1,s2=1,p0=0,p1=0,p2=0,d0=1,d1=1,d2=1,type_kernel=f16)

  CONV_3D(N=1,IC=1,ID=18,IH=22,IW=20,OC=1,KD=3,KH=1,KW=5,s0=2,s1=1,s2=1,p0=2,p1=0,p2=1,d0=1,d1=1,d2=2,type_kernel=f16)

  CONV_3D(N=1,IC=1,ID=18,IH=22,IW=20,OC=1,KD=3,KH=3,KW=3,s0=1,s1=1,s2=1,p0=0,p1=0,p2=0,d0=2,d1=2,d2=2,type_kernel=f16)

  CONV_3D(N=1,IC=1,ID=18,IH=22,IW=20,OC=1,KD=3,KH=1,KW=5,s0=2,s1=1,s2=1,p0=2,p1=0,p2=1,d0=1,d1=1,d2=2,type_kernel=f16)

  CONV_3D(N=1,IC=1,ID=18,IH=22,IW=20,OC=1,KD=3,KH=3,KW=3,s0=1,s1=1,s2=1,p0=1,p1=1,p2=1,d0=1,d1=1,d2=1,type_kernel=f16)

  CONV_3D(N=1,IC=1,ID=18,IH=22,IW=20,OC=1,KD=3,KH=1,KW=5,s0=2,s1=1,s2=1,p0=2,p1=0,p2=1,d0=1,d1=1,d2=2,type_kernel=f16)

  CONV_3D(N=1,IC=1,ID=18,IH=22,IW=20,OC=1,KD=3,KH=3,KW=3,s0=1,s1=1,s2=1,p0=1,p1=1,p2=1,d0=2,d1=2,d2=2,type_kernel=f16)

  CONV_3D(N=1,IC=1,ID=18,IH=22,IW=20,OC=1,KD=3,KH=1,KW=5,s0=2,s1=1,s2=1,p0=2,p1=0,p2=1,d0=1,d1=1,d2=2,type_kernel=f16)

  CONV_3D(N=1,IC=1,ID=18,IH=22,IW=20,OC=1,KD=3,KH=3,KW=3,s0=2,s1=2,s2=2,p0=0,p1=0,p2=0,d0=1,d1=1,d2=1,type_kernel=f16)

  CONV_3D(N=1,IC=1,ID=18,IH=22,IW=20,OC=1,KD=3,KH=1,KW=5,s0=2,s1=1,s2=1,p0=2,p1=0,p2=1,d0=1,d1=1,d2=2,type_kernel=f16)

  CONV_3D(N=1,IC=1,ID=18,IH=22,IW=20,OC=1,KD=3,KH=3,KW=3,s0=2,s1=2,s2=2,p0=0,p1=0,p2=0,d0=2,d1=2,d2=2,type_kernel=f16)

  CONV_3D(N=1,IC=1,ID=18,IH=22,IW=20,OC=1,KD=3,KH=1,KW=5,s0=2,s1=1,s2=1,p0=2,p1=0,p2=1,d0=1,d1=1,d2=2,type_kernel=f16)

  CONV_3D(N=1,IC=1,ID=18,IH=22,IW=20,OC=1,KD=3,KH=3,KW=3,s0=2,s1=2,s2=2,p0=1,p1=1,p2=1,d0=1,d1=1,d2=1,type_kernel=f16)

  CONV_3D(N=1,IC=1,ID=18,IH=22,IW=20,OC=1,KD=3,KH=1,KW=5,s0=2,s1=1,s2=1,p0=2,p1=0,p2=1,d0=1,d1=1,d2=2,type_kernel=f16)

  CONV_3D(N=1,IC=1,ID=18,IH=22,IW=20,OC=1,KD=3,KH=3,KW=3,s0=2,s1=2,s2=2,p0=1,p1=1,p2=1,d0=2,d1=2,d2=2,type_kernel=f16)

  CONV_3D(N=1,IC=1,ID=18,IH=22,IW=20,OC=1,KD=3,KH=1,KW=5,s0=2,s1=1,s2=1,p0=2,p1=0,p2=1,d0=1,d1=1,d2=2,type_kernel=f16)

  CONV_3D(N=1,IC=1,ID=18,IH=22,IW=20,OC=4,KD=3,KH=3,KW=3,s0=1,s1=1,s2=1,p0=0,p1=0,p2=0,d0=1,d1=1,d2=1,type_kernel=f16)

  CONV_3D(N=1,IC=1,ID=18,IH=22,IW=20,OC=4,KD=3,KH=1,KW=5,s0=2,s1=1,s2=1,p0=2,p1=0,p2=1,d0=1,d1=1,d2=2,type_kernel=f16)

  CONV_3D(N=1,IC=1,ID=18,IH=22,IW=20,OC=4,KD=3,KH=3,KW=3,s0=1,s1=1,s2=1,p0=0,p1=0,p2=0,d0=2,d1=2,d2=2,type_kernel=f16)

  CONV_3D(N=1,IC=1,ID=18,IH=22,IW=20,OC=4,KD=3,KH=1,KW=5,s0=2,s1=1,s2=1,p0=2,p1=0,p2=1,d0=1,d1=1,d2=2,type_kernel=f16)

  CONV_3D(N=1,IC=1,ID=18,IH=22,IW=20,OC=4,KD=3,KH=3,KW=3,s0=1,s1=1,s2=1,p0=1,p1=1,p2=1,d0=1,d1=1,d2=1,type_kernel=f16)

  CONV_3D(N=1,IC=1,ID=18,IH=22,IW=20,OC=4,KD=3,KH=1,KW=5,s0=2,s1=1,s2=1,p0=2,p1=0,p2=1,d0=1,d1=1,d2=2,type_kernel=f16)

  CONV_3D(N=1,IC=1,ID=18,IH=22,IW=20,OC=4,KD=3,KH=3,KW=3,s0=1,s1=1,s2=1,p0=1,p1=1,p2=1,d0=2,d1=2,d2=2,type_kernel=f16)

  CONV_3D(N=1,IC=1,ID=18,IH=22,IW=20,OC=4,KD=3,KH=1,KW=5,s0=2,s1=1,s2=1,p0=2,p1=0,p2=1,d0=1,d1=1,d2=2,type_kernel=f16)

  CONV_3D(N=1,IC=1,ID=18,IH=22,IW=20,OC=4,KD=3,KH=3,KW=3,s0=2,s1=2,s2=2,p0=0,p1=0,p2=0,d0=1,d1=1,d2=1,type_kernel=f16)

  CONV_3D(N=1,IC=1,ID=18,IH=22,IW=20,OC=4,KD=3,KH=1,KW=5,s0=2,s1=1,s2=1,p0=2,p1=0,p2=1,d0=1,d1=1,d2=2,type_kernel=f16)

  CONV_3D(N=1,IC=1,ID=18,IH=22,IW=20,OC=4,KD=3,KH=3,KW=3,s0=2,s1=2,s2=2,p0=0,p1=0,p2=0,d0=2,d1=2,d2=2,type_kernel=f16)

  CONV_3D(N=1,IC=1,ID=18,IH=22,IW=20,OC=4,KD=3,KH=1,KW=5,s0=2,s1=1,s2=1,p0=2,p1=0,p2=1,d0=1,d1=1,d2=2,type_kernel=f16)

  CONV_3D(N=1,IC=1,ID=18,IH=22,IW=20,OC=4,KD=3,KH=3,KW=3,s0=2,s1=2,s2=2,p0=1,p1=1,p2=1,d0=1,d1=1,d2=1,type_kernel=f16)

  CONV_3D(N=1,IC=1,ID=18,IH=22,IW=20,OC=4,KD=3,KH=1,KW=5,s0=2,s1=1,s2=1,p0=2,p1=0,p2=1,d0=1,d1=1,d2=2,type_kernel=f16)

  CONV_3D(N=1,IC=1,ID=18,IH=22,IW=20,OC=4,KD=3,KH=3,KW=3,s0=2,s1=2,s2=2,p0=1,p1=1,p2=1,d0=2,d1=2,d2=2,type_kernel=f16)

  CONV_3D(N=1,IC=1,ID=18,IH=22,IW=20,OC=4,KD=3,KH=1,KW=5,s0=2,s1=1,s2=1,p0=2,p1=0,p2=1,d0=1,d1=1,d2=2,type_kernel=f16)

  CONV_3D(N=1,IC=3,ID=18,IH=22,IW=20,OC=1,KD=3,KH=3,KW=3,s0=1,s1=1,s2=1,p0=0,p1=0,p2=0,d0=1,d1=1,d2=1,type_kernel=f16)

  CONV_3D(N=1,IC=3,ID=18,IH=22,IW=20,OC=1,KD=3,KH=1,KW=5,s0=2,s1=1,s2=1,p0=2,p1=0,p2=1,d0=1,d1=1,d2=2,type_kernel=f16)

  CONV_3D(N=1,IC=3,ID=18,IH=22,IW=20,OC=1,KD=3,KH=3,KW=3,s0=1,s1=1,s2=1,p0=0,p1=0,p2=0,d0=2,d1=2,d2=2,type_kernel=f16)

  CONV_3D(N=1,IC=3,ID=18,IH=22,IW=20,OC=1,KD=3,KH=1,KW=5,s0=2,s1=1,s2=1,p0=2,p1=0,p2=1,d0=1,d1=1,d2=2,type_kernel=f16)

  CONV_3D(N=1,IC=3,ID=18,IH=22,IW=20,OC=1,KD=3,KH=3,KW=3,s0=1,s1=1,s2=1,p0=1,p1=1,p2=1,d0=1,d1=1,d2=1,type_kernel=f16)

  CONV_3D(N=1,IC=3,ID=18,IH=22,IW=20,OC=1,KD=3,KH=1,KW=5,s0=2,s1=1,s2=1,p0=2,p1=0,p2=1,d0=1,d1=1,d2=2,type_kernel=f16)

  CONV_3D(N=1,IC=3,ID=18,IH=22,IW=20,OC=1,KD=3,KH=3,KW=3,s0=1,s1=1,s2=1,p0=1,p1=1,p2=1,d0=2,d1=2,d2=2,type_kernel=f16)

  CONV_3D(N=1,IC=3,ID=18,IH=22,IW=20,OC=1,KD=3,KH=1,KW=5,s0=2,s1=1,s2=1,p0=2,p1=0,p2=1,d0=1,d1=1,d2=2,type_kernel=f16)

  CONV_3D(N=1,IC=3,ID=18,IH=22,IW=20,OC=1,KD=3,KH=3,KW=3,s0=2,s1=2,s2=2,p0=0,p1=0,p2=0,d0=1,d1=1,d2=1,type_kernel=f16)

  CONV_3D(N=1,IC=3,ID=18,IH=22,IW=20,OC=1,KD=3,KH=1,KW=5,s0=2,s1=1,s2=1,p0=2,p1=0,p2=1,d0=1,d1=1,d2=2,type_kernel=f16)

  CONV_3D(N=1,IC=3,ID=18,IH=22,IW=20,OC=1,KD=3,KH=3,KW=3,s0=2,s1=2,s2=2,p0=0,p1=0,p2=0,d0=2,d1=2,d2=2,type_kernel=f16)

  CONV_3D(N=1,IC=3,ID=18,IH=22,IW=20,OC=1,KD=3,KH=1,KW=5,s0=2,s1=1,s2=1,p0=2,p1=0,p2=1,d0=1,d1=1,d2=2,type_kernel=f16)

  CONV_3D(N=1,IC=3,ID=18,IH=22,IW=20,OC=1,KD=3,KH=3,KW=3,s0=2,s1=2,s2=2,p0=1,p1=1,p2=1,d0=1,d1=1,d2=1,type_kernel=f16)

  CONV_3D(N=1,IC=3,ID=18,IH=22,IW=20,OC=1,KD=3,KH=1,KW=5,s0=2,s1=1,s2=1,p0=2,p1=0,p2=1,d0=1,d1=1,d2=2,type_kernel=f16)

  CONV_3D(N=1,IC=3,ID=18,IH=22,IW=20,OC=1,KD=3,KH=3,KW=3,s0=2,s1=2,s2=2,p0=1,p1=1,p2=1,d0=2,d1=2,d2=2,type_kernel=f16)

  CONV_3D(N=1,IC=3,ID=18,IH=22,IW=20,OC=1,KD=3,KH=1,KW=5,s0=2,s1=1,s2=1,p0=2,p1=0,p2=1,d0=1,d1=1,d2=2,type_kernel=f16)

  CONV_3D(N=1,IC=3,ID=18,IH=22,IW=20,OC=4,KD=3,KH=3,KW=3,s0=1,s1=1,s2=1,p0=0,p1=0,p2=0,d0=1,d1=1,d2=1,type_kernel=f16)

  CONV_3D(N=1,IC=3,ID=18,IH=22,IW=20,OC=4,KD=3,KH=1,KW=5,s0=2,s1=1,s2=1,p0=2,p1=0,p2=1,d0=1,d1=1,d2=2,type_kernel=f16)

  CONV_3D(N=1,IC=3,ID=18,IH=22,IW=20,OC=4,KD=3,KH=3,KW=3,s0=1,s1=1,s2=1,p0=0,p1=0,p2=0,d0=2,d1=2,d2=2,type_kernel=f16)

  CONV_3D(N=1,IC=3,ID=18,IH=22,IW=20,OC=4,KD=3,KH=1,KW=5,s0=2,s1=1,s2=1,p0=2,p1=0,p2=1,d0=1,d1=1,d2=2,type_kernel=f16)

  CONV_3D(N=1,IC=3,ID=18,IH=22,IW=20,OC=4,KD=3,KH=3,KW=3,s0=1,s1=1,s2=1,p0=1,p1=1,p2=1,d0=1,d1=1,d2=1,type_kernel=f16)

  CONV_3D(N=1,IC=3,ID=18,IH=22,IW=20,OC=4,KD=3,KH=1,KW=5,s0=2,s1=1,s2=1,p0=2,p1=0,p2=1,d0=1,d1=1,d2=2,type_kernel=f16)

  CONV_3D(N=1,IC=3,ID=18,IH=22,IW=20,OC=4,KD=3,KH=3,KW=3,s0=1,s1=1,s2=1,p0=1,p1=1,p2=1,d0=2,d1=2,d2=2,type_kernel=f16)

  CONV_3D(N=1,IC=3,ID=18,IH=22,IW=20,OC=4,KD=3,KH=1,KW=5,s0=2,s1=1,s2=1,p0=2,p1=0,p2=1,d0=1,d1=1,d2=2,type_kernel=f16)

  CONV_3D(N=1,IC=3,ID=18,IH=22,IW=20,OC=4,KD=3,KH=3,KW=3,s0=2,s1=2,s2=2,p0=0,p1=0,p2=0,d0=1,d1=1,d2=1,type_kernel=f16)

  CONV_3D(N=1,IC=3,ID=18,IH=22,IW=20,OC=4,KD=3,KH=1,KW=5,s0=2,s1=1,s2=1,p0=2,p1=0,p2=1,d0=1,d1=1,d2=2,type_kernel=f16)

  CONV_3D(N=1,IC=3,ID=18,IH=22,IW=20,OC=4,KD=3,KH=3,KW=3,s0=2,s1=2,s2=2,p0=0,p1=0,p2=0,d0=2,d1=2,d2=2,type_kernel=f16)

  CONV_3D(N=1,IC=3,ID=18,IH=22,IW=20,OC=4,KD=3,KH=1,KW=5,s0=2,s1=1,s2=1,p0=2,p1=0,p2=1,d0=1,d1=1,d2=2,type_kernel=f16)

  CONV_3D(N=1,IC=3,ID=18,IH=22,IW=20,OC=4,KD=3,KH=3,KW=3,s0=2,s1=2,s2=2,p0=1,p1=1,p2=1,d0=1,d1=1,d2=1,type_kernel=f16)

  CONV_3D(N=1,IC=3,ID=18,IH=22,IW=20,OC=4,KD=3,KH=1,KW=5,s0=2,s1=1,s2=1,p0=2,p1=0,p2=1,d0=1,d1=1,d2=2,type_kernel=f16)

  CONV_3D(N=1,IC=3,ID=18,IH=22,IW=20,OC=4,KD=3,KH=3,KW=3,s0=2,s1=2,s2=2,p0=1,p1=1,p2=1,d0=2,d1=2,d2=2,type_kernel=f16)

  CONV_3D(N=1,IC=3,ID=18,IH=22,IW=20,OC=4,KD=3,KH=1,KW=5,s0=2,s1=1,s2=1,p0=2,p1=0,p2=1,d0=1,d1=1,d2=2,type_kernel=f16)

  CONV_3D(N=2,IC=1,ID=18,IH=22,IW=20,OC=1,KD=3,KH=3,KW=3,s0=1,s1=1,s2=1,p0=0,p1=0,p2=0,d0=1,d1=1,d2=1,type_kernel=f16)

  CONV_3D(N=2,IC=1,ID=18,IH=22,IW=20,OC=1,KD=3,KH=1,KW=5,s0=2,s1=1,s2=1,p0=2,p1=0,p2=1,d0=1,d1=1,d2=2,type_kernel=f16)

  CONV_3D(N=2,IC=1,ID=18,IH=22,IW=20,OC=1,KD=3,KH=3,KW=3,s0=1,s1=1,s2=1,p0=0,p1=0,p2=0,d0=2,d1=2,d2=2,type_kernel=f16)

  CONV_3D(N=2,IC=1,ID=18,IH=22,IW=20,OC=1,KD=3,KH=1,KW=5,s0=2,s1=1,s2=1,p0=2,p1=0,p2=1,d0=1,d1=1,d2=2,type_kernel=f16)

  CONV_3D(N=2,IC=1,ID=18,IH=22,IW=20,OC=1,KD=3,KH=3,KW=3,s0=1,s1=1,s2=1,p0=1,p1=1,p2=1,d0=1,d1=1,d2=1,type_kernel=f16)

  CONV_3D(N=2,IC=1,ID=18,IH=22,IW=20,OC=1,KD=3,KH=1,KW=5,s0=2,s1=1,s2=1,p0=2,p1=0,p2=1,d0=1,d1=1,d2=2,type_kernel=f16)

  CONV_3D(N=2,IC=1,ID=18,IH=22,IW=20,OC=1,KD=3,KH=3,KW=3,s0=1,s1=1,s2=1,p0=1,p1=1,p2=1,d0=2,d1=2,d2=2,type_kernel=f16)

  CONV_3D(N=2,IC=1,ID=18,IH=22,IW=20,OC=1,KD=3,KH=1,KW=5,s0=2,s1=1,s2=1,p0=2,p1=0,p2=1,d0=1,d1=1,d2=2,type_kernel=f16)

  CONV_3D(N=2,IC=1,ID=18,IH=22,IW=20,OC=1,KD=3,KH=3,KW=3,s0=2,s1=2,s2=2,p0=0,p1=0,p2=0,d0=1,d1=1,d2=1,type_kernel=f16)

  CONV_3D(N=2,IC=1,ID=18,IH=22,IW=20,OC=1,KD=3,KH=1,KW=5,s0=2,s1=1,s2=1,p0=2,p1=0,p2=1,d0=1,d1=1,d2=2,type_kernel=f16)

  CONV_3D(N=2,IC=1,ID=18,IH=22,IW=20,OC=1,KD=3,KH=3,KW=3,s0=2,s1=2,s2=2,p0=0,p1=0,p2=0,d0=2,d1=2,d2=2,type_kernel=f16)

  CONV_3D(N=2,IC=1,ID=18,IH=22,IW=20,OC=1,KD=3,KH=1,KW=5,s0=2,s1=1,s2=1,p0=2,p1=0,p2=1,d0=1,d1=1,d2=2,type_kernel=f16)

  CONV_3D(N=2,IC=1,ID=18,IH=22,IW=20,OC=1,KD=3,KH=3,KW=3,s0=2,s1=2,s2=2,p0=1,p1=1,p2=1,d0=1,d1=1,d2=1,type_kernel=f16)

  CONV_3D(N=2,IC=1,ID=18,IH=22,IW=20,OC=1,KD=3,KH=1,KW=5,s0=2,s1=1,s2=1,p0=2,p1=0,p2=1,d0=1,d1=1,d2=2,type_kernel=f16)

  CONV_3D(N=2,IC=1,ID=18,IH=22,IW=20,OC=1,KD=3,KH=3,KW=3,s0=2,s1=2,s2=2,p0=1,p1=1,p2=1,d0=2,d1=2,d2=2,type_kernel=f16)

  CONV_3D(N=2,IC=1,ID=18,IH=22,IW=20,OC=1,KD=3,KH=1,KW=5,s0=2,s1=1,s2=1,p0=2,p1=0,p2=1,d0=1,d1=1,d2=2,type_kernel=f16)

  CONV_3D(N=2,IC=1,ID=18,IH=22,IW=20,OC=4,KD=3,KH=3,KW=3,s0=1,s1=1,s2=1,p0=0,p1=0,p2=0,d0=1,d1=1,d2=1,type_kernel=f16)

  CONV_3D(N=2,IC=1,ID=18,IH=22,IW=20,OC=4,KD=3,KH=1,KW=5,s0=2,s1=1,s2=1,p0=2,p1=0,p2=1,d0=1,d1=1,d2=2,type_kernel=f16)

  CONV_3D(N=2,IC=1,ID=18,IH=22,IW=20,OC=4,KD=3,KH=3,KW=3,s0=1,s1=1,s2=1,p0=0,p1=0,p2=0,d0=2,d1=2,d2=2,type_kernel=f16)

  CONV_3D(N=2,IC=1,ID=18,IH=22,IW=20,OC=4,KD=3,KH=1,KW=5,s0=2,s1=1,s2=1,p0=2,p1=0,p2=1,d0=1,d1=1,d2=2,type_kernel=f16)

  CONV_3D(N=2,IC=1,ID=18,IH=22,IW=20,OC=4,KD=3,KH=3,KW=3,s0=1,s1=1,s2=1,p0=1,p1=1,p2=1,d0=1,d1=1,d2=1,type_kernel=f16)

  CONV_3D(N=2,IC=1,ID=18,IH=22,IW=20,OC=4,KD=3,KH=1,KW=5,s0=2,s1=1,s2=1,p0=2,p1=0,p2=1,d0=1,d1=1,d2=2,type_kernel=f16)

  CONV_3D(N=2,IC=1,ID=18,IH=22,IW=20,OC=4,KD=3,KH=3,KW=3,s0=1,s1=1,s2=1,p0=1,p1=1,p2=1,d0=2,d1=2,d2=2,type_kernel=f16)

  CONV_3D(N=2,IC=1,ID=18,IH=22,IW=20,OC=4,KD=3,KH=1,KW=5,s0=2,s1=1,s2=1,p0=2,p1=0,p2=1,d0=1,d1=1,d2=2,type_kernel=f16)

  CONV_3D(N=2,IC=1,ID=18,IH=22,IW=20,OC=4,KD=3,KH=3,KW=3,s0=2,s1=2,s2=2,p0=0,p1=0,p2=0,d0=1,d1=1,d2=1,type_kernel=f16)

  CONV_3D(N=2,IC=1,ID=18,IH=22,IW=20,OC=4,KD=3,KH=1,KW=5,s0=2,s1=1,s2=1,p0=2,p1=0,p2=1,d0=1,d1=1,d2=2,type_kernel=f16)

  CONV_3D(N=2,IC=1,ID=18,IH=22,IW=20,OC=4,KD=3,KH=3,KW=3,s0=2,s1=2,s2=2,p0=0,p1=0,p2=0,d0=2,d1=2,d2=2,type_kernel=f16)

  CONV_3D(N=2,IC=1,ID=18,IH=22,IW=20,OC=4,KD=3,KH=1,KW=5,s0=2,s1=1,s2=1,p0=2,p1=0,p2=1,d0=1,d1=1,d2=2,type_kernel=f16)

  CONV_3D(N=2,IC=1,ID=18,IH=22,IW=20,OC=4,KD=3,KH=3,KW=3,s0=2,s1=2,s2=2,p0=1,p1=1,p2=1,d0=1,d1=1,d2=1,type_kernel=f16)

  CONV_3D(N=2,IC=1,ID=18,IH=22,IW=20,OC=4,KD=3,KH=1,KW=5,s0=2,s1=1,s2=1,p0=2,p1=0,p2=1,d0=1,d1=1,d2=2,type_kernel=f16)

  CONV_3D(N=2,IC=1,ID=18,IH=22,IW=20,OC=4,KD=3,KH=3,KW=3,s0=2,s1=2,s2=2,p0=1,p1=1,p2=1,d0=2,d1=2,d2=2,type_kernel=f16)

  CONV_3D(N=2,IC=1,ID=18,IH=22,IW=20,OC=4,KD=3,KH=1,KW=5,s0=2,s1=1,s2=1,p0=2,p1=0,p2=1,d0=1,d1=1,d2=2,type_kernel=f16)

  CONV_3D(N=2,IC=3,ID=18,IH=22,IW=20,OC=1,KD=3,KH=3,KW=3,s0=1,s1=1,s2=1,p0=0,p1=0,p2=0,d0=1,d1=1,d2=1,type_kernel=f16)

  CONV_3D(N=2,IC=3,ID=18,IH=22,IW=20,OC=1,KD=3,KH=1,KW=5,s0=2,s1=1,s2=1,p0=2,p1=0,p2=1,d0=1,d1=1,d2=2,type_kernel=f16)

  CONV_3D(N=2,IC=3,ID=18,IH=22,IW=20,OC=1,KD=3,KH=3,KW=3,s0=1,s1=1,s2=1,p0=0,p1=0,p2=0,d0=2,d1=2,d2=2,type_kernel=f16)

  CONV_3D(N=2,IC=3,ID=18,IH=22,IW=20,OC=1,KD=3,KH=1,KW=5,s0=2,s1=1,s2=1,p0=2,p1=0,p2=1,d0=1,d1=1,d2=2,type_kernel=f16)

  CONV_3D(N=2,IC=3,ID=18,IH=22,IW=20,OC=1,KD=3,KH=3,KW=3,s0=1,s1=1,s2=1,p0=1,p1=1,p2=1,d0=1,d1=1,d2=1,type_kernel=f16)

  CONV_3D(N=2,IC=3,ID=18,IH=22,IW=20,OC=1,KD=3,KH=1,KW=5,s0=2,s1=1,s2=1,p0=2,p1=0,p2=1,d0=1,d1=1,d2=2,type_kernel=f16)

  CONV_3D(N=2,IC=3,ID=18,IH=22,IW=20,OC=1,KD=3,KH=3,KW=3,s0=1,s1=1,s2=1,p0=1,p1=1,p2=1,d0=2,d1=2,d2=2,type_kernel=f16)

  CONV_3D(N=2,IC=3,ID=18,IH=22,IW=20,OC=1,KD=3,KH=1,KW=5,s0=2,s1=1,s2=1,p0=2,p1=0,p2=1,d0=1,d1=1,d2=2,type_kernel=f16)

  CONV_3D(N=2,IC=3,ID=18,IH=22,IW=20,OC=1,KD=3,KH=3,KW=3,s0=2,s1=2,s2=2,p0=0,p1=0,p2=0,d0=1,d1=1,d2=1,type_kernel=f16)

  CONV_3D(N=2,IC=3,ID=18,IH=22,IW=20,OC=1,KD=3,KH=1,KW=5,s0=2,s1=1,s2=1,p0=2,p1=0,p2=1,d0=1,d1=1,d2=2,type_kernel=f16)

  CONV_3D(N=2,IC=3,ID=18,IH=22,IW=20,OC=1,KD=3,KH=3,KW=3,s0=2,s1=2,s2=2,p0=0,p1=0,p2=0,d0=2,d1=2,d2=2,type_kernel=f16)

  CONV_3D(N=2,IC=3,ID=18,IH=22,IW=20,OC=1,KD=3,KH=1,KW=5,s0=2,s1=1,s2=1,p0=2,p1=0,p2=1,d0=1,d1=1,d2=2,type_kernel=f16)

  CONV_3D(N=2,IC=3,ID=18,IH=22,IW=20,OC=1,KD=3,KH=3,KW=3,s0=2,s1=2,s2=2,p0=1,p1=1,p2=1,d0=1,d1=1,d2=1,type_kernel=f16)

  CONV_3D(N=2,IC=3,ID=18,IH=22,IW=20,OC=1,KD=3,KH=1,KW=5,s0=2,s1=1,s2=1,p0=2,p1=0,p2=1,d0=1,d1=1,d2=2,type_kernel=f16)

  CONV_3D(N=2,IC=3,ID=18,IH=22,IW=20,OC=1,KD=3,KH=3,KW=3,s0=2,s1=2,s2=2,p0=1,p1=1,p2=1,d0=2,d1=2,d2=2,type_kernel=f16)

  CONV_3D(N=2,IC=3,ID=18,IH=22,IW=20,OC=1,KD=3,KH=1,KW=5,s0=2,s1=1,s2=1,p0=2,p1=0,p2=1,d0=1,d1=1,d2=2,type_kernel=f16)

  CONV_3D(N=2,IC=3,ID=18,IH=22,IW=20,OC=4,KD=3,KH=3,KW=3,s0=1,s1=1,s2=1,p0=0,p1=0,p2=0,d0=1,d1=1,d2=1,type_kernel=f16)

  CONV_3D(N=2,IC=3,ID=18,IH=22,IW=20,OC=4,KD=3,KH=1,KW=5,s0=2,s1=1,s2=1,p0=2,p1=0,p2=1,d0=1,d1=1,d2=2,type_kernel=f16)

  CONV_3D(N=2,IC=3,ID=18,IH=22,IW=20,OC=4,KD=3,KH=3,KW=3,s0=1,s1=1,s2=1,p0=0,p1=0,p2=0,d0=2,d1=2,d2=2,type_kernel=f16)

  CONV_3D(N=2,IC=3,ID=18,IH=22,IW=20,OC=4,KD=3,KH=1,KW=5,s0=2,s1=1,s2=1,p0=2,p1=0,p2=1,d0=1,d1=1,d2=2,type_kernel=f16)

  CONV_3D(N=2,IC=3,ID=18,IH=22,IW=20,OC=4,KD=3,KH=3,KW=3,s0=1,s1=1,s2=1,p0=1,p1=1,p2=1,d0=1,d1=1,d2=1,type_kernel=f16)

  CONV_3D(N=2,IC=3,ID=18,IH=22,IW=20,OC=4,KD=3,KH=1,KW=5,s0=2,s1=1,s2=1,p0=2,p1=0,p2=1,d0=1,d1=1,d2=2,type_kernel=f16)

  CONV_3D(N=2,IC=3,ID=18,IH=22,IW=20,OC=4,KD=3,KH=3,KW=3,s0=1,s1=1,s2=1,p0=1,p1=1,p2=1,d0=2,d1=2,d2=2,type_kernel=f16)

  CONV_3D(N=2,IC=3,ID=18,IH=22,IW=20,OC=4,KD=3,KH=1,KW=5,s0=2,s1=1,s2=1,p0=2,p1=0,p2=1,d0=1,d1=1,d2=2,type_kernel=f16)

  CONV_3D(N=2,IC=3,ID=18,IH=22,IW=20,OC=4,KD=3,KH=3,KW=3,s0=2,s1=2,s2=2,p0=0,p1=0,p2=0,d0=1,d1=1,d2=1,type_kernel=f16)

  CONV_3D(N=2,IC=3,ID=18,IH=22,IW=20,OC=4,KD=3,KH=1,KW=5,s0=2,s1=1,s2=1,p0=2,p1=0,p2=1,d0=1,d1=1,d2=2,type_kernel=f16)

  CONV_3D(N=2,IC=3,ID=18,IH=22,IW=20,OC=4,KD=3,KH=3,KW=3,s0=2,s1=2,s2=2,p0=0,p1=0,p2=0,d0=2,d1=2,d2=2,type_kernel=f16)

  CONV_3D(N=2,IC=3,ID=18,IH=22,IW=20,OC=4,KD=3,KH=1,KW=5,s0=2,s1=1,s2=1,p0=2,p1=0,p2=1,d0=1,d1=1,d2=2,type_kernel=f16)

  CONV_3D(N=2,IC=3,ID=18,IH=22,IW=20,OC=4,KD=3,KH=3,KW=3,s0=2,s1=2,s2=2,p0=1,p1=1,p2=1,d0=1,d1=1,d2=1,type_kernel=f16)

  CONV_3D(N=2,IC=3,ID=18,IH=22,IW=20,OC=4,KD=3,KH=1,KW=5,s0=2,s1=1,s2=1,p0=2,p1=0,p2=1,d0=1,d1=1,d2=2,type_kernel=f16)

  CONV_3D(N=2,IC=3,ID=18,IH=22,IW=20,OC=4,KD=3,KH=3,KW=3,s0=2,s1=2,s2=2,p0=1,p1=1,p2=1,d0=2,d1=2,d2=2,type_kernel=f16)

  CONV_3D(N=2,IC=3,ID=18,IH=22,IW=20,OC=4,KD=3,KH=1,KW=5,s0=2,s1=1,s2=1,p0=2,p1=0,p2=1,d0=1,d1=1,d2=2,type_kernel=f16)

  CONV_3D(N=1,IC=4,ID=8,IH=8,IW=8,OC=8,KD=1,KH=1,KW=1,s0=1,s1=1,s2=1,p0=0,p1=0,p2=0,d0=1,d1=1,d2=1,type_kernel=f16)

  Backend RD0: [1;31mFAIL[0m

1/2 backends passed

[1;31mFAIL[0m

ggml_test: test-backend-ops returned 1

ggml_test: rd stats graphs=5531 nodes=6167 dispatches=1691 skipped=4476 barriers=573 failed_graphs=0 last{nodes=1 dispatches=0 barriers=0 skipped=1} pipelines=6 set0_created=1055 slots_created=256 coop_yields=5 waits=1055 faults=350 params_bytes=432896 set_bytes=1056920836 get_bytes=1853526500 copies=0 clears=0 buffers_live=0 bytes_live=0

== ops_fault: done in 100.9 s, frames=353 pumps=353 vm_ms=100705.5 waits=350 coops=2 reads=0 read_bytes=0 uploads=0 upload_bytes=0
   cases: OK=0 FAIL=350 not_supported=0 | 0/350 tests passed | Backend RD0: FAIL
   IM2COL: OK=0 FAIL=92 not_supported=0
   CONV_3D: OK=0 FAIL=258 not_supported=0
   failed: [IM2COL] ERR = 2.004025720 > 0.000000100   IM2COL(type_input=f32,type_kernel=f32,dst_type=f32,ne_input=[3000,128,1,1],ne_kernel=[3,128,1280,1],s0=1,s1=0,p0=1,p1=0,d0=1,d1=0,is_2D=0): FAIL
   failed: [IM2COL] ERR = 2.001666576 > 0.000000100   IM2COL(type_input=f32,type_kernel=f16,dst_type=f32,ne_input=[3000,128,1,1],ne_kernel=[3,128,1280,1],s0=1,s1=0,p0=1,p1=0,d0=1,d1=0,is_2D=0): FAIL
   failed: [IM2COL] ERR = 2.005226241 > 0.000000100   IM2COL(type_input=f32,type_kernel=f16,dst_type=f16,ne_input=[3000,128,1,1],ne_kernel=[3,128,1280,1],s0=1,s1=0,p0=1,p1=0,d0=1,d1=0,is_2D=0): FAIL
   failed: [IM2COL] ERR = 2.003037468 > 0.000000100   IM2COL(type_input=f32,type_kernel=f16,dst_type=f16,ne_input=[3000,384,1,1],ne_kernel=[3,384,384,1],s0=1,s1=0,p0=1,p1=0,d0=1,d1=0,is_2D=0): FAIL
   failed: [IM2COL] ERR = 2.066730804 > 0.000000100   IM2COL(type_input=f32,type_kernel=f32,dst_type=f32,ne_input=[20,2,2,1],ne_kernel=[3,2,2,1],s0=1,s1=0,p0=0,p1=0,d0=1,d1=0,is_2D=0): FAIL
   rd: graphs=5531 nodes=6167 dispatches=1691 skipped=4476 barriers=573 failed_graphs=0 last{nodes=1 dispatches=0 barriers=0 skipped=1} pipelines=6 set0_created=1055 slots_created=256 coop_yields=5 waits=1055 faults=350 params_bytes=432896 set_bytes=1056920836 get_bytes=1853526500 copies=0 clears=0 buffers_live=0 bytes_live=0 rule4_same_frame_syncs=0 syncs=1057 submits=1057 recoveries=0 permanent_slots=0 | 29 of 29 RenderingDevice method names in slots of their own (host name cache: 32 slots)
PROBE conv_perf im2col_dino status=0 out=786432 K=10 per_graph_ms(R=1)=0.497 per_graph_ms(R=17)=0.593 per_op_ms=0.006 dispatches(R=17)=17 barriers=0 checked=4096 bad=0

PROBE conv_perf im2col_dino f16_exact=4096/4096

PROBE conv_perf conv3d_ss_a status=0 out=2097152 K=10 per_graph_ms(R=1)=1.230 per_graph_ms(R=17)=14.166 per_op_ms=0.809 dispatches(R=17)=17 barriers=0 checked=4096 bad=0

PROBE conv_perf conv3d_ss_a nmse=2.502e-14 (max 5e-4) max_abs_err=4.127e-06 (vs double accumulation of the f16-rounded input)

PROBE conv_perf conv3d_ss_b status=0 out=262144 K=10 per_graph_ms(R=1)=0.913 per_graph_ms(R=17)=9.776 per_op_ms=0.554 dispatches(R=17)=17 barriers=0 checked=4096 bad=0

PROBE conv_perf conv3d_ss_b nmse=1.893e-13 (max 5e-4) max_abs_err=2.554e-05 (vs double accumulation of the f16-rounded input)

RESULT: PASS (conv_perf)

ggml_test: rd stats graphs=6474 nodes=12390 dispatches=7914 skipped=4476 barriers=573 failed_graphs=0 last{nodes=17 dispatches=17 barriers=0 skipped=0} pipelines=6 set0_created=1061 slots_created=256 coop_yields=5 waits=1998 faults=350 params_bytes=2025984 set_bytes=1134174852 get_bytes=1864536548 copies=0 clears=0 buffers_live=0 bytes_live=0

== probe_conv_perf: done in 5.1 s, frames=944 pumps=944 vm_ms=4836.2 waits=943 coops=0 reads=0 read_bytes=0 uploads=0 upload_bytes=0
   PROBE conv_perf im2col_dino status=0 out=786432 K=10 per_graph_ms(R=1)=0.497 per_graph_ms(R=17)=0.593 per_op_ms=0.006 dispatches(R=17)=17 barriers=0 checked=4096 bad=0
   PROBE conv_perf im2col_dino f16_exact=4096/4096
   PROBE conv_perf conv3d_ss_a status=0 out=2097152 K=10 per_graph_ms(R=1)=1.230 per_graph_ms(R=17)=14.166 per_op_ms=0.809 dispatches(R=17)=17 barriers=0 checked=4096 bad=0
   PROBE conv_perf conv3d_ss_a nmse=2.502e-14 (max 5e-4) max_abs_err=4.127e-06 (vs double accumulation of the f16-rounded input)
   PROBE conv_perf conv3d_ss_b status=0 out=262144 K=10 per_graph_ms(R=1)=0.913 per_graph_ms(R=17)=9.776 per_op_ms=0.554 dispatches(R=17)=17 barriers=0 checked=4096 bad=0
   PROBE conv_perf conv3d_ss_b nmse=1.893e-13 (max 5e-4) max_abs_err=2.554e-05 (vs double accumulation of the f16-rounded input)
   RESULT: PASS (conv_perf)
   rd: graphs=6474 nodes=12390 dispatches=7914 skipped=4476 barriers=573 failed_graphs=0 last{nodes=17 dispatches=17 barriers=0 skipped=0} pipelines=6 set0_created=1061 slots_created=256 coop_yields=5 waits=1998 faults=350 params_bytes=2025984 set_bytes=1134174852 get_bytes=1864536548 copies=0 clears=0 buffers_live=0 bytes_live=0 rule4_same_frame_syncs=0 syncs=2000 submits=2000 recoveries=0 permanent_slots=0 | 29 of 29 RenderingDevice method names in slots of their own (host name cache: 32 slots)
== verdicts
PASS probe_chain
PASS probe_chain_barrier_all
PASS probe_independent
PASS probe_independent_barrier_all
PASS probe_files
PASS probe_alias_rw: x at b1 and b4 of one buffer, read-write sources, 1000 spans: exact
PASS probe_alias_ro_control: the same recording with read-only sources loses increments (the Gate 0F hazard, still there)
PASS ops_main: test-backend-ops -o IM2COL,CONV_3D -b RD0: OK=350 FAIL=0 not_supported=0 (Backend RD0: OK)
PASS ops_barrier_all: test-backend-ops -o IM2COL,CONV_3D -b RD0: OK=350 FAIL=0 not_supported=0 (Backend RD0: OK)
PASS barrier elision and barrier-after-every-dispatch pass the same cases
PASS control: GGML_RD_FAULT=1 (a source read one element off) fails every IM2COL,CONV_3D case: FAIL=350 OK=0 (Backend RD0: FAIL)
PASS probe_conv_perf all
PASS rule 4: no sync in its submit's frame (rule4_same_frame_syncs=0)
close: CLOSED permanent_slots=0
wall_s=339.2
RESULT: PASS
WARNING: 1 ObjectDB instance was leaked at exit (run with `--verbose` for details).
   at: cleanup (core/object/object.cpp:2536)
