# lbfgsb component fixture 08 (LBFGSpp 0.3.0 BFGSMat/Cauchy/SubspaceMin, double)
seed 1592653688
n 300
m 10
npairs 10
ncorr 10
ptr 10
theta 3.31534975
lb 300 -1.47150993 0.339315176 -0.506052732 -0.797766805 -1.71176243 0.660533786 -1.30343032 -1.60649252 -2.71008492 0.286465049 -1.2745229 -1.14896607 0.759669304 -0.0634890571 -inf 0.758906364 -inf -1.47211003 -0.698420525 0.790040076 0.228428319 -2.66360903 1.60233617 -3.09025192 -1.64617956 -1.62617493 -0.152747273 -inf -1.64217877 -0.211337551 0.0506836772 -1.61226046 -0.328517854 -1.56077385 0.972253621 -2.51005459 -2.42737913 -0.914132953 -1.97456479 -2.11254454 -2.1232295 1.67790318 -1.99452794 -3.13947582 -0.0317047834 -0.612413228 0.204236835 -0.386280119 -1.59196341 -1.38812304 0.364388615 0.111777961 -inf -1.66630304 0.430995792 -0.0217928886 -1.53886819 -0.157915354 -1.38906455 1.20629215 0.985699832 0.513244987 0.0103905201 -1.94107354 0.181070089 -1.97633195 0.848963678 0.506682336 -0.566435158 -2.977561 -1.35511386 -2.14604783 -0.160647988 -1.7641685 -2.33333516 -0.712949038 -0.3134197 -1.15284324 -0.667299151 -0.261437356 1.79912138 -1.2864573 -inf -1.847628 0.0360950381 0.527905762 -1.46264184 -inf -1.67248154 -0.513166428 -3.40324211 -2.30347633 0.131644726 -inf -1.27009749 -1.4627105 1.06300962 1.29977369 -0.0197618008 -0.241153359 -1.62086749 -0.330657214 -0.214686871 -0.783310711 -1.233724 -0.689616442 1.27898288 -0.773094475 -0.318370521 -0.0940722525 0.254093945 -1.02156448 -3.5129869 -0.400764167 -inf -0.84886384 0.186313868 1.80466592 -1.20537865 -1.03399599 -2.25290322 1.82340503 -0.18746686 -1.85633993 -2.56251001 -0.417578608 -inf -2.07094979 1.23401034 -1.42171359 0.106456481 0.295181036 -0.0938774347 -0.497098625 0.197495222 0.206675053 -0.950342894 -2.47061324 0.526818514 -1.88392115 -0.728751481 -0.838620365 -1.54059601 -2.27524996 -0.401533663 -1.15392435 -inf 0.173918203 -1.4381094 -1.59336352 -1.80318737 -0.00748342276 -0.931899548 -2.99475145 0.850316644 -inf -2.03330851 0.570724726 -inf -0.745746851 -2.45028329 -0.0107432604 0.2429564 -0.279737949 1.34494448 -1.43442917 0.0742952079 -0.404987276 -2.75565457 -1.88380122 -1.09602129 0.954620004 -1.72551739 1.20129275 -0.431086481 -0.564602852 -0.481860071 -inf 0.0574481487 -0.946194172 -0.0568459034 1.1679765 -inf 0.806057394 0.128270984 -0.909605443 1.44110036 -1.48132563 -1.6108954 0.594807506 -1.69712043 -1.59275329 0.726267695 -2.66916704 -1.43441665 -0.626939058 -1.23414397 -0.520603359 1.15572953 -0.0304492712 1.68644464 -inf -1.49756813 -2.14386058 -inf -2.87552691 -0.921557307 -0.95487082 0.351623148 -2.22201967 -2.31645727 0.277727246 0.197718382 -2.92832041 -0.686837912 -1.34508169 0.54654038 -0.754618585 -0.989251852 0.901917636 -inf -inf -1.81949842 -0.444643974 -inf 0.90218389 -1.50654781 -1.97768152 0.977285028 1.55576026 1.34552598 -2.24388885 1.12544775 0.101394594 -0.235332847 0.533441961 -1.0391109 -1.6010915 0.356037021 -2.43053341 -0.460776091 -1.20386088 0.187497973 -1.44984269 -1.43741167 -1.20969713 0.706401825 -inf -0.507216632 1.09465194 -1.17998767 -2.53093028 -0.883040965 0.574074388 -1.02629733 -1.09400725 -0.660169959 -0.137179613 -2.20498252 -1.4459796 -2.1444931 1.04541004 -1.79598403 -0.599730849 0.704152584 -1.25766826 0.0947598219 0.698583484 1.34575582 -1.30996418 -1.00728631 -0.47937876 0.420578539 -0.0593454838 0.0521515608 -1.80301034 -2.3407371 -1.05929923 -inf -1.96557021 -1.64982808 0.901279867 -1.48101044 0.836330056 0.0295500755 -2.30958509 0.0526834875 -2.61872768 -0.161766589 1.05171585 -1.90154374 1.30770195 -1.19488776 -0.220642447 -0.267594874 1.91510952 0.372996271 0.736623526 -2.6373601 0.363865852
ub 300 0.127475917 1.99733448 -0.506052732 1.33164871 -0.81090641 1.56996334 -0.219007254 0.540064752 -0.0223833323 3.46104479 1.38137233 1.17679262 2.01204085 -0.0634890571 inf 1.01252151 inf -1.47211003 0.818232298 0.790040076 0.518087804 -0.157347202 1.60233617 -0.0578603745 -0.142416596 -1.33399129 1.90906107 inf -0.935562313 0.502778351 1.5567162 -1.61226046 0.855625212 1.48133302 2.92433977 -0.613395214 -0.679407775 -0.399904609 0.546156168 -1.77232242 0.210667193 1.67790318 -1.5208534 -0.678753853 2.63277578 2.15692878 0.8452003 1.51523089 -0.129037619 -0.230002582 1.13773453 0.742354274 inf -0.802853942 0.73680532 1.8877002 -0.618478298 1.90641475 1.48746252 1.20629215 0.985699832 3.24074602 2.64670372 0.882699132 2.75309634 -1.97633195 2.78440642 2.28104806 -0.566435158 0.00380134583 0.007558465 -0.30591917 2.4904418 -1.23782849 -0.186585426 0.652366638 2.47545624 -0.476675957 0.352978021 0.662089586 2.13106894 -0.0428004861 inf 0.262213111 0.353819549 0.527905762 inf inf -1.13238382 1.50410199 -0.594704032 0.541495025 2.68102932 inf -0.862684965 -1.08237255 2.01673269 2.33041763 0.7095927 2.87149429 -1.62086749 -0.330657214 1.48423755 0.0970494747 0.873988986 0.777076721 1.27898288 0.445744216 -0.318370521 0.883899093 1.30439854 -0.205448627 -0.4593575 2.10664511 inf 2.19387078 3.07143807 1.80466592 1.57809365 0.822299957 -1.14690638 1.82340503 2.5376389 0.451552927 -0.469659567 0.287865549 1.29861486 0.552892685 1.9322356 -0.936937571 0.106456481 2.69054723 2.84894133 2.01086807 2.49368811 2.7486546 2.05563831 -0.0197119713 2.76911879 0.803134382 0.761758864 -0.838620365 0.367408037 0.124120831 0.641417086 -0.43078658 inf 0.173918203 -0.699843407 -0.0587231517 -0.838325262 1.13515735 0.723275423 -0.886231184 2.25304747 0.969257295 -0.993498266 3.39066148 inf 2.26897001 -1.43475008 2.55065346 1.13908374 2.89937425 2.36639261 -0.90455848 0.485067308 0.0781565309 -1.17755961 -0.0162963867 0.88789475 0.954620004 -1.72551739 2.05817056 -0.140490949 2.50918174 0.315032393 1.50927711 1.15119362 0.645065069 2.18570733 2.22057295 inf 1.04651618 0.809732258 -0.909605443 2.02112246 1.01837301 -1.1615839 3.38630056 1.47116041 -1.59275329 3.15728331 -0.486523509 -1.43441665 2.46456265 -1.23414397 1.39095664 1.90724945 2.35654688 1.68644464 inf -0.0759117007 -1.60096049 inf -0.569445252 -0.921557307 0.0488457978 0.351623148 -0.299553335 -0.812131643 3.07298517 2.05066252 -1.01779366 -0.686837912 1.73177946 1.9402765 -0.754618585 -0.11994794 1.19089198 inf inf -1.23391616 0.136687979 inf 1.24850452 inf -0.557843328 2.06842184 1.55576026 2.54597187 -0.0571728945 2.41056347 1.50193596 2.84082222 inf 2.14555287 1.14255965 2.65080357 0.675026596 2.21797061 -0.0813032389 3.21796894 1.46608663 0.481411815 1.74145496 1.01048863 inf 2.37138391 1.8180728 -0.37655443 -0.796184778 -0.883040965 2.57279968 1.36352348 -1.09400725 0.911209226 1.72389078 -1.36221421 1.64191747 0.226837933 2.22122145 -0.54928118 1.71501625 0.704152584 0.784217596 1.27625465 1.10648346 1.61927009 1.71833158 -1.00728631 2.41858935 2.17040133 2.70458436 2.59702635 -1.01439893 -1.43620825 -1.05929923 -0.222801208 0.111367404 -0.395757079 1.59049773 -0.654327452 1.47215307 3.22632027 -0.678315461 0.372169852 -1.28620219 1.58605504 1.05171585 -1.90154374 1.30770195 1.69607699 1.50092721 1.94848299 1.91510952 0.372996271 2.08443594 -0.629419446 3.22169065
x 300 -0.948588789 0.731891096 -0.506052732 0.556546211 -0.81090641 1.38872087 -1.30343032 -0.0811973289 -2.71008492 1.82732379 -0.280394554 1.17679262 0.759669304 -0.0634890571 0.472917318 1.01252151 -0.114435211 -1.47211003 0.222272113 0.790040076 0.485979766 -2.66360903 1.60233617 -3.09025192 -0.674965143 -1.40382493 0.553187072 -0.508335471 -1.36495042 -0.211337551 0.0506836772 -1.61226046 0.557693839 -0.729188681 2.92433977 -2.51005459 -1.47639263 -0.752621949 -1.97456479 -2.11254454 -1.72972941 1.67790318 -1.93121409 -2.68368411 2.63277578 -0.263512731 0.337877423 1.20428061 -1.06246591 -1.38812304 0.640552044 0.742354274 -0.50056088 -0.903121531 0.73680532 -0.0217928886 -0.831392884 0.248102129 0.0066231247 1.20629215 0.985699832 2.03745651 1.17592263 -0.726469457 0.181070089 -1.97633195 2.22799301 0.506682336 -0.566435158 -0.980684698 0.007558465 -0.30591917 -0.160647988 -1.23782849 -0.677246511 -0.712949038 -0.3134197 -1.01703691 -0.516838253 -0.0558292903 2.00390506 -0.398931086 -0.40855661 -1.29130471 0.190816924 0.527905762 0.144691721 0.530603349 -1.44630182 -0.513166428 -3.40324211 -0.222670734 0.832482398 -0.069887504 -1.06112945 -1.35881388 2.01673269 1.29977369 0.617616415 -0.241153359 -1.62086749 -0.330657214 0.0114331879 0.0970494747 0.165727019 0.777076721 1.27898288 -0.322266847 -0.318370521 0.222653925 0.870956182 -0.35632202 -0.773125827 2.10664511 0.287179023 0.184979856 0.186313868 1.80466592 -0.806622624 -0.57726413 -1.14690638 1.82340503 0.235549435 -1.85633993 -2.56251001 -0.064648442 -0.346130759 -2.07094979 1.38571763 -0.936937571 0.106456481 1.38143933 2.84894133 -0.223272502 2.16563773 0.206675053 1.50019932 -0.213904977 2.4457891 -1.88392115 0.402231485 -0.838620365 0.367408037 0.124120831 0.41789788 -0.43078658 -0.182449654 0.173918203 -0.80449158 -1.59336352 -0.838325262 1.02950037 0.632205129 -1.97641659 1.61592436 0.969257295 -2.03330851 2.76428103 0.000563419017 -0.0199688636 -2.21366382 0.380062848 0.611868262 0.841859579 1.90978241 -0.90455848 0.485067308 -0.316629797 -2.75565457 -1.88380122 -0.347258627 0.954620004 -1.72551739 1.67590654 -0.386562437 -0.564602852 -0.25126484 0.931249499 0.628004789 -0.408196658 2.18570733 1.1679765 -0.0379843004 1.04651618 0.128270984 -0.909605443 1.644238 1.01837301 -1.6108954 2.78013086 1.47116041 -1.59275329 1.53478408 -2.66916704 -1.43441665 1.19348097 -1.23414397 1.39095664 1.90724945 2.35654688 1.68644464 -0.896244168 -0.267886072 -1.75888395 0.0575955696 -2.87552691 -0.921557307 -0.437812299 0.351623148 -1.81865942 -1.31775141 0.277727246 1.27545106 -2.92832041 -0.686837912 1.73177946 0.677237511 -0.754618585 -0.989251852 1.09497023 -0.189746752 0.637947202 -1.51287377 -0.444643974 -0.245035097 1.24850452 -0.643737912 -1.38350773 1.23305845 1.55576026 1.34552598 -2.24388885 2.41056347 1.00411797 2.84082222 2.1029253 -1.0391109 -1.6010915 2.50438881 0.193787113 2.00204659 -0.897664726 0.187497973 -1.44984269 0.481411815 1.13002896 0.706401825 -0.734487176 1.19167745 1.43666005 -0.701944411 -0.796184778 -0.883040965 0.574074388 0.282131284 -1.09400725 -0.527264237 0.438428581 -1.51022518 1.31058896 -1.58360231 2.22122145 -0.708595097 0.139743358 0.704152584 -0.772305667 0.719305754 1.10648346 1.61927009 1.71833158 -1.00728631 1.16405976 0.537148893 2.70458436 1.20158112 -1.46853399 -1.43620825 -1.05929923 -1.56709945 -1.29352915 -0.868150234 0.901279867 -0.957110167 0.836330056 0.0295500755 -2.30958509 0.315237582 -2.21772265 -0.161766589 1.05171585 -1.90154374 1.30770195 -0.688933313 -0.220642447 -0.267594874 1.91510952 0.372996271 1.34818363 -1.01908875 2.25558329
g 300 -1.788311 0.136621028 -1.03782141 -1.360636 1.56482971 -0.682967186 -1.82969987 0.740168214 0.260461837 0.26159656 0 0.797601283 -0.538289845 1.15665984 0.581154048 0.756785274 -1.93490624 -1.24293208 -1.79891574 -0.262232721 -0.152505621 -1.16675222 -1.59533525 -0.0689096153 -1.47354293 1.90271759 -0.483730257 -0.0136396708 -1.30490124 0.0644158646 -1.3273232 -0.851107359 -0.539965451 0.361519545 1.57768548 0.324771821 0.64376837 -1.098598 0.867323518 0.0617544204 1.69789767 1.31749797 -1.36686862 -0.975342393 -1.71241713 0.648684084 -0.732059121 1.52312219 -0.24498643 0.312136531 -1.36491704 -0.38743335 -0.54725498 -0.585597157 -0.846333683 -0.0955000743 -1.96691489 0 0.613477111 0.560610831 0.453078777 -1.84255695 1.07235873 0.616841137 -1.70684576 -1.27779078 0.0602026097 0.316154718 1.04078269 -0.575763643 0.0750816092 1.18907297 -1.8167913 -0.139585197 -1.8866142 -0.597661018 0.884430707 -1.94931531 0 0.596920609 0 1.92981303 -0.614549041 -1.70571947 -0.102456979 -1.53466225 0.717510045 1.9838562 0 -1.00352657 -0.833892584 0.534143925 -1.2214005 1.71799469 -0.981116295 0 1.02293491 -0.702198863 -0.00979482662 0.525411844 -0.434901357 1.84811795 -1.39817739 1.27277565 0.270723045 -0.710562885 -1.16892266 -0.855052412 -1.26445448 -1.77452207 0.444569737 0.510458469 0.788506389 -0.112556063 -0.0921184793 -0.591422617 1.9716903 0.860658467 -1.11042142 1.10581672 0.226124257 0.803048015 0.445978969 1.07814872 -1.53042245 -0.963917017 -1.27880919 1.86618197 -1.81614208 -0.175169483 0.757388294 0.639083028 -0.742224753 1.56507599 -0.00492636021 0 1.65001655 0.711565435 0.423466712 0.83242923 -0.349628448 -1.71457613 -1.7447331 0.491256148 -0.830404162 -1.78079128 -0.108048052 -1.1081742 -0.299912453 1.95744288 -1.08780003 -1.9329145 1.42320931 0.235260472 1.27523077 -1.67482555 0.181283027 -1.39222801 0.526763737 -1.69012952 0.750819385 -1.48423994 1.34027171 -1.7229507 0.802679718 0.607821047 -1.78457403 -1.40158212 -0.314943194 0.571998715 -1.72063088 1.35470688 -0.864376426 -1.74415231 0.609630704 -0.29473269 -1.08765244 -1.0220654 1.66802967 -1.49776268 0.732251704 1.27421129 -1.98257446 0.363123178 1.38079917 1.17754555 -0.523849189 1.70700407 -0.599958718 1.13068354 -0.258296192 0.62581861 -1.08282065 0.0318769403 -1.76746976 1.7820071 -0.630161464 -1.78064191 1.51747155 1.99805057 1.15818012 -1.76758838 0.749431908 -0.308735251 0.00399837689 -1.60849702 0.667880952 -1.02240145 -0.0195825063 1.46747863 0.946751714 0.342443705 0.678890407 1.95403993 -0.713166475 -0.752522349 -0.90434891 0.368083894 0.540142119 -0.25314483 -0.880785286 -0.442463547 1.64321208 0.882145524 0 1.27515364 1.08649337 1.3747263 0 -1.61766613 -1.23137093 0.916959882 1.57448316 -1.98746192 -1.09394634 -1.09077692 1.59537005 -0.478348196 -0.429014713 0.332523197 -1.05016899 -1.82731915 -1.80806375 -0.81414485 1.27686155 0 -0.735761404 0.464909106 1.43177187 -1.31408465 -0.832374454 -0.346022904 -1.59382391 1.23952806 -1.31989932 0.734729767 -1.83350229 1.44728041 1.88723159 -1.81140101 1.17359269 1.53881848 -1.54153562 -1.65711427 -1.30177212 -1.11074686 -1.82079518 0.769306421 1.435269 -0.215995401 0.193357199 -1.29796112 1.16491127 0.0562472604 0.557586074 1.86289859 1.01294303 -0.779994011 -0.249698862 0.308151722 -0.492189139 -0.223850399 -0.503149152 1.59749424 1.35345721 0.358974814 -0.596924722 0.337784231 -1.71476221 0.401470065 0 0.374492049 -1.77577186 -1.01370573 -1.18200481 -0.364502072 0.812000453 1.02953851 1.2501657 -1.15144467
s 0 slot 0 300 0.0471874513 0.109578595 -0.0589248203 -0.220500216 0.072834529 0.174671218 0.122510158 0.148041785 0.121009856 -0.0306142364 0.114922367 -0.0663015246 0.0275322665 -0.190270886 -0.267145008 -0.231643468 0.0866360366 -0.122007519 0.0794297457 -0.261297375 0.0538365319 -0.109953471 -0.212264493 -0.0176293347 0.295479745 0.153685525 0.0454102159 -0.0934242234 -0.163639888 0.00890164636 -0.293163896 0.0801394284 -0.0366624035 0.0359815843 -0.169797659 0.146897212 0.0752513483 0.174380034 -0.0449134745 -0.205666259 -0.235217899 -0.236514345 -0.0586058162 -0.0756764188 0.211537614 -0.224040091 -0.0962454006 0.0371400677 0.0874065161 -0.212228954 0.0786803216 0.128416285 0.0690001324 -0.180284366 -0.0158728398 0.180342346 0.126045018 -0.181940287 0.264340818 0.206921011 -0.238118187 0.0647551492 -0.0542089157 -0.00850887503 0.280438453 0.0820085034 -0.258138657 -0.174774855 0.183215305 0.024793895 0.00589389214 0.0274524186 0.0653952062 -0.161048755 -0.149800524 0.0918463841 0.188835829 0.254534721 0.159189939 0.154118076 -0.261018127 0.0456534252 0.0010912139 -0.133817971 0.117454663 0.174369827 -0.247625247 0.0434407219 0.2999264 0.0517218187 -0.194657475 -0.274082124 0.19737193 0.0719376057 -0.0192939024 -0.287167817 -0.0885191336 0.166050479 -0.228798702 0.125883341 -0.150012374 -0.0128066763 0.0618405677 -0.00329403183 0.226108596 -0.264633924 -0.276226133 0.264164537 0.0385570563 -0.251038611 -0.294733047 -0.127865821 -0.129245028 0.0825198144 0.205359608 0.124787137 0.205232918 -0.244863451 -0.164181516 0.0524601899 -0.0848828405 0.129431024 0.269518495 0.0974770933 -0.280312777 0.075586006 -0.158102065 -0.0886451825 -0.0576195791 0.0113498755 0.181344107 -0.204030856 -0.261964709 -0.123440899 -0.239076272 0.178547755 -0.174642161 0.253948897 0.0485498644 -0.0367828943 0.0419852547 0.132084042 0.269568831 -0.0815852955 -0.189138323 -0.0598666444 -0.215425551 -0.186051473 0.10432671 0.0934016779 -0.0614054613 -0.199328944 -0.0497543029 -0.231296331 -0.195173144 0.161832005 0.135563925 0.0624136738 0.134281844 -0.0913365632 -0.0711844638 -0.222875863 -0.236010909 -0.0103944903 -0.00714725861 -0.0937272981 0.0514210947 -0.28085646 -0.247052357 0.073513411 0.143920332 -0.0524442233 -0.279707342 -0.112075016 -0.247036278 -0.263390213 -0.167690203 0.289882898 0.23763527 0.124360479 0.198471233 -0.170071214 0.0235330891 0.186444625 -0.0719875991 0.0534917898 0.236784533 -0.091580376 -0.201587215 -0.0926424339 0.164277688 0.152494803 0.179909945 -0.158189669 -0.0901642367 -0.171982542 -0.185768291 -0.236063197 0.210308015 0.0636537746 0.116986997 -0.0380278341 0.0199468043 -0.0149410265 0.197033197 -0.0632722601 -0.204944521 0.0819304958 -0.195081726 0.0639462844 0.0629402548 -0.155660391 0.174833402 0.11756587 0.104109943 0.118345246 0.119240366 0.0721080229 0.0620922558 0.212413773 0.205775008 0.233598799 -0.18535696 -0.236716121 0.281859726 0.187730342 -0.278968006 0.221328184 -0.184189707 -0.0501085147 -0.130126357 -0.156372935 -0.0569317378 0.221106365 -0.199658245 -0.146879584 -0.127024665 0.0329975449 -0.289920539 -0.2870152 -0.0179416481 -0.0040624775 -0.079030931 -0.00258932286 0.00452169683 -0.274189502 -0.0590365976 -0.24208419 -0.266901642 0.176596686 0.257602066 -0.0777135938 -0.180693746 -0.168710113 -0.171141565 0.197789073 0.136043906 0.270191729 0.240323842 -0.197211564 -0.243396521 -0.149352238 -0.26849255 -0.172581017 -0.140194669 -0.129854217 -0.0495342761 0.0542544983 -0.147788808 -0.124821886 0.093832843 -0.0871106833 0.0249934513 0.0383513644 0.141730651 -0.231826246 0.152087033 0.297013879 -0.250989467 -0.0537467077 -0.0318542682 -0.269784093 -0.102894045 0.0481053479 -0.190142572 -0.0727585778 -0.220728397 -0.112784594 -0.218004152 -0.0741045028 -0.164505661 -0.148954391 -0.0602891184 0.0946949199 0.194601819 0.247902051 -0.118007034 0.245910853 0.0212322455 -0.123058274
y 0 slot 0 300 0.183172181 0.421181202 -0.17939499 -0.539240837 0.278166622 0.200986266 0.518158615 0.234553635 0.440291673 -0.094881162 0.165589392 -0.122402005 0.0947837457 -0.180888906 -0.489962876 -0.957686722 0.187507242 -0.301250935 0.0458210036 -0.579559088 0.10007678 -0.139246315 -1.01435554 -0.0688141659 1.30945718 0.57002753 0.209975228 -0.29909119 -0.620862067 0.0330866538 -1.1364994 0.0810872093 -0.114457957 0.0569685325 -0.481098294 0.131164074 0.204905882 0.488396466 -0.174600959 -0.640627623 -0.425257206 -0.792270958 -0.188688785 -0.361044258 0.30982998 -0.565115929 -0.349549711 0.0687747076 0.101523019 -0.67509377 0.139202103 0.433484256 0.316878587 -0.155966356 -0.0224467218 0.297177017 0.485841274 -0.190956146 0.200601533 0.536411047 -0.143831775 0.196352974 -0.138890222 -0.00761784101 0.845483303 0.34547466 -0.566259205 -0.56867826 0.564936936 0.0517512597 0.00502945762 0.0714211613 0.319972008 -0.668430865 -0.226164103 0.173006997 0.40549022 1.21147478 0.345059544 0.665191531 -0.140723735 0.204288438 -0.00450521056 -0.377443165 0.116131023 0.627992451 -0.354047984 0.0257833581 0.992988169 0.147687271 -0.791285932 -0.310634792 0.84116143 0.253533244 -0.0407613441 -0.743004143 -0.353444666 0.472254127 -0.749899387 0.568323314 -0.694951057 -0.0249139722 0.226869687 -0.00205903547 1.13899183 -0.285324067 -1.0916487 1.18788588 0.118270211 -0.251635343 -0.227375686 -0.328122377 -0.602005661 0.0635236055 0.137932405 0.327531427 0.659712136 -0.421174854 -0.640250325 0.217657417 -0.234335557 0.597968996 0.584864855 0.10694246 -1.31375647 0.286616147 -0.56360358 -0.326926738 -0.166049227 0.0534350686 0.213522315 -0.865285695 -0.287651896 -0.449283242 -0.550478995 0.236757189 -0.212132052 0.535233855 0.131411523 -0.142595395 0.135843545 0.114395291 1.0571785 -0.378133684 -0.626774609 -0.284934938 -0.195036545 -0.686313152 0.142972365 0.0927417576 -0.0329509936 -0.721552193 -0.0378521197 -0.871830404 -0.408180892 0.529322386 0.200847745 0.0837834775 0.104092866 -0.226307884 -0.301498324 -1.09631085 -0.224672571 -0.0104613472 -0.00482885959 -0.0678828582 0.235469475 -0.375312299 -0.273211598 0.15458782 0.388284713 -0.190361798 -1.3428055 -0.382544607 -1.15032315 -1.13180888 -0.187309802 0.871559918 0.860934734 0.574252427 0.159261316 -0.252919167 0.033260975 0.343647569 -0.219409227 0.172517821 0.793754876 -0.444903582 -0.512172461 -0.184393778 0.344911605 0.289010853 0.33208403 -0.463650882 -0.264574975 -0.817875385 -0.696795106 -1.11870277 0.437991798 0.174682021 0.0627223253 -0.0337389447 0.0965099409 -0.0473514721 0.151603431 -0.0350265652 -0.237450987 0.291333079 -0.173011377 0.184850827 0.167654768 -0.656644225 0.224238217 0.409782887 0.442631453 0.523667932 0.218273804 0.270646244 0.127976477 0.216700256 0.385612667 0.892094433 -0.116413794 -0.985573769 0.983797371 0.651292503 -0.788827777 0.727206469 -0.260889053 -0.182447389 -0.349854946 -0.381150693 -0.19616428 0.387539506 -0.14853093 -0.624280035 -0.321247131 0.098180145 -0.373818159 -1.15339136 -0.0369373113 -0.0079392055 -0.24733001 -0.0208512079 0.0237596892 -1.26461101 -0.172901258 -0.876236379 -0.923889816 0.650835931 0.181768447 -0.0708052963 -0.773873568 -0.85599488 -0.224919781 0.160227343 0.158371761 1.18390977 0.651422739 -0.745967925 -0.338986397 -0.392994702 -0.857447922 -0.620438814 -0.0992961824 -0.35246861 -0.220282033 0.157633051 -0.104058765 -0.305085957 0.390497118 -0.267757028 0.0686331913 0.102241315 0.504656196 -0.546766639 0.304205477 0.612992048 -0.888127923 -0.07957647 -0.0712918714 -1.0449791 -0.0827722698 0.114997149 -0.502299547 -0.210695341 -0.564023435 -0.471481562 -0.450550407 -0.0707348883 -0.240579724 -0.285729796 -0.29618606 0.429366052 0.178163245 0.568829 -0.47131148 0.684910655 0.0465086624 -0.267593592
s 1 slot 1 300 0.233742118 -0.190490529 0.286988407 -0.22098881 0.239305496 0.249403358 0.188058108 -0.0116331093 0.150143534 -0.206141651 -0.13206929 -0.0652492419 0.134776294 0.244273141 -0.296406716 -0.000900372805 -0.190378159 0.0478393286 -0.211245611 -0.140311584 0.251086563 0.195678756 -0.13893801 -0.0732186511 0.0564084388 0.225257531 0.298880994 -0.292853206 0.0701493174 0.194483235 -0.00092742272 -0.138048932 0.100457355 -0.229807124 0.266975373 0.213743255 0.173644468 0.0900223926 -0.265239447 -0.0496534295 -0.265982479 -0.0467793383 0.19899413 -0.183141932 0.1120767 -0.0459001549 -0.279769778 0.193624496 -0.212496445 -0.111670099 0.253537595 -0.14558135 -0.178012967 -0.00926484633 0.168572262 -0.108258277 0.190982431 0.00275906082 -0.150164574 -0.0204336755 0.214113817 0.151574224 0.0455090031 0.12958926 0.00344868982 0.178141221 0.198701918 0.0140432334 -0.171740472 0.103348084 -0.118543632 -0.0480021536 0.0136321308 -0.16993174 -0.181474715 0.295821816 -0.187092811 -0.103629418 0.273316681 -0.157355845 0.160448074 -0.227888763 0.254228354 0.0705114752 -0.131413952 0.207878754 0.0102315778 0.139466703 0.222203359 -0.0775727704 -0.0507609025 0.119278677 0.0811941847 -0.251169533 -0.277535766 -0.233435124 0.0108174104 0.0132707376 -0.0230793711 0.249490187 0.11895287 0.115283012 -0.290185481 -0.0638281256 0.153880075 0.242354408 0.221127003 -0.201314613 0.0414203964 0.193708628 0.0790379047 -0.17511645 0.201715693 0.127517477 -0.0608321615 -0.283642918 -0.288159311 -0.0303787496 -0.169925719 0.00562128099 0.160457551 -0.0168425441 -0.188888386 0.169271365 -0.22376819 0.0696561784 0.184906274 -0.17683439 -0.0783530474 -0.0239066873 0.157681942 0.112621903 0.277967155 0.0630302504 -0.276649773 0.0430013351 -0.227301568 0.205073267 -0.0976578668 -0.175179616 -0.0691184923 -0.210357815 0.0773352981 -0.264934152 0.0746948868 0.267926514 -0.272043645 -0.0349903628 -0.238124177 0.20149222 0.151641101 -0.217605785 -0.213845894 -0.0039827819 0.241067827 -0.0109075112 0.0915632322 0.01310251 -0.008986881 -0.216721401 -0.101408444 -0.0949490666 -0.214733377 -0.204139635 -0.240337297 -0.122092687 -0.167433903 0.0206019469 0.0840092003 0.240606219 -0.236342326 -0.176827997 -0.26503095 0.136732519 0.157848448 0.0152477073 -0.0665863454 0.170826271 -0.230030701 -0.112928942 -0.287733227 -0.0189666525 0.171338901 -0.209369645 0.0387605056 -0.156098977 0.125653744 -0.28195405 0.0126009472 -0.18022725 -0.0825906172 -0.17332308 0.246557549 -0.24517633 -0.0102997804 -0.146933541 0.264787674 0.29150492 0.164096221 -0.182866186 -0.176120132 -0.25017038 -0.252664775 -0.0557516888 0.257321745 0.0579227991 0.00285414327 -0.0509125106 -0.126829058 -0.153311446 -0.0336940996 -0.284854889 -0.198671862 -0.299798578 -0.0635500252 -0.160134986 -0.0413872972 0.227076352 0.008573737 0.0572373718 0.0918797031 0.16048862 0.295804173 -0.011255431 0.0672678873 0.056270577 0.00103185081 -0.17921257 -0.224829555 -0.0932563543 -0.278082967 -0.121419266 0.00192296994 -0.219626501 0.270789117 0.192098081 -0.0732044652 0.00211377395 -0.103197195 -0.0769301802 -0.207695708 0.250038803 0.0917776003 -0.269833744 -0.00792980473 -0.0602186657 -0.0541120246 -0.272575498 0.279095888 0.105921738 0.276106149 0.177774966 0.0977740288 0.112587407 -0.228692725 0.175149441 -0.288636655 0.0301296227 -0.0479854383 0.0806492716 0.237391725 0.116206244 -0.0319926068 0.180858418 -0.238388047 -0.0529760458 0.219858691 0.0285584442 0.193439856 -0.123091467 -0.155555844 0.112814769 0.259036452 0.200822353 0.17821604 0.0719052702 0.173879012 0.146029264 0.18534188 0.125525534 0.0945799351 -0.275435388 0.287930012 0.28609857 0.115110815 -0.170136377 -0.241860494 0.187087297 -0.198217064 0.259466231 -0.00684179412 0.0639891475 -0.178671494 -0.0717012435 -0.0739779025 0.0613530576 0.0413707867 -0.0356964841 -0.15623942 0.190918148
y 1 slot 1 300 0.903890371 -0.762042403 0.809514999 -0.525016308 0.918951511 0.301588684 0.781965673 -0.0156948119 0.554911613 -0.632719934 -0.171671882 -0.139633477 0.487713784 0.228192464 -0.557136536 -0.00511818333 -0.384228259 0.117320143 -0.117694795 -0.296494365 0.39994505 0.248595923 -0.67842114 -0.310096383 0.265684962 0.840852082 1.41957831 -0.960187316 0.278147876 0.755736232 -0.000710786728 -0.140096977 0.323372006 -0.276147217 0.77960521 0.208151132 0.468164057 0.251869678 -0.958191693 -0.164490193 -0.503129721 -0.138438582 0.667367697 -0.898214877 0.160987377 -0.117827035 -1.00027883 0.396637976 -0.263163 -0.369255483 0.4121131 -0.49504444 -0.795748651 0.000414139446 0.181600362 -0.175737768 0.757448554 0.00986680202 -0.121732645 -0.0638890937 0.131290674 0.479973257 0.131004721 0.2680417 0.0191414822 0.750710309 0.457396448 0.0464831069 -0.545087576 0.229749873 -0.248553947 -0.1495886 0.0623230003 -0.6972363 -0.263086945 0.544266164 -0.42124325 -0.480870306 0.611071229 -0.675401986 0.0782428011 -1.06734252 1.06591332 0.208760247 -0.107224688 0.759381592 0.00790254958 0.0935122892 0.742022574 -0.236177534 -0.197740346 0.14341417 0.352901191 -0.909801304 -0.440758348 -0.609392047 0.0457554162 0.0433279537 -0.0626422241 1.15118325 0.541358709 0.253422916 -1.00509679 -0.0304329321 0.772473812 0.241726801 0.876110792 -0.885436058 0.119647667 0.188646838 0.0695047453 -0.451361716 0.939866543 0.100729093 -0.0338176861 -0.746782839 -0.926820934 -0.0519737229 -0.647263706 0.0312931389 0.467231899 -0.0962643847 -0.418081939 0.207825884 -1.05868137 0.25971365 0.658323467 -0.626394451 -0.232659206 -0.0903086513 0.169273227 0.467206478 0.290298998 0.242142901 -0.634610534 0.0640113503 -0.295923829 0.421344548 -0.270274729 -0.673135757 -0.216577619 -0.163554162 0.294214159 -1.24870408 0.256608933 1.29879177 -0.254711121 -0.123472102 -0.332062274 0.168596119 0.096420683 -0.774833918 -0.17734322 -0.0285240244 0.507619321 -0.0488345474 0.141440064 0.014976263 -0.00641030725 -0.546561658 -0.43266198 -0.489748418 -0.205973208 -0.23143436 -0.143270507 -0.0790748075 -0.764024556 0.0455337428 0.0908114985 0.519233525 -0.618301272 -0.639407814 -1.28510487 0.469552696 0.738599658 0.0641795546 -0.067739971 0.513834774 -0.837574899 -0.516611576 -0.222135007 -0.0185424481 0.215673864 -0.405109853 0.11030601 -0.535296738 0.430778235 -1.38249671 0.0300297607 -0.377337694 -0.186962619 -0.325690091 0.461026937 -0.742455304 -0.0107937576 -0.697303236 0.989573777 1.40129268 0.350883782 -0.507664502 -0.110559233 -0.172430962 -1.22516632 -0.177068025 0.179187641 0.037466567 -0.00281388452 -0.183961153 -0.117473029 -0.461452454 -0.0799849257 -1.180691 -0.266064137 -1.01197243 -0.251614869 -0.693650007 -0.0961407647 0.841612041 0.00162220874 0.0475889221 0.186164603 0.612128019 0.211758748 -0.0552214682 0.223634049 0.201000005 -0.000238836088 -0.587435901 -0.319633126 -0.329728395 -0.730712712 -0.287143856 -0.00180420466 -0.395262092 0.18031393 0.799050808 -0.177220896 -0.00781207997 -0.141202763 -0.297324359 -0.384458572 0.700646281 0.300137013 -0.652234197 -0.0271652788 -0.267136455 -0.167205676 -0.979229152 0.977029502 0.40745604 0.187665462 0.170799255 0.415970087 0.555691004 -0.281458378 0.143762261 -0.33735761 0.152965441 -0.123492725 0.313348055 0.311899751 0.313837618 -0.103558712 0.643791258 -0.145743161 -0.133118674 1.05157924 0.0765325725 0.120442666 -0.306205094 -0.658927977 0.36762777 0.692620695 0.526593089 0.643482625 0.153643802 0.356535137 0.295447946 0.656915247 0.20819509 0.184678823 -1.05210769 0.22635822 0.711122632 0.31015718 -0.503388822 -0.634472549 0.761597514 -0.425603896 0.261206269 -0.0158522874 0.105290934 -0.86439544 -0.319504261 -0.0530473255 0.146867916 0.16984807 -0.11717803 -0.333357215 0.441298693
s 2 slot 2 300 -0.111523919 0.0791708902 0.10294649 -0.00200493424 0.130483374 0.293227375 -0.0827944651 0.0470701493 -0.0398771167 -0.218069658 -0.211490989 -0.263287604 -0.252559125 0.122322194 0.249875337 -0.189774171 -0.237085998 -0.250865698 -0.148019746 -0.0215933472 -0.284325182 -0.0709419399 -0.253979117 0.24962312 0.183181837 -0.0228501093 0.270428926 0.280010611 0.0207196083 -0.128947452 0.254528522 0.0965056121 -0.110580012 0.0048806183 -0.241287798 -0.0398399346 0.248232529 -0.14483729 0.15616557 0.148683354 -0.11072468 -0.262093008 -0.149570897 0.293676972 0.0732423365 -0.156562522 0.0276378356 -0.270430267 -0.116378173 0.140210733 -0.124200039 0.026314484 -0.106826656 0.168282777 -0.0142613268 0.129861534 -0.223589748 -0.227281243 0.284502625 0.202255473 -0.158188596 -0.163904861 -0.0418741256 0.29803586 -0.230602443 -0.151459515 -0.0273342114 0.287794501 0.268381685 0.0511068292 0.127955139 -0.0189997591 0.121617012 0.041895926 -0.10281229 -0.0976626277 0.269628137 -0.145594716 -0.17112036 -0.0452807583 -0.00578826433 0.00733600417 0.16131106 -0.267136991 -0.201018468 -0.0880656764 0.299273342 0.165503219 -0.0605814792 0.117549069 0.0943975598 -0.262002945 0.0476361215 -0.169134498 0.0513033234 0.2999506 0.101009145 -0.0380339213 0.242453307 0.294939786 0.23677294 0.157176703 -0.0527638942 0.0148368413 0.185431838 -0.214021921 -0.174052715 -0.256671757 0.196548268 -0.0874928683 -0.237602875 0.220504612 0.0603013337 0.134619772 0.108465694 -0.290992886 0.0553000681 0.219449386 0.261502415 -0.206947997 0.276531368 0.26110971 0.14624697 -0.289939135 -0.245279565 -0.161404967 0.226228401 -0.0651431829 -0.189726278 0.22610794 -0.096872814 0.131838456 0.178088337 0.217386127 -0.186714739 0.197867334 0.297136068 0.214841664 -0.120401159 -0.00164058409 -0.239824072 0.248748019 0.209484816 -0.114461176 -0.164496779 -0.0844435617 0.293607205 -0.216481268 -0.0848311633 0.215286523 -0.212612793 -0.157851145 -0.0181549471 0.0442790203 0.052001521 0.221492484 0.0291273352 -0.0576142371 0.0231624618 0.147362411 0.286762953 -0.162907451 -0.0189738907 0.0796866789 0.229608521 -0.265635222 0.0142730949 -0.139390811 -0.156841949 -0.0275442172 -0.226476356 -0.0630165488 -0.0812633634 -0.153735086 0.194798499 0.156469211 0.197343796 -0.250055373 0.278797328 -0.0318980291 0.166781008 0.122629419 -0.114042714 -0.0671830773 0.0076419008 -0.102326795 0.0134701375 -0.172675401 0.133167237 -0.170823768 0.228026018 -0.178353369 -0.0645241216 -0.174928159 -0.289666474 -0.0852248296 -0.213860005 -0.0244253855 0.0399397314 0.191608891 -0.147777006 -0.297955811 0.0581821054 -0.035945259 -0.118730098 0.135426968 0.0374206044 -0.180413872 0.110160992 -0.0235963464 0.275277704 -0.284923106 -0.231100842 -0.0790297389 0.0314786099 -0.281389028 -0.0241295937 0.252620697 0.106966451 0.274015993 -0.244980142 -0.232202828 0.187880263 0.100464404 0.0629847497 0.249063089 0.194518983 0.194628462 -0.0428191647 -0.0930580199 -0.273548037 0.0301704183 0.194777653 -0.279479206 0.105555549 0.175609246 0.294430017 -0.279329121 0.0147628281 0.0133320121 -0.113558672 -0.0927096531 -0.241552621 0.219659775 0.176423445 0.289284497 -0.133234635 0.0470288359 0.00178314012 -0.112187356 0.115072168 -0.189648673 -0.143744022 -0.0932269022 -0.183758602 0.178509891 -0.251416773 0.0886642113 0.0284644347 0.0605008267 0.261631191 -0.0791018233 -0.038110327 0.0330949239 -0.0969181359 -0.192755103 0.122061409 0.258401215 0.0266796984 -0.0036856106 -0.0836644024 -0.110411838 0.00261541503 -0.0497486256 0.15152064 -0.109050252 -0.0963551253 0.198659331 0.178221136 -0.184164837 0.129087299 -0.251656741 -0.032484673 0.104286522 0.184262469 0.0919573456 0.153369308 0.298015952 0.276420295 -0.0686840117 -0.160229608 0.0755357966 0.151811644 0.0792558193 0.00548077701 -0.286620766 0.258510709 -0.221823052 -0.153080061 -0.0494487286
y 2 slot 2 300 -0.429531276 0.316815376 0.298821419 -0.00836858992 0.493109345 0.350680888 -0.341616839 0.0723447725 -0.150428444 -0.687828064 -0.287284166 -0.488322794 -0.883804321 0.115981519 0.469222516 -0.792059839 -0.501599848 -0.636641085 -0.0862927809 -0.0552891344 -0.451847821 -0.0865298882 -1.21271408 1.00048029 0.799535453 -0.0882577971 1.27363038 0.922031522 0.0758356005 -0.501619637 0.992435277 0.0980066359 -0.353725493 0.00251282752 -0.701453328 -0.0433940031 0.667812169 -0.40098387 0.563251615 0.465693384 -0.187197432 -0.885863304 -0.500092506 1.43268776 0.115803801 -0.395135373 0.0932532698 -0.549681902 -0.126197517 0.452665061 -0.201505035 0.0953017548 -0.493266553 0.147992492 -0.0178545807 0.212650746 -0.874902606 -0.251246393 0.22812292 0.526881456 -0.096733503 -0.522843063 -0.117848419 0.599562705 -0.692483783 -0.635887027 -0.0712191761 0.944140851 0.848720372 0.0965311155 0.260714978 -0.0437573679 0.609271109 0.168600753 -0.168904588 -0.182597667 0.592977762 -0.702363372 -0.382546961 -0.187398687 -0.000746666454 0.0305102486 0.668630362 -0.750407755 -0.189486027 -0.323289067 0.444124997 0.085857749 -0.204323426 0.344188511 0.377111822 -0.299940646 0.198040232 -0.612918258 0.080675818 0.788472414 0.398415744 -0.112396225 0.788084686 1.3434155 1.08287489 0.338771135 -0.185600683 -0.00216527679 0.922079027 -0.217470318 -0.688889205 -1.1571821 0.579553783 -0.0868812874 -0.191342741 0.572244644 0.279326618 0.0866579711 0.0646018535 -0.784112275 0.182176098 0.385138035 1.00010705 -0.864270031 0.769119859 1.21827805 0.322517514 -0.336498082 -1.14080584 -0.600152791 0.82156831 -0.235109016 -0.519158125 1.02396286 -0.103539579 0.551387072 0.191634372 0.81363219 -0.417965889 0.245704353 0.371813148 0.448885322 -0.353102982 -0.00528198993 -0.762334585 0.199998572 0.823221147 -0.516723633 -0.555222929 -0.413251102 0.279533327 -0.789926529 -0.113245822 0.183565095 -0.137126788 -0.557202399 -0.0205759425 0.176583722 0.106993087 0.731351018 0.0404291041 -0.0699738562 0.0175554007 0.371153563 1.23408592 -0.786888719 -0.0181321204 0.0957318991 0.142408758 -0.152040154 0.0581824072 -0.198010445 -0.169457495 -0.0597029738 -0.615567088 -0.242772773 -0.3858082 -0.527632535 0.897749007 0.671265244 0.215644851 -0.745270193 1.0099498 -0.157213151 0.127886564 0.17210719 -0.143139929 -0.118513569 0.0287487898 -0.32775265 0.0403778479 -0.827759326 0.342429638 -0.334750235 0.488273978 -0.330445766 -0.121437266 -0.501784503 -0.864214003 -0.41160354 -0.799008906 -0.127269924 0.0821315795 0.5259552 -0.0864876956 -0.200169325 0.280676365 -0.107202366 -0.0799097419 0.0909703001 0.0493325479 -0.651042998 0.100058734 -0.0687006786 0.748514354 -1.20112431 -0.291017205 -0.268796384 0.122110486 -1.21871626 -0.0312853009 0.950298727 0.234039858 0.286567926 -0.462011755 -0.883748651 0.120563664 0.426569879 0.224841282 0.850704193 0.543575168 0.635715306 -0.064940691 -0.327931821 -0.710006237 0.0713921189 0.641739666 -0.48314929 0.0817208067 0.734557092 0.741761327 -0.838853896 0.0246016141 0.046185676 -0.193450734 -0.263353795 -0.777709305 0.529111385 0.835156441 1.32382059 -0.373334765 0.167357728 -0.0017052961 -0.423457712 0.0816978142 -0.17794013 -0.615071237 -0.462622643 -0.256480008 0.156594038 -0.283070534 0.374969482 0.0740706846 0.229085982 0.36100328 -0.213074267 -0.12086533 0.116800964 -0.0674732849 -0.540531576 0.579508126 0.774297416 0.0157439355 -0.00717945211 -0.34984836 -0.357560337 0.00175233989 -0.130209178 0.53712064 -0.246534899 -0.198234871 0.400510252 0.618502319 -0.290204346 0.263424605 -0.974830687 -0.0312224701 0.251108319 0.495390713 0.271962613 0.403241485 1.2299937 0.585026801 -0.0642489344 -0.234529346 0.149650991 0.731356263 0.356058419 -0.00237598363 -0.652015805 1.01900744 -0.605444789 -0.345587492 -0.120224878
s 3 slot 3 300 -0.0835464671 -0.0906799436 -0.171934009 0.111615323 0.152679369 0.180188656 0.192646384 0.141194135 0.122779064 -0.145109698 -0.239317521 -0.0417048372 -0.208099976 0.0900236368 -0.263522476 -0.0583222993 -0.0955914557 0.160404161 0.0165635534 -0.0668270662 0.262629807 0.270946264 0.0772051811 -0.184748441 0.206177935 0.215929031 0.277495891 -0.188659683 0.0882595405 -0.0936640128 -0.1407758 0.21834594 -0.0172310024 0.169431716 -0.0642936975 -0.16732204 0.0642490983 -0.177971274 -0.104679234 0.0760676861 -0.0231643487 -0.0443897918 -0.0888815224 0.061181929 -0.0759838149 -0.0963152051 0.198306605 -0.19581081 -0.108921342 -0.201130211 -0.150756672 0.113344081 0.109640919 -0.00214036694 -0.220250994 0.0703215227 -0.216520429 -0.212170154 0.237112477 -0.136697292 0.209408626 0.220908016 0.0350553617 0.139187664 -0.177103803 0.222887889 -0.199623182 -0.169466749 -0.295976192 -0.0518234894 0.0930152088 -0.245426372 -0.0399533138 0.060242828 0.231672004 0.213046804 0.120042346 0.202138811 0.0163216572 -0.273384839 -0.104957521 -0.124680109 -0.0961833075 0.148173273 -0.29145658 -0.219552055 0.0579602718 0.0637658909 0.102769412 0.270079494 -0.000721881865 0.249068394 0.104021817 -0.244940892 -0.20540145 -0.104537718 -0.171608865 -0.159891441 0.0959363654 -0.0863044113 0.186175987 0.159916922 0.06903366 -0.0701234713 -0.0909710005 -0.04132827 0.232982606 -0.248534888 0.0193034764 0.284967363 0.00596751459 0.181478411 -0.0113178715 0.179047614 -0.237274826 0.195963189 -0.140131697 -0.183235496 0.124498174 0.0364003852 -0.18737033 -0.172117129 -0.297367454 0.0544824861 0.0138791436 0.282207549 0.284601867 0.284939647 0.0790341273 0.196340442 -0.169579864 0.202991247 0.140442923 0.272594631 0.125487521 0.135555536 0.197382763 -0.291441619 0.0935340375 0.211636469 -0.265766919 0.0131689794 0.154544637 -0.0996471867 0.126979515 0.128274232 -0.037988741 -0.179894149 -0.0195999425 0.0296224579 0.21636723 0.263166755 0.294183224 -0.0583524182 0.0964146927 -0.155727059 0.0471804775 -0.176849589 -0.189413443 0.225025296 -0.274290532 0.246424139 0.105002247 -0.0534541793 -0.156009465 -0.130934626 -0.258078247 -0.0980064571 -0.252098292 0.0471948162 -0.144351333 -0.0901129916 0.120677717 -0.19457911 0.12320663 0.071203582 -0.298591375 -0.272522509 -0.259370446 0.184762284 0.125102773 -0.0911352187 0.201131776 -0.223644197 0.0340540558 0.229054287 -0.240070641 0.0557039231 0.164989024 0.114520498 0.216886356 -0.12817435 -0.190116301 0.0716809928 0.283315212 -0.279821992 0.184959933 0.219357967 0.150491655 -0.107949831 0.224251166 0.223011747 0.26965335 0.0725158527 0.0277922247 -0.109408103 -0.144663349 -0.168206751 -0.273418128 0.0561249256 -0.0252216011 0.217061073 0.0480058268 -0.134369001 -0.255449027 -0.194070756 -0.0961640477 -0.100067176 0.230785429 -0.194766283 -0.130794734 0.295943886 -0.150605932 0.206181079 0.201336548 0.0261186007 0.138326064 0.149973676 0.0313838087 -0.146469936 -0.123621792 0.21083799 0.0279418379 -0.198369935 -0.0722642317 -0.010395132 0.153662726 0.0836271197 0.260616362 0.101125076 0.158849582 0.226392373 -0.112497382 -0.0952154696 0.0813130066 0.101749383 0.00441124337 -0.0557564236 0.125581011 0.180135146 0.231171846 -0.221017614 -0.0105536487 0.11404635 0.143125266 -0.0765395686 0.11640086 -0.254701167 0.288687021 -0.0256291926 -0.28049919 0.0482402146 0.0855399147 0.0525214933 -0.256498456 -0.221412167 0.224272132 0.237355754 0.226877123 0.282771826 0.039914798 -0.0210798495 -0.226321384 -0.144568324 -0.052153457 0.241698176 0.059621077 -0.0280473344 0.0896103978 -0.102996379 -0.269724548 0.257035106 0.225308597 -0.283834636 0.0648955181 -0.175393671 0.284668237 0.193292171 -0.0333821587 -0.28320545 0.0140238171 -0.243210748 -0.180539146 -0.269850075 -0.234183356 0.186802953 -0.261199385 0.185969949 0.164691225 0.0398039035
y 3 slot 3 300 -0.325865895 -0.3526375 -0.484481812 0.272648722 0.581254005 0.221060082 0.816942632 0.219442606 0.446551859 -0.454175055 -0.327796072 -0.079598695 -0.717236996 0.0857383236 -0.494183391 -0.24959974 -0.203511804 0.404727846 0.00904039759 -0.14472416 0.411637932 0.357149661 0.368884921 -0.730112553 0.90831089 0.800165713 1.31363416 -0.630272448 0.334763438 -0.367506415 -0.553665042 0.229941308 -0.055971507 0.202243298 -0.190924019 -0.153476 0.171688348 -0.494733632 -0.368249714 0.238347724 -0.0411252156 -0.147633404 -0.297429919 0.294446975 -0.109169446 -0.244745329 0.716578543 -0.392093629 -0.125902697 -0.631244123 -0.248649865 0.373550594 0.49565345 -0.00639402261 -0.229855284 0.116811492 -0.835495591 -0.235142842 0.196233511 -0.352836609 0.124586053 0.714722276 0.0908177122 0.276218176 -0.533294559 0.925229311 -0.445203185 -0.558206141 -0.928641438 -0.108648337 0.187082678 -0.681832552 -0.195803002 0.249408513 0.353977472 0.378681481 0.261584044 0.963590741 0.0335182399 -1.16660655 -0.0506762564 -0.581673503 -0.396998554 0.413570732 -0.270287037 -0.794029713 0.0808814764 0.0350646488 0.341086894 0.768977225 -0.00192209671 0.280191451 0.44121635 -0.883477986 -0.320971161 -0.283397675 -0.679238975 -0.456309468 0.313507378 -0.391653568 0.855751693 0.345026881 0.234105825 -0.0610401183 -0.459747672 -0.039319776 0.917053878 -1.11582351 0.0544094183 0.277906924 0.00181928382 0.470338315 -0.0522994772 0.12078575 -0.149704009 0.525425673 -0.448854864 -0.32608965 0.482674897 0.150727287 -0.530742049 -0.794206262 -0.645230293 0.0610803999 0.0666341633 1.04660249 1.02347553 1.02020395 0.223669514 0.897638559 -0.19753769 0.854539871 0.154201537 1.01575482 0.289238989 0.165967196 0.240083098 -0.60851413 0.272144139 0.811950028 -0.844659328 0.00790402945 0.601587057 -0.460157335 0.421833754 0.613560438 -0.0435672887 -0.648885429 -0.0264644511 0.0180492885 0.138822302 0.939789534 0.252310246 -0.222467586 0.201452315 -0.508027434 0.0710130259 -0.222122818 -0.145803794 0.558182716 -1.18573678 1.21342802 0.0998455808 -0.0533934273 -0.105013497 -0.0697608814 -1.1959033 -0.133062005 -0.266636014 0.103956982 -0.388934493 -0.336621821 0.579535127 -0.66893214 0.573286533 0.306663483 -0.332533181 -0.814727843 -0.9356848 0.867370605 0.102768764 -0.130206108 0.248834044 -0.415528744 0.104278699 0.762010455 -0.80730772 0.271464318 0.420469999 0.230415255 0.45801115 -0.241152957 -0.352859914 0.211268753 0.831816018 -1.34325743 0.690925002 1.03895402 0.322862208 -0.291544408 0.138838693 0.155040503 1.3113364 0.224115178 0.0204755329 -0.0759410486 -0.176451668 -0.604677081 -0.235969648 0.170875758 -0.0674177483 0.910599649 0.0628222302 -0.461114526 -1.08777916 -0.846472323 -0.174731746 -0.374340624 0.485207021 -0.198100358 -0.245332688 1.12316871 -0.107100345 0.861261785 0.694780886 0.0857672691 0.391387045 0.48115626 0.0422874019 -0.513359785 -0.316400051 0.500326455 0.0968749225 -0.347004652 -0.0471043736 -0.0377924256 0.388827085 0.255618602 0.334562868 0.405855745 0.286254138 0.618353426 -0.364149153 -0.221556053 0.38617143 0.469170213 0.0154567938 -0.198945135 0.433986694 0.659477472 0.157890365 -0.200517356 -0.0467298292 0.576711595 0.187338993 -0.0605026856 0.132300869 -1.11680591 0.763312161 -0.102521002 -0.375911891 0.126062661 0.273218125 0.190086916 -0.160249159 -0.615970373 1.05971491 0.709115624 0.147481143 0.69611764 0.170467213 -0.0752571002 -0.599507093 -0.380071104 -0.185868084 0.569126308 0.123333469 -0.0640062243 0.317916512 -0.158106074 -0.539901435 0.992281318 0.171359628 -0.696537912 0.170000449 -0.534472823 0.736142397 0.799287498 -0.0713849142 -0.300797909 0.0190909486 -0.450306565 -0.857794881 -1.22581315 -0.210835859 0.417189091 -1.03210747 0.51764971 0.363274992 0.0844834372
s 4 slot 4 300 -0.0778374374 0.231100813 -0.188108459 0.0257659983 -0.276846409 -0.111536637 0.22700201 0.0443423502 0.0660796463 0.248730615 -0.216906801 -0.232735634 0.264411569 0.261789858 0.0120554361 -0.148178309 -0.246300623 0.187483028 -0.139241487 -0.00997044612 -0.0589390844 -0.126025051 0.23594512 0.202144787 -0.234949052 0.00734666176 -0.0458740741 -0.0547941923 -0.174908265 -0.219989046 0.0980323106 -0.0521289408 -0.221209913 -0.200024739 0.152220771 -0.164152563 -0.184174046 0.0573184453 0.0910697505 0.162444934 -0.157986239 0.118186139 0.283501238 -0.133203298 0.0908853337 0.0676482618 0.134759948 -0.296070039 0.199668437 -0.166491002 -0.261176467 -0.163341537 -0.220618278 0.0995335653 0.285660386 0.0515871905 -0.213140965 -0.156507105 0.0251161456 -0.189458355 -0.176852196 0.00636939844 0.152651966 0.13159512 0.0351194218 -0.118708 0.032332316 0.0601876862 0.223517165 0.162820771 0.217243433 -0.102426589 0.207928091 -0.163114041 -0.00174672389 -0.197074443 -0.0414453223 -0.11969687 0.00760984281 0.127609953 0.123665258 -0.109387606 -0.158293217 0.26924029 -0.042245876 0.20114395 0.100321069 -0.234612837 -0.130662188 0.2057181 -0.20026125 -0.0576648824 0.281470746 -0.137737527 0.164021641 -0.201874629 0.103425682 0.0423861668 0.22444351 -0.137910247 -0.268200517 -0.231224865 0.0821890235 0.268000752 -0.105993398 0.0124655487 -0.101738565 0.22562699 0.254922092 0.236661285 -0.160179853 0.0635683313 -0.0965189487 -0.132424682 0.0914083496 -0.258903623 -0.200451046 0.0872368589 0.230086029 -0.236582115 0.0270702709 0.193510368 -0.258240521 -0.257326484 0.259188622 -0.295305103 0.195623919 0.24392058 -0.000909492548 -0.165582269 -0.0754428208 0.183294848 -0.137244314 0.249825284 -0.224538282 0.294285625 -0.00488391705 0.199856311 -0.122568533 0.26678887 0.241696686 0.0738068819 -0.168637052 -0.210151017 0.118710205 -0.0307568815 -0.108516149 -0.0550701134 -0.11588189 0.247057319 -0.170736969 -0.220287904 -0.0082167536 0.213955015 -0.0779745206 -0.171509042 0.291162252 -0.135818958 -0.259274155 -0.262866884 0.0567298941 0.00373381865 0.185738236 0.131044298 -0.187017798 0.121308483 0.00717461109 0.0269473195 0.0648659766 -0.110552758 0.291741937 0.0145762973 0.00276740221 0.126066759 -0.0540125743 0.191722691 0.0572165959 0.160673514 -0.271158755 -0.178635493 0.272583783 0.283817947 -0.21825096 -0.00164863677 0.268434167 -0.0180079862 -0.109023876 0.292739689 -0.292108715 0.225894153 -0.197454557 0.0990476459 -0.261146933 -0.0737590417 0.282197505 -0.254922986 -0.269804925 -0.171863064 -0.0542487502 -0.191696033 0.0105050309 -0.155076295 0.278254539 -0.0767526776 0.0456113517 -0.192523405 -0.211399198 0.204118341 0.262932181 0.0980046988 -0.028390469 -0.0333671719 -0.225546747 -0.168147981 0.0416827612 -0.221690506 0.16621621 -0.28487289 -0.0974472538 0.115685754 -0.053170152 0.0181237645 0.228655681 0.20491676 0.190284729 -0.267806917 -0.0996985734 0.0799472928 -0.266070783 -0.0210350379 0.0904334709 -0.285404444 -0.0657437146 -0.287195712 0.225015417 0.0445123538 -0.100740053 -0.198155239 0.0389536805 -0.00907051377 0.0972096622 0.298123062 0.298040777 -0.0986743122 0.0520966277 0.0720370933 -0.272385627 -0.0744181201 0.247418582 0.220455825 0.223203018 -0.188207716 0.285235167 -0.260280252 -0.000144398829 0.205505773 -0.0242792033 -0.233711407 -0.215514645 -0.0934955627 0.221886635 0.118287787 0.112297371 0.263604641 -0.000796657812 -0.0289677735 0.29363969 0.259741306 0.0566425547 0.0897067189 0.159577101 0.08966811 0.158806697 0.149899289 -0.187738478 -0.207157448 -0.076833047 -0.0322470479 -0.299921721 0.261604488 0.177778989 -0.108964249 0.0242891088 0.15859206 0.123841874 -0.0689130351 0.0326999985 0.183408767 -0.129034087 -0.00861155055 -0.102389798 -0.0638515279 -0.153980374 -0.131651327 -0.144022554 -0.187944293 -0.143207103 -0.202168331 0.0163130425 0.17693609
y 4 slot 4 300 -0.305604696 0.917557836 -0.536700964 0.0624215454 -1.05496323 -0.133585617 0.960661411 0.0693756416 0.240911156 0.777145505 -0.292061329 -0.441648513 0.910382986 0.246355474 0.0218626559 -0.620505989 -0.51326859 0.478022754 -0.0793959871 -0.0211352147 -0.0946930274 -0.168188512 1.13272548 0.79882139 -1.03779042 0.027466977 -0.216329157 -0.181514844 -0.674311399 -0.867430747 0.382411361 -0.0542866178 -0.702382326 -0.247048885 0.439584494 -0.152045175 -0.495782524 0.157818019 0.327008903 0.501464307 -0.287178338 0.395234048 0.938605845 -0.647839427 0.13802658 0.171082735 0.487241983 -0.596328974 0.232303739 -0.525981367 -0.419307947 -0.543233275 -1.00198781 0.09039931 0.301958412 0.0855816677 -0.820063412 -0.170541227 0.0206844695 -0.487125695 -0.103329428 0.0207299776 0.417848587 0.265824556 0.104655951 -0.493976623 0.0720408335 0.197213992 0.707496822 0.338587672 0.426715314 -0.286445379 1.03657317 -0.677371621 -0.002230627 -0.354448915 -0.0901271626 -0.569904208 0.017251499 0.541577578 0.0638365 -0.513963819 -0.659597516 0.748412371 -0.0383380912 0.729339361 0.146370292 -0.133422807 -0.432904094 0.584533632 -0.810547054 -0.0639939681 1.19753313 -0.498445988 0.260864198 -0.532950342 0.41026482 0.121592194 0.7375561 -0.63043505 -1.22550166 -0.501245081 0.285648316 0.227336124 -0.528754473 0.0128914798 -0.397877157 1.00966132 0.749064744 0.226786569 -0.126155227 0.165778354 -0.448796719 -0.0919391885 0.0540819988 -0.690572441 -0.639312029 0.152769849 0.884358823 -0.981957436 0.0766300708 0.893539906 -0.561327815 -0.287472606 1.21256435 -1.09837008 0.704699099 0.869396985 -0.00286293239 -0.757883489 -0.0883242562 0.765989184 -0.145600185 0.937207699 -0.508011341 0.372851014 -0.00672763353 0.413951159 -0.351318657 1.02237153 0.766787887 0.0615419075 -0.659008145 -0.974349916 0.398392618 -0.147155926 -0.10501688 -0.199475735 -0.159293339 0.207572952 -0.112835698 -0.77910769 -0.00704871677 0.809788883 -0.163110927 -0.560403526 0.435192823 -0.168512404 -0.198781013 -0.651780248 0.244541094 0.0174167044 0.178188503 0.133124739 -0.123961702 0.0714020282 0.0339285731 0.0368164182 0.0700513721 -0.238467053 0.781854033 0.0544422865 0.0127521083 0.432602227 -0.249725714 0.821965039 0.0640018955 0.476407528 -0.976518273 -0.834803402 0.223254025 0.41327247 -0.272375971 -0.00333169918 0.821502805 -0.0601786822 -0.366831332 1.41889536 -0.747666419 0.454181015 -0.416282266 0.184301168 -0.486655325 -0.218105629 0.830829203 -1.22078657 -1.0039506 -0.814673066 -0.114506602 -0.517315865 0.00648731366 -0.104618631 1.35330665 -0.236276031 0.0336602218 -0.128012106 -0.253452003 0.736568272 0.228738531 0.292800426 -0.077268742 -0.138975739 -0.290700287 -0.569926143 0.178134531 -0.961256564 0.303195298 -1.06624365 -0.204608172 0.117665321 -0.0977122039 0.068798542 0.154732049 0.857971907 0.658676863 -0.919382453 -0.277681112 0.258202136 -0.384873688 -0.0739070773 0.235944405 -0.665251911 -0.215034559 -0.503676116 0.159494787 0.186306387 -0.255289316 -0.601804078 0.04936013 -0.0358684771 0.172728688 0.818062246 0.955651164 -0.236800209 0.248878986 0.331862062 -0.778928459 -0.26776728 0.855787933 0.810457289 0.153824776 -0.169988975 1.22635686 -1.29958642 0.000621185754 0.176642567 -0.0282128956 -1.02221179 -0.574564576 -0.357827246 0.301233798 0.313652426 0.358657748 0.937917411 0.000251256773 -0.0798192918 1.39751339 0.773125172 0.0359076113 0.220972568 0.671660781 0.289303392 0.41960153 0.393166214 -0.670505404 -0.486008763 -0.155729726 -0.0656154454 -1.04965031 0.397063255 0.358529836 -0.418900162 0.0189375114 0.3903189 0.332399935 -0.208012402 0.0844186097 0.754385829 -0.270209581 -0.00990594178 -0.152830139 -0.119647771 -0.735704482 -0.597744882 -0.127086133 -0.424726039 -0.566362917 -0.562961459 0.0365487374 0.393331707
s 5 slot 5 300 -0.258824885 -0.232562989 0.25017035 -0.0844260976 -0.0198136941 -0.106437527 -0.225355476 0.23183164 0.266689688 0.232398212 0.175788477 0.184948593 0.254278898 -0.135267526 -0.177792951 0.204701498 -0.0692061931 0.141417444 -0.0140419295 0.15609096 0.285822868 0.238804042 -0.0404635333 -0.270249337 0.183307096 -0.00302613061 0.223234475 -0.0694541931 0.187674835 0.184537306 0.280737817 -0.223605841 0.123748019 -0.263581872 0.252665043 -0.225269303 -0.147505566 -0.244532943 -0.146697164 0.00293016201 -0.285362244 0.286040395 0.0195080973 -0.0116505818 0.150756538 0.00471815094 -0.230270088 0.0716973916 -0.221614063 -0.0124486843 -0.181047648 -0.128856599 0.104185119 -0.173144624 -0.113602363 -0.062722221 0.150810763 0.0753696784 0.12529324 -0.191822872 0.2513524 -0.0555759408 -0.195715487 0.0630252287 -0.222400919 0.184740394 0.0776170716 0.0813691393 0.233959094 0.282186121 0.25968799 0.0244673043 -0.114939637 -0.247621879 -0.106762499 0.117148884 0.285322785 -0.00716118328 -0.1739593 -0.174296603 0.270256847 -0.0361937843 -0.0978808329 -0.143552721 0.2709876 0.130156919 0.023026254 0.0888529941 0.0604758151 -0.179401308 0.293058127 -0.15737693 0.155481949 0.0758780241 -0.0820604265 0.0132148387 -0.161253005 0.0589179546 0.295554221 -0.138163686 0.224104822 0.0213273112 -0.198720858 -0.280630678 0.028751215 0.165291458 -0.0241767727 0.234944567 0.25013575 0.0465774015 0.200025752 0.181205556 0.128070846 -0.0299149062 0.0955541357 0.250431001 0.148580164 -0.212677106 0.228679836 -0.154641539 -0.1838658 0.209344 0.272843927 -0.063069053 0.00851561781 0.020016415 0.189107448 -0.0747781098 0.201479763 -0.131543621 0.212419584 -0.0992633998 0.0735770389 0.138979226 -0.172149822 -0.188849315 -0.0616685674 0.271719128 0.157003969 -0.258556038 -0.165859133 -0.0291744638 -0.2149297 0.00595630845 -0.221550524 0.282964438 0.291636467 0.1111812 -0.274426252 -0.238141298 -0.0500362404 0.0136207668 -0.130937263 0.171785176 0.126175404 -0.173622087 0.199841782 0.116638884 -0.0264100656 0.222314671 0.282631576 -0.210693106 0.156898782 -0.250201374 -0.186048657 -0.159683302 -0.155967951 -0.17805995 0.178157538 -0.0374502465 -0.0174388681 0.118125066 0.172374412 0.133885518 -0.0963354334 0.207067654 -0.298027247 0.0398762748 0.0431363918 0.146566451 0.281612128 0.0846487507 0.101776861 -0.297810555 0.0874954388 0.255852342 -0.239601403 0.241277814 -0.10827896 -0.00512683205 0.0448938273 0.0526677296 -0.137803793 0.0893459246 0.125692189 0.0793536752 0.164168283 -0.208789691 -0.181689635 -0.0520580895 0.276434451 -0.182032347 0.27274406 -0.0101133045 0.0812242627 -0.287103862 -0.0559242554 0.22732693 -0.0536661968 0.16107285 -0.184290484 -0.131856248 0.116508663 -0.229284793 -0.0169347376 0.00637790887 -0.258886933 0.0397994034 0.0496671312 0.179642007 -0.200930282 -0.0445542373 -0.253284901 -0.12906602 0.00692820223 -0.106773697 -0.0992303342 0.0718088597 0.194105834 -0.116110153 -0.0126282228 -0.0310694333 -0.175843909 -0.236926749 0.0806252435 0.186940983 -0.140298009 -0.0311575234 -0.0518650748 0.164876819 0.00749766733 0.0719598681 -0.0798807815 -0.27546677 0.272341102 0.195049599 0.130878314 -0.194195956 0.0288227387 -0.170755252 -0.159700692 -0.0832575709 -0.217857212 -0.00298369443 0.232524335 -0.0830377713 -0.0646144748 -0.188546523 0.268990308 0.229519144 -0.278172821 0.071169205 -0.221043378 0.157626271 -0.228957698 0.208597958 -0.209626049 -0.0702603534 -0.0792603269 0.187987998 0.131614983 0.225857183 -0.235430673 -0.168177083 -0.256309628 -0.287689954 -0.126523063 0.199757889 0.11564222 0.164241821 -0.0667242557 -0.0189002622 -0.156554148 -0.0542185307 0.263837934 0.157222748 0.164929599 0.224735767 -0.118109144 -0.146284908 -0.193536818 0.292631119 -0.0213061161 0.269740611 0.0905416086 0.0560842939 0.129037187 -0.246758536 -0.148802668 -0.0980958641
y 5 slot 5 300 -1.01951909 -0.92907989 0.707402945 -0.2041336 -0.0730564445 -0.130087718 -0.959287047 0.364579052 0.973580003 0.72964406 0.241766393 0.345844626 0.882709563 -0.12839438 -0.33058238 0.859291613 -0.137944311 0.362551391 -0.00689439196 0.345168144 0.459849954 0.315387696 -0.196490124 -1.07577109 0.816705287 -0.00925460737 1.05610704 -0.223735675 0.728925824 0.723101199 1.09922707 -0.233616054 0.395030051 -0.318902612 0.735473454 -0.208062306 -0.396027744 -0.670722544 -0.532506526 0.00364686595 -0.523907542 0.95942241 0.069076024 -0.0574669316 0.222334161 0.012004598 -0.828823566 0.144839823 -0.263807297 -0.0464998595 -0.284645945 -0.429694593 0.478770077 -0.151969537 -0.120376281 -0.103030927 0.588351607 0.086568132 0.0967129767 -0.494764388 0.148161307 -0.183788478 -0.530976593 0.132323846 -0.657534361 0.773344874 0.179178223 0.268419623 0.73489821 0.590949595 0.503281474 0.0615247488 -0.576668859 -1.02564538 -0.157537088 0.217148691 0.609864533 -0.0302525368 -0.368799955 -0.739972293 0.135883018 -0.171785429 -0.409142315 -0.395973206 0.253146827 0.472546875 0.0340868644 0.0557069443 0.201885164 -0.515411079 1.18858874 -0.17404744 0.6643911 0.272600114 -0.133358762 0.0413340889 -0.63905561 0.169526488 0.975484252 -0.631586373 1.02074742 0.0482693315 -0.686467111 -0.228918567 0.148661986 0.167483062 -0.0942676961 1.05795729 0.736083984 0.0421677195 0.161508173 0.47612232 0.595962644 -0.0149418321 0.0625576228 0.670543969 0.472193897 -0.370295405 0.87715739 -0.639443576 -0.510990679 0.961205721 0.589960337 -0.0652340725 0.035393022 0.0763222873 0.680975199 -0.268529564 0.553914964 -0.595758855 0.242871359 -0.419544727 0.0736999288 0.527700841 -0.395283997 -0.233002335 -0.0822171941 0.564781368 0.452145278 -0.991923988 -0.52450031 -0.0190643594 -0.840436995 0.0202823561 -0.739398539 1.36296284 0.287877679 0.402247697 -0.378562123 -0.197055921 -0.0318203382 0.0418579169 -0.109291933 0.647606075 0.265237778 -0.570820272 0.299590796 0.145923704 -0.0197360311 0.547684252 1.22187281 -1.04394543 0.151192412 -0.263556153 -0.11833214 -0.0999822095 -0.719904125 -0.232292831 0.189059079 -0.0821410194 -0.0409064181 0.443852246 0.828945696 0.460252911 -0.445679665 0.886455774 -0.329841137 0.124126881 0.153664321 0.687335014 0.233434856 0.124413073 0.128783494 -0.564282119 0.265374273 0.839739859 -0.80602318 1.16454923 -0.27671051 -0.0145360539 0.0898303241 0.098725535 -0.257460028 0.256655335 0.376470298 0.3838498 0.610867321 -0.984024286 -0.386594057 -0.144360036 0.162250012 -0.126599222 1.3273803 -0.0334020667 0.0570894666 -0.188579515 -0.0666952431 0.818733573 -0.0500556901 0.477927625 -0.504102349 -0.549494922 0.146232516 -0.771942437 -0.0658094883 0.0309773721 -0.480429202 0.146465823 0.0978745669 0.179700479 -0.363434672 -0.167591855 -0.164734647 -0.541636825 0.0229136609 -0.361874104 -0.281032354 0.233362198 0.284269005 -0.411375016 -0.0381570831 -0.0786650181 -0.581205606 -0.418633729 0.0511660837 0.776439786 -0.352780193 -0.0999290422 -0.0708788186 0.665368736 0.00692655658 0.203337833 -0.252356797 -0.668126762 1.30351889 0.899133742 0.368647307 -0.699903846 0.103384018 -0.620387971 -0.110145874 -0.0722070038 -0.937494397 -0.0211349484 0.31546554 -0.0763980076 -0.0755177736 -0.817872286 0.721469998 0.882049203 -0.383727014 0.191476792 -0.706497133 0.55883348 -0.147238433 0.582924426 -0.991806448 -0.213202566 -0.0530634187 0.463500559 0.551185489 0.735236645 -0.618042588 -0.440809697 -0.914210975 -0.680347204 -0.257390708 0.407184184 0.404928684 0.255494833 -0.138668254 -0.0717803389 -0.115824722 -0.131587178 0.711861074 0.480621308 0.431053698 0.91938436 -0.249172062 -0.155673996 -0.288675934 0.54021132 -0.10786318 1.2271899 0.0860318318 0.13210468 0.511533916 -0.691850066 -0.324850172 -0.210270315
s 6 slot 6 300 -0.150991186 0.143209189 -0.295468003 -0.182538569 -0.230662391 0.0887349322 0.0742430538 0.0517572425 0.0638895258 0.2589643 -0.0574829429 0.263849646 -0.174716666 -0.170452282 0.112182833 0.24794209 0.223415643 0.194490954 -0.101116307 0.176244065 0.176717579 0.180385515 0.00145734905 -0.0710548162 -0.150936693 0.148839369 0.134587184 0.22361891 -0.150267541 -0.206723019 0.00215574889 -0.183412984 0.0660557225 -0.0353580453 -0.0828978643 0.122485138 -0.158134848 0.0550548248 -0.273234725 -0.125142649 0.227216661 -0.151737183 0.274245977 -0.210457385 -0.103516079 -0.0632716641 -0.0343855396 -0.0708800331 0.215080604 0.0557629354 -0.0781933889 0.262087226 -0.295592427 0.293450236 0.0316071697 -0.0132090589 0.249818221 -0.246689931 -0.202682689 0.175296471 0.147173211 0.00639693905 -0.0918952003 0.180712745 -0.12935859 -0.186370805 -0.293856204 0.183999106 0.296956092 0.143186659 0.26722005 0.00140601257 0.100022987 0.0472657606 0.089446269 -0.18838647 0.232491612 -0.253743112 0.0488105677 0.0687176064 0.079612121 0.0749494508 0.279426724 -0.148025945 0.29612568 0.206862167 0.210067153 -0.10934969 -0.0528092533 0.214866787 0.16023609 0.0552341864 0.263985991 0.250907332 0.0319251642 -0.276798993 -0.125054643 -0.176936775 -0.0201622732 -0.146224737 -0.00664489716 0.171996042 -0.000590223412 -0.143288568 0.16977039 -0.202032477 -0.15132235 0.234140828 -0.00509567093 0.0206450708 -0.223677933 -0.0339591056 -0.0381167084 -0.156386346 -0.0206058118 -0.060301017 0.223460555 -0.269109368 -0.111175284 -0.122151151 -0.0453796797 0.15378584 0.0758521855 -0.0733248368 0.0612907819 0.297671676 0.261128187 -0.22152254 0.104367457 -0.0452258028 -0.153119564 -0.174331009 0.0347143859 -0.189017251 -0.00310850679 0.113248311 0.221001849 -0.106959373 -0.244864121 0.0703413412 0.167675629 -0.210505471 -0.110914618 0.274389833 0.296090215 -0.00573535915 0.23072885 -0.141596764 -0.102314122 0.0831718519 -0.202476814 0.273681164 -0.0733829066 -0.046069745 -0.271209329 -0.0105276061 0.0965323597 0.25259462 -0.293518722 0.00895001553 -0.251683325 0.20379208 0.0765457451 0.19890143 -0.0208236445 -0.0647233799 0.0192469433 -0.156154051 -0.250358284 -0.276860565 -0.178749979 0.085995689 -0.0471658632 -0.0660236776 -0.175789595 0.261897802 -0.114636824 -0.259697378 -0.0979780331 0.0355074443 -0.151880145 0.0999915004 0.0576379783 0.0396745093 0.0357829854 -0.0134957414 -0.243355662 -0.210376441 -0.0310103111 -0.0726358667 0.073979415 -0.154737458 0.026219707 0.140852958 0.0662384033 0.118127279 -0.246615678 0.0897837058 0.129495397 0.284149289 -0.0215476733 -0.0392152928 -0.00561744673 -0.127829611 0.0311841536 0.276686579 -0.184175074 -0.162404522 -0.258625478 0.270849347 0.206478 0.173218936 0.107150793 -0.237276107 0.0378571264 -0.157643527 0.146791965 0.13520056 -0.0983110666 -0.181057319 0.273219764 -0.0944780782 -0.0316082016 -0.0212518889 -0.0318174288 -0.261569887 0.0999237895 -0.0710076541 -0.247980073 -0.0404211842 -0.189578101 -0.150448814 0.185728282 -0.293623865 -0.0301227793 0.216416895 -0.185868844 0.279920191 -0.197227806 -0.29834953 0.120508984 0.23737137 -0.108129568 0.00198030914 -0.107480936 0.171434626 -0.0322193503 0.185624346 -0.241258711 0.245754346 0.143244714 -0.277490944 0.00613566162 -0.057092499 -0.204216748 -0.0406616889 0.240147322 -0.0123434663 -0.0917339027 -0.223755226 -0.0264010392 0.0641150102 0.0438820422 0.231267154 -0.0302201118 -0.105719641 -0.017077608 0.18246913 0.285801172 -0.0102394931 -0.28191182 -0.147461191 0.178160042 0.0954198092 -0.132601753 0.271644354 0.135624424 -0.191459626 0.149813965 -0.0496371984 -0.212711453 0.211733997 0.0691756606 0.0756148323 0.134762734 0.012069148 0.054898534 0.129997447 0.016034117 -0.269829571 0.0753674209 0.126748398 0.0731968433 0.206138641 0.294127643 0.223133802 0.193294823 -0.199356318 0.265354604 -0.188487142
y 6 slot 6 300 -0.582919776 0.571215212 -0.837513089 -0.441438526 -0.88417381 0.104345024 0.32494536 0.0794863775 0.226372123 0.800609946 -0.0804540366 0.512010515 -0.618793964 -0.159378558 0.213619947 1.03958273 0.457195491 0.501423061 -0.0598264076 0.377809495 0.283739001 0.248744965 0.0157633927 -0.265866309 -0.678743482 0.547697902 0.630609989 0.734604299 -0.58377105 -0.807017922 0.00719109969 -0.195882857 0.20676586 -0.0475574024 -0.244600788 0.106400058 -0.425932288 0.149982706 -0.976484001 -0.378853649 0.427498341 -0.519723237 0.902114868 -1.01546657 -0.151643321 -0.158723831 -0.131960183 -0.148269221 0.262163788 0.187823012 -0.127929196 0.879736543 -1.35227311 0.260940343 0.0299753863 -0.024548728 0.94610256 -0.272934377 -0.163198203 0.459110916 0.081679672 0.0238115359 -0.255256683 0.361989081 -0.391260952 -0.782115161 -0.662743807 0.603773117 0.938861609 0.285960257 0.536012411 0.0148104336 0.502072215 0.189946815 0.126056731 -0.346935868 0.514595628 -1.21937883 0.0905280635 0.298161715 0.0435570888 0.347769767 1.16042328 -0.421316594 0.261154413 0.744651377 0.314383507 -0.0726007298 -0.179195583 0.62278533 0.642777145 0.0541600101 1.11753654 0.907962501 0.049624417 -0.733141899 -0.498189479 -0.51037544 -0.0757789314 -0.677059889 -0.0297358651 0.370590627 -0.00420922926 -0.138347313 0.843766093 -0.203549609 -0.601149797 1.03693378 -0.0128317941 0.0156382434 -0.181030393 -0.0919636264 -0.178633019 -0.116983496 -0.0124841603 -0.169503599 0.719109654 -0.472389787 -0.432076544 -0.5130862 -0.138701349 0.724342644 0.170426115 -0.0958756506 0.295109719 1.10706937 0.948548615 -0.792764664 0.300560415 -0.221269384 -0.167209983 -0.727282047 0.0395620763 -0.71190846 -0.001805229 0.137716398 0.28245014 -0.217877567 -0.712097585 0.270715833 0.530272603 -0.182566285 -0.426790297 1.28690863 0.990735352 -0.0369578078 0.218380138 -0.518512368 -0.13667798 0.0727423802 -0.129854724 0.970221519 -0.0693200529 -0.164061606 -0.569889963 -0.0244288407 0.140539542 0.314393342 -0.225211248 0.0292390008 -1.08801341 1.01911628 0.0735913217 0.220242873 -0.0264445934 -0.0338714756 0.0797737986 -0.222453415 -0.270158976 -0.598033488 -0.489301503 0.307479322 -0.220469713 -0.226544648 -0.820546925 1.12326896 -0.132442549 -0.774309516 -0.344690502 0.156573012 -0.133838475 0.138009891 0.0709324703 0.0830355957 0.115881681 -0.0316559598 -0.825918436 -1.00888264 -0.0772797763 -0.135344177 0.165326029 -0.285986423 0.047489617 0.430215776 0.180460945 0.561671495 -0.921540916 0.412566543 0.27143684 0.777079284 -0.0103391185 -0.0250665974 -0.0299871955 -0.38928178 0.0350421034 0.184934422 -0.214742929 -0.586170495 -0.220268905 0.810768366 0.557745695 0.715797484 0.145487949 -0.804784417 0.147136644 -0.68214643 0.283676356 0.511888862 -0.193976536 -0.176839545 0.492586732 -0.360184759 -0.0289501268 -0.0823360011 -0.102412023 -0.902954221 0.279750228 -0.223742411 -0.362130612 -0.142446503 -0.490835905 -0.350090057 0.612726986 -0.506762147 -0.0134318713 0.905027688 -0.477764159 0.859726131 -0.243940964 -1.20631588 0.224827975 0.640309751 -0.350338489 0.00530943554 -0.520404756 0.780668378 -0.0833084583 0.666206241 -0.843204856 0.889362395 0.101609811 -0.258595943 0.0301202405 -0.281817764 -0.285895735 -0.0311396234 0.280356735 -0.0695029348 -0.246322289 -0.858478189 -0.0291469693 0.165997088 0.141213357 0.82138288 -0.0257848799 -0.301277012 -0.0830200613 0.549068034 0.177035481 -0.0229596682 -1.18388414 -0.477231115 0.464445949 0.250715911 -0.478974551 0.647330582 0.272568226 -0.384833813 0.517859459 -0.0883183703 -0.425245315 0.808287621 0.0438349657 0.179649159 0.362546563 0.029976489 0.147701129 0.539599717 0.0426595733 -0.274297506 0.116866902 0.2468054 0.356725305 0.931721151 0.251563042 0.499070287 0.76006341 -0.540930331 0.577398837 -0.430728853
s 7 slot 7 300 -0.0387529694 0.195642531 -0.0958632603 0.170666292 0.295971364 -0.285460442 -0.213306352 0.195453033 -0.154514238 -0.0403277948 -0.124780566 -0.220894605 -0.227074698 -0.0829496086 0.173305809 -0.195459291 -0.16852124 -0.141501978 -0.277995825 0.273479283 -0.0364866816 -0.1321266 -0.238731936 -0.040934138 0.188036531 -0.245479271 0.214272082 -0.0913616121 0.279265851 0.10223534 0.0116953282 0.265908778 -0.245790452 0.124489903 -0.140963346 0.234788045 0.161495641 0.238429025 -0.134042323 0.0512043908 0.181172028 -0.0822079405 0.0350982323 0.278733134 0.0302334838 -0.0898539573 0.202339932 0.162635714 0.248573706 -0.197716698 0.236323148 -0.0550705232 0.0910336971 -0.0355505943 0.0456808843 -0.0518351048 -0.0525952913 0.209108561 0.200098857 -0.267733276 0.257455736 0.202910185 -0.272492677 0.103872128 0.159836188 -0.115666583 0.199789733 -0.251669139 0.27908814 0.101309828 -0.182091415 -0.223802924 -0.207594544 -0.212093085 0.274859846 -0.160179198 -0.140763357 0.10651315 -0.19116497 -0.271030307 -0.254537672 -0.241614655 -0.0854591727 -0.0073953839 0.154134437 -0.00225008954 0.255997658 0.0596847907 0.291698873 0.111143164 -0.253567815 -0.02717283 -0.00912255608 -0.272437602 -0.176517949 -0.294078588 0.0400019102 0.152727529 -0.178493872 -0.228262335 -0.0957945734 -0.187871784 0.0243982207 -0.108838938 -0.0464511216 -0.299450159 -0.154548556 -0.173055857 -0.26061219 0.246795729 0.241980866 -0.0093879858 -0.0732909516 -0.266377121 0.0100532202 0.208989203 0.236222357 0.0284994338 -0.287482053 -0.0479621887 0.0124351941 0.175588682 0.0846864954 -0.00840748288 0.132254899 -0.283515185 -0.266826421 0.00498884078 -0.00518087577 -0.116231494 0.114915438 -0.213129804 -0.115348145 -0.24505496 0.117058784 0.0154959969 0.155958891 -0.0716445595 0.00482685724 -0.00593696674 0.0674367175 0.166887805 0.297542185 0.151294053 -0.17845504 0.282384068 0.102018163 -0.0342339538 -0.176880151 -0.0307107922 0.170881748 0.252337486 -0.059402559 -0.285072893 -0.16893746 0.274200708 0.185986668 -0.279381275 -0.245498523 -0.244817123 -0.144140527 -0.264242768 -0.262727022 -0.242204264 -0.0897375271 0.288569927 0.237949133 -0.149976835 -0.00736761233 0.170384422 -0.107766576 -0.240186706 -0.282138646 0.171452433 -0.193170846 0.0427466817 -0.0762491971 0.0177699775 0.0210462864 0.0990731344 0.20832552 -0.174793631 -0.0999162272 0.291480929 -0.160580084 -0.165704563 -0.245268568 0.10794358 0.118978821 0.213824213 0.280733854 0.0758703649 -0.103735894 -0.00129374478 0.118074216 -0.0609222203 0.280788958 -0.0611723587 0.115447186 -0.0743587762 -0.0326283351 -0.0524666943 0.199996918 0.0740347505 -0.00734683312 0.0667967722 -0.14828071 0.259939164 0.104036726 0.0523416251 -0.280112028 -0.261546761 -0.298522979 -0.269623548 0.0895411149 0.0900809467 0.27286607 0.239208192 0.177929968 0.284902334 -0.055438593 -0.282235056 -0.0536337048 -0.0355709977 -0.130527034 -0.236372039 0.282092392 -0.273344964 -0.113229632 0.0469428711 0.0584609248 0.0366010256 -0.069359988 0.146311626 0.0595700629 -0.19122313 0.298948467 -0.164321154 -0.216841146 0.0234856438 -0.143419474 -0.197551772 -0.153478056 -0.091524303 0.295793772 -0.149172559 0.218138918 -0.208168179 -0.0599157326 -0.0143000316 -0.236272857 0.27900514 -0.0769086704 0.0034409957 -0.245495647 -0.22549656 0.242874309 0.290914536 -0.214022741 -0.255619556 0.118986405 -0.162679031 -0.158266693 0.285788774 0.0827148631 -0.217939004 -0.0537362397 -0.0832243711 0.128400892 -0.292949259 -0.138793007 -0.0848853663 0.246739477 -0.0528784394 -0.259149551 -0.203338087 0.296115756 -0.247209817 -0.269099683 -0.283341616 0.0993192941 -0.247057393 0.172073379 -0.179574266 0.293288678 0.206112683 0.201292992 -0.00343298516 0.243628979 0.0180821735 -0.147746593 0.119973615 0.00662343996 -0.296518922 0.0619088821 -0.0452315956 -0.284485757 -0.276259899 0.0333530083 0.222864553
y 7 slot 7 300 -0.149574205 0.786985278 -0.264555693 0.41660887 1.12716019 -0.33671245 -0.901630878 0.303661972 -0.5629915 -0.127352625 -0.176429242 -0.419431329 -0.782988966 -0.0765552893 0.317617118 -0.82594353 -0.357414752 -0.368504912 -0.159295082 0.603898287 -0.0686225593 -0.1795661 -1.14987433 -0.160975456 0.826960266 -0.910781384 1.01574516 -0.310732186 1.06849468 0.405301243 0.0396090709 0.280364573 -0.782325923 0.143707007 -0.414749861 0.221703723 0.432852626 0.65151161 -0.470254689 0.163072154 0.329294413 -0.273429245 0.111576498 1.3500129 0.0547182783 -0.228836671 0.731402099 0.331864893 0.291534007 -0.618923783 0.369018167 -0.187125206 0.410064131 -0.0387469456 0.0521105826 -0.0851183757 -0.204607204 0.221899673 0.169269204 -0.690237463 0.153634325 0.659781516 -0.753804684 0.20245187 0.469224066 -0.485247195 0.437011003 -0.828930736 0.893420398 0.208841965 -0.351862013 -0.619908214 -1.02996337 -0.882427812 0.419118077 -0.294874817 -0.300903738 0.507948935 -0.415547103 -1.15886021 -0.126189709 -1.1294961 -0.35024491 -0.0172555558 0.1321394 -0.00579168182 0.369297981 0.0322336517 0.967683017 0.317019433 -1.02535939 -0.0285380147 -0.0405894853 -0.981407404 -0.272736192 -0.786894381 0.160205662 0.438381076 -0.588331461 -1.039729 -0.430819899 -0.409651339 0.0759393275 -0.0943717062 -0.240683049 -0.309230477 -0.599767745 -0.779914558 -0.769575953 0.244160533 0.186508551 -0.0289127193 -0.340362012 -0.190811932 -0.00524235424 0.561330199 0.749055326 0.0435375348 -1.09737957 -0.19966726 0.0303494595 0.813112378 0.185105279 -0.0092077069 0.621290743 -1.05841768 -0.966192722 0.0257546473 -0.00900722668 -0.535129189 0.132372186 -0.880081892 -0.115339153 -0.930534184 0.272555202 0.0111621376 0.190958962 -0.154533252 0.0189780239 -0.0213971902 0.211785823 0.134264573 1.15899456 0.702719212 -0.605669379 1.35226965 0.0883632898 -0.117218085 -0.242228299 -0.0360837094 0.107212692 0.905316234 -0.0562195219 -1.08218193 -0.354136735 0.895222664 0.278646976 -0.350560367 -0.189077199 -0.605897605 -0.625906229 -1.29758394 -0.253544718 -0.24611716 -0.0611484274 0.179236099 1.10447216 -0.203351066 -0.00206089555 0.370869309 -0.29189828 -0.893630803 -1.36188447 0.586886525 -0.891662657 0.185331374 -0.0849645659 0.0436537638 0.072296679 0.468050599 0.17113249 -0.250672579 -0.127673417 0.551739991 -0.491733789 -0.54387325 -0.824011862 0.525267899 0.301941603 0.430159539 0.592948377 0.138161898 -0.191056877 -0.00363531313 0.34525615 -0.296459228 1.0488162 -0.292633116 0.250360638 -0.201484203 -0.0136483926 -0.0293175634 0.972647905 0.229222432 -0.00642944267 0.0392653309 -0.182452127 0.940891325 0.0934867188 0.161082581 -0.767280161 -1.09262788 -0.382812917 -0.921997905 0.379636317 0.382410765 0.500699759 0.895030975 0.375338793 0.29188019 -0.107976131 -1.0761447 -0.0438353531 -0.153021693 -0.456739932 -0.817111313 0.794961572 -0.892467797 -0.168280214 0.169834659 0.160746887 0.0977104083 -0.219127104 0.257134467 0.0482785255 -0.790431321 0.757033229 -0.496046305 -0.27100119 0.0942554846 -0.250524253 -0.545344293 -0.497104257 -0.209180906 1.40868068 -0.684026539 0.627610147 -0.74707371 -0.207109407 -0.0555973314 -0.165773109 0.252165437 -0.332773089 0.0275652558 -0.327894896 -0.186014235 0.276547253 1.27085876 -0.578764021 -0.984290898 0.168666884 -0.433827281 -0.505633771 1.02129853 0.0593754984 -0.608138978 -0.267689466 -0.244220942 0.0888484642 -0.72421062 -0.580548286 -0.284823507 0.648952186 -0.1399021 -0.925261199 -0.472895175 0.604884982 -0.50888443 -0.936422646 -0.432165593 0.20593372 -0.947401464 0.132467225 -0.439650267 0.781695664 0.61472708 0.516626358 -0.00788125955 0.506263137 0.0146589307 -0.222553417 0.230800942 0.0385144986 -1.34689343 0.0491914265 -0.10928002 -1.1234026 -0.767552853 0.0730130225 0.48929745
s 8 slot 8 300 -0.123441659 0.243335456 -0.0920201764 -0.0268882848 -0.0955219641 0.291695476 -0.223556846 0.155255362 -0.0889971256 -0.0537053533 0.0490100868 0.239748284 -0.0204895306 0.204073146 0.279107541 -0.205206677 -0.113344871 -0.292108953 0.132940695 -0.247411668 0.141181573 0.238607451 0.225548983 0.0579974502 -0.1373799 0.198831439 -0.124154754 -0.0325357318 0.00152010005 -0.0471838228 0.277213246 -0.0792502388 0.157110602 -0.0676551238 -0.0256870296 0.275369555 0.0252305437 -0.18512772 -0.1924752 -0.173291326 -0.243442819 0.268722147 0.219231382 0.19247362 -0.193739593 -0.167165667 -0.209733084 0.0314901136 -0.0636429936 -0.262545168 0.276829839 0.0793790147 -0.0406419262 0.0276357643 0.0896718726 0.183328077 0.164913207 0.210049212 0.0125477742 -0.164971769 0.231223181 0.212803423 0.289328277 -0.0984239951 -0.170319855 -0.0036016989 0.0254487563 -0.289165169 -0.0412909277 -0.0960447714 0.0277850982 -0.110519439 0.226609588 0.0866319314 -0.102520309 0.0350849926 -0.0684500262 -0.242054194 0.179787949 -0.128768906 -0.29614076 -0.212830454 -0.203003064 -0.043519903 -0.1117566 -0.0379793681 -0.237268433 -0.167364478 -0.268459141 0.0145437447 -0.219580084 -0.0937786549 0.0745915771 -0.273972511 0.11128363 0.0648494288 -0.276983112 0.23466371 -0.104391195 0.148032859 0.272553772 0.211349815 -0.135652974 -0.276925057 0.0908950716 0.221480981 0.0269107725 0.229497313 0.196796671 -0.0556654334 -0.0555785149 0.0827752724 -0.0712608695 -0.294903189 0.26516065 -0.226324797 0.170327201 0.0716705397 0.0499591529 0.209028214 -0.158635393 -0.127720296 -0.0329753235 0.0160886645 -0.0248237811 0.0993051454 -0.227135286 0.0323296748 0.234637678 -0.071741119 0.0558306612 0.297822297 -0.280429393 -0.263841599 0.219215408 -0.029492205 0.23185569 -0.0528426804 0.271406829 0.103302822 -0.0132703008 -0.146920055 -0.000500459399 -0.162973985 0.162441656 -0.28375119 -0.0351669155 -0.134599239 -0.210969195 -0.15302968 -0.195138618 0.044473134 -0.155389726 0.249512255 0.281588465 -0.23222506 0.169812575 0.0912953615 0.0996268988 0.2375561 -0.0386472121 0.0751799569 -0.117762566 -0.025567051 -0.0967949554 -0.260982871 0.173922211 -0.242578045 0.2694332 0.183248982 0.207162902 0.159738913 0.262729228 0.0325297266 -0.0507553369 -0.16322805 -0.0592946522 0.227587447 -0.222896531 0.147183731 0.0231406745 -0.193493739 -0.242724672 0.20717077 0.0587830432 0.0387084037 -0.29943499 -0.136136353 -0.273451209 -0.104047559 0.1527109 0.298275054 -0.11547415 0.135338873 0.113460056 0.0649561286 0.216503441 0.191835612 0.234389767 -0.297240019 -0.197732881 -0.205797255 0.213148549 -0.0734537765 -0.0137127321 -0.22791937 -0.29462716 0.0610395856 -0.185355812 -0.202780306 0.0368103832 0.137281999 -0.229209617 0.0583572164 0.060137853 -0.213747278 0.00331036001 0.212838724 -0.024919549 -0.251624733 -0.0494592115 0.0372586921 -0.262033403 0.0921763331 0.194062948 -0.174420238 0.0881171674 -0.108096384 -0.130114749 -0.25227043 -0.233510792 0.0642579868 -0.213013485 -0.185682684 -0.0807428956 0.0659893453 -0.0120893205 -0.220293492 0.029103741 -0.171847284 0.053632699 0.233641759 0.149459213 -0.0903065205 -0.243182838 0.177812114 -0.253599942 0.247088239 0.130998403 0.116341129 0.206313252 0.217438295 -0.0315416753 0.0478456691 0.269833803 -0.174007773 0.296674311 -0.0999362394 -0.288779944 -0.244147837 -0.0744499341 0.191692039 0.0675094128 -0.0461090319 -0.193848401 0.082132645 -0.155930981 -0.0631743297 0.294864506 -0.132439569 -0.109461404 -0.292491138 0.0906248763 0.210843459 0.0349129029 0.293303311 -0.19367525 -0.0234643482 0.0497809164 -0.209812164 -0.284702897 -0.00738165621 0.0390147157 -0.165554091 0.122837313 -0.234000742 0.0560542122 0.292561978 -0.229782373 0.211388737 -0.0876549333 -0.0718450099 -0.0226325616 0.184508443 -0.243888214 -0.0825937614 -0.164588764 -0.0871293321 0.0587890893 -0.148650497
y 8 slot 8 300 -0.484998763 0.969321489 -0.260236889 -0.0602061637 -0.363383085 0.353846937 -0.948312521 0.242437005 -0.322823226 -0.166511863 0.0631509423 0.450994194 -0.0673611388 0.192406967 0.516661286 -0.862305641 -0.236873373 -0.749840438 0.0761218518 -0.540162683 0.220459998 0.313250959 1.08036149 0.226498947 -0.606168866 0.7378878 -0.584483743 -0.109794281 0.0036861063 -0.186729908 1.0799582 -0.0815169737 0.498847783 -0.086564675 -0.0761236325 0.259147733 0.067247346 -0.512410998 -0.686865807 -0.534832478 -0.444122821 0.89991343 0.725147367 0.931888819 -0.291483045 -0.424050868 -0.755558908 0.0662692487 -0.0760818496 -0.829232216 0.440514714 0.259803087 -0.184053078 0.0237326398 0.0969640389 0.304258853 0.637921453 0.227353841 0.0136632379 -0.426683873 0.137733445 0.685499787 0.790094197 -0.20128873 -0.509738684 -0.0151266241 0.0570369884 -0.949930489 -0.126165166 -0.197474271 0.0547195226 -0.30897522 1.13085127 0.360855311 -0.157635853 0.0621809848 -0.149296969 -1.15149212 0.390883088 -0.55142355 -0.151136264 -0.997373819 -0.84313494 -0.11725723 -0.103000529 -0.135586828 -0.351793617 -0.0940757692 -0.888908207 0.0391833857 -0.88728857 -0.102581047 0.317751795 -0.989900947 0.17990014 0.167210698 -1.09688485 0.672757506 -0.341594696 0.681274414 1.24845338 0.457703024 -0.475224912 -0.231112197 0.450017631 0.233601317 0.109630771 1.02661884 0.57666117 -0.0488754399 -0.0444283634 0.214875549 -0.330931246 -0.205608785 0.154205292 -0.601109087 0.539674878 0.12319202 0.195694685 0.868977189 -0.446057886 -0.592584133 -0.0724232644 0.0211197454 -0.117031991 0.367579132 -0.822170913 0.119200319 0.652777314 -0.32665363 0.0620798469 1.24761462 -0.295667976 -0.994074821 0.498014599 -0.0395223312 0.277154773 -0.112868011 0.783715308 0.396160901 -0.0426024161 -0.122095264 -0.00445237476 -0.757643104 0.543476224 -1.36067009 -0.0370646119 -0.485388696 -0.290217638 -0.133714914 -0.131219327 0.161984891 -0.135605037 0.942105353 0.589704573 -0.76004225 0.254790187 0.11075604 0.0760555714 0.587416232 -0.167804167 0.366847098 -0.113611594 -0.0291425735 -0.0623091869 -0.149714559 0.808972418 -0.323223442 0.291889399 0.396901578 0.555843472 0.592354357 1.26306963 0.110996604 -0.232491434 -0.69901228 -0.064991653 0.672386765 -0.805264473 0.692468405 0.0214612726 -0.278299987 -0.303804338 0.388611674 0.178573996 0.127306655 -1.00663745 -0.661842823 -0.70111078 -0.212091789 0.320200533 0.55417645 -0.214035749 0.395078778 0.336052358 0.310038865 0.80815208 0.912100077 0.499900848 -0.803883672 -0.116986841 -0.137012735 1.03714371 -0.22623606 -0.0132291624 -0.153451204 -0.355621308 0.221534193 -0.161234736 -0.604029417 0.104610279 0.577985644 -0.296106368 0.194348261 0.258373857 -0.929756045 0.00335799227 0.795033634 -0.0536382347 -0.258255243 -0.091013357 0.140654951 -0.178652808 0.383152664 0.6690166 -0.599965751 0.248834372 -0.354366541 -0.189252794 -0.887547612 -0.605839491 0.154686213 -0.695072055 -0.326746851 -0.0566042066 0.278679609 -0.0299032219 -0.669697762 0.0373929404 -0.687953174 0.0952139646 0.641658247 0.478051931 -0.212940261 -1.15948367 0.820154667 -0.725195825 0.891803503 0.454829782 0.429041654 0.14083834 0.198305726 -0.137280881 0.242420539 0.3594262 -0.147166401 0.337742954 -0.435104579 -0.772425473 -0.935929835 -0.0996745303 0.50794518 0.215402484 -0.161794141 -0.120373875 0.226650104 -0.746819675 -0.187925532 0.187729552 -0.32782346 -0.459818035 -0.949592113 0.239581391 0.552584112 0.126204491 0.686629832 -0.391523182 -0.0518673472 0.17828913 -0.316188961 -0.572510362 -0.0253294967 0.0323842168 -0.404871613 0.327406168 -0.70783931 0.141886652 1.20471132 -0.482941628 0.218509957 -0.132559732 -0.13388966 -0.106897272 0.839218795 -0.215956718 -0.188356042 -0.649302244 -0.244961366 0.131518662 -0.329645157
s 9 slot 9 300 -0.211996704 0.13261731 -0.109949842 -0.256060749 0.172542885 -0.153070286 0.0997582227 -0.168234885 0.0579115711 0.0497861169 0.155130446 -0.268736511 0.201691449 0.189730898 0.0431629382 -0.0536537841 -0.204281062 0.204184413 0.0579104461 0.29363519 0.192014605 0.103317484 -0.262886852 0.261544466 0.0756632835 -0.14052704 -0.281709284 -0.281884134 0.217282653 -0.16741693 0.141164228 0.100540325 0.260581464 0.161624208 0.214669406 -0.211927354 0.178283408 -0.0409577861 -0.169434771 0.25695762 -0.0523813553 -0.117745757 -0.0172674619 -0.130267471 0.183097526 -0.282010823 0.0861023292 0.208221242 0.211372912 0.0118870484 0.252149969 0.19539088 -0.185290083 0.127800912 0.231873617 -0.268263131 0.175286636 0.044008702 0.121401086 -0.162437662 0.11506471 -0.248768896 0.251630008 -0.0179400574 -0.205307856 -0.102243468 0.00402175542 0.138933912 -0.0637282506 -0.103800572 -0.0552944131 0.114176057 0.222930118 -0.186959654 0.0393176153 -0.0654084608 -0.227239817 0.057367418 0.0348453373 -0.190995827 -0.295463681 -0.0354582705 -0.284057498 0.228831351 0.00383286225 -0.0388054773 -0.189773887 -0.193868145 -0.0524979606 -0.138381779 0.14440541 -0.200195402 -0.185267493 -0.160373643 -0.182766721 0.0631591752 0.29334873 0.124050722 0.19890812 -0.235552043 -0.298434883 0.0863565505 0.0171787348 -0.00254940195 0.00704979431 0.00655711256 0.192492783 0.281989574 0.00921141822 0.24087809 0.21786043 -0.278707981 0.150541753 -0.207779452 0.195249587 -0.292315215 0.0509563424 -0.0476499572 0.0641298667 0.196753725 -0.27134046 -0.0441452749 -0.167138651 -0.280740291 -0.0825353637 -0.25855419 0.10054218 0.0546103381 0.288307875 -0.0257550739 0.0213804301 0.143920898 -0.0907027647 -0.112058967 -0.186757922 -0.0762593076 -0.0433519334 -0.232959971 0.169339523 -0.2771523 -0.252164125 0.09131179 -0.125208065 -0.067079857 0.24096708 -0.137440115 -0.147615001 0.0957732499 -0.235663414 -0.150671318 0.0300258473 0.000628735579 0.221281558 -0.185833246 0.15814659 -0.00460598059 -0.0428491607 -0.13079904 -0.205673531 0.070526503 0.154257968 -0.0763365924 0.0194424428 -0.167067528 0.163719758 0.187190086 -0.24445267 -0.212848201 -0.0862536654 0.113168359 0.194691613 0.0584483258 -0.128761366 -0.292169869 0.245424286 0.135831475 0.15166311 -0.0393807404 -0.228939638 0.145814359 -0.18106325 -0.0600368753 -0.090499118 -0.25829038 0.232893541 -0.177538738 -0.293100595 -0.070116207 0.0973834544 0.146813989 0.260337293 0.00643747253 0.2655904 -0.266512811 0.0955603719 0.249797344 0.079281956 0.07879439 0.266670644 -0.281023532 0.121657282 -0.028806733 -0.15922454 0.254737049 -0.121404521 -0.0299778432 0.0774419457 0.127599403 0.018867353 -0.128651232 -0.217197642 0.0388630405 -0.283649623 0.289318323 0.26340431 -0.088691026 0.240849897 0.020140525 0.143060267 -0.130495578 0.18897593 -0.107478626 -0.18199712 0.163760856 -0.095521234 0.262457967 0.286123127 0.0980670825 -0.211053029 0.270460188 0.173993379 -0.235926807 0.289326221 0.143818095 -0.240982264 0.268190414 0.257405996 0.185364425 -0.179118335 -0.265536845 -0.0934852883 0.082739763 -0.19857417 -0.154471844 0.283347905 -0.0509248786 0.28594771 -0.275288641 -0.149802133 0.100615658 0.166317925 0.0330024324 0.215291798 0.207692325 -0.172168955 -0.282477379 -0.0760400444 -0.256072283 0.0756297484 -0.0184560921 -0.120318428 -0.137519389 -0.211681947 -0.263326794 0.233954132 -0.175075263 -0.239211246 -0.176937759 0.278331846 0.159959272 -0.187510192 -0.116321363 -0.284000039 -0.240925342 -0.152965829 -0.0258183293 0.137825891 0.0132464962 0.200330913 0.150216967 0.266532153 0.202199996 0.107658364 -0.128565565 0.0949326381 -0.179354355 -0.147921547 -0.155028775 -0.245433286 0.124705419 0.220669925 -0.233579859 0.11564941 -0.0347487777 -0.149590358 0.235021532 -0.217124805 -0.185625508 -0.280228436 -0.120697334
y 9 slot 9 300 -0.834992409 0.527114034 -0.314662367 -0.609358847 0.659844458 -0.181572184 0.417709351 -0.263080895 0.21367453 0.159028336 0.208389357 -0.515080094 0.701797307 0.178356871 0.0770668834 -0.227286279 -0.423038691 0.517598867 0.0339430682 0.650136828 0.303047329 0.131995499 -1.26768982 1.02764022 0.339139551 -0.519176602 -1.32836032 -0.932200074 0.838035822 -0.66309166 0.550379395 0.107478164 0.828555465 0.199208722 0.620965123 -0.192863926 0.479621381 -0.113282129 -0.607192874 0.790923476 -0.102249056 -0.386271447 -0.0553700924 -0.637122154 0.277001679 -0.714887559 0.314816207 0.423177093 0.241519615 0.0329538845 0.403544784 0.643429279 -0.838165462 0.117437571 0.247175619 -0.442542285 0.68244493 0.0487405099 0.0994817615 -0.421958268 0.0702817887 -0.797746062 0.689263701 -0.0362305343 -0.611204803 -0.423392445 0.0138683654 0.454900235 -0.199176341 -0.21038112 -0.112559043 0.314726591 1.11065638 -0.773960173 0.0653534755 -0.115246743 -0.49613446 0.278226316 0.0819634199 -0.816111088 -0.152414709 -0.162983075 -1.18112445 0.640980899 0.00562308775 -0.137760013 -0.282584935 -0.106218502 -0.171964571 -0.398999989 0.58807373 -0.220150054 -0.78587234 -0.579380631 -0.288076252 0.165719077 1.16444433 0.357186288 0.657342255 -1.07334912 -1.36290038 0.18779321 0.0589537323 0.00561164878 0.0344841368 0.00378169259 0.759497225 1.26527917 0.0253368672 0.23377575 0.173087925 -0.726308584 0.700924456 -0.141804159 0.11460533 -0.775761545 0.158200577 -0.085002251 0.250122517 0.819644153 -0.759593427 -0.210187525 -0.365574777 -0.307987601 -0.389715314 -0.962388754 0.3583453 0.197976306 0.798410594 -0.111818299 0.0195501484 0.602746725 -0.096162796 -0.421640664 -0.423534214 -0.0956294984 -0.0593122579 -0.486329943 0.491686165 -1.06235445 -0.799652696 0.0786299184 -0.49246195 -0.317922056 0.809260368 -0.655592442 -0.142493695 0.351421773 -0.325216413 -0.130405113 0.0170707162 0.00401622662 0.193902612 -0.709487796 0.331976265 -0.0197271742 -0.0620864369 -0.163705617 -0.15773806 0.171546191 0.665566683 -0.383069277 0.0183179658 -0.178580895 0.114871904 0.109850258 -1.12868166 -0.279522628 -0.0907007605 0.245104238 0.525810242 0.220873013 -0.624072731 -1.00317049 1.14086914 0.582450747 0.171141014 -0.11687471 -0.82838136 0.687629104 -0.142942816 -0.0830526352 -0.113060787 -0.487220407 0.710051358 -0.593172967 -0.984220982 -0.344978005 0.247667179 0.290336668 0.544010639 0.0101406528 0.496312886 -0.791979194 0.287518889 1.19716561 0.297539592 0.379730105 0.568057895 -0.762922406 0.073092483 -0.0188988335 -0.773007751 0.782052636 -0.0973296389 -0.0216336567 0.088917397 0.461111307 0.0147079872 -0.384122014 -0.591840744 0.167827711 -0.368413627 0.978613555 1.12699819 -0.386505276 0.433669537 0.0724805668 0.294440389 -0.1368545 0.353105247 -0.408825904 -0.121071361 0.682142138 -0.335687071 0.902224958 0.799245179 0.313246071 -0.304540098 0.95429647 0.453635186 -0.548346579 0.946286976 0.248465121 -0.173528299 1.12128341 0.655737281 0.558101535 -0.229991257 -1.06180537 -0.170352265 0.231272578 -0.636057973 -0.36960879 1.35491645 -0.230104342 0.814017236 -0.989926934 -0.513354778 0.375333548 0.113033921 0.0332862027 0.923701048 1.03787792 -0.221077651 -0.242763117 -0.0899534672 -1.11406183 0.200645864 -0.070701465 -0.165076554 -0.363180041 -0.676710963 -0.935021222 0.154420793 -0.480730414 -1.14057159 -0.528819978 0.176021099 0.39299652 -0.78968668 -0.377920419 -0.747640908 -0.632489562 -0.543999255 -0.0648260564 0.282123655 0.0240350775 0.706146717 0.233293653 0.536826193 0.782695413 0.0854114443 -0.312687904 0.253576308 -0.539787471 -0.388984889 -0.638681293 -0.517499447 0.125717252 0.325616121 -0.440123498 0.550594091 -0.155591369 -0.129347906 0.53196764 -0.856461108 -0.52243036 -0.614970744 -0.263330609
M 20 20 -0.0422652864 -0.000988040382 0.000477640215 -0.000567510939 -0.000317431951 -0.000159422365 -0.000414767157 3.77407801e-05 -7.95482387e-05 -0 -0.00212441751 0.00340909153 -0.00120240923 -0.00559067226 -0.00372583936 -0.00277943694 0.000843813279 0.00434863747 -0.00136375278 -0.00265524409 -0.000988040382 -0.0416295943 -0.000343123721 0.000227504198 -1.6512492e-05 4.28232078e-05 3.81728999e-05 -5.56514723e-05 5.83320506e-05 -0 0.000726216364 -0.000663115828 0.0028444022 0.0026955465 0.00019986014 0.000791902255 -0.00266744876 -0.000252130507 0.00139145867 0.00194706803 0.000477640215 -0.000343123721 -0.0401431438 -0.000302331363 -0.000127485847 -6.90137481e-05 -0.000179261997 0.000124124797 -5.71720603e-05 -0 -0.000306572099 0.000392464123 -0.000412289833 -0.000368499698 -0.000184534228 0.00102127043 0.00114099726 0.000878492073 -0.00233731038 -0.00190834866 -0.000567510939 0.000227504198 -0.000302331363 -0.0413526517 0.000407528748 5.35325747e-05 0.000355290113 -0.000248806236 1.92497538e-05 -0 0.000279687467 -0.000369907038 0.000366906742 -0.000581815452 0.000410924762 0.00115250047 1.65095279e-05 -0.000918872236 0.00368338061 0.000642538363 -0.000317431951 -1.6512492e-05 -0.000127485847 0.000407528748 -0.0385048666 3.79817035e-05 0.000337250594 -0.000211074957 -8.97189127e-06 -0 6.3998085e-05 -8.48416875e-05 0.000194574161 -0.000540497867 -0.00036561996 0.000967275859 0.00187061073 -0.000920676899 0.00285898012 -0.000299473145 -0.000159422365 4.28232078e-05 -6.90137481e-05 5.35325747e-05 3.79817035e-05 -0.0416732786 3.60385691e-05 1.2414441e-05 2.41172706e-05 -0 9.88033479e-05 -4.92030989e-05 8.06146748e-05 -9.72296927e-05 -4.22244401e-05 -3.13067255e-05 0.000200024294 -0.000696210624 7.96721639e-05 0.000805011414 -0.000414767157 3.81728999e-05 -0.000179261997 0.000355290113 0.000337250594 3.60385691e-05 -0.0431954757 -0.000220322378 -4.48594678e-05 -0 0.000169296039 -0.000152313157 0.000160965443 -0.00032649038 -0.000231838115 -0.000245903781 -0.000436800552 -0.00276507098 0.00261134214 -0.00149736611 3.77407801e-05 -5.56514723e-05 0.000124124797 -0.000248806236 -0.000211074957 1.2414441e-05 -0.000220322378 -0.0357171509 2.52815559e-05 -0 4.71090873e-05 0.000128584783 -0.000150361379 0.000213311688 0.000152566048 7.49587352e-05 0.000192608984 -0.00016410299 -0.00242532269 0.000843874143 -7.95482387e-05 5.83320506e-05 -5.71720603e-05 1.92497538e-05 -8.97189127e-06 2.41172706e-05 -4.48594678e-05 2.52815559e-05 -0.0422439187 -0 6.07078443e-05 -5.2677425e-05 7.73258131e-05 -5.15107936e-05 -6.83631531e-06 7.99380943e-06 5.4441933e-05 -7.75305626e-05 -5.283232e-05 0.000956008639 -0 -0 -0 -0 -0 -0 -0 -0 -0 -0.0376509834 -0 -0 -0 -0 -0 -0 -0 -0 -0 -0 -0.00212441751 0.000726216364 -0.000306572099 0.000279687467 6.3998085e-05 9.88033479e-05 0.000169296039 4.71090873e-05 6.07078443e-05 0 0.0383296778 -0.00213339532 0.000538626439 0.00435643502 0.00349948861 0.00175100135 -0.00136941685 -0.00270413653 -2.13469127e-05 0.00202636975 0.00340909153 -0.000663115828 0.000392464123 -0.000369907038 -8.48416875e-05 -4.92030989e-05 -0.000152313157 0.000128584783 -5.2677425e-05 0 -0.00213339532 0.0341197546 -0.00166294788 -0.00125657205 -0.00134550624 -0.000770511813 0.00265915123 0.000525147422 -0.00235249279 -0.00175832204 -0.00120240923 0.0028444022 -0.000412289833 0.000366906742 0.000194574161 8.06146748e-05 0.000160965443 -0.000150361379 7.73258131e-05 0 0.000538626439 -0.00166294788 0.0338215199 0.000114138243 -0.00216677627 0.000141867299 -0.00121175685 -0.000577062281 0.00291612541 0.00258106165 -0.00559067226 0.0026955465 -0.000368499698 -0.000581815452 -0.000540497867 -9.72296927e-05 -0.00032649038 0.000213311688 -5.15107936e-05 0 0.00435643502 -0.00125657205 0.000114138243 0.0343517335 0.00065775271 -0.00203731437 -0.00194461365 0.00129847552 -0.00352568521 -0.001719381 -0.00372583936 0.00019986014 -0.000184534228 0.000410924762 -0.00036561996 -4.22244401e-05 -0.000231838115 0.000152566048 -6.83631531e-06 0 0.00349948861 -0.00134550624 -0.00216677627 0.00065775271 0.0333957052 -0.000559047831 -0.00202037543 0.000659714903 -0.00220643367 -0.000228189663 -0.00277943694 0.000791902255 0.00102127043 0.00115250047 0.000967275859 -3.13067255e-05 -0.000245903781 7.49587352e-05 7.99380943e-06 0 0.00175100135 -0.000770511813 0.000141867299 -0.00203731437 -0.000559047831 0.0337070826 0.000145233256 0.001532448 -0.00096479801 0.000266825709 0.000843813279 -0.00266744876 0.00114099726 1.65095279e-05 0.00187061073 0.000200024294 -0.000436800552 0.000192608984 5.4441933e-05 0 -0.00136941685 0.00265915123 -0.00121175685 -0.00194461365 -0.00202037543 0.000145233256 0.036214752 0.00172575503 -0.00212292272 0.00181721963 0.00434863747 -0.000252130507 0.000878492073 -0.000918872236 -0.000920676899 -0.000696210624 -0.00276507098 -0.00016410299 -7.75305626e-05 0 -0.00270413653 0.000525147422 -0.000577062281 0.00129847552 0.000659714903 0.001532448 0.00172575503 0.0297801717 0.00148152262 -0.00258789599 -0.00136375278 0.00139145867 -0.00233731038 0.00368338061 0.00285898012 7.96721639e-05 0.00261134214 -0.00242532269 -5.283232e-05 0 -2.13469127e-05 -0.00235249279 0.00291612541 -0.00352568521 -0.00220643367 -0.00096479801 -0.00212292272 0.00148152262 0.0333786395 -0.00176349229 -0.00265524409 0.00194706803 -0.00190834866 0.000642538363 -0.000299473145 0.000805011414 -0.00149736611 0.000843874143 0.000956008639 0 0.00202636975 -0.00175832204 0.00258106165 -0.001719381 -0.000228189663 0.000266825709 0.00181721963 -0.00258789599 -0.00176349229 0.0319106536
mv_in 0 20 -0.649007738 -0.754086256 0.0886553377 -0.764695466 -0.441960275 0.991520107 -0.913732708 -0.180787399 -0.0468178131 -0.293937594 -0.994001508 -0.769738913 -0.155826896 0.631346285 -0.286915749 -0.599073887 -0.968210995 -0.784775674 -0.703089595 -0.648120105
mv_out 0 20 0.026339428 0.0329070366 -0.00288561576 0.0278573725 0.0129321512 -0.0416773358 0.0410094757 0.00800588264 0.00138839247 0.0110670395 -0.0332007391 -0.0253101055 -0.0078251974 0.0262083905 -0.00555800939 -0.0231580677 -0.0360491841 -0.02189516 -0.027387474 -0.0197175459
mv_in 1 20 -0.528022707 0.617666781 0.10956452 0.412733346 0.737157941 0.895607531 0.888362348 -0.10147316 0.979935348 -0.487660378 0.0425174013 -0.567628562 0.90979147 -0.0203376841 0.165367395 0.212131739 -0.111817032 0.737211168 0.398119092 0.908391178
mv_out 1 20 0.0166430034 -0.0194359363 -0.00793213149 -0.0137016787 -0.0273643807 -0.0367941622 -0.0398983 0.00265300464 -0.0404554282 0.0183608928 0.00617699762 -0.0264013182 0.0375701973 0.00167823399 0.00566305267 0.011723066 -0.0056629106 0.012917174 0.0240427188 0.032342533
mv_in 2 20 -0.453646183 0.528989673 -0.608211577 0.202199683 -0.926486254 -0.375945896 0.00928255823 -0.496443421 0.593572855 -0.724421799 0.802521348 -0.39755556 0.762083709 0.807131767 0.351803035 0.191254154 -0.0733831301 0.702725708 0.606130779 0.0188002624
mv_out 2 20 0.0103159585 -0.014946798 0.0222007777 -0.00591499351 0.0368542681 0.0154084401 -0.000684396661 0.0162916612 -0.0249693462 0.0272751931 0.0368353128 -0.0216741259 0.0300112028 0.0350030249 0.0153988561 0.00728419841 -0.0123897153 0.0187028305 0.0227688036 0.00408885847
pg_inf 1.99805057
xcp 300 -0.408413818 0.69062352 -0.506052732 0.967538207 -1.2835769 1.56996334 -0.750753478 -0.304771608 -2.71008492 1.74830627 -0.280394554 0.935870182 0.922264457 -0.0634890571 0.297374658 0.783927898 0.470020134 -1.47211003 0.765650338 0.790040076 0.518087804 -2.31118132 1.60233617 -3.06943717 -0.229868621 -1.62617493 0.699302025 -0.504215489 -0.970793592 -0.211337551 0.451613252 -1.61226046 0.720795123 -0.838388819 2.44778608 -2.51005459 -1.67084849 -0.420780819 -1.97456479 -2.11254454 -2.1232295 1.67790318 -1.5208534 -2.38907342 2.63277578 -0.459453429 0.559002279 0.744208243 -0.988465614 -1.38812304 1.05283717 0.742354274 -0.335257729 -0.802853942 0.73680532 0.0070537436 -0.618478298 0.248102129 -0.178682999 1.20629215 0.985699832 2.59401695 0.852007305 -0.912791715 0.696637771 -1.97633195 2.20980829 0.506682336 -0.566435158 -0.806770256 -0.0151205914 -0.665089054 0.388129704 -1.23782849 -0.186585426 -0.532420303 -0.3134197 -0.476675957 -0.516838253 -0.236134378 2.00390506 -0.98184798 -0.222926701 -0.776077231 0.22176495 0.527905762 -0.0720384603 -0.0686377577 -1.44630182 -0.210042456 -3.15135757 -0.384013575 1.20141709 -0.588822817 -0.862684965 -1.35881388 1.70774626 1.511879 0.620575028 -0.241153359 -1.62086749 -0.330657214 0.433764889 -0.287403536 0.0839527572 0.777076721 1.27898288 -0.0639907918 -0.318370521 0.758663827 0.736670007 -0.510510463 -1.01130107 2.10664511 0.315004215 0.363624227 0.186313868 1.80466592 -0.471210128 -0.911285737 -1.21520918 1.82340503 0.100837589 -1.85633993 -2.10023254 0.226511119 0.0401447356 -2.07094979 1.9322356 -0.936937571 0.106456481 1.18839871 2.84894133 -0.497098625 2.16712578 0.206675053 1.0017974 -0.428839536 2.31787728 -1.88392115 0.507839814 -0.838620365 0.367408037 -0.0242673821 0.641417086 -0.43078658 -0.149812795 0.173918203 -0.713900402 -1.59336352 -0.838325262 1.13515735 0.202312316 -2.04747907 1.23072976 0.969257295 -2.03330851 3.18481567 -0.158550172 0.490549531 -2.44045537 0.828390495 0.2429564 1.3622919 1.66732598 -1.08815614 0.485067308 0.0781565309 -2.66052323 -1.88380122 0.172472972 0.954620004 -1.72551739 2.05817056 -0.431086481 -0.475576267 0.077270088 1.23997329 0.124161848 0.0442156519 1.9645243 1.1679765 0.560869646 0.93683165 0.128270984 -0.909605443 1.80247122 0.502757512 -1.42967262 2.43859802 1.47116041 -1.59275329 1.86185952 -2.66916704 -1.43441665 0.655210148 -1.23414397 1.39095664 1.4488839 1.75301824 1.68644464 -0.362328648 -0.494258531 -1.66562777 0.0563878249 -2.38966632 -0.921557307 -0.128987003 0.351623148 -2.22201967 -1.60372604 0.277727246 1.07038628 -2.92832041 -0.686837912 1.73177946 0.950404004 -0.754618585 -0.989251852 1.17143484 0.0763021425 0.771597184 -1.81949842 -0.444643974 -0.245035097 0.90218389 -0.971922733 -1.79875582 1.23305845 1.55576026 1.71747233 -2.24388885 1.93497707 1.50193596 2.84082222 2.432404 -1.0391109 -1.45660225 2.63397645 0.0933455745 2.21797061 -0.345707005 0.733639432 -1.20392312 0.0957246227 1.13002896 0.928644988 -0.874917035 0.759198241 1.8180728 -0.450518431 -0.796184778 -0.883040965 0.574074388 0.680818412 -1.09400725 0.0265611571 0.00126488286 -2.08027997 1.64191747 -1.93809624 1.75640787 -0.54928118 0.640289208 0.704152584 -0.436794869 1.26929285 0.87410773 1.34575582 1.71833158 -1.00728631 1.55612026 0.420578539 2.68759438 1.03315737 -1.80301034 -1.74217654 -1.05929923 -1.49167573 -1.38660907 -0.719480202 0.968895837 -0.805129567 0.836330056 0.0295500755 -2.30958509 0.372169852 -2.31975333 0.356192326 1.05171585 -1.90154374 1.30770195 -0.152545901 0.0855562294 0.0894400109 1.91510952 0.372996271 1.03720252 -1.39671222 2.60338721
vecc 20 -0.177762967 2.06495439 -6.16701822 3.37115774 5.00604712 -0.587409783 1.95159125 0.722496968 3.09728363 -0.338019658 0.179637462 0.829336502 -8.9230682 2.15419172 3.63964424 -1.21130261 2.16727559 0.199678076 3.0894826 -0.184421596
brk0 91 2 8 13 17 19 22 29 31 35 38 39 41 44 49 51 54 59 60 65 67 68 73 76 85 99 100 101 105 106 108 113 116 117 121 123 127 129 130 132 139 141 142 145 147 149 150 155 156 166 169 171 172 181 184 185 190 191 193 194 196 197 200 206 208 211 213 214 215 217 218 223 229 231 234 236 251 252 253 255 264 269 270 277 283 284 285 289 290 291 295 296
newact 30 151 174 286 272 262 56 25 53 133 275 259 222 268 94 240 20 173 40 233 74 5 144 225 209 162 77 167 249 42 128
newact_sorted 30 5 20 25 40 42 53 56 74 77 94 128 133 144 151 162 167 173 174 209 222 225 233 240 249 259 262 268 272 275 286
fv 179 10 14 16 27 52 57 78 80 82 87 88 93 95 114 135 146 158 182 201 204 220 221 224 228 235 245 247 266 160 37 28 18 15 238 178 79 148 24 50 125 258 109 219 250 257 119 246 227 241 157 81 207 260 198 203 176 267 45 32 177 3 4 6 297 154 0 282 61 183 103 46 179 164 170 186 188 261 256 226 232 254 299 165 276 107 83 96 122 263 280 271 230 288 195 140 47 102 210 62 152 30 248 287 163 199 34 126 298 111 292 159 124 110 216 265 205 72 161 187 97 36 136 192 244 64 92 71 212 84 202 242 293 131 69 294 189 63 89 43 7 274 118 21 279 86 58 75 33 12 26 1 11 180 281 137 90 115 112 243 48 91 153 138 143 120 168 104 278 237 9 239 98 175 70 55 66 23 273 134
fv_sorted 179 0 1 3 4 6 7 9 10 11 12 14 15 16 18 21 23 24 26 27 28 30 32 33 34 36 37 43 45 46 47 48 50 52 55 57 58 61 62 63 64 66 69 70 71 72 75 78 79 80 81 82 83 84 86 87 88 89 90 91 92 93 95 96 97 98 102 103 104 107 109 110 111 112 114 115 118 119 120 122 124 125 126 131 134 135 136 137 138 140 143 146 148 152 153 154 157 158 159 160 161 163 164 165 168 170 175 176 177 178 179 180 182 183 186 187 188 189 192 195 198 199 201 202 203 204 205 207 210 212 216 219 220 221 224 226 227 228 230 232 235 237 238 239 241 242 243 244 245 246 247 248 250 254 256 257 258 260 261 263 265 266 267 271 273 274 276 278 279 280 281 282 287 288 292 293 294 297 298 299
drt0 300 0.11474379 -0.00876604489 0 0.0873027847 -0.10040451 0.038499465 0.117399433 -0.0474915748 0 -0.0167848773 0 -0.0511766654 0.034538409 0 -0.0372887142 -0.0485577789 0.124149812 0 0.115424224 0 0.00682037902 0.0748625776 0 0.0044214627 0.0945472569 -0.0472315142 0.0310376902 0.000875165178 0.0837266636 0 0.0851653284 0 0.0346459212 -0.0231962576 -0.101229378 0 -0.0413062506 0.0704895838 0 0 -0.0835871597 0 0.0871686837 0.0625811071 0 -0.0416216587 0.0469712694 -0.097728422 0.0157191178 0 0.0875774703 0 0.0351136408 0.0212988083 0 0.00612759214 0.0452272464 0 -0.0393626659 0 0 0.118224384 -0.0688059874 -0.0395785127 0.109516718 0 -0.0038627932 0 0 0.0369428484 -0.0048174777 -0.0762947486 0.116571177 0 0.104226066 0.0383478545 0 0.114783297 0 -0.0383003475 0 -0.123823015 0.0394314444 0.109444451 0.00657396956 0 -0.0460377538 -0.127290599 0 0.0643894945 0.0535052321 -0.0342723934 0.0783689871 -0.110232069 0.0421535124 0 -0.0656347964 0.0450553391 0.000628467601 0 0 0 0.0897115611 -0.0816653822 -0.0173704619 0 0 0.0548629147 0 0.113859047 -0.0285250252 -0.0327526583 -0.0505931077 0 0.00591061812 0.0379475786 0 0 0.0712482122 -0.07095276 -0.0145088601 0 -0.0286154461 0 0.09819683 0.0618480182 0.0820525135 0 0.116091167 0 0 -0.041005624 0 -0.0581660549 0.000316091127 0 -0.105870372 -0.0456563285 -0.0271709872 0 0.0224332865 0 0 -0.0315205755 0.0474798763 0 0.00693271075 0 0.0192433482 0 0 0.0224436213 -0.0913176899 -0.0150950691 -0.0818229103 0 0 0.0893298299 -0.0337988568 0.10844415 -0.0481749883 0.0952336113 -0.0783641365 0.110550062 -0.0515025141 -0.0389997547 0 0.083860382 0.020207769 0 0.110401215 0 0 0.0812003971 -0.00945778275 0.018910998 0.0697872815 0.0655790057 -0.107026152 0.0961012741 -0.0469836261 0 0.127208358 -0.0232991519 0 0 0.03361185 -0.109526875 0.0384952823 -0.0725482951 0 0 0.0694772582 0 0 -0.114339311 0 0 -0.0973658588 -0.128201355 0 0.113414159 -0.0480859633 0.0198094474 -0.00025654873 0.103206346 0 0.0656005678 0 -0.0856816512 -0.0607466371 0 -0.0435597935 0 0 0 0.0580259367 0 0 0.0162425871 0.0565140188 0.0283898853 -0.0651331076 0 0 -0.0735653142 -0.0697129117 -0.0882068637 0 0 0.0790087218 0 -0.101023907 0.105746334 0 0.0699877579 0 0.0306923598 0.0275269648 -0.0213357585 0.0458665103 0.117246678 0.116011189 0.0522381539 -0.0819275466 0 0.0472088197 -0.0298300646 -0.0918670916 0.0810195698 0.053407824 0 0 0 0.0846889885 0 0.117643408 -0.092862169 -0.121090853 0.0703806934 -0.075301484 -0.0987355463 0.0338414099 0.106325785 0 0.0712690935 0.116828079 -0.049361176 -0.0580998115 0 0 0.0832813627 -0.0247618362 -0.00360900526 -0.0357765171 -0.0710493567 -0.0649936849 0 0.0160214827 -0.0197720063 0.0315804393 0.0143629621 0.032283669 0 0 0 0.0120935342 -0.0216733234 0.110024662 0 0 0 0.113939238 0.0650426223 0.0758412329 0 0 -0.0660585045 -0.0802146551 0.0738803962
step_max0 4.70766193
drt 300 0.548141247 -0.0503693229 0 0.411491209 -0.494257219 0.181242466 0.527370558 -0.23402224 0 -0.0494995315 0.0384367745 -0.173022001 0.168815712 0 -0.203267126 -0.204014887 0.64808153 0 0.591551558 0 0.0321080387 0.368242292 0 0.0261527209 0.44823064 -0.222350001 0.10344055 0.0189578998 0.377587597 0 0.376774885 0 0.172843083 -0.110487031 -0.472561203 0 -0.240761668 0.35271734 0 0 -0.39350009 0 0.410360694 0.321724834 0 -0.168183023 0.227190902 -0.429400327 0.136702189 0 0.432960302 0 0.195182749 0.100267589 0 0.022455541 0.212914586 0.036179684 -0.281950981 0 0 0.544960578 -0.311976101 -0.250810911 0.553220299 0 -0.0401355645 0 0 0.151425567 -0.0353383283 -0.338510181 0.524200316 0 0.490661085 0.177824453 0 0.540360957 0.0389754348 -0.136210858 -0.0252609294 -0.516268347 0.190523469 0.535982635 0.0785176634 0 -0.29670759 -0.696199754 -0.0139016164 0.289682592 0.277259525 -0.0888508473 0.322050367 -0.454968727 0.198444486 -0.027863089 -0.293644822 0.211608039 -0.0323117922 0 0 0 0.447943767 -0.378805817 -0.077778484 0 0 0.25301701 0 0.558110156 -0.12072739 -0.187829551 -0.238416528 0 0.0108072611 0.216347477 0 0 0.322423636 -0.323691334 -0.100287692 0 -0.158214956 0 0.443090647 0.297058847 0.344293977 0 0.546517968 0 0 -0.233492458 0 -0.273826122 0.0475594512 0 -0.549837441 -0.263293602 -0.120259327 0 0.143052484 0 0 -0.101091223 0.223519206 0 -0.0693397811 0 0.104648173 0 0 0.105656981 -0.427387084 -0.0827614551 -0.416106034 0 0 0.446769409 -0.188386447 0.490420999 -0.190742246 0.426192143 -0.368911862 0.541010616 -0.33220142 -0.113520229 0 0.394786328 0.125734931 0 0.566677209 0 0 0.382264018 -0.0445240438 0.066557497 0.275910163 0.330495795 -0.465404438 0.445492238 -0.266119552 0 0.601883862 -0.0633521227 0 0 0.187841716 -0.518149529 0.150599471 -0.308832193 0 0 0.331433992 0 0 -0.485395214 0 0 -0.460396724 -0.601894665 0 0.616789215 -0.27421836 0.0953358191 0.0421166453 0.439181893 0 0.305762434 0 -0.403360248 -0.298984671 0 -0.149237152 0 0 0 0.297691831 0 0 -0.0322231703 0.334540336 0.122893171 -0.306624651 0 -0.0235355893 -0.346320629 -0.365866136 -0.417856787 -0.0233863726 0 0.419212105 0 -0.481048656 0.497817993 0 0.304270065 0 0.18497144 0.126742878 -0.0929380953 0.215924025 0.545450341 0.561976275 0.238098423 -0.381312521 -0.0117155538 0.231676529 -0.112888412 -0.47217078 0.381412745 0.279377326 0 0 0 0.445791508 0 0.662339943 -0.402840059 -0.581386922 0.331328511 -0.413540036 -0.458491504 0.159313917 0.456678188 0 0.366702977 0.502102757 -0.266356132 -0.273514271 0 0 0.392283749 -0.116570354 -0.00353740419 -0.162736948 -0.334476352 -0.297423582 0 0.0587001678 -0.0579006877 0.10893191 0.0926209359 0.173750622 0 0 0 0.0569322705 -0.165874699 0.463711768 0 0 0 0.591768679 0.338344476 0.342933295 0 0 -0.263822567 -0.328215032 0.338041435
sub_L 1 135
sub_U 2 37 148
sub_P 176 0 1 3 4 6 7 9 10 11 12 14 15 16 18 21 23 24 26 27 28 30 32 33 34 36 43 45 46 47 48 50 52 55 57 58 61 62 63 64 66 69 70 71 72 75 78 79 80 81 82 83 84 86 87 88 89 90 91 92 93 95 96 97 98 102 103 104 107 109 110 111 112 114 115 118 119 120 122 124 125 126 131 134 136 137 138 140 143 146 152 153 154 157 158 159 160 161 163 164 165 168 170 175 176 177 178 179 180 182 183 186 187 188 189 192 195 198 199 201 202 203 204 205 207 210 212 216 219 220 221 224 226 227 228 230 232 235 237 238 239 241 242 243 244 245 246 247 248 250 254 256 257 258 260 261 263 265 266 267 271 273 274 276 278 279 280 281 282 287 288 292 293 294 297 298 299
dg -77.1133824
step_max 1
