# lbfgsb component fixture 17 (LBFGSpp 0.3.0 BFGSMat/Cauchy/SubspaceMin, double)
seed 1592724959
n 300
m 10
npairs 13
ncorr 10
ptr 3
theta 3.45036374
lb 300 -1.56934929 1.45174611 -0.108444408 0.635986328 -1.58274293 -2.35036945 0.583534539 -inf -0.611266613 0.964285374 -0.233028352 0.52976346 -2.48614836 -1.49867201 -3.19896388 0.222113609 -1.37522209 0.747636378 -1.57062125 -2.38489127 -0.977624893 -1.85797381 -1.8396908 -1.73292649 -2.68104982 1.01089609 -2.61187792 -inf 0.507392406 -0.284338117 0.480847359 -2.68063831 -2.97228932 0.174038753 -0.152503505 -2.24183989 0.25117445 -1.58691883 -0.956287086 0.29404223 -1.05970144 -0.15176028 -0.77117008 -1.5654248 -2.23240781 -inf -0.231882781 0.0526842326 0.853289545 -1.39706063 -inf -0.971139371 0.953125358 -0.143208772 -3.37831163 0.421422303 -0.862522006 -0.55478549 0.165193141 0.813088059 -0.67576468 -1.95643258 -1.19842529 0.46307981 0.857382834 -0.378035039 0.334422231 -2.23750305 -0.885848582 1.20680809 -0.722150385 -inf -0.733453572 -0.866099715 -0.0239346027 -1.0365957 -0.949538469 -0.365141779 -2.73886395 -0.25547263 -0.370708168 1.2826345 -2.19676828 -1.1342411 -0.912700176 -2.5753026 0.163486451 -1.77927363 -inf 0.584965825 -0.94844991 0.294171214 -2.14693618 0.103336513 -0.611645222 0.0748821497 -0.772215843 -3.03430128 1.30072141 0.95875746 -0.861661911 0.4757635 1.62184823 0.0512523204 0.324210495 -0.778994381 -inf -inf 0.66706568 -inf 0.792639017 -2.56343126 -2.82276917 -1.72474885 -1.60163677 -1.04713488 -1.50383532 1.61303115 -inf 0.742667437 -1.50114834 -1.60565853 0.754014015 -1.77849603 -2.09207296 0.0412029028 0.0714227557 0.522391438 -1.96956921 -1.52858377 1.1903882 -0.399104416 -1.63426912 0.667578936 -2.07786989 0.701787055 -inf -0.931153417 -0.517966032 -0.807488024 0.39040193 -1.62535655 1.31079209 -inf -0.593436956 -3.0358603 -1.13086557 0.566825628 -0.233707994 -2.68277597 -2.29288316 -3.28012776 -0.527137935 -3.15312147 -inf 0.413680017 0.290985286 1.81602466 -1.03462362 -0.617323339 -2.03104305 -2.55302811 -0.258482695 -0.393721938 -1.70382297 -1.56843746 -1.42496586 0.428561568 1.0033561 -0.0141926408 -0.422814816 -2.64696312 -inf -inf -inf 0.703436792 -inf 0.635883927 0.49220407 -2.9588306 -0.723622918 1.17129278 -1.85862708 -inf 1.05172348 -0.792456627 -inf -inf -1.99842072 1.15175009 0.0124145746 -0.366388708 -2.65672517 -2.94006133 -0.764166176 1.11010957 -2.31925344 0.124299884 -0.663636088 -inf 0.3912853 -1.69729519 1.01009655 -2.41053605 -0.893280029 -2.0269928 -0.640213966 0.825287104 -0.382348418 -inf 0.250678003 -2.2035656 -2.22715449 0.304280102 -0.84013927 -0.263397843 -1.0281235 -0.848706365 0.170276761 -1.31136918 -1.17795992 0.875817657 -0.299945235 -0.423700124 -0.488295317 -1.46348917 -0.747219741 -0.132675052 -1.77493978 0.0638490394 0.878922701 -0.196454644 0.423964441 0.55584538 -0.365837812 -1.73591304 0.130153656 -0.118556269 -0.0380938649 0.553302765 1.69667971 -0.27065146 -1.95554948 1.59005284 -0.10769555 -2.56375217 0.97013557 0.0818337426 -2.79563355 -2.36007261 1.00231397 -1.0635432 -2.02405262 -inf -1.11508477 -1.65685463 -0.46483016 -0.538080692 1.17995107 -1.76818907 0.670133233 -1.93457377 -1.2640084 -2.19801784 -2.42597342 -2.11219645 -2.69511175 -1.49699545 -3.06948185 -0.049608767 -1.33161664 -3.16961098 0.648557067 -1.38835311 -0.959680438 -0.921673179 -0.117637992 -1.91729736 -2.75076699 -1.7962724 -2.37649465 -1.68895102 -1.98508668 0.401647925 -0.340059698 -1.7688328 -2.33919597 -2.12515163 -2.00911117 0.878125191 -1.03374875 0.869014859 0.101003066 1.7574265 -0.0111407042 -0.390061349 -1.66337729 -0.479072064 0.908176303 -1.12888014
ub 300 -0.0753300786 1.45174611 -0.108444408 2.01145005 1.58462119 -0.815517724 2.32942939 inf 0.113122851 2.35790753 1.66805363 3.14927959 -1.21798146 -0.572444439 -0.151089668 2.99710679 -0.758804917 0.747636378 -0.104218304 -0.00497722626 -0.413159281 -1.85797381 inf 1.17786348 -0.500580311 1.01089609 -0.657527328 inf 0.507392406 2.50266933 1.11567175 0.129547238 -0.376343489 0.174038753 0.484088719 -0.129790425 3.17120552 -1.14539909 -0.956287086 2.50039101 1.73675251 1.84279656 0.623810112 1.50695074 -1.02439141 inf -0.231882781 0.465701759 1.24521828 -0.603921175 1.36033952 inf 1.91680133 0.589477181 -0.228916526 0.421422303 -0.119852334 0.626073122 1.97039318 2.6310606 0.258169949 0.552256644 -1.19842529 1.7131325 1.80687857 1.30782926 2.71832895 -0.982110322 -0.885848582 2.34539843 0.367224514 0.347499907 -0.733453572 1.14796507 3.12949371 2.0160253 1.61122084 -0.0803136826 -0.206647038 0.913351655 1.87652993 2.25612283 -1.78414774 0.531807065 -0.315593839 0.293918133 0.449641019 0.20569849 0.279762954 1.15564609 inf 2.94199514 -1.79045105 0.444585204 1.78804636 2.33203888 0.676417828 -0.39738214 1.30072141 0.95875746 1.36190367 inf 1.87969315 inf 0.324210495 inf inf inf 0.66706568 -0.482325703 0.792639017 0.357245088 -0.483484149 -0.265854299 -0.117575884 0.0270697474 -1.50383532 1.61303115 inf 1.66364503 -0.563554406 -0.948573291 inf 0.628153741 0.34711659 2.28810167 1.22512436 2.80594206 0.107590139 -0.444835544 1.1903882 2.1106689 1.34134805 0.952922106 -1.56771696 0.701787055 inf 1.61772931 -0.517966032 0.427286208 0.741475105 -1.62535655 1.31079209 1.68300426 inf 0.145441294 0.815200329 inf 0.528897166 -1.29849291 -0.347743928 -0.309592724 2.28095746 -0.605951071 inf 1.89908147 1.55879498 2.02927899 0.970852673 0.060254097 -1.54090989 0.420299888 2.62137842 0.256095111 -1.70382297 -1.06324351 -1.42496586 2.63890266 1.0033561 0.789113462 -0.422814816 0.200864911 inf 1.45580351 inf 0.914465964 -0.539348185 3.1741724 2.09379768 -0.895760059 0.177612245 2.75814176 -0.953813016 1.26850033 1.82911396 -0.792456627 -0.862472892 inf 0.459748983 2.55876064 2.46047688 1.01268005 -0.570166349 0.0412294865 0.949456513 2.40748596 -0.569684327 2.30722189 -0.663636088 1.01157892 2.49710846 0.639530241 1.73267984 -1.4661715 1.77289796 -0.308334768 -0.143507659 1.42093658 -0.382348418 inf 1.73231649 -0.746703207 0.715005338 1.0848949 -0.173913568 0.83680141 -1.0281235 -0.313323706 2.02608013 -0.797651112 -0.439640701 0.875817657 2.19822502 0.590289831 2.55727124 -0.628206849 -0.325260341 1.63782179 -1.51004505 0.309147984 2.20323157 1.8799237 0.858137906 0.55584538 0.680756092 -0.624522269 2.68238831 -0.118556269 1.80248547 1.30065405 1.69667971 2.89679956 -1.55518842 2.00486255 0.896318793 -1.27663422 0.97013557 0.0818337426 -0.333462954 0.746652722 1.00231397 0.882482529 -1.23249006 -1.78632677 -0.713360369 0.0552138686 2.18148375 1.2631706 1.17995107 -1.76818907 3.28254509 -1.35408771 0.357798904 0.913301766 -0.650080562 -1.26005936 0.320860863 1.5211556 -0.10225904 -0.049608767 -1.33161664 -0.651253223 1.82538927 -0.114694774 -0.0659479797 -0.37803635 1.44167817 -1.91729736 -0.538766861 -1.22124612 -0.63514185 0.0360793471 -1.98508668 2.01388121 1.88546109 -1.7688328 -1.23237872 0.80341053 0.391027272 2.71611118 -0.646178961 1.86664379 0.417263448 1.7574265 0.643753707 inf 1.52427864 1.10420179 1.69174802 1.48764098
x 300 -0.0753300786 1.45174611 -0.108444408 1.75496948 -0.590163469 -1.74245632 1.1964519 -0.534100294 -0.611266613 2.35790753 -0.233028352 2.3509562 -1.37697732 -1.01146233 -0.151089668 2.38988876 -0.758804917 0.747636378 -1.57062125 -2.38489127 -0.685441315 -1.85797381 -0.833233654 0.522522569 -0.500580311 1.01089609 -0.921409786 -0.252622962 0.507392406 1.0979147 1.11567175 -0.603120327 -0.948931754 0.174038753 0.484088719 -2.24183989 2.75473976 -1.23322725 -0.956287086 2.14162898 1.73675251 1.84279656 0.227645889 0.858920038 -1.62291205 -0.296155572 -0.231882781 0.326637328 1.24521828 -0.847470999 0.787903726 -0.226767242 1.74815607 0.259621739 -2.96747732 0.421422303 -0.518584669 -0.55478549 0.316113085 0.813088059 -0.0534571745 -0.238952234 -1.19842529 0.46307981 1.43516386 -0.0194083229 2.71832895 -1.16514635 -0.885848582 2.1466496 0.175400808 0.347499907 -0.733453572 -0.53175348 3.12949371 1.01208484 0.078880854 -0.365141779 -0.206647038 0.286818743 1.87652993 2.0331769 -1.91754031 0.531807065 -0.315593839 -1.91563284 0.329961836 -1.1477524 0.279762954 0.647069335 0.847877026 1.1419245 -1.97118175 0.347339958 1.78804636 0.0748821497 -0.0209663548 -3.03430128 1.30072141 0.95875746 1.36190367 0.4757635 1.66751492 0.325045556 0.324210495 -0.778994381 0.857447684 -0.351129085 0.66706568 -1.35730064 0.792639017 -1.90519392 -1.7414639 -0.857209802 -1.60163677 -0.0665239543 -1.50383532 1.61303115 0.15078333 1.26288271 -0.563554406 -1.2903136 1.63053131 0.628153741 -1.86760902 0.531866431 1.22512436 1.60574448 -0.247403011 -1.43616319 1.1903882 0.546881437 0.751820862 0.744498253 -1.64453256 0.701787055 0.459243596 -0.600461721 -0.517966032 -0.807488024 0.39040193 -1.62535655 1.31079209 1.51634645 0.527271688 -2.01389885 -0.454615563 2.07870197 0.528897166 -1.64845133 -2.29288316 -2.6820991 1.16973221 -1.22498918 0.33106783 1.89908147 1.55879498 1.93753815 -0.175035104 -0.440697551 -1.64759564 -0.73984623 0.671421587 0.114588805 -1.70382297 -1.16318309 -1.42496586 2.29800153 1.0033561 0.789113462 -0.422814816 0.200864911 -0.728690803 0.596753716 0.0989834592 0.846735716 -0.539348185 2.8979845 2.09379768 -2.73379111 -0.723622918 1.31511748 -1.00198746 1.26850033 1.11337388 -0.792456627 -0.862472892 -0.388989419 -1.99842072 1.15175009 1.65866506 -0.366388708 -0.570166349 -2.28424716 0.59360069 2.26713967 -1.62639451 1.60546553 -0.663636088 0.0305950902 2.49710846 -0.131404996 1.73267984 -1.4661715 0.34261176 -0.919925511 -0.446194977 0.901102185 -0.382348418 0.627779245 0.432018638 -1.79188442 -0.969963789 0.523106873 -0.702470481 0.483621925 -1.0281235 -0.775239468 0.170276761 -0.970916986 -0.439640701 0.875817657 0.456981957 0.590289831 1.76413798 -1.46348917 -0.651835203 1.31962872 -1.7380861 0.309147984 1.34010601 1.8799237 0.423964441 0.55584538 -0.118290089 -0.624522269 1.1803925 -0.118556269 -0.0380938649 1.07732153 1.69667971 -0.27065146 -1.55518842 1.69560802 0.896318793 -2.42333817 0.97013557 0.0818337426 -1.70883179 -1.16628563 1.00231397 0.882482529 -1.74200213 -1.78632677 -0.85304755 -1.2999835 0.0745819733 -0.538080692 1.17995107 -1.76818907 2.16940689 -1.89465392 -0.709012866 0.323654622 -2.32500291 -1.63176489 -0.248510584 -1.49699545 -1.26797867 -0.049608767 -1.33161664 -3.16961098 1.67484117 -0.114694774 -0.959680438 -0.84746933 0.305665255 -1.91729736 -0.669357359 -1.68025959 -2.37649465 -0.320021302 -1.98508668 2.01388121 1.66272771 -1.7688328 -1.4672091 -2.12515163 0.0397905856 1.79636717 -0.897221982 1.27168226 0.417263448 1.7574265 0.330679804 0.223624781 -0.71908766 -0.211867601 1.69174802 1.48764098
g 300 -0.0277311653 1.21515584 0.207820415 1.45714498 -1.07825422 -0.363438427 -1.23108339 1.00012696 1.86410952 -1.55976212 -0.890384614 -1.52363396 0.935861409 0.828892112 -0.472162843 0.063664183 1.94074941 0.0519948415 0.222656667 1.22013879 0.982582748 1.6165061 -0.863307178 1.69490564 -1.60208488 1.4603188 -0.685011029 0.335614026 -1.53120255 -1.26401865 -0.130084664 -1.32715797 -1.81708777 -1.24071038 0 1.7865411 -1.80265319 0.213946775 1.289814 0.0141846295 -0.484503448 0.0311113372 -1.2266413 0.650939882 1.67886114 0.200743303 -1.48484492 -0.886244833 0.262398541 0.126752719 -0.711873591 -0.696222961 -1.02596116 -1.62789357 1.80182779 1.35555673 1.58926547 -0.0258053355 1.38040006 -0.155678555 -1.75741231 1.6316123 -1.65689123 0.114519142 -0.0608235858 1.21919143 1.67583549 1.31257403 1.60045373 1.76112902 -1.98950386 -1.87501395 -0.7368083 0.0349851958 1.24362123 0.676347136 0.710374475 1.83117259 1.74408305 1.66380143 0.139438733 -1.13437951 0.752047956 1.77496374 0.204586089 1.41654789 1.58408487 -0.277199179 -1.19723976 -0.726101398 -1.69783342 0.00817634631 1.98161244 -1.66584039 -0.278220385 -0.496048272 -1.32902706 -0.119401924 -1.03952467 1.48832273 -0.574379683 -0.845203698 0.480575711 0.679903388 0.380489677 -1.06199276 -0.33787784 1.8021313 -1.98859823 0.592374563 1.49675095 0.00517178141 1.44242728 -1.23156595 0.554363906 -1.15066302 0.0185709447 -0.506734192 -1.6314193 -1.65060711 -1.15004492 -0.791894555 1.80772865 0.947504759 0.0590745099 -1.25158322 1.33345377 -0.510262966 1.68516326 0.96220994 0.953072429 -1.01685655 -1.65295887 -0.816325784 0 1.37239468 1.91978252 0 -0.490861237 -0.321595818 0.945523977 0.809603989 1.17612851 -1.26887965 1.72284269 -1.18338168 1.24177325 -1.73390365 -1.87873006 -1.22779977 -0.965246916 -0.546976447 1.63777173 1.97533262 0.228905022 -0.704090834 -0.718609989 -0.960077405 1.78944075 1.29451716 1.2653358 -1.12107456 -0.539491415 -0.259988278 -1.00376248 1.08665037 1.32793546 -0.877510309 -1.21238983 -0.546566844 -0.407844812 -1.91926813 -1.61186433 -1.1705966 1.66327548 1.73343468 0.317691058 -0.128824532 -0.143916696 1.4857868 -1.64792812 -0.509058714 1.72420549 1.749771 1.77915978 1.63830674 -1.88989055 1.39295447 -1.04673386 0.29404521 1.35524511 1.64319062 1.67284584 -0.477169752 -1.65894127 -0.323673189 -0.409133703 0.52830416 1.73938775 -1.03438854 -0.881077588 1.30427217 0.100154907 -1.42126513 -1.96315038 -1.35697818 -1.49123311 0.58763665 0 -0.928130627 -1.20108771 -1.51703775 -0.442094892 -0.384370893 0.425622523 0.225842416 -0.0945308656 -0.309593737 1.9958564 0.998207986 0.283580214 -0.0113471989 -0.583541453 0 0.736363173 1.81846142 1.45471215 -0.654294014 1.46622682 -0.668646634 -0.543804944 1.77486348 -1.23380661 1.55224502 0.582507551 -1.46191871 -1.40948176 -0.740716636 0.872814775 0.5498088 1.41626942 0.368343234 -1.58873045 0.694519162 -0.90848583 0.717109799 0.802330017 1.89710891 0.60322839 0.791098833 1.73605275 -0.953398347 0 -1.8785392 -1.2553426 -0.169887111 -0.467223525 0.705289125 -1.27893043 0.295454025 -0.637735128 -0.424389392 1.24590492 1.81108773 1.44386458 0.33144927 1.4579221 0.793307304 0.117809214 -1.71801472 0.930031419 -1.8999964 -1.40113783 -1.37326014 -0.615929306 -1.83441114 1.30976593 0.418143421 -0.108198248 -1.45849264 1.46408713 -1.88180327 0.366783887 -0.969789445 1.57384169 -0.518627346 0.192260355 1.46043551 -1.91905737 -1.22111869 1.99770129 -1.06429613 -1.89936614 -0.882075191 -0.292378694 -1.45794106 0.109251216 -1.37521362 -0.578621149 0.174428463
s 0 slot 0 300 0.244051829 0.218225732 -0.288864434 0.118404478 0.119756781 0.213709131 0.101118729 -0.14906396 0.0441007428 0.0398149975 -0.188058689 0.0287731588 0.0494029261 -0.233991653 0.151687145 -0.086062409 0.0302005857 0.248756781 -0.0601951219 0.0169322137 0.1131761 0.126831636 0.0249657556 -0.206748798 -0.21740894 0.133412749 0.166081131 -0.151903301 0.0445933491 -0.216303289 -0.0398999937 0.0195370708 -0.244798109 -0.0222387798 -0.133386806 -0.171802327 0.1980187 0.207689673 0.1410366 -0.024297053 0.214821562 -0.097480841 -0.181617156 0.203221321 0.21933578 -0.0296627712 0.294463217 0.000676247757 -0.059206523 0.235497922 -0.212541461 -0.112484679 0.137916446 0.297549009 0.206636563 -0.241980314 -0.225528792 -0.20432131 0.201482758 0.152005464 -0.15304552 0.13736169 0.0698292032 -0.0513011217 -0.0563933924 0.259798527 -0.107129209 -0.177072212 -0.25491932 0.196574494 0.125248998 0.220899507 0.210646763 -0.155736387 0.0337079242 0.0313208736 0.16594398 0.0304956175 -0.232628733 -0.181447789 0.246156141 -0.21078673 -0.0500703566 0.106136225 -0.200870067 0.0742371306 0.103564456 -0.167213529 0.0733762607 0.0289646387 -0.0687264204 -0.262049377 -0.166708872 0.245655909 0.222348213 -0.0157102533 0.285155922 -0.0136449989 0.0787799358 0.287261456 -0.139677644 -0.294252545 0.232155696 0.131271273 -0.226745799 -0.281782895 0.0190912485 0.0265590213 0.0816709325 -0.276734352 0.0469562262 -0.263484836 0.157613143 -0.0309236757 -0.104007073 0.0946841463 -0.171945468 -0.265074492 0.0557456501 -0.0408800095 -0.148801059 -0.117231756 -0.224888384 -0.143626496 0.0846027434 0.161530375 0.191033393 -0.242822692 -0.0495538786 0.292288542 0.00338963675 0.28139627 -0.0937782004 -0.12794286 -0.124088906 0.0246213824 0.233277649 -0.105980314 -0.116688706 -0.282087177 -0.226997003 0.130178615 -0.294768035 -0.05165077 -0.0331089757 0.272268593 0.157128155 -0.20766075 -0.0325169042 0.184676662 -0.0300307814 -0.236022934 0.287958205 0.168327466 0.0945862383 -0.173037007 0.0953755602 -0.207776904 -0.199770302 0.288757294 -0.109239012 -0.212878615 0.0471619815 0.232130453 0.239853904 0.0215796754 -0.203263372 0.155224681 -0.129199952 0.0768269524 -0.272123665 -0.125157684 0.298799783 0.298163801 -0.0478216 0.0586957224 0.117059238 -0.160971016 0.172919333 -0.114988983 0.226204038 -0.0295669474 -0.262163788 0.0888378248 0.0365084633 0.0082484968 -0.225596443 0.229252264 0.260846436 0.188325882 -0.0971200317 0.180398628 -0.274324089 -0.0960834175 0.156544581 0.281791121 0.250325948 -0.100928403 -0.098264873 -0.147403061 -0.187697351 -0.0530958138 0.0195004456 -0.266507447 0.151301846 -0.0981182754 -0.124909505 -0.296344399 -0.0401999317 0.205556914 -0.0111781582 0.231241122 -0.222257882 0.17464754 0.0368256941 0.131204188 0.222809866 -0.0302081127 0.0748213753 0.0244630668 0.189596266 -0.216652006 0.257797539 0.292336911 -0.0401657335 -0.109268203 -0.102268167 -0.0338894017 -0.267274648 0.0924973264 -0.202798486 -0.0268583298 0.271945596 -0.111050829 -0.137387276 -0.222194269 -0.1625714 -0.00279247551 0.159609616 0.229822516 0.224464595 -0.097762309 0.0138231432 0.0858455971 -0.202947065 -0.160378262 -0.149001747 0.290590733 0.194842741 -0.0787849128 -0.146172613 -0.0256779268 -0.288805097 0.0409749709 0.0507711582 0.216545776 0.117155895 0.28524211 0.180379018 0.0817165971 0.122654982 -0.0113659129 0.232470676 -0.127665758 0.115640931 -0.0511762202 0.00597197516 -0.119107455 0.270213664 -0.0749454126 0.125331864 0.226264417 0.0605500266 0.13554512 0.298456073 0.221149728 0.0906946436 -0.288767219 0.055465918 -0.127285734 -0.105265357 -0.162920594 0.277396828 -0.269677818 -0.271406591 0.19328548 -0.255283713 -0.0878578499 -0.143345192 0.0493808463 0.220830992 0.250338137 0.23122862 -0.263906479 -0.136299014 -0.285275161 0.101241037 -0.11753168 0.243949443 0.293748707
y 0 slot 0 300 1.12121058 0.556793869 -0.901248336 0.356163085 0.500362337 0.618449986 0.217738599 -0.482304096 0.071254082 0.0888720378 -0.946605325 0.0279092938 0.24274914 -0.966416657 0.106420219 -0.11317867 0.0497466177 0.348603696 -0.144326314 0.0422839336 0.0625131279 0.403282672 0.107738465 -0.766239643 -0.762421012 0.330949068 0.769354224 -0.575521171 0.180931076 -1.01158655 -0.137909278 0.0359998457 -0.868895829 -0.0862565711 -0.303399056 -0.121951565 0.245447636 0.68544507 0.620964408 -0.0981156379 0.494344145 -0.352948576 -0.829526424 0.467608273 0.540093064 -0.117665388 0.603811026 -0.0084596267 -0.285401314 0.168208212 -0.642964542 -0.164543688 0.0907445922 0.352691263 0.794244587 -1.05459082 -0.492131323 -0.862887502 0.752055228 0.254690468 -0.659752905 0.329974443 0.280215085 -0.165813506 -0.103505157 0.351727158 -0.177012041 -0.309508383 -1.07906199 0.275050372 0.322526008 0.208051637 0.85098207 -0.580769241 0.0436102338 0.13334702 0.660428643 0.106472127 -0.851862669 -0.805147827 0.506298363 -0.725539982 -0.197915167 0.236444175 -0.870007932 0.357150465 0.456331879 -0.43075493 0.288993746 0.11019294 -0.299603164 -0.972122312 -0.209485307 0.297758013 0.817272544 -0.034808293 0.601414382 -0.0418497808 0.235926554 1.26216996 -0.393664598 -1.01969934 0.985574484 0.461779028 -0.257922232 -1.02274871 0.0166431237 0.0488279015 0.0922042355 -0.290570349 0.143049255 -1.12575376 0.525695682 -0.104031816 -0.466373265 0.345055282 -0.510986805 -0.172765732 0.244169533 -0.202472076 -0.141864166 -0.448633999 -0.529578745 -0.159288794 0.12034177 0.371055841 0.10922201 -1.09634471 -0.227161109 0.94299823 0.00619421946 0.605899692 -0.0868524984 -0.450430006 -0.415473789 0.134980857 1.04690588 -0.199661106 -0.522886515 -1.27252245 -0.88059628 0.333768636 -1.13720095 -0.158387527 -0.0566636696 0.455453873 0.318190008 -0.872183561 -0.0246612411 0.707212925 -0.0379443318 -0.441474587 0.690989077 0.520576656 0.441120565 -0.655618489 0.326871753 -0.531606853 -0.787721097 0.701950967 -0.409104019 -0.958676994 0.0810283273 0.328682154 0.826820314 0.0690827295 -0.741863549 0.213045761 -0.091386348 0.392106235 -1.20522141 -0.574991524 0.946597576 0.800261378 -0.0831091404 0.183018923 0.164334089 -0.19517675 0.489076078 -0.518750429 0.340088904 -0.0847928599 -0.907924116 0.192925811 0.109595269 0.0416450761 -1.03091407 0.209051147 0.570900023 0.716826558 -0.179477155 0.487130284 -0.723329604 -0.170962155 0.134713322 0.601824641 1.18607163 -0.458519906 -0.121025041 -0.543579698 -0.304163396 -0.177133352 0.0730365813 -0.277586669 0.41585964 -0.371221155 -0.592507303 -0.852938116 -0.192643702 0.965771735 -0.020778086 1.06667995 -1.00833571 0.2055832 0.0902240053 0.18207559 0.460370213 -0.0867156833 0.153690547 0.0975929871 0.767840266 -0.88102895 0.215788931 1.45054495 -0.124145262 -0.196886748 -0.266424805 -0.0423528515 -0.209280118 0.388425499 -0.145760059 -0.03925943 0.407393098 -0.30188629 -0.35671249 -1.09247112 -0.637524664 -0.0126226256 0.788567305 0.932479024 0.131081074 -0.190392703 0.0168745387 0.386944503 -0.424965799 -0.421041876 -0.673287749 0.485396296 0.623591244 -0.0824776888 -0.251656473 -0.0192933772 -0.210517928 0.0854089335 0.116162024 0.436566144 0.106385283 0.376042843 0.75882417 0.135298714 0.252265722 -0.0265432224 0.352302611 -0.139771909 0.170768142 -0.197527334 0.0291756727 -0.531734467 0.175108969 -0.260285437 0.590251863 0.88133651 0.284887016 0.297578394 1.12428069 0.508999467 0.405076653 -0.789175034 0.122778282 -0.594709158 -0.472350478 -0.82223928 0.365818262 -0.816721737 -1.36872888 0.474981695 -0.152596325 -0.284910321 -0.716190815 0.112478122 0.711313605 1.16281188 0.919306695 -0.644773543 -0.429200888 -1.00052106 0.326583952 -0.247812644 0.795478106 0.276052654
s 1 slot 1 300 0.04751103 0.214445695 -0.16038096 0.19270514 0.0972188339 -0.265947104 0.249076158 0.12955673 0.230558038 0.165759206 0.208265036 -0.0186342876 -0.262521476 -0.291792333 0.0221174713 -0.290071547 0.272204101 -0.12682426 0.0032071732 -0.0621865354 -0.177240491 -0.258753359 -0.255333781 0.089309521 0.180139765 0.19841896 -0.199271172 0.0106702754 0.238257006 -0.0151129821 0.03873818 0.0710803866 -0.0104655642 0.227735564 0.162737593 0.073097758 0.0185101926 -0.0423723683 -0.180502683 0.15213953 0.290635258 -0.207108244 -0.144704193 -0.29804495 0.263861358 -0.124026239 -0.205583379 0.00432108436 0.00366751524 -0.270677477 -0.08103697 -0.258242846 -0.0669867173 -0.214478254 -0.136776954 0.0288706366 -0.181194589 0.0535776541 0.131568 -0.00677077938 -0.119768381 0.26231724 0.0838023871 -0.272950649 -0.0211779457 -0.263892651 0.0260067433 -0.299709082 0.126525879 -0.102619827 0.17557618 -0.271602243 -0.267012954 0.00468965154 0.274762809 -0.175146356 0.174870268 0.154925779 0.127423108 0.0551700592 0.17292133 -0.119727261 0.00730677648 0.258445412 -0.000278973166 0.204605252 -0.0715248138 0.101907514 0.127038941 -0.0719353408 0.256077826 -0.17001605 -0.0870251805 -0.0508914031 0.288637131 0.295963287 -0.213377431 0.255155772 0.016971413 -0.177808955 -0.271909714 0.0939107388 -0.123041272 -0.242084861 -0.157833025 -0.277265102 -0.0986744538 0.291579872 0.267157555 0.0157231856 -0.0781332329 0.0969352424 -0.27748096 0.142624706 -0.125751063 0.282820284 -0.105365023 0.0933976397 0.0359078832 0.278069794 0.219925612 0.230817407 0.172036394 -0.0494246595 -0.158199787 -0.278989345 0.225362867 0.242869675 -0.123382442 0.0988103226 -0.20289734 0.276079059 -0.178365827 -0.000366969849 -0.208842039 0.232727394 0.1322359 0.287107289 0.236768648 0.14211075 0.193047911 -0.0388662182 -0.00836183038 0.184404567 0.172375098 0.138748124 -0.259242624 0.226253003 0.26921016 0.161766976 0.113365002 -0.132358283 -0.185934722 0.150280878 0.159576714 0.0706268027 -0.201381981 -0.180591255 0.164237022 -0.0642821416 0.292751372 -0.271604449 0.163530216 -0.000911711948 0.235762522 -0.218842834 0.162611499 0.112885095 -0.0659532398 -0.145873755 0.250861645 0.243356824 -0.15851976 -0.00298036844 0.0832964629 -0.286998928 0.0443239547 -0.169687122 -0.274665177 0.254852265 -0.208293438 -0.285352349 -0.0677181408 0.021328561 0.00235521421 0.208713144 0.0438608155 -0.00292967097 -0.174700081 0.0633222014 0.275370359 0.0750409439 -0.275638729 -0.128555149 0.273330212 0.167630672 0.162864432 0.0169050042 0.0384533256 0.0590589307 0.294581354 0.074474223 0.157972053 0.0997355655 -0.225934222 -0.0568394437 -0.167790487 0.0732112527 0.297837198 -0.244379938 0.127592415 -0.040434137 -0.215628356 -0.280663788 0.0489634797 -0.0658978671 -0.0435049571 0.299646437 -0.289452076 -0.00940431468 -0.235840052 -0.0712588578 0.0601757392 0.0387894735 0.122831225 0.148575872 -0.00821913965 -0.1712396 0.19728817 -0.0398660451 -0.0872448087 0.0510524325 0.235389143 -0.257141471 0.0350909717 -0.00631798431 0.285574704 0.292464733 -0.267565668 -0.1553974 0.0680293515 0.199403271 0.296856612 0.0951854512 -0.00465793582 0.210747078 -0.189155787 -0.298072726 0.139167681 0.0918297693 0.115688205 0.103197798 -0.189432561 -0.0572341457 -0.27656588 0.185995936 0.0666351914 -0.172262907 -0.0309659485 -0.177312076 0.169543251 0.0838439986 0.266563475 -0.154974669 0.215033278 -0.209861428 -0.113025695 -0.055676505 -0.0346319154 0.229155406 -0.295674682 0.0903730392 -0.0135488985 0.191346481 -0.228488237 -0.129628211 -0.0329274982 0.241445005 -0.0657656342 0.0944178775 -0.103861436 -0.110849999 0.0743210316 -0.198787287 -0.29489243 -0.183459193 -0.120712474 0.0810781047 -0.120754555 -0.0709370449 -0.262051761 0.294667631 0.142974138 -0.0270997193 -0.10265255 0.194187745 0.253172129 0.00174039172 0.0291203782 0.257418722
y 1 slot 1 300 0.228382409 0.541089952 -0.506044805 0.561773419 0.40488714 -0.78553623 0.514966011 0.42521143 0.398444802 0.403177619 1.0378207 -0.0222421139 -1.27801228 -1.20212948 0.0236394927 -0.354102075 0.323613316 -0.189336404 0.0101094851 -0.188227654 -0.0915468857 -0.794484317 -1.14545333 0.321742445 0.623531401 0.499759823 -0.943392754 0.0459066518 1.05786514 -0.070610866 0.139922947 0.169954255 -0.0408271737 0.820945621 0.37876901 0.0615712367 0.0258079581 -0.140560433 -0.780210674 0.670488179 0.651063323 -0.740058839 -0.667766809 -0.702087224 0.669825673 -0.434746385 -0.40663147 0.0111899208 0.0179263055 -0.206092343 -0.236127287 -0.375545114 -0.0366263278 -0.258560151 -0.513615847 0.126998886 -0.402796954 0.228545636 0.481571227 -0.00674345344 -0.505973697 0.652769089 0.33373028 -0.882440567 -0.0351021588 -0.341402024 0.0358618535 -0.536749184 0.54356879 -0.14981401 0.466778278 -0.23970294 -1.06002057 0.0185550563 0.277981997 -0.747077107 0.686047852 0.537439644 0.459259212 0.255102605 0.353301674 -0.402212292 0.0159854498 0.555915296 -0.000912650197 0.958448768 -0.309359133 0.264556378 0.487215519 -0.275078982 1.03306818 -0.61772114 -0.104809806 -0.0678735822 1.06033552 0.845926285 -0.43416068 0.782651246 0.0490271114 -0.781955838 -0.732995272 0.328434467 -0.514775276 -0.852630019 -0.191685915 -1.00833356 -0.0470009744 0.491452992 0.28372553 0.0144297071 -0.243791357 0.424858958 -0.917182982 0.501920462 -0.561083853 1.04681873 -0.298401117 0.049686756 0.15600419 1.33391786 0.185048804 0.872647583 0.399068952 -0.0460589565 -0.252780467 -0.669271111 0.144552365 1.10773802 -0.616936266 0.311644971 -0.278591871 0.596556962 -0.161173671 -0.00282956217 -0.711349785 1.14910424 0.606649935 0.526507616 1.06919658 0.649192035 0.755941689 -0.103719302 -0.0329386741 0.528934479 0.278981 0.225131989 -0.512404799 0.943312705 0.259084225 0.61033833 0.112721391 -0.247708067 -0.446922511 0.477417797 0.73973161 0.262347251 -0.675632477 -0.466852993 0.657600522 -0.153756157 1.09211731 -1.21287215 0.278948337 -0.00587670133 0.821297944 -0.760865629 0.597379625 0.157735676 -0.0384824798 -0.713987887 1.11905611 1.14002955 -0.494479626 -0.000168843588 0.146535844 -0.954776764 0.066604048 -0.222376242 -0.770808756 1.16903389 -0.321920633 -0.83738029 -0.229312867 0.0562505834 0.0164760016 0.713542283 0.20715493 -0.00297171646 -0.387373567 0.249240771 0.484598279 0.211590216 -0.7219401 -0.226142794 0.226812348 0.363959372 0.771992862 0.083230406 0.0456690937 0.227456495 0.451794237 0.240998447 0.579099417 0.0946846753 -0.626232326 -0.224623933 -0.823769867 0.213538036 1.40836215 -1.13615084 0.310860068 -0.177846685 -0.97429949 -0.341127127 0.135895953 -0.10296683 -0.0870096758 0.822335005 -0.542504251 -0.0418362729 -0.962040544 -0.300458074 0.0499102771 0.184731141 0.393813103 0.273280948 -0.026050603 -0.203743085 0.144931182 -0.159217611 -0.0631630868 0.0449854583 0.36182788 -0.711790383 0.0964505896 -0.0246900991 1.11884558 0.802400947 -1.30627024 -0.625831306 0.0456417017 0.425606489 0.797584891 0.447408706 -0.020500049 0.553440154 -0.835903823 -0.499793887 0.436662406 0.0959466323 0.2050336 0.0861719847 -0.123936519 -0.13430956 -0.722257853 0.388046354 0.0519628897 -0.2175598 -0.134120092 -0.280585974 0.342322499 0.199225396 0.400856435 -0.161093488 0.340703368 -0.787386298 -0.497927248 -0.255678743 -0.0231195521 0.821835637 -1.43859947 0.342934638 -0.0772395805 0.398859113 -0.847558379 -0.302317768 -0.154877245 0.656327128 -0.162245303 0.448093057 -0.476801008 -0.545276284 0.0930050313 -0.60205996 -1.46475041 -0.451801866 -0.0820716769 0.27658239 -0.58611232 -0.13693513 -0.838095129 1.38335943 0.560524523 -0.073550649 -0.323382497 0.686805785 0.826615036 0.000541284389 0.101321153 0.239140928
s 2 slot 2 300 0.0463382713 -0.212980881 -0.162353471 0.264298469 -0.0951816961 0.143262058 0.142144665 -0.19917205 -0.0349355936 -0.0618670136 -0.101410337 0.296056211 -0.0552119538 0.16012156 -0.164623946 -0.266215265 -0.193658173 0.0259137489 -0.206088021 -0.104114473 0.195649818 0.11867629 -0.0765158832 0.144100353 -0.108573362 0.196763083 0.0814955533 0.0407091752 0.0930709019 -0.034617614 -0.204521909 -0.0840931311 0.133766025 0.0987499133 -0.191533327 -0.0602754205 -0.081582807 -0.217765793 -0.265763134 0.184086561 -0.00669997884 0.0782095119 0.298829675 -0.134237558 -0.0113395555 0.161942229 -0.0662140325 -0.0607687831 -0.271366239 0.0616881363 0.14856568 0.121082835 -0.15983665 0.104065672 0.102585807 -0.0338626131 -0.0158682633 -0.249367878 0.00814543292 -0.139839038 -0.0892325863 -0.0230685957 -0.0797679797 0.184377804 0.127583385 -0.0950681269 0.118063442 -0.162557051 -0.0621089116 0.0976568088 -0.0386294872 0.15056476 -0.0849274695 -0.206342503 -0.177259639 0.263606817 0.0266269073 0.289935499 -0.0181389209 -0.227602139 0.203005493 -0.282561094 -0.139504597 -0.256334007 0.207175121 -0.138549954 0.292525649 -0.249439418 -0.106456891 0.13068223 -0.230127543 -0.0156122455 -0.243461981 0.0212130956 -0.0402405001 -0.0745961219 -0.172727704 0.272351742 0.156474769 0.11503423 0.208778113 -0.268606305 -0.00321375625 -0.274949759 0.280364692 0.298314452 -0.167167634 0.0200430527 0.0946436077 -0.0923773348 0.146056548 0.173936233 0.284465224 -0.118622445 0.0147804199 0.117381185 0.0338073745 -0.104936808 -0.218817472 -0.148120508 0.0286640264 -0.177788973 0.12177033 0.119191416 -0.281757593 -0.255111128 0.163975298 0.26556769 -0.102446318 0.0467798933 -0.00384660484 -0.0170071591 -0.140802428 0.0838949978 -0.210385516 -0.235011727 -0.136322305 -0.218939722 -0.287896007 -0.0454127267 -0.176769584 0.297438234 0.197486088 0.184085205 0.0566761792 -0.209040597 0.192578733 -0.017014876 -0.20238097 -0.234457284 0.117675692 -0.0607830361 0.0586223416 0.266027004 0.072486259 0.0404855683 -0.132765099 0.0799336135 0.0499769375 0.0795184374 0.29805094 -0.253461033 0.265108883 -0.0203885436 0.144078881 0.204126433 0.162098601 -0.0187299345 -0.243492767 0.181712553 0.0793462247 -0.146614417 0.217717975 -0.234233707 0.0709803179 0.0579734072 0.135110423 -0.168644533 0.16579394 -0.177164748 0.106766462 0.203681216 -0.0617956482 -0.0201639012 0.155045643 -0.048075337 0.0243829768 0.114738986 -0.168103844 -0.19901371 0.0848980397 0.142972112 -0.270261616 -0.0646433309 0.00202338514 -0.0715075433 0.175859898 0.120774098 -0.242335245 -0.139411554 0.137074411 0.272040218 -0.101329684 0.211097628 -0.247534975 -0.115781367 -0.236931503 0.0181336123 0.121403821 -0.00327245565 -0.0187821221 0.10771478 -0.29231897 0.170053318 0.0075457585 0.219014019 -0.048149664 0.0955746546 0.0774200857 -0.0825361609 -0.202031136 0.064346455 -0.149860278 0.288427293 -0.12791501 0.145841286 0.165077761 -0.261447519 0.155100957 -0.0887234733 -0.020603301 0.155663699 -0.189504877 0.159012243 -0.0448608845 0.126340419 -0.282564074 0.112010717 0.142617956 0.1088394 0.163465768 0.0854240209 -0.130397782 0.241956726 0.0959247276 -0.0364560373 -0.125123382 0.264182448 -0.0182283148 0.075964421 -0.0898031294 -0.0190148968 -0.0863348171 -0.0295932516 -0.141996384 -0.174165741 0.178009823 0.0712846145 -0.203795195 0.141737461 -0.220073998 -0.235127091 -0.257539034 -0.0794507638 0.204655305 0.014919267 0.106756814 -0.252568007 0.243149012 -0.0591432117 0.273832023 0.169251949 0.282799184 0.165955096 -0.0623163097 0.0356848575 -0.0337050483 -0.239999473 0.148815542 -0.278318435 -0.0802488849 0.133885175 -0.0792412981 0.0441167019 -0.287465543 -0.00211717538 -0.194599628 0.284515947 0.0581775457 -0.261093169 -0.204112634 -0.288152665 -0.200312331 -0.162373528 -0.110469237 0.0869468749 0.149880677 -0.148748964 -0.170120329 0.172955394
y 2 slot 2 300 0.220416889 -0.536486864 -0.509137988 0.767089605 -0.397569209 0.432689965 0.28780356 -0.637646317 -0.0608046502 -0.139709502 -0.495822251 0.276888072 -0.270883113 0.657598615 -0.110278338 -0.321836114 -0.241566747 0.0301280171 -0.422958672 -0.29950583 0.109323978 0.366360545 -0.342863142 0.529835522 -0.375698805 0.498204648 0.385222107 0.156615555 0.421516865 -0.163049445 -0.753834486 -0.183183238 0.474495381 0.35889259 -0.460913718 -0.0363632776 -0.100381404 -0.711081505 -1.15212762 0.80074048 -0.0211054683 0.279271781 1.36991024 -0.312284648 -0.0208770949 0.575753987 -0.132946149 -0.250483245 -1.34387136 0.0430142991 0.447030574 0.175151527 -0.100773498 0.135198697 0.398207635 -0.140500128 -0.0385830887 -1.07029295 0.0247167107 -0.233148381 -0.371090561 -0.0504346043 -0.321722478 0.606086016 0.224168375 -0.130528018 0.191007465 -0.288998842 -0.273831069 0.128762528 -0.0972693488 0.129841253 -0.34414959 -0.78336513 -0.193157241 1.14103019 0.101027153 1.01587272 -0.061022304 -1.02706838 0.409351975 -0.950428843 -0.546286583 -0.570655644 0.886390209 -0.649665475 1.28007734 -0.654652655 -0.407812804 0.473906487 -0.918127954 -0.0514150001 -0.296779394 0.0312934071 -0.148878202 -0.214709401 -0.36129421 0.841700375 0.440545082 0.508827269 0.573160231 -0.91746074 -0.0203474667 -0.964750528 0.32809183 1.08013415 -0.0920356363 0.034416236 0.0990685374 -0.0934039429 0.447994292 0.74795121 0.932158232 -0.418991923 0.0683124661 0.437352329 0.106741235 -0.0635131374 -0.947962463 -0.709732354 0.0307655763 -0.659905553 0.284405619 0.137435675 -0.442981899 -0.603969336 0.112467438 1.20466435 -0.521853447 0.138901025 -0.00597723341 -0.0357693247 -0.123934783 0.294088274 -0.709739506 -1.16276908 -0.611961007 -0.415794849 -1.29972661 -0.202092841 -0.6947999 0.786986053 0.76224196 0.529797792 0.0933244675 -0.355589092 0.387453139 -0.0717366338 -0.209195375 -0.891428888 0.122299515 -0.109369896 0.131664693 0.832002282 0.338539541 0.149648964 -0.449029267 0.202812359 0.197420761 0.196934372 1.10970378 -1.13744831 0.438939661 -0.0269396249 0.508747339 0.722865283 0.593183935 -0.0250584297 -0.153440624 0.878460228 0.353505999 -0.693611085 0.677518129 -0.622801065 0.122424081 0.194590881 0.193547592 -0.219120413 0.452756941 -0.817909539 0.174132973 0.594355881 -0.206472903 -0.0403705426 0.499052018 -0.172453374 0.118074395 0.0855381489 -0.370438129 -0.766370356 0.155130923 0.402447313 -0.700888634 -0.117385738 0.000148470092 -0.150394231 0.829595208 0.559875906 -0.319738269 -0.521820307 0.218087479 0.859266639 -0.38096559 0.212560341 -0.683860719 -0.447188616 -1.17430639 0.0483018421 0.575903296 -0.0113114715 -0.0469692089 0.499616712 -1.31714439 0.194735885 0.026206715 0.310502797 -0.104515843 0.26310727 0.139270693 -0.356201589 -0.821048379 0.257082015 -0.12303786 1.42754054 -0.408796757 0.264614195 0.427035987 -0.306611836 0.120267428 -0.364555866 -0.0105615854 0.160243303 -0.282176405 0.435553998 -0.125370011 0.624016106 -1.09514356 0.309773386 0.690826654 0.443533003 0.0944255143 0.17401734 -0.340502769 1.12361073 0.196605101 -0.0914108083 -0.553536177 0.452683836 -0.0626152605 0.0793006569 -0.144657269 -0.00798189268 -0.0483123772 -0.0670610741 -0.362882614 -0.353342712 0.123846464 0.089049682 -0.853259623 0.224489525 -0.453404218 -0.515247405 -0.387819976 -0.0826031417 0.3233504 0.0552553236 0.469204038 -1.15775716 0.174991921 -0.208626345 1.34260476 0.642522752 1.33546329 0.340879977 -0.239995167 0.0901584998 -0.15411891 -0.641862631 0.367545336 -1.32682848 -0.373027235 0.67518115 -0.108313613 0.133723289 -1.4181962 -0.0027559984 -0.123098962 0.941390574 0.292887479 -0.52017504 -0.655186176 -1.33811462 -0.79698348 -0.390646368 -0.349571615 0.307824016 0.492931098 -0.287941366 -0.551715612 0.166274875
s 3 slot 3 300 -0.22520934 -0.295948803 -0.246295482 -0.150602847 0.0223050918 0.281401783 0.00933617633 -0.173978969 -0.262609392 -0.158606648 -0.204636872 0.0831198916 0.200838491 -0.135456741 -0.0350164175 -0.0781941786 -0.186752558 0.17752108 0.0849600658 -0.276077241 -0.1534127 0.0477809161 -0.0461267643 -0.159989253 -0.264965475 0.261620462 0.141735315 -0.236803398 -0.0818773732 -0.0924031511 0.0452359505 -0.185247511 -0.12854749 -0.268060088 -0.229054272 -0.282822907 -0.169788554 -0.197384894 0.126023784 0.0222002883 -0.214795992 -0.0266514197 0.141012236 -0.0818172395 -0.159244925 -0.260701388 -0.251236022 0.289898962 0.159613207 -0.14777264 0.223303452 -0.085226804 0.0866205469 0.0544026271 0.0825654492 0.0772352219 -0.265605271 0.25960657 -0.136439487 0.155186504 0.216059417 0.289489716 -0.270017982 -0.0258004498 0.116960771 0.268051922 -0.204309151 -0.109627582 -0.248070195 -0.0759775266 -0.26643768 0.057096146 -0.0248230901 0.0843766108 -0.0366690345 -0.25348106 -0.171385035 -0.189330369 -0.229009137 -0.0189572014 -0.271751612 0.0644692108 -0.215031624 0.0649250969 -0.287714154 0.0654436126 0.206519589 -0.284883112 0.0186565984 0.129691154 -0.123811498 0.254260421 0.040722385 -0.0724431351 0.13072753 0.214684218 0.247090548 -0.138483927 -0.283938527 0.214336798 -0.270090938 0.128459349 -0.168952763 -0.255858183 0.00975845847 -0.0362760425 0.147677198 0.148273006 -0.054932788 0.0188615508 0.253516883 0.206900939 -0.294238001 0.113968827 0.225284725 0.229527891 -0.275682211 0.224915057 0.0836752132 -0.00655093789 0.108488061 -0.213497445 0.299684554 -0.231187344 0.171932638 -0.130485922 -0.111410737 -0.233445257 0.129517898 0.0892190188 0.0533992089 0.0638588816 -0.276046664 0.112025775 -0.151608825 0.00636754511 0.0942869857 0.0859004557 -0.0294397622 -0.0200516414 -0.148374826 -0.0793684572 0.213970885 0.0107107246 0.075678058 0.247840926 -0.188588843 -0.144921109 -0.152461007 0.121809103 -0.133207798 -0.243492186 -0.109463818 0.165727466 -0.161797941 -0.283158779 -0.210160524 0.252297848 -0.0071520498 0.294397235 -0.228523985 -0.121586606 -0.230947122 0.0665209517 0.136485428 0.189459041 0.23954381 -0.244955331 -0.00624308223 -0.0159276836 0.0497033074 0.153668374 -0.248125941 0.144919798 0.0219021831 0.028190054 0.0580334365 -0.215330496 0.0107948547 -0.0247284118 -0.0758163631 -0.29503569 -0.0669034347 -0.247526348 0.296687394 0.0355987847 -0.248860598 -0.111008845 0.259723336 -0.197578445 0.17127578 0.00476965308 -0.0581406616 0.238509834 -0.0838935077 -0.225329861 0.0790548697 0.282242 -0.264122009 -0.235159636 -0.0493671969 -0.0364289545 0.0954106674 -0.291029721 -0.0942218974 -0.229387134 0.00410054857 -0.164820313 0.0231210124 -0.118222415 0.282355875 0.227161616 -0.170697883 0.00989345368 -0.296948671 0.282559931 0.284627706 0.221530348 -0.0509063043 -0.15548785 -0.158876508 -0.258533895 -0.222328156 -0.259165019 0.20240055 0.136672795 -0.201732919 -0.180984989 -0.151767388 -0.0361523256 0.16750288 0.0801639408 0.271480978 -0.026540067 0.296952814 0.277783692 -0.151849195 0.0959222838 -0.160376906 -0.101596348 0.140369609 0.165565342 -0.0676620752 -0.00936720986 0.142827302 -0.11121612 -0.25385654 0.254331589 0.106309079 0.136862546 0.0367450155 -0.233554929 0.158868298 -0.0412955433 0.180839464 -0.198739499 0.134170994 -0.216795385 -0.0345227607 0.00612728717 -0.144348368 0.0519300736 -0.110177927 0.225205168 0.24475193 -0.0541757271 -0.0448733084 -0.185197905 -0.0527891554 0.245696425 0.216296792 -0.201564759 0.151903972 0.288209677 0.036484953 0.106186926 0.269431025 -0.128049061 0.0939095244 -0.056917537 -0.257398129 -0.0858034119 -0.184222385 -0.183317661 0.0484458506 -0.269405812 0.22321856 -0.24215731 -0.103668422 0.154561818 0.256961346 0.206173018 -0.229893863 -0.251379699 0.0569390021 0.00946499128 0.260950387 0.157980114 -0.217962325 0.0351458192
y 3 slot 3 300 -1.03889489 -0.738569379 -0.769961238 -0.43921566 0.0930234417 0.83261162 0.0216778405 -0.559056103 -0.462949932 -0.373933494 -1.01680613 0.0774158239 0.974432707 -0.557581484 -0.0215739477 -0.0965023786 -0.224389777 0.244766101 0.176905096 -0.794717133 -0.0828039125 0.151210159 -0.207829729 -0.586621761 -0.922911882 0.658506513 0.662874758 -0.8947317 -0.366701186 -0.432675719 0.166303158 -0.419050694 -0.462334037 -0.965713799 -0.541347921 -0.194422275 -0.195605084 -0.634945095 0.543803334 0.0994801819 -0.476960599 -0.0965052769 0.64817822 -0.193464115 -0.407724917 -0.917406082 -0.506988525 1.20471966 0.78927964 -0.110086523 0.657274961 -0.123957992 0.0568801351 0.0661509037 0.319763124 0.332685679 -0.585097671 1.11031413 -0.504397154 0.262482285 0.912029386 0.714330912 -1.08638811 -0.0818375647 0.201927111 0.348605663 -0.334860533 -0.194472075 -1.06296718 -0.105889134 -0.706771374 0.0528594218 -0.096656777 0.320122004 -0.0394054763 -1.09158683 -0.677887738 -0.666472852 -0.829713643 -0.0823204666 -0.5496189 0.217699751 -0.839879572 0.140363276 -1.22011769 0.307557732 0.904967129 -0.743403375 0.0731677264 0.474442124 -0.502537668 0.940172791 0.0501133576 -0.0938833505 0.480936915 0.612408698 0.506958187 -0.432218999 -0.807255447 0.944067001 -0.731947422 0.441878587 -0.704938948 -0.894886374 0.0127994632 -0.132525235 0.0837144628 0.247976109 -0.0629711524 0.0183652863 0.778114319 0.898783922 -0.968825161 0.401351184 1.02715015 0.849803746 -0.800821841 0.135817632 0.362575859 -0.0327513851 0.0899355784 -0.800422609 0.704029262 -0.259498507 0.272665679 -0.314901769 -0.0742216259 -1.05720448 0.649748564 0.284390658 0.0735675022 0.137914628 -0.245240554 0.390371352 -0.510578454 0.0337810181 0.428532481 0.158383504 -0.132071212 -0.0886635259 -0.579340935 -0.210460469 0.827952564 0.030279262 0.121897146 0.41727066 -0.376021892 -0.608190536 -0.153110757 0.461459875 -0.137295544 -0.448825598 -0.259465814 0.517011821 -0.764365196 -1.08058119 -0.712034583 0.645699918 -0.0265611857 0.71917063 -0.846356153 -0.545260191 -0.377884328 0.094689697 0.475196153 0.666023433 0.884221852 -0.32268101 -0.00398121541 -0.075983353 0.222135887 0.721847832 -0.775280714 0.387449741 0.037445996 0.0904615745 0.0828604028 -0.271883696 0.0292748995 -0.112532586 -0.119287476 -0.863733232 -0.229911059 -0.525148571 0.943513453 0.123263493 -1.1266402 -0.0895314366 0.561935544 -0.771505952 0.297498733 0.0126269003 -0.153519541 0.440965861 -0.0650369525 -0.483154893 0.374472231 1.32188582 -0.34327805 -0.876400948 -0.0776934326 -0.113527991 0.353211582 -0.282113314 -0.2611911 -0.877786875 0.0230865702 -0.478464812 0.11045894 -0.552412391 0.682364106 1.04918838 -0.771288991 0.00907162577 -0.800491214 0.399692833 0.567000985 0.611646533 -0.0936759561 -0.680066884 -0.645697534 -1.06056631 -0.172506005 -1.28729534 0.646276951 0.246208444 -0.52475369 -0.213294774 -0.112658702 -0.143499032 0.108881176 0.077845566 0.411091208 -0.0731899738 0.799368501 1.37125576 -0.590212762 0.262016505 -0.781407475 -0.411190122 0.0819602683 0.354377866 -0.184289783 -0.0424755402 0.29926461 -0.288971961 -1.13592362 0.4310247 0.336214721 0.133007586 0.0634836555 -0.163476795 0.104574472 -0.0910132602 0.467030972 -0.4114694 0.102635749 -0.276882499 -0.143401757 0.0108941579 -0.296791345 0.117941655 -0.164735064 0.245077446 0.37905252 -0.203947157 -0.197353661 -0.8433882 -0.0380115248 0.87398535 1.05044615 -0.77351886 0.716440678 0.605828464 0.137353718 0.248838484 1.19608402 -0.346004963 0.226702422 -0.269168139 -1.1788311 -0.427398026 -0.22580409 -0.552792788 0.238082856 -0.666649997 0.134191513 -0.797985137 -0.506964505 0.306817412 0.82343328 0.963020921 -0.910707831 -0.608972073 0.180466056 0.0344746374 0.854776502 0.309769958 -0.707398832 0.0310231149
s 4 slot 4 300 0.212440997 -0.131194577 -0.221658796 0.179469928 0.0203790162 0.216321021 0.298488289 -0.197131142 0.265099436 -0.234050244 0.244649246 0.15684481 0.226220593 -0.0535168573 0.187070295 -0.00374109927 0.133990258 -0.177310258 -0.111391902 -0.249716744 -0.0158505421 0.0748340115 0.195937037 0.241902873 -0.220297009 0.114868276 -0.243022442 -0.0994330198 0.250598013 -0.236317411 -0.176388741 0.195418894 -0.273305416 -0.122710504 -0.155938417 -0.269955754 -0.186350465 -0.286503166 0.280096918 -0.0684083998 -0.15847072 -0.106543899 -0.0471887998 -0.132935628 -0.173664302 0.208114907 -0.204064548 0.204034701 0.0353542864 -0.216784626 -0.0026419803 -0.0402624868 -0.241352737 0.0428692475 -0.222841173 -0.00414453261 -0.166534886 0.0953517258 -0.2810269 0.112073392 0.200961187 0.283068299 0.174296379 0.155814499 0.0733566359 -0.295544624 -0.0557363778 0.116871305 0.0256820656 -0.289137632 -0.100385465 0.00182395964 0.180000752 -0.0552361347 0.290850431 -0.252852947 0.220833674 -0.0704508647 0.094858624 -0.0901510939 -0.242893636 -0.0673106685 0.119739719 0.189980507 -0.0222638194 -0.188013315 0.201010883 0.0187272988 -0.114190698 0.277182132 -0.0705333129 0.168733612 -0.140007824 -0.112494484 -0.0042396402 0.0532246418 -0.0394255333 0.014752063 0.108456343 -0.170586571 -0.0499994718 0.0806219503 0.0671341643 0.214884341 0.237848595 0.294238597 0.0980540887 -0.0634428337 0.231056497 0.216116205 0.250841796 1.63589957e-05 -0.0716820359 -0.138173223 0.253532231 0.254034311 0.140898287 0.101679526 0.207146049 0.077181153 -0.265367329 0.103895903 0.15025717 0.0189536791 0.0374255367 -0.0408867374 -0.0751911774 0.079218857 0.201675653 -0.0365561806 0.0600830913 -0.159474045 0.1724215 -0.29514727 0.148472369 0.0703396648 -0.19987011 -0.00972545054 0.292947054 -0.250659227 0.122218646 0.0496000424 -0.0515119396 0.209221959 0.185619205 0.0811551139 -0.102438346 -0.282120496 0.110634409 -0.252801895 0.0202747397 -0.284190953 0.13604483 -0.0620289855 -0.0491934419 -0.0799981207 0.176430598 -0.00379998074 0.267127842 0.17348589 -0.24632372 -0.110186107 -0.296624243 -0.277079284 -0.125147939 -0.269931644 -0.24218452 -0.00347008347 -0.186111227 -0.107248157 -0.104698181 0.249182716 0.209432915 0.280792505 0.148225248 -0.0715295225 0.0501561947 0.00761083048 -0.0154709863 0.0830800012 -0.098059535 -0.183039188 0.129141614 -0.244575098 -0.0694774985 0.0924819261 0.196591899 -0.0763613582 0.0521862693 -0.139452472 -0.0901301876 0.0196699481 -0.156326547 -0.223594919 0.14883323 -0.0897142813 0.1995911 -0.201543391 -0.284581393 -0.0154920137 0.0979137197 0.0643497258 -0.0313365199 -0.137185425 -0.0503014252 0.126159191 -0.232521519 0.094923012 -0.19875437 0.269516528 -0.119087838 -0.108556457 0.262990922 -0.209991187 -0.0273890756 -0.158550233 -0.204496011 -0.106726699 -0.251915663 -0.0886503533 0.286007434 -0.271423101 0.143402621 -0.234430358 -0.29829821 -0.0996226966 -0.284731776 0.00367737841 0.0566853918 0.0355129018 -0.0668622702 -0.164385721 -0.0525125451 0.195277125 -0.256364644 0.126644135 0.0306765959 0.0785012916 -0.0102899782 0.24251464 0.267377436 -0.13864845 -0.0123049337 -0.160834029 -0.267518878 0.0842457414 0.239262044 -0.0658783317 -0.100480951 0.276398242 -0.143583253 -0.248955891 -0.211715803 -0.0259532388 -0.177946672 -0.0926757306 -0.14728424 -0.278969467 -0.0159717407 -0.202438802 -0.0309720878 -0.237741008 -0.0365559198 0.212412998 -0.124739856 0.241531372 -0.261342704 -0.272425652 -0.00379972043 -0.0773644373 -0.263886958 0.257408082 0.134638816 0.166815162 -0.249986142 -0.284163386 -0.215958565 0.260845274 0.180664584 -0.0978354141 -0.139183819 0.0975174531 -0.254686445 -0.199441537 -0.04901639 -0.186959445 -0.0990433618 0.0771105364 -0.0198320467 -0.114743121 -0.146174744 -0.238130048 -0.00185334554 -0.208738804 0.178195968 -0.0606374256 -0.183133498 -0.255878001 -0.0462902784 -0.201881394
y 4 slot 4 300 0.979995728 -0.330356687 -0.690857112 0.523806155 0.0849765241 0.64207834 0.608617127 -0.636485279 0.467012852 -0.555854738 1.21523321 0.148724824 1.09853327 -0.217567503 0.125546113 -0.00400053104 0.161020458 -0.244735464 -0.232787088 -0.713478088 -0.00986629352 0.229450166 0.872884035 0.885331988 -0.764865398 0.290019572 -1.13918638 -0.37719065 1.11651528 -1.10754168 -0.646529853 0.442119509 -0.985940337 -0.441377372 -0.36871016 -0.189458862 -0.219987229 -0.92416966 1.20539129 -0.300135374 -0.355699837 -0.376914859 -0.216886923 -0.309112459 -0.439670801 0.73234272 -0.417148799 0.852509737 0.173947126 -0.155818194 -0.00672437577 -0.0576058701 -0.155176178 0.0529345162 -0.858128786 -0.0173408873 -0.366358548 0.406407267 -1.03850114 0.188179925 0.850924551 0.698177099 0.701448321 0.507323742 0.12721251 -0.383762777 -0.089321129 0.206774727 0.108605519 -0.396588981 -0.265331209 1.02248066e-06 0.713118494 -0.209757537 0.305267066 -1.09199941 0.873306096 -0.246024325 0.34436959 -0.4082582 -0.493841738 -0.227530405 0.46871081 0.420412004 -0.0922279656 -0.878787935 0.878595173 0.0485991128 -0.435996413 1.0199362 -0.282277018 0.621382117 -0.172395289 -0.140053555 -0.014321262 0.1492493 -0.0827031434 0.0477150269 0.307650894 -0.751389623 -0.134054273 0.276903421 0.279369086 0.751669943 0.283893228 1.06695271 0.0518817715 -0.107272409 0.257276297 0.223682255 0.771741748 -0.00250320416 -0.236041382 -0.486303449 1.14962399 0.942765057 0.409053952 0.0652719438 0.895867586 0.371926993 -0.223950341 0.389256477 0.354860365 0.0191298202 0.0613153093 -0.0961867571 -0.0469199903 0.35772422 1.0057646 -0.117340229 0.0823498145 -0.343927622 0.153482258 -1.02995205 0.499790579 0.344409376 -0.910061657 -0.0156791098 1.3207556 -1.13285577 0.477221161 0.131811336 -0.199456185 0.5924896 0.299734056 0.14034228 -0.207148969 -1.18040287 0.111371838 -0.956653774 0.0219706707 -0.519411027 0.32245937 -0.194577456 -0.228846163 -0.304034561 0.597668707 -0.00900564436 1.06045866 0.423295081 -0.914234579 -0.498334795 -0.490900815 -0.401887387 -0.435930461 -0.948547482 -0.893824816 -0.00687813899 -0.121429026 -0.525064588 -0.465903103 1.16745162 0.654419005 0.742616177 0.239821881 -0.234174773 0.0704108849 0.0106174368 -0.0422355533 0.380594581 -0.152366921 -0.535403252 0.443173409 -0.524205267 -0.221809313 0.316573292 0.889835954 -0.0650792271 0.1143246 -0.542143106 -0.156687751 0.0547495559 -0.405116469 -0.413188517 0.117746592 -0.193087831 0.941396415 -0.944248915 -0.369574904 -0.0599937029 0.151683599 0.200766698 -0.114909053 -0.12909615 -0.138531372 0.483212054 -1.14514446 0.275243968 -0.934164941 1.26297057 -0.28843385 -0.502206802 1.18763423 -0.24424921 -0.073669754 -0.223455846 -0.407543689 -0.293824583 -0.474315405 -0.385861963 1.16109347 -1.11141109 0.110858351 -1.1614219 -0.951858103 -0.179713324 -0.737930655 0.00515086669 0.0427652374 0.141346157 -0.0423363 -0.163273439 -0.0802194029 0.538720608 -0.690028131 0.622748375 0.118506074 0.213571101 -0.0510544069 0.983101189 0.150733784 -0.296712041 -0.0310111381 -0.742565155 -0.562461138 0.218776152 1.07066524 -0.111888751 -0.317674339 0.266186446 -0.243344128 -0.179601535 -0.140276164 -0.052642893 -0.460003048 -0.191151693 -0.111816518 -0.360701948 -0.0662299097 -0.323753834 -0.0625462234 -0.529530704 -0.0553740188 0.22876668 -0.193610668 0.897959232 -1.15210319 -1.24296665 -0.00154441106 -0.27673772 -1.28257966 0.988206267 0.64063853 0.349188298 -0.928082943 -0.667551339 -0.958536744 0.704470098 0.441735268 -0.465642273 -0.638976991 0.485728353 -0.318545401 -0.597872317 -0.241428867 -0.46277976 -0.0588011369 0.252665877 -0.0953361019 -0.227982044 -0.468610168 -1.11196995 -0.00666727312 -0.500714779 0.562924683 -0.213573933 -0.599620759 -0.503816009 -0.152100459 -0.191928178
s 5 slot 5 300 -0.00846145209 -0.00105261011 -0.108862169 -0.144310415 0.0106497342 -0.0757219717 0.244816676 -0.10101562 0.2227332 -0.000453700632 -0.167614862 -0.233805373 -0.195339903 -0.0462137684 0.183167726 0.229168415 0.211001962 0.0333752669 0.296307027 -0.159476042 0.220308051 -0.0422361977 0.00790246949 -0.18558301 -0.0580287501 0.0871324539 0.058058966 -0.136380896 0.128625795 -0.289608538 -0.231074452 0.245330125 -0.0961446092 -0.173345834 -0.100921713 0.142041788 0.0677666739 0.235026374 -0.206613004 0.0889230818 -0.0853217095 0.27786693 0.109176852 -0.0867830366 -0.0272084288 0.255569845 -0.17336458 -0.274117976 0.0493598022 -0.00208688504 0.0721212626 -0.171395987 -0.131165981 -0.183331147 -0.197679371 -0.017795857 -0.0415747426 0.25470835 0.0509109944 0.0899828747 -0.206551433 -0.154549882 0.0253448971 0.00167759822 0.0101268804 -0.0801371112 0.0835701302 -0.0262836982 -0.233502418 -0.259408891 -0.142758891 -0.282106161 -0.255507112 0.227560252 0.165332973 -0.040904738 0.29901585 -0.0998154804 -0.266641498 0.101281203 0.184698462 -0.0311039258 0.0438227281 -0.257038176 -0.221167102 0.0316165611 0.000780669681 0.232702136 -0.045030605 0.103829674 0.0672431886 -0.0880021006 0.0259421077 0.196049348 0.149331912 0.26764521 0.181944162 0.0504607111 0.110288948 0.246344686 -0.169839218 0.0310165677 -0.222209603 -0.103058346 -0.170201868 -0.231493652 0.29319793 0.198397145 -0.104527637 -0.118484639 -0.0517052598 -0.171602115 0.133860901 -0.242292568 -0.161373556 -0.156751469 0.0328601524 0.164009601 -0.129554734 0.244568944 -0.00333667314 0.226406455 -0.285654277 -0.219587967 -0.00199648202 -0.125286102 0.103269376 -0.0368154012 0.16055046 0.258074939 0.207887501 -0.263126582 -0.214641407 -0.167333648 0.204448104 -0.231111944 -0.0589472987 0.0823933259 -0.251734644 -0.117537133 -0.101739809 -0.240757659 -0.167912632 -0.110714927 -0.12005081 -0.253837705 -0.20059438 0.0685874298 0.0368255861 -0.00146370754 -0.109578036 0.112489395 -0.146099165 0.0091892546 -0.175113961 0.197409138 0.115300991 0.256442219 0.0168523956 -0.0434412472 -0.0770536214 -0.0197884962 0.213904887 0.071415633 0.127837539 -0.209116086 0.0225430857 -0.068424359 0.297314018 -0.23585929 0.230643198 -0.279087186 -0.0390397049 0.109374657 0.107679673 -0.282558709 0.0816936344 -0.0669170022 0.22187075 -0.110981807 0.0891500339 0.0604134053 0.105721578 -0.118975013 0.192386582 -0.178273126 0.150614947 -0.0805912167 0.214284375 0.0212449506 -0.195215508 -0.0928850994 0.166507304 0.290376753 -0.122626759 -0.0988636538 0.253825456 0.245192856 0.148421705 -0.278461844 0.299543262 0.155098498 -0.0233996231 -0.0548056774 -0.162227228 0.0699024051 -0.0732809007 -0.249258965 -0.0902563259 0.114702128 0.0480821058 -0.275113165 0.160007715 -0.258494318 0.267801315 0.276185662 -0.0751387626 -0.262004644 -0.165362433 0.0986574888 0.131458446 0.157616213 0.209055632 0.296426266 0.133545354 0.250454783 -0.263231039 -0.139976323 -0.00976934657 -0.203933686 0.107920863 0.230440736 -0.000840612804 -0.297771871 -0.209110409 -0.232894614 -0.166139394 0.263181061 -0.22631593 -0.119253129 -0.28669101 -0.0110493032 -0.063950941 -0.237526491 0.21986036 0.130616844 0.248162314 0.191239625 0.0589708388 0.0869667232 -0.190528736 0.261598051 0.167813495 0.0203317329 -0.222501591 0.0370670669 -0.254221797 0.292222708 0.264194608 -0.027082812 0.0906671137 -0.0631583557 -0.204499885 0.141440257 0.184641197 0.142197222 -0.280324757 -0.182444155 -0.045715984 0.196680114 0.286866993 0.285996437 -0.0403744765 -0.271009505 0.233441129 0.115326315 -0.139182091 -0.222393021 -0.0944315344 0.298184425 -0.0354695842 -0.0360233001 -0.271971107 0.21996662 0.0165741369 0.161994815 -0.0109255146 0.0184800364 0.0119982716 0.247911587 0.0115395989 -0.215214089 0.232527778 -0.167403102 0.0942309946 -0.158045277 -0.201358125 0.204989508 -0.201924443 0.03301543
y 5 slot 5 300 -0.0356181115 -0.00548537401 -0.340831548 -0.425430417 0.0439919457 -0.218961641 0.498167157 -0.323513061 0.391900152 0.00247676391 -0.827223182 -0.221452311 -0.949792385 -0.188051656 0.125281841 0.283435851 0.249093458 0.0437768698 0.628914416 -0.456811279 0.121579528 -0.13306269 0.0343252458 -0.674542487 -0.200128034 0.221280217 0.275281012 -0.514767647 0.577586114 -1.35762596 -0.849475682 0.56040448 -0.35163033 -0.621879756 -0.243606612 0.101313569 0.0750836879 0.751327217 -0.894819021 0.385732293 -0.195062414 0.988597631 0.499598771 -0.20119068 -0.0634138882 0.902575076 -0.352260917 -1.13925159 0.241405576 -0.00182788982 0.218615934 -0.247554109 -0.0835261941 -0.219981596 -0.757472396 -0.0730867162 -0.0936571881 1.08474231 0.184918389 0.152998403 -0.869013488 -0.377383798 0.101559639 0.00647941371 0.0197740924 -0.108975232 0.135980859 -0.0479561277 -1.00759614 -0.359874099 -0.374840319 -0.254833788 -1.01935518 0.857606649 0.168598205 -0.174483359 1.17938316 -0.351405054 -0.960675955 0.4530541 0.372601837 -0.100958645 0.169537947 -0.568771362 -0.92923528 0.144446 0.00295319175 0.605356336 -0.173887968 0.37835288 0.278814137 -0.321628034 0.0337482989 0.251178682 0.551458061 0.758019269 0.364846796 0.154949933 0.310420632 1.08650351 -0.453563243 0.11024756 -0.934428513 -0.362220138 -0.208761603 -0.838663757 0.160504445 0.328075141 -0.117972523 -0.1206396 -0.159071818 -0.747075081 0.43797785 -0.853199482 -0.733932614 -0.579402685 0.100572623 0.103016146 -0.561466634 1.17684782 0.0019163643 0.853359461 -0.673218668 -0.248643771 0.00177498313 -0.294937998 0.0714722127 -0.167922005 0.795320392 0.810176432 0.285045803 -0.566584647 -0.188903302 -0.583335876 0.683109522 -1.14233923 -0.262521565 0.152889699 -1.13642728 -0.529361546 -0.400406361 -0.631151974 -0.650652587 -0.308413804 -0.192524344 -0.430059135 -0.402028978 0.287402749 0.0325850286 -0.00873953104 -0.10962642 0.208417535 -0.350097865 0.0310882255 -0.824486196 0.750125706 0.392472982 0.656192183 0.0655492097 -0.10449779 -0.283251882 -0.0874673724 0.352806091 0.106572345 0.451039821 -0.730741143 0.0800399408 -0.0919307321 0.196890756 -1.15764439 1.02352118 -1.3128711 -0.125583753 0.288425595 0.178923428 -0.931423843 0.11679782 -0.0880600885 0.611641288 -0.512642682 0.144061476 0.175849542 0.366013676 -0.253197312 0.614643872 -0.616773725 0.686698735 -0.0733047724 0.461479038 0.0889267996 -0.334352016 -0.252208024 0.435841233 0.533042967 -0.100643121 -0.210515991 1.19759727 1.14228964 0.189900801 -1.04204929 0.464681089 0.490096331 -0.0887064561 -0.0452801995 -0.447973341 0.264668047 -0.367226362 -0.728834271 -0.420190215 0.540022671 0.114376605 -1.26707673 0.723695815 -0.305534184 0.725358009 0.393396318 -0.155364171 -0.726222098 -0.31471011 0.433618426 0.532550275 0.642276406 0.160331517 1.46908212 0.424800694 0.450077772 -0.683601379 -0.163800001 -0.00241419929 -0.827475488 0.0746200979 0.235505804 0.000901245337 -0.823334754 -0.565197706 -1.148072 -0.644153595 0.720094383 -1.10764945 -0.483101517 -0.163373843 -0.028977111 -0.164907515 -1.09114981 0.460967213 0.342025846 1.11616504 0.327005297 0.183111981 0.0873301327 -0.31748274 0.18857123 0.118508838 0.0419641845 -0.573399901 0.0809433758 -0.194838524 0.373633981 1.09324694 -0.0445208885 0.184637129 -0.137378976 -0.307931095 0.154720798 0.289330304 0.528163314 -1.23636007 -0.836002707 -0.0273945648 0.697062373 1.40313506 1.09361231 -0.192725047 -0.573512971 0.858750701 0.27530098 -0.620749235 -0.596657753 -0.226189464 1.4129324 -0.166158557 -0.175022528 -0.344763696 0.662460804 0.08926934 0.402392358 -0.00895754155 0.0606049486 0.0647922158 0.483299941 0.0356364213 -1.00070763 0.918196678 -0.402032793 0.297505885 -0.552015305 -0.659668088 0.410076678 -0.656479716 0.0326512977
s 6 slot 6 300 0.0868605152 0.0121660354 -0.0451324023 0.234153286 0.103056028 0.0261923932 -0.0324697085 0.00201983145 0.266033649 0.175993532 -0.0431827456 -0.0543270148 0.0407991149 0.0571582466 0.297676623 0.270659149 -0.0244401805 -0.157405049 -0.0309736282 -0.186422527 -0.0420359112 -0.197854459 -0.00223111873 0.1899333 0.251350403 0.0524382107 0.0997388661 0.0568889901 0.0737168193 0.295232773 0.134463951 -0.101199947 0.0270611141 -0.094606474 0.00978198368 0.137028068 0.077646628 -0.276980996 -0.0177443586 0.104481369 -0.197552189 0.0302379578 -0.00455228146 0.0351084918 0.0955224857 -0.0451241396 0.254254133 0.241293088 0.0955634713 0.237697586 0.126651108 -0.171989486 -0.0961307436 -0.0741771609 -0.0757440999 -0.168807 -0.0775151849 -0.233175918 0.0230375063 -0.255688667 0.129692569 0.157746732 -0.164816111 0.247223273 0.154361531 0.119933031 -0.272492796 0.205344692 -0.0325059295 0.0168317426 0.0378007628 0.190608591 0.153224185 0.153577879 0.252394199 0.180932745 0.0208712332 -0.015214731 -0.262733847 0.254891932 -0.0355476961 0.111023344 -0.137506083 0.0209180359 0.138164029 -0.174662545 0.0847164989 0.233503625 -0.138050392 -0.142235667 -0.251398772 0.177959159 0.23449184 0.122161463 -0.0631702617 0.0867131725 0.136899784 0.149190098 -0.158617735 -0.143445462 -0.216098011 0.238961816 -0.115427822 -0.0884378329 0.0324833505 0.0480338484 0.262686282 0.286583364 -0.0464188755 -0.0324810073 0.0470391363 -0.0811458826 -0.113789909 0.191963911 -0.00517773768 -0.0749047101 0.0306709129 0.0906195119 -0.231329128 -0.230172992 0.224688157 0.262396246 0.132239923 -0.0673990771 0.158177823 0.166631132 -0.198728591 0.100375302 -0.147358403 -0.294757456 -0.109361969 0.15582636 -0.0989692584 0.15252912 0.149522051 -0.00438321522 -0.279064208 -0.0782819763 -0.177935377 -0.00374289602 0.293503314 -0.137640834 -0.1871171 -0.243183061 0.11306268 0.216505677 0.00771236327 0.295204401 -0.137099385 0.27973637 -0.295048684 -0.284438133 -0.0727624223 0.0826554 -0.022697188 -0.163948014 0.275841147 0.153939396 0.189554915 0.107136101 -0.221936762 -0.196329802 0.170389891 -0.214702845 0.165391937 0.106226876 0.0962778553 0.0290061645 0.164268002 0.0134252664 -0.0451261327 -0.120152853 -0.0741756186 -0.195787638 -0.0014595706 -0.0672964007 -0.0131120337 0.10067974 -0.273857683 0.13497071 0.238339081 0.0938111693 0.0264961366 -0.261288553 0.0887868926 -0.0148258079 -0.199896753 0.104187243 0.0662748516 0.188054323 -0.0740699247 0.115012959 0.0122193741 0.142678306 0.169254452 -0.0875156149 -0.018316457 -0.206419572 -0.279680371 -0.0273933169 -0.132300809 -0.177304238 -0.044010818 -0.175572395 0.207768157 -0.203362554 0.00465063518 0.199950293 -0.0921885073 0.147516355 -0.0264069401 -0.0141113782 -0.27926594 0.114995882 0.0470122509 0.0579933673 0.045157332 -0.03111385 -0.272126853 0.204051003 -0.105662338 0.121834852 0.197509617 0.0957012847 0.231151193 0.0593634322 0.11089249 -0.190698072 -0.287152469 -0.169031009 -0.151752278 0.121254124 0.0632396117 -0.185593247 -0.162161157 0.0219662879 -0.208312228 0.0999746248 0.228081003 0.159792408 0.252642572 0.0148039227 0.187152624 0.000162049604 0.0107038775 0.142561629 0.249114692 -0.137555882 -0.0749594942 -0.234792158 0.205412522 0.107249282 -0.247629538 0.240888253 -0.141730189 0.238819703 -0.259073645 -0.00538968109 -0.16347681 -0.0415846445 0.10209778 -0.140334025 0.162230983 -0.284842342 -0.262838423 0.0418296605 0.266121328 -0.0602341741 -0.0931861177 -0.0325289853 -0.223450944 0.286176473 -0.19678697 0.0323980637 -0.0664122254 -0.227815568 -0.196865708 0.282719195 0.252261668 -0.0958263204 0.00886692014 0.0024013666 -0.0537219159 0.28750959 0.0847138837 -0.067098096 0.0586900786 -0.065012157 0.146056354 0.0678952262 -0.190576062 0.177583128 0.042049665 -0.0747101009 -0.15859431 -0.287224472 0.265884548 -0.112275057 -0.129874557 0.149425045
y 6 slot 6 300 0.405379117 0.0302943476 -0.14291288 0.682212472 0.429387659 0.0809761733 -0.0662811175 0.00966054015 0.465583086 0.421525061 -0.210927278 -0.0530394465 0.196221307 0.233423799 0.205599353 0.33310023 -0.0332451686 -0.224217266 -0.0609266683 -0.537162662 -0.0210778508 -0.612288773 -0.0135042882 0.693785012 0.874067783 0.132903084 0.46774736 0.217364714 0.330035508 1.38311851 0.490464568 -0.224888265 0.0942287073 -0.339265943 0.0190198608 0.0995350778 0.0899344459 -0.896692753 -0.079669401 0.456461996 -0.442465186 0.106916621 -0.0227415804 0.0815351829 0.245391071 -0.155991197 0.519275129 1.00456715 0.470828384 0.170500204 0.377236098 -0.249165118 -0.0595002808 -0.0873722211 -0.286774307 -0.726280153 -0.172783777 -0.99794507 0.0822457969 -0.42912817 0.550579667 0.392659426 -0.663711905 0.811865747 0.268568277 0.152468503 -0.446239412 0.353680462 -0.141913876 0.0192962531 0.102241248 0.168962464 0.605983019 0.579514444 0.259243369 0.783628583 0.0799056143 -0.0557360724 -0.948723495 1.14773941 -0.0722939447 0.37920472 -0.539044976 0.0409029163 0.588048398 -0.814782679 0.371539801 0.60816592 -0.524907053 -0.527013183 -1.01096928 0.661270082 0.290221334 0.154973671 -0.234381109 0.246590152 0.276607186 0.459708512 -0.453488082 -0.630892217 -0.580980897 0.824894905 -0.485223979 -0.311985523 0.0357005969 0.17293787 0.146246821 0.476643562 -0.0557124577 -0.0332671516 0.143431395 -0.35182336 -0.377039939 0.674242973 -0.0207670797 -0.277352393 0.0937857628 0.0545312352 -1.00118768 -1.10582483 0.192974195 0.988169491 0.309175462 -0.073405005 0.254970223 0.401644021 -0.12672089 0.456645161 -0.739823401 -0.935863793 -0.15042907 0.33646068 -0.0880981013 0.532656193 0.496808261 -0.0227414947 -1.26781154 -0.151445806 -0.802700281 -0.014139655 1.14726532 -0.361475587 -0.724526823 -0.684387267 0.183277637 0.364559561 0.0175916664 1.2351768 -0.141333342 1.05594504 -0.300451219 -0.52212733 -0.176206842 0.261030227 -0.110206462 -0.62822777 0.940428257 0.39285481 0.754252315 0.26327163 -0.819835782 -0.880481422 0.283615738 -0.312972963 0.579498947 0.37676695 0.352972865 0.0402352177 0.109834954 0.062170662 -0.198275998 -0.565744162 -0.23334007 -0.518198252 0.0023988334 -0.222842798 -0.0169456508 0.122182705 -0.764779568 0.617787838 0.375299633 0.273439944 0.0933581293 -0.554016888 0.286287069 -0.0540436842 -0.901070476 0.0829043314 0.13975136 0.736441553 -0.1245782 0.321348488 0.0317083411 0.264745086 0.137376174 -0.185867339 -0.0860669613 -0.965459526 -0.366014153 -0.101118609 -0.199947938 -0.549756587 -0.167142034 -0.165134922 0.57436341 -0.780440807 0.0197013225 0.580640793 -0.427719623 0.696429014 -0.0635222048 -0.0620665513 -1.25986791 0.130688369 0.129582748 0.0800423548 0.0864083916 -0.0885883495 -0.512616515 0.891900957 -0.430367649 0.495154202 0.154076099 0.471890628 0.737107873 0.109117962 0.286256939 -0.224329442 -0.207633838 -0.683694839 -0.10104157 0.121929787 0.0983499438 -0.513585448 -0.436563194 0.11015708 -0.80774641 0.275202721 1.11092782 0.65009743 0.146003559 0.0293722153 0.50606513 0.00524560874 0.0182055961 0.373463392 1.12189305 -0.230048507 -0.239213124 -0.223128751 0.350587219 0.0811007991 -0.161730722 0.509147286 -0.367024958 0.496785015 -0.194536701 -0.00691392366 -0.682575464 -0.0663398653 0.207208648 -0.306016028 0.243209854 -0.305669159 -0.401766717 0.152866915 1.17243719 -0.277145118 -0.0623201989 -0.112864196 -1.08422661 1.095626 -0.936659932 0.0648880899 -0.249380231 -0.532999039 -0.878548563 0.766537309 0.615706623 -0.456897467 0.0387482084 0.0162626822 -0.0699068084 0.863458276 0.424218118 -0.164704412 0.0321336202 -0.212754384 0.715577245 0.132153288 -0.610522866 0.832306147 0.163832426 -0.181705073 -0.501219332 -1.00336659 0.872029901 -0.220566824 -0.420439631 0.141803399
s 7 slot 7 300 -0.185780779 0.210185722 0.126895025 0.0452834368 0.0678329393 -0.167697504 -0.00956811197 0.0427216068 0.0797101855 -0.235737413 -0.138915986 0.109250516 -0.152964354 0.272748441 0.081752345 -0.222468376 -0.0148860514 -0.183808833 -0.130020738 0.106779188 -0.254356474 -0.247147277 0.0436620787 0.287384212 -0.124239907 0.118463665 0.125851929 -0.282168597 -0.21326907 -0.272389919 0.0464897715 -0.00519601768 -0.220530674 -0.168765426 0.178008839 -0.0709315091 -0.222662345 0.11755681 0.265456408 -0.0103438701 -0.245603234 -0.0619003661 -0.268636703 0.145603225 -0.052202981 -0.222227782 0.0626463145 0.278105468 -0.126094908 0.125893936 -0.168044254 -0.00112489669 0.210737407 -0.232226655 0.165831342 -0.103351481 -0.287060529 -0.0666574836 0.218535438 0.270835698 0.274118513 -0.138700679 -0.131770149 0.0392372124 -0.19688803 0.0753308162 0.244168654 -0.18613404 0.120653391 0.0505751967 -0.209530279 0.107807159 -0.171948627 0.291655988 -0.24361904 0.0260169245 0.158098161 0.247025043 -0.0246911701 0.172012731 -0.238082349 0.257589042 0.0419697538 0.258002609 0.00221768254 -0.0653093457 0.229830369 -0.238572627 0.137245759 -0.00485391216 0.153485 0.104379706 -0.285422653 -0.162111744 0.294296086 -0.161331847 0.0895693824 0.0678751022 0.150391579 -0.060843993 -0.144998536 0.0268910658 -0.241833851 -0.129053727 0.134063035 0.0104634566 0.0299264695 -0.225935102 -0.138881072 -0.0896323472 0.0946227685 0.156255782 0.135511026 0.283885539 0.0434896015 0.144815594 -0.238058984 0.116739295 -0.189331591 0.26291123 -0.146116942 -0.0815226585 0.214844197 -0.109056607 0.1971789 0.260419607 -0.289176315 -0.116550252 -0.206725508 -0.237190172 0.155882612 -0.2794182 0.0287283007 -0.0848441795 -0.233662441 0.276345134 -0.12818341 -0.142651156 0.0121914055 0.209825128 0.195823625 -0.132277071 -0.226938918 0.166743755 0.212485984 -0.105593026 0.211069167 -0.286790699 0.263648778 0.0301282797 0.0375509858 0.0183184873 -0.110688224 0.0124175539 -0.122311428 -0.288838148 -0.0397057682 0.0233300943 0.275037259 -0.157048941 0.2335269 0.210922152 -0.0387288965 0.212303206 0.263883054 -0.0765239596 0.142968297 0.0196124483 0.282444417 -0.213710412 0.0765852928 -0.296262175 0.00415020157 0.221281141 -0.283907235 0.287831366 0.0318377428 0.223811448 0.0941561237 0.168115899 0.189212069 -0.096180141 -0.126659796 -0.288504928 -0.142038107 -0.136872903 -0.0935607925 -0.216720432 -0.00849684607 0.237401575 0.00398685643 -0.0918142274 0.248245507 -0.0840503499 -0.0251985695 0.0111990357 0.019014813 -0.0344160087 0.0500573702 0.160434484 -0.22080946 -0.245514572 -0.0535212383 -0.17092289 0.29523015 -0.133562878 -0.226944119 -0.0416841917 -0.032905627 -0.070725292 0.0104131261 0.0418242961 0.276305586 0.296557695 0.284513384 -0.22284548 -0.199720383 0.182028547 -0.190132216 0.070243746 -0.0836982504 -0.0561280511 0.061067123 -0.281944662 -0.0539958663 -0.0822095796 -0.0393563062 0.287248194 0.063099809 0.0868639126 -0.265745312 -0.145710021 0.11649026 -0.181243479 0.155236825 0.146502107 0.022907082 -0.218607202 0.233418033 0.158823907 -0.250317544 0.0242887568 0.23743315 0.172734141 0.01668966 0.0870707408 0.0362357311 0.037693046 0.264768183 0.0977361724 0.076840274 -0.273876458 0.236903131 0.0234319642 -0.0166513305 0.255393386 0.148214668 -0.0110747525 -0.25700888 -0.242552742 0.14548108 -0.0287049357 0.250693411 -0.155377313 -0.222565606 0.201271117 0.273033708 -0.135549337 -0.0775594339 -0.0274064578 -0.273758501 0.019906709 -0.0196859501 0.155060008 -0.284346193 0.0909674168 -0.0862461478 -0.00443420885 0.145737991 0.0917557403 -0.0752190799 -0.0877339095 -0.0499679856 0.0887828544 0.238095373 -0.247604102 0.175192297 0.271946549 0.023200443 0.0235281233 0.0594387315 0.24333185 0.269511968 -0.0454381816 -0.132959068 0.125189528 0.16191639 0.0211865269 0.23115842 0.185943753
y 7 slot 7 300 -0.861992896 0.520784616 0.399330467 0.130599424 0.282904595 -0.494657874 -0.0256918296 0.133373275 0.145247936 -0.563411653 -0.688654184 0.105678461 -0.740989208 1.12369788 0.0496800952 -0.271054596 -0.018693598 -0.248840839 -0.270449847 0.313963354 -0.143089831 -0.77386111 0.201756462 1.05504107 -0.428578645 0.300003648 0.598577976 -1.0706861 -0.942804694 -1.27696037 0.169327989 -0.015033287 -0.796578884 -0.60661763 0.421395659 -0.0552579239 -0.266418159 0.377077043 1.14136827 -0.0522581339 -0.553557336 -0.215440825 -1.23441017 0.345656723 -0.127212211 -0.777805328 0.118984252 1.16573334 -0.6245929 0.0980908349 -0.493251085 0.000173279637 0.129689693 -0.284311712 0.629444063 -0.44501394 -0.630832553 -0.287200958 0.808677733 0.454148918 1.16209674 -0.343298107 -0.527667761 0.121516503 -0.340001673 0.0933559537 0.402729303 -0.316552222 0.513720274 0.0736998692 -0.55367893 0.0916835591 -0.686584711 1.09981358 -0.251214921 0.107540146 0.626743317 0.871778905 -0.0855426118 0.766917884 -0.486313671 0.873564899 0.171797067 0.575049162 0.0144613236 -0.310082018 1.00269175 -0.623494029 0.516490817 -0.0121402219 0.625404418 0.380477011 -0.351709962 -0.199205518 1.09005785 -0.464063168 0.176854938 0.216699079 0.424987584 -0.267983913 -0.389404684 0.0911375359 -1.01540351 -0.447317392 0.158621326 0.0407675356 0.0103455782 -0.380672157 -0.146915078 -0.0899043903 0.29338941 0.669313192 0.44660148 0.996346951 0.189524367 0.539519727 -0.693611026 0.0793558061 -0.820389569 1.26627207 -0.11905776 -0.307677567 0.509366214 -0.130805731 0.318872809 0.628714919 -0.182545051 -0.533803821 -1.0381788 -0.754627287 0.213647932 -0.602999985 0.0286307726 -0.294352263 -0.775967836 1.35551703 -0.582372069 -0.259911507 0.0533203967 0.941966355 0.763676405 -0.345093638 -0.878294587 0.47134459 0.343279481 -0.171131983 0.417789251 -1.19779646 0.266582936 0.11249496 0.0419160426 0.0388940126 -0.260320723 0.0328099169 -0.567611635 -1.09801185 -0.141163915 0.0620897412 1.08892822 -0.384632647 0.862846911 0.943524361 -0.070573099 0.314717948 0.929210663 -0.271544605 0.52691865 0.0194090456 0.183166459 -1.04689312 0.335419625 -1.39166403 0.00893157255 0.580015123 -0.467794687 0.958172619 0.0430995822 0.285092562 0.264126837 0.769823551 0.296786487 -0.280532926 -0.433747739 -0.622950196 -0.455003351 -0.471554548 -0.426724046 -0.184120342 -0.0145360455 0.928000152 0.00584363239 -0.253325492 0.65136987 -0.161947057 -0.0266031381 0.022299936 0.0868580267 -0.166950017 0.0659364089 0.59350276 -0.334258497 -0.769879043 -0.193829134 -0.157517061 0.817927599 -0.506820142 -1.12152576 -0.124166921 -0.160216182 -0.339083433 0.0215149336 0.187346697 1.24907076 0.355178654 0.766649127 -0.310435683 -0.400706887 0.510037959 -0.360797852 0.309522033 -0.33568278 -0.22665149 0.0429400057 -1.39397335 -0.17453891 -0.151350439 -0.0989670381 0.339428097 0.049413614 0.345347524 -0.170751482 -0.13976422 0.173058257 -0.499648035 0.412225515 0.717483163 0.0860664621 -0.597801983 1.13676655 0.641555846 -0.147752926 0.0458058119 0.642957509 0.793901682 0.0409719013 0.224724859 0.156441092 0.0625084415 0.836230874 0.0916125327 0.124606796 -0.202486455 0.161298349 0.0580520332 -0.0368571691 0.528694749 0.103349268 -0.0191499386 -1.06666005 -0.389420629 0.300976902 -0.0715235621 0.374840826 -0.171892762 -0.34702158 0.753962815 1.20242476 -0.619924307 -0.0511183292 -0.10434559 -1.32771254 0.0757863298 -0.0846892372 0.323508501 -1.0579896 0.215264425 -0.378660411 -0.0121782012 0.359496593 0.433456182 -0.347103089 -0.439301789 -0.0681298226 0.271308154 1.18805802 -0.613248885 0.11119324 0.892375052 0.116200507 0.0406263322 0.188618556 1.13064313 1.06911552 -0.102225274 -0.421453536 0.434717149 0.535612285 0.047738757 0.747500479 0.186142817
s 8 slot 8 300 0.0670325011 -0.258559197 0.299405366 0.180908307 -0.0393449366 -0.162382603 0.123311713 -0.231636137 -0.107158028 0.297559977 0.154564038 -0.0785867497 -0.1419774 0.0836859196 -0.221294478 -0.0407959223 -0.249224454 -0.250796914 0.110773861 -0.110559337 -0.152043581 0.0449358933 0.0327603109 0.219699055 0.103540406 -0.139801636 0.0400276706 -0.0585668012 -0.166080281 -0.0923179314 -0.295348793 0.165684938 -0.179612353 0.0546895601 0.2322478 -0.130647585 0.23182036 0.0767989233 -0.24579373 0.0146023724 0.244844005 0.233290166 -0.26892814 0.156998172 -0.214224607 0.0727596208 0.0625881106 -0.189406484 -0.241141632 -0.0537664145 -0.198660329 0.0746393874 0.270538539 -0.134163961 0.219237447 0.0345541947 0.0381265841 0.0682599619 -0.0940986499 -0.178770959 0.262886852 0.134484619 -0.146334842 0.237903371 -0.253809541 -0.241739422 -0.0712326914 -0.270025134 -0.285150141 -0.241268724 0.267531186 0.181388199 -0.0043317778 -0.0701771751 -0.195540369 0.274280041 0.290384799 -0.153475866 -0.290484637 0.0362772532 -0.060531918 -0.243494913 -0.0797571316 -0.00219933689 0.254014701 0.256702632 -0.244090378 0.0669004992 0.0753701329 -0.239184603 0.113768496 0.292285919 0.242186993 0.294077188 0.128419444 -0.171665952 -0.236787632 0.169175997 0.157060876 0.28692022 -0.0933746248 0.00374745484 -0.0075253495 -0.135203958 -0.193662211 0.190301329 -0.109718435 0.122278206 -0.213181093 -0.216994852 0.252657861 0.228304669 -0.213225245 -0.107146405 0.0557627939 -0.227135673 0.109188117 0.04060027 0.0638327375 0.092660211 -0.0844991729 -0.255253494 -0.115915984 0.148592338 0.172861189 -0.243836179 -0.245628253 0.272743464 -0.00479131984 -0.0887103826 -0.0438635014 0.173725352 -0.208100289 -0.208612993 0.122315422 -0.161417097 -0.177632198 0.0259513222 0.195913747 0.049038209 -0.0485777631 -0.140849277 0.234579235 -0.254473984 0.0143813826 0.0583911277 -0.180263311 -0.0358464234 0.233770236 0.245975733 -0.00465771556 0.24043563 -0.206923872 0.0808724687 0.116455905 0.254106462 -0.138360247 -0.229598999 -0.14316988 0.133318484 -0.294895083 0.282610238 0.160336226 0.219636008 0.00755055062 0.289198071 -0.0270980857 0.298337311 0.109483093 0.143870294 0.291881979 0.117760152 -0.159359008 0.269489914 -0.238439888 -0.153547481 -0.0741915554 -0.122276701 -0.171605542 -0.120537937 -0.29481104 0.0627638027 -0.0273900144 -0.0220167935 0.216953754 -0.0673759878 -0.277893901 -0.000343007181 0.235867858 0.00305291056 0.175967887 0.125328571 0.145716533 0.21960251 0.275990427 0.161930442 0.274539918 -0.228349239 -0.207007736 0.278493613 0.268736213 -0.212171793 0.268978149 -0.27513659 -0.254675537 0.262425661 -0.0175702237 0.00332816481 -0.148643792 0.10570886 0.290849537 -0.161091313 0.169646576 -0.0720153078 0.110230818 -0.00422205264 0.0263411757 -0.17753306 0.0723524839 -0.254800797 0.181037292 -0.190033898 -0.0234167911 -0.291312635 -0.137608916 0.240442917 0.0559011623 0.138847962 -0.165902227 -0.0168425888 -0.15780215 -0.0881307945 0.275808603 0.250083059 -0.046689298 -0.0401323773 0.277457774 0.120680571 0.20188041 -0.296572238 -0.293462098 -0.0223027244 0.20583421 0.21230641 0.278802693 -0.0135860443 -0.295993835 0.0262979381 0.190561816 0.241332769 -0.221727625 -0.208524927 0.105638497 0.268554956 -0.298965663 0.0122036878 -0.217426196 0.083419621 0.135284483 -0.0335710049 -0.0738365352 0.235576108 -0.183201373 0.179948255 -0.148742229 0.0918748602 -0.269020528 -0.0435135849 0.0761633292 -0.214694872 -0.0924502611 0.211103603 0.0995461792 -0.113008514 -0.0997421816 0.206261039 0.283980161 0.0729958266 0.281760067 -0.0715052858 0.153258339 -0.241831884 -0.04939349 -0.000814309635 0.241854385 -0.039880231 0.289388657 0.137120396 -0.00862950832 -0.104019448 0.0346589573 -0.126229882 -0.0648937002 0.223184869 0.177941322 0.278596163 0.0497396924 -0.182910755 -0.223369569 -0.126057252
y 8 slot 8 300 0.315749049 -0.645270646 0.931068897 0.527115345 -0.164455459 -0.478518337 0.254968137 -0.741171598 -0.19151935 0.711887777 0.770735502 -0.0771435425 -0.691755354 0.339946926 -0.145617425 -0.0487052463 -0.304192513 -0.35768193 0.236066878 -0.322957844 -0.0797861144 0.14369601 0.138462663 0.800207138 0.358640492 -0.352037907 0.184198543 -0.217955977 -0.738402367 -0.432574391 -1.08363688 0.381846488 -0.650370598 0.197973877 0.544418454 -0.0836818516 0.272520125 0.243805721 -1.06129134 0.0684641823 0.54696703 0.826375306 -1.23811901 0.364492476 -0.544649899 0.257191271 0.133636683 -0.79263413 -1.19174623 -0.0446396284 -0.58300519 0.106708243 0.175915241 -0.160819322 0.849297047 0.151380777 0.0811687112 0.290700436 -0.351324201 -0.298291504 1.1127075 0.336002141 -0.590349615 0.784411848 -0.437694371 -0.313797057 -0.120162293 -0.480062544 -1.22504258 -0.33781755 0.710496366 0.162444964 -0.0181681998 -0.265272528 -0.211175993 1.18838012 1.14407456 -0.543201387 -1.0504626 0.166836545 -0.12157508 -0.821923256 -0.318103522 -0.0133131668 1.07656777 1.19911957 -1.06604564 0.173293605 0.288562715 -0.885806441 0.460457951 1.08560455 0.299951881 0.36990276 0.471025795 -0.485334069 -0.483730465 0.519095898 0.447067916 1.26500487 -0.249900073 0.0170083176 -0.0325249694 -0.476999879 -0.234538406 0.687113464 -0.0561293475 0.207760245 -0.242896304 -0.224459484 0.774190307 0.990669191 -0.704819381 -0.376609534 0.259741724 -0.842765927 0.32307741 0.020598039 0.276398152 0.444230795 -0.0723099336 -0.952428579 -0.276575238 0.174689427 0.277016699 -0.583658516 -0.158758119 1.24083269 -0.0256129727 -0.282554358 -0.0602913313 0.375442564 -0.185895294 -0.729202926 0.402453393 -0.794011056 -0.805920005 0.0406964123 0.884234726 0.226302788 -0.190095395 -0.371143758 0.90682286 -0.715630293 0.0239439625 0.0929362029 -0.35691458 -0.152655736 0.226553902 0.928690314 -0.00602339488 0.438449621 -0.494838893 0.258169442 0.541103661 0.964065313 -0.4647879 -0.591026485 -0.566707551 0.327808261 -1.08887398 1.27946639 0.270029128 0.317822367 0.0248538982 1.02065814 -0.10217306 0.40074721 0.0747240484 0.70018822 1.29868078 0.550656974 -0.498572618 0.719435334 -0.381085247 -0.510675669 -0.102506012 -0.16003935 -0.482349038 -0.554469943 -0.457212955 0.182103485 -0.0914406329 -0.0403043553 0.695279717 -0.233927816 -1.25288105 -0.0019788905 0.50559485 0.0146829048 0.310437441 0.349945009 0.377140045 0.409304827 0.226010308 0.350457132 1.29793632 -1.06556022 -0.272175163 1.04461253 0.413212746 -0.657566309 0.995491326 -0.262916952 -0.704992473 0.997843146 -0.0872841924 0.00927542429 -0.689788818 0.503332853 0.70295471 -0.737171352 0.765202641 -0.0920501724 0.300212532 -0.0115384627 0.0505679809 -0.496771663 0.135348707 -1.11208451 0.730636895 -0.784700215 -0.0176510606 -1.45004714 -0.437569916 0.435284376 0.142125398 0.16123873 -0.120034166 -0.067988649 -0.107503042 -0.0922336578 0.420902371 0.688005269 -0.124774702 -0.19390808 1.08504987 0.332579374 0.983778775 -1.20035422 -0.16311124 -0.0472915247 0.554428279 0.985228658 0.581009626 -0.0321224444 -1.31874013 0.0482509546 0.599553406 0.238199696 -0.36662668 -0.140153542 0.0735661164 0.564479291 -0.778048098 0.0282745808 -0.161126211 0.109337404 0.557731152 -0.0524968281 -0.154613763 0.530870616 -0.274667412 0.199177802 -0.223848715 0.334979117 -1.18568432 -0.200360343 0.0542955697 -0.755698681 -0.448230475 0.807267129 0.463347971 -0.239723727 -0.371433973 0.487371564 1.25684321 0.200555071 0.685842812 -0.340566814 0.701440752 -1.20022345 -0.0623431616 -0.00496567739 1.20299661 -0.0970381126 0.170307487 0.458423257 -0.0392821394 -0.204090908 0.111231752 -0.582648814 -0.260630161 0.533384085 0.563123882 0.980149269 0.160869539 -0.362479657 -0.722606361 -0.126456171
s 9 slot 9 300 -0.129728287 0.197625175 0.274644822 0.245811418 0.103592739 -0.0818757042 -0.155198112 -0.2406196 0.153559506 0.144125924 0.101451844 0.0648592263 0.266952604 0.197384983 -0.0726879984 -0.265886784 -0.245314643 -0.246585354 -0.156203881 -0.208385855 -0.0252743792 -0.22672005 -0.0448043123 -0.127455488 -0.166961938 -0.114608578 -0.0170047563 -0.0440299734 -0.172567561 0.0424553975 -0.0789212584 0.0691467524 0.0994686186 0.18526426 -0.202822924 0.242652103 -0.24411796 0.2398417 -0.237300992 -0.214343026 0.208299801 0.0034356846 -0.250847727 -0.140130877 0.0677173659 0.175705567 0.180249646 -0.157842845 0.0717009604 0.0808718875 -0.170383736 -0.0641404539 -0.103909701 -0.0989592373 -0.230645671 0.0422163829 -0.0988480672 0.269369304 0.0534914397 -0.299678266 -0.290529668 -0.166765153 -0.00412004814 -0.286880255 0.191296294 0.0905289203 -0.0588025562 -0.0242709331 0.0329611935 0.0541924275 0.00183160475 0.0563929267 -0.119069345 0.0804178566 0.287455499 0.0341856144 0.172017902 -0.175648391 0.12761876 0.0504370742 0.139190882 -0.0566580519 0.0896946564 -0.0570438169 0.241974488 0.143373892 -0.020929426 -0.234930247 0.291445076 -0.178646624 -0.0836048946 -0.272263259 -0.111052625 -0.134539023 -0.0585028119 0.00804764125 0.287740111 -0.0665174052 0.017095264 -0.293639392 -0.197966188 0.26601088 0.18444711 0.147408545 0.223457038 0.271328092 0.0607694685 -0.111236908 0.233943596 0.104682013 0.258161336 0.277214974 -0.123571962 -0.100811936 -0.259836107 -0.293372095 0.245813757 0.239340395 0.0283900481 0.0502088703 -0.164370909 -0.117885038 -0.115049772 0.116381779 0.232802317 -0.0767558143 -0.0258014668 -0.128010705 -0.112777412 0.243821323 0.285100698 0.18635352 0.292211741 -0.198271275 0.0428604558 0.266778976 -0.207938224 -0.188074023 -0.267548531 0.0875804946 0.252102792 0.256577522 -0.199814305 0.110749394 0.265175074 -0.0149127375 0.278279632 0.00436314475 -0.247677982 0.0564929359 0.0035776 -0.0588491298 0.0398585461 -0.268032759 0.241419047 -0.193669289 0.134885445 0.0705928579 -0.136112735 -0.208271697 -0.161085844 0.223824069 0.106696248 0.174345091 -0.276452929 -0.251082599 -0.00286895619 0.111449577 -0.0760731846 0.249879092 0.240725994 -0.113606133 -0.236379027 -0.108363353 -0.00635840651 -0.0209731851 -0.14883621 0.14917317 -0.237841427 -0.0787830427 -0.270289034 -0.168325961 0.246211678 0.226614162 -0.20901148 0.0853620917 0.120241374 -0.0348906517 0.268091768 0.210533112 0.181060597 0.281951338 -0.282545954 -0.20949012 -0.202274278 -0.285392344 0.0197939593 0.253200829 0.228715479 0.134669766 0.163368031 0.022870345 0.13742362 0.182078391 0.0611758642 0.122401841 0.260027736 0.281936944 0.182143956 0.0285586473 -0.045158945 -0.139602244 -0.293477237 -0.242690906 -0.183599293 -0.00119647803 0.18585825 0.228224277 0.171124294 0.241025046 0.239452034 0.0920694098 0.206701636 0.111531399 0.288438112 0.138290152 -0.176510856 0.0661583319 0.275937945 -0.110335082 -0.0369481295 -0.0490149558 -0.187014729 -0.257577807 -0.128097937 0.168195039 -0.110736065 -0.0685492828 -0.13840647 -0.111999623 -0.0571469478 0.256925225 0.0776192769 -0.214092493 -0.274357527 0.252515823 -0.247375593 -0.00673658773 -0.0325723998 -0.247827619 -0.0957772657 -0.170280889 0.164365932 0.070289433 -0.141215652 0.0391333736 0.137637779 -0.262290955 -0.196868345 -0.0256783366 -0.0198500436 -0.121668026 0.0738172829 0.0153623363 -0.103040993 0.295559227 0.054439649 0.0376200192 0.0754724741 -0.0904668719 -0.0633588135 0.266971618 0.107094109 0.0186917521 -0.0123783667 0.0986243635 -0.193782553 -0.171219319 -0.29042542 0.177452728 -0.0293224715 0.161791161 -0.160716504 -0.2422373 -0.245765045 0.263903856 -0.0767927244 0.213905096 -0.0823204517 0.26349178 0.0994645208 0.257660776 0.0899845436 0.183980256 0.0619985871 0.1869919 -0.0283869728 -0.236911967 0.287602693 -0.181237638
y 9 slot 9 300 -0.605779529 0.502488911 0.858697295 0.727000952 0.432878733 -0.255323559 -0.309749693 -0.778440177 0.265622735 0.33481881 0.492391676 0.0627014562 1.29894543 0.804702699 -0.0487915538 -0.33218503 -0.283880919 -0.339466661 -0.343383282 -0.60077858 -0.0145956306 -0.696384668 -0.199376687 -0.473800302 -0.585262775 -0.29301855 -0.0874184594 -0.168346211 -0.781299591 0.200476602 -0.281946212 0.148252055 0.370218396 0.661782026 -0.468563855 0.164384633 -0.274447113 0.786918163 -1.01021647 -0.928073585 0.476621091 0.00759351393 -1.1481421 -0.333039492 0.157905266 0.606089294 0.368705392 -0.665460587 0.359981596 0.0579006672 -0.516271234 -0.0938810632 -0.0649366006 -0.132195622 -0.887366056 0.173646942 -0.21326226 1.15909576 0.204657391 -0.507449329 -1.23886049 -0.419829309 -0.0163762607 -0.938569367 0.325779408 0.130011633 -0.0965200588 -0.0400354192 0.154010564 0.0799918771 -0.00308927731 0.058925014 -0.460740507 0.310253888 0.309368193 0.144395918 0.684589148 -0.616068542 0.452889889 0.235032067 0.287574857 -0.20197773 0.348901868 -0.120698743 1.00770307 0.676758349 -0.0897427946 -0.608319461 1.11536348 -0.650990069 -0.355546236 -1.01088226 -0.140649945 -0.179377124 -0.217683256 0.0299577955 0.602898479 -0.204241008 0.0579814315 -1.29645824 -0.548875034 0.906923473 0.783396184 0.518928647 0.279113591 0.98220098 0.0370439813 -0.181809828 0.262252897 0.103919081 0.793063104 1.21129239 -0.400765419 -0.35066238 -1.17786109 -1.09220886 0.703535914 0.141694531 0.125143185 0.23674722 -0.151938856 -0.450808525 -0.269858956 0.132997632 0.359729499 -0.196910575 -0.0282281693 -0.577524662 -0.546733022 0.786535203 0.392845362 0.400860369 0.255648881 -0.695046604 0.14615424 1.32450092 -0.961839318 -0.351230055 -1.20421588 0.394171208 0.992193937 0.668512583 -0.770330429 0.302470058 0.425151229 -0.0285038501 0.559061587 0.0170399416 -0.238772377 0.221134096 -0.00182300596 -0.113981158 0.103279628 -0.836975753 1.13495076 -0.73367095 0.458950669 0.182364061 -0.536716938 -0.51173991 -0.601903081 1.00609815 0.176633626 0.247101426 -0.97710669 -0.888493717 -0.00349737797 0.152132511 -0.0563396923 1.23432827 1.06833887 -0.522765875 -0.731879652 -0.28163141 -0.0167403221 -0.0772250444 -0.212700292 0.19529368 -0.651390076 -0.35404098 -0.433165371 -0.490753263 0.836368859 0.484097511 -0.670802772 0.304414809 0.535778463 -0.0129712773 0.587322295 0.805957437 0.304358035 0.769186139 -0.742200196 -0.382175535 -0.15726915 -0.615930855 0.0962342396 1.19351399 0.303442776 0.507955074 0.236777157 0.0608685017 0.513665974 0.156759366 0.167399436 0.472264111 1.2952919 0.828638732 0.848899841 0.132530406 -0.104460724 -0.644646287 -1.32854545 -0.282174408 -0.502916932 -0.00381170097 0.383869439 0.631433845 0.331882507 1.0447191 0.971310139 0.384609222 0.172731116 0.555071652 0.922347426 0.245232448 -0.458006561 0.0760456771 0.190508932 -0.432780117 -0.0324656442 -0.0581315346 -0.286564887 -0.706429005 -0.334414035 0.830302238 -0.436249644 -0.191976443 -0.66708833 -0.455421418 -0.0313627906 0.559546649 0.191866845 -0.996468067 -0.574070334 0.65376085 -1.11562169 -0.0179407019 -0.0957511365 -0.246016219 -0.167760402 -0.12449766 0.0950659439 0.150631666 -0.379099667 0.0711290836 0.117574111 -0.330916882 -0.808799863 -0.0372804515 -0.0389104523 -0.27341488 0.113422431 0.0140394382 -0.16733408 1.09095156 0.242223427 0.181180328 0.042050574 -0.318125188 -0.324744135 1.03626275 0.508286178 0.0505163819 -0.0307283048 0.222403035 -0.858244658 -0.470897853 -0.717096865 0.851028442 -0.125928536 0.796975136 -0.182132974 -0.73222661 -1.23767221 0.649921954 -0.042820625 0.710093558 -0.416056365 0.530656636 0.321794987 1.19607997 0.360539258 0.438158453 0.197143525 0.65253216 -0.0969943479 -0.480517715 0.93588227 -0.178307265
s 10 slot 0 300 0.0512307212 0.292396575 0.230533645 0.106682383 0.00487452326 -0.0239698086 -0.171860993 -0.129725575 -0.229411691 -0.0822068378 -0.274974197 0.186579391 -0.240958542 0.116582625 0.0722318366 0.268021405 -0.103281699 -0.28633219 -0.141207486 0.103852123 -0.265506953 0.276633769 0.27461645 -0.263778538 0.120789684 0.126592502 0.292504638 -0.290484667 -0.283349842 -0.0151038226 0.00350317499 -0.0433728732 -0.0117492713 0.279556334 -0.144470528 -0.240200907 -0.273750722 0.200798258 -0.270672947 0.288917571 0.162120223 0.074390322 -0.295705825 -0.0451170243 0.200627387 0.294172585 0.253328204 0.288386613 -0.0329237208 -0.0903753564 -0.041381672 0.108146809 0.254530668 -0.286129206 -0.0262224767 0.0859494954 0.132396773 0.233123481 -0.230283692 0.163031474 0.270499855 0.160462871 0.0881744176 0.123280391 0.210039169 0.190126836 -0.0776626766 -0.13351889 -0.210971758 -0.118226416 0.272859305 0.010274563 -0.119177334 -0.218735352 -0.266352773 -0.0618322603 0.191752762 -0.0249537136 -0.033879254 -0.277475357 0.0195808914 -0.0953211859 0.26857087 -0.0313135386 0.018305853 -0.295504719 -0.249722138 -0.205722228 -0.097232908 -0.131343871 -0.181956187 -0.00826267898 -0.00491408072 0.0361452512 -0.153897673 0.229602098 0.1846935 -0.280823559 0.250208586 -0.075077489 0.26945278 0.117472917 0.251902759 -0.190630719 -0.0219274312 -0.258732498 0.0633614659 0.067467615 0.247778058 0.173738733 0.00227714051 0.13991338 0.200577751 -0.0709457546 0.0866844654 -0.168301806 -0.146437585 0.137320176 0.0646558031 0.0867482349 -0.221345127 -0.1986707 -0.149539933 -0.0653792769 0.138918713 0.191183075 0.0876620188 -0.0336719677 0.0601700619 -0.0190844722 0.0372689106 -0.238194838 -0.120198429 -0.0882210508 0.100072592 -0.26856178 -0.286628902 0.0995854437 -0.0954525992 0.207906947 0.208784193 0.0327736586 -0.116477415 0.133735254 -0.119592391 0.201146588 -0.154935151 -0.2185449 0.0662103668 0.156506479 0.190619081 0.0421770178 -0.0771722719 0.0492586531 0.0593618564 0.0322102234 0.189957127 -0.272279054 0.120258972 -0.229826868 -0.12812157 0.0275823455 -0.0265844464 -0.186587781 -0.25940603 -0.191321298 -0.199607641 -0.133669287 0.176419735 -0.272558004 -0.1822218 0.012528196 0.0669449791 0.0599314123 0.0275296699 0.018707186 -0.0107567385 0.284322411 0.0339939333 -0.0802434981 -0.133764684 -0.054390274 -0.209324509 0.103110492 0.233257368 -0.123278923 -0.26048696 0.0297825262 -0.264808595 0.0135194752 0.236844346 -0.16619201 0.186649576 -0.266557097 -0.103682578 -0.234836802 -0.114741631 0.063875325 0.159590334 0.027873069 -0.287925243 0.0221737027 0.0327033438 -0.0156912282 -0.0395240411 0.299131691 0.0703852177 -0.278685719 -0.0538110659 0.158445582 -0.0135093024 0.111636095 -0.141072974 -0.202857241 -0.200939536 -0.120775484 0.17324163 -0.0758230984 0.0479553081 -0.262456179 0.015639931 -0.297314763 0.137913242 0.130801022 0.0195831135 0.0266615674 -0.292688221 -0.283038706 -0.202825323 -0.187417433 -0.173411295 0.229064897 0.083037816 0.0483634993 -0.190300509 0.283573359 -0.104792431 0.288950086 -0.291125357 0.0622012652 0.239333302 0.283411831 -0.21410653 -0.156099111 -0.115146533 0.0133201117 0.226677746 -0.0497414172 -0.0548878908 0.0746259689 -0.24165681 -0.037123628 0.226519138 -0.265889049 -0.0383616351 0.019423604 0.242037922 -0.0404208936 -0.0352852531 0.179294437 0.263864189 0.289755523 0.0195604227 -0.296463966 0.27749151 0.136432663 -0.0134557365 0.100355297 -0.190406516 -0.0744194165 0.226577774 -0.129227877 0.194930539 -0.0126028219 0.0180718135 0.158566907 0.203902245 0.054316774 0.0641619638 0.167369962 -0.0509816334 0.000257960754 -0.2934255 -0.247715324 -0.0653768703 -0.080719009 -0.133472085 0.11263983 -0.0426734239 -0.23130244 0.0757990479 0.240667164 0.168046296 -0.0933338329 0.00794187561 0.289321661 0.137153625 0.0209678765 -0.122196637 0.292620242
y 10 slot 0 300 0.239968359 0.733743072 0.717523217 0.311379015 0.020145854 -0.0702300593 -0.349504203 -0.415001601 -0.404965281 -0.190685004 -1.36393404 0.174122855 -1.17101967 0.47572723 0.0525757261 0.32852897 -0.126030937 -0.403772265 -0.295512527 0.293932915 -0.14342764 0.860954821 1.2153815 -0.964996636 0.418854415 0.318835646 1.37131655 -1.09683812 -1.26090288 -0.0706683025 0.0121831531 -0.0950558111 -0.0433676839 1.00683522 -0.343701184 -0.162794828 -0.318016618 0.645781696 -1.16656303 1.26048422 0.362946987 0.262495518 -1.36007071 -0.107546411 0.509610057 1.03370166 0.51865226 1.19863403 -0.162610382 -0.0692967996 -0.121155031 0.155550838 0.16441144 -0.349324048 -0.0962292477 0.371827155 0.290087849 0.995960414 -0.852845669 0.276634187 1.14374137 0.397917241 0.353270918 0.407096088 0.36388275 0.245997459 -0.129154116 -0.238288969 -0.905406237 -0.165918991 0.723434985 0.0102214571 -0.472940385 -0.826355219 -0.282127649 -0.263510525 0.755951405 -0.0901888236 -0.123190843 -1.24600339 0.0408052467 -0.321769595 1.04019761 -0.0738298148 0.077317521 -1.37633097 -1.09137166 -0.537632465 -0.367883235 -0.486570328 -0.734652579 -0.0267754477 -0.00521121919 0.044097688 -0.569913089 0.654449642 0.377581745 -0.875901461 0.713200152 -0.330263704 0.729414403 0.405914456 1.05393159 -0.66853261 -0.0271259528 -0.938853979 0.0377612077 0.115151204 0.269349545 0.178346857 0.00557213044 0.607897401 0.65924859 -0.24911499 0.3981103 -0.62469697 -0.422700554 0.0815651342 0.280040532 0.415899009 -0.189511567 -0.742691457 -0.354227245 -0.0702694058 0.221621737 0.457656264 0.0560492724 -0.150489077 0.30079326 -0.0605154932 0.0512504764 -0.512666404 -0.107631229 -0.308704078 0.330919862 -1.32131147 -1.30506086 0.182151884 -0.430026442 0.941306531 0.817154646 0.0856568962 -0.450753808 0.381169587 -0.192740351 0.337177753 -0.307759404 -0.916905165 0.0625356808 0.591435075 0.193061844 0.0753608644 -0.185163334 0.157036722 0.274996132 0.120200805 0.649149954 -0.699272096 0.47998628 -0.55999577 -0.472555697 0.128206581 -0.0400866978 -0.273779422 -0.909492493 -0.668944657 -0.737300754 -0.174435303 0.116587959 -1.33126807 -0.805986404 0.0584758334 0.210568413 0.162116602 0.0489394292 0.0594408177 -0.0137805855 0.354210317 0.0913423151 -0.368542731 -0.207732797 -0.1600274 -0.716784596 0.224115938 0.744217217 -0.423973769 -1.17693889 0.0246899966 -0.577420712 0.0534190312 0.413628876 -0.458026439 0.484070808 -0.48564896 -0.0809271932 -0.502552927 -0.540578604 0.300350904 0.205790251 0.106847838 -0.441329867 0.0723060071 0.118311137 -0.0156975854 -0.109896116 1.14033473 0.346531004 -0.810992956 -0.248167604 0.748108268 -0.0312717147 0.517913759 -0.637173057 -0.242601946 -0.540097535 -0.175542638 0.343758464 -0.213164359 0.0904616863 -1.14605665 0.0612547845 -1.22163522 0.109583281 0.645908713 0.0633320808 0.0504985303 -0.761449039 -0.333173871 -0.148335084 -0.755134344 -0.117460452 0.228414714 0.127788648 0.132537737 -0.509937465 1.40048981 -0.405362457 0.789699554 -1.42059386 0.254198223 0.139109015 0.603050351 -0.575280368 -0.716878593 -0.246931583 0.036440134 1.02063143 -0.0823971555 -0.174459517 0.074780032 -0.403262913 -0.0215467159 0.15223828 -0.571348429 -0.101282768 0.0413704515 0.180858687 -0.0503232107 -0.14854829 0.286795437 0.538728535 0.647411942 0.0297081638 -0.318383336 0.431894809 0.50194329 -0.0591907799 0.457034022 -0.131930485 -0.260247111 1.10287035 -0.497771412 0.918420851 -0.0272830073 0.0668780655 0.373670816 0.903206646 0.148218706 0.155336305 0.794962168 -0.233839825 0.00398090063 -0.363731116 -0.746360123 -0.324966222 -0.198953688 -0.0844724551 0.375747591 -0.207279459 -0.454083711 0.243072242 1.1258893 0.663162351 -0.228274703 0.0255605392 1.01588523 0.448422909 0.0401509739 -0.395001084 0.278293669
s 11 slot 1 300 0.193246514 0.141068071 0.239001289 -0.00806868449 0.226708546 0.206314683 0.172080562 0.266082942 0.180788517 0.133343399 0.0393948816 0.0422099046 -0.22452195 0.237015918 0.144129708 0.0633709803 -0.235986948 0.129767135 0.261223346 0.158734232 0.0323292054 -0.215074107 0.208043143 -0.169969305 -0.123232111 -0.166425139 0.0497814082 -0.217287362 0.192164809 0.233544394 -0.223956212 -0.207977369 -0.112942398 -0.072149165 -0.275284052 -0.213555962 0.210221842 -0.180903956 -0.133994356 0.057457827 -0.0535887815 -0.158494517 0.11365135 0.00561904162 -0.0547227971 -0.0460853651 0.192241028 -0.192898691 0.115675002 0.220498726 0.196125016 -0.171750814 0.278162688 -0.191752717 -0.17848742 -0.129559949 -0.239329293 -0.144758075 -0.108085401 -0.117655486 0.00535286404 -0.170716912 -0.0340570584 0.0108080031 0.0734063312 0.186426997 -0.0439633355 0.17306225 0.103671692 -0.067648612 0.0842822194 -0.0689352974 0.253238827 -0.209794775 -0.158172369 -0.106843233 -0.0213302225 0.233749971 -0.0487679616 -0.0466475524 0.169868946 0.0125531023 -0.0795956925 0.252427936 0.0856632814 -0.0469191782 0.0629781187 0.073133342 0.20049794 0.052924145 -0.135551572 -0.0475855693 0.296732128 0.0816517994 -0.0460609384 -0.282956809 -0.0322808437 0.254791945 0.264248788 -0.230232581 0.108334169 0.183043584 -0.154735595 0.191057339 0.108821988 0.133971155 -0.202390954 0.156131208 0.110023975 -0.222519115 0.0637114644 0.0389030688 -0.0161438547 0.0705050454 -0.206017286 0.184738442 -0.181357995 -0.122091599 -0.0947626978 0.248048142 -0.229308963 0.0852002576 0.28056553 0.110818721 0.0663267821 -0.112083778 -0.16405341 0.199046448 -0.225942761 0.0476956777 -0.183080524 0.239492729 0.171859354 -0.165789738 0.265946716 -0.0779561102 0.194715947 0.1961575 -0.237836123 -0.20517756 0.164233416 0.290556669 0.0549452305 0.157914624 -0.197452947 0.165992096 0.0177139621 -0.0636700317 0.0612286367 -0.139491782 -0.256680936 -0.0696765706 -0.0304968487 -0.0429423973 0.106703386 0.108011052 0.274541408 0.049901478 0.130982295 -0.077779837 -0.23650746 0.202008605 0.143867716 -0.0828841776 -0.118436694 -0.173986733 0.124980524 0.245046586 0.0835364386 0.251568913 0.195412889 0.119209208 -0.228744775 -0.0140640363 -0.246225312 0.129606813 0.0416904837 -0.171495751 -0.299909741 0.28856954 0.0683880448 -0.21588552 0.0556830205 -0.00671980297 -0.188653231 0.033811871 -0.0161449127 -0.283275634 -0.0938702971 -0.137616977 -0.155458376 -0.135965019 0.0757159889 0.114626929 0.151659653 -0.178609163 0.0700219646 -0.0859843343 0.0714867339 -0.0801517963 0.13112472 -0.131103694 0.0197919272 0.218746141 0.0826593041 0.219589874 0.206414223 -0.196740583 0.204436824 -0.0748687088 0.230633974 0.0622399114 0.267186373 0.211116388 -0.184402108 0.0876022279 0.182415456 -0.115381196 -0.117454976 0.158985928 0.230774269 -0.290294051 -0.027630711 0.00699859299 0.113624789 -0.240885094 -0.196327254 -0.248684168 0.00478868093 -0.229697064 -0.229170516 -0.0511016287 0.0322612748 0.174245417 0.191362113 -0.216905028 0.118522801 -0.0175631158 -0.055895254 -0.245087489 0.0739998072 -0.0966340825 -0.0885344669 -0.117284782 0.278334826 0.0252529606 0.0329941213 -0.0705078617 -0.144769117 0.111290522 -0.224769562 0.213897362 -0.281655878 -0.153777525 0.114582613 -0.201931298 0.179096892 0.137182057 -0.117368139 0.298522383 -0.0899895057 -0.186761752 -0.278188765 0.191524416 0.0683956146 -0.271036685 0.0681237206 -0.172143728 -0.203969985 0.0216427054 0.28263253 -0.161238477 -0.238189086 0.0415419489 0.246532291 0.067125842 0.0139554022 -0.0392973833 0.204596668 -0.255498558 0.257598102 -0.0781489387 0.278872967 -0.0908881053 0.0291341748 0.106672131 -0.277807444 0.233032152 0.119586691 0.144734457 0.168578178 -0.269467831 0.18137376 -0.142075554 0.0479896814 -0.123600438 0.240890712 0.205260411 -0.25824821 -0.283593208
y 11 slot 1 300 0.889229059 0.35322848 0.747630417 -0.0219182 0.945612848 0.608833015 0.351950794 0.854820728 0.318210632 0.3120929 0.192912206 0.0412256382 -1.0884279 0.972580552 0.096207872 0.0763225332 -0.281509608 0.184659407 0.545467496 0.457243115 0.016172206 -0.667928278 0.9269135 -0.620786488 -0.428503692 -0.41993767 0.234582797 -0.82371968 0.85287267 1.09448981 -0.818725944 -0.475035906 -0.404561579 -0.260818332 -0.647650063 -0.151779205 0.246138483 -0.579860747 -0.574528337 0.248519883 -0.118448257 -0.562593997 0.52376914 0.0136271482 -0.141016617 -0.163853168 0.388005793 -0.80304873 0.572309494 0.162765786 0.575696468 -0.2479904 0.175752252 -0.237918079 -0.688634694 -0.561222017 -0.525301635 -0.617105246 -0.397232234 -0.199889749 0.0209464524 -0.423884124 -0.136079624 0.0326799415 0.125820786 0.243066758 -0.0701003298 0.305952996 0.446877807 -0.0900572985 0.221702904 -0.0607527122 1.00720465 -0.792243719 -0.161731601 -0.463384598 -0.0822869167 0.822715521 -0.177242264 -0.210463822 0.344625652 0.0401432328 -0.306538165 0.55960381 0.359995753 -0.218673557 0.274945676 0.19209905 0.762250602 0.197967559 -0.549665332 -0.179066777 0.364124596 0.102598533 -0.169002429 -0.804236114 -0.0637988597 0.794165552 0.75401634 -1.01499224 0.290339231 0.626747549 -0.645496726 0.669776142 0.132727906 0.486224085 -0.112732321 0.256359011 0.12501587 -0.229530171 0.196689546 0.168772832 -0.0513474122 0.248258814 -0.938610613 0.684650123 -0.530638695 -0.0742058456 -0.409842879 1.19177818 -0.196492627 0.316525996 0.662016153 0.12327987 0.104137495 -0.270366192 -0.107571095 0.902135491 -1.12641931 0.153432801 -0.251313031 0.515557945 0.15238829 -0.57893914 0.894507408 -0.383069247 0.884312153 0.371837258 -1.07270217 -0.92814368 0.643208563 0.76438266 0.213087767 0.443863392 -0.31928435 0.283674359 0.0338205248 -0.265752226 0.0646691397 -0.526026428 -0.261650741 -0.12745361 -0.0691234693 -0.136725187 0.504797041 0.414275765 0.931007862 0.129140556 0.520250559 -0.191222578 -0.879327774 0.906852841 0.234689802 -0.120674007 -0.414972126 -0.613838494 0.462822199 0.3240619 0.0522612557 1.23093295 0.865382791 0.560774624 -0.715643346 -0.038406767 -0.404829919 0.428824306 0.0577676184 -0.212211773 -0.829217076 1.32598841 0.104225948 -0.630942285 0.18900533 -0.0169796757 -0.602534473 0.118475839 -0.0766543224 -0.231921583 -0.200451568 -0.539056659 -0.273136348 -0.378507018 0.197219342 0.208354354 0.121401846 -0.384955317 0.330278069 -0.401471049 0.0949271545 -0.300567269 0.198810384 -0.413683593 0.0762825757 0.207313403 0.228680089 0.841738582 1.01685786 -0.571641862 0.955289185 -0.354553252 0.555990458 0.284562796 1.2054677 0.251229703 -0.499171376 0.126759574 0.364433944 -0.317808539 -0.219016328 0.693071187 0.937349319 -1.18647027 -0.0208407827 0.0369576402 0.362103403 -0.433569968 -0.508313596 -0.291248977 0.00163452979 -0.925025582 -0.152323127 -0.0511940718 0.0465385616 0.481921285 0.514668345 -1.07079244 0.45888263 -0.0499211513 -0.27126959 -0.995828927 0.0406132378 -0.203718424 -0.240372628 -0.544459581 0.590517104 0.0639870688 0.143809348 -0.121696644 -0.455519438 0.104640789 -0.38220495 0.148455858 -0.191214547 -0.324398398 0.296815097 -0.419825882 0.134617582 0.176461339 -0.484752864 0.476026833 -0.182825536 -0.41797632 -0.417307109 0.205226973 0.102288231 -1.00286782 0.300528467 -0.782991469 -0.143322781 0.0747666731 1.37311184 -0.616566479 -1.12490165 0.0895439908 0.916076958 0.155767962 0.064698033 -0.108518638 0.497413695 -1.21224666 1.18236005 -0.392945737 0.348661691 -0.272620708 0.142147586 0.262941509 -0.166194007 0.768696606 0.579981923 0.286025524 0.539996564 -1.25999033 0.719988346 -0.341230512 0.151592508 -0.434977829 0.791173518 0.404810339 -0.841827273 -0.271376818
s 12 slot 2 300 0.103286549 0.216806144 0.2891725 0.0599662587 -0.197129428 0.229632929 -0.234695807 0.211504236 0.19665499 -0.241480023 0.1778979 -0.152302846 0.200447768 -0.286011398 -0.152732551 -0.288526654 -0.196885526 -0.0224882476 -0.217041254 -0.0150741851 0.0233427547 -0.256015867 -0.119576618 -0.226752788 -0.0442285091 -0.088511236 0.0660944805 -0.204102367 -0.226492748 -0.0647131726 -0.132867098 -0.0114821205 -0.135189176 -0.184217915 -0.15513359 0.276304603 0.193357944 -0.116576485 0.289365053 -0.249803722 -0.0073267268 -0.0484776422 -0.247224495 -0.166142151 0.0737133622 -0.148187965 -0.230594888 -0.236703888 -0.210617647 -0.218000397 0.0666360632 -0.261066496 -0.136910513 -0.1700387 -0.267637193 -0.0997584313 -0.179417789 -0.236561373 0.237123743 0.123636328 0.145875469 -0.195325136 -0.281768203 -0.252368271 0.236801341 -0.180265069 -0.00852282997 -0.210784465 -0.0711668432 -0.0335757285 -0.111199833 0.20521751 0.265897572 0.0222009737 -0.290927976 0.0543915741 0.267787576 -0.124223091 -0.141475275 0.0476883315 -0.00123335666 0.0570127033 -0.242861301 0.195881292 0.156146973 -0.118757308 -0.143265113 0.101829693 -0.0902026221 -0.0749167725 0.0970683023 -0.093623966 0.116902798 -0.0377532877 -0.272671282 0.186640561 -0.0640086085 0.113087073 0.108730808 -0.104185052 -0.182131633 -0.290688187 0.0121007403 -0.149041817 -0.0413378291 0.0768615827 -0.263192564 -0.211948141 0.141308576 0.213242337 0.113197684 -0.28571564 0.0968268663 0.211885855 0.127798647 -0.194363922 0.0522710457 0.296244472 -0.293625444 0.084992826 -0.284118325 -0.120708391 -0.186137691 -0.220023036 0.173046678 -0.0124833323 0.276446849 0.207877621 0.224262461 0.237973407 -0.159839407 0.285743684 0.206985638 -0.25467819 -0.136394039 -0.240769044 0.284585118 -0.00408907235 -0.0743611231 0.0912429839 0.144474655 -0.254142165 -0.0652716532 -0.120976746 0.153339058 -0.218538046 0.10401427 0.241126627 0.285289615 -0.147206336 -0.0209642295 0.0974573269 0.275714159 -0.204415828 -0.148043871 0.242676601 -0.162255555 -0.254759997 0.15711911 0.0808597952 0.272049457 0.144008547 0.14235571 -0.0381256677 -0.292159915 -0.294414073 -0.195856661 -0.185824081 -0.129434764 0.160392895 0.270427644 -0.0877462402 -0.193852827 -0.285664946 -0.231767446 0.0447954573 0.277039587 0.290526122 -0.19729197 0.185440168 0.157267556 0.248226225 -0.27986899 0.00246727723 0.0723343566 0.0448152721 -0.130873218 -0.110201426 0.144945532 0.0469369143 -0.14408204 0.274442047 -0.0409977138 -0.240784958 0.194790035 0.289236784 0.218142197 -0.0481186546 0.0672770888 0.117308296 -0.0420949012 -0.0462361351 -0.255420059 -0.0894327015 0.170452893 -0.239721179 0.0380314067 0.158413202 -0.289305419 0.172658369 -0.0375751443 -0.0275605153 0.0491823778 -0.0382470191 0.166381955 -0.11126174 -0.0267048832 0.13860859 0.248344049 0.23061271 -0.198531494 0.153345302 0.24881573 0.246620074 -0.159929484 -0.145999983 -0.0844582319 -0.148745924 0.0953785777 -0.193702042 -0.0311680306 0.284827918 0.212253347 0.299845099 -0.0844229162 0.119008265 0.156992093 -0.203877091 0.152103618 -0.226617634 -0.181574598 -0.120660998 -0.187133119 -0.00543038361 -0.0689097196 -0.137306049 0.0583500154 -0.137362361 -0.0773524418 -0.138478652 0.140562743 0.269171447 0.239386469 0.0424509868 0.189436972 0.293645412 -0.0370732099 -0.114820845 0.210948303 -0.217437401 -0.227575511 -0.12207289 0.275855184 0.253255695 0.279586524 -0.264383286 -0.0971357748 -0.0640821531 -0.0209067203 -0.186691269 -0.274998218 0.0133084757 -0.123815142 0.14644523 0.0641472861 -0.139622986 -0.153494105 0.0811614841 0.062791124 -0.166343987 0.045438949 0.1180989 0.00326502463 -0.0269401688 0.177794546 -0.00127440144 -0.0940794647 -0.282830536 0.0051011513 0.141166627 0.26863125 0.239275485 -0.0636341199 0.234284848 0.00185937155 -0.0543683954 0.286855906 -0.175735563 0.164148808 0.241998896
y 12 slot 2 300 0.475278974 0.542487502 0.903562784 0.175949931 -0.821878254 0.679438412 -0.480666935 0.680055916 0.345822453 -0.573899567 0.882054627 -0.142774045 0.973739862 -1.17205048 -0.105449975 -0.353837371 -0.235980913 -0.029133223 -0.457186967 -0.0418423042 0.0118748602 -0.79475677 -0.529365897 -0.827735901 -0.153595105 -0.223218307 0.311250865 -0.773116946 -1.00767839 -0.30317387 -0.48597917 -0.0278638806 -0.486205369 -0.66370523 -0.365253299 0.190067276 0.225797206 -0.374321699 1.24719775 -1.08802712 -0.0161091015 -0.171764344 -1.13560581 -0.388059497 0.186989069 -0.52136606 -0.469816297 -0.985435128 -1.04002154 -0.157482639 0.195375517 -0.37724328 -0.0880537555 -0.20978646 -1.02966666 -0.431489021 -0.394200623 -1.01016092 0.877522588 0.207594052 0.616176248 -0.483220339 -1.13233244 -0.826937914 0.409154952 -0.232393205 -0.0129029136 -0.365765005 -0.304930806 -0.0445589535 -0.295295328 0.183006689 1.05629361 0.0841174796 -0.302384079 0.23311846 1.05938244 -0.43517074 -0.511742532 0.213974416 -0.00263215881 0.1920809 -0.943026602 0.433398604 0.659919381 -0.554071844 -0.627416193 0.266375929 -0.343197167 -0.273210198 0.39078787 -0.347461164 0.143348381 -0.0476082303 -1.00565398 0.529958725 -0.129965246 0.352875173 0.310134888 -0.459314346 -0.493644595 -1.00069785 0.0512545817 -0.519297361 -0.0484436825 0.279021084 -0.145829603 -0.351978332 0.158069894 0.219887838 0.348436177 -1.23713183 0.319712073 0.744935989 0.579399765 -0.720558465 0.150104597 0.183722869 -1.27046418 0.408508062 -0.2422034 -0.454306334 -0.437148452 -0.251059204 0.27574718 -0.0304873642 0.178474829 0.942453444 1.12161088 0.753849328 -0.219501257 0.615455747 0.183328077 -0.889221251 -0.455105662 -1.18565035 1.29568601 -0.00559912808 -0.335468471 0.410494387 0.565398335 -0.669377685 -0.252257347 -0.344275355 0.247192532 -0.369240433 0.207436189 1.01042199 0.286342949 -0.556076825 -0.0212120675 0.179215461 0.65424639 -0.63706553 -0.694932997 0.92654705 -0.55291152 -0.652102113 0.624186873 0.196769416 1.00742435 0.646850884 0.233058497 -0.0552139767 -1.02240264 -1.03524053 -0.721810877 -0.247797623 -0.0854046047 0.784177661 1.19873548 -0.410755247 -0.606996357 -0.758926213 -0.379579633 0.148612618 0.39162454 0.367179662 -0.545999646 0.85176301 0.24438265 0.726909339 -0.960550189 0.00361146918 0.227960542 0.15484257 -0.594686985 -0.0902856067 0.315958023 0.181741431 -0.251759768 0.757539511 -0.106385402 -0.443633795 0.156243235 0.620047331 1.02968538 -0.225046828 0.0884170309 0.437597841 -0.0652832314 -0.146429434 -0.949274659 -0.0865531936 0.471462667 -0.914690912 0.187692568 0.461506516 -1.3591646 0.808732927 -0.0908733085 -0.128450349 0.221924543 -0.0429267511 0.447318554 -0.157108724 -0.0520916358 0.385247022 0.466547698 1.00637186 -0.804220974 0.630166769 0.19572708 1.2246896 -0.510077536 -0.262706816 -0.218451634 -0.174135223 0.0690842494 -0.780887723 -0.0203446876 0.287885606 0.319470257 0.827755034 -0.226519972 0.585739017 0.60985148 -0.55694586 0.742679238 -0.920323849 -0.104523502 -0.255910486 -0.50356096 -0.0268390924 -0.143429175 -0.358452797 0.25931704 -0.233787298 -0.243529245 -0.13524735 0.234854028 0.189375281 0.158823103 0.0924434438 0.492140979 0.605966687 -0.0270951707 -0.148038253 0.877542675 -0.346871465 -0.465416878 -0.272894442 0.41401118 0.272963792 0.430233777 -0.97870034 -0.427998424 -0.291396379 -0.0151953083 -0.663296223 -1.33953941 0.0523443744 -0.584455669 0.308287054 0.238644123 -0.329205602 -0.680850029 0.218029305 0.152755469 -0.789615393 0.208859727 0.587112069 0.00485774316 -0.0804680809 0.88231051 -0.00367021887 -0.0556668118 -0.936269343 0.0236971062 0.278094411 0.860083461 1.11429775 -0.25080663 0.565826595 0.00576164387 -0.191598445 0.94198519 -0.347684711 0.533012509 0.234137565
M 20 20 -0.0377300849 -7.23029395e-05 -0 0.000403238549 7.70124089e-05 8.92411568e-05 -0.000270240564 -0.000108903602 -0.000110277155 -0.000176235522 -0.000323575039 -0.00101930869 -0.00350329929 -0.000367839439 -9.2351052e-05 -0.000122732445 0.000110785432 0.000170475013 1.90212943e-05 0.000249779205 -7.23029395e-05 -0.0417606183 -0 -6.49659436e-05 -1.62305537e-05 -1.73766218e-05 3.84948345e-05 3.53921335e-05 1.574677e-05 2.73864209e-05 5.47040947e-05 -4.88615403e-06 0.000619269638 6.23546368e-05 1.60251476e-05 1.88822954e-05 -9.32805055e-06 -4.69680618e-05 2.5485987e-06 -4.50918269e-05 -0 -0 -0.0364139087 -0 -0 -0 -0 -0 -0 -0 -0 -0 -0 -0 -0 -0 -0 -0 -0 -0 0.000403238549 -6.49659436e-05 -0 -0.0350512969 0.00034983032 1.17695517e-05 -8.08780008e-05 3.05539934e-05 0.000135280269 1.95840535e-05 0.00170094043 -0.00114473137 -0.00314779933 -0.00124913642 0.000788974474 -0.000810060397 -0.00130463019 0.00169721702 -0.000610570214 -0.00454915201 7.70124089e-05 -1.62305537e-05 -0 0.00034983032 -0.0377235765 -9.73665489e-05 0.00010031479 -5.62452476e-05 4.8790845e-05 1.10131464e-05 0.000329525334 0.000491045323 -0.000786420133 -0.000341514807 -4.48768e-05 -0.000245780234 -0.000114130563 0.0011303058 0.000134263233 -0.00132636403 8.92411568e-05 -1.73766218e-05 -0 1.17695517e-05 -9.73665489e-05 -0.0377697509 -0.000966943916 -8.50606862e-05 8.72950142e-05 0.000128284588 0.00167188659 0.00030335036 -0.00084195065 -8.64049998e-06 0.00011006689 -0.000864328431 -0.00137564356 -0.00466876222 0.000770552481 -0.000137466781 -0.000270240564 3.84948345e-05 -0 -8.08780008e-05 0.00010031479 -0.000966943916 -0.0451552134 6.77745369e-06 -9.75115708e-05 -0.000200908971 -0.0032900594 0.00170343943 0.00186519286 0.000150630874 -3.22275214e-05 0.000989040647 -0.00107720596 0.00469357894 -0.00244630755 -0.000673368416 -0.000108903602 3.53921335e-05 -0 3.05539934e-05 -5.62452476e-05 -8.50606862e-05 6.77745369e-06 -0.0380140477 -4.4379896e-06 1.67822051e-06 -3.41673919e-05 -0.00300370304 0.00171485748 3.2408858e-05 4.34138344e-05 3.17029816e-06 8.82931497e-05 -0.000408032768 -8.56874666e-05 -0.000911353042 -0.000110277155 1.574677e-05 -0 0.000135280269 4.8790845e-05 8.72950142e-05 -9.75115708e-05 -4.4379896e-06 -0.0346590024 0.00021789262 0.00193422003 0.00068803754 0.000762979326 -0.00015968874 2.28296865e-07 -3.21581086e-05 0.000105596983 -3.72061882e-05 -0.000107832601 -0.00104536745 -0.000176235522 2.73864209e-05 0 1.95840535e-05 1.10131464e-05 0.000128284588 -0.000200908971 1.67822051e-06 0.00021789262 -0.0362063774 0.00304962029 0.000687227435 0.00132695613 -6.17686849e-05 -4.57275703e-06 -2.73602232e-05 0.000232805907 -8.64162819e-05 -9.4525462e-05 -0.000344169947 -0.000323575039 5.47040947e-05 0 0.00170094043 0.000329525334 0.00167188659 -0.0032900594 -3.41673919e-05 0.00193422003 0.00304962029 0.0321730461 0.000440995708 0.00265058125 -0.00197077367 -0.000368086525 -0.000768923399 0.00311852163 -0.000696906779 -0.000852714146 -0.00293369992 -0.00101930869 -4.88615403e-06 0 -0.00114473137 0.000491045323 0.00030335036 0.00170343943 -0.00300370304 0.00068803754 0.000687227435 0.000440995708 0.0342850175 -0.000236749156 0.000470297891 4.93591458e-05 0.000513848441 -0.00189618627 0.00313633838 -0.00109596164 0.000191180192 -0.00350329929 0.000619269638 0 -0.00314779933 -0.000786420133 -0.00084195065 0.00186519286 0.00171485748 0.000762979326 0.00132695613 0.00265058125 -0.000236749156 0.0300055143 0.0030212735 0.000776467575 0.000914905155 -0.000451972673 -0.00227574672 0.000123487428 -0.00218483738 -0.000367839439 6.23546368e-05 0 -0.00124913642 -0.000341514807 -8.64049998e-06 0.000150630874 3.2408858e-05 -0.00015968874 -6.17686849e-05 -0.00197077367 0.000470297891 0.0030212735 0.0316911961 -0.00169259609 0.000214845656 0.00016882861 -0.00159324365 -4.82454793e-05 0.00431449128 -9.2351052e-05 1.60251476e-05 0 0.000788974474 -4.48768e-05 0.00011006689 -3.22275214e-05 4.34138344e-05 2.28296865e-07 -4.57275703e-06 -0.000368086525 4.93591458e-05 0.000776467575 -0.00169259609 0.0324631975 0.000850185917 -0.00078625557 -0.00071736689 0.000501818959 -0.000198478336 -0.000122732445 1.88822954e-05 0 -0.000810060397 -0.000245780234 -0.000864328431 0.000989040647 3.17029816e-06 -3.21581086e-05 -2.73602232e-05 -0.000768923399 0.000513848441 0.000914905155 0.000214845656 0.000850185917 0.0334281765 -0.000158350474 0.0050018017 -0.00139721448 0.000613332347 0.000110785432 -9.32805055e-06 0 -0.00130463019 -0.000114130563 -0.00137564356 -0.00107720596 8.82931497e-05 0.000105596983 0.000232805907 0.00311852163 -0.00189618627 -0.000451972673 0.00016882861 -0.00078625557 -0.000158350474 0.0383180454 -0.00323388791 0.00176426892 0.000859558218 0.000170475013 -4.69680618e-05 0 0.00169721702 0.0011303058 -0.00466876222 0.00469357894 -0.000408032768 -3.72061882e-05 -8.64162819e-05 -0.000696906779 0.00313633838 -0.00227574672 -0.00159324365 -0.00071736689 0.0050018017 -0.00323388791 0.0327917526 -0.00046741371 0.000646114138 1.90212943e-05 2.5485987e-06 0 -0.000610570214 0.000134263233 0.000770552481 -0.00244630755 -8.56874666e-05 -0.000107832601 -9.4525462e-05 -0.000852714146 -0.00109596164 0.000123487428 -4.82454793e-05 0.000501818959 -0.00139721448 0.00176426892 -0.00046741371 0.0294280838 0.00153362057 0.000249779205 -4.50918269e-05 0 -0.00454915201 -0.00132636403 -0.000137466781 -0.000673368416 -0.000911353042 -0.00104536745 -0.000344169947 -0.00293369992 0.000191180192 -0.00218483738 0.00431449128 -0.000198478336 0.000613332347 0.000859558218 0.000646114138 0.00153362057 0.0315927692
mv_in 0 20 0.877657294 0.487276226 0.545045316 0.046898257 -0.58711648 -0.0594322607 -0.749757826 0.919717014 0.370408356 -0.165865868 0.117037624 0.333548069 0.745478511 0.846361876 0.902588546 0.919733405 -0.644499063 -0.202161267 0.731027722 0.157218993
mv_out 0 20 -0.0366398293 -0.0198386082 -0.0198472304 -0.00567542877 0.0209144783 0.00436852042 0.0340681166 -0.0348462905 -0.0123652851 0.00732179355 0.00240304306 0.00688708612 0.0250296955 0.028244896 0.0302384315 0.0299367347 -0.0228645306 -0.00698627171 0.0210607664 0.00763909365
mv_in 1 20 0.477086335 -0.216927826 0.635552585 -0.915327668 0.672193885 0.733270645 -0.214840829 0.894088864 0.409859985 0.936707795 0.208740309 0.375369966 -0.388108283 -0.183502689 -0.0609645955 -0.805887043 -0.410939217 0.16109851 0.603980362 0.970933616
mv_out 1 20 -0.0171688225 0.00881146904 -0.0231429538 0.0306569903 -0.0259063537 -0.0258115396 0.00624773536 -0.0370273854 -0.0147756947 -0.0338749475 0.00614908483 0.0123475167 -0.0121299167 -0.00286714322 -0.00307302075 -0.0270994632 -0.0133727086 -0.000418136221 0.0204685489 0.0322645923
mv_in 2 20 0.293313444 -0.444831878 -0.473342121 -0.377822608 0.575260699 -0.897618294 -0.930511475 -0.256627053 -0.406568855 0.881662369 -0.417850584 0.0113077285 0.103256002 0.44526571 0.285908163 0.166759983 0.0124796415 -0.263334304 0.652096808 -0.650296926
mv_out 2 20 -0.0116961189 0.0186786559 0.0172362368 0.0141932188 -0.0215731088 0.0357809883 0.0421406718 0.0105672536 0.0140570441 -0.0329789978 -0.00980217386 -0.00154256988 0.0046765127 0.0123977794 0.00909735276 0.00366964092 0.00321480772 -0.00944239482 0.0204629279 -0.0145804795
pg_inf 1.9281323
xcp 300 -0.0753300786 1.45174611 -0.108444408 1.33066995 -0.276191446 -1.63662831 1.55492557 -0.825322788 -0.611266613 2.35790753 0.02623876 2.79461636 -1.64948662 -1.25282372 -0.151089668 2.37135067 -1.32392305 0.747636378 -1.57062125 -2.38489127 -0.971555189 -1.85797381 -0.5818511 0.0289905789 -0.500580311 1.01089609 -0.721944489 -0.350348909 0.507392406 1.46597863 1.11567175 -0.216671134 -0.419822096 0.174038753 0.484088719 -2.24183989 3.17120552 -1.29552546 -0.956287086 2.13749862 1.73675251 1.83373739 0.58482608 0.669375766 -2.11177211 -0.354609116 -0.231882781 0.465701759 1.16881162 -0.884379556 0.995191012 -0.0240371929 1.91680133 0.589477181 -3.37831163 0.421422303 -0.862522006 -0.54727135 0.165193141 0.858419401 0.258169949 -0.71405412 -1.19842529 0.46307981 1.4528748 -0.374419221 2.23034991 -1.54734891 -0.885848582 1.63383432 0.367224514 0.347499907 -0.733453572 -0.541940663 2.76736921 0.815142345 -0.127969911 -0.365141779 -0.714498778 -0.197656152 1.83592739 2.25612283 -2.13652579 0.0149633159 -0.375166347 -2.32811109 0.163486451 -1.06703602 0.279762954 0.858499553 1.34226154 1.13954367 -2.14693618 0.444585204 1.78804636 0.219324227 0.366027088 -2.99953317 1.30072141 0.95875746 1.36190367 0.721874583 1.62184823 0.12706753 0.324210495 -0.46975746 0.95583282 -0.875883634 0.66706568 -1.52979154 0.792639017 -1.90669987 -2.16147785 -0.498595622 -1.60163677 0.0270697474 -1.50383532 1.61303115 0.625829017 1.66364503 -0.563554406 -1.05972537 1.10414689 0.35225407 -1.88481067 0.896309349 0.836841921 1.75432567 -0.738098161 -1.52858377 1.1903882 0.842975347 1.23313856 0.952922106 -1.64453256 0.701787055 -0.099769287 -0.600461721 -0.517966032 -0.713843977 0.39040193 -1.62535655 1.31079209 1.68300426 0.0256048322 -1.66931523 -0.816201959 2.58358962 0.528897166 -1.29849291 -2.01181723 -2.52282748 0.692836792 -1.80017744 0.264414001 1.89908147 1.55879498 2.02927899 -0.69609435 -0.617323339 -2.01604311 -0.413405545 0.828513679 0.190293628 -1.70382297 -1.47959995 -1.42496586 2.55351983 1.0033561 0.789113462 -0.422814816 0.200864911 -0.259339241 0.937614503 -0.385338286 0.703436792 -0.631855223 2.93549634 2.09379768 -2.9588306 -0.243770102 1.46334801 -1.50405114 0.758992339 1.05172348 -0.792456627 -0.862472892 -0.794597598 -1.69362697 1.15175009 1.2640373 -0.366388708 -1.05727485 -2.14530223 0.949456513 2.36138862 -1.5072607 1.45163101 -0.663636088 0.331794062 2.49710846 -0.511190175 1.70351618 -1.4661715 0.914252736 -0.524793106 -0.143507659 0.825287104 -0.382348418 0.89803745 0.781757995 -1.35014499 -0.841232155 0.635030114 -0.8264056 0.417859882 -1.0281235 -0.685090252 0.170276761 -1.2615807 -0.522215155 0.875817657 0.626900782 0.590289831 1.54971969 -1.46348917 -0.747219741 1.51014966 -1.77493978 0.309147984 1.49845414 1.36310914 0.783231067 0.55584538 -0.287907857 -0.624522269 1.59081319 -0.118556269 -0.0380938649 0.917225165 1.69667971 -0.27065146 -1.55518842 1.59005284 0.896318793 -2.56375217 0.97013557 0.0818337426 -1.88448316 -1.39664216 1.00231397 0.882482529 -1.74200213 -1.78632677 -0.713360369 -1.25051483 0.210630701 -0.538080692 1.17995107 -1.76818907 2.35510613 -1.77107787 -1.07180235 -0.203707911 -2.42597342 -1.72827812 -0.673036398 -1.49699545 -1.30228301 -0.049608767 -1.33161664 -2.61635953 1.82538927 -0.114694774 -0.780330739 -0.37803635 -0.075719628 -1.91729736 -0.637851596 -1.25556764 -2.37649465 0.0360793471 -1.98508668 2.01388121 1.20444779 -1.7688328 -1.52319253 -2.12515163 0.391027272 2.15193926 -1.03374875 1.58158989 0.417263448 1.7574265 0.415816248 0.648156114 -0.750900033 0.188574701 1.69174802 1.43684993
vecc 20 3.68725322 2.63394878 0.177885877 -0.0225354195 0.558435928 1.6327333 0.523036118 -1.23437988 3.12586927 2.07109994 2.82927462 3.97800271 0.55040903 0.51414138 0.0682118518 1.31173396 0.322444999 0.982167809 4.90514137 1.35790898
brk0 96 0 1 2 8 9 14 17 18 19 21 24 25 28 30 33 35 38 40 46 55 62 63 68 71 72 77 88 94 98 99 100 104 108 110 114 116 117 120 130 135 138 140 141 142 148 155 156 164 166 168 169 170 171 178 185 186 189 191 198 200 203 208 216 218 221 225 229 233 235 237 238 240 241 242 244 246 247 250 251 253 257 258 259 267 269 270 273 277 280 282 283 285 287 292 293 298
newact 39 228 184 93 226 290 264 115 175 92 102 157 129 70 86 272 58 254 207 143 159 179 243 47 52 60 288 281 245 81 53 206 194 56 54 36 119 133 275 149
newact_sorted 39 36 47 52 53 54 56 58 60 70 81 86 92 93 102 115 119 129 133 143 149 157 159 175 179 184 194 206 207 226 228 243 245 254 264 272 275 281 288 290
fv 165 7 22 27 34 45 51 90 101 105 106 107 109 118 134 136 137 147 154 172 174 176 183 187 209 223 252 295 65 20 160 279 32 16 42 276 214 79 219 232 132 44 82 165 26 167 103 234 121 195 262 205 85 113 158 122 227 182 11 96 69 163 146 180 31 291 13 144 211 89 204 173 112 289 3 50 67 126 6 83 199 239 297 153 128 161 152 61 236 294 210 29 231 12 201 278 190 192 284 261 271 23 263 125 66 76 265 274 78 213 217 48 249 131 230 37 266 260 248 145 150 4 10 177 188 127 74 123 5 196 220 197 181 84 222 75 224 215 162 43 124 212 139 49 151 256 286 95 193 87 64 202 255 296 73 59 299 268 80 97 15 57 41 91 111 39
fv_sorted 165 3 4 5 6 7 10 11 12 13 15 16 20 22 23 26 27 29 31 32 34 37 39 41 42 43 44 45 48 49 50 51 57 59 61 64 65 66 67 69 73 74 75 76 78 79 80 82 83 84 85 87 89 90 91 95 96 97 101 103 105 106 107 109 111 112 113 118 121 122 123 124 125 126 127 128 131 132 134 136 137 139 144 145 146 147 150 151 152 153 154 158 160 161 162 163 165 167 172 173 174 176 177 180 181 182 183 187 188 190 192 193 195 196 197 199 201 202 204 205 209 210 211 212 213 214 215 217 219 220 222 223 224 227 230 231 232 234 236 239 248 249 252 255 256 260 261 262 263 265 266 268 271 274 276 278 279 284 286 289 291 294 295 296 297 299
drt0 300 0 0 0 -0.0983206287 0.0727550346 0.0245229509 0.0830671589 -0.0674834096 0 0 0.0600785622 0.102806962 -0.0631471018 -0.0559293652 0 -0.00429573077 -0.130951762 0 0 0 -0.0662996168 0 0.0582515164 -0.114363492 0 0 0.0462210118 -0.0226455037 0 0.0852894605 0 0.0895497762 0.122607712 0 0 0 0.0965053524 -0.0144360251 0 -0.000957105654 0 -0.0020992326 0.0827674292 -0.0439220664 -0.113280892 -0.0135451229 0 0.0322246467 -0.0177053004 -0.00855261986 0.0480335589 0.0469775351 0.0390792524 0.0764356132 -0.0952004078 0 -0.0796987344 0.00174121097 -0.0349718604 0.0105043861 0.0722116637 -0.110092784 0 0 0.00410406192 -0.0822647507 -0.113076737 -0.0885657268 0 -0.118831905 0.0444502674 0 0 -0.0023606206 -0.0839131475 -0.045636417 -0.0479324063 0 -0.11768173 -0.112264741 -0.00940860667 0.0516620513 -0.0507443179 -0.1197654 -0.0138044142 -0.095581347 -0.0385764385 0.0187039711 0 0.048993578 0.114561044 -0.000551697685 -0.0407266207 0.0225341137 0 0.0334707793 0.0896758922 0.00805662612 0 0 0 0.057029987 -0.0105820956 -0.0458763745 0 0.0716577952 0.0227982543 -0.121598527 0 -0.0399703808 0 -0.000348965139 -0.0973275543 0.0830997195 0 0.0216879611 0 0 0.110079761 0.0928664795 0 0.0534329609 -0.121976207 -0.063932735 -0.00398604329 0.0844503814 -0.0899745843 0.0344299136 -0.113706127 -0.0214161195 0 0.0686122363 0.111533141 0.0482969294 0 0 -0.129537024 0 0 0.0216996274 0 0 0 0.0386187097 -0.116248541 0.079848493 -0.0837884551 0.116994877 0 0.0810939672 0.0651298843 0.03690715 -0.11050839 -0.133285259 -0.0154453305 0 0 0.021258609 -0.120742234 -0.0409285363 -0.0853783345 0.0756443299 0.0364020986 0.0175426683 0 -0.0733215634 0 0.0592098705 0 0 0 0 0.108760293 0.078985822 -0.112229252 -0.0332058827 -0.0214361543 0.0086924151 0 -0.0521471791 0.111193691 0.0343486569 -0.116340495 -0.118065524 -0.0142859119 0 0 -0.0939893843 0.0706282028 0 -0.0914449515 0 -0.112875011 0.0321969542 0.0824605404 0.0218397976 0.0276062324 -0.0356472403 0 0.0697952047 0 -0.0880055605 -0.00675793661 0 0.132463264 0.0915618898 0.0701400909 -0.0175682178 0 0.0626254685 0.0810432051 0.102361884 0.0298302835 0.0259353657 -0.028718813 -0.0152386816 0 0.0208897889 0 -0.0673539273 -0.0191345305 0 0.039374368 0 -0.0496859896 0 -0.0221029419 0.044148386 -0.00853990138 0 0.0366931533 -0.119758635 0.0832509075 0 -0.0393046056 0 0.095104561 0 0 -0.0370982626 0 0 0 -0.0244597288 0 -0.0325373748 0 0 -0.040702741 -0.0533792697 0 0 0 0 0.032368953 0.0114631061 0.0315258341 0 0 0 0.0430310778 0.0286356077 -0.0840672393 -0.12220286 -0.0233973481 -0.0223644875 -0.0983730651 0 -0.00794915822 0 0 0.128201959 0.0348856951 0 0.0415597333 0.108779159 -0.0883762511 0 0.00730065981 0.0984115619 0 0.0825172726 0 0 -0.106194721 0 -0.0129727373 0 0.0813901729 0.082394792 -0.0316366067 0.0718132142 0 0 0.0197282065 0.0983743441 -0.00737170867 0.0927923235 0 -0.0117695332
step_max0 4.31546799
drt 300 0 0 0 -0.418749703 0.314698405 0.0993856407 0.378381908 -0.273086421 0 0 0.270327938 0.448863775 -0.265239508 -0.226330454 0 -0.0304254997 -0.61641717 0 0 0 -0.292183578 0 0.230754475 -0.456535352 0 0 0.183381157 -0.110225776 0 0.351012336 0 0.374315694 0.500404766 0 0 0 0.416465759 -0.0672807996 0 -0.0239805943 0 -0.0181861216 0.366228522 -0.163649102 -0.515033679 -0.102029634 0 0.139064431 -0.0887183876 -0.00796467343 0.197703098 0.184467162 0.168645263 0.329855442 -0.410834312 0 -0.343937337 0 -0.150919944 0.0393997566 0.311627124 -0.489788442 0 0 -0.00875428265 -0.339735645 -0.483887928 -0.414447642 0 -0.548914111 0.191823706 0 0 0.00865865851 -0.439435042 -0.187759741 -0.214175099 0 -0.516783456 -0.455305687 -0.0499080886 0.222945929 -0.240349308 -0.469564747 -0.0600888376 -0.387461942 -0.166475385 0.0694722085 0 0.210879366 0.521876953 0.0184554365 -0.175754428 0.0972452462 0 0.0952420889 0.372367364 0.0712703277 0 0 0 0.240210531 -0.0456666946 -0.202424034 0 0.327499514 0.0643250802 -0.506111481 0 -0.231083573 0 0.00183075171 -0.427231607 0.388332788 0 0.0935937017 0 0 0.457060071 0.40076232 0 0.217688323 -0.489666965 -0.263440621 0.0370318573 0.349466313 -0.464881685 0.143977952 -0.508484936 -0.092420578 0 0.316282225 0.466248581 0.208423853 -0.0139593508 0 -0.522840445 0.0150962819 0 0.0967761783 0 0 0 0.166657805 -0.503232164 0.362791414 -0.361478221 0.491009386 0 0.34995842 0.247225513 0.179015487 -0.5039016 -0.567074048 -0.0829723859 0 0 0.0917408466 -0.510461133 -0.176625788 -0.3487313 0.340589597 0.189550521 0.111039114 0 -0.295569162 0 0.311523204 0 0 0 0 0.439518346 0.372429557 -0.56364641 -0.143298924 -0.0896187421 0.027185201 0 -0.225039482 0.46418754 0.131791534 -0.509633814 -0.533763084 -0.0616503954 0 0 -0.467852643 0.321859984 0 -0.384078492 0 -0.44885489 0.168909435 0.355855823 0.0923301894 0.117163816 -0.168148944 0 0.318877234 0 -0.419561943 -0.0259589249 0 0.580490169 0.374914111 0.302687317 -0.0758150816 0 0.235338472 0.399570471 0.449178053 0.168682202 0.142741321 -0.106259023 -0.0657344535 0 0.0916748456 0 -0.278248158 -0.0944594111 0 0.178989065 -0.0446490622 -0.222035336 0 -0.0953845382 0.179437089 -0.0368536711 0 0.0736562497 -0.523689573 0.413298419 0 -0.130987314 0 0.436494867 0 0 -0.166229652 0 0 0 -0.105555177 0 -0.140414 0 0 -0.146295749 -0.174402044 0 0 0.0208367391 0 0.139687181 0.0507858403 0.155636647 0 0 0 0.176537983 0.127638845 -0.395207339 -0.490062992 -0.100970507 -0.108954013 -0.397706055 0 -0.0721262684 0 0 0.538113491 0.1505481 0 0.162057835 0.46943298 -0.380264621 0 0.0823067373 0.404013145 0 0.356100649 0 0 -0.427089727 0 -0.0433930485 0 0.351236686 0.366372916 -0.136526763 0.305015091 0 0 0.0845916294 0.429690425 -0.00187392165 0.408541679 0 -0.074700092
sub_L 3 16 20 57
sub_U 1 34
sub_P 161 3 4 5 6 7 10 11 12 13 15 22 23 26 27 29 31 32 37 39 41 42 43 44 45 48 49 50 51 59 61 64 65 66 67 69 73 74 75 76 78 79 80 82 83 84 85 87 89 90 91 95 96 97 101 103 105 106 107 109 111 112 113 118 121 122 123 124 125 126 127 128 131 132 134 136 137 139 144 145 146 147 150 151 152 153 154 158 160 161 162 163 165 167 172 173 174 176 177 180 181 182 183 187 188 190 192 193 195 196 197 199 201 202 204 205 209 210 211 212 213 214 215 217 219 220 222 223 224 227 230 231 232 234 236 239 248 249 252 255 256 260 261 262 263 265 266 268 271 274 276 278 279 284 286 289 291 294 295 296 297 299
dg -68.8189384
step_max 1
