# lbfgsb component fixture 11 (LBFGSpp 0.3.0 BFGSMat/Cauchy/SubspaceMin, double)
seed 1592677445
n 300
m 5
npairs 11
ncorr 5
ptr 1
theta 3.32236777
lb 300 -1.86342847 -2.21423435 1.28065026 -0.0239189863 -inf -1.04338527 -1.89178538 -2.9420855 1.40701783 -1.73550916 -0.43582058 -1.41017652 0.973316431 0.833870769 -0.306150168 -2.23365808 0.259065181 0.185477853 0.430581242 -inf -2.85444045 -0.0379329734 0.187168241 -1.31314504 -0.538397908 -inf -1.60966802 -1.37403119 -2.74890661 -0.441470265 -0.227387875 -inf -2.6000967 -1.81829596 1.49374592 -inf -inf -2.52584958 -1.8947804 -inf -0.359713584 -2.56929421 -inf 0.738180935 -0.609764457 0.112890124 -2.58919859 -1.54619861 0.0363949537 -1.38809061 1.16371477 -2.60085964 -inf -0.862285733 -0.847204208 -1.92097163 -0.184490919 1.23292553 -2.33595419 0.618358672 -inf 0.800489306 -1.61354852 -1.23185754 -2.69114494 -1.00908959 1.4388231 -0.953323543 -0.686615944 -1.2289927 -1.56462204 -2.56944108 -2.43020558 -0.814001381 0.891580582 0.874484241 -0.877609849 0.636688828 -2.64057422 -inf 0.692940593 0.622624934 -0.126169324 0.924901485 -1.56915855 -1.46336031 -1.35971594 -1.53637612 0.0605996847 -2.60742664 1.21203125 0.390684396 -0.228386223 -0.217517138 -0.893433571 -3.41124177 -1.80676651 -inf -2.4096961 -1.84883225 -2.12151694 -0.739184916 -1.89764714 -2.75234222 -3.1084497 -2.08677888 -0.352651298 -0.159732938 -0.564861655 -0.0305178668 0.797112048 0.557556033 -0.473492265 -0.946201563 -1.26621807 -0.864578605 1.91594601 -1.80900943 -0.121776074 -2.69277906 -1.37683165 -1.44866037 -3.21278811 1.65688002 -0.631805599 -1.65030992 0.262115419 -0.245390147 -1.9532479 -0.349409103 1.48703218 -inf -2.74218655 -2.00373602 -1.67764187 -0.404131383 0.0706552863 1.03703058 -inf 0.844444871 -1.03830719 -0.0592162609 -1.85874772 -1.74310887 -0.966605425 -0.914768994 0.15676403 0.530897319 -1.3618238 -0.726259887 -1.19733357 1.26403892 -2.2983799 0.706997395 -1.31455398 0.602390945 0.305017352 0.472156286 -1.42952192 -2.5560565 -1.39968467 0.455753326 -0.705053926 -0.741453886 -0.456479847 -1.16270792 0.459459543 0.662200511 -0.764481425 -3.07183838 -1.57657194 0.693800628 -1.94755816 0.360864699 -1.38853252 -2.77270961 -2.52169085 0.769672751 -0.318450689 -1.77100039 -2.39186549 1.29119086 -1.49659467 -2.75729322 0.485077918 -0.59633255 -2.56976938 -0.408029795 0.183420271 0.120731831 -0.449458927 -0.80727905 -0.164494038 -2.61026764 0.301307738 1.1580317 -3.30469012 1.3504231 -1.13243079 0.196098804 0.589086711 -2.0688014 -inf -2.32720184 -0.532338679 -0.776514888 -1.35238433 -inf -2.12831259 -1.97627842 -1.40608633 0.307394803 -2.28434706 -0.411998183 -0.638192117 0.043977797 -1.12679708 -2.27816844 -2.82407761 -2.2083497 -3.19128537 -1.19543529 0.394777536 -0.467100561 0.769399047 -0.142731473 -0.905436754 -0.83878547 0.399680018 -1.03532994 -1.25987732 0.49472332 -1.83849168 0.4332335 -2.57397652 -0.20384419 -1.70618474 0.865026593 1.84166372 -2.58565974 -0.408265591 0.51873982 1.44796503 -inf -2.8355372 -0.363342941 0.505572379 -2.43735433 -1.28740513 -1.76234293 -2.84161043 0.932087898 0.517719388 -2.72574472 -inf -3.12306643 -1.55507898 1.4884156 -1.57065594 -1.7797339 -0.190591455 -2.56542635 -1.37500179 -1.46484029 -0.0103353262 -1.83936226 -1.39033008 -2.91230536 -2.17113972 0.861713648 -2.85540128 1.29789376 -1.15423071 -inf -1.36669087 -0.539256036 -2.77379012 -1.91138649 -2.14988542 -1.37293994 -inf -0.428190231 -2.52494216 -1.53177547 -3.27513027 0.733115196 -2.38115668 -0.348745257 0.389602661 0.511348665 -0.0145119429 -1.50291276 0.689230323 -0.248225033 -2.21595621 1.38679779 -1.12390924 0.0882744193 -0.633329272 -1.45602393
ub 300 -1.86342847 -1.31332457 1.97266424 1.30307651 inf -0.658506393 -1.89178538 -0.939925194 2.07334924 0.407920182 inf -0.285063088 1.60341859 1.32018316 0.524607301 -1.13478088 0.259065181 3.25615692 0.430581242 1.65953934 -0.733649731 -0.0379329734 1.99974978 0.852315605 -0.222091466 1.98077893 0.679142892 0.391538054 0.203217387 0.978966594 0.749177814 inf 0.514850378 -0.472529709 2.01735401 inf -1.36328268 -0.449303389 1.03532338 inf -0.359713584 -0.794470727 -0.414830834 0.738180935 1.51523483 3.24906826 0.434015751 -1.11186051 2.71984959 0.280455649 1.74411833 -0.919194281 inf 0.215807229 1.2166326 1.00872374 1.67144918 1.52892077 -1.27539718 0.618358672 inf inf -0.293200433 0.218247175 -0.883285224 0.220816165 1.4388231 0.845108211 0.812334538 0.637784481 -1.56462204 0.496360064 0.675819397 1.01850009 1.25666618 1.27356029 -0.168502361 2.64054918 -1.21140814 0.727809548 2.90667868 1.38185239 2.78592587 1.4907043 -1.24795437 -0.201990068 -0.00292307138 -1.23906338 3.19451237 0.389885068 1.21203125 1.14520943 0.598933995 1.6738863 -0.354604632 -0.221298695 -0.580528975 inf -0.718665719 -0.331933141 0.58761096 0.0849015117 0.571908891 -0.501577973 0.0687205791 0.583067179 1.66860867 -0.159732938 0.505717754 -0.0305178668 0.797112048 0.557556033 1.61531198 -0.431935191 -0.725254655 1.27022564 1.91594601 -1.80900943 1.10192752 -0.723299742 -0.707380652 0.0517793298 -0.708047271 2.15262747 -0.631805599 -0.891057611 0.262115419 0.81845355 -1.9532479 2.37686515 1.48703218 -1.40830863 -1.25212097 -0.0904735923 -0.399717331 1.37979436 1.12720823 1.77657902 0.730854392 1.33504951 1.48522711 1.7410835 -1.85874772 1.29402292 0.380909353 -0.914768994 0.15676403 1.86618996 0.574896276 -0.445748031 inf 2.07443452 0.273756504 3.27002025 0.405778229 0.602390945 3.20053244 2.59845757 -1.42952192 -0.837213814 0.730566502 2.72756338 0.637617946 -0.0431549549 1.3031776 1.3378197 3.13058996 2.34215403 -0.224607259 0.023360014 -0.0810610652 2.02026248 0.545426369 1.9965961 1.69414175 -1.17290974 0.26873076 0.769672751 -0.318450689 0.657019198 -1.24446511 inf 1.43923306 -0.224819422 0.485077918 0.40224722 -0.236769795 1.84787655 0.183420271 2.82644796 -0.449458927 1.1624341 2.61179447 -0.398253322 1.727211 2.31080818 -0.506616354 1.3504231 0.043761611 3.0175519 2.25188494 0.171389699 1.9385438 0.699718773 1.72642612 -0.776514888 1.68768716 inf -0.852149248 -1.97627842 1.60191143 0.307394803 0.0392769575 -0.101518899 -0.0271706581 1.41450691 1.15199745 -0.663256645 -0.656427503 -1.60855377 -0.508262873 -0.212564081 2.49977183 1.78234792 1.94196737 inf 1.14506888 1.35845232 3.05361176 -1.03532994 inf 0.74611342 0.462094784 0.701366186 0.574356496 1.83439338 -0.890988469 1.06773925 1.84166372 0.0343711376 0.872209072 3.23814726 1.44796503 inf -0.821019888 1.47454739 2.37675261 0.171520948 inf 0.149891913 0.220800042 2.57015657 3.42356253 -1.13275945 inf -0.672275424 0.761508465 1.7479142 -0.622821212 1.37276769 1.21867454 -1.24776495 -1.37500179 0.450062513 2.99306107 0.975991368 0.0914843678 -0.2354877 -1.11009848 2.93712354 -0.931036294 2.36064744 0.19311741 -1.83629525 1.45923996 1.40701056 -0.345016718 -1.33287477 -0.759132206 0.584361911 inf 0.551469982 0.496821404 -1.211411 -0.376283526 0.733115196 0.645336688 0.254750162 1.50368559 2.1165452 2.34059477 -0.481532574 1.73698986 2.01225138 0.241740048 1.38679779 0.116784394 1.62016749 1.08877969 0.753434658
x 300 -1.86342847 -1.31332457 1.45664454 1.30307651 0.404491931 -0.981569648 -1.89178538 -1.408571 1.86434197 -1.73550916 1.28919613 -1.34012425 1.44432259 1.32018316 -0.306150168 -1.99524343 0.259065181 3.25615692 0.430581242 1.65953934 -0.733649731 -0.0379329734 1.31204772 0.852315605 -0.249842986 0.89967525 -1.60966802 -0.353519559 -2.74890661 -0.441470265 0.749177814 -0.472170979 -2.00423479 -0.690317094 1.81909943 0.28023845 -1.6932435 -1.67617357 1.03532338 0.461253405 -0.359713584 -2.45562649 -0.868463814 0.738180935 -0.609764457 2.22057199 -0.744283438 -1.40507448 2.06111908 -1.38809061 1.74411833 -1.73348534 -0.751151443 -0.423283428 -0.465698808 -0.970732033 1.15666986 1.52892077 -1.27539718 0.618358672 0.111623667 0.800489306 -0.293200433 0.0190463942 -1.37469876 -0.301793814 1.4388231 -0.37610659 -0.533675492 0.433992177 -1.56462204 -2.13910604 -1.14208364 1.01850009 1.12495399 1.27356029 -0.368745744 1.05156255 -2.64057422 0.727809548 2.90667868 0.748373806 0.93958348 1.11041188 -1.40162039 -1.17424011 -1.15955698 -1.30033672 2.76776171 -1.73854744 1.21203125 0.999857306 0.123619102 1.07095504 -0.685896218 -0.221298695 -0.580528975 0.290513903 -1.91732788 -0.331933141 -2.12151694 -0.739184916 -0.680254281 -2.39994264 0.0687205791 0.583067179 1.22934854 -0.159732938 -0.564861655 -0.0305178668 0.797112048 0.557556033 1.01610494 -0.866693199 -1.26621807 -0.371409386 1.91594601 -1.80900943 -0.121776074 -0.723299742 -1.26429379 0.0517793298 -0.849284947 2.1165421 -0.631805599 -1.17054522 0.262115419 -0.245390147 -1.9532479 2.37686515 1.48703218 -1.40830863 -2.74218655 -0.440373123 -0.480280131 1.37979436 0.453161597 1.77657902 0.413769633 1.33504951 -1.03830719 0.729372799 -1.85874772 0.246551648 -0.327428162 -0.914768994 0.15676403 1.86618996 -0.645406842 -0.675648987 -0.484292865 1.70296967 -2.2983799 2.40293264 -0.79632479 0.602390945 2.37445402 1.14185095 -1.42952192 -2.29270601 -0.399318337 2.72756338 -0.705053926 -0.415148854 0.0743480176 0.127590194 0.459459543 1.18466139 -0.224607259 -0.961589873 -1.1049403 1.25319242 -1.24314594 0.360864699 -1.17788172 -2.77270961 -2.52169085 0.769672751 -0.318450689 -0.895965517 -1.39997053 2.53639269 -0.0110749435 -2.75729322 0.485077918 -0.59633255 -1.79021525 1.84787655 0.183420271 2.37572312 -0.449458927 0.786927164 1.36049044 -0.646516562 0.788715661 1.67854178 -3.30469012 1.3504231 -0.901908219 0.196098804 0.589086711 -0.199585557 1.9385438 -2.32720184 -0.0300830677 -0.776514888 1.20770097 -0.318265557 -0.963243246 -1.97627842 -1.40608633 0.307394803 -1.7401396 -0.411998183 -0.130165949 0.043977797 0.953332484 -1.9931401 -1.48288679 -1.60855377 -1.98836279 -1.19543529 2.49977183 -0.241258129 1.22214377 1.03922331 0.275161773 1.2213695 2.61532331 -1.03532994 -1.25987732 0.49472332 0.462094784 0.571676314 -1.62003446 -0.20384419 -1.45634818 1.04089832 1.84166372 -2.58565974 0.508883178 1.834782 1.44796503 0.610176682 -2.06779146 0.512163043 2.37675261 -0.220878959 0.448136896 -1.76234293 -2.19747972 2.39880109 0.799126327 -1.49099445 -0.55206579 -2.25960588 0.338743627 1.55260217 -0.71945709 -1.19160235 0.223983243 -2.15531468 -1.37500179 -1.46484029 2.55947304 -1.22155046 0.0914843678 -2.70715427 -1.4515065 2.56178713 -0.931036294 1.29789376 -1.15423071 -2.6179347 -1.36669087 -0.267077148 -2.5046742 -1.65021694 -0.759132206 -1.14283502 -0.432948887 -0.0750163719 -1.31973314 -1.50399137 -3.01053619 0.733115196 0.454589337 -0.0477283373 1.50368559 1.0817188 1.99028397 -0.481532574 1.73698986 -0.248225033 -2.06641078 1.38679779 -0.178809866 0.700637519 1.08877969 -0.454152107
g 300 -0.0416507684 0.136441529 -0.134000152 0.106467672 0.0755090937 0.141293958 0.0366182849 -0.00110265368 -0.16161114 0.112989515 -0.0112110581 0.043875847 0.100258224 -0.149116486 -0.104716972 -0.00772957271 -0.100280136 -0.0800478011 0.0743000582 -0.0885978937 -0.179010287 0.126994684 0.167509913 0.131961897 -0.0847257674 0.10663157 -0.16568695 -0.128856614 0.187853366 -0.0326683819 0.0524751283 0.190943167 -0.11039567 -0.178235978 0.0805248991 -0.0753419697 -0.0904749259 0.073164165 0.168642715 -0.0395398065 0.0564673394 0.0842904672 -0.182853088 0.0751937404 0 0.0689614639 0.159359992 0.0939167663 0.0651392564 -0.0387893505 -0.184066832 -0.109187737 0.0680923387 -0.133529454 -0.0768101066 0.181226164 0.12221352 0.18355155 0.0436769761 0.15939483 -0.152796537 0 -0.102951489 0.173729241 0.180142418 0.0397751369 0.139943659 0.0542385392 0.184610456 0.169345781 -0.0389660448 -0.16916433 0.177254587 -0.118330121 -0.142535686 -0.097480081 0.163629994 0.167599723 -0.100333765 -0.149867594 -0.058245685 -0.0514446758 -0.145149499 0.187174872 -0.0176000036 -0.117004544 0.167993888 0.104993537 -0.17121987 0.00974383205 0.12585476 -0.0447217785 0.00177278882 0.0106161181 0.0672291294 -0.0268649794 -0.147206038 0.010719588 0.184845582 0.00501793763 0.0907582119 0.149959087 -0.137666225 0.0272812732 0.0844274536 0.130955964 -0.0224857759 0.0800058693 -0.0299970042 0.167590037 0.0928593203 0.187941059 0.130770534 0.160035506 -0.0259883255 0.0780597702 -0.169297516 0.11301028 -0.128819764 -0.0557375401 0.0757819265 0.0328448154 0 -0.155611381 0.140474364 -0.108093351 0.0516944714 -0.124048442 0.155593827 -0.03879999 0.198099032 0.129368797 0.110524252 -0.119918287 -0.0574677102 -0.119987473 -0.03218982 0.0591449104 0.116784893 -0.133697152 -0.0920204222 0.11363811 -0.0173327811 0.111451857 0.193007767 -0.0411161445 0.0711536407 0.0366289057 -0.0890698507 -0.0158697814 0.136541769 0.0210027937 -0.0867330432 0.0897006914 -0.17767936 0.14494586 -0.0747913569 0 0.101421036 0.0728578568 0.0925216898 -0.131932259 -0.128927499 -0.123959474 0.179861203 0.151541114 0.0630452335 0.0680566356 -0.121546492 0.182297751 0.185489014 0.00162108999 0.178139642 -0.0791836083 0.00151534413 0.0775554776 -0.121143363 -0.016933715 0.00923970807 0.0508153625 -0.187943891 -0.153224826 0.113212734 0.0601438135 0.091925703 0.0255931281 -0.190115169 -0.0896029994 0.0420827046 -0.0577944554 0.175106302 0.143692583 -0.147426561 0.119271092 -0.104015134 -0.017264083 0.0407782122 0 -0.145633414 0.138895124 0.0058957655 -0.0510843173 -0.187997103 0.0652691722 0.0166163519 -0.195010155 0.0723963603 0.0773290098 -0.0861504599 -0.169772401 0 -0.146066263 -0.0464834496 -0.164370522 -0.0824777409 0 -0.105978712 0.107604049 0.155475438 0.0555402786 -0.189984947 -0.132637888 -0.015782902 0.0907423794 0.0561616048 0.191882566 0.1410321 -0.195182383 -0.0188203435 0.115445793 0.0176532269 -0.154149055 -0.175885946 -0.105542205 0.198486075 0.138264924 -0.146821558 -0.191741511 0 0.145879835 -0.0299465992 0 0.143226728 -0.15321815 0.0857084841 0 0 0.126590863 -0.19862859 -0.162282318 0.156657085 -0.0426172875 -0.0334335938 -0.126748919 0.140960798 -0.0376406349 0.06964688 0.0122074038 0 -0.104827419 -0.0353351831 -0.129150435 -0.0823293477 -0.17326583 0.0598474629 0.180385515 -0.00906443875 0.144656539 0.15331234 0.0665813908 -0.107328571 0 -0.0411971211 -0.0679251403 -0.194025114 0.163695812 0.0970236287 0.00860377494 0.177643687 -0.147086218 -0.00467768731 -0.108234935 0.036015179 -0.0428383499 0.0202749502 0.153441533 -0.122563131 -0.0643889755 -0.0849711969 0.13595517 0.0457646139 -0.124386854 0.126858696 -0.0307847615 0.176863745 0 0.105336964 -0.143356904 0.174758866 -0.144050658
s 0 slot 0 300 0.296120644 0.27114442 -0.265958428 0.243109226 -0.16878137 0.0585171916 0.217083544 -0.152035534 -0.232042253 0.265424222 0.0334501266 0.10559985 0.165527761 0.243746698 0.194521531 0.159347311 0.0854746103 0.0537637323 0.294533074 0.0345768444 -0.0633403212 0.0428780802 -0.224221826 -0.149987489 0.130307361 0.0309624933 0.0501534157 0.175023422 -0.120561004 -0.0199817214 0.0325955264 0.0347101465 0.186821729 0.0705805868 -0.179235876 -0.00842412841 0.172209784 -0.291346312 0.0907530263 0.00606127782 0.175035238 -0.066063121 -0.273894578 -0.081224978 0.112382114 0.0749866962 0.189620867 0.021325836 0.214581475 0.0718509853 -0.282093614 -0.0732747018 -0.193706751 -0.216153935 0.134796798 0.00063515472 0.254594624 0.0329836309 0.0751778707 -0.209663868 0.264943749 0.200245425 -0.13132678 -0.0261718687 -0.186568335 0.124606259 0.0589142554 0.0308977459 0.158362314 0.094767116 0.261377633 0.22036688 0.132474139 -0.277636141 -0.133883938 -0.109249361 0.285912335 0.280348539 -0.235976964 0.138931289 -0.137615845 -0.178770497 -0.102132447 9.86186642e-05 0.171665311 0.176478475 -0.231180951 0.273013383 -0.0285096541 -0.0639681891 -0.299095362 -0.0453013368 -0.214143813 -0.201524466 0.0989892706 -0.2986148 -0.114091031 -0.0920353979 0.272608489 -0.196354434 0.252717048 -0.00998365786 -0.0592984632 0.25669381 -0.239442766 0.194431633 -0.144219026 0.27195859 0.288631469 0.0704152435 -0.0942608118 0.0504322536 0.0854086876 -0.0489259958 0.195252135 0.246103436 -0.0406240337 -0.235940278 -0.120998092 -0.116268814 0.0101932362 -0.184951887 0.0635721609 0.0993274823 -0.232688904 0.137170419 -0.091608882 -0.0860292763 -0.0479250029 0.294450343 0.210315183 -0.10633909 -0.245082274 0.0166965127 0.207149521 -0.166585788 0.0792171285 -0.265475065 -0.101425372 0.0486090817 -0.148022518 -0.01723627 0.147365525 0.276064873 0.0966521427 0.107665837 0.060280323 -0.170372188 -0.153794616 0.0293888226 0.198115438 0.0076489104 0.0474168472 0.0625199527 -0.175033063 0.277823806 0.282939643 -0.252235413 0.237582475 -0.235672012 0.254871994 -0.229068354 -0.214571357 0.089234516 0.141243324 0.0736500695 0.218295977 -0.174207494 0.155514464 -0.0111047486 0.035595227 -0.130295947 0.258450389 0.12316712 0.0852610767 0.138093948 -0.0925883353 0.282436818 -0.23474361 0.174231142 0.165476456 0.0791441128 -0.0183657184 0.167774588 0.000842364272 0.25232023 0.155297279 -0.176401064 -0.160348654 -0.079998672 0.0194658209 0.287474573 -0.0257561002 -0.253973454 -0.0547477826 -0.165547922 0.292400748 -0.0487393513 0.11063756 0.0862647519 -0.0297379922 0.251713991 0.14012672 -0.086026825 0.0962243229 -0.118586324 -0.0310823191 0.247114822 0.130356133 0.287598789 0.0458699055 0.202385008 0.293443143 -0.0294153579 -0.277666032 -0.20300141 0.11463026 0.0678992942 0.291447699 -0.28434509 0.179638311 0.146562964 -0.254959971 -0.0270492844 -0.274184436 -0.260634303 0.141264156 0.0217698961 0.108298406 -0.28609708 0.243397072 -0.0273594204 0.073884964 -0.263880819 -0.140776113 -0.190132663 0.0580392145 -0.20331718 0.104811378 -0.0712868869 0.191581473 -0.12727049 -0.295788318 -0.0744911432 0.242552653 0.298882633 -0.0908815116 0.0727748126 -0.080207251 -0.14706111 -0.243458495 0.188866392 -0.256980777 -0.22020787 -0.165337816 -0.119552292 -0.205550835 -0.123880625 -0.180666864 -0.0991430357 -0.202824593 -0.181895509 -0.120756201 0.207872331 0.157884136 -0.279628187 0.208131731 0.264828175 0.296616673 -0.137110293 -0.052385509 0.123846866 0.257541358 -0.0284700673 -0.118186347 -0.20504567 0.265384674 -0.159652233 -0.282934308 0.0423886999 -0.282717526 -0.271660864 0.232645363 -0.130004585 -0.0743734539 -0.14206849 0.177770555 -0.0400543809 0.0966392681 -0.259289384 0.157787636 -0.0570425838 0.171741441 -0.202963769 0.0308329388 -0.214709103 0.0484097488 -0.25001809 -0.159810871 0.0807800367
y 0 slot 0 300 0.744169593 0.784362018 -0.385709345 1.03532529 -0.838844657 0.106154598 0.379176289 -0.741003096 -0.956084669 0.826450408 0.110629007 0.374832183 0.727125108 1.04797614 0.130722895 0.766501904 0.139211431 0.203931674 0.398245156 0.158109829 -0.298318207 0.0925726444 -0.188560829 -0.605721951 0.386213392 0.136748552 0.20131579 0.457240045 -0.0853408203 -0.0766411126 0.0289496575 0.0846959427 0.528693676 0.34177351 -0.860003889 -0.00819660537 0.619637012 -0.308978081 0.0659051463 0.024780605 0.356895685 -0.334654003 -0.332480967 -0.216925085 0.232228026 0.246208623 0.705282748 0.0557503998 0.114134483 0.304421633 -0.43096593 -0.338402271 -0.650875807 -0.148801371 0.246043414 0.00517799938 1.25114977 0.0480221398 0.101446688 -0.993095934 1.305722 0.165374994 -0.0969546512 -0.0172896571 -0.216301858 0.129459858 0.216231495 0.0834962353 0.155204281 0.449934602 0.306929708 0.595917642 0.437694073 -0.821258187 -0.123838067 -0.221109957 1.38333666 0.992402732 -0.114592992 0.498511523 -0.341503054 -0.179763958 -0.265775383 -0.000536649604 0.276560843 0.298766047 -0.373237699 1.29563177 -0.0305095296 -0.251651883 -0.633544445 -0.166263893 -0.742972851 -0.316465318 0.267326117 -0.244620293 -0.243857324 -0.359727323 1.02210236 -0.988964856 0.942320406 -0.00816607196 -0.0411827303 1.09583688 -0.215154797 0.328696579 -0.595521569 0.601891577 1.17842984 0.334246576 -0.410307407 0.0366947353 0.379443437 -0.116795495 0.901274741 0.475927919 -0.0426187962 -1.09973288 -0.482434958 -0.489927411 0.025831772 -0.264491111 0.14390184 0.196432248 -0.456391782 0.577283323 -0.20628126 -0.287399799 -0.184952348 0.794062793 0.742640972 -0.409891933 -1.0560919 0.052383095 0.486953288 -0.252771884 0.193568289 -0.441308051 -0.244384408 0.175830767 -0.100869291 -0.0887233019 0.128910542 1.20486391 0.467326462 0.107443117 0.151104227 -0.6601367 -0.255911648 0.131514788 0.754642189 0.0198088605 0.139478639 0.0760030597 -0.189214021 1.2373569 0.904401779 -0.676583827 0.771326005 -0.407440007 0.865518332 -0.199457809 -0.646982193 0.230549097 0.501295805 0.355602622 0.11513792 -0.271497905 0.612578511 -0.0420782603 0.0820722207 -0.252615869 0.595698357 0.276508927 0.293185204 0.221443459 -0.143426061 1.14772475 -0.554069459 0.163422778 0.477379739 0.221448645 -0.0491369888 0.38222155 -0.000505239586 0.513271749 0.654566288 -0.133406863 -0.0793964416 -0.0911232159 0.0469053127 0.152977929 -0.0670433566 -0.505085647 -0.0317400098 -0.186756104 0.867283583 -0.037929032 0.140755951 0.267074704 -0.0890133157 0.688706875 0.607458472 -0.385926604 0.20879586 -0.181068972 -0.0581433661 0.430309117 0.439681411 0.691783369 0.0277403481 0.449332327 0.43441689 -0.0653798953 -0.499901503 -0.750314295 0.448598981 0.171055317 1.26235902 -0.729411483 0.394317895 0.496947199 -0.934324324 -0.122145697 -0.941017032 -1.23812973 0.691292882 0.0538967811 0.323302805 -0.530847251 0.962499082 -0.132114038 0.338140637 -0.122182131 -0.200062707 -0.283431441 0.117325857 -0.68506968 0.378282219 -0.205625594 0.65693593 -0.26608941 -1.25268459 -0.370185107 0.280429602 1.06823123 -0.0685261115 0.233524263 -0.306745261 -0.187838584 -1.12440073 0.548341751 -1.0654248 -0.197318822 -0.568597376 -0.273002684 -0.33959806 -0.209790915 -0.715153217 -0.0635492355 -0.874254763 -0.818834245 -0.341834247 0.706377327 0.600732327 -0.906640291 0.56274116 0.561177194 1.39402783 -0.137031063 -0.265404671 0.399775475 0.654315412 -0.115000866 -0.562345862 -0.638114393 0.238874331 -0.623964429 -0.974293351 0.190500677 -0.77426815 -0.770786047 0.901319385 -0.391087204 -0.0682313964 -0.445552617 0.237509847 -0.0851629302 0.110651739 -0.313535213 0.348927528 -0.149879083 0.841466069 -0.168613389 0.0269867852 -0.940368831 0.119535692 -0.486878276 -0.674337029 0.12206234
s 1 slot 1 300 -0.110998802 0.174886957 -0.289147586 -0.215657368 0.0573547818 0.279266566 -0.287437528 0.164123997 -0.283973128 -0.13509275 -0.095105648 -0.294605762 0.0651680008 0.120858938 -0.218729749 -0.158703983 0.066459775 0.0460827239 -0.139774472 0.243268475 -0.0779739171 -0.0401666686 0.215488285 0.132220447 0.199540824 -0.186671942 -0.00646509323 -0.0172892194 0.208540112 -0.0660055354 0.129658058 -0.10848739 -0.269735754 -0.157735676 -0.0434182137 -0.100214988 -0.113942601 -0.173214614 -0.206298515 0.0866863877 -0.0452603586 0.183669984 0.268446654 -0.0621212833 -0.185972959 -0.285919428 -0.112701222 -0.000587822055 0.256845653 0.278990179 0.10582485 -0.222167417 0.219282061 0.0820584819 0.119782925 0.068229489 0.00827155169 -0.208509058 -0.0385000184 -0.180537865 0.0213508848 0.125782251 0.00513483025 -0.0523809977 0.24942106 0.113284133 -0.0851252899 -0.00665669423 -0.0946686566 0.290696263 -0.0411028937 -0.176018521 0.0223921854 -0.28999117 0.0221755523 0.27992925 -0.0619619191 -0.280115277 -0.174258694 0.0614220984 -0.20744817 -0.0142372139 -0.127482161 0.198714361 0.0473429188 0.0971468687 0.172652468 0.245853871 -0.0502956584 0.255278468 0.0949300602 -0.0811907426 -0.266849816 0.119479112 0.16336751 0.255778849 -0.0704460219 0.144280076 0.0443924628 -0.0207118653 0.146099105 -0.0798284709 -0.228069186 0.283353865 0.27022928 -0.149290606 -0.225037485 -0.223027661 0.0627986044 -0.197548643 0.0277300086 -0.17908521 0.0863046497 0.148673609 0.114659756 -0.034573555 -0.11775665 0.0597882606 0.052034203 -0.121528149 -0.00710557448 -0.0415322594 -0.148524746 -0.139818415 -0.00757203437 -0.125524446 -0.00906936731 0.233441472 0.0831065103 -0.104574151 0.0542244278 0.0948019922 -0.206727102 -0.0325513519 -0.0108398246 -0.183758736 -0.164669484 -0.162222549 -0.285443097 -0.210142776 0.0897608772 -0.225287184 -0.277289808 0.234378591 -0.0349371769 0.17135106 0.0696544722 0.0958969444 -0.183058634 0.091826871 -0.182316884 -0.251409173 -0.223699719 0.0145159978 0.283451617 -0.227405399 0.00739437575 -0.271741748 -0.180774897 0.202972829 0.192169741 -0.268114001 -0.231863827 -0.0124771083 0.287822157 0.0702129155 -0.280981839 0.192315668 0.0723058358 -0.131740719 0.290433407 0.0969575793 -0.113781996 0.266002387 0.15113996 -0.128534108 -0.237438112 0.0739826187 -0.116825745 0.00964429788 0.256722331 -0.03031528 -0.218980387 0.0701986328 -0.0552922115 -0.213563174 0.133543774 -0.165442869 -0.0501677431 -0.191026539 0.0714233965 0.294728488 0.0103227729 -0.0567706116 0.231011003 -0.081408456 0.259745389 0.0430428833 -0.0137081109 -0.152056322 -0.162637785 0.285170794 -0.183324352 -0.237888753 0.295911849 0.0322193876 0.0664689839 -0.0771349594 0.298844784 -0.0672898069 0.0940543786 -0.0238236748 0.266699761 -0.256842166 0.146419406 -0.026941454 -0.209005207 -0.120752662 0.156719774 0.271212369 -0.123246677 0.0195714384 -0.0547782965 0.230860561 -0.294705242 0.260268062 -0.0515346415 -0.131165028 0.138684735 -0.0708172172 0.0686702654 -0.251023471 0.201973081 -0.0554737188 -0.0442607999 0.108136371 -0.0105542969 0.0431884229 0.277658433 0.299112976 -0.274444342 0.0922652259 -0.133706272 0.275737852 -0.0377884805 -0.0385867916 -0.262796819 -0.066745244 0.217072979 0.161408082 0.251187116 -0.235525101 0.294255078 -0.0400380269 0.271350712 0.164980486 0.213493243 -0.161025435 -0.0674745664 0.0832705796 -0.250906378 -0.145102262 -0.154282138 -0.293882072 -0.0921945497 0.230930135 -0.0781140551 -0.0734719411 0.263786554 -0.0447642989 -0.0204504058 0.247640163 -0.286831796 0.0226590782 -0.110400923 -0.17059505 0.200657576 0.055644013 -0.127414018 0.295008779 0.0968459919 0.131537661 -0.29887569 -0.00588984229 -0.235146716 -0.299460202 0.154183477 0.170269847 -0.255969584 -0.11722143 -0.23290126 0.0236407667 0.112187661 -0.0985321328 0.260793805 -0.146076173 0.235393822 0.2151656 0.0705029815 0.228865117
y 1 slot 1 300 -0.284216523 0.507430792 -0.406542778 -0.905797243 0.289008856 0.483744532 -0.489245027 0.801812351 -1.16826701 -0.423637927 -0.286536157 -1.03594637 0.292485118 0.517086983 -0.157257184 -0.772437871 0.0971653461 0.181380793 -0.183195144 1.02706861 -0.379346937 -0.0851541758 0.169163615 0.539924443 0.577193558 -0.787391424 -0.0354870297 -0.0394757241 0.157299638 -0.260047704 0.102073692 -0.248745978 -0.769945621 -0.757441282 -0.20823957 -0.141749203 -0.399959743 -0.187302038 -0.150119528 0.327560991 -0.0880892575 0.919291794 0.325000763 -0.166171625 -0.396853745 -0.958453178 -0.424928606 -0.00320654083 0.151059374 1.17436314 0.162598222 -1.05653036 0.737256587 0.0483801849 0.228294358 0.140760481 0.0490464456 -0.311173737 -0.0536246412 -0.860838056 0.111434326 0.0987799615 -0.00390066206 -0.0476931073 0.296003222 0.12216682 -0.327812582 -0.0190830585 -0.0947971866 1.38867331 -0.0423220545 -0.479245096 0.0765084401 -0.870894313 0.018452337 0.534795165 -0.298235744 -0.994458914 -0.0896882191 0.221377254 -0.518948674 -0.0243135877 -0.32259798 0.769275665 0.0739501789 0.159643397 0.288747698 1.16502917 -0.0438022241 1.05673218 0.199526429 -0.308280975 -0.919682026 0.182733133 0.455305964 0.213914305 -0.141724169 0.545929015 0.170937985 -0.104770474 0.545756102 -0.098151505 -0.165535375 1.21959531 0.246650681 -0.241678521 -0.929399312 -0.498713225 0.256826371 -0.946542025 0.115533926 -0.124381229 0.374512911 0.376190692 0.52382791 -0.067182444 -0.122805193 0.279058754 0.212019846 -0.524754405 -0.0248433035 -0.0504453368 -0.368345678 -0.284084201 -0.0169889051 -0.537216187 -0.0184328984 0.768866301 0.317002922 -0.288713038 0.186323762 0.359451711 -0.896523833 -0.0842484534 -0.0351419263 -0.282095492 -0.389797419 -0.275912225 -0.704242468 -0.774193764 0.066566512 -1.09610653 -0.238849118 1.01245201 -0.16826047 0.168216571 0.166886896 0.3623541 -0.298364609 0.42108795 -0.696112812 -0.759609163 -0.699670792 0.0150201684 0.302470684 -1.01443803 0.0245857779 -0.716307044 -0.59513098 0.362882942 0.658504486 -0.232972622 -0.691147745 -0.0371643454 1.03006113 0.340631247 -0.153501555 0.306958199 0.281214446 -0.413300276 0.692133427 0.198032975 -0.255203187 0.608193457 0.533749938 -0.218259379 -0.34348613 0.295796514 -0.270597994 0.00390790822 0.751294494 -0.0922642201 -0.608544409 0.157763973 -0.113909155 -0.425032437 0.55233556 -0.125614092 -0.022343697 -0.240371838 0.137122527 0.154543132 0.0187273622 -0.109718531 0.133885279 -0.0918746963 0.766917646 0.020387562 -0.0152031006 -0.465810388 -0.480607241 0.783555984 -0.783645451 -1.07983065 0.632711887 0.0498968661 0.13190724 -0.133512378 0.981933475 -0.162180558 0.0610434674 -0.0501343757 0.396632135 -0.569964826 0.272297561 -0.10425543 -0.828269243 -0.316500545 0.672801256 0.687497437 -0.274829924 0.0654001608 -0.2026162 0.980360627 -1.01901567 1.22762954 -0.251233906 -0.29215917 0.414990962 -0.12742421 0.261427999 -1.10970783 0.913578212 -0.0264620595 -0.0657346472 0.156892672 -0.0182132684 0.144117102 1.00046062 0.888971686 -0.937059879 0.190420762 -0.561818719 1.36510468 -0.0480208285 -0.139210165 -0.207277536 -0.218499944 0.803352714 0.208671615 1.16356504 -0.684165597 1.21704292 -0.0340602174 0.938003778 0.396515071 0.345311284 -0.273289174 -0.265722454 0.0555752628 -1.09490621 -0.660187066 -0.430385053 -1.01189303 -0.351546288 0.736557364 -0.20442833 -0.158283412 1.24103224 -0.0452847742 -0.097032994 0.807978392 -0.742654443 0.0814942122 -0.519615531 -0.543231845 0.192771852 0.214205787 -0.434746653 1.37498903 0.262769371 0.365540147 -1.14990699 -0.00888099708 -0.208077371 -0.936298907 0.208248362 0.356701225 -0.294345438 -0.144320935 -0.514354408 0.0689248666 0.54752481 -0.0756620616 0.153910846 -0.650735974 0.581920385 0.408538818 0.300232738 0.347902477
s 2 slot 2 300 0.24117358 -0.158191308 -0.256004542 -0.147876039 0.143036291 -0.0676993206 0.176477909 0.294640005 -0.0109763341 0.00960014388 0.0184756033 -0.0681531355 -0.0147643937 0.200718701 -0.00279544503 -0.169496596 0.0340748914 -0.244004786 -0.295684695 -0.225015655 0.0732399598 0.157190487 -0.182999253 -0.103294976 -0.0506458618 -0.00305175618 0.251725912 0.198440418 0.00722841267 0.133089572 0.2768251 -0.129508644 0.0470205322 0.292751461 -0.0267970506 -0.190643355 0.0657733083 0.185523823 -0.0621786527 -0.253633946 -0.251430511 -0.225521952 -0.0807480067 -0.294707626 -0.119917944 0.162133977 -0.123931289 0.119858243 0.258768022 0.191958547 0.138175145 0.160706967 0.277679443 0.0146205444 0.00686503574 0.00675779907 -0.294726163 0.264536321 -0.029896833 -0.173044011 -0.187382951 0.29798758 -0.217961222 -0.133243442 0.197894946 -0.159967512 0.192506701 0.116466351 0.154459357 0.28281039 0.16050081 -0.0130386511 -0.144465789 0.0647329986 0.29216519 -0.035119582 -0.263895959 -0.257560581 -0.111849733 -0.0919784829 0.0571575798 0.277657807 0.115397841 -0.0125132939 -0.12141604 0.0198021214 -0.128786221 0.0203151945 -0.289856493 0.106317267 0.209814295 -0.031077804 -0.0400025621 0.184859112 0.185818568 0.113043718 0.171134874 -0.26437521 -0.15294975 0.136327684 0.292960584 -0.1531481 0.267580539 0.151830912 0.230108619 -0.260453492 0.256155491 -0.0756807998 -0.184243694 -0.138760105 0.278464496 -0.196180344 0.152148828 0.189053088 0.277899116 -0.207446069 0.236254185 0.283362865 -0.265339017 0.207280114 0.028693961 0.272991687 0.194982544 -0.204641625 -0.233990684 -0.0659628361 0.0497310422 0.158672631 -0.078635782 0.0714542717 -0.249550298 0.0529601164 0.214186624 0.103725195 -0.25055939 -0.139440641 0.0334446914 0.0643575862 -0.11520768 0.0926316455 0.0821831822 0.176584616 -0.0571601093 0.139736176 0.200941578 -0.288901657 0.0423240252 -0.0305161607 0.157368958 0.149855524 0.13685663 -0.184731409 0.109238096 -0.264194787 0.0336336941 -0.130136743 -0.105956182 -0.0515198708 0.04009654 0.271248728 0.264897585 -0.268445373 -0.105330847 0.0647989139 0.245345861 0.145531803 -0.157530487 -0.183674112 0.22002095 0.0639366582 -0.145829827 -0.215395689 -0.226792097 -0.0073646321 0.0391664021 0.0352611132 0.131831899 -0.196186453 -0.265172243 -0.0299471337 -0.228672713 -0.210188031 -0.257825494 0.209241346 0.144538343 0.190538943 -0.0808933005 -0.0775129199 0.251955211 -0.221965253 0.211986348 0.224892125 0.274510801 -0.296629399 -0.00540510286 -0.215220287 -0.140680268 0.270198733 0.278027296 -0.225381002 0.286634088 0.191858053 -0.111338586 -0.0398814231 -0.205286279 0.118685752 0.241455466 0.281408042 0.165493652 -0.244666725 -0.0961456075 -0.146623671 0.133044466 -0.242907122 0.0257146694 -0.0124623701 -0.173943341 -0.0320035517 0.203022972 0.230129659 0.149998546 0.184397519 0.223637074 -0.210605308 0.127819523 -0.187499002 -0.0593514629 -0.287722886 0.297900081 0.147118226 0.0836681798 0.0914202258 0.194963232 -0.214093029 -0.227999195 -0.164379641 -0.175857782 0.0437223837 -0.0121157644 -0.178930134 -0.216357216 0.13241823 -0.18947877 0.0568863079 -0.191792831 0.136186108 -0.26969859 -0.28984049 0.155351564 0.152128533 0.266212463 -0.195511907 0.251681417 0.0619305111 -0.29611811 -0.173880011 -0.032835193 -0.0949801579 -0.00367622403 -0.175257847 -0.289210767 0.24399671 0.0397388488 -0.275298506 -0.0220418144 -0.230152294 -0.111609556 0.128986165 -0.136651561 0.276888043 0.0937767178 -0.291086912 -0.00833345018 0.114631787 -0.153704047 -0.0878754109 0.0905110836 0.0872943699 0.155702844 -0.181749716 0.0536699481 -0.213635579 -0.234016538 0.0623347871 0.167539895 -0.137588605 -0.138496205 0.163960487 0.00850843918 -0.222632378 0.107856691 0.223154381 -0.194479406 -0.286000252 0.107715622 -0.182120487 -0.284362316 0.0864335373 0.282637417 -0.269711345
y 2 slot 2 300 0.601505935 -0.457963675 -0.359170854 -0.628106594 0.712530136 -0.119578592 0.297168255 1.44040668 -0.0428529978 0.0285435189 0.0511994734 -0.241481394 -0.0661199912 0.871820867 -0.00178558636 -0.81418103 0.0524201393 -0.918300152 -0.40146026 -0.95523411 0.35174939 0.354246199 -0.150819749 -0.424629509 -0.150338486 -0.0154214278 1.00263071 0.526277006 0.00361572718 0.509103656 0.201147333 -0.30529812 0.131509364 1.41469121 -0.12723282 -0.285950154 0.229946539 0.198065713 -0.0456487723 -0.95803678 -0.504265845 -1.11879432 -0.0928224772 -0.759491086 -0.250484556 0.549037695 -0.46091634 0.381704509 0.159366131 0.804129124 0.211032897 0.757419884 0.936357379 0.0117135346 0.0134762628 0.0122751212 -1.45102632 0.393617183 -0.0401726253 -0.818648458 -0.922782123 0.235654458 -0.163081706 -0.0932788253 0.230810314 -0.17079556 0.734226108 0.31981504 0.160812691 1.34957147 0.190550163 -0.0343450122 -0.477422118 0.191271037 0.257383734 -0.061919909 -1.28077078 -0.911382794 -0.0639532134 -0.330207199 0.141906098 0.281352878 0.293430895 -0.0480004661 -0.194063812 0.0360548161 -0.2080428 0.0971411988 -0.244682014 0.433710605 0.443283886 -0.12070109 -0.135074854 0.290290773 0.513213098 0.0921174586 0.358327806 -1.00543809 -0.574073136 0.684538066 1.08677411 -0.198497191 0.182212844 0.656397402 0.208289489 -0.430517524 1.0537591 -0.167286441 -0.752235651 -0.661098123 1.17973423 -0.136342883 0.65950495 0.472747862 1.28607273 -0.400387287 0.254027456 1.32243204 -1.08469343 0.886296332 0.0964525044 0.387580752 0.487607867 -0.408868223 -0.446615338 -0.277659446 0.111192182 0.527009189 -0.29124561 0.196291968 -0.875781596 0.204002753 0.926829875 0.275739849 -0.586735249 -0.211714685 0.0785973966 0.105959721 -0.289010853 0.340975434 0.0567065924 0.855994403 -0.0498761274 0.605603218 0.959247291 -0.279412001 0.101766825 -0.111922778 0.261007279 0.683247268 0.525556326 -0.551656723 0.342975676 -0.345052034 0.0378530174 -0.57953769 -0.338716209 -0.131746352 0.12999104 0.477186441 0.912524939 -0.235554785 -0.31320864 0.167016327 0.874017417 0.711507976 -0.0843958706 -0.287985712 0.874904275 0.206295267 -0.348308265 -0.42337665 -0.517569363 -0.0151855526 0.143558338 0.0597738884 0.196569473 -0.796042621 -0.60527873 -0.0293970183 -0.65952301 -0.596375167 -0.721883297 0.47580409 0.318473041 0.37348035 -0.340166777 -0.0527662188 0.128171206 -0.283703983 0.397553235 0.114948168 0.743512273 -0.585738182 -0.00390492077 -0.251976728 -0.417375654 0.14506498 0.332032531 -0.691716909 0.833808184 0.529379368 -0.482195675 -0.180955857 -0.443077236 0.17988804 0.4572303 0.491495192 0.539307237 -0.586453021 -0.0668774769 -0.323198378 0.193353593 -0.538311303 0.0422743149 -0.0474184565 -0.68593657 -0.0807390586 0.88011086 0.586611867 0.334600896 0.610134661 0.815984428 -0.89196223 0.438788176 -0.886223078 -0.290554702 -0.631482542 0.884076238 0.272544622 0.331075102 0.40906316 0.875912845 -0.113478966 -0.328717798 -0.242555246 -0.343461305 0.145661786 -0.0434078015 -0.535381496 -0.738869131 0.278308243 -0.787992239 0.281871885 -0.220879257 0.483623177 -0.222091272 -0.914033413 0.581658602 0.1933624 1.23094583 -0.571053803 1.04155922 0.0567492694 -1.02554834 -0.422341436 -0.0510463119 -0.160706073 -0.0144995637 -0.129765585 -1.26146638 1.1001904 0.113289714 -0.942996621 -0.0856980383 -0.734637797 -0.302053064 0.270988733 -0.642249942 0.276497453 0.462920606 -0.93982774 -0.0178356171 0.441176564 -0.721573114 -0.276404262 0.0817020684 0.340581477 0.536156237 -0.846092999 0.148631051 -0.596950054 -0.904730201 0.187495798 0.146036118 -0.42494604 -0.187586039 0.339545965 0.0113130556 -0.260582715 0.235908091 0.62573868 -0.947695911 -0.228518471 0.059778139 -0.803784847 -0.707375288 0.16866751 1.18892634 -0.410220474
s 3 slot 3 300 0.0340750329 -0.193842649 -0.15543437 0.140072078 -0.144499958 0.059892226 0.194776982 0.299459696 -0.22538045 0.262634516 0.121823646 0.103902489 -0.138769612 0.109600089 -0.221985519 -0.294024646 -0.0630155876 0.161457747 -0.0695080683 -0.00700647151 -0.17827408 0.237092957 -0.197591618 0.240656555 0.0762141123 -0.0712960139 0.240981564 -0.0820540935 0.292157352 0.195511386 -0.05807418 0.151603922 0.290671229 0.0489283986 -0.266374856 -0.00643592421 -0.273054421 0.0204763617 -0.106352717 0.261006922 -0.0858063623 0.252067864 -0.0504523814 -0.177759111 -0.139737085 0.0651542097 0.163990468 -0.260365725 0.218661085 -0.0609939992 0.131819755 0.273941785 -0.0958306715 0.0432228036 -0.0565248989 0.20743762 0.184541509 0.0224629641 0.0756099895 0.172160164 -0.109834269 0.0328091644 -0.0900300145 0.0440308563 0.0675300211 -0.167425662 0.224278688 0.15410538 -0.252188295 -0.086579062 -0.196849018 0.276260763 0.0328735933 -0.00927689392 0.235355616 0.239718318 0.181153744 -0.222803786 0.0101615814 0.278647006 0.000466280064 -0.00760024926 -0.280563623 -0.00703281537 0.12195392 0.190321729 0.158895537 -0.231347129 0.187487975 0.127100751 0.10634096 0.0663667247 -0.167668685 0.109782591 -0.0930503383 0.0365405455 -0.214153275 0.20856002 -0.291845977 -0.281386495 0.0752177238 -0.204440534 -0.20798564 -0.106770813 0.168940201 -0.075782381 -0.0276979692 0.0435350463 -0.179406926 -0.228891164 0.0140752858 0.215852797 -0.0104540614 0.0884682462 0.0275546201 -0.181082413 -0.00433252519 0.254903436 -0.192341089 0.0824396536 -0.236718267 0.0307489075 -0.0619815923 -0.0119103258 -0.285718381 -0.148680344 0.0816741139 -0.0286982246 -0.291042328 0.26522404 -0.0289494283 0.09430594 -0.0880315825 0.0462013558 0.243840814 -0.245381027 -0.154725909 -0.0641263276 -0.186940536 0.291975021 0.0347224884 0.247689575 0.284157127 -0.0514120683 -0.297273695 -0.0558286197 -0.0932128876 0.277516842 -0.293282241 -0.0818916932 0.0914458111 0.0579224862 -0.233423322 -0.0677162781 0.126972467 0.0881379917 -0.133895338 -0.11239896 0.185094669 -0.209130779 -0.0743464082 -0.168535098 0.150366321 -0.0476361364 0.0663193762 0.00915308762 0.0512348562 0.115854532 0.255788028 0.0943023413 0.296649158 0.114130177 0.20505321 0.127953872 0.0309937429 -0.267279357 0.184296176 -0.0793703422 0.206402928 0.1514052 0.0953315869 0.0991419852 -0.177012384 -0.0561002865 -0.265351653 -0.220390484 -0.264091134 -0.204039305 -0.174816921 -0.0393501557 0.25439775 -0.166772828 -0.00774126919 0.0406562947 -0.128533646 0.0404662751 -0.0269769803 -0.257641166 -0.247263074 -0.0967595354 -0.147768274 0.0125264982 -0.071636349 -0.018212365 -0.000316946331 -0.229449481 0.0660523325 0.0969107971 -0.122356772 0.29477337 0.175288141 -0.27912128 0.214623138 -0.113322847 0.0874372721 0.211700261 -0.0210798942 0.0729280114 -0.230586663 0.285458177 -0.00184964761 -0.0101425527 -0.0017191834 0.0624077879 -0.179551363 0.112893216 0.282162219 -0.00798443612 0.260501236 0.299514771 0.144866332 0.0837370232 -0.157328546 -0.212201759 -0.0262942631 0.2763924 0.270897955 -0.0317262039 0.295377612 -0.292446136 0.0485113151 0.207612291 -0.0653864667 -0.295271546 -0.0338068902 0.239573732 0.204568639 0.201515406 0.0544645488 -0.0565533191 -0.231306493 0.0741638541 -0.0913484767 0.0143457139 -0.0931004584 0.23676908 0.199949279 -0.171272114 -0.0437686779 -0.0113206832 -0.0458071679 -0.0867575109 0.0692223608 0.117302947 0.118167236 -0.0490429513 0.100366227 0.158458039 0.171973199 -0.156411573 -0.112748295 0.28535673 0.202725753 0.261736959 0.140574977 -0.19144094 -0.133705765 0.0589678846 -0.0857366249 0.146105424 0.292421877 0.0831902996 0.210868537 0.146148652 0.22808069 -0.186190546 -0.265654922 -0.207092002 0.238596633 -0.111220479 0.0486909114 -0.297557294 -0.0503426269 0.0984067097 0.23143436 -0.175474003 -0.255915701 0.155691743 -0.200935468 0.137742817
y 3 slot 3 300 0.0857052878 -0.561400533 -0.217727318 0.584511399 -0.724422276 0.102162227 0.328071952 1.46442103 -0.920689106 0.815201521 0.36268726 0.36445564 -0.610643685 0.479307681 -0.146109119 -1.40829396 -0.0989583433 0.603730261 -0.0956434235 -0.0351191126 -0.871230185 0.531889796 -0.159875825 0.979391634 0.224847659 -0.306162804 0.96289295 -0.21643351 0.213302881 0.750236809 -0.0470657498 0.352346152 0.821250856 0.23463507 -1.27367306 -0.0139176641 -0.974860668 0.0187696032 -0.0802063569 0.98400712 -0.17521657 1.25445187 -0.0587482862 -0.455219835 -0.290581822 0.22084263 0.61160475 -0.812582552 0.135864988 -0.258420289 0.200849131 1.29522347 -0.324117661 0.0328641795 -0.105654612 0.429222047 0.908676624 0.0342384726 0.106399909 0.817187786 -0.543429852 0.0243602861 -0.0651779845 0.0338136591 0.0768980533 -0.178740337 0.856252372 0.423248231 -0.255328983 -0.412750542 -0.233737618 0.751434028 0.107935473 -0.0241202191 0.208196372 0.465048313 0.884529233 -0.787286341 -7.56290101e-05 1.00165844 0.00380087108 -0.0054706973 -0.696459591 -0.0269254334 0.189600602 0.331288457 0.253408283 -1.09751141 0.163111582 0.519311428 0.225701183 0.249460399 -0.574278355 0.173944294 -0.255620897 0.0282064453 -0.442576647 0.801470757 -1.09893382 -1.40033555 0.27693522 -0.265563339 -0.137540564 -0.455969036 0.152443722 -0.129445016 -0.110900655 0.0983715951 -0.732623637 -1.08964312 0.0655558631 0.148471028 -0.0483597293 0.219067767 0.130275041 -0.349411905 -0.00647671195 1.18958819 -0.78752923 0.350726217 -0.764638305 0.0420968533 -0.146768913 -0.0214604679 -0.545503616 -0.625150502 0.179568693 -0.0925611854 -1.08716416 0.723728001 -0.103473827 0.363049001 -0.387457788 0.119939312 0.571479619 -0.371535778 -0.374367088 -0.108886063 -0.468042791 1.07330561 0.0218084902 1.20190597 0.250992507 -0.223415449 -1.42421591 -0.0565616414 -0.228464231 1.06466722 -0.485931873 -0.372760683 0.351139963 0.176990345 -0.720261931 -0.0850498676 0.133983612 0.39111203 -0.428283989 -0.293414354 0.60322547 -0.377919137 -0.250929475 -0.14862971 0.451270998 -0.121464327 0.234988615 0.0468546897 0.0300434772 0.178908333 1.01855302 0.301039279 0.714547455 0.219900012 0.456938803 0.291189373 0.115448967 -0.432831228 0.272011906 -0.322227955 0.481972694 0.137454301 0.271325886 0.285694033 -0.497089624 -0.127248704 -0.584055841 -0.443193197 -1.09798706 -0.141726196 -0.0923674479 -0.0538096204 0.477560878 -0.0887524858 -0.0193246212 0.0807657838 -0.0765516981 0.04378663 -0.0760449842 -0.126466632 -0.301936567 -0.297672182 -0.425454468 0.0363471806 -0.313391298 -0.0811239481 0.000291626144 -0.34497115 0.122950122 0.169181481 -0.407016158 0.701867044 0.130889863 -0.612171471 0.311344862 -0.250877827 0.155054376 0.785412073 -0.0807650164 0.194299608 -0.996954262 0.725845575 -0.0017906382 -0.037786603 -0.00130502169 0.268786222 -0.627769053 0.537918866 1.37303889 -0.018498607 0.772037268 0.550718963 0.576363444 0.375184834 -0.712303638 -0.11293681 -0.0381303355 0.411153287 0.522989273 -0.110165156 1.07039833 -0.872768939 0.163973331 0.438355684 -0.267614573 -1.45712447 -0.0383699238 0.852532208 0.161992535 0.634732068 0.207622394 -0.0722450241 -1.07182205 0.218041882 -0.376213908 0.0154556632 -0.323272169 0.560495913 0.328242779 -0.289600581 -0.173596904 -0.0102636237 -0.201608837 -0.390712917 0.195699766 0.407664746 0.443971992 -0.151880488 0.271958828 0.334222257 0.813174307 -0.155897558 -0.548464537 0.918740511 0.526405454 1.00532806 0.664585888 -0.597340465 -0.124152415 0.231286183 -0.296452373 0.687646329 0.797302306 0.238375515 0.811138928 0.436543584 0.199915871 -0.573674679 -0.361730158 -0.428002685 0.279628575 -0.126983345 0.106802046 -0.847043395 -0.248738259 0.0803511813 0.133215114 -0.772041023 -0.635308087 0.305122226 -0.844349682 0.210306898
s 4 slot 4 300 -0.00498391641 0.221303061 -0.237813964 -0.0072829905 -0.20877102 -0.19976227 0.106689528 0.126189128 0.239937246 -0.0188945159 -0.262690395 -0.268527687 -0.150714517 0.0723177046 -0.0855597481 -0.263820797 -0.0357100219 -0.188179791 0.197885454 -0.0820424557 -0.224200711 -0.101527758 0.0633279532 -0.242720619 0.13939862 -0.0540742576 0.0373389013 0.0861514062 0.237971067 -0.173181102 -0.201524869 0.20923081 -0.0736170113 -0.243606925 0.288367659 -0.223707959 -0.0994789004 -0.13236849 0.0358793624 -0.298839271 -0.0654712915 -0.0293221362 -0.149346292 -0.151866257 -0.16014342 0.0152771501 -0.117883839 -0.169061914 0.289496124 0.168683574 -0.161940232 -0.0123666013 0.0100071626 0.118566357 0.221771911 0.173366591 0.0318106078 -0.0774627626 0.0882158503 0.291803837 -0.0372604057 0.051973179 0.145112798 0.287806243 -0.121476799 -0.295638591 -0.25855431 0.101795018 0.0435954221 -0.0541564375 -0.0200283062 -0.0330287106 -0.183734432 -0.291794121 -0.0392750427 0.0212803483 0.00155567494 0.26135385 -0.272423774 -0.00399360294 -0.112949304 0.296462178 -0.0847965181 0.211446643 -0.115261868 -0.0899624303 -0.0279774256 0.155658901 -0.183137551 -0.0290080402 -0.210466042 0.07351356 0.126946807 -0.0719448403 0.0986329764 -0.0720564276 -0.273376852 -0.139681578 0.0446053743 -0.00696117105 -0.16407685 0.00699386885 -0.0328057706 0.0824902356 0.0184324402 0.102022104 0.0687162504 0.0750141442 -0.264461279 0.10401208 -0.201584786 -0.285176218 -0.0758795813 0.185099483 0.195165828 -0.0923312753 -0.0171492398 0.09460897 -0.153812498 -0.00157496287 0.104731001 0.151213318 -0.263355583 -0.24978745 -0.146303043 -0.289565206 0.0682921335 0.263569921 -0.0360140204 0.279165566 0.0295885578 -0.249882668 -0.0320835076 0.104143932 0.200612053 -0.0846242309 -0.048867628 0.23493284 0.0471262336 0.293185413 0.271386236 -0.222838119 0.0549312383 -0.226763472 0.242323801 -0.0371958166 -0.0647362545 -0.216170266 -0.0973051488 -0.188821644 -0.0644826218 0.276741832 0.0754752755 -0.123423934 0.294551671 -0.170246989 -0.169457719 -0.122921281 -0.117597967 -0.2146696 0.229683876 -0.0608201586 -0.0143254232 0.216299191 -0.234199047 0.155651763 -0.239684641 -0.00863325689 0.0258207731 -0.112724029 -0.297567934 0.182812735 0.0520396605 0.251775742 -0.187291399 -0.0796049312 -0.288142651 0.2432549 0.191875458 -0.20143351 0.00297697843 0.205868587 -0.158170551 -0.00550660631 0.129057199 0.262215137 0.0181854255 0.0567349717 0.195206016 0.0781828463 -0.0305733606 -0.152119502 0.191384017 0.0678665712 -0.0613101162 -0.241088048 -0.190134034 0.0348919034 -0.212993532 0.211785883 -0.29626596 -0.0694629699 0.169630885 0.180583522 0.0424074456 -0.152433917 0.125886396 0.254889131 0.114388764 0.0466608405 0.198293298 -0.13421762 0.176881075 0.270954102 -0.246840149 0.0180498082 -0.257947713 0.181254998 0.0753475428 -0.116521582 0.20438154 0.218990669 -0.0289277658 -0.188642621 -0.166242495 0.0241355002 0.184446409 0.143721521 0.245989949 -0.124372505 -0.125128537 -0.196384683 0.0668362528 -0.187389404 -0.278409928 0.100154914 -0.238140896 -0.0558651835 0.0824365839 -0.0542252176 0.168649569 0.216204047 0.13820526 0.0932098106 -0.23552984 0.0217117537 -0.0934775174 -0.150199518 -0.0157914162 -0.220204264 -0.0637319311 -0.237687796 0.132729247 -0.263736844 0.149794966 -0.137971863 -0.00453450624 -0.248081774 0.280329406 0.194184661 0.135931939 -0.145244673 -0.155220091 0.201112241 -0.0625655204 0.080317609 0.183046579 -0.237093404 -0.124324881 -0.0265152734 -0.210144818 -0.164791971 -0.248665228 -0.243564621 0.291247249 0.0242792405 0.190976247 0.137059614 -0.0955898762 -0.0957157016 0.267354399 0.18464458 -0.00267741154 0.121447384 -0.0028906248 0.0971578509 -0.153176755 0.224206686 -0.0634178296 0.11624714 0.103199057 0.045651529 -0.250257373 -0.041377794 0.0414840169 0.0961704701 0.150099382 0.221480101 0.266120404 0.09504807
y 4 slot 4 300 -0.010868541 0.642387629 -0.338291645 -0.0310667045 -1.04321945 -0.346332252 0.182028607 0.617847741 0.984501541 -0.0575645827 -0.791304648 -0.948019743 -0.660540164 0.31412062 -0.0553163029 -1.26347995 -0.0546840839 -0.709348202 0.267870277 -0.345991492 -1.08996999 -0.228965044 0.0546993986 -0.990654349 0.411288738 -0.23014307 0.151045874 0.225970179 0.175334141 -0.660611331 -0.149479941 0.48961395 -0.205182225 -1.17854762 1.38009882 -0.334777325 -0.354141414 -0.143615529 0.0258161463 -1.12780571 -0.130493596 -0.14732103 -0.179042712 -0.391932964 -0.336127162 0.0502290539 -0.437048763 -0.53119278 0.171526551 0.707054734 -0.246806964 -0.0574512184 0.0346625522 0.0806420371 0.406058371 0.360239983 0.15482533 -0.114867248 0.122480489 1.38250113 -0.184605658 0.0420700237 0.110041149 0.203127965 -0.143108055 -0.32034713 -0.980751932 0.279201776 0.0439184196 -0.258859038 -0.0251320191 -0.0894098133 -0.607852399 -0.861483216 -0.034172032 0.0407794751 0.0065674372 0.925303161 -0.144549638 -0.0145166125 -0.277729839 0.303611487 -0.2117026 0.818037271 -0.181268632 -0.153057754 -0.0474136025 0.740114748 -0.156353161 -0.119862109 -0.442655623 0.279388398 0.437084138 -0.111873083 0.26973483 -0.0601401404 -0.568440259 -0.532383323 0.167210937 -0.0346923023 -0.610124469 0.00815300271 -0.0199293606 0.354168862 0.0167826992 0.166485578 0.283319652 0.167242467 -1.07985198 0.497023702 -0.849824011 -0.196753934 -0.330030769 0.46536079 0.904035151 -0.177604347 -0.0193621386 0.441975266 -0.625869572 -0.00591788813 0.340173841 0.212045491 -0.650568426 -0.499709576 -0.28134957 -1.22235858 0.146579072 0.874783516 -0.136207893 0.758671463 0.104384646 -0.954939485 -0.139667645 0.279721498 0.470994264 -0.127747402 -0.118281528 0.395697802 0.116252117 1.07625723 0.197777823 -1.07562733 0.0470540971 -0.984402776 1.15985155 -0.0364295207 -0.157383114 -0.824431777 -0.162021607 -0.860359609 -0.24733603 0.830012083 0.235319316 -0.161806792 0.307443172 -0.754674792 -0.541633487 -0.325694352 -0.379715949 -0.381976902 0.787688494 -0.053623002 -0.0436839722 0.559132636 -0.834954262 0.759522855 -0.132167935 -0.014824287 0.103584424 -0.359698892 -0.712885022 0.35654062 0.117460072 0.571316481 -0.664916098 -0.128609955 -0.422954977 0.98518157 0.442180187 -0.182338089 0.00611533597 0.587045193 -0.443012893 -0.0120753944 0.281654686 0.521720052 0.0756338984 0.0421086065 0.0996964723 0.0986619219 -0.0580753461 -0.0791838691 0.521425724 0.133618772 -0.0357332118 -0.280012459 -0.565312505 0.0180146415 -0.257003635 0.648871243 -0.858810008 -0.190981627 0.731620252 0.816326201 0.0925768018 -0.229993686 0.237252668 0.444526434 0.376737386 0.111888975 0.144316688 -0.292381674 0.258364558 0.600708723 -0.454580307 0.0679986924 -1.02035308 0.475026518 0.327933729 -0.295306474 0.453550875 0.729563415 -0.104463965 -0.801856458 -0.576768219 0.115307972 0.898571253 0.315440059 0.729996383 -0.228334859 -0.492653757 -0.867967308 0.300425887 -0.0948463082 -0.399598986 0.148985431 -0.462596774 -0.189292833 0.299155354 -0.160924837 0.575029135 0.4572694 0.57910639 0.458763838 -0.268691689 0.0778410956 -0.0774611831 -0.470559418 -0.0580678657 -0.27984032 -0.295125663 -0.699217677 0.548044205 -0.227982879 0.518238246 -0.330300689 -0.00707532978 -0.419729143 1.10917914 0.141045496 0.59225893 -0.654188097 -0.431069791 0.691738188 -0.234643638 0.258610964 0.49598527 -0.49937138 -0.585602522 -0.0263417009 -1.02900755 -0.533974648 -0.638437688 -0.930471718 1.37180591 0.0782009885 0.169430152 0.530191839 -0.330043107 -0.446733356 0.726217568 0.519566894 -0.011034661 0.362918973 -0.00129153789 0.302965313 -0.210638613 0.461515397 -0.076056987 0.138684794 0.227388486 0.12892963 -1.2154386 -0.0343837328 0.0249043908 0.425197303 0.374494106 0.430228055 1.11727464 0.14481087
s 5 slot 0 300 0.189188048 -0.136824265 0.162220761 0.166278705 -0.0793471411 0.143672556 0.087923415 -0.00462444872 -0.247544244 -0.0209682845 -0.282713294 0.2283694 0.153595179 0.0584550127 0.264205426 -0.00927399471 -0.170256749 -0.0686051995 0.175027326 0.111271657 0.0653306246 0.067986615 0.293903261 -0.201312736 -0.109410651 0.20464918 -0.106678821 -0.0831446126 0.263583362 0.117694281 0.298056781 -0.299794227 0.130047217 -0.0452937819 -0.168651357 -0.00372832571 -0.176832452 0.220198527 0.208450124 -0.1239997 0.0264365003 0.075136587 0.188423738 -0.0426117964 -0.254363179 -0.00253175711 -0.213310838 -0.123304643 -0.0848453492 0.219816595 0.136480287 0.0312131383 0.10924606 0.212445736 0.279164135 -0.0608523823 0.188582554 -0.2733697 -0.0328536294 -0.00949418172 0.0867611617 0.160335839 0.113004059 0.0077810646 0.0966461599 -0.24071914 -0.00705948425 0.00697980169 -0.190508485 0.220049977 -0.0984885916 -0.0521959886 -0.139814511 -0.00461317692 -0.234339967 0.0601109676 -0.089090623 -0.137276575 0.284448534 -0.212097779 -0.224288538 0.255197942 0.239650503 0.198474899 0.12658532 0.21158509 -0.161955759 0.170180053 -0.0147668328 -0.228386208 -0.0632805228 -0.254319191 0.0708218291 0.142845333 0.10122776 -0.221302494 0.175952762 -0.228980109 0.188883275 0.198365986 0.152838573 0.113110602 -0.0609138943 0.276704133 0.244985729 -0.299447238 -0.149173334 0.00427459599 0.0529324748 0.1613947 -0.194220066 -0.260084748 -0.0862084329 0.246207237 -0.0591144487 0.106718466 0.106403977 0.0787630305 0.135751188 0.274896771 -0.120529406 0.232320219 0.0102410121 0.0302364826 0.11608544 0.284383893 0.0201088525 0.140487045 -0.0143733053 0.0359422825 0.20808129 0.160672992 -0.101001024 0.209749982 0.0437810346 0.295909494 -0.0959543139 -0.00303506246 -0.137896866 -0.224287778 -0.298268646 -0.248973802 0.271121383 -0.282445937 -0.0752094761 -0.265565425 0.233754501 -0.2447263 0.167081699 -0.0703712925 -0.219450846 0.00511458982 0.166307122 0.000285307324 -0.140516102 -0.236106336 0.143082812 -0.147280052 -0.0952239037 -0.0794617012 0.112674676 0.271702886 -0.0749313384 -0.146937996 0.169805244 0.0430583879 -0.135824144 0.190898076 -0.0333211161 -0.0321915448 0.19575794 0.29416126 0.00232595229 0.298421979 -0.109642901 -0.0533404015 0.0683665872 -0.239529788 0.0200160462 0.117032439 -0.29939568 0.289250225 0.133609727 0.113777734 -0.149840459 -0.0877324343 -0.177142978 -0.28361553 0.101538695 0.222047821 -0.172980189 -0.283676982 -0.20348151 -0.194319621 -0.290264279 0.167221963 0.279158413 -0.165599197 -0.185247555 -0.27914837 0.0216225665 0.228496253 -0.033404503 -0.288433522 0.292252928 -0.197503611 -0.242347106 -0.225057006 0.0958721563 0.188332513 -0.194648087 0.120346464 0.178621858 0.15763782 0.160873353 -0.0248396788 0.0528489538 0.163703293 0.208986759 0.290791243 -0.261551529 -0.256756574 -0.0841151252 -0.136419147 0.297131479 -0.291029751 -0.0739049986 -0.103075914 0.264058948 -0.0743227974 -0.0467230938 -0.0918153748 0.241467729 -0.0181552637 0.283260435 -0.0760791525 -0.111397691 0.124538518 0.283576578 -0.279203624 -0.262543619 0.269000679 0.195011467 0.0552243181 0.261912256 0.0655589625 -0.0834973603 0.295557946 0.0635621026 -0.0821349993 0.0662268475 -0.140704796 0.223901212 -0.228952974 -0.172219202 0.157166302 0.0287108161 -0.0574208647 -0.054898046 -0.181966603 0.0445182808 0.052738186 0.154355213 -0.119301915 -0.167415872 0.0368458405 0.16928573 -0.247237831 -0.252234966 -0.0032739134 -0.275059611 -0.288251489 -0.214801162 0.0588698797 -0.000847409887 -0.195289969 -0.126061797 -0.179317713 -0.177192524 -0.206324935 0.178563416 0.147798941 0.098774232 -0.292741358 -0.0105695119 -0.0509224907 -0.008908391 0.223070443 0.238852948 0.177449316 -0.117056884 -0.208712846 -0.0126647996 -0.202590987 0.161970258 0.108111404 0.0843834877 -0.229983449 0.0811428726 -0.00889470801
y 5 slot 0 300 0.471116722 -0.398141623 0.229071081 0.705523849 -0.393829435 0.250330895 0.153328881 -0.0223260019 -1.01827109 -0.0663012266 -0.848845661 0.807960272 0.676169455 0.248020336 0.172979027 -0.0490748808 -0.272878796 -0.253577799 0.240930811 0.473557502 0.320629537 0.153730929 0.238650128 -0.819655538 -0.324149013 0.871643782 -0.429331511 -0.218172655 0.197517052 0.446442395 0.223792434 -0.699526012 0.362522215 -0.216382161 -0.808027267 -0.00064888905 -0.623324633 0.24156256 0.157731295 -0.467162728 0.0561983995 0.374553382 0.224612445 -0.114918694 -0.539432287 -0.00830107182 -0.795938194 -0.391536593 -0.0549236424 0.925022364 0.207869828 0.148728251 0.368435293 0.137701482 0.516659796 -0.125563696 0.932288229 -0.407205045 -0.0466250405 -0.0481841005 0.43057999 0.128959909 0.0809741616 0.000423768943 0.115725979 -0.26280126 -0.0312966555 0.018366063 -0.195775345 1.04989469 -0.114034489 -0.143076807 -0.460989058 -0.0190302134 -0.206419379 0.11079286 -0.434691906 -0.487062365 0.155067995 -0.762263894 -0.557678998 0.255342007 0.594914079 0.767859817 0.201018199 0.358714521 -0.256819725 0.806654036 -0.0149230212 -0.93959707 -0.134533674 -0.964201093 0.241514429 0.221986577 0.279722184 -0.184550166 0.364984781 -0.879030943 0.712069511 0.986884415 0.57028991 0.148469865 -0.0466713123 1.18790281 0.224351913 -0.484706789 -0.616093278 0.00714861928 0.216315717 0.767259896 -0.823366404 -0.179384351 -0.373998761 0.622369885 -0.277002931 0.20584102 0.116931871 0.368464351 0.555817604 1.18305624 -0.394354939 0.331878364 0.0205374397 0.0579285175 0.219724625 1.19797027 0.0410519764 0.462665677 -0.0524967015 0.0936573371 0.728201091 0.611945093 -0.435186356 0.568349242 0.0985654294 0.447733253 -0.226606309 -0.00515888212 -0.33803466 -0.825147152 -0.214713752 -1.20848775 0.243828699 -1.22995865 -0.358871698 -0.252240956 0.570990324 -0.938725591 0.278058141 -0.319627255 -0.840339303 0.0110874698 0.512088418 -0.00352330552 -0.146571964 -1.04934359 0.457734346 -0.391397864 -0.312936008 -0.136865035 0.383486658 0.239087015 -0.224351406 -0.381314158 0.606598198 0.208026528 -0.075728327 0.301944762 -0.136228696 -0.10185013 0.466403961 0.581123888 0.00982369576 0.678905547 -0.394010901 -0.0924392119 0.0995766819 -0.969314814 0.0414830483 0.105781324 -0.858096123 0.819062889 0.376011997 0.258094847 -0.326228619 -0.171024203 -0.729306221 -0.209139198 0.0548005141 0.282437861 -0.324242145 -0.145240799 -0.555589795 -0.384042323 -0.178139433 0.196747512 0.827355623 -0.0901461393 -0.220555857 -0.854280591 0.0581204072 0.626974285 -0.139669225 -1.30379999 0.627923608 -0.297615886 -0.456227809 -0.392508477 0.318261206 0.450482994 -0.145166889 0.265542209 0.265807122 0.349018961 0.300830662 -0.0933637619 0.20691371 0.427126944 0.902449727 0.732802689 -0.582122087 -0.852310121 -0.309820175 -0.582553506 1.03456545 -1.38179135 -0.359097749 -0.22588338 0.786266923 -0.137226865 -0.189713389 -0.409419537 1.09120274 -0.00491986005 0.40681085 -0.114772573 -0.213695586 0.424656838 1.02375138 -0.829299212 -0.893879116 0.566389263 0.812375784 0.273847193 0.29860732 0.233798593 -0.0631235465 0.927358747 0.23189944 -0.10247279 0.307720453 -0.411410511 0.924591362 -0.199636921 -0.594813049 0.381108761 0.0441487283 -0.0975760147 -0.216681734 -0.130682379 0.194353327 0.236077681 0.426104516 -0.413519382 -0.630988061 0.113240741 0.463222921 -0.522368312 -1.19129455 -0.00359562645 -1.34703934 -0.926766038 -0.557173491 0.220797718 -0.00548434397 -0.614418507 -0.108073004 -0.696075201 -0.60826534 -0.96871233 0.48302412 0.411095887 0.38395828 -0.875580728 -0.0131791197 -0.162709936 -0.0169067774 0.462143153 0.282824755 0.205430478 -0.257727832 -0.585582972 -0.0577749871 -0.163136482 0.0983587652 0.47367394 0.207847789 -0.449664593 0.341979563 -0.0140903508
s 6 slot 1 300 0.0700576305 -0.0637303963 0.163900644 0.0744946823 0.152013183 0.0383357704 0.114733763 0.0215159617 -0.223921731 -0.18626298 -0.2205735 0.134699166 -0.087168403 0.298305511 0.00649848115 0.0978377536 0.252733916 -0.259329975 0.253917098 0.181296185 -0.187119305 0.0634177849 0.125897527 -0.274208605 0.246642604 0.185448229 0.161527276 0.149493277 0.203382596 -0.235453382 0.110562854 -0.0524057262 0.0306868572 -0.197286338 0.117629044 -0.0289794412 -0.0119634299 -0.0295434371 -0.261543274 0.170507595 0.135514006 0.0236569606 0.066493243 -0.082333751 0.0285385251 -0.219225198 -0.270838708 0.232403606 0.218550801 -0.291944474 -0.287488252 0.0396085717 -0.240080819 0.245634273 -0.092744194 -0.183270946 -0.22964938 0.24952139 -0.112170391 -0.182239816 0.15496704 -0.24028185 -0.0263095498 0.246330425 -0.262773752 0.22926113 0.168639272 0.263362914 0.0100183105 -0.0180887263 -0.027833391 -0.214049995 -0.200780138 -0.188502371 0.0796422511 0.291858226 0.238666266 0.0738438442 -0.0135896169 0.0807477459 -0.141866088 0.00934493449 -0.203415573 0.208857194 0.175296649 -0.0414279141 -0.228142664 -0.0550594926 -0.162620828 -0.272123456 0.21709092 0.250043124 0.0199545864 -0.157462046 -0.217883348 -0.219866112 0.127558962 0.0932160169 0.149533227 0.281780779 -0.147127464 0.150777295 0.177315965 -0.0147727532 0.205993146 -0.228223205 0.0907798558 0.139836401 0.284954071 -0.252780467 0.239316121 0.0574908294 -0.216901079 0.0837205574 0.262406737 0.197675243 -0.173061609 0.206389889 -0.250370115 -0.151553631 0.09403494 0.027418226 -0.0372306816 -0.0409663133 0.00471554464 -0.119616762 -0.251675934 0.179064021 0.240265533 -0.226543501 0.275248677 0.206145138 -0.0199398827 0.077494666 -0.110380128 -0.0530491732 -0.142062575 0.00789094716 0.268856883 -0.0410843566 -0.0219444726 -0.21685119 -0.234662533 -0.1826749 0.0352890342 0.211436659 0.288473815 0.205978364 -0.20032692 -0.155964345 0.014105252 -0.127527758 0.146600336 -0.0248554349 0.0379409567 0.274546504 -0.220579684 -0.193537876 0.235912129 -0.0367395915 0.271298736 0.240688324 0.204358056 -0.0783093944 0.0125614945 0.103868097 0.128567174 -0.255530089 -0.0194301922 -0.166076437 -0.0559071265 -0.077168338 -0.137111634 0.0117925564 0.268984616 -0.268570423 0.111413255 -0.189082652 0.275149375 -0.2006879 -0.216750845 0.104300201 -0.204021662 -0.0242158119 0.252066523 0.261061639 0.0677919462 -0.130940095 -0.0958476812 -0.199902892 0.218783945 0.16031839 -0.137422144 -0.270236403 0.0151074464 0.0237010587 0.297563165 0.0180335846 -0.211504862 -0.21919401 -0.163920924 -0.199906364 0.0991583765 0.174920395 0.166755512 -0.0792697445 -0.0355511568 0.255717784 -0.0947183147 0.0532749668 0.15162921 -0.116381243 -0.2381659 -0.0183613338 -0.0703747049 -0.0182325132 0.0842400044 0.253185093 0.0135388523 -0.0671879277 0.0319298431 0.0293356143 -0.00263769552 0.00736503955 -0.263006389 -0.222358927 -0.114294253 0.276191086 0.0287492238 0.114547707 0.0859686956 -0.0362487063 0.200931683 -0.275122643 -0.113010019 -0.0150544466 0.060237322 -0.184223861 0.213925377 0.0395769663 -0.0145143969 0.0698098838 0.24084039 -0.153202578 -0.0437196828 0.244227752 -0.036227908 0.275174469 0.156992123 -0.186778203 -0.170501739 0.230699465 -0.131986797 -0.23324357 0.0281314235 -0.0301139355 0.257635832 -0.13692601 0.0455378257 -0.0311817415 -0.0982919261 0.155230179 -0.267121851 0.0350835361 0.041901648 0.223466724 -0.0853394121 0.187988997 -0.262163699 0.230647802 0.28136006 0.260330021 -0.228088111 0.130787775 -0.126181319 -0.0289039928 0.132071003 0.159780845 0.0767917857 -0.0828797817 0.125190735 -0.0616233274 -0.160950571 -0.261069924 -0.231924534 -0.0864225104 -0.05360182 0.0137834046 -0.223900095 0.254564136 0.196776375 0.0228726491 -0.289461017 -0.088571988 0.081852898 0.194677621 0.216649026 0.0960195065 -0.107947685 -0.175007537
y 6 slot 1 300 0.178260162 -0.180513442 0.240937486 0.293507785 0.749602854 0.0606482103 0.180820435 0.102451012 -0.905725539 -0.576542437 -0.679749072 0.467323154 -0.396135479 1.30928338 0.0176774934 0.480739623 0.406098992 -0.98831135 0.341152102 0.746133626 -0.924577415 0.141370162 0.120809652 -1.1295687 0.729651034 0.772632778 0.654180467 0.394339174 0.140520573 -0.890277803 0.0648223311 -0.135369629 0.0957944915 -0.960944355 0.566922963 -0.0595470369 -0.0608460978 -0.0440219864 -0.198656082 0.640005767 0.254038662 0.11939095 0.0819496587 -0.195698261 0.0736426115 -0.734726906 -0.999828935 0.749140501 0.15112491 -1.23429024 -0.436809123 0.179378688 -0.8116889 0.179170981 -0.178024054 -0.385232538 -1.13691831 0.374031395 -0.151067898 -0.853117049 0.749478519 -0.197971269 -0.0111927334 0.184708044 -0.316247255 0.25761655 0.657589614 0.724869907 0.0178189799 -0.0863243639 -0.0380038768 -0.575722754 -0.666607797 -0.544308424 0.0816816017 0.579195857 1.17031062 0.264756739 -0.0263956934 0.290670723 -0.340190381 0.0192663781 -0.488906652 0.809030652 0.267651767 -0.0549793951 -0.381446093 -0.255650789 -0.128318638 -1.14633775 0.463671923 0.940759718 0.0788958296 -0.240902573 -0.599533141 -0.193153605 0.269808054 0.3749533 0.567929804 1.42181969 -0.555759192 0.180805206 0.135544047 -0.0531504452 0.182525039 -0.392593265 0.383864075 0.317227393 1.16288102 -1.19763994 1.03037059 0.0377578177 -0.95426476 0.198210433 1.22466612 0.378359109 -0.193505049 0.960779786 -1.03486741 -0.662760735 0.318649173 0.0322056152 -0.0700023025 -0.0730438977 0.0250935517 -0.493120462 -0.529759884 0.603428841 0.898598075 -0.600721657 0.955200255 0.797232091 -0.103512026 0.192824647 -0.249730811 -0.076611951 -0.352902383 0.0101264855 0.651048183 -0.142695904 -0.028210748 -1.03058636 -0.215150356 -0.792446077 0.162830159 0.192430854 0.70387423 0.805948675 -0.334914654 -0.710491836 0.0573772825 -0.368142426 0.473476797 -0.0177519284 0.0416348279 1.21924067 -0.706607342 -0.499344468 0.776080787 -0.0857541561 0.944589019 0.206735909 0.615028918 -0.196103707 0.0398476385 0.5145697 0.0768804252 -0.409399897 -0.0630557537 -0.524518847 -0.123129718 -0.165788561 -0.330375969 0.0273350384 0.974501312 -0.422298193 0.169844612 -0.768021464 0.655780435 -0.183663398 -0.639574945 0.310297787 -0.578631341 -0.0533750579 0.54741621 0.50177753 0.262386173 -0.0756143332 -0.0584458373 -0.266249359 0.39760989 0.0752520859 -0.365166694 -0.534124851 0.0147430161 0.0162116159 0.903723598 0.0311890952 -0.268001437 -0.675780952 -0.461529553 -0.543213248 0.414754927 0.794202507 0.363789529 -0.117447332 -0.0762282684 0.446240187 -0.327044189 0.121223025 0.12619774 -0.268896371 -0.362423331 -0.0395346992 -0.150127411 -0.0660538077 0.342573047 0.674366117 0.0678769499 -0.15614523 0.079033576 0.083960481 0.00807665847 0.0435026363 -0.930327058 -1.04081726 -0.561339736 0.600978732 0.0789207146 0.217839062 0.353629917 -0.142360061 0.892378092 -0.158587009 -0.16313833 -0.0152286775 0.106834352 -0.633878469 0.780721605 0.109229952 -0.0531635396 0.149066955 1.03137505 -0.757843912 -0.0478653684 0.867110431 -0.0465245992 0.869886696 0.602015913 -0.239575446 -0.79398483 0.676926315 -0.541412055 -0.190940619 0.0929526091 -0.0942759961 0.429671377 -0.230615884 0.178685039 -0.0287556071 -0.434875757 0.704391658 -0.730318069 0.135209784 0.154369757 0.737242103 -0.237370566 0.397045732 -1.22644544 0.231261566 1.38650274 0.829838514 -0.567760587 0.516204357 -0.586571693 -0.0831356347 0.104074627 0.629182398 0.259363264 -0.370551169 0.350022197 -0.156557947 -0.631056845 -0.795161963 -0.185359612 -0.252365202 -0.0560101606 0.0254446622 -0.267004222 0.318578631 0.43229124 0.0445553176 -1.4207238 -0.068968311 0.0356724449 0.859733462 0.54593277 0.200630963 -0.454464942 -0.264323205
s 7 slot 2 300 -0.0668821409 0.142079324 0.0294028297 -0.14981392 0.0359046385 -0.17280142 0.143026754 -0.168788627 0.00662918855 0.294414312 0.267830551 -0.110402562 -0.103399649 0.160161406 -0.0180133358 -0.182399094 0.15395838 -0.166654706 0.0522129871 0.220334262 -0.0134366285 0.225241527 -0.112512439 0.236224934 0.138172925 0.163439289 -0.256927818 0.108403727 -0.227004826 0.0362341776 -0.113747038 0.256144643 0.273195028 -0.147678614 0.0873763487 0.290340602 0.295554191 -0.13216567 -0.0504043475 0.020495588 0.120687358 -0.232385412 0.0917398334 0.248704195 -0.121095024 -0.255329251 -0.235921189 -0.290591717 -0.03998027 0.246856645 -0.202883974 0.074454926 0.138055205 0.0443790257 0.0127863484 0.242251381 -0.0477500558 -0.0200881157 -0.0230377987 0.282850683 0.0217419807 0.055484131 -0.184402242 0.223693788 -0.255691946 0.0114463158 0.00270542759 0.0338868834 0.238295048 0.143964216 0.127707511 0.267474025 0.247318223 -0.0332818553 0.0597349145 -0.239314646 0.0137059977 -0.200790375 -0.208842248 0.00750162639 0.240965962 0.267100275 -0.168077901 -0.0451542623 0.150738284 -0.122770436 0.17255272 0.206834555 -0.11151468 0.196175575 0.076272361 -0.216891557 -0.269764602 0.153574184 0.206886217 -0.257787764 -0.0789021701 -0.119956769 -0.211683363 0.147378176 -0.0102693094 -0.189706847 -0.0497904122 -0.233224139 0.200047508 0.169072852 0.0430047512 0.245719478 -0.224204704 0.00251323916 0.162513673 -0.261246324 -0.21692501 0.210848033 0.161174938 -0.214838639 -0.137680277 -0.21156773 -0.16177687 -0.253090978 -0.143010721 0.194454074 -0.075002037 -0.0878312513 -0.202336684 -0.280143887 0.187603459 -0.203865752 -0.234616816 0.208825588 0.193095386 0.0773783624 -0.0812610611 0.0064744167 -0.106661595 0.0299022794 0.0211344454 -0.00620543491 0.0835532695 -0.0450848229 0.000133768262 -0.144304156 0.0770284832 0.0130857034 0.289117604 0.22742188 -0.0705053434 0.130537018 0.0148280105 -0.175208047 -0.193094805 0.138498962 0.256146193 0.00784854218 -0.167732447 -0.148769662 -0.072097756 0.116585463 -0.133600637 0.0307440665 0.219799325 0.189244956 0.139274538 -0.133310661 -0.295688391 -0.0900806338 -0.196152389 0.280272871 0.075429 0.282733679 -0.0782128349 -0.146976143 0.202017978 -0.218578294 0.191851154 -0.291480392 0.0596280694 0.291282773 -0.0806618184 -0.237074852 -0.255443662 -0.0407262109 -0.262948126 0.0674968064 0.269023895 0.155360296 0.142451748 0.215073794 0.105600923 0.0282952208 -0.264535099 0.23114568 -0.0778785497 0.0752511248 0.0441786908 -0.0260770395 -0.0331407599 0.216040909 0.177526638 -0.222855613 0.194442555 -0.215633646 0.156548351 0.23828119 0.216196954 0.193751678 0.0930332169 0.0233140085 0.216798231 -0.173128098 0.26158005 0.0867439881 0.144915581 -0.138772398 0.0365697928 0.0400806591 -0.148837626 0.0845076367 0.213692725 -0.225580558 0.0563534237 -0.27793771 0.216646537 0.239797875 -0.257605672 -0.21110177 0.132184461 -0.117830247 -0.0585547872 -0.0141876172 -0.0991539955 -0.161898866 0.0907147825 0.215305448 -0.0961739346 -0.156575546 0.0916896462 0.224641576 -0.139449835 0.0290353298 0.226379633 0.298767447 0.288527191 0.0739571229 0.0904548913 0.0610481463 -0.287850618 -0.239988744 -0.264067918 0.240251616 -0.0329976566 0.123493783 0.294641823 0.188584998 0.207176849 -0.208545268 0.0955960006 -0.186073437 -0.276377916 -0.1300181 -0.218967274 -0.00970012043 0.249631897 0.168226302 0.0451718569 0.0111516835 -0.295635194 0.197195292 0.141494274 -0.139513448 0.263659835 0.136672497 -0.108134501 0.0717206746 -0.197203368 -0.0656035542 0.227693647 0.141586736 -0.278247386 0.0935878828 0.285335481 -0.180038199 0.00782134011 0.000169929306 0.22081548 -0.285218835 0.120778725 -0.171845689 -0.196198329 0.0713101029 0.15342167 -0.153875262 0.2813209 -0.0036146231 0.0798422843 -0.0380655974 -0.13352561 0.09752056 -0.110127501 0.191169456
y 7 slot 2 300 -0.166564211 0.412227452 0.0407849252 -0.630657375 0.179524943 -0.299446821 0.244704142 -0.825604081 0.0270358101 0.91415149 0.80786711 -0.389501303 -0.45225063 0.692942619 -0.0115248021 -0.874455392 0.245032012 -0.626985312 0.0704457536 0.930911481 -0.0645379871 0.504665315 -0.093014583 0.964806199 0.406468719 0.693339467 -1.02329123 0.285485953 -0.167702407 0.139019951 -0.0835931301 0.600782096 0.770656288 -0.714039505 0.418008596 0.432356447 1.05005991 -0.142896652 -0.0382305197 0.0774770305 0.240758166 -1.15655589 0.108108349 0.643311918 -0.255010128 -0.860870063 -0.87693727 -0.913847923 -0.0246995687 1.03583777 -0.308938086 0.353710622 0.46678251 0.0297305007 0.0228784066 0.5033108 -0.236175582 -0.0298593026 -0.0322344117 1.33903956 0.106759027 0.0448775999 -0.137030408 0.156657562 -0.299611717 0.0119825518 0.00994477235 0.0928456411 0.242812693 0.686228931 0.150377631 0.725999713 0.817279518 -0.0977574214 0.0513715185 -0.459389061 0.0658217445 -0.709955573 -0.109902889 0.0268566497 0.595722616 0.272252202 -0.421248317 -0.174814403 0.238017395 -0.210856169 0.278066695 0.982677341 -0.0956676081 0.812000692 0.159999877 -0.82342279 -0.929071486 0.241443411 0.568162858 -0.21609351 -0.164569214 -0.458327711 -0.798806131 0.735081315 -0.0380488336 -0.24313803 -0.0332564414 -1.00350666 0.182489395 0.276969314 0.176727816 0.545015574 -0.915420353 0.0121173616 0.684079051 -0.180241078 -0.94435966 0.530827582 0.745673478 -0.413504422 -0.148500159 -0.987932146 -0.657718956 -1.08660829 -0.464733899 0.274464697 -0.186249912 -0.175968215 -0.390065193 -1.18377328 0.403251588 -0.675686121 -0.877722979 0.56667769 0.675863564 0.295809865 -0.352601171 0.0178294722 -0.248356864 0.0455918349 0.050669618 -0.00983263738 0.207592234 -0.165407613 0.000604306115 -0.697500825 0.0678172708 0.0576721765 1.38382816 0.2186272 -0.171844766 0.497566134 0.02413637 -0.798003912 -0.739551663 0.414823115 0.795480072 0.0100670122 -0.176637635 -0.659902573 -0.230383411 0.307274342 -0.433024496 0.0555581637 0.753222406 0.165682554 0.416370988 -0.343580037 -1.05300903 -0.439566165 -0.108324602 0.438368171 0.299234897 0.897756279 -0.187613785 -0.28830111 0.456975609 -0.497281998 0.680948853 -0.476864398 0.0863936543 1.17918837 -0.186902389 -0.215374663 -0.737267613 -0.11582955 -0.73523891 0.15372099 0.590137005 0.309836447 0.590391934 0.154553548 0.0543469191 0.0363907032 -0.501055479 0.120146617 -0.210500076 0.148521453 0.0272275899 -0.0299677458 -0.0987184569 0.110384941 0.214650437 -0.682472885 0.565088689 -0.593362868 0.676631033 1.07572031 0.466381043 0.291572362 0.176009223 0.0405424871 0.713978887 -0.412783891 0.188545674 0.189476386 0.212573394 -0.307557374 0.0680339113 0.149142116 -0.58916682 0.221002027 0.926380992 -0.571302235 0.124748036 -0.924976468 0.786290765 1.01878583 -0.89257586 -0.999752641 0.644140482 -0.256573141 -0.173972517 -0.0266907681 -0.391601294 -0.716266155 0.408885032 0.109764807 -0.1379105 -0.231816098 0.178209513 0.765321195 -0.504356861 0.0869949535 0.771479964 0.63092351 1.20806992 0.364396065 0.104124464 0.217877626 -0.234331727 -0.754234076 -0.982631445 0.303816706 -0.152588323 0.361480087 1.21705616 0.162167251 0.716786146 -0.49832204 0.155213282 -0.31490472 -1.09393203 -0.0927169025 -0.95149678 -0.0432824381 0.693182468 0.577992499 0.17093727 0.035340365 -0.804906189 0.416414589 0.666747808 -0.139258265 1.28894138 0.440769792 -0.278368264 0.274091959 -0.929516971 -0.204374239 0.204466015 0.547192872 -0.95833838 0.437087864 0.774682462 -0.506273329 0.0302521642 -6.29786155e-05 0.189908862 -0.885224819 0.166355908 -0.355219364 -0.231182471 0.0842243358 0.337398022 -0.434247702 1.36628664 -0.00354774902 0.0479982533 -0.166696906 -0.332199663 0.188921511 -0.463232279 0.291018605
s 8 slot 3 300 -0.253355384 -0.192114338 -0.0978136361 -0.0577463433 0.255969197 0.050848525 0.204268679 0.095475778 -0.0618446022 -0.00765566295 0.206903264 0.0384040363 -0.171674132 0.132283181 0.170707151 0.280736297 -0.0527909286 -0.100081153 0.00201191311 -0.297485411 -0.00393427256 0.121336684 0.0444049537 0.267955542 -0.221587047 -0.131171122 0.0395718664 0.0465632714 0.0494182371 -0.251291662 -0.0202167593 0.113278762 0.226907253 0.0535719655 0.0304394532 -0.224961862 -0.0592440516 0.0347799025 -0.158104375 -0.0475779064 -0.179874554 0.237068102 0.0403277539 0.188771561 0.0250250604 -0.273524702 0.171966419 -0.233466789 -0.0370467678 0.246886969 0.292708278 0.171231776 0.105936088 0.10844823 0.279443055 0.0949205458 0.27531293 -0.105895072 -0.00703127356 0.175022349 -0.22611846 0.190857455 0.054323487 0.0518638082 0.148377761 -0.193065897 -0.189850345 -0.213879943 -0.269610584 0.12054415 0.139000192 -0.0363678746 -0.135201588 0.188182339 -0.239150017 -0.073814027 0.119422562 0.0613739528 -0.00551795866 -0.220154896 -0.229907736 0.0369094238 -0.0796367526 0.00232738047 -0.277803153 0.00409667334 -0.0854794458 -0.0778933764 -0.230430067 0.0453269631 0.0559749529 -0.299965173 0.0447978191 0.143366903 0.16059202 0.0564387962 -0.167767838 0.0924293399 0.129544139 0.0804089829 0.109738842 0.0998369083 -0.191144854 -0.100707702 0.0255200546 -0.109700844 0.239601672 0.0815063938 0.250348091 0.217547938 0.135937899 -0.207496762 -0.00291074882 0.255060226 -0.16778937 -0.246409699 0.110069908 -0.171839327 0.143235102 0.00953743048 0.0495568402 -0.0543349497 0.0614617318 0.23380965 -0.191830873 0.0915725678 0.096743919 0.240648583 -0.1003021 0.178841084 -0.229485288 -0.00294476189 0.079267025 -0.178167775 -0.235496178 0.180032909 -0.19359991 0.0445175618 0.131698623 -0.14447324 0.270447612 -0.0350651443 -0.278526992 0.241686746 -0.0918923244 0.0861402079 0.214926124 0.170789883 -0.0839143917 -0.197331488 -0.0442762151 -0.224192232 0.136947989 0.0556952246 -0.130211189 0.0600238703 0.239084497 0.0159460232 -0.272293389 0.223788336 -0.04835473 0.0232074708 -0.175008118 0.239046231 -0.142067701 0.282088637 0.0387951881 0.220500842 0.0432025902 -0.0753062889 -0.279443651 0.131285325 0.210106581 0.141578168 0.207032338 0.238356873 0.227479056 -0.123042911 -0.133042306 0.241414428 -0.0525536314 0.209630907 0.00622662529 -0.193612084 0.191966236 0.252104282 0.0118642142 -0.276457906 0.0620252304 -0.249299169 -0.0225403756 0.236205429 0.0489322729 0.10693945 0.141002268 -0.118345931 0.0375433862 0.166985586 0.0217447113 0.13206248 -0.1122685 0.121329442 -0.0564548932 0.23719126 0.123164251 -0.10647396 0.261806101 -0.190468639 -0.159902528 -0.064439714 0.128961369 -0.0357368737 0.293697 0.0890123025 0.0913317725 -0.172319546 -0.043796137 0.0507827327 -0.190434173 0.271591693 0.251406282 0.196025819 -0.0155160222 0.0643921494 0.0677836463 -0.0883631706 -0.207031369 -0.276563436 0.286865175 -0.222256109 0.0495297834 -0.11243435 -0.0178037919 -0.11502064 0.293329179 0.00296750618 -0.244778216 -0.101728864 -0.244236708 0.247066528 -0.210909843 -0.281167775 -0.133957326 0.00582378358 0.156717837 -0.0150544317 0.184182867 -0.00958125852 -0.0633756369 0.268454731 -0.190431982 0.289553672 -0.00846300647 -0.0205648039 -4.22323283e-05 0.243395686 -0.231587261 0.225833729 0.0701729506 -0.121154152 0.0300200209 -0.161964551 0.122933447 0.0199977774 -0.0175378621 -0.221658766 -0.0894432142 0.109855115 -0.136447966 0.0171967596 0.116329446 0.236347184 -0.0950534716 -0.282882243 0.0551154576 -0.298376173 -0.282325745 0.0543727912 -0.0498201586 -0.113655098 0.0118455002 0.0556490161 -0.222993463 0.134857774 0.0511183217 0.0325702503 0.281201035 0.00131887326 0.227498397 -0.167326912 0.23722288 0.0345087536 0.0627418458 0.132942513 0.126332104 -0.285551518 0.285843968 -0.259963125 -0.214114368 -0.287502468
y 8 slot 3 300 -0.634847581 -0.558843553 -0.140640646 -0.237929642 1.28116083 0.089681156 0.352476984 0.467819393 -0.256993443 -0.0244446024 0.627325833 0.137729615 -0.746207893 0.567411602 0.110779166 1.34352338 -0.0856413692 -0.372378558 0.00446003582 -1.25067198 -0.0154108619 0.272753805 0.0320288837 1.09643579 -0.652550936 -0.552465439 0.154382154 0.123503476 0.0392642058 -0.96418196 -0.0101893935 0.269304365 0.636373758 0.261164457 0.144629315 -0.330370367 -0.205395535 0.040850088 -0.117531486 -0.178637788 -0.353832513 1.17895114 0.0475997701 0.483649015 0.04886318 -0.92198205 0.637204647 -0.738462627 -0.0275518559 1.03857696 0.445323497 0.81310463 0.357776552 0.068278864 0.516438663 0.198214248 1.35888207 -0.158286855 -0.0109866103 0.825523913 -1.10832345 0.153906137 0.0378388166 0.0320390724 0.176242739 -0.211575538 -0.725509763 -0.587107658 -0.277267545 0.575034976 0.166003019 -0.100191414 -0.445937634 0.552939355 -0.211140886 -0.146640405 0.579393446 0.215931892 0.0021606544 -0.791333497 -0.571219683 0.0343373232 -0.204694718 0.00880299136 -0.435530394 0.00239653117 -0.134030849 -0.371765852 -0.199498042 0.192929313 0.115852155 -1.13713408 0.151537627 0.223159507 0.442136616 0.0494953915 -0.349105656 0.347635597 0.487618625 0.397435188 0.410234451 0.131515399 -0.134448379 -0.435568482 0.0246005133 -0.174005866 0.981246531 0.178613603 1.02230155 1.0352751 0.567430317 -0.142862678 -0.0104048923 0.644991219 -0.779287279 -0.473957241 0.120677516 -0.80177927 0.587081015 0.0437482595 0.157331288 -0.0746314377 0.146108165 0.465919584 -0.373553485 0.38337782 0.205301866 0.794882596 -0.374584049 0.481459558 -0.800702155 -0.0137581788 0.349007666 -0.475219637 -0.552964985 0.272070736 -0.460915029 0.0753858611 0.330930978 -0.532299221 0.200344294 -0.174472213 -0.24525252 1.0499835 -0.438223273 0.0857555866 0.525511444 0.646447361 -0.137611642 -0.898017585 -0.170224011 -0.675186276 0.420576572 0.0692388564 -0.136615947 0.266083986 0.764427483 0.0391609184 -0.886924744 0.403471142 -0.169485211 0.0214675274 -0.524530292 0.614827156 -0.504087567 1.37377048 0.0198245551 0.347930491 0.167423278 -0.239828527 -0.673464179 0.261562407 0.479773521 0.321892977 0.730425537 0.38510412 0.331563711 -0.497336358 -0.312254578 0.219863534 -0.147070363 0.592640042 0.0197604038 -0.441055268 0.42365396 0.505538464 0.0536967143 -0.20403488 0.0344753042 -0.310008794 -0.0382020511 0.124695718 0.130153537 0.211627185 0.0835261345 -0.134191483 0.107182644 0.0803310871 0.0296108648 0.405661196 -0.330414295 0.331971079 -0.23992382 1.06851435 0.2639772 -0.160790786 0.498826027 -0.332303554 -0.522002399 -0.152420938 0.0881839097 -0.0737349465 0.434536755 0.196948171 0.173539773 -0.639852762 -0.175740167 0.130476996 -0.82804811 0.68328315 0.555451632 0.656397462 -0.0611116327 0.270531952 0.239921719 -0.421942532 -1.0072782 -0.603994846 0.853913963 -0.408724815 0.191735476 -0.501395047 -0.0766747296 -0.0531333163 0.421619445 0.00236521428 -0.472369492 -0.344687194 -0.88565743 0.737279356 -0.717496932 -0.594067335 -0.567102194 0.0295578465 0.17864424 -0.052993346 0.154778406 -0.0317732096 -0.24062328 0.341006011 -0.879950762 0.850173891 -0.0358900763 -0.0203722604 0.000931209594 0.588522434 -0.379582494 0.38189441 0.278215349 -0.0859392285 0.132196739 -0.732272267 0.338416129 0.0650001168 -0.0654744208 -0.716921329 -0.241390139 0.231409892 -0.645685792 0.016872583 0.566751301 0.766439557 -0.249536335 -1.08627284 0.257674485 -0.935938239 -0.249805987 0.207395136 -0.169978499 -0.535857558 0.02962544 0.151851505 -0.857835233 0.408561975 0.0399553254 0.096562922 0.383257926 0.00385550945 0.268777519 -0.202876553 0.520957649 0.102847867 0.308738738 0.106882721 0.078002423 -1.25818002 0.709526896 -0.507355273 -0.899221361 -0.438313246
s 9 slot 4 300 0.165086165 0.102402054 0.241857186 -0.0908078402 0.111644939 -0.288347423 -0.039572794 -0.135397553 -0.00717304787 -0.124994524 -0.170856625 -0.0453749597 -0.186392948 0.0372840762 0.108820722 0.0718469024 -0.0822609738 0.0137216225 0.247005746 0.23183094 -0.143673122 0.173611417 0.0805565938 -0.0562732033 -0.153089136 -0.129313663 -0.134436041 0.0396070443 -0.190773562 -0.00170094369 0.18264553 -0.0941044688 -0.0530982167 -0.0808546096 0.284756362 0.14285709 -0.109406039 0.1924835 0.148384556 -0.129159272 0.210036963 -0.0108128618 0.244058877 0.0235276055 0.0658479407 -0.175059184 -0.0758610219 0.0711307451 -0.281605929 0.0861404315 0.0176033266 -0.233036548 0.0434331261 0.182366937 -0.190817475 0.0381701663 -0.101186052 0.130169183 0.212429792 0.263044178 -0.221804753 0.158890799 0.142589718 0.246576905 -0.249500871 0.0112335291 0.280673265 -0.0573751889 0.189101204 0.0826638415 -0.146916687 -0.0649729893 -0.227017418 -0.0582345426 -0.11735341 -0.20829764 -0.278008908 0.239368275 0.0493816547 -0.0218803454 0.23149249 0.0835455284 0.21851331 0.188112736 0.228687733 0.204990909 0.0709653497 0.0979131013 -0.227996081 0.139369711 -0.0329533666 0.215549245 0.0383960083 -0.234493747 -0.0679215789 -0.107731484 -0.120868646 -0.00462791184 0.278747946 0.242733359 0.195860371 0.093810074 0.0863610804 -0.0614139698 0.226518705 -0.186829031 0.133028507 -0.0754943043 0.208961964 -0.18486385 -0.272204578 0.119804233 -0.221802264 0.132323995 0.030986594 0.0270098075 -0.246203527 0.0268925726 -0.0684348866 0.0307735391 0.189236566 -0.0657973066 -0.150788143 0.0134635409 -0.270577788 -0.160637379 -0.112800792 -0.0301357172 0.212911487 0.23806861 -0.29332003 0.0516042747 0.0416848175 0.193956628 -0.198422417 -0.18348597 0.111424603 -0.0167155694 0.291558236 -0.0354468375 -0.12505126 -0.197114721 0.239605993 -0.185083121 -0.170693696 -0.136928663 0.141562477 0.0272066575 -0.091309309 -0.215294614 -0.280232877 -0.196851835 0.0357966721 -0.0343244486 -0.0735716298 -0.275260717 -0.186527908 0.16110532 -0.146727189 -0.0272130594 -0.0330016837 0.112043984 -0.29764843 0.248068333 0.136236951 0.274010301 -0.119094141 -0.0463120602 0.0423289873 0.00650183158 0.219523892 -0.258713484 0.0747459903 -0.0722527876 -0.0955210179 0.165820822 -0.0999072865 -0.0237403978 -0.0161109697 -0.161622912 -0.149757579 0.288948894 0.0271252729 -0.202950612 -0.178360522 0.0667071044 -0.151396468 0.100845873 -0.0150600607 0.271519482 -0.0593271069 -0.0983032286 0.114061542 -0.295684844 0.261164576 0.0356233679 0.219534457 0.189064443 -0.219808906 0.217472419 0.25798583 -0.227243304 -0.114298873 0.040828038 0.00577929011 -0.139739782 -0.0970434323 0.0902595446 -0.273209512 -0.244398803 0.0529551692 -0.258637816 0.151253924 0.273027152 -0.137050435 -0.162494376 -0.277727544 0.143459871 -0.254349023 0.136485025 -0.224132881 -0.0520096906 0.238202065 -0.174198508 0.232177913 0.142151982 0.0572614111 -0.0338957086 -0.120726384 -0.141801938 0.106610984 0.236697495 0.148955733 -0.243269339 0.235233158 -0.100545444 -0.107877195 0.00219067768 -0.147496969 -0.230686009 -0.284564227 0.280867249 -0.139500156 -0.148321524 0.298313171 -0.155958906 -0.237561271 0.111327089 0.211454317 -0.0825811923 -0.174311206 -0.268478811 -0.0852115303 -0.291518331 -0.159070522 0.100436293 0.217925265 0.177516863 -0.0948729962 0.262846619 -0.205403924 -0.122362591 0.144348413 -0.0427237265 0.280418277 0.24899444 -0.152271822 -0.0612649471 0.243599758 0.123318076 0.0527363643 -0.274794668 0.297974974 0.0775521621 -0.0618217811 0.278506011 -0.194831669 0.0796786323 -0.0289380942 0.0739852488 -0.0540325493 -0.0397851914 0.282434314 0.011543408 -0.0490493551 0.0398219228 0.22288917 0.250113338 0.232927725 -0.249842837 -0.0628125817 -0.293672383 -0.285491526 0.105436295 -0.199775547 -0.263141096 0.288202047 0.169058159 -0.0480798408 -0.20704256
y 9 slot 4 300 0.419748604 0.300334752 0.345870495 -0.398137093 0.549519062 -0.503528357 -0.0781130418 -0.663406014 -0.0184810571 -0.383665472 -0.524624825 -0.167668015 -0.830243349 0.177587122 0.0892916843 0.360105127 -0.121020563 0.0370513462 0.328062505 0.965916574 -0.707998157 0.385197669 0.0846245587 -0.236460507 -0.439448714 -0.560566425 -0.521867335 0.099721849 -0.149710506 0.00573159195 0.118572861 -0.23304294 -0.13632971 -0.399248719 1.36568022 0.196624219 -0.40392068 0.200676426 0.106187806 -0.489970297 0.406419128 -0.0570055284 0.287552416 0.0761070997 0.151315063 -0.590730608 -0.273041368 0.236729503 -0.152135968 0.352709621 0.0260116905 -1.10650277 0.148714155 0.13640824 -0.361697525 0.076846458 -0.508099437 0.19646962 0.298235714 1.25577402 -1.10369587 0.124374516 0.11757569 0.188567191 -0.300533831 0.0185478013 1.08021009 -0.154776588 0.196671858 0.392386615 -0.181559369 -0.171875626 -0.754125178 -0.154524535 -0.0933748782 -0.385032445 -1.35032487 0.851688206 0.01183201 -0.0788069367 0.583437502 0.0985335261 0.562510431 0.728156328 0.355256647 0.368051231 0.0988362357 0.471169472 -0.187234417 0.56142056 -0.064581424 0.81284374 0.139546633 -0.360490084 -0.19150728 -0.0951405317 -0.250779212 -0.00172675715 1.05100274 1.22254097 0.719479978 0.109071784 0.0762681365 -0.258308619 0.202732265 -0.319599777 0.557182133 -0.15968141 0.852490604 -0.87335211 -1.13251901 0.0820008367 -0.971215308 0.323278487 0.155246615 0.0509789847 -0.272844911 0.123695038 -0.28886497 0.12668328 0.624270618 -0.103563525 -0.35719651 0.0357262678 -0.508763313 -0.665908456 -0.235829279 -0.0898472965 0.791388631 0.658942342 -1.02760267 0.205382496 0.168777138 0.509320021 -0.451029122 -0.273664773 0.255577087 -0.027673766 0.710181892 -0.122444935 -0.0998846069 -0.93608427 0.203011513 -0.798609734 -0.819805145 -0.141146675 0.347723305 0.119345821 -0.156640276 -0.982689559 -1.07182217 -0.575408757 0.126280978 -0.0324907787 -0.0798710361 -1.21835053 -0.597870231 0.432292998 -0.463100225 -0.0628955811 -0.103657372 0.0941925049 -0.891126096 0.647473693 0.477725267 1.34301507 -0.0622455776 -0.0830412135 0.181182772 0.0187927634 0.537087381 -0.522367418 0.154057845 -0.16656442 -0.324757904 0.288329244 -0.144935861 -0.0953395963 -0.0222161561 -0.144164503 -0.449397385 0.83538574 0.0677917153 -0.459175676 -0.401224524 0.121855915 -0.637940228 0.0894307122 -0.0162207335 0.332223147 -0.124974802 -0.0573283248 0.321315676 -0.586611688 0.166180536 0.0321518108 0.670781612 0.112889841 -0.27444008 0.663436055 0.764898896 -0.620147228 -0.510316014 0.192207143 0.0190409645 -0.210242569 -0.194035739 0.156693935 -0.907885075 -0.586148441 0.0540969819 -0.574438691 0.209431991 0.606412828 -0.2676332 -0.598479629 -1.09175444 0.382854193 -1.09157467 0.352602422 -0.490774125 -0.182253301 0.87917161 -0.731881082 0.791058064 0.684786916 0.276094407 -0.0714723617 -0.365037709 -0.255875826 0.438035458 1.05777097 0.660041809 -0.136790588 0.339199454 -0.141925171 -0.217580542 0.0051617641 -0.526244164 -0.691145897 -0.96974957 0.596996069 -0.569135189 -0.736516416 0.346702009 -0.556254447 -0.209389627 0.359207869 0.801172554 -0.109738126 -0.810692966 -0.793037951 -0.350441784 -0.245302618 -0.552606225 0.225037873 0.362819642 0.30174607 -0.377467722 0.188465223 -0.895436227 -0.545704186 0.410006642 -0.136790097 1.05743432 0.815611959 -0.423544496 -0.126514241 1.15594471 0.124198198 0.262237996 -0.900410712 0.782052994 0.310764372 -0.286523879 0.883052528 -0.194107965 0.316156 -0.105860107 0.359701246 -0.140142024 -0.0980435759 1.08098376 0.0212210156 -0.0287389718 0.138919964 0.322688043 0.510399342 0.266410887 -0.280572742 -0.135983497 -0.844836295 -1.39811671 0.0838231966 -0.12615642 -1.15070796 0.724653959 0.342495024 -0.205543533 -0.313443393
s 10 slot 0 300 0.00833786 -0.247622639 0.161404327 0.266950399 0.159698337 -0.191564798 0.256087571 0.101078719 -0.159909993 0.0478551313 -0.00404203217 -0.224635988 -0.147842452 -0.0717515275 0.0953409672 -0.192190334 0.10607978 -0.25293389 0.118683368 -0.101240657 0.258208036 -0.253445476 -0.275401026 -0.0474840403 -0.21911855 -0.0435216427 0.135231107 -0.0826336443 0.158177271 -0.0350687318 -0.158963189 -0.147856042 -0.142204016 -0.0875746682 -0.249312028 0.108000197 0.0898650289 0.11269103 -0.0843714401 0.159024492 -0.249701574 0.158702448 0.286742568 -0.172724158 -0.112331919 0.255715817 -0.00885986723 -0.216795102 0.0342183188 -0.241535813 -0.13111788 0.091722928 0.021779187 -0.154101923 -0.241530448 0.142161533 0.138232008 0.107507184 0.0762146637 -0.0540105291 0.0987568945 0.194405481 -0.136008441 0.219405279 0.286544442 -0.257947356 -0.0405771211 0.283627719 -0.113539256 0.102746271 0.142262101 0.116437666 0.0534579679 0.106405854 0.0471722931 0.196825251 0.123111077 -0.127399459 0.0411437266 0.229013264 -0.0971565545 0.224638849 -0.249634266 0.0483425483 0.15689978 -0.0304614324 0.00629865797 -0.287145793 -0.235781983 -0.279601663 0.260964841 -0.261018664 -0.0717919245 0.0777526349 -0.169344157 -0.0546894744 0.21590063 -0.099914968 0.198189244 0.0549542829 -0.264659256 -0.0192146841 0.0639869422 0.243420422 0.0425817221 0.0838720202 -0.223749623 -0.0516345277 0.236497715 0.144201085 -0.221305296 -0.171863362 -0.190471128 -0.00849532802 0.0637301579 -0.259023547 0.126559824 0.145645425 -0.0884563327 0.178779125 -0.252051651 0.185974911 0.256331921 0.197202876 -0.246704921 0.299366534 0.00989383273 0.066806756 0.238452062 0.275357693 -0.0501636937 -0.130825907 0.0188900866 0.0627015531 -0.223771125 0.228194833 -0.263367176 -0.0288727544 0.165231198 0.134527624 0.17919977 -0.172020569 0.282790184 0.00669915136 -0.0878854617 -0.0505374558 -0.122219071 0.181298435 0.0548928827 -0.0430614203 -0.165928334 -0.153297916 -0.00545505434 -0.255467623 0.275963306 -0.0700982511 0.0214615148 0.0587565377 -0.198173597 0.295395613 -0.195610687 -0.0394262969 0.00241222931 0.0409180745 0.0866954923 -0.219878763 -0.060707204 0.0313897729 0.0703685731 0.147521541 -0.222625345 -0.0653157458 -0.23280485 -0.0142334672 -0.0213382952 0.287537485 0.245532542 -0.148375377 0.013999912 -0.202680305 -0.182474568 -0.160542756 -0.256867677 -0.0437116586 0.0539589152 0.129703283 0.0292230006 0.0758601278 0.0783571377 -0.164126694 0.16942209 -0.135018304 -0.183114812 0.0188833047 -0.237524226 0.0983293727 0.261718839 -0.108073153 0.267848939 -0.0940607563 -0.220236287 -0.0551578589 -0.0782566667 0.121985376 0.0544206388 -0.0199336242 0.212632537 -0.136118934 -0.115322106 -0.0795669705 -0.0244885758 0.0589751229 0.157560706 0.115451157 0.276776284 0.0435726419 -0.160734996 -0.0720240101 0.164947644 0.0412571616 -0.00679883268 0.132283151 -0.171005309 -0.100765504 -0.280061394 0.0740930438 -0.265105963 -0.264893979 -0.0203234777 0.0314031355 -0.216325536 0.269349992 -0.0445220396 0.282484382 0.0676223636 -0.0161787979 0.0547804981 -0.225652993 -0.0988322422 -0.00646284735 0.11300163 0.125693589 -0.0320968181 -0.225024015 0.228373721 -0.232946649 -0.076503925 0.056743823 0.00745262671 -0.218423218 -0.232181966 -0.00344617735 0.115836293 -0.0654579476 0.00593522051 0.0945377946 0.0739284083 -0.281902671 -0.022600038 0.21426782 0.201073706 -0.27206862 0.16725038 0.296746135 0.141309887 0.131137937 -0.234203249 -0.0187280662 0.0147911021 -0.251466751 -0.0179084651 0.193560049 -0.138897315 -0.0568625331 -0.0207558479 0.235834643 -0.0161971543 0.200329229 0.0476676635 0.0362044051 0.126541331 -0.235224336 0.130142495 0.287725061 0.266922623 -0.0701774955 0.245901257 0.294983417 -0.1367466 0.0647000894 -0.264430493 -0.282621413 0.297304422 0.186378539 0.243538871 -0.182490125 -0.283106387 -0.193763331 -0.147583812 0.240630344
y 10 slot 0 300 0.0137705971 -0.719124973 0.232526511 1.12848163 0.800471842 -0.333317369 0.438499808 0.493269324 -0.660010517 0.143808246 -0.0119450074 -0.788794339 -0.638151109 -0.317090273 0.0532969311 -0.933952451 0.159430325 -0.942276955 0.169422179 -0.426703781 1.25566816 -0.563256681 -0.239194766 -0.193503231 -0.652511895 -0.179842636 0.528508365 -0.211636767 0.120384075 -0.142338037 -0.10939578 -0.34058243 -0.411289781 -0.417921633 -1.19367659 0.169058576 0.324404627 0.123195343 -0.0584072769 0.600620508 -0.49462983 0.795474172 0.347087801 -0.452915788 -0.242297575 0.866270483 -0.039239075 -0.682822704 0.0187361948 -1.00944364 -0.197830543 0.430474937 0.0699605867 -0.110160924 -0.435679495 0.294252276 0.690216959 0.158378184 0.105648823 -0.26250881 0.492657125 0.153574184 -0.109801732 0.140856728 0.339837998 -0.280200481 -0.159192532 0.776578665 -0.114046864 0.492528617 0.174826488 0.314521194 0.179382533 0.302199781 0.0399807282 0.37523213 0.602785647 -0.454544127 0.0247760881 0.823751867 -0.246930838 0.217750013 -0.628765047 0.187455252 0.24661237 -0.0602592565 0.0208834913 -1.36735487 -0.202358261 -1.1542412 0.548550248 -0.991263151 -0.248387128 0.116826385 -0.45925343 -0.0470145866 0.452641308 -0.386829674 0.750981927 0.272686005 -0.979922116 -0.020007832 0.032030005 1.04785013 0.0393237583 0.139593348 -0.924548447 -0.119019173 0.966047108 0.683112025 -0.93459183 -0.119413659 -0.831264853 -0.0189224761 0.287738234 -0.499407619 0.140782505 0.680080533 -0.359661967 0.765672445 -0.820272624 0.272136152 0.631343663 0.390872359 -0.477693111 1.25793886 0.0223307759 0.216043219 0.897989154 0.742032468 -0.178738058 -0.503637969 0.0845398679 0.172488824 -0.533343077 0.343003303 -0.626062453 -0.0519808456 0.413960069 0.489980727 0.131983638 -0.839309752 0.259346157 0.0219819639 -0.421602905 -0.0446282253 -0.302366048 0.687798023 0.0956053808 -0.19279018 -0.633308232 -0.466474146 -0.0221015681 -0.340984315 0.294934183 -0.316330105 0.0696143359 0.157366529 -0.652257979 0.527670681 -0.671761215 -0.032575503 0.0103269806 0.100195885 0.314525187 -1.07454312 -0.0323855244 0.0555964708 0.273001164 0.474611282 -0.53903681 -0.119298361 -0.523552418 -0.0284983572 -0.0794080049 0.461885542 0.363702953 -0.60408169 0.0305989273 -0.189888388 -0.514332414 -0.463371992 -0.71414125 -0.101534106 0.12656115 0.257551372 0.120912977 0.0472920202 0.0440810584 -0.206337228 0.323321521 -0.0682373792 -0.506780148 0.040127933 -0.150242254 0.116865821 0.772126079 -0.0578597859 0.324652404 -0.288092971 -0.648611963 -0.152672544 -0.328467101 0.543482602 0.11186444 -0.0286001731 0.409387022 -0.23637408 -0.380087525 -0.191515326 -0.0250456911 0.130445376 0.237035766 0.255152583 0.512622058 0.15699482 -0.637496769 -0.188853011 0.707943082 0.10605178 -0.0167260915 0.440971464 -0.625144184 -0.429497629 -0.967840374 0.345474213 -1.29148972 -0.584651411 -0.0570231639 0.0597058758 -0.866675138 1.18940735 -0.19651036 0.144865587 0.0949423686 -0.0274853408 0.108864143 -0.770997882 -0.362028658 -0.0202689599 0.382334083 0.260668963 -0.136394247 -1.1052779 0.256575793 -0.831715107 -0.054964751 0.169469684 0.0232052114 -0.271968275 -1.07325613 -0.00270222104 0.479866803 -0.0560968444 0.0201194435 0.22821939 0.118010156 -0.477942139 -0.0880163088 0.14970383 0.870769501 -1.23354495 0.462731749 1.01940167 0.528078258 0.415694833 -0.62842375 -0.0430072136 0.0671193153 -0.25169453 -0.084527351 0.634026229 -0.362836093 -0.223139003 -0.0973587036 0.727511406 -0.00173898845 0.773647964 0.168426752 0.164769143 0.343301922 -0.665537477 0.506167829 0.874042988 0.223164096 -0.22527498 0.334347218 0.614484489 -0.153790772 0.0704978108 -0.583791196 -0.796599925 1.44664621 0.154402077 0.14382422 -0.811545908 -0.70903641 -0.383405536 -0.615915656 0.365754694
M 10 10 -0.0442108991 -0 -0 -0 -0 -0 -0 -0 -0 -0 -0 -0.0396124925 -8.9283463e-05 0.000208141574 -4.28784309e-05 0.00130174031 -0.000550135853 0.000572258481 -0.00331966804 0.00253401575 -0 -8.9283463e-05 -0.0392826505 -2.2051804e-05 -4.14284526e-06 0.000125772062 9.45753926e-05 -4.50163089e-05 -2.32075962e-05 -0.00130969785 -0 0.000208141574 -2.2051804e-05 -0.0450330868 -0.000127375893 0.00386698699 -0.000106458432 -0.000238397253 -0.00038057735 0.00101143566 -0 -4.28784309e-05 -4.14284526e-06 -0.000127375893 -0.0420115731 -0.00118321555 1.12480105e-05 8.08359464e-05 0.000114145622 -2.4182504e-05 0 0.00130174031 0.000125772062 0.00386698699 -0.00118321555 0.035921076 -0.000341476783 -0.00245408724 -0.00346533103 0.000734153271 0 -0.000550135853 9.45753926e-05 -0.000106458432 1.12480105e-05 -0.000341476783 0.0348275907 -0.000581883623 0.00399229863 -0.00257675422 0 0.000572258481 -4.50163089e-05 -0.000238397253 8.08359464e-05 -0.00245408724 -0.000581883623 0.033458936 0.000441821128 0.000900762864 0 -0.00331966804 -2.32075962e-05 -0.00038057735 0.000114145622 -0.00346533103 0.00399229863 0.000441821128 0.037090572 -0.000348326623 0 0.00253401575 -0.00130969785 0.00101143566 -2.4182504e-05 0.000734153271 -0.00257675422 0.000900762864 -0.000348326623 0.0343929767
mv_in 0 10 0.691321373 0.78002423 0.574458599 -0.0524409115 0.113973372 0.650328159 0.802787721 -0.557237506 -0.904455185 0.332042456
mv_out 0 10 -0.0305639395 -0.0270358718 -0.0228662986 0.00573899192 -0.0057341097 0.0285818664 0.0232269657 -0.0203659506 -0.0355270387 0.010810319
mv_in 1 10 0.861001313 0.570542753 -0.401229203 0.535221696 -0.0427681468 -0.366421521 0.102917485 0.607877016 0.278225243 0.38044098
mv_out 1 10 -0.0380656422 -0.0225968752 0.0151303449 -0.0252635505 0.00221219079 -0.0125614887 0.0030769518 0.0218573827 0.0100429618 0.0155145648
mv_in 2 10 -0.766482651 -0.396164954 -0.560097337 0.911414742 -0.487787187 0.206889912 0.0218114853 0.10334783 -0.381832808 -0.555036247
mv_out 2 10 0.0338868872 0.0161312545 0.0227786241 -0.0406947799 0.0201295639 0.0116017688 0.000597117064 0.00181062822 -0.0136276741 -0.0181042649
pg_inf 0.19862859
xcp 300 -1.86342847 -1.35445533 1.49703933 1.27098147 0.381729461 -1.02416319 -1.89178538 -1.40823861 1.9130602 -1.73550916 1.29257574 -1.35335077 1.41409941 1.32018316 -0.274582885 -1.99291332 0.259065181 3.25615692 0.430581242 1.65953934 -0.733649731 -0.0379329734 1.26155129 0.812535247 -0.224302119 0.867530804 -1.55972113 -0.314675299 -2.74890661 -0.431622272 0.733359009 -0.529731439 -1.97095564 -0.636587259 1.79482492 0.30295054 -1.66596953 -1.69822915 0.984485467 0.473172812 -0.359713584 -2.48103613 -0.813342135 0.738180935 -0.609764457 2.19978333 -0.792323044 -1.433386 2.04148263 -1.37639743 1.74411833 -1.70057033 -0.771678107 -0.383030524 -0.442544143 -1.02536327 1.11982818 1.47358854 -1.28856375 0.618358672 0.157684698 0.800489306 -0.293200433 -0.0333248704 -1.4290033 -0.313784163 1.4388231 -0.39245698 -0.589326935 0.382942321 -1.56462204 -2.08811088 -1.19551764 1.01850009 1.16792185 1.27356029 -0.418072557 1.00103905 -2.61032827 0.727809548 2.90667868 0.763881977 0.983339286 1.05398739 -1.39631481 -1.1389687 -1.21019931 -1.33198737 2.81937651 -1.74148476 1.21203125 1.01333884 0.123084689 1.06775477 -0.706162665 -0.221298695 -0.580528975 0.287282447 -1.9730502 -0.333445815 -2.12151694 -0.739184916 -0.638754333 -2.40816667 0.043269639 0.543590062 1.23612695 -0.159732938 -0.555818957 -0.0305178668 0.797112048 0.557556033 0.976683719 -0.914936441 -1.2583838 -0.394940767 1.91594601 -1.80900943 -0.0829429228 -0.723299742 -1.28713851 0.0418781496 -0.849284947 2.15262747 -0.631805599 -1.13796012 0.262115419 -0.207995327 -1.9532479 2.37686515 1.48703218 -1.44730728 -2.74218655 -0.404223351 -0.462956296 1.37979436 0.462865327 1.75874959 0.378564433 1.33504951 -1.01056732 0.695116208 -1.85874772 0.21295411 -0.385611003 -0.914768994 0.15676403 1.85514805 -0.618556436 -0.670864988 -0.525453841 1.69663831 -2.27223393 2.37589207 -0.742762748 0.602390945 2.39700013 1.14185095 -1.42952192 -2.31466926 -0.427209312 2.72756338 -0.666188297 -0.377780853 0.0201282525 0.0819076154 0.459459543 1.16414549 -0.224607259 -1.01654414 -1.16085658 1.25270374 -1.29684674 0.384734864 -1.17833852 -2.77270961 -2.48517177 0.769672751 -0.318450689 -0.911283979 -1.34331421 2.58258283 -0.0452033034 -2.75729322 0.485077918 -0.59633255 -1.7329044 1.84787655 0.183420271 2.39314546 -0.449458927 0.743610551 1.40493267 -0.682471234 0.820071373 1.6837461 -3.30469012 1.3504231 -0.858006536 0.196098804 0.589086711 -0.184186018 1.9385438 -2.32720184 -0.0350921229 -0.776514888 1.18587684 -0.341576648 -0.9372729 -1.97627842 -1.40608633 0.307394803 -1.72612701 -0.362448135 -0.105302757 0.043977797 0.985280123 -2.0255777 -1.52975539 -1.62529657 -1.93109119 -1.15545115 2.49977183 -0.268612725 1.20521366 0.981379668 0.232647172 1.28020789 2.62099676 -1.03532994 -1.25987732 0.541192072 0.462094784 0.603492367 -1.67986875 -0.20384419 -1.41208833 1.06773925 1.84166372 -2.58565974 0.517910681 1.834782 1.44796503 0.65636481 -2.09362857 0.512163043 2.37675261 -0.2590402 0.508014153 -1.71342238 -2.24470453 2.41164821 0.809204996 -1.45278556 -0.594558897 -2.24825899 0.317748341 1.54892221 -0.71945709 -1.16000177 0.234635153 -2.11638185 -1.37500179 -1.41260873 2.54143182 -1.27592829 0.0914843678 -2.75076147 -1.49772302 2.54171594 -0.931036294 1.29789376 -1.1418117 -2.59745844 -1.30820135 -0.316423802 -2.5339223 -1.65281057 -0.812683494 -1.09849539 -0.431538783 -0.0423885865 -1.33059004 -1.4910776 -3.01664815 0.733115196 0.491536406 -0.0283180639 1.50368559 1.04073466 1.97648807 -0.481532574 1.69874787 -0.238944863 -2.11972695 1.38679779 -0.210564049 0.743852941 1.03609804 -0.410727552
vecc 10 0.147978236 0.0596695416 -0.274277817 0.0060987993 -0.308129221 0.262145516 -0.116360521 -0.286846554 -0.0442928038 -0.322654291
brk0 83 0 6 9 13 16 17 18 19 20 21 28 40 43 50 59 62 66 70 73 75 79 80 90 95 96 100 101 107 109 110 111 116 117 119 124 126 128 129 130 132 135 139 142 145 146 155 158 161 166 168 175 177 178 183 184 185 187 188 190 196 197 199 200 202 203 205 209 211 222 229 230 232 235 238 239 242 262 266 270 285 288 291 295
newact 2 237 123
newact_sorted 2 123 237
fv 215 4 10 25 31 35 39 44 52 60 61 97 122 131 138 157 181 207 210 215 241 243 245 246 248 254 258 271 280 24 5 113 227 180 68 294 74 83 86 33 233 214 208 8 41 134 267 120 47 286 11 57 231 275 216 213 87 77 42 223 88 170 125 217 98 276 253 133 164 163 94 76 91 144 265 159 36 236 2 172 251 34 250 289 268 287 12 53 234 150 55 257 27 281 225 115 297 198 1 22 154 283 141 261 63 201 72 64 221 51 167 220 189 278 14 224 186 292 85 226 299 192 165 127 218 84 244 296 194 102 118 69 298 162 67 219 160 56 156 263 191 112 273 169 46 37 279 249 240 81 3 137 82 103 284 182 148 26 78 149 274 71 23 193 179 38 247 65 143 30 153 106 105 173 114 151 136 54 32 176 228 58 259 269 256 140 260 152 204 277 45 48 272 282 206 108 147 195 104 212 255 264 49 29 290 121 293 252 89 15 93 174 92 99 171 7
fv_sorted 215 1 2 3 4 5 7 8 10 11 12 14 15 22 23 24 25 26 27 29 30 31 32 33 34 35 36 37 38 39 41 42 44 45 46 47 48 49 51 52 53 54 55 56 57 58 60 61 63 64 65 67 68 69 71 72 74 76 77 78 81 82 83 84 85 86 87 88 89 91 92 93 94 97 98 99 102 103 104 105 106 108 112 113 114 115 118 120 121 122 125 127 131 133 134 136 137 138 140 141 143 144 147 148 149 150 151 152 153 154 156 157 159 160 162 163 164 165 167 169 170 171 172 173 174 176 179 180 181 182 186 189 191 192 193 194 195 198 201 204 206 207 208 210 212 213 214 215 216 217 218 219 220 221 223 224 225 226 227 228 231 233 234 236 240 241 243 244 245 246 247 248 249 250 251 252 253 254 255 256 257 258 259 260 261 263 264 265 267 268 269 271 272 273 274 275 276 277 278 279 280 281 282 283 284 286 287 289 290 292 293 294 296 297 298 299
drt0 300 0 -0.0805014919 0.0790610621 -0.0628166987 -0.0445509131 -0.0833644602 0 0.000650573672 0.095351745 0 0.00661460563 -0.0258870681 -0.0591530794 0 0.0617837729 0.00456050398 0 0 0 0 0 0 -0.0988320642 -0.0778584766 0.0499888175 -0.0629133997 0.0977565026 0.0760263373 0 0.0192745824 -0.0309607064 -0.112657854 0.0651342462 0.10516052 -0.0475102747 0.0444523088 0.0533808627 -0.0431673882 -0.0995004252 0.0233287727 0 -0.0497319872 0.107884648 0 0 -0.040687764 -0.0940235512 -0.0554115735 -0.0384326339 0.0228859982 0 0.0644215571 -0.0401749739 0.0787833469 0.0453185202 -0.106924752 -0.0721068635 -0.108296746 -0.0257697328 0 0.0901510652 0 0 -0.102501513 -0.106285333 -0.0234676193 0 -0.0320011316 -0.108921509 -0.0999152395 0 0.0998081819 -0.104581493 0 0.0840970892 0 -0.0965428835 -0.0988850524 0.0591976494 0 0 0.0303527319 0.0856392576 -0.110434532 0.0103841298 0.0690335296 -0.0991176129 -0.0619469486 0.101020966 -0.0057489316 0 0.0263861738 -0.00104595827 -0.00626358669 -0.0396656741 0 0 -0.00632463471 -0.109060234 -0.00296061961 0 0 0.0812240718 -0.0160961491 -0.0498128101 -0.0772649691 0.0132667709 0 0.0176984501 0 0 0 -0.077155564 -0.0944221096 0.0153333006 -0.0460558307 0 0 0.0760045952 0 -0.0447118865 -0.0193786794 0 0.0706266071 0 0.0637758614 0 0.0731894806 0 0 0 -0.0763285288 0 0.0707526592 0.033906366 0 0.0189922273 -0.0348959263 -0.0689039342 0 0.0542927167 -0.0670473096 0 -0.0657574041 -0.113875983 0 0 -0.0216113201 0.0525518582 0.00936328615 -0.0805606343 -0.0123918007 0.0511731247 -0.0529240587 0.104832111 0 0.0441274432 0 0 -0.0429866641 -0.0545884683 0 0.0760681598 0.0731369892 -0.106119415 -0.0894103566 0 -0.0401539087 0 -0.107556996 -0.109439864 -0.000956454857 -0.105103681 0.0467189034 -0.000894064033 0 0.0714754633 0 0 -0.0299814325 0.110888259 0.0904037589 -0.0667963347 0 0 0 0.112169329 0 0 0.034099148 0 -0.0847796664 0.0869827403 -0.0703708097 0.0613696839 0.0101859342 0 0 0.0859247711 0 0 0.0301401178 0 0 -0.00980376818 0 -0.0427143778 -0.0456246768 0.0508293964 0 0 0 0.0274255725 0.0969798005 0.0486624655 0 0.0625282092 -0.0634871697 -0.0917316362 -0.0327691673 0.112092497 0.0782573163 0 -0.0535386622 -0.0331357543 -0.113212106 -0.0832099621 0.115159022 0.0111041392 0 0 0.0909490611 0 0.0622706668 -0.117108224 0 0.0866257847 0.0525333016 0 0 0.0176687108 0 0 0.0903998202 -0.0505686274 0 0 -0.0746895275 0.117192309 0.0957477449 -0.0924288166 0.0251445088 0.0197260629 0.0747827821 -0.0831678933 0.0222082477 -0.0410921645 -0.0072024568 0 0.0618489377 0.0208480144 0.0761996939 0 0.102228097 -0.0353104373 -0.106428763 0 -0.0853484075 -0.0904553931 -0.0392835036 0 0 0.0243066004 0.0400763256 0.114476225 -0.0965817169 -0.0572446448 -0.00507628964 -0.104811064 0.0867819358 0.00275986945 0.0638593966 -0.0212492169 0.0252749373 -0.0119623677 0 0.0723131366 0.0379899627 0 -0.0802145366 -0.0270014542 0 -0.0748475512 0.0181632327 -0.104350893 0 -0.0621495731 0.0845816137 -0.103108999 0.0849909332
step_max0 0.510931626
drt 300 0 -0.0419841083 0.0394374275 -0.0324365137 -0.0230455714 -0.0424539781 0 -0.00155467297 0.0497496479 0 0.00402563486 -0.0154698185 -0.0308790485 0 0.0310889173 0.000695432114 0 0 0 0 0 0 -0.0548582688 -0.0384133287 0.023081135 -0.0332246399 0.0483963937 0.0365758995 0 0.011985964 -0.0195134366 -0.0593123823 0.030980525 0.0534099816 -0.0232022516 0.022274491 0.0278666307 -0.0212474814 -0.0500205796 0.0113070937 0 -0.0270809786 0.0551422244 0 0 -0.0172559615 -0.0470249097 -0.0302242834 -0.0174955228 0.0131935127 0 0.0314036069 -0.0190042053 0.0335953946 0.0212008807 -0.0534209958 -0.036715601 -0.0562618553 -0.0127301716 0 0.0441132363 0.0015734336 0 -0.0557878809 -0.0458152822 -0.0161227569 0 -0.0153851119 -0.0591213212 -0.0498240561 0 0.052995189 -0.0514502393 0 0.0446079414 0 -0.0524722035 -0.0515088384 0.032192256 0 0 0.0153829331 0.0433978326 -0.0571139336 0.00448756354 0.0347600888 -0.0498962272 -0.029997253 0.0539018115 -0.00126881009 0 0.0116641752 -0.00116653319 -0.00113043076 -0.0207630035 0 0 -0.00458034887 -0.0558037256 -0.000831130021 0 0 0.0414761472 -0.00817899952 -0.0301834212 -0.0362272668 0.00552987554 0 0.00758099309 0 0 0 -0.040140604 -0.0506827646 0.00751865845 -0.0256293301 0 0 0.0391217105 0 -0.0249146474 -0.00862728903 0.00279689652 0.0360853672 0 0.0326394764 0 0.0358702291 0 0 0 -0.0405327225 0 0.0361435653 0.0181686335 0 0.00877767592 -0.0181972392 -0.0373388739 0 0.030046525 -0.0348271646 0 -0.033609957 -0.0579890486 0 0 -0.0117378941 0.0296615251 0.00426178943 -0.0427008595 -0.00564474174 0.0245047103 -0.0296758922 0.0589166044 0 0.023469565 0.0011644672 0 -0.0196817361 -0.0304913439 0 0.0380270666 0.037138368 -0.0534695559 -0.0456025871 0 -0.0204964805 0 -0.0528224618 -0.0566341321 0.000753599239 -0.0564322157 0.0240957821 -0.00285399837 0 0.0376123884 0 0 -0.0140822725 0.0574792572 0.043342419 -0.0340873169 0 0 0 0.0566214115 0 0 0.0159108322 0 -0.0486542891 0.0438717311 -0.0330889291 0.0243890589 0.00655642514 0 0 0.0489250609 0 0 0.0168236914 0 0 -0.00700492415 0 -0.0205150242 -0.0264249812 0.0262268534 0 0 0 0.0143288791 0.0497552862 0.0281657506 0.000524045322 0.0298269332 -0.0353939727 -0.0464209637 -0.0165966357 0.0566361909 0.0398485976 0 -0.0277646293 -0.0166766005 -0.0561540312 -0.0406857618 0.0560312115 0.00457604064 0 0 0.0480879225 0 0.0389318094 -0.0603907993 0 0.0452937093 0.0268409252 0 0 0.0101263371 -0.000644693929 0 0.0461958605 -0.0264192785 -0.00287556737 0 -0.0394210524 0.0591316385 0.0455930895 -0.0472355417 0.0103525515 0.0117153041 0.0404198567 -0.0426815536 0.0117068048 -0.0229858213 -0.00648783114 -0.00135416105 0.0337718502 0.0101230479 0.0370690315 0 0.0534418658 -0.016973778 -0.0543207221 0 -0.0460055891 -0.0422191225 -0.0250012208 0 0 0.0129108538 0.0204315371 0.057859236 -0.0466970897 -0.0292926686 -0.0025158316 -0.0537379221 0.0459250638 0.00095239461 0.0316276238 -0.00805497628 0.0160362959 -0.00236697096 0 0.0365806102 0.021539007 0 -0.0398725383 -0.0187146458 0 -0.0367434875 0.0107629054 -0.0499817855 0 -0.0368831793 0.0404353026 -0.0523759644 0.0487152068
sub_L 3 44 210 271
sub_U 1 246
sub_P 211 1 2 3 4 5 7 8 10 11 12 14 15 22 23 24 25 26 27 29 30 31 32 33 34 35 36 37 38 39 41 42 45 46 47 48 49 51 52 53 54 55 56 57 58 60 61 63 64 65 67 68 69 71 72 74 76 77 78 81 82 83 84 85 86 87 88 89 91 92 93 94 97 98 99 102 103 104 105 106 108 112 113 114 115 118 120 121 122 125 127 131 133 134 136 137 138 140 141 143 144 147 148 149 150 151 152 153 154 156 157 159 160 162 163 164 165 167 169 170 171 172 173 174 176 179 180 181 182 186 189 191 192 193 194 195 198 201 204 206 207 208 212 213 214 215 216 217 218 219 220 221 223 224 225 226 227 228 231 233 234 236 240 241 243 244 245 247 248 249 250 251 252 253 254 255 256 257 258 259 260 261 263 264 265 267 268 269 272 273 274 275 276 277 278 279 280 281 282 283 284 286 287 289 290 292 293 294 296 297 298 299
dg -0.872540642
step_max 1
