[avbd-vk] device: NVIDIA GeForce RTX 4090 (Vulkan 1.4)
[avbd-vk] coloring: 9 colors over 579 verts
[avbd-vk] device: NVIDIA GeForce RTX 4090 (Vulkan 1.4)
[avbd-vk] coloring: 4 colors over 625 verts
[33mOMP_NUM_THREADS not specified in your environment variable. Defaulting to number of physical cores: 16
[0mEigen threads: 16
OpenMP num_threads = 16
[33m==========================
Creating system for demo
demo_wearhat
[0mFinished loading obj file C:/cloth-dynamics-standalone/src/assets/meshes/scene/arrow1.obj: vertex 42 triangles: 80
Finished loading obj file C:/cloth-dynamics-standalone/src/assets/meshes/scene/arrow2.obj: vertex 258 triangles: 512
Finished loading obj file C:/cloth-dynamics-standalone/src/assets/meshes/scene/arrow2.obj: vertex 258 triangles: 512
Finished loading obj file C:/cloth-dynamics-standalone/src/assets/meshes/scene/clip.obj: vertex 158 triangles: 600
Finished loading obj file C:/cloth-dynamics-standalone/src/assets/meshes/remeshed/agenthat2-579-rotated.obj: vertex 579 triangles: 1099
orientation front: nothing
Bounding box min:(-28.902,0.767,-35.022) max:(27.628,38.283,35.052)
[32m394, [0m[32m32, [0m
precompute matrices + prefactorization... density is: 0.224 SceneConfigtimestep is :1/100 timeStepIs:0.010 : stiffness is:(1.00,10000.00,1200.00,120.00)
precompute matrices + prefactorization...[avbd-config] solver=AVBD iters=16 damp=1 relax=1 colors=1 drive=1 | membrane=1 bending=1 rawStiffness=0 | al=0 gamma=default | contact=1 frictionPred=1 selfColl=1 passes=2 gpuSelf=1 | bwd=AVBD truncateK=20 ift=0
[avbd] assembled from 2721 constraints: 0 springs, 2 attachments, 1099 triangles, 1620 bendings
[avbd] AvbdSolver loaded + uploaded (nVerts=579, nSprings=0, nTri=1099, nAttach=2, nBend=1620, h=0.01, invH²=10000)

stretching force after initialization: 0.00000
orientation down: rotate
p0 is located at -2.25 0.00 -2.25
creating mesh from config...
creating mesh from config...finished
backwardInfoDefault.dL_dcontrolpoints is sized to 1
precompute matrices + prefactorization... density is: 0.300 SceneConfigtimestep is :1/180 timeStepIs:0.006 : stiffness is:(1.00,10000.00,150.00,0.00)
precompute matrices + prefactorization...[avbd] assembled from 2832 constraints: 0 springs, 0 attachments, 1152 triangles, 1680 bendings
[avbd] AvbdSolver loaded + uploaded (nVerts=625, nSprings=0, nTri=1152, nAttach=0, nBend=1680, h=0.00555556, invH²=32400)

stretching force after initialization: 0.00000
[35mGroundtruth param:
============Parameter Info:======================
mu from prim0:0.300000

[0m[avbd-step] step 1  dof=1875  iters=16  rc=0  wall=12167 us  |Δx|_max=0.000302433  |Δx|_mean=0.000100747  pred_max=0.000302469  drift_max=1.75464e-06  drift@v0.y  conv_max=2.12829e-05  conv_mean=2.67256e-06  nan=0
[outlier] v0  inc_tri=1  worst|M|=5.33333  pos=(-2.25,1.37773e-16,-2.25)
[pd-step]     step 1  dof=1875  pd|Δx|_max=0.000302469  pd|Δx|_mean=0.000100823
[avbd-drive] step 2 wrote AVBD output to Particle.pos
[avbd-step] step 2  dof=1875  iters=16  rc=0  wall=9821 us  |Δx|_max=0.000604831  |Δx|_mean=0.000201419  pred_max=0.000604902  drift_max=3.4991e-06  drift@v0.y  conv_max=4.24422e-05  conv_mean=5.34311e-06  nan=0
[outlier] v0  inc_tri=1  worst|M|=5.33333  pos=(-2.25,-0.000300714,-2.25)
[pd-step]     step 2  dof=1875  pd|Δx|_max=0.000604902  pd|Δx|_mean=0.00020157
[avbd-drive] step 3 wrote AVBD output to Particle.pos
[avbd-friction] step 3 applied 1 vert/primitive friction events
[avbd-step] step 3  dof=1875  iters=16  rc=0  wall=10618 us  |Δx|_max=0.000907192  |Δx|_mean=0.000301696  pred_max=0.0009073  drift_max=5.23345e-06  drift@v0.y  conv_max=6.34788e-05  conv_mean=8.00311e-06  nan=0
[outlier] v0  inc_tri=1  worst|M|=5.33333  pos=(-2.25,-0.000900399,-2.25)
[pd-step]     step 3  dof=1875  pd|Δx|_max=0.0009073  pd|Δx|_mean=0.000301925
[avbd-drive] step 4 wrote AVBD output to Particle.pos
[avbd-friction] step 4 applied 1 vert/primitive friction events
[avbd-step] step 4  dof=1875  iters=16  rc=0  wall=10284 us  |Δx|_max=0.00120952  |Δx|_mean=0.000402059  pred_max=0.00120966  drift_max=6.95791e-06  drift@v0.y  conv_max=8.43932e-05  conv_mean=1.06653e-05  nan=0
[outlier] v0  inc_tri=1  worst|M|=5.33333  pos=(-2.25,-0.00179732,-2.25)
[pd-step]     step 4  dof=1875  pd|Δx|_max=0.00120966  pd|Δx|_mean=0.000402359
[avbd-drive] step 5 wrote AVBD output to Particle.pos
[avbd-friction] step 5 applied 1 vert/primitive friction events
[avbd-step] step 5  dof=1875  iters=16  rc=0  wall=10484 us  |Δx|_max=0.00151181  |Δx|_mean=0.000502359  pred_max=0.00151199  drift_max=8.67154e-06  drift@v0.y  conv_max=0.000105187  conv_mean=1.33261e-05  nan=0
[outlier] v0  inc_tri=1  worst|M|=5.33333  pos=(-2.25,-0.00298975,-2.25)
[pd-step]     step 5  dof=1875  pd|Δx|_max=0.00151199  pd|Δx|_mean=0.000502723
[avbd-drive] step 6 wrote AVBD output to Particle.pos
[avbd-friction] step 6 applied 1 vert/primitive friction events
[avbd-step] step 6  dof=1875  iters=16  rc=0  wall=10294 us  |Δx|_max=0.00181406  |Δx|_mean=0.000602598  pred_max=0.00181428  drift_max=1.03763e-05  drift@v0.y  conv_max=0.000125859  conv_mean=1.59848e-05  nan=0
[outlier] v0  inc_tri=1  worst|M|=5.33333  pos=(-2.25,-0.00447598,-2.25)
[pd-step]     step 6  dof=1875  pd|Δx|_max=0.00181428  pd|Δx|_mean=0.000603021
[avbd-drive] step 7 wrote AVBD output to Particle.pos
[avbd-friction] step 7 applied 2 vert/primitive friction events
[avbd-step] step 7  dof=1875  iters=16  rc=0  wall=10349 us  |Δx|_max=0.00211628  |Δx|_mean=0.000701836  pred_max=0.00211653  drift_max=2.68221e-05  drift@v341.x  conv_max=0.000146412  conv_mean=1.86175e-05  nan=0
[outlier] v341  inc_tri=6  worst|M|=5.33333  pos=(0.749986,-0.00633847,0.187494)
[pd-step]     step 7  dof=1875  pd|Δx|_max=0.00211653  pd|Δx|_mean=0.000702343
[avbd-drive] step 8 wrote AVBD output to Particle.pos
[avbd-friction] step 8 applied 3 vert/primitive friction events
[avbd-step] step 8  dof=1875  iters=16  rc=0  wall=10622 us  |Δx|_max=0.00241846  |Δx|_mean=0.000800684  pred_max=0.00241875  drift_max=3.88026e-05  drift@v365.z  conv_max=0.000166846  conv_mean=2.12395e-05  nan=0
[outlier] v365  inc_tri=6  worst|M|=5.33333  pos=(0.562489,-0.00844773,0.374969)
[pd-step]     step 8  dof=1875  pd|Δx|_max=0.00241875  pd|Δx|_mean=0.000801276
[avbd-drive] step 9 wrote AVBD output to Particle.pos
[avbd-friction] step 9 applied 4 vert/primitive friction events
[avbd-step] step 9  dof=1875  iters=16  rc=0  wall=14197 us  |Δx|_max=0.00272061  |Δx|_mean=0.000899188  pred_max=0.00272093  drift_max=4.42764e-05  drift@v315.z  conv_max=0.00018716  conv_mean=2.3852e-05  nan=0
[outlier] v315  inc_tri=6  worst|M|=5.33333  pos=(0.562524,-0.0108545,5.12794e-05)
[pd-step]     step 9  dof=1875  pd|Δx|_max=0.00272093  pd|Δx|_mean=0.000899824
[avbd-drive] step 10 wrote AVBD output to Particle.pos
[avbd-friction] step 10 applied 6 vert/primitive friction events
[avbd-step] step 10  dof=1875  iters=16  rc=0  wall=10402 us  |Δx|_max=0.00302272  |Δx|_mean=0.000995864  pred_max=0.00302308  drift_max=5.69522e-05  drift@v339.x  conv_max=0.000207355  conv_mean=2.64185e-05  nan=0
[outlier] v339  inc_tri=6  worst|M|=5.33333  pos=(0.375082,-0.0135577,0.187533)
[pd-step]     step 10  dof=1875  pd|Δx|_max=0.00302308  pd|Δx|_mean=0.000996686
[avbd-drive] step 11 wrote AVBD output to Particle.pos
[avbd-friction] step 11 applied 7 vert/primitive friction events
[avbd-step] step 11  dof=1875  iters=16  rc=0  wall=10386 us  |Δx|_max=0.00332479  |Δx|_mean=0.00109353  pred_max=0.00332519  drift_max=5.86282e-05  drift@v316.z  conv_max=0.000227435  conv_mean=2.90094e-05  nan=0
[outlier] v316  inc_tri=6  worst|M|=5.33333  pos=(0.749973,-0.016576,9.75251e-05)
[pd-step]     step 11  dof=1875  pd|Δx|_max=0.00332519  pd|Δx|_mean=0.00109427
[avbd-drive] step 12 wrote AVBD output to Particle.pos
[avbd-friction] step 12 applied 8 vert/primitive friction events
[avbd-step] step 12  dof=1875  iters=16  rc=0  wall=9594 us  |Δx|_max=0.00362683  |Δx|_mean=0.001191  pred_max=0.00362726  drift_max=7.08699e-05  drift@v364.x  conv_max=0.000247395  conv_mean=3.15941e-05  nan=0
[outlier] v364  inc_tri=6  worst|M|=5.33333  pos=(0.375121,-0.0198808,0.374963)
[pd-step]     step 12  dof=1875  pd|Δx|_max=0.00362726  pd|Δx|_mean=0.00119165
[avbd-drive] step 13 wrote AVBD output to Particle.pos
[avbd-friction] step 13 applied 9 vert/primitive friction events
[avbd-step] step 13  dof=1875  iters=16  rc=0  wall=10419 us  |Δx|_max=0.00392883  |Δx|_mean=0.00128814  pred_max=0.0039293  drift_max=8.63671e-05  drift@v314.x  conv_max=0.000267241  conv_mean=3.41697e-05  nan=0
[outlier] v314  inc_tri=6  worst|M|=5.33333  pos=(0.375159,-0.0234892,0.000134931)
[pd-step]     step 13  dof=1875  pd|Δx|_max=0.0039293  pd|Δx|_mean=0.00128877
[avbd-drive] step 14 wrote AVBD output to Particle.pos
[avbd-friction] step 14 applied 10 vert/primitive friction events
[avbd-step] step 14  dof=1875  iters=16  rc=0  wall=9852 us  |Δx|_max=0.0042308  |Δx|_mean=0.00138513  pred_max=0.0042313  drift_max=0.000116408  drift@v342.x  conv_max=0.00028697  conv_mean=3.67397e-05  nan=0
[outlier] v342  inc_tri=6  worst|M|=5.33333  pos=(0.9372,-0.027351,0.18745)
[pd-step]     step 14  dof=1875  pd|Δx|_max=0.0042313  pd|Δx|_mean=0.00138558
[avbd-drive] step 15 wrote AVBD output to Particle.pos
[avbd-friction] step 15 applied 10 vert/primitive friction events
[avbd-step] step 15  dof=1875  iters=16  rc=0  wall=9917 us  |Δx|_max=0.00453273  |Δx|_mean=0.00148441  pred_max=0.00453327  drift_max=9.33409e-05  drift@v366.z  conv_max=0.00030658  conv_mean=3.93667e-05  nan=0
[outlier] v366  inc_tri=6  worst|M|=5.33333  pos=(0.750158,-0.0151335,0.375172)
[pd-step]     step 15  dof=1875  pd|Δx|_max=0.00453327  pd|Δx|_mean=0.00148429
[avbd-drive] step 16 wrote AVBD output to Particle.pos
[avbd-friction] step 16 applied 12 vert/primitive friction events
[avbd-step] step 16  dof=1875  iters=16  rc=0  wall=9762 us  |Δx|_max=0.00483463  |Δx|_mean=0.00157901  pred_max=0.0048352  drift_max=0.000135243  drift@v367.x  conv_max=0.000326075  conv_mean=4.18511e-05  nan=0
[outlier] v367  inc_tri=6  worst|M|=5.33333  pos=(0.937102,-0.0360189,0.374752)
[pd-step]     step 16  dof=1875  pd|Δx|_max=0.0048352  pd|Δx|_mean=0.00157913
[avbd-drive] step 17 wrote AVBD output to Particle.pos
[avbd-friction] step 17 applied 15 vert/primitive friction events
[avbd-step] step 17  dof=1875  iters=16  rc=0  wall=10063 us  |Δx|_max=0.00513648  |Δx|_mean=0.00167016  pred_max=0.00513709  drift_max=0.00016582  drift@v391.z  conv_max=0.000345461  conv_mean=4.42477e-05  nan=0
[outlier] v391  inc_tri=6  worst|M|=5.33333  pos=(0.749754,-0.0407239,0.561939)
[pd-step]     step 17  dof=1875  pd|Δx|_max=0.00513709  pd|Δx|_mean=0.00167072
[avbd-drive] step 18 wrote AVBD output to Particle.pos
[avbd-friction] step 18 applied 18 vert/primitive friction events
[avbd-step] step 18  dof=1875  iters=16  rc=0  wall=9945 us  |Δx|_max=0.00543831  |Δx|_mean=0.00176041  pred_max=0.00543895  drift_max=0.000162542  drift@v338.x  conv_max=0.000364725  conv_mean=4.66207e-05  nan=0
[outlier] v338  inc_tri=6  worst|M|=5.33333  pos=(0.188379,-0.0457482,0.187637)
[pd-step]     step 18  dof=1875  pd|Δx|_max=0.00543895  pd|Δx|_mean=0.00176099
[avbd-drive] step 19 wrote AVBD output to Particle.pos
[avbd-friction] step 19 applied 21 vert/primitive friction events
[avbd-step] step 19  dof=1875  iters=16  rc=0  wall=11173 us  |Δx|_max=0.00574009  |Δx|_mean=0.00184983  pred_max=0.00574077  drift_max=0.000199988  drift@v313.x  conv_max=0.000383869  conv_mean=4.89662e-05  nan=0
[outlier] v313  inc_tri=6  worst|M|=5.33333  pos=(0.188209,-0.0512074,0.000373506)
[pd-step]     step 19  dof=1875  pd|Δx|_max=0.00574077  pd|Δx|_mean=0.00185059
[avbd-drive] step 20 wrote AVBD output to Particle.pos
[avbd-friction] step 20 applied 21 vert/primitive friction events
[avbd-step] step 20  dof=1875  iters=16  rc=0  wall=10087 us  |Δx|_max=0.00604185  |Δx|_mean=0.00194806  pred_max=0.00604256  drift_max=0.000172615  drift@v342.x  conv_max=0.000402901  conv_mean=5.15641e-05  nan=0
[outlier] v342  inc_tri=6  worst|M|=5.33333  pos=(0.937926,-0.0292847,0.187455)
[pd-step]     step 20  dof=1875  pd|Δx|_max=0.00604256  pd|Δx|_mean=0.00194697
[avbd-drive] step 21 wrote AVBD output to Particle.pos
[avbd-friction] step 21 applied 22 vert/primitive friction events
[avbd-step] step 21  dof=1875  iters=16  rc=0  wall=10323 us  |Δx|_max=0.00634357  |Δx|_mean=0.00204418  pred_max=0.00634432  drift_max=0.000201643  drift@v342.x  conv_max=0.000421807  conv_mean=5.4054e-05  nan=0
[outlier] v342  inc_tri=6  worst|M|=5.33333  pos=(0.938223,-0.0296809,0.187483)
[pd-step]     step 21  dof=1875  pd|Δx|_max=0.00634432  pd|Δx|_mean=0.00204231
[avbd-drive] step 22 wrote AVBD output to Particle.pos
[avbd-friction] step 22 applied 24 vert/primitive friction events
[avbd-step] step 22  dof=1875  iters=16  rc=0  wall=9541 us  |Δx|_max=0.00664525  |Δx|_mean=0.0021373  pred_max=0.00664604  drift_max=0.00022614  drift@v343.x  conv_max=0.000440605  conv_mean=5.64493e-05  nan=0
[outlier] v343  inc_tri=6  worst|M|=5.33333  pos=(1.12342,-0.0687904,0.187327)
[pd-step]     step 22  dof=1875  pd|Δx|_max=0.00664604  pd|Δx|_mean=0.00213489
[avbd-drive] step 23 wrote AVBD output to Particle.pos
[avbd-friction] step 23 applied 27 vert/primitive friction events
[avbd-step] step 23  dof=1875  iters=16  rc=0  wall=10238 us  |Δx|_max=0.00694689  |Δx|_mean=0.0022264  pred_max=0.00694772  drift_max=0.000287771  drift@v368.x  conv_max=0.000459269  conv_mean=5.8732e-05  nan=0
[outlier] v368  inc_tri=6  worst|M|=5.33333  pos=(1.12348,-0.0752901,0.374401)
[pd-step]     step 23  dof=1875  pd|Δx|_max=0.00694772  pd|Δx|_mean=0.0022242
[avbd-drive] step 24 wrote AVBD output to Particle.pos
[avbd-friction] step 24 applied 31 vert/primitive friction events
[avbd-step] step 24  dof=1875  iters=16  rc=0  wall=9636 us  |Δx|_max=0.0072485  |Δx|_mean=0.00231018  pred_max=0.00724936  drift_max=0.000303984  drift@v416.z  conv_max=0.000477821  conv_mean=6.08777e-05  nan=0
[outlier] v416  inc_tri=6  worst|M|=5.33333  pos=(0.749418,-0.0820852,0.748094)
[pd-step]     step 24  dof=1875  pd|Δx|_max=0.00724936  pd|Δx|_mean=0.00230889
[avbd-drive] step 25 wrote AVBD output to Particle.pos
[avbd-friction] step 25 applied 34 vert/primitive friction events
[avbd-step] step 25  dof=1875  iters=16  rc=0  wall=10164 us  |Δx|_max=0.00755007  |Δx|_mean=0.00239731  pred_max=0.00755097  drift_max=0.00031513  drift@v337.x  conv_max=0.000496238  conv_mean=6.31378e-05  nan=0
[outlier] v337  inc_tri=6  worst|M|=5.33333  pos=(0.00229711,-0.0892983,0.187746)
[pd-step]     step 25  dof=1875  pd|Δx|_max=0.00755097  pd|Δx|_mean=0.00239488
[avbd-drive] step 26 wrote AVBD output to Particle.pos
[avbd-friction] step 26 applied 36 vert/primitive friction events
[avbd-step] step 26  dof=1875  iters=16  rc=0  wall=9637 us  |Δx|_max=0.00785161  |Δx|_mean=0.00248883  pred_max=0.00785254  drift_max=0.000352681  drift@v264.z  conv_max=0.000514537  conv_mean=6.54843e-05  nan=0
[outlier] v264  inc_tri=6  worst|M|=5.33333  pos=(0.376026,-0.0963543,-0.372668)
[pd-step]     step 26  dof=1875  pd|Δx|_max=0.00785254  pd|Δx|_mean=0.00248454
[avbd-drive] step 27 wrote AVBD output to Particle.pos
[avbd-friction] step 27 applied 40 vert/primitive friction events
[avbd-step] step 27  dof=1875  iters=16  rc=0  wall=10360 us  |Δx|_max=0.00815311  |Δx|_mean=0.00257115  pred_max=0.00815408  drift_max=0.000366867  drift@v417.z  conv_max=0.000532694  conv_mean=6.75631e-05  nan=0
[outlier] v417  inc_tri=6  worst|M|=5.33333  pos=(0.935837,-0.104252,0.747609)
[pd-step]     step 27  dof=1875  pd|Δx|_max=0.00815408  pd|Δx|_mean=0.00256814
[avbd-drive] step 28 wrote AVBD output to Particle.pos
[avbd-friction] step 28 applied 41 vert/primitive friction events
[avbd-step] step 28  dof=1875  iters=16  rc=0  wall=10162 us  |Δx|_max=0.00845457  |Δx|_mean=0.0026662  pred_max=0.00845558  drift_max=0.000345469  drift@v343.x  conv_max=0.000550732  conv_mean=7.00085e-05  nan=0
[outlier] v343  inc_tri=6  worst|M|=5.33333  pos=(1.12512,-0.0707702,0.187475)
[pd-step]     step 28  dof=1875  pd|Δx|_max=0.00845558  pd|Δx|_mean=0.00265992
[avbd-drive] step 29 wrote AVBD output to Particle.pos
[avbd-friction] step 29 applied 43 vert/primitive friction events
[avbd-step] step 29  dof=1875  iters=16  rc=0  wall=9977 us  |Δx|_max=0.00875598  |Δx|_mean=0.00275925  pred_max=0.00875704  drift_max=0.000420853  drift@v263.y  conv_max=0.000568621  conv_mean=7.23004e-05  nan=0
[outlier] v263  inc_tri=6  worst|M|=5.33333  pos=(0.189655,-0.120833,-0.372249)
[pd-step]     step 29  dof=1875  pd|Δx|_max=0.00875704  pd|Δx|_mean=0.00275073
[avbd-drive] step 30 wrote AVBD output to Particle.pos
[avbd-friction] step 30 applied 46 vert/primitive friction events
[avbd-step] step 30  dof=1875  iters=16  rc=0  wall=10387 us  |Δx|_max=0.00905736  |Δx|_mean=0.00284749  pred_max=0.00905845  drift_max=0.000409902  drift@v287.x  conv_max=0.000586346  conv_mean=7.44328e-05  nan=0
[outlier] v287  inc_tri=6  worst|M|=5.33333  pos=(0.00342091,-0.128731,-0.185014)
[pd-step]     step 30  dof=1875  pd|Δx|_max=0.00905845  pd|Δx|_mean=0.00283878
[avbd-drive] step 31 wrote AVBD output to Particle.pos
[avbd-friction] step 31 applied 49 vert/primitive friction events
[avbd-step] step 31  dof=1875  iters=16  rc=0  wall=10345 us  |Δx|_max=0.00935869  |Δx|_mean=0.00293551  pred_max=0.00935982  drift_max=0.000515342  drift@v418.y  conv_max=0.000603929  conv_mean=7.6549e-05  nan=0
[outlier] v418  inc_tri=6  worst|M|=5.33333  pos=(1.12183,-0.138374,0.746798)
[pd-step]     step 31  dof=1875  pd|Δx|_max=0.00935983  pd|Δx|_mean=0.00292571
[avbd-drive] step 32 wrote AVBD output to Particle.pos
[avbd-friction] step 32 applied 53 vert/primitive friction events
[avbd-step] step 32  dof=1875  iters=16  rc=0  wall=9883 us  |Δx|_max=0.00965996  |Δx|_mean=0.00301821  pred_max=0.00966115  drift_max=0.000471383  drift@v268.y  conv_max=0.000621364  conv_mean=7.85053e-05  nan=0
[outlier] v268  inc_tri=6  worst|M|=5.33333  pos=(1.12203,-0.146525,-0.371459)
[pd-step]     step 32  dof=1875  pd|Δx|_max=0.00966116  pd|Δx|_mean=0.0030084
[avbd-drive] step 33 wrote AVBD output to Particle.pos
[avbd-friction] step 33 applied 58 vert/primitive friction events
[avbd-step] step 33  dof=1875  iters=16  rc=0  wall=10218 us  |Δx|_max=0.00996119  |Δx|_mean=0.00309485  pred_max=0.00996242  drift_max=0.000534654  drift@v394.x  conv_max=0.000638619  conv_mean=8.02832e-05  nan=0
[outlier] v394  inc_tri=6  worst|M|=5.33333  pos=(1.30761,-0.155929,0.559905)
[pd-step]     step 33  dof=1875  pd|Δx|_max=0.00996243  pd|Δx|_mean=0.00308566
[avbd-drive] step 34 wrote AVBD output to Particle.pos
[avbd-friction] step 34 applied 63 vert/primitive friction events
[avbd-step] step 34  dof=1875  iters=16  rc=0  wall=10888 us  |Δx|_max=0.0102624  |Δx|_mean=0.0031698  pred_max=0.0102637  drift_max=0.000671566  drift@v262.y  conv_max=0.000655696  conv_mean=8.20298e-05  nan=0
[outlier] v262  inc_tri=6  worst|M|=5.33333  pos=(0.00434641,-0.166509,-0.37075)
[pd-step]     step 34  dof=1875  pd|Δx|_max=0.0102637  pd|Δx|_mean=0.00316053
[avbd-drive] step 35 wrote AVBD output to Particle.pos
[avbd-friction] step 35 applied 66 vert/primitive friction events
[avbd-step] step 35  dof=1875  iters=16  rc=0  wall=9887 us  |Δx|_max=0.0105635  |Δx|_mean=0.0032551  pred_max=0.0105648  drift_max=0.000585258  drift@v238.y  conv_max=0.000672609  conv_mean=8.40562e-05  nan=0
[outlier] v238  inc_tri=6  worst|M|=5.33333  pos=(0.190635,-0.176298,-0.557293)
[pd-step]     step 35  dof=1875  pd|Δx|_max=0.0105648  pd|Δx|_mean=0.00324226
[avbd-drive] step 36 wrote AVBD output to Particle.pos
[avbd-friction] step 36 applied 68 vert/primitive friction events
[avbd-step] step 36  dof=1875  iters=16  rc=0  wall=9973 us  |Δx|_max=0.0108645  |Δx|_mean=0.00334832  pred_max=0.0108659  drift_max=0.000685781  drift@v286.y  conv_max=0.000689298  conv_mean=8.61903e-05  nan=0
[outlier] v286  inc_tri=6  worst|M|=5.33333  pos=(-0.181395,-0.185528,-0.184152)
[pd-step]     step 36  dof=1875  pd|Δx|_max=0.0108659  pd|Δx|_mean=0.00333098
[avbd-drive] step 37 wrote AVBD output to Particle.pos
[avbd-friction] step 37 applied 69 vert/primitive friction events
[avbd-step] step 37  dof=1875  iters=16  rc=0  wall=10083 us  |Δx|_max=0.0111654  |Δx|_mean=0.0034495  pred_max=0.011167  drift_max=0.000902206  drift@v419.y  conv_max=0.000705793  conv_mean=8.84489e-05  nan=0
[outlier] v419  inc_tri=6  worst|M|=5.33333  pos=(1.30594,-0.196464,0.744723)
[pd-step]     step 37  dof=1875  pd|Δx|_max=0.011167  pd|Δx|_mean=0.00342701
[avbd-drive] step 38 wrote AVBD output to Particle.pos
[avbd-friction] step 38 applied 73 vert/primitive friction events
[avbd-step] step 38  dof=1875  iters=16  rc=0  wall=10119 us  |Δx|_max=0.0114663  |Δx|_mean=0.00353416  pred_max=0.0114679  drift_max=0.000700846  drift@v419.y  conv_max=0.000722051  conv_mean=9.02063e-05  nan=0
[outlier] v419  inc_tri=6  worst|M|=5.33333  pos=(1.30471,-0.205073,0.743618)
[pd-step]     step 38  dof=1875  pd|Δx|_max=0.0114679  pd|Δx|_mean=0.00351272
[avbd-drive] step 39 wrote AVBD output to Particle.pos
[avbd-friction] step 39 applied 78 vert/primitive friction events
[avbd-step] step 39  dof=1875  iters=16  rc=0  wall=9867 us  |Δx|_max=0.011767  |Δx|_mean=0.00361203  pred_max=0.0117688  drift_max=0.000874892  drift@v237.y  conv_max=0.000738084  conv_mean=9.18259e-05  nan=0
[outlier] v237  inc_tri=6  worst|M|=5.33333  pos=(0.00577084,-0.219618,-0.555678)
[pd-step]     step 39  dof=1875  pd|Δx|_max=0.0117688  pd|Δx|_mean=0.00359067
[avbd-drive] step 40 wrote AVBD output to Particle.pos
[avbd-friction] step 40 applied 82 vert/primitive friction events
[avbd-step] step 40  dof=1875  iters=16  rc=0  wall=10029 us  |Δx|_max=0.0120676  |Δx|_mean=0.00369509  pred_max=0.0120695  drift_max=0.00112021  drift@v237.y  conv_max=0.000753835  conv_mean=9.3576e-05  nan=0
[outlier] v237  inc_tri=6  worst|M|=5.33333  pos=(0.00682116,-0.229149,-0.554536)
[pd-step]     step 40  dof=1875  pd|Δx|_max=0.0120695  pd|Δx|_mean=0.0036711
[avbd-drive] step 41 wrote AVBD output to Particle.pos
[avbd-friction] step 41 applied 89 vert/primitive friction events
[avbd-step] step 41  dof=1875  iters=16  rc=0  wall=9467 us  |Δx|_max=0.0123681  |Δx|_mean=0.00375869  pred_max=0.0123701  drift_max=0.000968233  drift@v467.y  conv_max=0.000769332  conv_mean=9.48412e-05  nan=0
[outlier] v467  inc_tri=6  worst|M|=5.33333  pos=(0.933142,-0.238228,1.11426)
[pd-step]     step 41  dof=1875  pd|Δx|_max=0.0123701  pd|Δx|_mean=0.00373856
[avbd-drive] step 42 wrote AVBD output to Particle.pos
[avbd-friction] step 42 applied 92 vert/primitive friction events
[avbd-step] step 42  dof=1875  iters=16  rc=0  wall=9799 us  |Δx|_max=0.0126685  |Δx|_mean=0.00384584  pred_max=0.0126706  drift_max=0.00119606  drift@v444.y  conv_max=0.000784487  conv_mean=9.6787e-05  nan=0
[outlier] v444  inc_tri=6  worst|M|=5.33333  pos=(1.303,-0.253487,0.928425)
[pd-step]     step 42  dof=1875  pd|Δx|_max=0.0126706  pd|Δx|_mean=0.00381888
[avbd-drive] step 43 wrote AVBD output to Particle.pos
[avbd-friction] step 43 applied 95 vert/primitive friction events
[avbd-step] step 43  dof=1875  iters=16  rc=0  wall=9511 us  |Δx|_max=0.0129686  |Δx|_mean=0.0039356  pred_max=0.0129709  drift_max=0.00108486  drift@v213.y  conv_max=0.000799388  conv_mean=9.86395e-05  nan=0
[outlier] v213  inc_tri=6  worst|M|=5.33333  pos=(0.192801,-0.261317,-0.738442)
[pd-step]     step 43  dof=1875  pd|Δx|_max=0.0129709  pd|Δx|_mean=0.00390373
[avbd-drive] step 44 wrote AVBD output to Particle.pos
[avbd-friction] step 44 applied 99 vert/primitive friction events
[avbd-step] step 44  dof=1875  iters=16  rc=0  wall=9636 us  |Δx|_max=0.0132685  |Δx|_mean=0.00402017  pred_max=0.013271  drift_max=0.00115353  drift@v236.y  conv_max=0.000813931  conv_mean=0.000100278  nan=0
[outlier] v236  inc_tri=6  worst|M|=5.33333  pos=(-0.177844,-0.279806,-0.553027)
[pd-step]     step 44  dof=1875  pd|Δx|_max=0.013271  pd|Δx|_mean=0.00398683
[avbd-drive] step 45 wrote AVBD output to Particle.pos
[avbd-friction] step 45 applied 101 vert/primitive friction events
[avbd-step] step 45  dof=1875  iters=16  rc=0  wall=9532 us  |Δx|_max=0.0135681  |Δx|_mean=0.00411048  pred_max=0.0135709  drift_max=0.00147575  drift@v236.y  conv_max=0.000828087  conv_mean=0.00010206  nan=0
[outlier] v236  inc_tri=6  worst|M|=5.33333  pos=(-0.176636,-0.290132,-0.551785)
[pd-step]     step 45  dof=1875  pd|Δx|_max=0.0135709  pd|Δx|_mean=0.00407356
[avbd-drive] step 46 wrote AVBD output to Particle.pos
[avbd-friction] step 46 applied 107 vert/primitive friction events
[avbd-step] step 46  dof=1875  iters=16  rc=0  wall=9603 us  |Δx|_max=0.0138675  |Δx|_mean=0.00418046  pred_max=0.0138706  drift_max=0.00130609  drift@v212.y  conv_max=0.000841916  conv_mean=0.000103177  nan=0
[outlier] v212  inc_tri=6  worst|M|=5.33333  pos=(0.00884653,-0.302366,-0.736648)
[pd-step]     step 46  dof=1875  pd|Δx|_max=0.0138706  pd|Δx|_mean=0.00414611
[avbd-drive] step 47 wrote AVBD output to Particle.pos
[avbd-friction] step 47 applied 109 vert/primitive friction events
[avbd-step] step 47  dof=1875  iters=16  rc=0  wall=9584 us  |Δx|_max=0.0141666  |Δx|_mean=0.00427539  pred_max=0.01417  drift_max=0.00147715  drift@v212.y  conv_max=0.000855267  conv_mean=0.000105014  nan=0
[outlier] v212  inc_tri=6  worst|M|=5.33333  pos=(0.00998413,-0.311813,-0.734964)
[pd-step]     step 47  dof=1875  pd|Δx|_max=0.01417  pd|Δx|_mean=0.00423324
[avbd-drive] step 48 wrote AVBD output to Particle.pos
[avbd-friction] step 48 applied 113 vert/primitive friction events
[avbd-step] step 48  dof=1875  iters=16  rc=0  wall=10523 us  |Δx|_max=0.0144653  |Δx|_mean=0.00434701  pred_max=0.014469  drift_max=0.00157464  drift@v445.y  conv_max=0.000868291  conv_mean=0.000106146  nan=0
[outlier] v445  inc_tri=6  worst|M|=5.33333  pos=(1.48242,-0.328691,0.923846)
[pd-step]     step 48  dof=1875  pd|Δx|_max=0.014469  pd|Δx|_mean=0.00430803
[avbd-drive] step 49 wrote AVBD output to Particle.pos
[avbd-friction] step 49 applied 118 vert/primitive friction events
[avbd-step] step 49  dof=1875  iters=16  rc=0  wall=10387 us  |Δx|_max=0.0147636  |Δx|_mean=0.004423  pred_max=0.0147677  drift_max=0.00159016  drift@v469.y  conv_max=0.000880778  conv_mean=0.000107388  nan=0
[outlier] v469  inc_tri=6  worst|M|=5.33333  pos=(1.29709,-0.338394,1.10698)
[pd-step]     step 49  dof=1875  pd|Δx|_max=0.0147677  pd|Δx|_mean=0.00438109
[avbd-drive] step 50 wrote AVBD output to Particle.pos
[avbd-friction] step 50 applied 124 vert/primitive friction events
[avbd-step] step 50  dof=1875  iters=16  rc=0  wall=9934 us  |Δx|_max=0.0150614  |Δx|_mean=0.00450108  pred_max=0.015066  drift_max=0.00158304  drift@v211.y  conv_max=0.000892818  conv_mean=0.00010869  nan=0
[outlier] v211  inc_tri=6  worst|M|=5.33333  pos=(-0.174202,-0.359079,-0.733837)
[pd-step]     step 50  dof=1875  pd|Δx|_max=0.015066  pd|Δx|_mean=0.00445576
[avbd-drive] step 51 wrote AVBD output to Particle.pos
[avbd-friction] step 51 applied 124 vert/primitive friction events
[avbd-step] step 51  dof=1875  iters=16  rc=0  wall=9809 us  |Δx|_max=0.0153587  |Δx|_mean=0.00458597  pred_max=0.0153639  drift_max=0.00185722  drift@v211.y  conv_max=0.000904292  conv_mean=0.000110067  nan=0
[outlier] v211  inc_tri=6  worst|M|=5.33333  pos=(-0.172936,-0.369371,-0.732197)
[pd-step]     step 51  dof=1875  pd|Δx|_max=0.0153639  pd|Δx|_mean=0.00453566
[avbd-drive] step 52 wrote AVBD output to Particle.pos
[avbd-friction] step 52 applied 128 vert/primitive friction events
[avbd-step] step 52  dof=1875  iters=16  rc=0  wall=10023 us  |Δx|_max=0.0156555  |Δx|_mean=0.00466231  pred_max=0.0156612  drift_max=0.00194991  drift@v211.y  conv_max=0.000915349  conv_mean=0.000111142  nan=0
[outlier] v211  inc_tri=6  worst|M|=5.33333  pos=(-0.171694,-0.378109,-0.730597)
[pd-step]     step 52  dof=1875  pd|Δx|_max=0.0156612  pd|Δx|_mean=0.0046122
[avbd-drive] step 53 wrote AVBD output to Particle.pos
[avbd-friction] step 53 applied 131 vert/primitive friction events
[avbd-step] step 53  dof=1875  iters=16  rc=0  wall=10107 us  |Δx|_max=0.0159517  |Δx|_mean=0.00473715  pred_max=0.015958  drift_max=0.00191396  drift@v470.y  conv_max=0.00092572  conv_mean=0.00011223  nan=0
[outlier] v470  inc_tri=6  worst|M|=5.33333  pos=(1.4772,-0.401932,1.10277)
[pd-step]     step 53  dof=1875  pd|Δx|_max=0.015958  pd|Δx|_mean=0.00468587
[avbd-drive] step 54 wrote AVBD output to Particle.pos
[avbd-friction] step 54 applied 132 vert/primitive friction events
[avbd-step] step 54  dof=1875  iters=16  rc=0  wall=9697 us  |Δx|_max=0.0162472  |Δx|_mean=0.0048125  pred_max=0.0162542  drift_max=0.0021446  drift@v470.y  conv_max=0.000935644  conv_mean=0.000113378  nan=0
[outlier] v470  inc_tri=6  worst|M|=5.33333  pos=(1.47502,-0.411885,1.10051)
[pd-step]     step 54  dof=1875  pd|Δx|_max=0.0162542  pd|Δx|_mean=0.00476087
[avbd-drive] step 55 wrote AVBD output to Particle.pos
[avbd-friction] step 55 applied 131 vert/primitive friction events
[avbd-step] step 55  dof=1875  iters=16  rc=0  wall=9712 us  |Δx|_max=0.0165419  |Δx|_mean=0.00490896  pred_max=0.0165496  drift_max=0.0018945  drift@v446.y  conv_max=0.000944853  conv_mean=0.000115078  nan=0
[outlier] v446  inc_tri=6  worst|M|=5.33333  pos=(1.6547,-0.42696,0.915237)
[pd-step]     step 55  dof=1875  pd|Δx|_max=0.0165496  pd|Δx|_mean=0.00485298
[avbd-drive] step 56 wrote AVBD output to Particle.pos
[avbd-friction] step 56 applied 138 vert/primitive friction events
[avbd-step] step 56  dof=1875  iters=16  rc=0  wall=9661 us  |Δx|_max=0.0168358  |Δx|_mean=0.00494878  pred_max=0.0168443  drift_max=0.00201115  drift@v210.y  conv_max=0.000953555  conv_mean=0.000115406  nan=0
[outlier] v210  inc_tri=6  worst|M|=5.33333  pos=(-0.353822,-0.446309,-0.728176)
[pd-step]     step 56  dof=1875  pd|Δx|_max=0.0168443  pd|Δx|_mean=0.00490474
[avbd-drive] step 57 wrote AVBD output to Particle.pos
[avbd-friction] step 57 applied 142 vert/primitive friction events
[avbd-step] step 57  dof=1875  iters=16  rc=0  wall=9802 us  |Δx|_max=0.0171289  |Δx|_mean=0.00502528  pred_max=0.0171383  drift_max=0.00225368  drift@v210.y  conv_max=0.000961512  conv_mean=0.000116657  nan=0
[outlier] v210  inc_tri=6  worst|M|=5.33333  pos=(-0.352467,-0.456088,-0.726699)
[pd-step]     step 57  dof=1875  pd|Δx|_max=0.0171383  pd|Δx|_mean=0.00497261
[avbd-drive] step 58 wrote AVBD output to Particle.pos
[avbd-friction] step 58 applied 144 vert/primitive friction events
[avbd-step] step 58  dof=1875  iters=16  rc=0  wall=9920 us  |Δx|_max=0.0174212  |Δx|_mean=0.00508734  pred_max=0.0174314  drift_max=0.00225458  drift@v210.y  conv_max=0.000969082  conv_mean=0.000117521  nan=0
[outlier] v210  inc_tri=6  worst|M|=5.33333  pos=(-0.351283,-0.463916,-0.725388)
[pd-step]     step 58  dof=1875  pd|Δx|_max=0.0174314  pd|Δx|_mean=0.00503663
[avbd-drive] step 59 wrote AVBD output to Particle.pos
[avbd-friction] step 59 applied 144 vert/primitive friction events
[avbd-step] step 59  dof=1875  iters=16  rc=0  wall=10168 us  |Δx|_max=0.0177125  |Δx|_mean=0.00514914  pred_max=0.0177237  drift_max=0.00228101  drift@v471.y  conv_max=0.000976175  conv_mean=0.000118386  nan=0
[outlier] v471  inc_tri=6  worst|M|=5.33333  pos=(1.6488,-0.49636,1.09112)
[pd-step]     step 59  dof=1875  pd|Δx|_max=0.0177237  pd|Δx|_mean=0.00509911
[avbd-drive] step 60 wrote AVBD output to Particle.pos
[avbd-friction] step 60 applied 147 vert/primitive friction events
[avbd-step] step 60  dof=1875  iters=16  rc=0  wall=14466 us  |Δx|_max=0.018003  |Δx|_mean=0.00522473  pred_max=0.018015  drift_max=0.0024094  drift@v471.y  conv_max=0.000983655  conv_mean=0.000119538  nan=0
[outlier] v471  inc_tri=6  worst|M|=5.33333  pos=(1.64573,-0.506378,1.08827)
[pd-step]     step 60  dof=1875  pd|Δx|_max=0.018015  pd|Δx|_mean=0.00516951
[avbd-drive] step 61 wrote AVBD output to Particle.pos
[avbd-friction] step 61 applied 153 vert/primitive friction events
[avbd-step] step 61  dof=1875  iters=16  rc=0  wall=10187 us  |Δx|_max=0.0186219  |Δx|_mean=0.00526185  pred_max=0.0183055  drift_max=0.0018394  drift@v447.y  conv_max=0.000990927  conv_mean=0.000119886  nan=0
[outlier] v447  inc_tri=6  worst|M|=5.33333  pos=(1.82166,-0.529433,0.903085)
[pd-step]     step 61  dof=1875  pd|Δx|_max=0.0183055  pd|Δx|_mean=0.0052139
[avbd-drive] step 62 wrote AVBD output to Particle.pos
[avbd-friction] step 62 applied 155 vert/primitive friction events
[avbd-step] step 62  dof=1875  iters=16  rc=0  wall=9524 us  |Δx|_max=0.0193665  |Δx|_mean=0.00531753  pred_max=0.0189244  drift_max=0.00205022  drift@v185.y  conv_max=0.000997961  conv_mean=0.000120731  nan=0
[outlier] v185  inc_tri=6  worst|M|=5.33333  pos=(-0.347691,-0.543629,-0.903333)
[pd-step]     step 62  dof=1875  pd|Δx|_max=0.0189244  pd|Δx|_mean=0.00526304
[avbd-drive] step 63 wrote AVBD output to Particle.pos
[avbd-friction] step 63 applied 157 vert/primitive friction events
[avbd-step] step 63  dof=1875  iters=16  rc=0  wall=10604 us  |Δx|_max=0.0198548  |Δx|_mean=0.00535104  pred_max=0.019669  drift_max=0.00219047  drift@v185.y  conv_max=0.00100452  conv_mean=0.000120899  nan=0
[outlier] v185  inc_tri=6  worst|M|=5.33333  pos=(-0.346177,-0.553632,-0.901342)
[pd-step]     step 63  dof=1875  pd|Δx|_max=0.019669  pd|Δx|_mean=0.00530395
[avbd-drive] step 64 wrote AVBD output to Particle.pos
[avbd-friction] step 64 applied 159 vert/primitive friction events
[avbd-step] step 64  dof=1875  iters=16  rc=0  wall=9997 us  |Δx|_max=0.0199856  |Δx|_mean=0.00541076  pred_max=0.0201573  drift_max=0.00246698  drift@v496.y  conv_max=0.00101084  conv_mean=0.00012166  nan=0
[outlier] v496  inc_tri=6  worst|M|=5.33333  pos=(1.64023,-0.585693,1.26005)
[pd-step]     step 64  dof=1875  pd|Δx|_max=0.0201573  pd|Δx|_mean=0.00535794
[avbd-drive] step 65 wrote AVBD output to Particle.pos
[avbd-friction] step 65 applied 160 vert/primitive friction events
[avbd-step] step 65  dof=1875  iters=16  rc=0  wall=10107 us  |Δx|_max=0.0198038  |Δx|_mean=0.00545938  pred_max=0.0202881  drift_max=0.00269836  drift@v496.y  conv_max=0.00101703  conv_mean=0.000122202  nan=0
[outlier] v496  inc_tri=6  worst|M|=5.33333  pos=(1.63692,-0.596815,1.25623)
[pd-step]     step 65  dof=1875  pd|Δx|_max=0.020288  pd|Δx|_mean=0.00541214
[avbd-drive] step 66 wrote AVBD output to Particle.pos
[avbd-friction] step 66 applied 160 vert/primitive friction events
[avbd-step] step 66  dof=1875  iters=16  rc=0  wall=9944 us  |Δx|_max=0.0206205  |Δx|_mean=0.00550631  pred_max=0.0201063  drift_max=0.0033524  drift@v324.x  conv_max=0.00102288  conv_mean=0.000122658  nan=0
[outlier] v324  inc_tri=3  worst|M|=5.33333  pos=(2.14275,-0.643482,0.0103879)
[pd-step]     step 66  dof=1875  pd|Δx|_max=0.0201063  pd|Δx|_mean=0.00545699
[avbd-drive] step 67 wrote AVBD output to Particle.pos
[avbd-friction] step 67 applied 169 vert/primitive friction events
[avbd-step] step 67  dof=1875  iters=16  rc=0  wall=10551 us  |Δx|_max=0.0213614  |Δx|_mean=0.00555437  pred_max=0.020923  drift_max=0.00422764  drift@v324.x  conv_max=0.00102842  conv_mean=0.000123107  nan=0
[outlier] v324  inc_tri=3  worst|M|=5.33333  pos=(2.12957,-0.662928,0.0112675)
[pd-step]     step 67  dof=1875  pd|Δx|_max=0.0209229  pd|Δx|_mean=0.00550444
[avbd-drive] step 68 wrote AVBD output to Particle.pos
[avbd-friction] step 68 applied 174 vert/primitive friction events
[avbd-step] step 68  dof=1875  iters=16  rc=0  wall=9841 us  |Δx|_max=0.0214512  |Δx|_mean=0.00556761  pred_max=0.0216639  drift_max=0.00317216  drift@v324.x  conv_max=0.00103384  conv_mean=0.000122832  nan=0
[outlier] v324  inc_tri=3  worst|M|=5.33333  pos=(2.11217,-0.681716,0.0121341)
[pd-step]     step 68  dof=1875  pd|Δx|_max=0.0216639  pd|Δx|_mean=0.00551858
[avbd-drive] step 69 wrote AVBD output to Particle.pos
[avbd-friction] step 69 applied 177 vert/primitive friction events
[avbd-step] step 69  dof=1875  iters=16  rc=0  wall=10569 us  |Δx|_max=0.0212485  |Δx|_mean=0.00560004  pred_max=0.0217537  drift_max=0.00339842  drift@v274.x  conv_max=0.00103939  conv_mean=0.000122948  nan=0
[outlier] v274  inc_tri=3  worst|M|=5.33333  pos=(2.13866,-0.702144,-0.327471)
[pd-step]     step 69  dof=1875  pd|Δx|_max=0.0217536  pd|Δx|_mean=0.00554342
[avbd-drive] step 70 wrote AVBD output to Particle.pos
[avbd-friction] step 70 applied 178 vert/primitive friction events
[avbd-step] step 70  dof=1875  iters=16  rc=0  wall=10012 us  |Δx|_max=0.0220589  |Δx|_mean=0.00564954  pred_max=0.021551  drift_max=0.00386834  drift@v274.x  conv_max=0.00104499  conv_mean=0.000123438  nan=0
[outlier] v274  inc_tri=3  worst|M|=5.33333  pos=(2.1263,-0.723151,-0.323872)
[pd-step]     step 70  dof=1875  pd|Δx|_max=0.021551  pd|Δx|_mean=0.00559293
[avbd-drive] step 71 wrote AVBD output to Particle.pos
[avbd-friction] step 71 applied 184 vert/primitive friction events
[avbd-step] step 71  dof=1875  iters=16  rc=0  wall=10134 us  |Δx|_max=0.0232095  |Δx|_mean=0.00565002  pred_max=0.0223614  drift_max=0.00387084  drift@v349.y  conv_max=0.00105065  conv_mean=0.000122957  nan=0
[outlier] v349  inc_tri=3  worst|M|=5.33333  pos=(2.13073,-0.653072,0.179803)
[pd-step]     step 71  dof=1875  pd|Δx|_max=0.0223614  pd|Δx|_mean=0.0055998
[avbd-drive] step 72 wrote AVBD output to Particle.pos
[avbd-friction] step 72 applied 193 vert/primitive friction events
[avbd-step] step 72  dof=1875  iters=16  rc=0  wall=10898 us  |Δx|_max=0.0249063  |Δx|_mean=0.00564786  pred_max=0.0235119  drift_max=0.0040009  drift@v349.y  conv_max=0.00105643  conv_mean=0.000122579  nan=0
[outlier] v349  inc_tri=3  worst|M|=5.33333  pos=(2.1361,-0.643842,0.17828)
[pd-step]     step 72  dof=1875  pd|Δx|_max=0.0235119  pd|Δx|_mean=0.00559104
[avbd-drive] step 73 wrote AVBD output to Particle.pos
[avbd-friction] step 73 applied 195 vert/primitive friction events
[avbd-step] step 73  dof=1875  iters=16  rc=0  wall=10426 us  |Δx|_max=0.0273038  |Δx|_mean=0.00569352  pred_max=0.0252088  drift_max=0.00378388  drift@v374.z  conv_max=0.00106311  conv_mean=0.000123125  nan=0
[outlier] v374  inc_tri=3  worst|M|=5.33333  pos=(2.10629,-0.674371,0.338791)
[pd-step]     step 73  dof=1875  pd|Δx|_max=0.0252087  pd|Δx|_mean=0.00563095
[avbd-drive] step 74 wrote AVBD output to Particle.pos
[avbd-friction] step 74 applied 202 vert/primitive friction events
[avbd-step] step 74  dof=1875  iters=16  rc=0  wall=10507 us  |Δx|_max=0.0301778  |Δx|_mean=0.00571242  pred_max=0.0276063  drift_max=0.00421196  drift@v374.z  conv_max=0.0010702  conv_mean=0.00012285  nan=0
[outlier] v374  inc_tri=3  worst|M|=5.33333  pos=(2.10326,-0.672342,0.333028)
[pd-step]     step 74  dof=1875  pd|Δx|_max=0.0276063  pd|Δx|_mean=0.00564693
[avbd-drive] step 75 wrote AVBD output to Particle.pos
[avbd-friction] step 75 applied 210 vert/primitive friction events
[avbd-step] step 75  dof=1875  iters=16  rc=0  wall=9830 us  |Δx|_max=0.0324146  |Δx|_mean=0.00572461  pred_max=0.0304803  drift_max=0.00387219  drift@v374.z  conv_max=0.00107723  conv_mean=0.000122332  nan=0
[outlier] v374  inc_tri=3  worst|M|=5.33333  pos=(2.10061,-0.669005,0.326025)
[pd-step]     step 75  dof=1875  pd|Δx|_max=0.0304803  pd|Δx|_mean=0.00566138
[avbd-drive] step 76 wrote AVBD output to Particle.pos
[avbd-friction] step 76 applied 215 vert/primitive friction events
[avbd-step] step 76  dof=1875  iters=16  rc=0  wall=11685 us  |Δx|_max=0.032382  |Δx|_mean=0.00575428  pred_max=0.0327171  drift_max=0.00378269  drift@v498.y  conv_max=0.00108522  conv_mean=0.000121903  nan=0
[outlier] v498  inc_tri=6  worst|M|=5.33333  pos=(1.95348,-0.82961,1.18935)
[pd-step]     step 76  dof=1875  pd|Δx|_max=0.0327171  pd|Δx|_mean=0.00568576
[avbd-drive] step 77 wrote AVBD output to Particle.pos
[avbd-friction] step 77 applied 211 vert/primitive friction events
[avbd-step] step 77  dof=1875  iters=16  rc=0  wall=10867 us  |Δx|_max=0.0296679  |Δx|_mean=0.00578423  pred_max=0.0326845  drift_max=0.00323248  drift@v374.y  conv_max=0.00109327  conv_mean=0.000121801  nan=0
[outlier] v374  inc_tri=3  worst|M|=5.33333  pos=(2.09793,-0.658562,0.312163)
[pd-step]     step 77  dof=1875  pd|Δx|_max=0.0326845  pd|Δx|_mean=0.00571
[avbd-drive] step 78 wrote AVBD output to Particle.pos
[avbd-friction] step 78 applied 218 vert/primitive friction events
[avbd-step] step 78  dof=1875  iters=16  rc=0  wall=10305 us  |Δx|_max=0.0288145  |Δx|_mean=0.00575933  pred_max=0.0299704  drift_max=0.00511146  drift@v615.z  conv_max=0.00110292  conv_mean=0.000120601  nan=0
[outlier] v615  inc_tri=3  worst|M|=5.33333  pos=(0.555087,-0.84361,2.07726)
[pd-step]     step 78  dof=1875  pd|Δx|_max=0.0299704  pd|Δx|_mean=0.00569617
[avbd-drive] step 79 wrote AVBD output to Particle.pos
[avbd-friction] step 79 applied 224 vert/primitive friction events
[avbd-step] step 79  dof=1875  iters=16  rc=0  wall=10213 us  |Δx|_max=0.0288157  |Δx|_mean=0.005774  pred_max=0.029117  drift_max=0.00519294  drift@v614.y  conv_max=0.00111336  conv_mean=0.000120056  nan=0
[outlier] v614  inc_tri=3  worst|M|=5.33333  pos=(0.393466,-0.967834,2.05052)
[pd-step]     step 79  dof=1875  pd|Δx|_max=0.029117  pd|Δx|_mean=0.00569993
[avbd-drive] step 80 wrote AVBD output to Particle.pos
[avbd-friction] step 80 applied 229 vert/primitive friction events
[avbd-step] step 80  dof=1875  iters=16  rc=0  wall=9680 us  |Δx|_max=0.0290743  |Δx|_mean=0.00578122  pred_max=0.0291182  drift_max=0.00410163  drift@v614.y  conv_max=0.00112569  conv_mean=0.00011895  nan=0
[outlier] v614  inc_tri=3  worst|M|=5.33333  pos=(0.392285,-0.988111,2.03292)
[pd-step]     step 80  dof=1875  pd|Δx|_max=0.0291182  pd|Δx|_mean=0.00571341
[avbd-drive] step 81 wrote AVBD output to Particle.pos
[avbd-friction] step 81 applied 234 vert/primitive friction events
[avbd-step] step 81  dof=1875  iters=16  rc=0  wall=10330 us  |Δx|_max=0.0295328  |Δx|_mean=0.00575723  pred_max=0.0293767  drift_max=0.00410628  drift@v616.y  conv_max=0.00113934  conv_mean=0.000118162  nan=0
[outlier] v616  inc_tri=3  worst|M|=5.33333  pos=(0.70782,-0.999036,2.02315)
[pd-step]     step 81  dof=1875  pd|Δx|_max=0.0293767  pd|Δx|_mean=0.00569805
[avbd-drive] step 82 wrote AVBD output to Particle.pos
[avbd-friction] step 82 applied 238 vert/primitive friction events
[avbd-step] step 82  dof=1875  iters=16  rc=0  wall=10214 us  |Δx|_max=0.0311784  |Δx|_mean=0.00571164  pred_max=0.0298352  drift_max=0.00458312  drift@v616.y  conv_max=0.00115579  conv_mean=0.000116981  nan=0
[outlier] v616  inc_tri=3  worst|M|=5.33333  pos=(0.705618,-1.01712,2.0033)
[pd-step]     step 82  dof=1875  pd|Δx|_max=0.0298353  pd|Δx|_mean=0.00565408
[avbd-drive] step 83 wrote AVBD output to Particle.pos
[avbd-friction] step 83 applied 242 vert/primitive friction events
[avbd-step] step 83  dof=1875  iters=16  rc=0  wall=10318 us  |Δx|_max=0.032606  |Δx|_mean=0.00567981  pred_max=0.0314809  drift_max=0.00631994  drift@v615.y  conv_max=0.00117511  conv_mean=0.00011575  nan=0
[outlier] v615  inc_tri=3  worst|M|=5.33333  pos=(0.547486,-0.961788,2.05243)
[pd-step]     step 83  dof=1875  pd|Δx|_max=0.0314809  pd|Δx|_mean=0.00561166
[avbd-drive] step 84 wrote AVBD output to Particle.pos
[avbd-friction] step 84 applied 249 vert/primitive friction events
[avbd-step] step 84  dof=1875  iters=16  rc=0  wall=9683 us  |Δx|_max=0.0333544  |Δx|_mean=0.00568524  pred_max=0.0329084  drift_max=0.00749266  drift@v615.y  conv_max=0.00119418  conv_mean=0.000114953  nan=0
[outlier] v615  inc_tri=3  worst|M|=5.33333  pos=(0.549846,-0.980517,2.04369)
[pd-step]     step 84  dof=1875  pd|Δx|_max=0.0329085  pd|Δx|_mean=0.00561449
[avbd-drive] step 85 wrote AVBD output to Particle.pos
[avbd-friction] step 85 applied 258 vert/primitive friction events
[avbd-step] step 85  dof=1875  iters=16  rc=0  wall=10351 us  |Δx|_max=0.0329486  |Δx|_mean=0.0056617  pred_max=0.0336568  drift_max=0.00698328  drift@v615.y  conv_max=0.00121319  conv_mean=0.000113646  nan=0
[outlier] v615  inc_tri=3  worst|M|=5.33333  pos=(0.55281,-0.992056,2.03682)
[pd-step]     step 85  dof=1875  pd|Δx|_max=0.0336569  pd|Δx|_mean=0.00559521
[avbd-drive] step 86 wrote AVBD output to Particle.pos
[avbd-friction] step 86 applied 259 vert/primitive friction events
[avbd-selfcoll] step 86 resolved 1  detect=4838 us  resolve=14 us  path=gpu
[avbd-step] step 86  dof=1875  iters=16  rc=0  wall=9676 us  |Δx|_max=0.0320185  |Δx|_mean=0.0056089  pred_max=0.033251  drift_max=0.00598872  drift@v615.y  conv_max=0.00123453  conv_mean=0.000111903  nan=0
[outlier] v615  inc_tri=3  worst|M|=5.33333  pos=(0.555396,-0.996914,2.03388)
[pd-step]     step 86  dof=1875  pd|Δx|_max=0.0332511  pd|Δx|_mean=0.00553257
[avbd-drive] step 87 wrote AVBD output to Particle.pos
[avbd-friction] step 87 applied 262 vert/primitive friction events
[avbd-selfcoll] step 87 resolved 2  detect=4414 us  resolve=11 us  path=gpu
[avbd-step] step 87  dof=1875  iters=16  rc=0  wall=10105 us  |Δx|_max=0.0315565  |Δx|_mean=0.00562027  pred_max=0.032321  drift_max=0.00539756  drift@v613.y  conv_max=0.00126421  conv_mean=0.00011083  nan=0
[outlier] v613  inc_tri=3  worst|M|=5.33333  pos=(0.236296,-1.03386,2.02468)
[pd-step]     step 87  dof=1875  pd|Δx|_max=0.032321  pd|Δx|_mean=0.00552266
[avbd-drive] step 88 wrote AVBD output to Particle.pos
[avbd-friction] step 88 applied 263 vert/primitive friction events
[avbd-selfcoll] step 88 resolved 1  detect=4415 us  resolve=10 us  path=gpu
[avbd-step] step 88  dof=1875  iters=16  rc=0  wall=9838 us  |Δx|_max=0.0333602  |Δx|_mean=0.00562127  pred_max=0.0318589  drift_max=0.00530791  drift@v613.y  conv_max=0.00129402  conv_mean=0.000109636  nan=0
[outlier] v613  inc_tri=3  worst|M|=5.33333  pos=(0.24069,-1.04031,2.02001)
[pd-step]     step 88  dof=1875  pd|Δx|_max=0.031859  pd|Δx|_mean=0.00552775
[avbd-drive] step 89 wrote AVBD output to Particle.pos
[avbd-friction] step 89 applied 270 vert/primitive friction events
[avbd-selfcoll] step 89 resolved 1  detect=4453 us  resolve=11 us  path=gpu
[avbd-step] step 89  dof=1875  iters=16  rc=0  wall=10223 us  |Δx|_max=0.0345719  |Δx|_mean=0.00560648  pred_max=0.0336627  drift_max=0.00555623  drift@v549.y  conv_max=0.00132477  conv_mean=0.000107954  nan=0
[outlier] v549  inc_tri=3  worst|M|=5.33333  pos=(2.08428,-1.15292,1.4027)
[pd-step]     step 89  dof=1875  pd|Δx|_max=0.0336627  pd|Δx|_mean=0.00551348
[avbd-drive] step 90 wrote AVBD output to Particle.pos
[avbd-friction] step 90 applied 278 vert/primitive friction events
[avbd-selfcoll] step 90 resolved 1  detect=4346 us  resolve=13 us  path=gpu
[avbd-step] step 90  dof=1875  iters=16  rc=0  wall=10166 us  |Δx|_max=0.0347389  |Δx|_mean=0.00558176  pred_max=0.0348743  drift_max=0.00680709  drift@v610.y  conv_max=0.00135398  conv_mean=0.000106023  nan=0
[outlier] v610  inc_tri=3  worst|M|=5.33333  pos=(-0.216555,-1.21987,1.98254)
[pd-step]     step 90  dof=1875  pd|Δx|_max=0.0348744  pd|Δx|_mean=0.00549229
[avbd-drive] step 91 wrote AVBD output to Particle.pos
[avbd-friction] step 91 applied 283 vert/primitive friction events
[avbd-selfcoll] step 91 resolved 6  detect=4426 us  resolve=11 us  path=gpu
[avbd-step] step 91  dof=1875  iters=16  rc=0  wall=9501 us  |Δx|_max=0.0350158  |Δx|_mean=0.00556419  pred_max=0.0350413  drift_max=0.00786459  drift@v610.y  conv_max=0.0013926  conv_mean=0.000104417  nan=0
[outlier] v610  inc_tri=3  worst|M|=5.33333  pos=(-0.209651,-1.24178,1.95579)
[pd-step]     step 91  dof=1875  pd|Δx|_max=0.0350414  pd|Δx|_mean=0.00546872
[avbd-drive] step 92 wrote AVBD output to Particle.pos
[avbd-friction] step 92 applied 285 vert/primitive friction events
[avbd-selfcoll] step 92 resolved 6  detect=4522 us  resolve=15 us  path=gpu
[avbd-step] step 92  dof=1875  iters=16  rc=0  wall=9929 us  |Δx|_max=0.035166  |Δx|_mean=0.00550176  pred_max=0.0353183  drift_max=0.00610667  drift@v149.z  conv_max=0.00144148  conv_mean=0.000102348  nan=0
[outlier] v149  inc_tri=3  worst|M|=5.33333  pos=(2.06162,-1.19861,-1.00196)
[pd-step]     step 92  dof=1875  pd|Δx|_max=0.0353183  pd|Δx|_mean=0.00540615
[avbd-drive] step 93 wrote AVBD output to Particle.pos
[avbd-friction] step 93 applied 287 vert/primitive friction events
[avbd-selfcoll] step 93 resolved 7  detect=4602 us  resolve=17 us  path=gpu
[avbd-step] step 93  dof=1875  iters=16  rc=0  wall=9810 us  |Δx|_max=0.0369091  |Δx|_mean=0.00546136  pred_max=0.0354685  drift_max=0.00624382  drift@v149.z  conv_max=0.0014981  conv_mean=0.000100501  nan=0
[outlier] v149  inc_tri=3  worst|M|=5.33333  pos=(2.06201,-1.19926,-0.995519)
[pd-step]     step 93  dof=1875  pd|Δx|_max=0.0354685  pd|Δx|_mean=0.0053711
[avbd-drive] step 94 wrote AVBD output to Particle.pos
[avbd-friction] step 94 applied 299 vert/primitive friction events
[avbd-selfcoll] step 94 resolved 6  detect=4626 us  resolve=16 us  path=gpu
[avbd-step] step 94  dof=1875  iters=16  rc=0  wall=9670 us  |Δx|_max=0.0381622  |Δx|_mean=0.00540046  pred_max=0.0372115  drift_max=0.00525999  drift@v574.y  conv_max=0.00153875  conv_mean=9.8275e-05  nan=0
[outlier] v574  inc_tri=3  worst|M|=5.33333  pos=(2.05745,-1.28302,1.51965)
[pd-step]     step 94  dof=1875  pd|Δx|_max=0.0372116  pd|Δx|_mean=0.00531553
[avbd-drive] step 95 wrote AVBD output to Particle.pos
[avbd-friction] step 95 applied 304 vert/primitive friction events
[avbd-selfcoll] step 95 resolved 6  detect=4403 us  resolve=9 us  path=gpu
[avbd-step] step 95  dof=1875  iters=16  rc=0  wall=9700 us  |Δx|_max=0.0380164  |Δx|_mean=0.00537034  pred_max=0.0384647  drift_max=0.00724149  drift@v574.y  conv_max=0.00156426  conv_mean=9.69669e-05  nan=0
[outlier] v574  inc_tri=3  worst|M|=5.33333  pos=(2.04476,-1.30368,1.50401)
[pd-step]     step 95  dof=1875  pd|Δx|_max=0.0384647  pd|Δx|_mean=0.00527848
[avbd-drive] step 96 wrote AVBD output to Particle.pos
[avbd-friction] step 96 applied 303 vert/primitive friction events
[avbd-selfcoll] step 96 resolved 6  detect=4698 us  resolve=13 us  path=gpu
[avbd-step] step 96  dof=1875  iters=16  rc=0  wall=10216 us  |Δx|_max=0.0364509  |Δx|_mean=0.00533456  pred_max=0.0383189  drift_max=0.00721717  drift@v598.y  conv_max=0.00161207  conv_mean=9.57565e-05  nan=0
[outlier] v598  inc_tri=6  worst|M|=5.33333  pos=(1.86716,-1.34097,1.69506)
[pd-step]     step 96  dof=1875  pd|Δx|_max=0.0383189  pd|Δx|_mean=0.00524041
[avbd-drive] step 97 wrote AVBD output to Particle.pos
[avbd-friction] step 97 applied 310 vert/primitive friction events
[avbd-selfcoll] step 97 resolved 2  detect=4593 us  resolve=12 us  path=gpu
[avbd-step] step 97  dof=1875  iters=16  rc=0  wall=10127 us  |Δx|_max=0.036806  |Δx|_mean=0.00522906  pred_max=0.0364307  drift_max=0.0109366  drift@v14.z  conv_max=0.00168419  conv_mean=9.43293e-05  nan=0
[outlier] v14  inc_tri=3  worst|M|=5.33333  pos=(0.493852,-1.45111,-1.77717)
[pd-step]     step 97  dof=1875  pd|Δx|_max=0.0364308  pd|Δx|_mean=0.00514605
[avbd-drive] step 98 wrote AVBD output to Particle.pos
[avbd-friction] step 98 applied 317 vert/primitive friction events
[avbd-selfcoll] step 98 resolved 1  detect=4301 us  resolve=12 us  path=gpu
[avbd-step] step 98  dof=1875  iters=16  rc=0  wall=10403 us  |Δx|_max=0.0380995  |Δx|_mean=0.0051355  pred_max=0.0371084  drift_max=0.0126621  drift@v14.z  conv_max=0.00169969  conv_mean=9.18758e-05  nan=0
[outlier] v14  inc_tri=3  worst|M|=5.33333  pos=(0.494843,-1.45265,-1.76696)
[pd-step]     step 98  dof=1875  pd|Δx|_max=0.0371085  pd|Δx|_mean=0.00504278
[avbd-drive] step 99 wrote AVBD output to Particle.pos
[avbd-friction] step 99 applied 323 vert/primitive friction events
[avbd-selfcoll] step 99 resolved 3  detect=4521 us  resolve=12 us  path=gpu
[avbd-step] step 99  dof=1875  iters=16  rc=0  wall=9983 us  |Δx|_max=0.0398481  |Δx|_mean=0.00506595  pred_max=0.038402  drift_max=0.0105989  drift@v14.z  conv_max=0.00170004  conv_mean=8.95522e-05  nan=0
[outlier] v14  inc_tri=3  worst|M|=5.33333  pos=(0.497346,-1.45356,-1.75366)
[pd-step]     step 99  dof=1875  pd|Δx|_max=0.038402  pd|Δx|_mean=0.0049751
[avbd-drive] step 100 wrote AVBD output to Particle.pos
[avbd-friction] step 100 applied 327 vert/primitive friction events
[avbd-selfcoll] step 100 resolved 1  detect=4543 us  resolve=13 us  path=gpu
[avbd-step] step 100  dof=1875  iters=16  rc=0  wall=10464 us  |Δx|_max=0.0413634  |Δx|_mean=0.00500368  pred_max=0.0401505  drift_max=0.0100489  drift@v12.y  conv_max=0.00177586  conv_mean=8.77724e-05  nan=0
[outlier] v12  inc_tri=3  worst|M|=5.33333  pos=(0.225158,-1.51948,-1.81071)
[pd-step]     step 100  dof=1875  pd|Δx|_max=0.0401506  pd|Δx|_mean=0.00491347
[avbd-drive] step 101 wrote AVBD output to Particle.pos
[avbd-friction] step 101 applied 333 vert/primitive friction events
[avbd-selfcoll] step 101 resolved 1  detect=4406 us  resolve=11 us  path=gpu
[avbd-step] step 101  dof=1875  iters=16  rc=0  wall=10133 us  |Δx|_max=0.0425155  |Δx|_mean=0.00486703  pred_max=0.0416658  drift_max=0.0072732  drift@v623.y  conv_max=0.00232363  conv_mean=8.62017e-05  nan=0
[outlier] v623  inc_tri=3  worst|M|=5.33333  pos=(1.82431,-1.47405,1.81298)
[pd-step]     step 101  dof=1875  pd|Δx|_max=0.0416658  pd|Δx|_mean=0.00478187
[avbd-drive] step 102 wrote AVBD output to Particle.pos
[avbd-friction] step 102 applied 338 vert/primitive friction events
[avbd-selfcoll] step 102 resolved 3  detect=4435 us  resolve=15 us  path=gpu
[avbd-step] step 102  dof=1875  iters=16  rc=0  wall=10499 us  |Δx|_max=0.0444398  |Δx|_mean=0.00479825  pred_max=0.042818  drift_max=0.00722384  drift@v17.z  conv_max=0.00261116  conv_mean=8.55348e-05  nan=0
[outlier] v17  inc_tri=3  worst|M|=5.33333  pos=(0.921354,-1.47758,-1.80292)
[pd-step]     step 102  dof=1875  pd|Δx|_max=0.042818  pd|Δx|_mean=0.00470067
[avbd-drive] step 103 wrote AVBD output to Particle.pos
[avbd-friction] step 103 applied 338 vert/primitive friction events
[avbd-selfcoll] step 103 resolved 3  detect=4527 us  resolve=14 us  path=gpu
[avbd-step] step 103  dof=1875  iters=16  rc=0  wall=10031 us  |Δx|_max=0.0462019  |Δx|_mean=0.00476984  pred_max=0.0447422  drift_max=0.00714874  drift@v17.z  conv_max=0.00186372  conv_mean=8.45548e-05  nan=0
[outlier] v17  inc_tri=3  worst|M|=5.33333  pos=(0.917216,-1.47801,-1.80245)
[pd-step]     step 103  dof=1875  pd|Δx|_max=0.0447423  pd|Δx|_mean=0.00464046
[avbd-drive] step 104 wrote AVBD output to Particle.pos
[avbd-friction] step 104 applied 344 vert/primitive friction events
[avbd-selfcoll] step 104 resolved 4  detect=4564 us  resolve=14 us  path=gpu
[avbd-step] step 104  dof=1875  iters=16  rc=0  wall=10534 us  |Δx|_max=0.0471938  |Δx|_mean=0.00476995  pred_max=0.0465044  drift_max=0.00645709  drift@v624.y  conv_max=0.00141287  conv_mean=8.36221e-05  nan=0
[outlier] v624  inc_tri=1  worst|M|=5.33333  pos=(1.986,-1.53371,1.77059)
[pd-step]     step 104  dof=1875  pd|Δx|_max=0.0465044  pd|Δx|_mean=0.00463448
[avbd-drive] step 105 wrote AVBD output to Particle.pos
[avbd-friction] step 105 applied 352 vert/primitive friction events
[avbd-selfcoll] step 105 resolved 3  detect=4413 us  resolve=11 us  path=gpu
[avbd-step] step 105  dof=1875  iters=16  rc=0  wall=10207 us  |Δx|_max=0.0470469  |Δx|_mean=0.00470278  pred_max=0.0474962  drift_max=0.00733292  drift@v11.y  conv_max=0.00147605  conv_mean=8.19934e-05  nan=0
[outlier] v11  inc_tri=3  worst|M|=5.33333  pos=(0.104605,-1.58687,-1.78408)
[pd-step]     step 105  dof=1875  pd|Δx|_max=0.0474962  pd|Δx|_mean=0.00458484
[avbd-drive] step 106 wrote AVBD output to Particle.pos
[avbd-friction] step 106 applied 358 vert/primitive friction events
[avbd-selfcoll] step 106 resolved 3  detect=4541 us  resolve=13 us  path=gpu
[avbd-step] step 106  dof=1875  iters=16  rc=0  wall=9619 us  |Δx|_max=0.0454271  |Δx|_mean=0.00463869  pred_max=0.0473493  drift_max=0.00661516  drift@v74.y  conv_max=0.00154555  conv_mean=8.05218e-05  nan=0
[outlier] v74  inc_tri=3  worst|M|=5.33333  pos=(2.05924,-1.60755,-1.28851)
[pd-step]     step 106  dof=1875  pd|Δx|_max=0.0473494  pd|Δx|_mean=0.00452794
[avbd-drive] step 107 wrote AVBD output to Particle.pos
[avbd-friction] step 107 applied 364 vert/primitive friction events
[avbd-selfcoll] step 107 resolved 3  detect=4401 us  resolve=14 us  path=gpu
[avbd-step] step 107  dof=1875  iters=16  rc=0  wall=10297 us  |Δx|_max=0.0473273  |Δx|_mean=0.00455835  pred_max=0.0457295  drift_max=0.00721109  drift@v74.y  conv_max=0.00162029  conv_mean=7.75327e-05  nan=0
[outlier] v74  inc_tri=3  worst|M|=5.33333  pos=(2.04059,-1.62464,-1.26893)
[pd-step]     step 107  dof=1875  pd|Δx|_max=0.0457296  pd|Δx|_mean=0.00445704
[avbd-drive] step 108 wrote AVBD output to Particle.pos
[avbd-friction] step 108 applied 367 vert/primitive friction events
[avbd-selfcoll] step 108 resolved 2  detect=4400 us  resolve=13 us  path=gpu
[avbd-step] step 108  dof=1875  iters=16  rc=0  wall=11281 us  |Δx|_max=0.0485364  |Δx|_mean=0.00447436  pred_max=0.0473273  drift_max=0.00745118  drift@v48.y  conv_max=0.00169933  conv_mean=7.49878e-05  nan=0
[outlier] v48  inc_tri=6  worst|M|=5.33333  pos=(1.89184,-1.68443,-1.45664)
[pd-step]     step 108  dof=1875  pd|Δx|_max=0.0473273  pd|Δx|_mean=0.00436544
[avbd-drive] step 109 wrote AVBD output to Particle.pos
[avbd-friction] step 109 applied 374 vert/primitive friction events
[avbd-selfcoll] step 109 resolved 3  detect=4478 us  resolve=17 us  path=gpu
[avbd-step] step 109  dof=1875  iters=16  rc=0  wall=13394 us  |Δx|_max=0.048293  |Δx|_mean=0.00438037  pred_max=0.0485364  drift_max=0.00788498  drift@v48.y  conv_max=0.00178111  conv_mean=7.30841e-05  nan=0
[outlier] v48  inc_tri=6  worst|M|=5.33333  pos=(1.87666,-1.70209,-1.43669)
[pd-step]     step 109  dof=1875  pd|Δx|_max=0.0485364  pd|Δx|_mean=0.00427987
[avbd-drive] step 110 wrote AVBD output to Particle.pos
[avbd-friction] step 110 applied 382 vert/primitive friction events
[avbd-selfcoll] step 110 resolved 3  detect=5079 us  resolve=13 us  path=gpu
[avbd-step] step 110  dof=1875  iters=16  rc=0  wall=10302 us  |Δx|_max=0.0468075  |Δx|_mean=0.00428532  pred_max=0.048293  drift_max=0.00701082  drift@v22.y  conv_max=0.00186443  conv_mean=7.10277e-05  nan=0
[outlier] v22  inc_tri=3  worst|M|=5.33333  pos=(1.71355,-1.75153,-1.62839)
[pd-step]     step 110  dof=1875  pd|Δx|_max=0.048293  pd|Δx|_mean=0.00418579
[avbd-drive] step 111 wrote AVBD output to Particle.pos
[avbd-friction] step 111 applied 390 vert/primitive friction events
[avbd-selfcoll] step 111 resolved 2  detect=4713 us  resolve=16 us  path=gpu
[avbd-step] step 111  dof=1875  iters=16  rc=0  wall=9978 us  |Δx|_max=0.0467727  |Δx|_mean=0.00416489  pred_max=0.0468075  drift_max=0.0098002  drift@v301.x  conv_max=0.00194788  conv_mean=6.90054e-05  nan=0
[outlier] v301  inc_tri=6  worst|M|=5.33333  pos=(-1.456,-1.74132,0.120819)
[pd-step]     step 111  dof=1875  pd|Δx|_max=0.0468075  pd|Δx|_mean=0.00408218
[avbd-drive] step 112 wrote AVBD output to Particle.pos
[avbd-friction] step 112 applied 395 vert/primitive friction events
[avbd-selfcoll] step 112 resolved 6  detect=4476 us  resolve=12 us  path=gpu
[avbd-step] step 112  dof=1875  iters=16  rc=0  wall=10733 us  |Δx|_max=0.0462226  |Δx|_mean=0.00399116  pred_max=0.0470752  drift_max=0.0117631  drift@v325.x  conv_max=0.00203025  conv_mean=6.70634e-05  nan=0
[outlier] v325  inc_tri=3  worst|M|=5.33333  pos=(-1.59909,-1.91223,0.252757)
[pd-step]     step 112  dof=1875  pd|Δx|_max=0.0470752  pd|Δx|_mean=0.0039144
[avbd-drive] step 113 wrote AVBD output to Particle.pos
[avbd-friction] step 113 applied 397 vert/primitive friction events
[avbd-selfcoll] step 113 resolved 9  detect=4544 us  resolve=24 us  path=gpu
[avbd-step] step 113  dof=1875  iters=16  rc=0  wall=10357 us  |Δx|_max=0.0425674  |Δx|_mean=0.00390841  pred_max=0.046525  drift_max=0.0141798  drift@v350.x  conv_max=0.00211108  conv_mean=6.58636e-05  nan=0
[outlier] v350  inc_tri=3  worst|M|=5.33333  pos=(-1.43891,-1.92809,0.354148)
[pd-step]     step 113  dof=1875  pd|Δx|_max=0.046525  pd|Δx|_mean=0.00380996
[avbd-drive] step 114 wrote AVBD output to Particle.pos
[avbd-friction] step 114 applied 405 vert/primitive friction events
[avbd-selfcoll] step 114 resolved 11  detect=4362 us  resolve=10 us  path=gpu
[avbd-step] step 114  dof=1875  iters=16  rc=0  wall=11316 us  |Δx|_max=0.0412869  |Δx|_mean=0.00376437  pred_max=0.0428698  drift_max=0.00981176  drift@v350.x  conv_max=0.00218952  conv_mean=6.33709e-05  nan=0
[outlier] v350  inc_tri=3  worst|M|=5.33333  pos=(-1.42073,-1.92903,0.344347)
[pd-step]     step 114  dof=1875  pd|Δx|_max=0.0428698  pd|Δx|_mean=0.0036818
[avbd-drive] step 115 wrote AVBD output to Particle.pos
[avbd-friction] step 115 applied 404 vert/primitive friction events
[avbd-selfcoll] step 115 resolved 9  detect=4639 us  resolve=14 us  path=gpu
[avbd-step] step 115  dof=1875  iters=16  rc=0  wall=10156 us  |Δx|_max=0.0402925  |Δx|_mean=0.0036771  pred_max=0.0412869  drift_max=0.0114992  drift@v24.y  conv_max=0.00226569  conv_mean=6.2015e-05  nan=0
[outlier] v24  inc_tri=2  worst|M|=5.33333  pos=(1.98802,-1.94088,-1.45122)
[pd-step]     step 115  dof=1875  pd|Δx|_max=0.0412869  pd|Δx|_mean=0.00357399
[avbd-drive] step 116 wrote AVBD output to Particle.pos
[avbd-friction] step 116 applied 410 vert/primitive friction events
[avbd-selfcoll] step 116 resolved 4  detect=4492 us  resolve=10 us  path=gpu
[avbd-step] step 116  dof=1875  iters=16  rc=0  wall=10353 us  |Δx|_max=0.0390184  |Δx|_mean=0.00354208  pred_max=0.039445  drift_max=0.0110582  drift@v24.y  conv_max=0.00233901  conv_mean=5.98891e-05  nan=0
[outlier] v24  inc_tri=2  worst|M|=5.33333  pos=(1.96118,-1.957,-1.42414)
[pd-step]     step 116  dof=1875  pd|Δx|_max=0.039445  pd|Δx|_mean=0.00344869
[avbd-drive] step 117 wrote AVBD output to Particle.pos
[avbd-friction] step 117 applied 417 vert/primitive friction events
[avbd-selfcoll] step 117 resolved 6  detect=5052 us  resolve=21 us  path=gpu
[avbd-step] step 117  dof=1875  iters=16  rc=0  wall=12814 us  |Δx|_max=0.0393295  |Δx|_mean=0.00341298  pred_max=0.0393209  drift_max=0.01199  drift@v556.x  conv_max=0.00240982  conv_mean=5.72665e-05  nan=0
[outlier] v556  inc_tri=6  worst|M|=5.33333  pos=(-0.772043,-1.43753,1.63964)
[pd-step]     step 117  dof=1875  pd|Δx|_max=0.0393209  pd|Δx|_mean=0.00327567
[avbd-drive] step 118 wrote AVBD output to Particle.pos
[avbd-friction] step 118 applied 418 vert/primitive friction events
[avbd-selfcoll] step 118 resolved 4  detect=5187 us  resolve=15 us  path=gpu
[avbd-step] step 118  dof=1875  iters=16  rc=0  wall=12119 us  |Δx|_max=0.03914  |Δx|_mean=0.00332601  pred_max=0.0396321  drift_max=0.00795817  drift@v425.y  conv_max=0.00247741  conv_mean=5.61235e-05  nan=0
[outlier] v425  inc_tri=3  worst|M|=5.33333  pos=(-1.46063,-2.02832,0.786186)
[pd-step]     step 118  dof=1875  pd|Δx|_max=0.039632  pd|Δx|_mean=0.00320397
[avbd-drive] step 119 wrote AVBD output to Particle.pos
[avbd-friction] step 119 applied 419 vert/primitive friction events
[avbd-selfcoll] step 119 resolved 9  detect=7169 us  resolve=18 us  path=gpu
[avbd-step] step 119  dof=1875  iters=16  rc=0  wall=10799 us  |Δx|_max=0.0395117  |Δx|_mean=0.00328105  pred_max=0.0394425  drift_max=0.00830054  drift@v425.y  conv_max=0.00254226  conv_mean=5.5317e-05  nan=0
[outlier] v425  inc_tri=3  worst|M|=5.33333  pos=(-1.42204,-2.04146,0.783729)
[pd-step]     step 119  dof=1875  pd|Δx|_max=0.0394425  pd|Δx|_mean=0.00316009
[avbd-drive] step 120 wrote AVBD output to Particle.pos
[avbd-friction] step 120 applied 426 vert/primitive friction events
[avbd-contact] step 120 projected 4 vert/primitive penetrations
[avbd-selfcoll] step 120 resolved 8  detect=7169 us  resolve=17 us  path=gpu
[avbd-step] step 120  dof=1875  iters=16  rc=0  wall=12900 us  |Δx|_max=0.0395646  |Δx|_mean=0.00312631  pred_max=0.0389788  drift_max=0.00993323  drift@v450.y  conv_max=0.00260329  conv_mean=5.20162e-05  nan=0
[outlier] v450  inc_tri=3  worst|M|=5.33333  pos=(-1.42515,-2.08713,0.952116)
[pd-step]     step 120  dof=1875  pd|Δx|_max=0.0389787  pd|Δx|_mean=0.0030094
[avbd-drive] step 121 wrote AVBD output to Particle.pos
[avbd-friction] step 121 applied 433 vert/primitive friction events
[avbd-contact] step 121 projected 5 vert/primitive penetrations
[avbd-selfcoll] step 121 resolved 10  detect=4710 us  resolve=15 us  path=gpu
[avbd-step] step 121  dof=1875  iters=16  rc=0  wall=10581 us  |Δx|_max=0.0404499  |Δx|_mean=0.00303723  pred_max=0.0398672  drift_max=0.00972986  drift@v450.y  conv_max=0.00266004  conv_mean=5.04269e-05  nan=0
[outlier] v450  inc_tri=3  worst|M|=5.33333  pos=(-1.38833,-2.10125,0.944349)
[pd-step]     step 121  dof=1875  pd|Δx|_max=0.0398671  pd|Δx|_mean=0.00290825
[avbd-drive] step 122 wrote AVBD output to Particle.pos
[avbd-friction] step 122 applied 434 vert/primitive friction events
[avbd-contact] step 122 projected 8 vert/primitive penetrations
[avbd-selfcoll] step 122 resolved 9  detect=4808 us  resolve=14 us  path=gpu
[avbd-step] step 122  dof=1875  iters=16  rc=0  wall=10562 us  |Δx|_max=0.0412009  |Δx|_mean=0.00292593  pred_max=0.0407524  drift_max=0.0100005  drift@v475.y  conv_max=0.00271201  conv_mean=4.79636e-05  nan=0
[outlier] v475  inc_tri=3  worst|M|=5.33333  pos=(-1.3742,-2.1511,1.11185)
[pd-step]     step 122  dof=1875  pd|Δx|_max=0.0407523  pd|Δx|_mean=0.00280438
[avbd-drive] step 123 wrote AVBD output to Particle.pos
[avbd-friction] step 123 applied 439 vert/primitive friction events
[avbd-contact] step 123 projected 12 vert/primitive penetrations
[avbd-selfcoll] step 123 resolved 8  detect=4855 us  resolve=22 us  path=gpu
[avbd-step] step 123  dof=1875  iters=16  rc=0  wall=10467 us  |Δx|_max=0.0416541  |Δx|_mean=0.00281684  pred_max=0.0415034  drift_max=0.0111461  drift@v475.y  conv_max=0.00275779  conv_mean=4.60993e-05  nan=0
[outlier] v475  inc_tri=3  worst|M|=5.33333  pos=(-1.33489,-2.16896,1.09924)
[pd-step]     step 123  dof=1875  pd|Δx|_max=0.0415033  pd|Δx|_mean=0.00270587
[avbd-drive] step 124 wrote AVBD output to Particle.pos
[avbd-friction] step 124 applied 445 vert/primitive friction events
[avbd-contact] step 124 projected 13 vert/primitive penetrations
[avbd-selfcoll] step 124 resolved 10  detect=4563 us  resolve=14 us  path=gpu
[avbd-step] step 124  dof=1875  iters=16  rc=0  wall=10477 us  |Δx|_max=0.0419797  |Δx|_mean=0.00264444  pred_max=0.0419567  drift_max=0.00957125  drift@v603.x  conv_max=0.00279808  conv_mean=4.37192e-05  nan=0
[outlier] v603  inc_tri=3  worst|M|=5.33333  pos=(-0.736789,-2.1015,1.79709)
[pd-step]     step 124  dof=1875  pd|Δx|_max=0.0419566  pd|Δx|_mean=0.00253251
[avbd-drive] step 125 wrote AVBD output to Particle.pos
[avbd-friction] step 125 applied 453 vert/primitive friction events
[avbd-contact] step 125 projected 15 vert/primitive penetrations
[avbd-selfcoll] step 125 resolved 11  detect=4663 us  resolve=14 us  path=gpu
[avbd-step] step 125  dof=1875  iters=16  rc=0  wall=9991 us  |Δx|_max=0.0418652  |Δx|_mean=0.00252841  pred_max=0.0420802  drift_max=0.00860441  drift@v603.x  conv_max=0.0028317  conv_mean=4.15284e-05  nan=0
[outlier] v603  inc_tri=3  worst|M|=5.33333  pos=(-0.724717,-2.0943,1.79821)
[pd-step]     step 125  dof=1875  pd|Δx|_max=0.0420801  pd|Δx|_mean=0.0024076
[avbd-drive] step 126 wrote AVBD output to Particle.pos
[avbd-friction] step 126 applied 458 vert/primitive friction events
[avbd-contact] step 126 projected 18 vert/primitive penetrations
[avbd-selfcoll] step 126 resolved 10  detect=6490 us  resolve=18 us  path=gpu
[avbd-step] step 126  dof=1875  iters=16  rc=0  wall=10905 us  |Δx|_max=0.0417767  |Δx|_mean=0.00243824  pred_max=0.0418652  drift_max=0.0120231  drift@v556.x  conv_max=0.0028584  conv_mean=3.95751e-05  nan=0
[outlier] v556  inc_tri=6  worst|M|=5.33333  pos=(-0.760948,-1.43405,1.64974)
[pd-step]     step 126  dof=1875  pd|Δx|_max=0.0418652  pd|Δx|_mean=0.00229886
[avbd-drive] step 127 wrote AVBD output to Particle.pos
[avbd-friction] step 127 applied 460 vert/primitive friction events
[avbd-contact] step 127 projected 20 vert/primitive penetrations
[avbd-selfcoll] step 127 resolved 7  detect=4926 us  resolve=17 us  path=gpu
[avbd-step] step 127  dof=1875  iters=16  rc=0  wall=12030 us  |Δx|_max=0.0423415  |Δx|_mean=0.00234751  pred_max=0.0417767  drift_max=0.00860715  drift@v175.y  conv_max=0.00287771  conv_mean=3.8146e-05  nan=0
[outlier] v175  inc_tri=3  worst|M|=5.33333  pos=(-1.36791,-2.2239,-0.407176)
[pd-step]     step 127  dof=1875  pd|Δx|_max=0.0417767  pd|Δx|_mean=0.00222709
[avbd-drive] step 128 wrote AVBD output to Particle.pos
[avbd-friction] step 128 applied 460 vert/primitive friction events
[avbd-contact] step 128 projected 20 vert/primitive penetrations
[avbd-selfcoll] step 128 resolved 9  detect=5295 us  resolve=16 us  path=gpu
[avbd-step] step 128  dof=1875  iters=16  rc=0  wall=11175 us  |Δx|_max=0.0443291  |Δx|_mean=0.00221639  pred_max=0.0423415  drift_max=0.0118413  drift@v576.y  conv_max=0.00289059  conv_mean=3.5781e-05  nan=0
[outlier] v576  inc_tri=6  worst|M|=5.33333  pos=(-0.931062,-2.35513,1.68345)
[pd-step]     step 128  dof=1875  pd|Δx|_max=0.0423415  pd|Δx|_mean=0.00210414
[avbd-drive] step 129 wrote AVBD output to Particle.pos
[avbd-friction] step 129 applied 459 vert/primitive friction events
[avbd-contact] step 129 projected 23 vert/primitive penetrations
[avbd-selfcoll] step 129 resolved 11  detect=4957 us  resolve=18 us  path=gpu
[avbd-step] step 129  dof=1875  iters=16  rc=0  wall=10867 us  |Δx|_max=0.0472984  |Δx|_mean=0.00213041  pred_max=0.0443291  drift_max=0.0132837  drift@v576.y  conv_max=0.00289655  conv_mean=3.42401e-05  nan=0
[outlier] v576  inc_tri=6  worst|M|=5.33333  pos=(-0.896221,-2.36753,1.65643)
[pd-step]     step 129  dof=1875  pd|Δx|_max=0.0443291  pd|Δx|_mean=0.00201619
[avbd-drive] step 130 wrote AVBD output to Particle.pos
[avbd-friction] step 130 applied 464 vert/primitive friction events
[avbd-contact] step 130 projected 27 vert/primitive penetrations
[avbd-selfcoll] step 130 resolved 9  detect=8332 us  resolve=19 us  path=gpu
[avbd-step] step 130  dof=1875  iters=16  rc=0  wall=13438 us  |Δx|_max=0.0494976  |Δx|_mean=0.00201346  pred_max=0.0472984  drift_max=0.0109529  drift@v550.y  conv_max=0.00289536  conv_mean=3.23849e-05  nan=0
[outlier] v550  inc_tri=3  worst|M|=5.33333  pos=(-1.09916,-2.41916,1.51143)
[pd-step]     step 130  dof=1875  pd|Δx|_max=0.0472984  pd|Δx|_mean=0.0018895
[avbd-drive] step 131 wrote AVBD output to Particle.pos
[avbd-friction] step 131 applied 465 vert/primitive friction events
[avbd-contact] step 131 projected 29 vert/primitive penetrations
[avbd-selfcoll] step 131 resolved 8  detect=4998 us  resolve=15 us  path=gpu
[avbd-step] step 131  dof=1875  iters=16  rc=0  wall=10439 us  |Δx|_max=0.050177  |Δx|_mean=0.00194217  pred_max=0.0494976  drift_max=0.0117123  drift@v550.y  conv_max=0.00288725  conv_mean=3.09348e-05  nan=0
[outlier] v550  inc_tri=3  worst|M|=5.33333  pos=(-1.07042,-2.43595,1.48414)
[pd-step]     step 131  dof=1875  pd|Δx|_max=0.0494976  pd|Δx|_mean=0.00183194
[avbd-drive] step 132 wrote AVBD output to Particle.pos
[avbd-friction] step 132 applied 469 vert/primitive friction events
[avbd-contact] step 132 projected 31 vert/primitive penetrations
[avbd-selfcoll] step 132 resolved 11  detect=4881 us  resolve=17 us  path=gpu
[avbd-step] step 132  dof=1875  iters=16  rc=0  wall=10462 us  |Δx|_max=0.047241  |Δx|_mean=0.00177454  pred_max=0.050177  drift_max=0.0154991  drift@v575.y  conv_max=0.00287199  conv_mean=2.78351e-05  nan=0
[outlier] v575  inc_tri=3  worst|M|=5.33333  pos=(-0.949114,-2.52629,1.61278)
[pd-step]     step 132  dof=1875  pd|Δx|_max=0.050177  pd|Δx|_mean=0.00168181
[avbd-drive] step 133 wrote AVBD output to Particle.pos
[avbd-friction] step 133 applied 471 vert/primitive friction events
[avbd-contact] step 133 projected 31 vert/primitive penetrations
[avbd-selfcoll] step 133 resolved 9  detect=4669 us  resolve=14 us  path=gpu
[avbd-step] step 133  dof=1875  iters=16  rc=0  wall=10696 us  |Δx|_max=0.0487044  |Δx|_mean=0.00164612  pred_max=0.047241  drift_max=0.0160785  drift@v600.y  conv_max=0.0028491  conv_mean=2.64735e-05  nan=0
[outlier] v600  inc_tri=2  worst|M|=5.33333  pos=(-0.798512,-2.60539,1.71751)
[pd-step]     step 133  dof=1875  pd|Δx|_max=0.047241  pd|Δx|_mean=0.00154327
[avbd-drive] step 134 wrote AVBD output to Particle.pos
[avbd-friction] step 134 applied 477 vert/primitive friction events
[avbd-contact] step 134 projected 32 vert/primitive penetrations
[avbd-selfcoll] step 134 resolved 11  detect=4519 us  resolve=13 us  path=gpu
[avbd-step] step 134  dof=1875  iters=16  rc=0  wall=9863 us  |Δx|_max=0.042515  |Δx|_mean=0.00153171  pred_max=0.0408763  drift_max=0.0134254  drift@v600.y  conv_max=0.00282073  conv_mean=2.42444e-05  nan=0
[outlier] v600  inc_tri=2  worst|M|=5.33333  pos=(-0.760584,-2.60627,1.66881)
[pd-step]     step 134  dof=1875  pd|Δx|_max=0.0408763  pd|Δx|_mean=0.00138309
[avbd-drive] step 135 wrote AVBD output to Particle.pos
[avbd-friction] step 135 applied 481 vert/primitive friction events
[avbd-contact] step 135 projected 35 vert/primitive penetrations
[avbd-selfcoll] step 135 resolved 11  detect=4918 us  resolve=25 us  path=gpu
[avbd-step] step 135  dof=1875  iters=16  rc=0  wall=10326 us  |Δx|_max=0.0448534  |Δx|_mean=0.00143648  pred_max=0.042515  drift_max=0.0100982  drift@v3.y  conv_max=0.00278807  conv_mean=2.23673e-05  nan=0
[outlier] v3  inc_tri=3  worst|M|=5.33333  pos=(-0.699642,-2.54809,-1.4313)
[pd-step]     step 135  dof=1875  pd|Δx|_max=0.042515  pd|Δx|_mean=0.0013186
[avbd-drive] step 136 wrote AVBD output to Particle.pos
[avbd-friction] step 136 applied 484 vert/primitive friction events
[avbd-contact] step 136 projected 38 vert/primitive penetrations
[avbd-selfcoll] step 136 resolved 10  detect=4572 us  resolve=17 us  path=gpu
[avbd-step] step 136  dof=1875  iters=16  rc=0  wall=10235 us  |Δx|_max=0.0466098  |Δx|_mean=0.00129491  pred_max=0.0448534  drift_max=0.0107541  drift@v27.y  conv_max=0.00275421  conv_mean=2.09217e-05  nan=0
[outlier] v27  inc_tri=6  worst|M|=5.33333  pos=(-0.865986,-2.603,-1.23723)
[pd-step]     step 136  dof=1875  pd|Δx|_max=0.0448534  pd|Δx|_mean=0.00118112
[avbd-drive] step 137 wrote AVBD output to Particle.pos
[avbd-friction] step 137 applied 486 vert/primitive friction events
[avbd-contact] step 137 projected 39 vert/primitive penetrations
[avbd-selfcoll] step 137 resolved 8  detect=4865 us  resolve=19 us  path=gpu
[avbd-step] step 137  dof=1875  iters=16  rc=0  wall=10175 us  |Δx|_max=0.048667  |Δx|_mean=0.00122821  pred_max=0.0466098  drift_max=0.0115647  drift@v51.y  conv_max=0.00272131  conv_mean=2.03575e-05  nan=0
[outlier] v51  inc_tri=6  worst|M|=5.33333  pos=(-1.01494,-2.64181,-1.03048)
[pd-step]     step 137  dof=1875  pd|Δx|_max=0.0466098  pd|Δx|_mean=0.00110277
[avbd-drive] step 138 wrote AVBD output to Particle.pos
[avbd-friction] step 138 applied 490 vert/primitive friction events
[avbd-contact] step 138 projected 44 vert/primitive penetrations
[avbd-selfcoll] step 138 resolved 9  detect=4427 us  resolve=12 us  path=gpu
[avbd-step] step 138  dof=1875  iters=16  rc=0  wall=11174 us  |Δx|_max=0.0477782  |Δx|_mean=0.00114133  pred_max=0.048667  drift_max=0.0148087  drift@v2.y  conv_max=0.00269556  conv_mean=1.87994e-05  nan=0
[outlier] v2  inc_tri=3  worst|M|=5.33333  pos=(-0.76613,-2.70493,-1.35577)
[pd-step]     step 138  dof=1875  pd|Δx|_max=0.048667  pd|Δx|_mean=0.00102117
[avbd-drive] step 139 wrote AVBD output to Particle.pos
[avbd-friction] step 139 applied 490 vert/primitive friction events
[avbd-contact] step 139 projected 44 vert/primitive penetrations
[avbd-selfcoll] step 139 resolved 11  detect=5066 us  resolve=42 us  path=gpu
[avbd-step] step 139  dof=1875  iters=16  rc=0  wall=10128 us  |Δx|_max=0.0493103  |Δx|_mean=0.00105401  pred_max=0.0477782  drift_max=0.0176764  drift@v2.y  conv_max=0.0026629  conv_mean=1.71894e-05  nan=0
[outlier] v2  inc_tri=3  worst|M|=5.33333  pos=(-0.728386,-2.7196,-1.32723)
[pd-step]     step 139  dof=1875  pd|Δx|_max=0.0477782  pd|Δx|_mean=0.000947976
[avbd-drive] step 140 wrote AVBD output to Particle.pos
[avbd-friction] step 140 applied 491 vert/primitive friction events
[avbd-contact] step 140 projected 46 vert/primitive penetrations
[avbd-selfcoll] step 140 resolved 11  detect=5259 us  resolve=13 us  path=gpu
[avbd-step] step 140  dof=1875  iters=16  rc=0  wall=13723 us  |Δx|_max=0.0476484  |Δx|_mean=0.000935908  pred_max=0.0493103  drift_max=0.0176404  drift@v26.y  conv_max=0.0026238  conv_mean=1.78204e-05  nan=0
[outlier] v26  inc_tri=6  worst|M|=5.33333  pos=(-0.868174,-2.76722,-1.10027)
[pd-step]     step 140  dof=1875  pd|Δx|_max=0.0493103  pd|Δx|_mean=0.000807495
[avbd-drive] step 141 wrote AVBD output to Particle.pos
[avbd-friction] step 141 applied 486 vert/primitive friction events
[avbd-contact] step 141 projected 47 vert/primitive penetrations
[avbd-selfcoll] step 141 resolved 10  detect=6185 us  resolve=12 us  path=gpu
[avbd-step] step 141  dof=1875  iters=16  rc=0  wall=12535 us  |Δx|_max=0.0485522  |Δx|_mean=0.00089203  pred_max=0.0476484  drift_max=0.0161467  drift@v1.y  conv_max=0.00261974  conv_mean=1.45871e-05  nan=0
[outlier] v1  inc_tri=3  worst|M|=5.33333  pos=(-0.816102,-2.85779,-1.24583)
[pd-step]     step 141  dof=1875  pd|Δx|_max=0.0476484  pd|Δx|_mean=0.000770606
[avbd-drive] step 142 wrote AVBD output to Particle.pos
[avbd-friction] step 142 applied 487 vert/primitive friction events
[avbd-contact] step 142 projected 48 vert/primitive penetrations
[avbd-selfcoll] step 142 resolved 12  detect=6117 us  resolve=18 us  path=gpu
[avbd-step] step 142  dof=1875  iters=16  rc=0  wall=12448 us  |Δx|_max=0.0465646  |Δx|_mean=0.000815718  pred_max=0.0485522  drift_max=0.0290344  drift@v25.y  conv_max=0.00321054  conv_mean=1.50454e-05  nan=0
[outlier] v25  inc_tri=3  worst|M|=5.33333  pos=(-0.94881,-2.91156,-1.00923)
[pd-step]     step 142  dof=1875  pd|Δx|_max=0.0485522  pd|Δx|_mean=0.000731439
[avbd-drive] step 143 wrote AVBD output to Particle.pos
[avbd-friction] step 143 applied 485 vert/primitive friction events
[avbd-contact] step 143 projected 48 vert/primitive penetrations
[avbd-selfcoll] step 143 resolved 10  detect=6003 us  resolve=15 us  path=gpu
[avbd-step] step 143  dof=1875  iters=16  rc=0  wall=13088 us  |Δx|_max=0.047492  |Δx|_mean=0.000736162  pred_max=0.0465646  drift_max=0.0210681  drift@v25.y  conv_max=0.00437379  conv_mean=1.74784e-05  nan=0
[outlier] v25  inc_tri=3  worst|M|=5.33333  pos=(-0.908294,-2.9144,-0.976192)
[pd-step]     step 143  dof=1875  pd|Δx|_max=0.0465646  pd|Δx|_mean=0.000607837
[avbd-drive] step 144 wrote AVBD output to Particle.pos
[avbd-friction] step 144 applied 482 vert/primitive friction events
[avbd-contact] step 144 projected 49 vert/primitive penetrations
[avbd-selfcoll] step 144 resolved 11  detect=6245 us  resolve=13 us  path=gpu
[avbd-step] step 144  dof=1875  iters=16  rc=0  wall=12899 us  |Δx|_max=0.0431971  |Δx|_mean=0.000727494  pred_max=0.0477946  drift_max=0.0230978  drift@v0.y  conv_max=0.00203282  conv_mean=1.32466e-05  nan=0
[outlier] v0  inc_tri=1  worst|M|=5.33333  pos=(-0.869635,-2.99144,-1.13533)
[pd-step]     step 144  dof=1875  pd|Δx|_max=0.0477945  pd|Δx|_mean=0.000583289
[avbd-drive] step 145 wrote AVBD output to Particle.pos
[avbd-friction] step 145 applied 480 vert/primitive friction events
[avbd-contact] step 145 projected 51 vert/primitive penetrations
[avbd-selfcoll] step 145 resolved 10  detect=6496 us  resolve=18 us  path=gpu
[avbd-step] step 145  dof=1875  iters=16  rc=0  wall=12671 us  |Δx|_max=0.0340528  |Δx|_mean=0.000701583  pred_max=0.0431971  drift_max=0.0316432  drift@v0.y  conv_max=0.00115448  conv_mean=1.24573e-05  nan=0
[outlier] v0  inc_tri=1  worst|M|=5.33333  pos=(-0.826438,-3.01614,-1.10585)
[pd-step]     step 145  dof=1875  pd|Δx|_max=0.0431971  pd|Δx|_mean=0.000573031
[avbd-drive] step 146 wrote AVBD output to Particle.pos
[avbd-friction] step 146 applied 481 vert/primitive friction events
[avbd-contact] step 146 projected 51 vert/primitive penetrations
[avbd-selfcoll] step 146 resolved 9  detect=5979 us  resolve=13 us  path=gpu
[avbd-step] step 146  dof=1875  iters=16  rc=0  wall=13406 us  |Δx|_max=0.0240591  |Δx|_mean=0.000663525  pred_max=0.024303  drift_max=0.0176518  drift@v0.y  conv_max=0.000392854  conv_mean=1.09733e-05  nan=0
[outlier] v0  inc_tri=1  worst|M|=5.33333  pos=(-0.792386,-3.00949,-1.07824)
[pd-step]     step 146  dof=1875  pd|Δx|_max=0.024303  pd|Δx|_mean=0.000518486
[avbd-drive] step 147 wrote AVBD output to Particle.pos
[avbd-friction] step 147 applied 480 vert/primitive friction events
[avbd-contact] step 147 projected 55 vert/primitive penetrations
[avbd-selfcoll] step 147 resolved 11  detect=5948 us  resolve=13 us  path=gpu
[avbd-step] step 147  dof=1875  iters=16  rc=0  wall=13615 us  |Δx|_max=0.0238549  |Δx|_mean=0.000652279  pred_max=0.0240591  drift_max=0.00550127  drift@v0.y  conv_max=0.000390187  conv_mean=1.08482e-05  nan=0
[outlier] v0  inc_tri=1  worst|M|=5.33333  pos=(-0.794949,-2.99781,-1.07877)
[pd-step]     step 147  dof=1875  pd|Δx|_max=0.0240591  pd|Δx|_mean=0.000507051
[avbd-drive] step 148 wrote AVBD output to Particle.pos
[avbd-friction] step 148 applied 479 vert/primitive friction events
[avbd-contact] step 148 projected 56 vert/primitive penetrations
[avbd-selfcoll] step 148 resolved 12  detect=5921 us  resolve=12 us  path=gpu
[avbd-step] step 148  dof=1875  iters=16  rc=0  wall=12690 us  |Δx|_max=0.0236805  |Δx|_mean=0.000662694  pred_max=0.0238549  drift_max=0.0099411  drift@v556.x  conv_max=0.000387594  conv_mean=1.07658e-05  nan=0
[outlier] v556  inc_tri=6  worst|M|=5.33333  pos=(-0.739963,-1.42386,1.66953)
[pd-step]     step 148  dof=1875  pd|Δx|_max=0.0238549  pd|Δx|_mean=0.000500543
[avbd-drive] step 149 wrote AVBD output to Particle.pos
[avbd-friction] step 149 applied 482 vert/primitive friction events
[avbd-contact] step 149 projected 58 vert/primitive penetrations
[avbd-selfcoll] step 149 resolved 16  detect=6399 us  resolve=20 us  path=gpu
[avbd-step] step 149  dof=1875  iters=16  rc=0  wall=13258 us  |Δx|_max=0.0235356  |Δx|_mean=0.000639734  pred_max=0.0236805  drift_max=0.00218964  drift@v25.y  conv_max=0.000385016  conv_mean=1.052e-05  nan=0
[outlier] v25  inc_tri=3  worst|M|=5.33333  pos=(-0.926501,-2.86946,-0.99397)
[pd-step]     step 149  dof=1875  pd|Δx|_max=0.0236805  pd|Δx|_mean=0.000504379
[avbd-drive] step 150 wrote AVBD output to Particle.pos
[avbd-friction] step 150 applied 481 vert/primitive friction events
[avbd-contact] step 150 projected 59 vert/primitive penetrations
[avbd-selfcoll] step 150 resolved 12  detect=6373 us  resolve=14 us  path=gpu
[avbd-step] step 150  dof=1875  iters=16  rc=0  wall=19030 us  |Δx|_max=0.0234226  |Δx|_mean=0.000622851  pred_max=0.0235356  drift_max=0.00188804  drift@v25.y  conv_max=0.000382394  conv_mean=1.04312e-05  nan=0
[outlier] v25  inc_tri=3  worst|M|=5.33333  pos=(-0.929229,-2.86544,-0.996105)
[pd-step]     step 150  dof=1875  pd|Δx|_max=0.0235356  pd|Δx|_mean=0.000489115
[avbd-drive] step 151 wrote AVBD output to Particle.pos
[avbd-friction] step 151 applied 478 vert/primitive friction events
[avbd-contact] step 151 projected 62 vert/primitive penetrations
[avbd-selfcoll] step 151 resolved 12  detect=4512 us  resolve=12 us  path=gpu
[avbd-step] step 151  dof=1875  iters=16  rc=0  wall=12359 us  |Δx|_max=0.0233393  |Δx|_mean=0.000611362  pred_max=0.0234226  drift_max=0.00172758  drift@v25.y  conv_max=0.000379667  conv_mean=1.03428e-05  nan=0
[outlier] v25  inc_tri=3  worst|M|=5.33333  pos=(-0.93167,-2.86214,-0.997989)
[pd-step]     step 151  dof=1875  pd|Δx|_max=0.0234226  pd|Δx|_mean=0.000475281
[avbd-drive] step 152 wrote AVBD output to Particle.pos
[avbd-friction] step 152 applied 476 vert/primitive friction events
[avbd-contact] step 152 projected 64 vert/primitive penetrations
[avbd-selfcoll] step 152 resolved 11  detect=4866 us  resolve=11 us  path=gpu
[avbd-step] step 152  dof=1875  iters=16  rc=0  wall=12194 us  |Δx|_max=0.0232741  |Δx|_mean=0.00060214  pred_max=0.0233393  drift_max=0.00161004  drift@v25.y  conv_max=0.000376791  conv_mean=1.02625e-05  nan=0
[outlier] v25  inc_tri=3  worst|M|=5.33333  pos=(-0.933884,-2.85932,-0.999695)
[pd-step]     step 152  dof=1875  pd|Δx|_max=0.0233393  pd|Δx|_mean=0.000466883
[avbd-drive] step 153 wrote AVBD output to Particle.pos
[avbd-friction] step 153 applied 478 vert/primitive friction events
[avbd-contact] step 153 projected 68 vert/primitive penetrations
[avbd-selfcoll] step 153 resolved 13  detect=4756 us  resolve=13 us  path=gpu
[avbd-step] step 153  dof=1875  iters=16  rc=0  wall=10393 us  |Δx|_max=0.0232087  |Δx|_mean=0.000590056  pred_max=0.0232741  drift_max=0.00150418  drift@v25.y  conv_max=0.000373647  conv_mean=1.01155e-05  nan=0
[outlier] v25  inc_tri=3  worst|M|=5.33333  pos=(-0.935909,-2.85685,-1.00127)
[pd-step]     step 153  dof=1875  pd|Δx|_max=0.0232741  pd|Δx|_mean=0.000457683
[avbd-drive] step 154 wrote AVBD output to Particle.pos
[avbd-friction] step 154 applied 476 vert/primitive friction events
[avbd-contact] step 154 projected 69 vert/primitive penetrations
[avbd-selfcoll] step 154 resolved 13  detect=4550 us  resolve=17 us  path=gpu
[avbd-step] step 154  dof=1875  iters=16  rc=0  wall=13173 us  |Δx|_max=0.0231229  |Δx|_mean=0.000580653  pred_max=0.0232087  drift_max=0.00142264  drift@v1.y  conv_max=0.000370204  conv_mean=1.00365e-05  nan=0
[outlier] v1  inc_tri=3  worst|M|=5.33333  pos=(-0.77205,-2.82755,-1.20995)
[pd-step]     step 154  dof=1875  pd|Δx|_max=0.0232087  pd|Δx|_mean=0.000450207
[avbd-drive] step 155 wrote AVBD output to Particle.pos
[avbd-friction] step 155 applied 475 vert/primitive friction events
[avbd-contact] step 155 projected 71 vert/primitive penetrations
[avbd-selfcoll] step 155 resolved 10  detect=4827 us  resolve=14 us  path=gpu
[avbd-step] step 155  dof=1875  iters=16  rc=0  wall=10183 us  |Δx|_max=0.0230002  |Δx|_mean=0.000572316  pred_max=0.0231229  drift_max=0.00135255  drift@v1.y  conv_max=0.000366405  conv_mean=9.95725e-06  nan=0
[outlier] v1  inc_tri=3  worst|M|=5.33333  pos=(-0.774302,-2.82584,-1.21165)
[pd-step]     step 155  dof=1875  pd|Δx|_max=0.0231229  pd|Δx|_mean=0.000442316
[avbd-drive] step 156 wrote AVBD output to Particle.pos
[avbd-friction] step 156 applied 473 vert/primitive friction events
[avbd-contact] step 156 projected 71 vert/primitive penetrations
[avbd-selfcoll] step 156 resolved 12  detect=4830 us  resolve=17 us  path=gpu
[avbd-step] step 156  dof=1875  iters=16  rc=0  wall=10404 us  |Δx|_max=0.0228321  |Δx|_mean=0.000565578  pred_max=0.0230002  drift_max=0.00141668  drift@v0.y  conv_max=0.000362352  conv_mean=9.88079e-06  nan=0
[outlier] v0  inc_tri=1  worst|M|=5.33333  pos=(-0.81075,-2.95961,-1.08682)
[pd-step]     step 156  dof=1875  pd|Δx|_max=0.0230002  pd|Δx|_mean=0.000435932
[avbd-drive] step 157 wrote AVBD output to Particle.pos
[avbd-friction] step 157 applied 473 vert/primitive friction events
[avbd-contact] step 157 projected 71 vert/primitive penetrations
[avbd-selfcoll] step 157 resolved 12  detect=4798 us  resolve=15 us  path=gpu
[avbd-step] step 157  dof=1875  iters=16  rc=0  wall=10735 us  |Δx|_max=0.0226201  |Δx|_mean=0.000557918  pred_max=0.0228321  drift_max=0.00136781  drift@v0.y  conv_max=0.000358105  conv_mean=9.76662e-06  nan=0
[outlier] v0  inc_tri=1  worst|M|=5.33333  pos=(-0.811708,-2.95739,-1.08777)
[pd-step]     step 157  dof=1875  pd|Δx|_max=0.0228321  pd|Δx|_mean=0.00042927
[avbd-drive] step 158 wrote AVBD output to Particle.pos
[avbd-friction] step 158 applied 472 vert/primitive friction events
[avbd-contact] step 158 projected 74 vert/primitive penetrations
[avbd-selfcoll] step 158 resolved 13  detect=4530 us  resolve=11 us  path=gpu
[avbd-step] step 158  dof=1875  iters=16  rc=0  wall=10881 us  |Δx|_max=0.0223757  |Δx|_mean=0.000551744  pred_max=0.0226201  drift_max=0.00125147  drift@v314.y  conv_max=0.000358821  conv_mean=9.70358e-06  nan=0
[outlier] v314  inc_tri=6  worst|M|=5.33333  pos=(0.293435,-0.138068,-0.0384131)
[pd-step]     step 158  dof=1875  pd|Δx|_max=0.0226201  pd|Δx|_mean=0.000424413
[avbd-drive] step 159 wrote AVBD output to Particle.pos
[avbd-friction] step 159 applied 471 vert/primitive friction events
[avbd-contact] step 159 projected 75 vert/primitive penetrations
[avbd-selfcoll] step 159 resolved 11  detect=4711 us  resolve=16 us  path=gpu
[avbd-step] step 159  dof=1875  iters=16  rc=0  wall=10915 us  |Δx|_max=0.0221189  |Δx|_mean=0.000546332  pred_max=0.0223757  drift_max=0.00124821  drift@v314.y  conv_max=0.000359938  conv_mean=9.64695e-06  nan=0
[outlier] v314  inc_tri=6  worst|M|=5.33333  pos=(0.292922,-0.138167,-0.0385648)
[pd-step]     step 159  dof=1875  pd|Δx|_max=0.0223757  pd|Δx|_mean=0.000419528
[avbd-drive] step 160 wrote AVBD output to Particle.pos
[avbd-friction] step 160 applied 470 vert/primitive friction events
[avbd-contact] step 160 projected 77 vert/primitive penetrations
[avbd-selfcoll] step 160 resolved 13  detect=6548 us  resolve=16 us  path=gpu
[avbd-step] step 160  dof=1875  iters=16  rc=0  wall=10666 us  |Δx|_max=0.0218733  |Δx|_mean=0.000541925  pred_max=0.0221189  drift_max=0.00124492  drift@v314.y  conv_max=0.000361152  conv_mean=9.59932e-06  nan=0
[outlier] v314  inc_tri=6  worst|M|=5.33333  pos=(0.29242,-0.138264,-0.0387155)
[pd-step]     step 160  dof=1875  pd|Δx|_max=0.0221189  pd|Δx|_mean=0.000415915
[avbd-drive] step 161 wrote AVBD output to Particle.pos
[avbd-friction] step 161 applied 471 vert/primitive friction events
[avbd-contact] step 161 projected 78 vert/primitive penetrations
[avbd-selfcoll] step 161 resolved 13  detect=4547 us  resolve=10 us  path=gpu
[avbd-step] step 161  dof=1875  iters=16  rc=0  wall=10094 us  |Δx|_max=0.021661  |Δx|_mean=0.000534679  pred_max=0.0218733  drift_max=0.00124161  drift@v314.y  conv_max=0.000362569  conv_mean=9.48243e-06  nan=0
[outlier] v314  inc_tri=6  worst|M|=5.33333  pos=(0.291928,-0.138359,-0.0388649)
[pd-step]     step 161  dof=1875  pd|Δx|_max=0.0218733  pd|Δx|_mean=0.000410609
[avbd-drive] step 162 wrote AVBD output to Particle.pos
[avbd-friction] step 162 applied 471 vert/primitive friction events
[avbd-contact] step 162 projected 78 vert/primitive penetrations
[avbd-selfcoll] step 162 resolved 12  detect=5466 us  resolve=18 us  path=gpu
[avbd-step] step 162  dof=1875  iters=16  rc=0  wall=13585 us  |Δx|_max=0.0214992  |Δx|_mean=0.000529694  pred_max=0.021661  drift_max=0.00123829  drift@v314.y  conv_max=0.00036415  conv_mean=9.42633e-06  nan=0
[outlier] v314  inc_tri=6  worst|M|=5.33333  pos=(0.291446,-0.138453,-0.0390132)
[pd-step]     step 162  dof=1875  pd|Δx|_max=0.021661  pd|Δx|_mean=0.000407138
[avbd-drive] step 163 wrote AVBD output to Particle.pos
[avbd-friction] step 163 applied 472 vert/primitive friction events
[avbd-contact] step 163 projected 78 vert/primitive penetrations
[avbd-selfcoll] step 163 resolved 11  detect=5943 us  resolve=18 us  path=gpu
[avbd-step] step 163  dof=1875  iters=16  rc=0  wall=14562 us  |Δx|_max=0.0213971  |Δx|_mean=0.000524754  pred_max=0.0214992  drift_max=0.00123495  drift@v314.y  conv_max=0.000365896  conv_mean=9.38428e-06  nan=0
[outlier] v314  inc_tri=6  worst|M|=5.33333  pos=(0.290974,-0.138545,-0.0391603)
[pd-step]     step 163  dof=1875  pd|Δx|_max=0.0214992  pd|Δx|_mean=0.000404116
[avbd-drive] step 164 wrote AVBD output to Particle.pos
[avbd-friction] step 164 applied 474 vert/primitive friction events
[avbd-contact] step 164 projected 79 vert/primitive penetrations
[avbd-selfcoll] step 164 resolved 13  detect=4927 us  resolve=23 us  path=gpu
[avbd-step] step 164  dof=1875  iters=16  rc=0  wall=11830 us  |Δx|_max=0.0213559  |Δx|_mean=0.000519769  pred_max=0.0213971  drift_max=0.0012316  drift@v314.y  conv_max=0.000367634  conv_mean=9.34483e-06  nan=0
[outlier] v314  inc_tri=6  worst|M|=5.33333  pos=(0.290511,-0.138636,-0.0393061)
[pd-step]     step 164  dof=1875  pd|Δx|_max=0.0213971  pd|Δx|_mean=0.000400778
[avbd-drive] step 165 wrote AVBD output to Particle.pos
[avbd-friction] step 165 applied 472 vert/primitive friction events
[avbd-contact] step 165 projected 80 vert/primitive penetrations
[avbd-selfcoll] step 165 resolved 16  detect=4779 us  resolve=17 us  path=gpu
[avbd-step] step 165  dof=1875  iters=16  rc=0  wall=10225 us  |Δx|_max=0.0213697  |Δx|_mean=0.000516377  pred_max=0.0213559  drift_max=0.00122824  drift@v314.y  conv_max=0.000369346  conv_mean=9.31927e-06  nan=0
[outlier] v314  inc_tri=6  worst|M|=5.33333  pos=(0.290057,-0.138725,-0.0394506)
[pd-step]     step 165  dof=1875  pd|Δx|_max=0.0213559  pd|Δx|_mean=0.000399173
[avbd-drive] step 166 wrote AVBD output to Particle.pos
[avbd-friction] step 166 applied 474 vert/primitive friction events
[avbd-contact] step 166 projected 80 vert/primitive penetrations
[avbd-selfcoll] step 166 resolved 13  detect=4735 us  resolve=14 us  path=gpu
[avbd-step] step 166  dof=1875  iters=16  rc=0  wall=10891 us  |Δx|_max=0.0214272  |Δx|_mean=0.000511152  pred_max=0.0213697  drift_max=0.00122488  drift@v314.y  conv_max=0.000370974  conv_mean=9.25659e-06  nan=0
[outlier] v314  inc_tri=6  worst|M|=5.33333  pos=(0.289612,-0.138813,-0.0395936)
[pd-step]     step 166  dof=1875  pd|Δx|_max=0.0213697  pd|Δx|_mean=0.000396045
[avbd-drive] step 167 wrote AVBD output to Particle.pos
[avbd-friction] step 167 applied 475 vert/primitive friction events
[avbd-contact] step 167 projected 82 vert/primitive penetrations
[avbd-selfcoll] step 167 resolved 17  detect=4687 us  resolve=20 us  path=gpu
[avbd-step] step 167  dof=1875  iters=16  rc=0  wall=11274 us  |Δx|_max=0.0215146  |Δx|_mean=0.000506536  pred_max=0.0214272  drift_max=0.00122149  drift@v314.y  conv_max=0.000372425  conv_mean=9.2035e-06  nan=0
[outlier] v314  inc_tri=6  worst|M|=5.33333  pos=(0.289176,-0.138899,-0.0397351)
[pd-step]     step 167  dof=1875  pd|Δx|_max=0.0214272  pd|Δx|_mean=0.000392998
[avbd-drive] step 168 wrote AVBD output to Particle.pos
[avbd-friction] step 168 applied 476 vert/primitive friction events
[avbd-contact] step 168 projected 82 vert/primitive penetrations
[avbd-selfcoll] step 168 resolved 18  detect=4930 us  resolve=31 us  path=gpu
[avbd-step] step 168  dof=1875  iters=16  rc=0  wall=10911 us  |Δx|_max=0.0216178  |Δx|_mean=0.000502465  pred_max=0.0215146  drift_max=0.00121811  drift@v314.y  conv_max=0.00037374  conv_mean=9.1631e-06  nan=0
[outlier] v314  inc_tri=6  worst|M|=5.33333  pos=(0.288748,-0.138984,-0.039875)
[pd-step]     step 168  dof=1875  pd|Δx|_max=0.0215146  pd|Δx|_mean=0.000390208
[avbd-drive] step 169 wrote AVBD output to Particle.pos
[avbd-friction] step 169 applied 476 vert/primitive friction events
[avbd-contact] step 169 projected 84 vert/primitive penetrations
[avbd-selfcoll] step 169 resolved 14  detect=4698 us  resolve=16 us  path=gpu
[avbd-step] step 169  dof=1875  iters=16  rc=0  wall=10943 us  |Δx|_max=0.0217243  |Δx|_mean=0.000498486  pred_max=0.0216178  drift_max=0.00121473  drift@v314.y  conv_max=0.00037479  conv_mean=9.11659e-06  nan=0
[outlier] v314  inc_tri=6  worst|M|=5.33333  pos=(0.288329,-0.139068,-0.0400132)
[pd-step]     step 169  dof=1875  pd|Δx|_max=0.0216178  pd|Δx|_mean=0.00038734
[avbd-drive] step 170 wrote AVBD output to Particle.pos
[avbd-friction] step 170 applied 475 vert/primitive friction events
[avbd-contact] step 170 projected 86 vert/primitive penetrations
[avbd-selfcoll] step 170 resolved 15  detect=4836 us  resolve=16 us  path=gpu
[avbd-step] step 170  dof=1875  iters=16  rc=0  wall=11479 us  |Δx|_max=0.0218243  |Δx|_mean=0.000495432  pred_max=0.0217243  drift_max=0.00121132  drift@v314.y  conv_max=0.000375783  conv_mean=9.08021e-06  nan=0
[outlier] v314  inc_tri=6  worst|M|=5.33333  pos=(0.287917,-0.13915,-0.0401498)
[pd-step]     step 170  dof=1875  pd|Δx|_max=0.0217243  pd|Δx|_mean=0.000385193
[avbd-drive] step 171 wrote AVBD output to Particle.pos
[avbd-friction] step 171 applied 477 vert/primitive friction events
[avbd-contact] step 171 projected 86 vert/primitive penetrations
[avbd-selfcoll] step 171 resolved 13  detect=4765 us  resolve=16 us  path=gpu
[avbd-step] step 171  dof=1875  iters=16  rc=0  wall=10666 us  |Δx|_max=0.0219117  |Δx|_mean=0.000490894  pred_max=0.0218243  drift_max=0.00120793  drift@v314.y  conv_max=0.000376698  conv_mean=8.99771e-06  nan=0
[outlier] v314  inc_tri=6  worst|M|=5.33333  pos=(0.287514,-0.139231,-0.0402847)
[pd-step]     step 171  dof=1875  pd|Δx|_max=0.0218243  pd|Δx|_mean=0.000381717
[avbd-drive] step 172 wrote AVBD output to Particle.pos
[avbd-friction] step 172 applied 477 vert/primitive friction events
[avbd-contact] step 172 projected 88 vert/primitive penetrations
[avbd-selfcoll] step 172 resolved 14  detect=5102 us  resolve=18 us  path=gpu
[avbd-step] step 172  dof=1875  iters=16  rc=0  wall=10627 us  |Δx|_max=0.0219833  |Δx|_mean=0.000487281  pred_max=0.0219117  drift_max=0.00120452  drift@v314.y  conv_max=0.000377623  conv_mean=8.94537e-06  nan=0
[outlier] v314  inc_tri=6  worst|M|=5.33333  pos=(0.287118,-0.13931,-0.0404177)
[pd-step]     step 172  dof=1875  pd|Δx|_max=0.0219117  pd|Δx|_mean=0.000378965
[avbd-drive] step 173 wrote AVBD output to Particle.pos
[avbd-friction] step 173 applied 477 vert/primitive friction events
[avbd-contact] step 173 projected 90 vert/primitive penetrations
[avbd-selfcoll] step 173 resolved 14  detect=10490 us  resolve=1986 us  path=gpu
[avbd-step] step 173  dof=1875  iters=16  rc=0  wall=12397 us  |Δx|_max=0.0220392  |Δx|_mean=0.000484209  pred_max=0.0219833  drift_max=0.00120111  drift@v314.y  conv_max=0.000378601  conv_mean=8.89278e-06  nan=0
[outlier] v314  inc_tri=6  worst|M|=5.33333  pos=(0.286729,-0.139388,-0.0405487)
[pd-step]     step 173  dof=1875  pd|Δx|_max=0.0219833  pd|Δx|_mean=0.000377296
[avbd-drive] step 174 wrote AVBD output to Particle.pos
[avbd-friction] step 174 applied 477 vert/primitive friction events
[avbd-contact] step 174 projected 90 vert/primitive penetrations
[avbd-selfcoll] step 174 resolved 15  detect=5766 us  resolve=22 us  path=gpu
[avbd-step] step 174  dof=1875  iters=16  rc=0  wall=11806 us  |Δx|_max=0.0220815  |Δx|_mean=0.000481526  pred_max=0.0220392  drift_max=0.00119768  drift@v314.y  conv_max=0.000379762  conv_mean=8.84512e-06  nan=0
[outlier] v314  inc_tri=6  worst|M|=5.33333  pos=(0.286348,-0.139465,-0.0406777)
[pd-step]     step 174  dof=1875  pd|Δx|_max=0.0220392  pd|Δx|_mean=0.000375766
[avbd-drive] step 175 wrote AVBD output to Particle.pos
[avbd-friction] step 175 applied 477 vert/primitive friction events
[avbd-contact] step 175 projected 90 vert/primitive penetrations
[avbd-selfcoll] step 175 resolved 12  detect=5027 us  resolve=19 us  path=gpu
[avbd-step] step 175  dof=1875  iters=16  rc=0  wall=13134 us  |Δx|_max=0.0221141  |Δx|_mean=0.00047899  pred_max=0.0220815  drift_max=0.00119425  drift@v314.y  conv_max=0.000381111  conv_mean=8.80157e-06  nan=0
[outlier] v314  inc_tri=6  worst|M|=5.33333  pos=(0.285973,-0.139541,-0.0408046)
[pd-step]     step 175  dof=1875  pd|Δx|_max=0.0220815  pd|Δx|_mean=0.000374797
[avbd-drive] step 176 wrote AVBD output to Particle.pos
[avbd-friction] step 176 applied 476 vert/primitive friction events
[avbd-contact] step 176 projected 90 vert/primitive penetrations
[avbd-selfcoll] step 176 resolved 14  detect=4932 us  resolve=16 us  path=gpu
[avbd-step] step 176  dof=1875  iters=16  rc=0  wall=12249 us  |Δx|_max=0.0221416  |Δx|_mean=0.000476188  pred_max=0.0221141  drift_max=0.00119083  drift@v314.y  conv_max=0.000382574  conv_mean=8.74351e-06  nan=0
[outlier] v314  inc_tri=6  worst|M|=5.33333  pos=(0.285605,-0.139615,-0.0409291)
[pd-step]     step 176  dof=1875  pd|Δx|_max=0.0221141  pd|Δx|_mean=0.000373272
[avbd-drive] step 177 wrote AVBD output to Particle.pos
[avbd-friction] step 177 applied 476 vert/primitive friction events
[avbd-contact] step 177 projected 91 vert/primitive penetrations
[avbd-selfcoll] step 177 resolved 13  detect=4868 us  resolve=15 us  path=gpu
[avbd-step] step 177  dof=1875  iters=16  rc=0  wall=11657 us  |Δx|_max=0.022169  |Δx|_mean=0.000474426  pred_max=0.0221416  drift_max=0.00118738  drift@v314.y  conv_max=0.00038426  conv_mean=8.7155e-06  nan=0
[outlier] v314  inc_tri=6  worst|M|=5.33333  pos=(0.285244,-0.139688,-0.0410513)
[pd-step]     step 177  dof=1875  pd|Δx|_max=0.0221416  pd|Δx|_mean=0.0003723
[avbd-drive] step 178 wrote AVBD output to Particle.pos
[avbd-friction] step 178 applied 476 vert/primitive friction events
[avbd-contact] step 178 projected 92 vert/primitive penetrations
[avbd-selfcoll] step 178 resolved 16  detect=4770 us  resolve=18 us  path=gpu
[avbd-step] step 178  dof=1875  iters=16  rc=0  wall=10726 us  |Δx|_max=0.0222007  |Δx|_mean=0.000468144  pred_max=0.022169  drift_max=0.00118396  drift@v314.y  conv_max=0.000386101  conv_mean=8.57612e-06  nan=0
[outlier] v314  inc_tri=6  worst|M|=5.33333  pos=(0.284889,-0.13976,-0.0411711)
[pd-step]     step 178  dof=1875  pd|Δx|_max=0.022169  pd|Δx|_mean=0.000367405
[avbd-drive] step 179 wrote AVBD output to Particle.pos
[avbd-friction] step 179 applied 476 vert/primitive friction events
[avbd-contact] step 179 projected 93 vert/primitive penetrations
[avbd-selfcoll] step 179 resolved 12  detect=5364 us  resolve=16 us  path=gpu
[avbd-step] step 179  dof=1875  iters=16  rc=0  wall=10606 us  |Δx|_max=0.0222401  |Δx|_mean=0.000466711  pred_max=0.0222007  drift_max=0.00118053  drift@v314.y  conv_max=0.000388035  conv_mean=8.55889e-06  nan=0
[outlier] v314  inc_tri=6  worst|M|=5.33333  pos=(0.28454,-0.13983,-0.0412884)
[pd-step]     step 179  dof=1875  pd|Δx|_max=0.0222007  pd|Δx|_mean=0.000366511
[avbd-drive] step 180 wrote AVBD output to Particle.pos
[avbd-friction] step 180 applied 476 vert/primitive friction events
[avbd-contact] step 180 projected 94 vert/primitive penetrations
[avbd-selfcoll] step 180 resolved 14  detect=5605 us  resolve=18 us  path=gpu
[avbd-step] step 180  dof=1875  iters=16  rc=0  wall=11087 us  |Δx|_max=0.0224041  |Δx|_mean=0.000466172  pred_max=0.0222401  drift_max=0.00117715  drift@v314.y  conv_max=0.000389991  conv_mean=8.55459e-06  nan=0
[outlier] v314  inc_tri=6  worst|M|=5.33333  pos=(0.284197,-0.1399,-0.0414033)
[pd-step]     step 180  dof=1875  pd|Δx|_max=0.0222401  pd|Δx|_mean=0.000366519
[avbd-drive] step 181 wrote AVBD output to Particle.pos
[avbd-friction] step 181 applied 477 vert/primitive friction events
[avbd-contact] step 181 projected 95 vert/primitive penetrations
[avbd-selfcoll] step 181 resolved 12  detect=4900 us  resolve=25 us  path=gpu
[avbd-step] step 181  dof=1875  iters=16  rc=0  wall=11096 us  |Δx|_max=0.0225784  |Δx|_mean=0.000466496  pred_max=0.0224041  drift_max=0.00117378  drift@v314.y  conv_max=0.000392023  conv_mean=8.56041e-06  nan=0
[outlier] v314  inc_tri=6  worst|M|=5.33333  pos=(0.283859,-0.139968,-0.0415159)
[pd-step]     step 181  dof=1875  pd|Δx|_max=0.0224041  pd|Δx|_mean=0.000367197
[avbd-drive] step 182 wrote AVBD output to Particle.pos
[avbd-friction] step 182 applied 478 vert/primitive friction events
[avbd-contact] step 182 projected 95 vert/primitive penetrations
[avbd-selfcoll] step 182 resolved 15  detect=5187 us  resolve=21 us  path=gpu
[avbd-step] step 182  dof=1875  iters=16  rc=0  wall=16172 us  |Δx|_max=0.0227277  |Δx|_mean=0.000466015  pred_max=0.0225784  drift_max=0.00117046  drift@v314.y  conv_max=0.000393989  conv_mean=8.53967e-06  nan=0
[outlier] v314  inc_tri=6  worst|M|=5.33333  pos=(0.283527,-0.140035,-0.0416263)
[pd-step]     step 182  dof=1875  pd|Δx|_max=0.0225784  pd|Δx|_mean=0.000367509
[avbd-drive] step 183 wrote AVBD output to Particle.pos
[avbd-friction] step 183 applied 478 vert/primitive friction events
[avbd-contact] step 183 projected 96 vert/primitive penetrations
[avbd-selfcoll] step 183 resolved 15  detect=5389 us  resolve=23 us  path=gpu
[avbd-step] step 183  dof=1875  iters=16  rc=0  wall=11657 us  |Δx|_max=0.0228533  |Δx|_mean=0.000466961  pred_max=0.0227277  drift_max=0.00116716  drift@v314.y  conv_max=0.000395949  conv_mean=8.55274e-06  nan=0
[outlier] v314  inc_tri=6  worst|M|=5.33333  pos=(0.2832,-0.140101,-0.0417345)
[pd-step]     step 183  dof=1875  pd|Δx|_max=0.0227277  pd|Δx|_mean=0.000369756
[avbd-drive] step 184 wrote AVBD output to Particle.pos
[avbd-friction] step 184 applied 478 vert/primitive friction events
[avbd-contact] step 184 projected 97 vert/primitive penetrations
[avbd-selfcoll] step 184 resolved 13  detect=4985 us  resolve=19 us  path=gpu
[avbd-step] step 184  dof=1875  iters=16  rc=0  wall=10939 us  |Δx|_max=0.0229573  |Δx|_mean=0.000468096  pred_max=0.0228533  drift_max=0.00116393  drift@v314.y  conv_max=0.000397804  conv_mean=8.57414e-06  nan=0
[outlier] v314  inc_tri=6  worst|M|=5.33333  pos=(0.282878,-0.140167,-0.0418406)
[pd-step]     step 184  dof=1875  pd|Δx|_max=0.0228533  pd|Δx|_mean=0.000371991
[avbd-drive] step 185 wrote AVBD output to Particle.pos
[avbd-friction] step 185 applied 480 vert/primitive friction events
[avbd-contact] step 185 projected 97 vert/primitive penetrations
[avbd-selfcoll] step 185 resolved 17  detect=4935 us  resolve=20 us  path=gpu
[avbd-step] step 185  dof=1875  iters=16  rc=0  wall=10241 us  |Δx|_max=0.023043  |Δx|_mean=0.000466775  pred_max=0.0229573  drift_max=0.00116074  drift@v314.y  conv_max=0.000399652  conv_mean=8.54691e-06  nan=0
[outlier] v314  inc_tri=6  worst|M|=5.33333  pos=(0.282561,-0.140231,-0.0419448)
[pd-step]     step 185  dof=1875  pd|Δx|_max=0.0229573  pd|Δx|_mean=0.000372178
[avbd-drive] step 186 wrote AVBD output to Particle.pos
[avbd-friction] step 186 applied 479 vert/primitive friction events
[avbd-contact] step 186 projected 101 vert/primitive penetrations
[avbd-selfcoll] step 186 resolved 15  detect=4883 us  resolve=26 us  path=gpu
[avbd-step] step 186  dof=1875  iters=16  rc=0  wall=12028 us  |Δx|_max=0.0231138  |Δx|_mean=0.000468552  pred_max=0.023043  drift_max=0.00121647  drift@v14.x  conv_max=0.000401409  conv_mean=8.56519e-06  nan=0
[outlier] v14  inc_tri=3  worst|M|=5.33333  pos=(0.471062,-1.40145,-1.87028)
[pd-step]     step 186  dof=1875  pd|Δx|_max=0.023043  pd|Δx|_mean=0.00037428
[avbd-drive] step 187 wrote AVBD output to Particle.pos
[avbd-friction] step 187 applied 479 vert/primitive friction events
[avbd-contact] step 187 projected 101 vert/primitive penetrations
[avbd-selfcoll] step 187 resolved 13  detect=4913 us  resolve=17 us  path=gpu
[avbd-step] step 187  dof=1875  iters=16  rc=0  wall=11345 us  |Δx|_max=0.0231733  |Δx|_mean=0.000470913  pred_max=0.0231138  drift_max=0.00135615  drift@v14.x  conv_max=0.000403195  conv_mean=8.57775e-06  nan=0
[outlier] v14  inc_tri=3  worst|M|=5.33333  pos=(0.470209,-1.40419,-1.86578)
[pd-step]     step 187  dof=1875  pd|Δx|_max=0.0231138  pd|Δx|_mean=0.000377332
[avbd-drive] step 188 wrote AVBD output to Particle.pos
[avbd-friction] step 188 applied 479 vert/primitive friction events
[avbd-contact] step 188 projected 102 vert/primitive penetrations
[avbd-selfcoll] step 188 resolved 14  detect=4754 us  resolve=18 us  path=gpu
[avbd-step] step 188  dof=1875  iters=16  rc=0  wall=10665 us  |Δx|_max=0.0232245  |Δx|_mean=0.000473113  pred_max=0.0231733  drift_max=0.00134158  drift@v12.x  conv_max=0.000404973  conv_mean=8.57604e-06  nan=0
[outlier] v12  inc_tri=3  worst|M|=5.33333  pos=(0.314345,-1.46793,-1.8433)
[pd-step]     step 188  dof=1875  pd|Δx|_max=0.0231733  pd|Δx|_mean=0.000380798
[avbd-drive] step 189 wrote AVBD output to Particle.pos
[avbd-friction] step 189 applied 481 vert/primitive friction events
[avbd-contact] step 189 projected 103 vert/primitive penetrations
[avbd-selfcoll] step 189 resolved 15  detect=4824 us  resolve=15 us  path=gpu
[avbd-step] step 189  dof=1875  iters=16  rc=0  wall=10234 us  |Δx|_max=0.0232704  |Δx|_mean=0.000473064  pred_max=0.0232245  drift_max=0.00128058  drift@v14.x  conv_max=0.000406838  conv_mean=8.58127e-06  nan=0
[outlier] v14  inc_tri=3  worst|M|=5.33333  pos=(0.468343,-1.40979,-1.85719)
[pd-step]     step 189  dof=1875  pd|Δx|_max=0.0232245  pd|Δx|_mean=0.000382392
[avbd-drive] step 190 wrote AVBD output to Particle.pos
[avbd-friction] step 190 applied 481 vert/primitive friction events
[avbd-contact] step 190 projected 104 vert/primitive penetrations
[avbd-selfcoll] step 190 resolved 17  detect=4909 us  resolve=16 us  path=gpu
[avbd-step] step 190  dof=1875  iters=16  rc=0  wall=10573 us  |Δx|_max=0.023313  |Δx|_mean=0.000474293  pred_max=0.0232704  drift_max=0.0012306  drift@v14.x  conv_max=0.000408794  conv_mean=8.59177e-06  nan=0
[outlier] v14  inc_tri=3  worst|M|=5.33333  pos=(0.467344,-1.4127,-1.8529)
[pd-step]     step 190  dof=1875  pd|Δx|_max=0.0232704  pd|Δx|_mean=0.000385123
[avbd-drive] step 191 wrote AVBD output to Particle.pos
[avbd-friction] step 191 applied 481 vert/primitive friction events
[avbd-contact] step 191 projected 107 vert/primitive penetrations
[avbd-selfcoll] step 191 resolved 20  detect=4955 us  resolve=20 us  path=gpu
[avbd-step] step 191  dof=1875  iters=16  rc=0  wall=10990 us  |Δx|_max=0.02335  |Δx|_mean=0.000475086  pred_max=0.023313  drift_max=0.00118151  drift@v14.x  conv_max=0.000410805  conv_mean=8.59518e-06  nan=0
[outlier] v14  inc_tri=3  worst|M|=5.33333  pos=(0.466258,-1.41569,-1.84853)
[pd-step]     step 191  dof=1875  pd|Δx|_max=0.023313  pd|Δx|_mean=0.0003877
[avbd-drive] step 192 wrote AVBD output to Particle.pos
[avbd-friction] step 192 applied 482 vert/primitive friction events
[avbd-contact] step 192 projected 109 vert/primitive penetrations
[avbd-selfcoll] step 192 resolved 21  detect=4726 us  resolve=21 us  path=gpu
[avbd-step] step 192  dof=1875  iters=16  rc=0  wall=10493 us  |Δx|_max=0.0234062  |Δx|_mean=0.000475193  pred_max=0.02335  drift_max=0.00113966  drift@v314.y  conv_max=0.0004129  conv_mean=8.58772e-06  nan=0
[outlier] v314  inc_tri=6  worst|M|=5.33333  pos=(0.280453,-0.140658,-0.0426293)
[pd-step]     step 192  dof=1875  pd|Δx|_max=0.02335  pd|Δx|_mean=0.000389716
[avbd-drive] step 193 wrote AVBD output to Particle.pos
[avbd-friction] step 193 applied 482 vert/primitive friction events
[avbd-contact] step 193 projected 111 vert/primitive penetrations
[avbd-selfcoll] step 193 resolved 21  detect=4780 us  resolve=15 us  path=gpu
[avbd-step] step 193  dof=1875  iters=16  rc=0  wall=10489 us  |Δx|_max=0.0234642  |Δx|_mean=0.000472689  pred_max=0.0234062  drift_max=0.00113682  drift@v314.y  conv_max=0.00041481  conv_mean=8.54118e-06  nan=0
[outlier] v314  inc_tri=6  worst|M|=5.33333  pos=(0.280167,-0.140716,-0.0427217)
[pd-step]     step 193  dof=1875  pd|Δx|_max=0.0234062  pd|Δx|_mean=0.000389399
[avbd-drive] step 194 wrote AVBD output to Particle.pos
[avbd-friction] step 194 applied 481 vert/primitive friction events
[avbd-contact] step 194 projected 111 vert/primitive penetrations
[avbd-selfcoll] step 194 resolved 22  detect=4894 us  resolve=23 us  path=gpu
[avbd-step] step 194  dof=1875  iters=16  rc=0  wall=10742 us  |Δx|_max=0.0235065  |Δx|_mean=0.000472301  pred_max=0.0234642  drift_max=0.00113402  drift@v314.y  conv_max=0.000416576  conv_mean=8.54522e-06  nan=0
[outlier] v314  inc_tri=6  worst|M|=5.33333  pos=(0.279883,-0.140774,-0.0428128)
[pd-step]     step 194  dof=1875  pd|Δx|_max=0.0234642  pd|Δx|_mean=0.000390353
[avbd-drive] step 195 wrote AVBD output to Particle.pos
[avbd-friction] step 195 applied 481 vert/primitive friction events
[avbd-contact] step 195 projected 114 vert/primitive penetrations
[avbd-selfcoll] step 195 resolved 20  detect=4783 us  resolve=19 us  path=gpu
[avbd-step] step 195  dof=1875  iters=16  rc=0  wall=11361 us  |Δx|_max=0.0235321  |Δx|_mean=0.000471433  pred_max=0.0235065  drift_max=0.00113127  drift@v314.y  conv_max=0.000418134  conv_mean=8.53339e-06  nan=0
[outlier] v314  inc_tri=6  worst|M|=5.33333  pos=(0.279602,-0.140831,-0.0429026)
[pd-step]     step 195  dof=1875  pd|Δx|_max=0.0235065  pd|Δx|_mean=0.000390455
[avbd-drive] step 196 wrote AVBD output to Particle.pos
[avbd-friction] step 196 applied 481 vert/primitive friction events
[avbd-contact] step 196 projected 114 vert/primitive penetrations
[avbd-selfcoll] step 196 resolved 21  detect=4809 us  resolve=17 us  path=gpu
[avbd-step] step 196  dof=1875  iters=16  rc=0  wall=10596 us  |Δx|_max=0.023538  |Δx|_mean=0.000471279  pred_max=0.0235321  drift_max=0.00112855  drift@v314.y  conv_max=0.000419402  conv_mean=8.53279e-06  nan=0
[outlier] v314  inc_tri=6  worst|M|=5.33333  pos=(0.279324,-0.140887,-0.0429911)
[pd-step]     step 196  dof=1875  pd|Δx|_max=0.0235321  pd|Δx|_mean=0.000391345
[avbd-drive] step 197 wrote AVBD output to Particle.pos
[avbd-friction] step 197 applied 484 vert/primitive friction events
[avbd-contact] step 197 projected 115 vert/primitive penetrations
[avbd-selfcoll] step 197 resolved 21  detect=5381 us  resolve=20 us  path=gpu
[avbd-step] step 197  dof=1875  iters=16  rc=0  wall=14127 us  |Δx|_max=0.0235204  |Δx|_mean=0.000466105  pred_max=0.023538  drift_max=0.0011259  drift@v314.y  conv_max=0.000420327  conv_mean=8.45102e-06  nan=0
[outlier] v314  inc_tri=6  worst|M|=5.33333  pos=(0.279049,-0.140943,-0.0430782)
[pd-step]     step 197  dof=1875  pd|Δx|_max=0.023538  pd|Δx|_mean=0.000388691
[avbd-drive] step 198 wrote AVBD output to Particle.pos
[avbd-friction] step 198 applied 485 vert/primitive friction events
[avbd-contact] step 198 projected 115 vert/primitive penetrations
[avbd-selfcoll] step 198 resolved 21  detect=5328 us  resolve=20 us  path=gpu
[avbd-step] step 198  dof=1875  iters=16  rc=0  wall=10857 us  |Δx|_max=0.0234757  |Δx|_mean=0.000463265  pred_max=0.0235204  drift_max=0.00112331  drift@v314.y  conv_max=0.000420721  conv_mean=8.41882e-06  nan=0
[outlier] v314  inc_tri=6  worst|M|=5.33333  pos=(0.278776,-0.140999,-0.0431642)
[pd-step]     step 198  dof=1875  pd|Δx|_max=0.0235204  pd|Δx|_mean=0.000387408
[avbd-drive] step 199 wrote AVBD output to Particle.pos
[avbd-friction] step 199 applied 486 vert/primitive friction events
[avbd-contact] step 199 projected 115 vert/primitive penetrations
[avbd-selfcoll] step 199 resolved 21  detect=5355 us  resolve=17 us  path=gpu
[avbd-step] step 199  dof=1875  iters=16  rc=0  wall=11835 us  |Δx|_max=0.0234019  |Δx|_mean=0.000459266  pred_max=0.0234757  drift_max=0.00116968  drift@v14.z  conv_max=0.000420593  conv_mean=8.35354e-06  nan=0
[outlier] v14  inc_tri=3  worst|M|=5.33333  pos=(0.450046,-1.43815,-1.80686)
[pd-step]     step 199  dof=1875  pd|Δx|_max=0.0234757  pd|Δx|_mean=0.000385207
[avbd-drive] step 200 wrote AVBD output to Particle.pos
[avbd-friction] step 200 applied 487 vert/primitive friction events
[avbd-contact] step 200 projected 116 vert/primitive penetrations
[avbd-selfcoll] step 200 resolved 19  detect=5531 us  resolve=37 us  path=gpu
[avbd-step] step 200  dof=1875  iters=16  rc=0  wall=11473 us  |Δx|_max=0.023299  |Δx|_mean=0.000456964  pred_max=0.0234019  drift_max=0.00127137  drift@v14.z  conv_max=0.000419712  conv_mean=8.32186e-06  nan=0
[outlier] v14  inc_tri=3  worst|M|=5.33333  pos=(0.446917,-1.43984,-1.80167)
[pd-step]     step 200  dof=1875  pd|Δx|_max=0.0234019  pd|Δx|_mean=0.000382835
[avbd-drive] step 201 wrote AVBD output to Particle.pos
[avbd-friction] step 201 applied 487 vert/primitive friction events
[avbd-contact] step 201 projected 117 vert/primitive penetrations
[avbd-selfcoll] step 201 resolved 21  detect=12062 us  resolve=21 us  path=gpu
[avbd-step] step 201  dof=1875  iters=16  rc=0  wall=13767 us  |Δx|_max=0.0236394  |Δx|_mean=0.0004534  pred_max=0.023299  drift_max=0.00129449  drift@v14.z  conv_max=0.000418106  conv_mean=8.23052e-06  nan=0
[outlier] v14  inc_tri=3  worst|M|=5.33333  pos=(0.44373,-1.44133,-1.79699)
[pd-step]     step 201  dof=1875  pd|Δx|_max=0.023299  pd|Δx|_mean=0.00038023
[avbd-drive] step 202 wrote AVBD output to Particle.pos
[avbd-friction] step 202 applied 486 vert/primitive friction events
[avbd-contact] step 202 projected 118 vert/primitive penetrations
[avbd-selfcoll] step 202 resolved 22  detect=5746 us  resolve=19 us  path=gpu
[avbd-step] step 202  dof=1875  iters=16  rc=0  wall=12246 us  |Δx|_max=0.0240274  |Δx|_mean=0.000452838  pred_max=0.0236394  drift_max=0.00124836  drift@v14.z  conv_max=0.000415679  conv_mean=8.2237e-06  nan=0
[outlier] v14  inc_tri=3  worst|M|=5.33333  pos=(0.440556,-1.44273,-1.79289)
[pd-step]     step 202  dof=1875  pd|Δx|_max=0.0236394  pd|Δx|_mean=0.000380061
[avbd-drive] step 203 wrote AVBD output to Particle.pos
[avbd-friction] step 203 applied 486 vert/primitive friction events
[avbd-contact] step 203 projected 119 vert/primitive penetrations
[avbd-selfcoll] step 203 resolved 23  detect=5201 us  resolve=21 us  path=gpu
[avbd-step] step 203  dof=1875  iters=16  rc=0  wall=12654 us  |Δx|_max=0.0243986  |Δx|_mean=0.000452076  pred_max=0.0240274  drift_max=0.00115657  drift@v14.z  conv_max=0.000412383  conv_mean=8.21305e-06  nan=0
[outlier] v14  inc_tri=3  worst|M|=5.33333  pos=(0.43744,-1.44406,-1.78941)
[pd-step]     step 203  dof=1875  pd|Δx|_max=0.0240274  pd|Δx|_mean=0.000380436
[avbd-drive] step 204 wrote AVBD output to Particle.pos
[avbd-friction] step 204 applied 486 vert/primitive friction events
[avbd-contact] step 204 projected 119 vert/primitive penetrations
[avbd-selfcoll] step 204 resolved 21  detect=8817 us  resolve=26 us  path=gpu
[avbd-step] step 204  dof=1875  iters=16  rc=0  wall=14582 us  |Δx|_max=0.0247521  |Δx|_mean=0.000448106  pred_max=0.0243986  drift_max=0.00156474  drift@v14.x  conv_max=0.000408171  conv_mean=8.18854e-06  nan=0
[outlier] v14  inc_tri=3  worst|M|=5.33333  pos=(0.43441,-1.44531,-1.78652)
[pd-step]     step 204  dof=1875  pd|Δx|_max=0.0243986  pd|Δx|_mean=0.000380437
[avbd-drive] step 205 wrote AVBD output to Particle.pos
[avbd-friction] step 205 applied 485 vert/primitive friction events
[avbd-contact] step 205 projected 120 vert/primitive penetrations
[avbd-selfcoll] step 205 resolved 21  detect=4956 us  resolve=17 us  path=gpu
[avbd-step] step 205  dof=1875  iters=16  rc=0  wall=11160 us  |Δx|_max=0.0250872  |Δx|_mean=0.000458588  pred_max=0.0247521  drift_max=0.00444591  drift@v578.z  conv_max=0.000403054  conv_mean=8.20487e-06  nan=0
[outlier] v578  inc_tri=6  worst|M|=5.33333  pos=(-0.887083,-1.96115,1.74476)
[pd-step]     step 205  dof=1875  pd|Δx|_max=0.0247521  pd|Δx|_mean=0.000377229
[avbd-drive] step 206 wrote AVBD output to Particle.pos
[avbd-friction] step 206 applied 488 vert/primitive friction events
[avbd-contact] step 206 projected 122 vert/primitive penetrations
[avbd-selfcoll] step 206 resolved 22  detect=4876 us  resolve=14 us  path=gpu
[avbd-step] step 206  dof=1875  iters=16  rc=0  wall=10385 us  |Δx|_max=0.0254821  |Δx|_mean=0.000451982  pred_max=0.0250872  drift_max=0.00331411  drift@v14.x  conv_max=0.000400651  conv_mean=8.1682e-06  nan=0
[outlier] v14  inc_tri=3  worst|M|=5.33333  pos=(0.433397,-1.44639,-1.78439)
[pd-step]     step 206  dof=1875  pd|Δx|_max=0.0250872  pd|Δx|_mean=0.000386306
[avbd-drive] step 207 wrote AVBD output to Particle.pos
[avbd-friction] step 207 applied 488 vert/primitive friction events
[avbd-contact] step 207 projected 122 vert/primitive penetrations
[avbd-selfcoll] step 207 resolved 20  detect=5005 us  resolve=24 us  path=gpu
[avbd-step] step 207  dof=1875  iters=16  rc=0  wall=10583 us  |Δx|_max=0.0258894  |Δx|_mean=0.000445283  pred_max=0.0254821  drift_max=0.00349531  drift@v14.x  conv_max=0.000392281  conv_mean=8.12189e-06  nan=0
[outlier] v14  inc_tri=3  worst|M|=5.33333  pos=(0.433321,-1.44683,-1.78419)
[pd-step]     step 207  dof=1875  pd|Δx|_max=0.0254821  pd|Δx|_mean=0.000381336
[avbd-drive] step 208 wrote AVBD output to Particle.pos
[avbd-friction] step 208 applied 487 vert/primitive friction events
[avbd-contact] step 208 projected 125 vert/primitive penetrations
[avbd-selfcoll] step 208 resolved 20  detect=4854 us  resolve=11 us  path=gpu
[avbd-step] step 208  dof=1875  iters=16  rc=0  wall=10382 us  |Δx|_max=0.0262827  |Δx|_mean=0.000442114  pred_max=0.0258894  drift_max=0.00349712  drift@v14.x  conv_max=0.000383733  conv_mean=8.07894e-06  nan=0
[outlier] v14  inc_tri=3  worst|M|=5.33333  pos=(0.433151,-1.44721,-1.78423)
[pd-step]     step 208  dof=1875  pd|Δx|_max=0.0258894  pd|Δx|_mean=0.000374753
[avbd-drive] step 209 wrote AVBD output to Particle.pos
[avbd-friction] step 209 applied 490 vert/primitive friction events
[avbd-contact] step 209 projected 126 vert/primitive penetrations
[avbd-selfcoll] step 209 resolved 21  detect=4764 us  resolve=12 us  path=gpu
[avbd-step] step 209  dof=1875  iters=16  rc=0  wall=10535 us  |Δx|_max=0.0266534  |Δx|_mean=0.000437371  pred_max=0.0262827  drift_max=0.00344607  drift@v14.x  conv_max=0.000374801  conv_mean=8.01156e-06  nan=0
[outlier] v14  inc_tri=3  worst|M|=5.33333  pos=(0.432896,-1.4475,-1.78442)
[pd-step]     step 209  dof=1875  pd|Δx|_max=0.0262827  pd|Δx|_mean=0.00036969
[avbd-drive] step 210 wrote AVBD output to Particle.pos
[avbd-friction] step 210 applied 491 vert/primitive friction events
[avbd-contact] step 210 projected 126 vert/primitive penetrations
[avbd-selfcoll] step 210 resolved 20  detect=5084 us  resolve=20 us  path=gpu
[avbd-step] step 210  dof=1875  iters=16  rc=0  wall=10793 us  |Δx|_max=0.0270082  |Δx|_mean=0.000432555  pred_max=0.0266534  drift_max=0.00336781  drift@v14.x  conv_max=0.000365449  conv_mean=7.95538e-06  nan=0
[outlier] v14  inc_tri=3  worst|M|=5.33333  pos=(0.432563,-1.44768,-1.78474)
[pd-step]     step 210  dof=1875  pd|Δx|_max=0.0266534  pd|Δx|_mean=0.000365962
[avbd-drive] step 211 wrote AVBD output to Particle.pos
[avbd-friction] step 211 applied 490 vert/primitive friction events
[avbd-contact] step 211 projected 127 vert/primitive penetrations
[avbd-selfcoll] step 211 resolved 22  detect=5046 us  resolve=17 us  path=gpu
[avbd-step] step 211  dof=1875  iters=16  rc=0  wall=10738 us  |Δx|_max=0.0273548  |Δx|_mean=0.000440857  pred_max=0.0270082  drift_max=0.00434703  drift@v604.x  conv_max=0.000355413  conv_mean=7.98483e-06  nan=0
[outlier] v604  inc_tri=3  worst|M|=5.33333  pos=(-0.842547,-1.9014,1.88909)
[pd-step]     step 211  dof=1875  pd|Δx|_max=0.0270082  pd|Δx|_mean=0.000362897
[avbd-drive] step 212 wrote AVBD output to Particle.pos
[avbd-friction] step 212 applied 490 vert/primitive friction events
[avbd-contact] step 212 projected 128 vert/primitive penetrations
[avbd-selfcoll] step 212 resolved 23  detect=4956 us  resolve=19 us  path=gpu
[avbd-step] step 212  dof=1875  iters=16  rc=0  wall=11972 us  |Δx|_max=0.027698  |Δx|_mean=0.000435654  pred_max=0.0273548  drift_max=0.00312698  drift@v14.x  conv_max=0.000344435  conv_mean=7.96338e-06  nan=0
[outlier] v14  inc_tri=3  worst|M|=5.33333  pos=(0.431801,-1.44767,-1.78576)
[pd-step]     step 212  dof=1875  pd|Δx|_max=0.0273548  pd|Δx|_mean=0.00037177
[avbd-drive] step 213 wrote AVBD output to Particle.pos
[avbd-friction] step 213 applied 491 vert/primitive friction events
[avbd-contact] step 213 projected 131 vert/primitive penetrations
[avbd-selfcoll] step 213 resolved 24  detect=4796 us  resolve=22 us  path=gpu
[avbd-step] step 213  dof=1875  iters=16  rc=0  wall=10527 us  |Δx|_max=0.0280362  |Δx|_mean=0.000427414  pred_max=0.027698  drift_max=0.00300428  drift@v14.x  conv_max=0.000332387  conv_mean=7.89676e-06  nan=0
[outlier] v14  inc_tri=3  worst|M|=5.33333  pos=(0.431478,-1.44749,-1.78646)
[pd-step]     step 213  dof=1875  pd|Δx|_max=0.027698  pd|Δx|_mean=0.000366609
[avbd-drive] step 214 wrote AVBD output to Particle.pos
[avbd-friction] step 214 applied 491 vert/primitive friction events
[avbd-contact] step 214 projected 132 vert/primitive penetrations
[avbd-selfcoll] step 214 resolved 19  detect=4860 us  resolve=10 us  path=gpu
[avbd-step] step 214  dof=1875  iters=16  rc=0  wall=10845 us  |Δx|_max=0.0283603  |Δx|_mean=0.00042443  pred_max=0.0280362  drift_max=0.00289536  drift@v14.x  conv_max=0.000319164  conv_mean=7.85115e-06  nan=0
[outlier] v14  inc_tri=3  worst|M|=5.33333  pos=(0.43126,-1.44722,-1.78726)
[pd-step]     step 214  dof=1875  pd|Δx|_max=0.0280362  pd|Δx|_mean=0.000359354
[avbd-drive] step 215 wrote AVBD output to Particle.pos
[avbd-friction] step 215 applied 491 vert/primitive friction events
[avbd-contact] step 215 projected 134 vert/primitive penetrations
[avbd-selfcoll] step 215 resolved 21  detect=5015 us  resolve=19 us  path=gpu
[avbd-step] step 215  dof=1875  iters=16  rc=0  wall=10589 us  |Δx|_max=0.0286552  |Δx|_mean=0.000421269  pred_max=0.0283603  drift_max=0.00278857  drift@v14.x  conv_max=0.00030499  conv_mean=7.792e-06  nan=0
[outlier] v14  inc_tri=3  worst|M|=5.33333  pos=(0.431179,-1.44689,-1.78814)
[pd-step]     step 215  dof=1875  pd|Δx|_max=0.0283603  pd|Δx|_mean=0.000356062
[avbd-drive] step 216 wrote AVBD output to Particle.pos
[avbd-friction] step 216 applied 492 vert/primitive friction events
[avbd-contact] step 216 projected 134 vert/primitive penetrations
[avbd-selfcoll] step 216 resolved 23  detect=5135 us  resolve=22 us  path=gpu
[avbd-step] step 216  dof=1875  iters=16  rc=0  wall=10741 us  |Δx|_max=0.0289028  |Δx|_mean=0.000419401  pred_max=0.0286552  drift_max=0.00152174  drift@v14.x  conv_max=0.000290044  conv_mean=7.77354e-06  nan=0
[outlier] v14  inc_tri=3  worst|M|=5.33333  pos=(0.431268,-1.44652,-1.78904)
[pd-step]     step 216  dof=1875  pd|Δx|_max=0.0286552  pd|Δx|_mean=0.000354522
[avbd-drive] step 217 wrote AVBD output to Particle.pos
[avbd-friction] step 217 applied 494 vert/primitive friction events
[avbd-contact] step 217 projected 135 vert/primitive penetrations
[avbd-selfcoll] step 217 resolved 21  detect=4822 us  resolve=12 us  path=gpu
[avbd-step] step 217  dof=1875  iters=16  rc=0  wall=11328 us  |Δx|_max=0.0290872  |Δx|_mean=0.000416391  pred_max=0.0289028  drift_max=0.00107934  drift@v314.y  conv_max=0.000274759  conv_mean=7.72285e-06  nan=0
[outlier] v314  inc_tri=6  worst|M|=5.33333  pos=(0.273943,-0.141976,-0.044597)
[pd-step]     step 217  dof=1875  pd|Δx|_max=0.0289028  pd|Δx|_mean=0.000352442
[avbd-drive] step 218 wrote AVBD output to Particle.pos
[avbd-friction] step 218 applied 495 vert/primitive friction events
[avbd-contact] step 218 projected 135 vert/primitive penetrations
[avbd-selfcoll] step 218 resolved 20  detect=4896 us  resolve=13 us  path=gpu
[avbd-step] step 218  dof=1875  iters=16  rc=0  wall=10209 us  |Δx|_max=0.0292071  |Δx|_mean=0.000414178  pred_max=0.0290872  drift_max=0.00107719  drift@v314.y  conv_max=0.000259686  conv_mean=7.69068e-06  nan=0
[outlier] v314  inc_tri=6  worst|M|=5.33333  pos=(0.273703,-0.142024,-0.0446626)
[pd-step]     step 218  dof=1875  pd|Δx|_max=0.0290872  pd|Δx|_mean=0.000351947
[avbd-drive] step 219 wrote AVBD output to Particle.pos
[avbd-friction] step 219 applied 495 vert/primitive friction events
[avbd-contact] step 219 projected 135 vert/primitive penetrations
[avbd-selfcoll] step 219 resolved 21  detect=4884 us  resolve=16 us  path=gpu
[avbd-step] step 219  dof=1875  iters=16  rc=0  wall=10768 us  |Δx|_max=0.0292646  |Δx|_mean=0.000412407  pred_max=0.0292071  drift_max=0.00107506  drift@v314.y  conv_max=0.000256628  conv_mean=7.67515e-06  nan=0
[outlier] v314  inc_tri=6  worst|M|=5.33333  pos=(0.273465,-0.142072,-0.0447271)
[pd-step]     step 219  dof=1875  pd|Δx|_max=0.029207  pd|Δx|_mean=0.00035132
[avbd-drive] step 220 wrote AVBD output to Particle.pos
[avbd-friction] step 220 applied 494 vert/primitive friction events
[avbd-contact] step 220 projected 136 vert/primitive penetrations
[avbd-selfcoll] step 220 resolved 21  detect=4836 us  resolve=15 us  path=gpu
[avbd-step] step 220  dof=1875  iters=16  rc=0  wall=10726 us  |Δx|_max=0.0292619  |Δx|_mean=0.000411262  pred_max=0.0292646  drift_max=0.00107293  drift@v314.y  conv_max=0.0002639  conv_mean=7.66024e-06  nan=0
[outlier] v314  inc_tri=6  worst|M|=5.33333  pos=(0.273227,-0.142119,-0.0447903)
[pd-step]     step 220  dof=1875  pd|Δx|_max=0.0292646  pd|Δx|_mean=0.000350562
[avbd-drive] step 221 wrote AVBD output to Particle.pos
[avbd-friction] step 221 applied 494 vert/primitive friction events
[avbd-contact] step 221 projected 137 vert/primitive penetrations
[avbd-selfcoll] step 221 resolved 21  detect=5000 us  resolve=20 us  path=gpu
[avbd-step] step 221  dof=1875  iters=16  rc=0  wall=10757 us  |Δx|_max=0.0292029  |Δx|_mean=0.000409469  pred_max=0.0292619  drift_max=0.00107083  drift@v314.y  conv_max=0.000270456  conv_mean=7.64807e-06  nan=0
[outlier] v314  inc_tri=6  worst|M|=5.33333  pos=(0.272991,-0.142166,-0.0448523)
[pd-step]     step 221  dof=1875  pd|Δx|_max=0.0292619  pd|Δx|_mean=0.000350078
[avbd-drive] step 222 wrote AVBD output to Particle.pos
[avbd-friction] step 222 applied 493 vert/primitive friction events
[avbd-contact] step 222 projected 137 vert/primitive penetrations
[avbd-selfcoll] step 222 resolved 20  detect=4621 us  resolve=15 us  path=gpu
[avbd-step] step 222  dof=1875  iters=16  rc=0  wall=10473 us  |Δx|_max=0.0290973  |Δx|_mean=0.000409654  pred_max=0.0292029  drift_max=0.00106871  drift@v314.y  conv_max=0.000276238  conv_mean=7.64072e-06  nan=0
[outlier] v314  inc_tri=6  worst|M|=5.33333  pos=(0.272756,-0.142213,-0.0449129)
[pd-step]     step 222  dof=1875  pd|Δx|_max=0.0292029  pd|Δx|_mean=0.000348305
[avbd-drive] step 223 wrote AVBD output to Particle.pos
[avbd-friction] step 223 applied 494 vert/primitive friction events
[avbd-contact] step 223 projected 138 vert/primitive penetrations
[avbd-selfcoll] step 223 resolved 22  detect=4892 us  resolve=13 us  path=gpu
[avbd-step] step 223  dof=1875  iters=16  rc=0  wall=10286 us  |Δx|_max=0.0289597  |Δx|_mean=0.000409943  pred_max=0.0290973  drift_max=0.00106661  drift@v314.y  conv_max=0.000281274  conv_mean=7.63553e-06  nan=0
[outlier] v314  inc_tri=6  worst|M|=5.33333  pos=(0.272522,-0.14226,-0.0449722)
[pd-step]     step 223  dof=1875  pd|Δx|_max=0.0290973  pd|Δx|_mean=0.000348711
[avbd-drive] step 224 wrote AVBD output to Particle.pos
[avbd-friction] step 224 applied 495 vert/primitive friction events
[avbd-contact] step 224 projected 139 vert/primitive penetrations
[avbd-selfcoll] step 224 resolved 22  detect=4910 us  resolve=23 us  path=gpu
[avbd-step] step 224  dof=1875  iters=16  rc=0  wall=10715 us  |Δx|_max=0.0287789  |Δx|_mean=0.000409557  pred_max=0.0289597  drift_max=0.00106454  drift@v314.y  conv_max=0.000285596  conv_mean=7.59958e-06  nan=0
[outlier] v314  inc_tri=6  worst|M|=5.33333  pos=(0.272289,-0.142306,-0.0450303)
[pd-step]     step 224  dof=1875  pd|Δx|_max=0.0289597  pd|Δx|_mean=0.000348715
[avbd-drive] step 225 wrote AVBD output to Particle.pos
[avbd-friction] step 225 applied 496 vert/primitive friction events
[avbd-contact] step 225 projected 140 vert/primitive penetrations
[avbd-selfcoll] step 225 resolved 23  detect=4751 us  resolve=14 us  path=gpu
[avbd-step] step 225  dof=1875  iters=16  rc=0  wall=10849 us  |Δx|_max=0.0285797  |Δx|_mean=0.000409039  pred_max=0.0287789  drift_max=0.00106248  drift@v314.y  conv_max=0.000289381  conv_mean=7.56315e-06  nan=0
[outlier] v314  inc_tri=6  worst|M|=5.33333  pos=(0.272057,-0.142352,-0.0450871)
[pd-step]     step 225  dof=1875  pd|Δx|_max=0.0287789  pd|Δx|_mean=0.000348486
[avbd-drive] step 226 wrote AVBD output to Particle.pos
[avbd-friction] step 226 applied 496 vert/primitive friction events
[avbd-contact] step 226 projected 140 vert/primitive penetrations
[avbd-selfcoll] step 226 resolved 25  detect=4995 us  resolve=16 us  path=gpu
[avbd-step] step 226  dof=1875  iters=16  rc=0  wall=10656 us  |Δx|_max=0.0283845  |Δx|_mean=0.000409796  pred_max=0.0285797  drift_max=0.00106044  drift@v314.y  conv_max=0.000292748  conv_mean=7.55908e-06  nan=0
[outlier] v314  inc_tri=6  worst|M|=5.33333  pos=(0.271826,-0.142398,-0.0451428)
[pd-step]     step 226  dof=1875  pd|Δx|_max=0.0285797  pd|Δx|_mean=0.000349628
[avbd-drive] step 227 wrote AVBD output to Particle.pos
[avbd-friction] step 227 applied 495 vert/primitive friction events
[avbd-contact] step 227 projected 141 vert/primitive penetrations
[avbd-selfcoll] step 227 resolved 21  detect=5003 us  resolve=15 us  path=gpu
[avbd-step] step 227  dof=1875  iters=16  rc=0  wall=10493 us  |Δx|_max=0.0282071  |Δx|_mean=0.000410534  pred_max=0.0283845  drift_max=0.00105843  drift@v314.y  conv_max=0.000295728  conv_mean=7.55406e-06  nan=0
[outlier] v314  inc_tri=6  worst|M|=5.33333  pos=(0.271597,-0.142443,-0.0451973)
[pd-step]     step 227  dof=1875  pd|Δx|_max=0.0283845  pd|Δx|_mean=0.000350774
[avbd-drive] step 228 wrote AVBD output to Particle.pos
[avbd-friction] step 228 applied 495 vert/primitive friction events
[avbd-contact] step 228 projected 141 vert/primitive penetrations
[avbd-selfcoll] step 228 resolved 19  detect=4902 us  resolve=16 us  path=gpu
[avbd-step] step 228  dof=1875  iters=16  rc=0  wall=11646 us  |Δx|_max=0.028054  |Δx|_mean=0.000411574  pred_max=0.0282071  drift_max=0.00105645  drift@v314.y  conv_max=0.000298411  conv_mean=7.55969e-06  nan=0
[outlier] v314  inc_tri=6  worst|M|=5.33333  pos=(0.271369,-0.142488,-0.0452508)
[pd-step]     step 228  dof=1875  pd|Δx|_max=0.0282071  pd|Δx|_mean=0.0003519
[avbd-drive] step 229 wrote AVBD output to Particle.pos
[avbd-friction] step 229 applied 495 vert/primitive friction events
[avbd-contact] step 229 projected 142 vert/primitive penetrations
[avbd-selfcoll] step 229 resolved 24  detect=4877 us  resolve=18 us  path=gpu
[avbd-step] step 229  dof=1875  iters=16  rc=0  wall=10647 us  |Δx|_max=0.0279286  |Δx|_mean=0.000412719  pred_max=0.028054  drift_max=0.0010545  drift@v314.y  conv_max=0.000300944  conv_mean=7.5637e-06  nan=0
[outlier] v314  inc_tri=6  worst|M|=5.33333  pos=(0.271141,-0.142533,-0.0453034)
[pd-step]     step 229  dof=1875  pd|Δx|_max=0.028054  pd|Δx|_mean=0.000353375
[avbd-drive] step 230 wrote AVBD output to Particle.pos
[avbd-friction] step 230 applied 495 vert/primitive friction events
[avbd-contact] step 230 projected 143 vert/primitive penetrations
[avbd-selfcoll] step 230 resolved 24  detect=4829 us  resolve=17 us  path=gpu
[avbd-step] step 230  dof=1875  iters=16  rc=0  wall=11004 us  |Δx|_max=0.027831  |Δx|_mean=0.000414002  pred_max=0.0279286  drift_max=0.00105259  drift@v314.y  conv_max=0.000303179  conv_mean=7.57028e-06  nan=0
[outlier] v314  inc_tri=6  worst|M|=5.33333  pos=(0.270916,-0.142577,-0.0453551)
[pd-step]     step 230  dof=1875  pd|Δx|_max=0.0279286  pd|Δx|_mean=0.000354931
[avbd-drive] step 231 wrote AVBD output to Particle.pos
[avbd-friction] step 231 applied 495 vert/primitive friction events
[avbd-contact] step 231 projected 143 vert/primitive penetrations
[avbd-selfcoll] step 231 resolved 23  detect=4847 us  resolve=16 us  path=gpu
[avbd-step] step 231  dof=1875  iters=16  rc=0  wall=10661 us  |Δx|_max=0.0277584  |Δx|_mean=0.000415637  pred_max=0.027831  drift_max=0.0010507  drift@v314.y  conv_max=0.000305206  conv_mean=7.5771e-06  nan=0
[outlier] v314  inc_tri=6  worst|M|=5.33333  pos=(0.270691,-0.142621,-0.045406)
[pd-step]     step 231  dof=1875  pd|Δx|_max=0.027831  pd|Δx|_mean=0.000356435
[avbd-drive] step 232 wrote AVBD output to Particle.pos
[avbd-friction] step 232 applied 495 vert/primitive friction events
[avbd-contact] step 232 projected 145 vert/primitive penetrations
[avbd-selfcoll] step 232 resolved 21  detect=4903 us  resolve=18 us  path=gpu
[avbd-step] step 232  dof=1875  iters=16  rc=0  wall=13099 us  |Δx|_max=0.0277066  |Δx|_mean=0.00041723  pred_max=0.0277584  drift_max=0.00104886  drift@v314.y  conv_max=0.000307292  conv_mean=7.58287e-06  nan=0
[outlier] v314  inc_tri=6  worst|M|=5.33333  pos=(0.270468,-0.142665,-0.0454563)
[pd-step]     step 232  dof=1875  pd|Δx|_max=0.0277584  pd|Δx|_mean=0.000358221
[avbd-drive] step 233 wrote AVBD output to Particle.pos
[avbd-friction] step 233 applied 495 vert/primitive friction events
[avbd-contact] step 233 projected 145 vert/primitive penetrations
[avbd-selfcoll] step 233 resolved 25  detect=5175 us  resolve=14 us  path=gpu
[avbd-step] step 233  dof=1875  iters=16  rc=0  wall=11149 us  |Δx|_max=0.0276723  |Δx|_mean=0.000418919  pred_max=0.0277066  drift_max=0.00104704  drift@v314.y  conv_max=0.000309467  conv_mean=7.59109e-06  nan=0
[outlier] v314  inc_tri=6  worst|M|=5.33333  pos=(0.270246,-0.142709,-0.0455061)
[pd-step]     step 233  dof=1875  pd|Δx|_max=0.0277066  pd|Δx|_mean=0.000360196
[avbd-drive] step 234 wrote AVBD output to Particle.pos
[avbd-friction] step 234 applied 494 vert/primitive friction events
[avbd-contact] step 234 projected 146 vert/primitive penetrations
[avbd-selfcoll] step 234 resolved 24  detect=4771 us  resolve=19 us  path=gpu
[avbd-step] step 234  dof=1875  iters=16  rc=0  wall=11031 us  |Δx|_max=0.0276535  |Δx|_mean=0.000420756  pred_max=0.0276723  drift_max=0.00105524  drift@v305.x  conv_max=0.000311702  conv_mean=7.60252e-06  nan=0
[outlier] v305  inc_tri=6  worst|M|=5.33333  pos=(-1.12167,-1.09267,0.0545523)
[pd-step]     step 234  dof=1875  pd|Δx|_max=0.0276723  pd|Δx|_mean=0.000362309
[avbd-drive] step 235 wrote AVBD output to Particle.pos
[avbd-friction] step 235 applied 496 vert/primitive friction events
[avbd-contact] step 235 projected 147 vert/primitive penetrations
[avbd-selfcoll] step 235 resolved 24  detect=5079 us  resolve=19 us  path=gpu
[avbd-step] step 235  dof=1875  iters=16  rc=0  wall=11105 us  |Δx|_max=0.0276492  |Δx|_mean=0.000421987  pred_max=0.0276535  drift_max=0.00107813  drift@v305.x  conv_max=0.000313938  conv_mean=7.59782e-06  nan=0
[outlier] v305  inc_tri=6  worst|M|=5.33333  pos=(-1.1217,-1.09274,0.0545174)
[pd-step]     step 235  dof=1875  pd|Δx|_max=0.0276535  pd|Δx|_mean=0.000363724
[avbd-drive] step 236 wrote AVBD output to Particle.pos
[avbd-friction] step 236 applied 496 vert/primitive friction events
[avbd-contact] step 236 projected 147 vert/primitive penetrations
[avbd-selfcoll] step 236 resolved 20  detect=5126 us  resolve=17 us  path=gpu
[avbd-step] step 236  dof=1875  iters=16  rc=0  wall=11254 us  |Δx|_max=0.0276593  |Δx|_mean=0.000423626  pred_max=0.0276492  drift_max=0.00109971  drift@v305.x  conv_max=0.000316232  conv_mean=7.61257e-06  nan=0
[outlier] v305  inc_tri=6  worst|M|=5.33333  pos=(-1.12175,-1.09282,0.0544873)
[pd-step]     step 236  dof=1875  pd|Δx|_max=0.0276492  pd|Δx|_mean=0.000365755
[avbd-drive] step 237 wrote AVBD output to Particle.pos
[avbd-friction] step 237 applied 497 vert/primitive friction events
[avbd-contact] step 237 projected 147 vert/primitive penetrations
[avbd-selfcoll] step 237 resolved 23  detect=5028 us  resolve=19 us  path=gpu
[avbd-step] step 237  dof=1875  iters=16  rc=0  wall=13255 us  |Δx|_max=0.0276841  |Δx|_mean=0.000424281  pred_max=0.0276593  drift_max=0.00112033  drift@v305.x  conv_max=0.000318438  conv_mean=7.60877e-06  nan=0
[outlier] v305  inc_tri=6  worst|M|=5.33333  pos=(-1.12179,-1.09289,0.0544622)
[pd-step]     step 237  dof=1875  pd|Δx|_max=0.0276593  pd|Δx|_mean=0.000366897
[avbd-drive] step 238 wrote AVBD output to Particle.pos
[avbd-friction] step 238 applied 498 vert/primitive friction events
[avbd-contact] step 238 projected 148 vert/primitive penetrations
[avbd-selfcoll] step 238 resolved 20  detect=5516 us  resolve=23 us  path=gpu
[avbd-step] step 238  dof=1875  iters=16  rc=0  wall=12173 us  |Δx|_max=0.0277267  |Δx|_mean=0.000425155  pred_max=0.0276841  drift_max=0.00114  drift@v305.x  conv_max=0.000320524  conv_mean=7.61627e-06  nan=0
[outlier] v305  inc_tri=6  worst|M|=5.33333  pos=(-1.12183,-1.09297,0.0544422)
[pd-step]     step 238  dof=1875  pd|Δx|_max=0.0276841  pd|Δx|_mean=0.00036817
[avbd-drive] step 239 wrote AVBD output to Particle.pos
[avbd-friction] step 239 applied 498 vert/primitive friction events
[avbd-contact] step 239 projected 148 vert/primitive penetrations
[avbd-selfcoll] step 239 resolved 23  detect=4973 us  resolve=14 us  path=gpu
[avbd-step] step 239  dof=1875  iters=16  rc=0  wall=10711 us  |Δx|_max=0.0277885  |Δx|_mean=0.000425931  pred_max=0.0277267  drift_max=0.00115871  drift@v305.x  conv_max=0.000322342  conv_mean=7.62908e-06  nan=0
[outlier] v305  inc_tri=6  worst|M|=5.33333  pos=(-1.12188,-1.09306,0.0544274)
[pd-step]     step 239  dof=1875  pd|Δx|_max=0.0277267  pd|Δx|_mean=0.000369493
[avbd-drive] step 240 wrote AVBD output to Particle.pos
[avbd-friction] step 240 applied 498 vert/primitive friction events
[avbd-contact] step 240 projected 149 vert/primitive penetrations
[avbd-selfcoll] step 240 resolved 21  detect=4946 us  resolve=18 us  path=gpu
[avbd-step] step 240  dof=1875  iters=16  rc=0  wall=10574 us  |Δx|_max=0.0278696  |Δx|_mean=0.000426557  pred_max=0.0277885  drift_max=0.00117636  drift@v305.x  conv_max=0.000323802  conv_mean=7.64256e-06  nan=0
[outlier] v305  inc_tri=6  worst|M|=5.33333  pos=(-1.12193,-1.09314,0.0544177)
[pd-step]     step 240  dof=1875  pd|Δx|_max=0.0277885  pd|Δx|_mean=0.000370643
[avbd-drive] step 241 wrote AVBD output to Particle.pos
[avbd-friction] step 241 applied 498 vert/primitive friction events
[avbd-contact] step 241 projected 149 vert/primitive penetrations
[avbd-selfcoll] step 241 resolved 23  detect=4855 us  resolve=16 us  path=gpu
[avbd-step] step 241  dof=1875  iters=16  rc=0  wall=10820 us  |Δx|_max=0.0279691  |Δx|_mean=0.00042678  pred_max=0.0278696  drift_max=0.00119305  drift@v305.x  conv_max=0.000324726  conv_mean=7.65485e-06  nan=0
[outlier] v305  inc_tri=6  worst|M|=5.33333  pos=(-1.12198,-1.09323,0.0544132)
[pd-step]     step 241  dof=1875  pd|Δx|_max=0.0278696  pd|Δx|_mean=0.000371647
[avbd-drive] step 242 wrote AVBD output to Particle.pos
[avbd-friction] step 242 applied 498 vert/primitive friction events
[avbd-contact] step 242 projected 150 vert/primitive penetrations
[avbd-selfcoll] step 242 resolved 22  detect=4862 us  resolve=15 us  path=gpu
[avbd-step] step 242  dof=1875  iters=16  rc=0  wall=11607 us  |Δx|_max=0.0280857  |Δx|_mean=0.0004267  pred_max=0.0279691  drift_max=0.00120854  drift@v305.x  conv_max=0.000324845  conv_mean=7.65997e-06  nan=0
[outlier] v305  inc_tri=6  worst|M|=5.33333  pos=(-1.12204,-1.09333,0.054414)
[pd-step]     step 242  dof=1875  pd|Δx|_max=0.0279691  pd|Δx|_mean=0.000372211
[avbd-drive] step 243 wrote AVBD output to Particle.pos
[avbd-friction] step 243 applied 498 vert/primitive friction events
[avbd-contact] step 243 projected 150 vert/primitive penetrations
[avbd-selfcoll] step 243 resolved 22  detect=4569 us  resolve=13 us  path=gpu
[avbd-step] step 243  dof=1875  iters=16  rc=0  wall=10535 us  |Δx|_max=0.0282176  |Δx|_mean=0.00042675  pred_max=0.0280857  drift_max=0.00122285  drift@v305.x  conv_max=0.0003241  conv_mean=7.6649e-06  nan=0
[outlier] v305  inc_tri=6  worst|M|=5.33333  pos=(-1.12209,-1.09342,0.0544198)
[pd-step]     step 243  dof=1875  pd|Δx|_max=0.0280857  pd|Δx|_mean=0.000372672
[avbd-drive] step 244 wrote AVBD output to Particle.pos
[avbd-friction] step 244 applied 498 vert/primitive friction events
[avbd-contact] step 244 projected 150 vert/primitive penetrations
[avbd-selfcoll] step 244 resolved 24  detect=4617 us  resolve=10 us  path=gpu
[avbd-step] step 244  dof=1875  iters=16  rc=0  wall=10100 us  |Δx|_max=0.0283631  |Δx|_mean=0.000426911  pred_max=0.0282176  drift_max=0.00123596  drift@v305.x  conv_max=0.000322193  conv_mean=7.67366e-06  nan=0
[outlier] v305  inc_tri=6  worst|M|=5.33333  pos=(-1.12215,-1.09352,0.0544309)
[pd-step]     step 244  dof=1875  pd|Δx|_max=0.0282176  pd|Δx|_mean=0.000373063
[avbd-drive] step 245 wrote AVBD output to Particle.pos
[avbd-friction] step 245 applied 498 vert/primitive friction events
[avbd-contact] step 245 projected 150 vert/primitive penetrations
[avbd-selfcoll] step 245 resolved 22  detect=5022 us  resolve=21 us  path=gpu
[avbd-step] step 245  dof=1875  iters=16  rc=0  wall=11314 us  |Δx|_max=0.0284981  |Δx|_mean=0.000427656  pred_max=0.0283631  drift_max=0.001248  drift@v305.x  conv_max=0.000319004  conv_mean=7.68528e-06  nan=0
[outlier] v305  inc_tri=6  worst|M|=5.33333  pos=(-1.12221,-1.09362,0.054447)
[pd-step]     step 245  dof=1875  pd|Δx|_max=0.0283631  pd|Δx|_mean=0.000373482
[avbd-drive] step 246 wrote AVBD output to Particle.pos
[avbd-friction] step 246 applied 498 vert/primitive friction events
[avbd-contact] step 246 projected 150 vert/primitive penetrations
[avbd-selfcoll] step 246 resolved 24  detect=4985 us  resolve=20 us  path=gpu
[avbd-step] step 246  dof=1875  iters=16  rc=0  wall=10737 us  |Δx|_max=0.028568  |Δx|_mean=0.000428215  pred_max=0.0284981  drift_max=0.00125909  drift@v305.x  conv_max=0.000314444  conv_mean=7.6927e-06  nan=0
[outlier] v305  inc_tri=6  worst|M|=5.33333  pos=(-1.12227,-1.09372,0.0544682)
[pd-step]     step 246  dof=1875  pd|Δx|_max=0.0284981  pd|Δx|_mean=0.000374486
[avbd-drive] step 247 wrote AVBD output to Particle.pos
[avbd-friction] step 247 applied 497 vert/primitive friction events
[avbd-contact] step 247 projected 150 vert/primitive penetrations
[avbd-selfcoll] step 247 resolved 23  detect=4760 us  resolve=15 us  path=gpu
[avbd-step] step 247  dof=1875  iters=16  rc=0  wall=11124 us  |Δx|_max=0.028564  |Δx|_mean=0.000428526  pred_max=0.0285681  drift_max=0.00126874  drift@v305.x  conv_max=0.000313086  conv_mean=7.69842e-06  nan=0
[outlier] v305  inc_tri=6  worst|M|=5.33333  pos=(-1.12234,-1.09383,0.0544944)
[pd-step]     step 247  dof=1875  pd|Δx|_max=0.0285681  pd|Δx|_mean=0.00037533
[avbd-drive] step 248 wrote AVBD output to Particle.pos
[avbd-friction] step 248 applied 498 vert/primitive friction events
[avbd-contact] step 248 projected 151 vert/primitive penetrations
[avbd-selfcoll] step 248 resolved 20  detect=4756 us  resolve=12 us  path=gpu
[avbd-step] step 248  dof=1875  iters=16  rc=0  wall=10630 us  |Δx|_max=0.0284945  |Δx|_mean=0.000428532  pred_max=0.028564  drift_max=0.00127733  drift@v305.x  conv_max=0.000332497  conv_mean=7.70302e-06  nan=0
[outlier] v305  inc_tri=6  worst|M|=5.33333  pos=(-1.1224,-1.09394,0.0545257)
[pd-step]     step 248  dof=1875  pd|Δx|_max=0.028564  pd|Δx|_mean=0.00037586
[avbd-drive] step 249 wrote AVBD output to Particle.pos
[avbd-friction] step 249 applied 499 vert/primitive friction events
[avbd-contact] step 249 projected 152 vert/primitive penetrations
[avbd-selfcoll] step 249 resolved 22  detect=4661 us  resolve=11 us  path=gpu
[avbd-step] step 249  dof=1875  iters=16  rc=0  wall=11143 us  |Δx|_max=0.0283688  |Δx|_mean=0.000428225  pred_max=0.0284945  drift_max=0.00128472  drift@v305.x  conv_max=0.00035217  conv_mean=7.7062e-06  nan=0
[outlier] v305  inc_tri=6  worst|M|=5.33333  pos=(-1.12247,-1.09405,0.0545623)
[pd-step]     step 249  dof=1875  pd|Δx|_max=0.0284945  pd|Δx|_mean=0.000375928
[avbd-drive] step 250 wrote AVBD output to Particle.pos
[avbd-friction] step 250 applied 499 vert/primitive friction events
[avbd-contact] step 250 projected 153 vert/primitive penetrations
[avbd-selfcoll] step 250 resolved 20  detect=4807 us  resolve=22 us  path=gpu
[avbd-step] step 250  dof=1875  iters=16  rc=0  wall=10727 us  |Δx|_max=0.0281932  |Δx|_mean=0.000428051  pred_max=0.0283688  drift_max=0.00129068  drift@v305.x  conv_max=0.000371724  conv_mean=7.70971e-06  nan=0
[outlier] v305  inc_tri=6  worst|M|=5.33333  pos=(-1.12254,-1.09416,0.0546044)
[pd-step]     step 250  dof=1875  pd|Δx|_max=0.0283688  pd|Δx|_mean=0.000375962
[avbd-drive] step 251 wrote AVBD output to Particle.pos
[avbd-friction] step 251 applied 499 vert/primitive friction events
[avbd-contact] step 251 projected 153 vert/primitive penetrations
[avbd-selfcoll] step 251 resolved 23  detect=4828 us  resolve=16 us  path=gpu
[avbd-step] step 251  dof=1875  iters=16  rc=0  wall=10306 us  |Δx|_max=0.0279689  |Δx|_mean=0.000427783  pred_max=0.0281932  drift_max=0.00129545  drift@v305.x  conv_max=0.000390561  conv_mean=7.70704e-06  nan=0
[outlier] v305  inc_tri=6  worst|M|=5.33333  pos=(-1.12261,-1.09428,0.054652)
[pd-step]     step 251  dof=1875  pd|Δx|_max=0.0281932  pd|Δx|_mean=0.000376015
[avbd-drive] step 252 wrote AVBD output to Particle.pos
[avbd-friction] step 252 applied 500 vert/primitive friction events
[avbd-contact] step 252 projected 154 vert/primitive penetrations
[avbd-selfcoll] step 252 resolved 24  detect=4900 us  resolve=18 us  path=gpu
[avbd-step] step 252  dof=1875  iters=16  rc=0  wall=10449 us  |Δx|_max=0.0276935  |Δx|_mean=0.000424814  pred_max=0.0279689  drift_max=0.0017291  drift@v351.z  conv_max=0.000408312  conv_mean=7.64503e-06  nan=0
[outlier] v351  inc_tri=6  worst|M|=5.33333  pos=(-1.46725,-1.74803,0.290995)
[pd-step]     step 252  dof=1875  pd|Δx|_max=0.0279689  pd|Δx|_mean=0.000375993
[avbd-drive] step 253 wrote AVBD output to Particle.pos
[avbd-friction] step 253 applied 501 vert/primitive friction events
[avbd-contact] step 253 projected 155 vert/primitive penetrations
[avbd-selfcoll] step 253 resolved 21  detect=4644 us  resolve=14 us  path=gpu
[avbd-step] step 253  dof=1875  iters=16  rc=0  wall=11514 us  |Δx|_max=0.0274132  |Δx|_mean=0.000422793  pred_max=0.0276935  drift_max=0.00393784  drift@v351.z  conv_max=0.000423931  conv_mean=7.57731e-06  nan=0
[outlier] v351  inc_tri=6  worst|M|=5.33333  pos=(-1.46565,-1.74836,0.291519)
[pd-step]     step 253  dof=1875  pd|Δx|_max=0.0276935  pd|Δx|_mean=0.000371155
[avbd-drive] step 254 wrote AVBD output to Particle.pos
[avbd-friction] step 254 applied 501 vert/primitive friction events
[avbd-contact] step 254 projected 156 vert/primitive penetrations
[avbd-selfcoll] step 254 resolved 22  detect=4770 us  resolve=13 us  path=gpu
[avbd-step] step 254  dof=1875  iters=16  rc=0  wall=10247 us  |Δx|_max=0.0271184  |Δx|_mean=0.000422636  pred_max=0.0274132  drift_max=0.00459304  drift@v351.z  conv_max=0.000436955  conv_mean=7.52644e-06  nan=0
[outlier] v351  inc_tri=6  worst|M|=5.33333  pos=(-1.46492,-1.74839,0.293129)
[pd-step]     step 254  dof=1875  pd|Δx|_max=0.0274132  pd|Δx|_mean=0.00036956
[avbd-drive] step 255 wrote AVBD output to Particle.pos
[avbd-friction] step 255 applied 501 vert/primitive friction events
[avbd-contact] step 255 projected 159 vert/primitive penetrations
[avbd-selfcoll] step 255 resolved 21  detect=4712 us  resolve=11 us  path=gpu
[avbd-step] step 255  dof=1875  iters=16  rc=0  wall=11527 us  |Δx|_max=0.0267356  |Δx|_mean=0.000423808  pred_max=0.0271184  drift_max=0.0045889  drift@v351.z  conv_max=0.000447496  conv_mean=7.48996e-06  nan=0
[outlier] v351  inc_tri=6  worst|M|=5.33333  pos=(-1.46419,-1.74837,0.294488)
[pd-step]     step 255  dof=1875  pd|Δx|_max=0.0271184  pd|Δx|_mean=0.000369361
[avbd-drive] step 256 wrote AVBD output to Particle.pos
[avbd-friction] step 256 applied 502 vert/primitive friction events
[avbd-contact] step 256 projected 159 vert/primitive penetrations
[avbd-selfcoll] step 256 resolved 20  detect=4873 us  resolve=18 us  path=gpu
[avbd-step] step 256  dof=1875  iters=16  rc=0  wall=10824 us  |Δx|_max=0.0262363  |Δx|_mean=0.000424429  pred_max=0.0267357  drift_max=0.00432047  drift@v351.z  conv_max=0.000455916  conv_mean=7.4512e-06  nan=0
[outlier] v351  inc_tri=6  worst|M|=5.33333  pos=(-1.46323,-1.74847,0.295323)
[pd-step]     step 256  dof=1875  pd|Δx|_max=0.0267357  pd|Δx|_mean=0.000369535
[avbd-drive] step 257 wrote AVBD output to Particle.pos
[avbd-friction] step 257 applied 502 vert/primitive friction events
[avbd-contact] step 257 projected 160 vert/primitive penetrations
[avbd-selfcoll] step 257 resolved 22  detect=4806 us  resolve=12 us  path=gpu
[avbd-step] step 257  dof=1875  iters=16  rc=0  wall=10156 us  |Δx|_max=0.0256493  |Δx|_mean=0.000426217  pred_max=0.0262363  drift_max=0.00394899  drift@v351.z  conv_max=0.000462273  conv_mean=7.44951e-06  nan=0
[outlier] v351  inc_tri=6  worst|M|=5.33333  pos=(-1.46214,-1.74875,0.295696)
[pd-step]     step 257  dof=1875  pd|Δx|_max=0.0262363  pd|Δx|_mean=0.000371276
[avbd-drive] step 258 wrote AVBD output to Particle.pos
[avbd-friction] step 258 applied 501 vert/primitive friction events
[avbd-contact] step 258 projected 160 vert/primitive penetrations
[avbd-selfcoll] step 258 resolved 22  detect=4902 us  resolve=15 us  path=gpu
[avbd-step] step 258  dof=1875  iters=16  rc=0  wall=10463 us  |Δx|_max=0.0250255  |Δx|_mean=0.000427448  pred_max=0.0256493  drift_max=0.00352564  drift@v351.z  conv_max=0.000466505  conv_mean=7.47106e-06  nan=0
[outlier] v351  inc_tri=6  worst|M|=5.33333  pos=(-1.46097,-1.7492,0.295748)
[pd-step]     step 258  dof=1875  pd|Δx|_max=0.0256493  pd|Δx|_mean=0.000373025
[avbd-drive] step 259 wrote AVBD output to Particle.pos
[avbd-friction] step 259 applied 502 vert/primitive friction events
[avbd-contact] step 259 projected 160 vert/primitive penetrations
[avbd-selfcoll] step 259 resolved 22  detect=4597 us  resolve=10 us  path=gpu
[avbd-step] step 259  dof=1875  iters=16  rc=0  wall=11008 us  |Δx|_max=0.0244065  |Δx|_mean=0.000427033  pred_max=0.0250255  drift_max=0.00308734  drift@v351.z  conv_max=0.000468803  conv_mean=7.49251e-06  nan=0
[outlier] v351  inc_tri=6  worst|M|=5.33333  pos=(-1.45971,-1.74983,0.295619)
[pd-step]     step 259  dof=1875  pd|Δx|_max=0.0250255  pd|Δx|_mean=0.000373874
[avbd-drive] step 260 wrote AVBD output to Particle.pos
[avbd-friction] step 260 applied 502 vert/primitive friction events
[avbd-contact] step 260 projected 161 vert/primitive penetrations
[avbd-selfcoll] step 260 resolved 21  detect=4715 us  resolve=15 us  path=gpu
[avbd-step] step 260  dof=1875  iters=16  rc=0  wall=10404 us  |Δx|_max=0.0238153  |Δx|_mean=0.0004267  pred_max=0.0244065  drift_max=0.00264955  drift@v351.z  conv_max=0.000469368  conv_mean=7.51686e-06  nan=0
[outlier] v351  inc_tri=6  worst|M|=5.33333  pos=(-1.4584,-1.75061,0.295409)
[pd-step]     step 260  dof=1875  pd|Δx|_max=0.0244065  pd|Δx|_mean=0.000374127
[avbd-drive] step 261 wrote AVBD output to Particle.pos
[avbd-friction] step 261 applied 502 vert/primitive friction events
[avbd-contact] step 261 projected 161 vert/primitive penetrations
[avbd-selfcoll] step 261 resolved 20  detect=4700 us  resolve=15 us  path=gpu
[avbd-step] step 261  dof=1875  iters=16  rc=0  wall=11110 us  |Δx|_max=0.0233786  |Δx|_mean=0.000426477  pred_max=0.0238153  drift_max=0.00222191  drift@v351.z  conv_max=0.000468677  conv_mean=7.54351e-06  nan=0
[outlier] v351  inc_tri=6  worst|M|=5.33333  pos=(-1.45709,-1.75149,0.295179)
[pd-step]     step 261  dof=1875  pd|Δx|_max=0.0238153  pd|Δx|_mean=0.000373924
[avbd-drive] step 262 wrote AVBD output to Particle.pos
[avbd-friction] step 262 applied 501 vert/primitive friction events
[avbd-contact] step 262 projected 162 vert/primitive penetrations
[avbd-selfcoll] step 262 resolved 20  detect=4812 us  resolve=37 us  path=gpu
[avbd-step] step 262  dof=1875  iters=16  rc=0  wall=10281 us  |Δx|_max=0.0232455  |Δx|_mean=0.000426009  pred_max=0.0233786  drift_max=0.00181547  drift@v351.z  conv_max=0.000467117  conv_mean=7.56724e-06  nan=0
[outlier] v351  inc_tri=6  worst|M|=5.33333  pos=(-1.45583,-1.75241,0.294959)
[pd-step]     step 262  dof=1875  pd|Δx|_max=0.0233786  pd|Δx|_mean=0.00037396
[avbd-drive] step 263 wrote AVBD output to Particle.pos
[avbd-friction] step 263 applied 499 vert/primitive friction events
[avbd-contact] step 263 projected 162 vert/primitive penetrations
[avbd-selfcoll] step 263 resolved 21  detect=4801 us  resolve=16 us  path=gpu
[avbd-step] step 263  dof=1875  iters=16  rc=0  wall=10759 us  |Δx|_max=0.0230625  |Δx|_mean=0.000426396  pred_max=0.0232455  drift_max=0.00144348  drift@v351.z  conv_max=0.000465199  conv_mean=7.59465e-06  nan=0
[outlier] v351  inc_tri=6  worst|M|=5.33333  pos=(-1.45465,-1.75334,0.294767)
[pd-step]     step 263  dof=1875  pd|Δx|_max=0.0232455  pd|Δx|_mean=0.00037415
[avbd-drive] step 264 wrote AVBD output to Particle.pos
[avbd-friction] step 264 applied 499 vert/primitive friction events
[avbd-contact] step 264 projected 165 vert/primitive penetrations
[avbd-selfcoll] step 264 resolved 20  detect=4773 us  resolve=12 us  path=gpu
[avbd-step] step 264  dof=1875  iters=16  rc=0  wall=10832 us  |Δx|_max=0.0228539  |Δx|_mean=0.000427205  pred_max=0.0230626  drift_max=0.00120294  drift@v305.x  conv_max=0.000463327  conv_mean=7.62654e-06  nan=0
[outlier] v305  inc_tri=6  worst|M|=5.33333  pos=(-1.12391,-1.09633,0.0558896)
[pd-step]     step 264  dof=1875  pd|Δx|_max=0.0230625  pd|Δx|_mean=0.000375245
[avbd-drive] step 265 wrote AVBD output to Particle.pos
[avbd-friction] step 265 applied 499 vert/primitive friction events
[avbd-contact] step 265 projected 165 vert/primitive penetrations
[avbd-selfcoll] step 265 resolved 23  detect=4845 us  resolve=12 us  path=gpu
[avbd-step] step 265  dof=1875  iters=16  rc=0  wall=10486 us  |Δx|_max=0.0226457  |Δx|_mean=0.000428273  pred_max=0.0228539  drift_max=0.00119686  drift@v305.x  conv_max=0.000461727  conv_mean=7.65425e-06  nan=0
[outlier] v305  inc_tri=6  worst|M|=5.33333  pos=(-1.12404,-1.09653,0.0560164)
[pd-step]     step 265  dof=1875  pd|Δx|_max=0.0228539  pd|Δx|_mean=0.000376446
[avbd-drive] step 266 wrote AVBD output to Particle.pos
[avbd-friction] step 266 applied 500 vert/primitive friction events
[avbd-contact] step 266 projected 165 vert/primitive penetrations
[avbd-selfcoll] step 266 resolved 21  detect=4733 us  resolve=12 us  path=gpu
[avbd-step] step 266  dof=1875  iters=16  rc=0  wall=11359 us  |Δx|_max=0.0224644  |Δx|_mean=0.000428965  pred_max=0.0226457  drift_max=0.00119209  drift@v305.x  conv_max=0.000460876  conv_mean=7.66748e-06  nan=0
[outlier] v305  inc_tri=6  worst|M|=5.33333  pos=(-1.12417,-1.09673,0.0561386)
[pd-step]     step 266  dof=1875  pd|Δx|_max=0.0226457  pd|Δx|_mean=0.000377569
[avbd-drive] step 267 wrote AVBD output to Particle.pos
[avbd-friction] step 267 applied 500 vert/primitive friction events
[avbd-contact] step 267 projected 169 vert/primitive penetrations
[avbd-selfcoll] step 267 resolved 22  detect=4771 us  resolve=17 us  path=gpu
[avbd-step] step 267  dof=1875  iters=16  rc=0  wall=10625 us  |Δx|_max=0.0230731  |Δx|_mean=0.00042983  pred_max=0.0224644  drift_max=0.00118935  drift@v305.x  conv_max=0.000460584  conv_mean=7.68979e-06  nan=0
[outlier] v305  inc_tri=6  worst|M|=5.33333  pos=(-1.1243,-1.09694,0.0562522)
[pd-step]     step 267  dof=1875  pd|Δx|_max=0.0224644  pd|Δx|_mean=0.000378602
[avbd-drive] step 268 wrote AVBD output to Particle.pos
[avbd-friction] step 268 applied 501 vert/primitive friction events
[avbd-contact] step 268 projected 170 vert/primitive penetrations
[avbd-selfcoll] step 268 resolved 23  detect=5778 us  resolve=22 us  path=gpu
[avbd-step] step 268  dof=1875  iters=16  rc=0  wall=10648 us  |Δx|_max=0.0236724  |Δx|_mean=0.000429954  pred_max=0.0230731  drift_max=0.00118899  drift@v305.x  conv_max=0.000460826  conv_mean=7.70464e-06  nan=0
[outlier] v305  inc_tri=6  worst|M|=5.33333  pos=(-1.12443,-1.09714,0.0563529)
[pd-step]     step 268  dof=1875  pd|Δx|_max=0.0230731  pd|Δx|_mean=0.000379427
[avbd-drive] step 269 wrote AVBD output to Particle.pos
[avbd-friction] step 269 applied 501 vert/primitive friction events
[avbd-contact] step 269 projected 173 vert/primitive penetrations
[avbd-selfcoll] step 269 resolved 22  detect=4902 us  resolve=14 us  path=gpu
[avbd-step] step 269  dof=1875  iters=16  rc=0  wall=10721 us  |Δx|_max=0.024207  |Δx|_mean=0.000429777  pred_max=0.0236724  drift_max=0.00119102  drift@v305.x  conv_max=0.000461692  conv_mean=7.71673e-06  nan=0
[outlier] v305  inc_tri=6  worst|M|=5.33333  pos=(-1.12455,-1.09735,0.0564365)
[pd-step]     step 269  dof=1875  pd|Δx|_max=0.0236724  pd|Δx|_mean=0.000379756
[avbd-drive] step 270 wrote AVBD output to Particle.pos
[avbd-friction] step 270 applied 502 vert/primitive friction events
[avbd-contact] step 270 projected 175 vert/primitive penetrations
[avbd-selfcoll] step 270 resolved 19  detect=4715 us  resolve=11 us  path=gpu
[avbd-step] step 270  dof=1875  iters=16  rc=0  wall=10178 us  |Δx|_max=0.0246816  |Δx|_mean=0.000429229  pred_max=0.024207  drift_max=0.00119531  drift@v305.x  conv_max=0.000463164  conv_mean=7.71328e-06  nan=0
[outlier] v305  inc_tri=6  worst|M|=5.33333  pos=(-1.12468,-1.09757,0.056499)
[pd-step]     step 270  dof=1875  pd|Δx|_max=0.024207  pd|Δx|_mean=0.000379441
[avbd-drive] step 271 wrote AVBD output to Particle.pos
[avbd-friction] step 271 applied 502 vert/primitive friction events
[avbd-contact] step 271 projected 177 vert/primitive penetrations
[avbd-selfcoll] step 271 resolved 21  detect=4648 us  resolve=14 us  path=gpu
[avbd-step] step 271  dof=1875  iters=16  rc=0  wall=10514 us  |Δx|_max=0.0251004  |Δx|_mean=0.000428715  pred_max=0.0246816  drift_max=0.00120151  drift@v305.x  conv_max=0.000465249  conv_mean=7.71548e-06  nan=0
[outlier] v305  inc_tri=6  worst|M|=5.33333  pos=(-1.12481,-1.09778,0.0565377)
[pd-step]     step 271  dof=1875  pd|Δx|_max=0.0246816  pd|Δx|_mean=0.000379583
[avbd-drive] step 272 wrote AVBD output to Particle.pos
[avbd-friction] step 272 applied 502 vert/primitive friction events
[avbd-contact] step 272 projected 178 vert/primitive penetrations
[avbd-selfcoll] step 272 resolved 21  detect=4743 us  resolve=14 us  path=gpu
[avbd-step] step 272  dof=1875  iters=16  rc=0  wall=10447 us  |Δx|_max=0.0254348  |Δx|_mean=0.000426507  pred_max=0.0251004  drift_max=0.0012089  drift@v305.x  conv_max=0.000467356  conv_mean=7.70014e-06  nan=0
[outlier] v305  inc_tri=6  worst|M|=5.33333  pos=(-1.12494,-1.09799,0.056551)
[pd-step]     step 272  dof=1875  pd|Δx|_max=0.0251004  pd|Δx|_mean=0.000379415
[avbd-drive] step 273 wrote AVBD output to Particle.pos
[avbd-friction] step 273 applied 502 vert/primitive friction events
[avbd-contact] step 273 projected 180 vert/primitive penetrations
[avbd-selfcoll] step 273 resolved 21  detect=4826 us  resolve=15 us  path=gpu
[avbd-step] step 273  dof=1875  iters=16  rc=0  wall=10475 us  |Δx|_max=0.0256663  |Δx|_mean=0.000424555  pred_max=0.0254348  drift_max=0.00121665  drift@v305.x  conv_max=0.000469029  conv_mean=7.67573e-06  nan=0
[outlier] v305  inc_tri=6  worst|M|=5.33333  pos=(-1.12506,-1.0982,0.0565387)
[pd-step]     step 273  dof=1875  pd|Δx|_max=0.0254348  pd|Δx|_mean=0.000377229
[avbd-drive] step 274 wrote AVBD output to Particle.pos
[avbd-friction] step 274 applied 502 vert/primitive friction events
[avbd-contact] step 274 projected 180 vert/primitive penetrations
[avbd-selfcoll] step 274 resolved 22  detect=4656 us  resolve=11 us  path=gpu
[avbd-step] step 274  dof=1875  iters=16  rc=0  wall=10033 us  |Δx|_max=0.0258309  |Δx|_mean=0.000423545  pred_max=0.0256663  drift_max=0.00121772  drift@v305.x  conv_max=0.000473764  conv_mean=7.66604e-06  nan=0
[outlier] v305  inc_tri=6  worst|M|=5.33333  pos=(-1.12518,-1.09841,0.0565014)
[pd-step]     step 274  dof=1875  pd|Δx|_max=0.0256663  pd|Δx|_mean=0.000374824
[avbd-drive] step 275 wrote AVBD output to Particle.pos
[avbd-friction] step 275 applied 503 vert/primitive friction events
[avbd-contact] step 275 projected 181 vert/primitive penetrations
[avbd-selfcoll] step 275 resolved 20  detect=4865 us  resolve=17 us  path=gpu
[avbd-step] step 275  dof=1875  iters=16  rc=0  wall=9816 us  |Δx|_max=0.0259883  |Δx|_mean=0.000421521  pred_max=0.0258309  drift_max=0.00121748  drift@v305.x  conv_max=0.000476811  conv_mean=7.6411e-06  nan=0
[outlier] v305  inc_tri=6  worst|M|=5.33333  pos=(-1.12529,-1.09862,0.0564409)
[pd-step]     step 275  dof=1875  pd|Δx|_max=0.0258309  pd|Δx|_mean=0.000373958
[avbd-drive] step 276 wrote AVBD output to Particle.pos
[avbd-friction] step 276 applied 501 vert/primitive friction events
[avbd-contact] step 276 projected 182 vert/primitive penetrations
[avbd-selfcoll] step 276 resolved 20  detect=4776 us  resolve=24 us  path=gpu
[avbd-step] step 276  dof=1875  iters=16  rc=0  wall=10592 us  |Δx|_max=0.0261535  |Δx|_mean=0.000419881  pred_max=0.0259883  drift_max=0.00121462  drift@v305.x  conv_max=0.000479587  conv_mean=7.61464e-06  nan=0
[outlier] v305  inc_tri=6  worst|M|=5.33333  pos=(-1.12541,-1.09883,0.0563599)
[pd-step]     step 276  dof=1875  pd|Δx|_max=0.0259883  pd|Δx|_mean=0.000371905
[avbd-drive] step 277 wrote AVBD output to Particle.pos
[avbd-friction] step 277 applied 501 vert/primitive friction events
[avbd-contact] step 277 projected 182 vert/primitive penetrations
[avbd-selfcoll] step 277 resolved 23  detect=4737 us  resolve=13 us  path=gpu
[avbd-step] step 277  dof=1875  iters=16  rc=0  wall=10678 us  |Δx|_max=0.0263387  |Δx|_mean=0.000418404  pred_max=0.0261535  drift_max=0.00120914  drift@v305.x  conv_max=0.000482247  conv_mean=7.58414e-06  nan=0
[outlier] v305  inc_tri=6  worst|M|=5.33333  pos=(-1.12552,-1.09904,0.0562614)
[pd-step]     step 277  dof=1875  pd|Δx|_max=0.0261535  pd|Δx|_mean=0.000370333
[avbd-drive] step 278 wrote AVBD output to Particle.pos
[avbd-friction] step 278 applied 502 vert/primitive friction events
[avbd-contact] step 278 projected 182 vert/primitive penetrations
[avbd-selfcoll] step 278 resolved 21  detect=4563 us  resolve=10 us  path=gpu
[avbd-step] step 278  dof=1875  iters=16  rc=0  wall=9951 us  |Δx|_max=0.026556  |Δx|_mean=0.000416961  pred_max=0.0263387  drift_max=0.00129664  drift@v351.z  conv_max=0.000484184  conv_mean=7.54789e-06  nan=0
[outlier] v351  inc_tri=6  worst|M|=5.33333  pos=(-1.45355,-1.76119,0.298489)
[pd-step]     step 278  dof=1875  pd|Δx|_max=0.0263387  pd|Δx|_mean=0.000368668
[avbd-drive] step 279 wrote AVBD output to Particle.pos
[avbd-friction] step 279 applied 502 vert/primitive friction events
[avbd-contact] step 279 projected 182 vert/primitive penetrations
[avbd-selfcoll] step 279 resolved 23  detect=4635 us  resolve=12 us  path=gpu
[avbd-step] step 279  dof=1875  iters=16  rc=0  wall=10518 us  |Δx|_max=0.0268136  |Δx|_mean=0.000412634  pred_max=0.026556  drift_max=0.00229788  drift@v14.x  conv_max=0.000484756  conv_mean=7.48822e-06  nan=0
[outlier] v14  inc_tri=3  worst|M|=5.33333  pos=(0.440436,-1.45477,-1.79186)
[pd-step]     step 279  dof=1875  pd|Δx|_max=0.026556  pd|Δx|_mean=0.000367465
[avbd-drive] step 280 wrote AVBD output to Particle.pos
[avbd-friction] step 280 applied 503 vert/primitive friction events
[avbd-contact] step 280 projected 183 vert/primitive penetrations
[avbd-selfcoll] step 280 resolved 22  detect=4664 us  resolve=12 us  path=gpu
[avbd-step] step 280  dof=1875  iters=16  rc=0  wall=10033 us  |Δx|_max=0.0271119  |Δx|_mean=0.000412768  pred_max=0.0268136  drift_max=0.00149885  drift@v14.x  conv_max=0.000483185  conv_mean=7.45114e-06  nan=0
[outlier] v14  inc_tri=3  worst|M|=5.33333  pos=(0.442039,-1.45414,-1.7925)
[pd-step]     step 280  dof=1875  pd|Δx|_max=0.0268136  pd|Δx|_mean=0.000362819
[avbd-drive] step 281 wrote AVBD output to Particle.pos
[avbd-friction] step 281 applied 504 vert/primitive friction events
[avbd-contact] step 281 projected 183 vert/primitive penetrations
[avbd-selfcoll] step 281 resolved 21  detect=4776 us  resolve=16 us  path=gpu
[avbd-step] step 281  dof=1875  iters=16  rc=0  wall=10468 us  |Δx|_max=0.0274413  |Δx|_mean=0.000412544  pred_max=0.0271119  drift_max=0.00142577  drift@v351.z  conv_max=0.000478795  conv_mean=7.40958e-06  nan=0
[outlier] v351  inc_tri=6  worst|M|=5.33333  pos=(-1.45788,-1.76151,0.301146)
[pd-step]     step 281  dof=1875  pd|Δx|_max=0.0271119  pd|Δx|_mean=0.000362288
[avbd-drive] step 282 wrote AVBD output to Particle.pos
[avbd-friction] step 282 applied 504 vert/primitive friction events
[avbd-contact] step 282 projected 183 vert/primitive penetrations
[avbd-selfcoll] step 282 resolved 22  detect=5014 us  resolve=16 us  path=gpu
[avbd-step] step 282  dof=1875  iters=16  rc=0  wall=10284 us  |Δx|_max=0.0277878  |Δx|_mean=0.00041197  pred_max=0.0274413  drift_max=0.00140694  drift@v351.z  conv_max=0.000471001  conv_mean=7.37149e-06  nan=0
[outlier] v351  inc_tri=6  worst|M|=5.33333  pos=(-1.4595,-1.76162,0.302)
[pd-step]     step 282  dof=1875  pd|Δx|_max=0.0274413  pd|Δx|_mean=0.000362207
[avbd-drive] step 283 wrote AVBD output to Particle.pos
[avbd-friction] step 283 applied 506 vert/primitive friction events
[avbd-contact] step 283 projected 183 vert/primitive penetrations
[avbd-selfcoll] step 283 resolved 23  detect=4864 us  resolve=14 us  path=gpu
[avbd-step] step 283  dof=1875  iters=16  rc=0  wall=9911 us  |Δx|_max=0.0286654  |Δx|_mean=0.000411135  pred_max=0.0277878  drift_max=0.00136587  drift@v351.z  conv_max=0.000467747  conv_mean=7.32081e-06  nan=0
[outlier] v351  inc_tri=6  worst|M|=5.33333  pos=(-1.46119,-1.76172,0.302856)
[pd-step]     step 283  dof=1875  pd|Δx|_max=0.0277878  pd|Δx|_mean=0.000360875
[avbd-drive] step 284 wrote AVBD output to Particle.pos
[avbd-friction] step 284 applied 506 vert/primitive friction events
[avbd-contact] step 284 projected 183 vert/primitive penetrations
[avbd-selfcoll] step 284 resolved 22  detect=4687 us  resolve=10 us  path=gpu
[avbd-step] step 284  dof=1875  iters=16  rc=0  wall=10928 us  |Δx|_max=0.0296031  |Δx|_mean=0.000410781  pred_max=0.0286654  drift_max=0.00137329  drift@v351.z  conv_max=0.000471264  conv_mean=7.27454e-06  nan=0
[outlier] v351  inc_tri=6  worst|M|=5.33333  pos=(-1.46295,-1.76181,0.303861)
[pd-step]     step 284  dof=1875  pd|Δx|_max=0.0286654  pd|Δx|_mean=0.0003605
[avbd-drive] step 285 wrote AVBD output to Particle.pos
[avbd-friction] step 285 applied 506 vert/primitive friction events
[avbd-contact] step 285 projected 184 vert/primitive penetrations
[avbd-selfcoll] step 285 resolved 24  detect=4613 us  resolve=13 us  path=gpu
[avbd-step] step 285  dof=1875  iters=16  rc=0  wall=10434 us  |Δx|_max=0.0304946  |Δx|_mean=0.000410076  pred_max=0.0296031  drift_max=0.00202632  drift@v323.x  conv_max=0.000473231  conv_mean=7.2111e-06  nan=0
[outlier] v323  inc_tri=6  worst|M|=5.33333  pos=(1.91481,-0.476097,-0.00979672)
[pd-step]     step 285  dof=1875  pd|Δx|_max=0.0296031  pd|Δx|_mean=0.000360195
[avbd-drive] step 286 wrote AVBD output to Particle.pos
[avbd-friction] step 286 applied 506 vert/primitive friction events
[avbd-contact] step 286 projected 185 vert/primitive penetrations
[avbd-selfcoll] step 286 resolved 20  detect=5247 us  resolve=23 us  path=gpu
[avbd-step] step 286  dof=1875  iters=16  rc=0  wall=11600 us  |Δx|_max=0.0313151  |Δx|_mean=0.000412501  pred_max=0.0304946  drift_max=0.00144294  drift@v323.z  conv_max=0.000473529  conv_mean=7.18232e-06  nan=0
[outlier] v323  inc_tri=6  worst|M|=5.33333  pos=(1.9136,-0.474439,-0.0115065)
[pd-step]     step 286  dof=1875  pd|Δx|_max=0.0304946  pd|Δx|_mean=0.000358157
[avbd-drive] step 287 wrote AVBD output to Particle.pos
[avbd-friction] step 287 applied 507 vert/primitive friction events
[avbd-contact] step 287 projected 186 vert/primitive penetrations
[avbd-selfcoll] step 287 resolved 23  detect=5557 us  resolve=33 us  path=gpu
[avbd-step] step 287  dof=1875  iters=16  rc=0  wall=10709 us  |Δx|_max=0.0320441  |Δx|_mean=0.000413776  pred_max=0.0313151  drift_max=0.00128421  drift@v351.z  conv_max=0.000472277  conv_mean=7.14168e-06  nan=0
[outlier] v351  inc_tri=6  worst|M|=5.33333  pos=(-1.46906,-1.76189,0.306982)
[pd-step]     step 287  dof=1875  pd|Δx|_max=0.0313151  pd|Δx|_mean=0.000361119
[avbd-drive] step 288 wrote AVBD output to Particle.pos
[avbd-friction] step 288 applied 506 vert/primitive friction events
[avbd-contact] step 288 projected 186 vert/primitive penetrations
[avbd-selfcoll] step 288 resolved 22  detect=5257 us  resolve=16 us  path=gpu
[avbd-step] step 288  dof=1875  iters=16  rc=0  wall=10889 us  |Δx|_max=0.0326541  |Δx|_mean=0.000414685  pred_max=0.0320441  drift_max=0.00110483  drift@v305.x  conv_max=0.000471205  conv_mean=7.11647e-06  nan=0
[outlier] v305  inc_tri=6  worst|M|=5.33333  pos=(-1.12674,-1.1013,0.0551313)
[pd-step]     step 288  dof=1875  pd|Δx|_max=0.0320442  pd|Δx|_mean=0.000363757
[avbd-drive] step 289 wrote AVBD output to Particle.pos
[avbd-friction] step 289 applied 506 vert/primitive friction events
[avbd-contact] step 289 projected 186 vert/primitive penetrations
[avbd-selfcoll] step 289 resolved 23  detect=8104 us  resolve=19 us  path=gpu
[avbd-step] step 289  dof=1875  iters=16  rc=0  wall=16443 us  |Δx|_max=0.0330998  |Δx|_mean=0.000415353  pred_max=0.0326541  drift_max=0.00109541  drift@v305.x  conv_max=0.000468224  conv_mean=7.09238e-06  nan=0
[outlier] v305  inc_tri=6  worst|M|=5.33333  pos=(-1.12686,-1.10153,0.0550675)
[pd-step]     step 289  dof=1875  pd|Δx|_max=0.0326541  pd|Δx|_mean=0.000365478
[avbd-drive] step 290 wrote AVBD output to Particle.pos
[avbd-friction] step 290 applied 507 vert/primitive friction events
[avbd-contact] step 290 projected 187 vert/primitive penetrations
[avbd-selfcoll] step 290 resolved 22  detect=4932 us  resolve=23 us  path=gpu
[avbd-step] step 290  dof=1875  iters=16  rc=0  wall=19838 us  |Δx|_max=0.0333382  |Δx|_mean=0.000414246  pred_max=0.0330998  drift_max=0.0020268  drift@v323.x  conv_max=0.000462875  conv_mean=7.05115e-06  nan=0
[outlier] v323  inc_tri=6  worst|M|=5.33333  pos=(1.91297,-0.474868,-0.0113165)
[pd-step]     step 290  dof=1875  pd|Δx|_max=0.0330998  pd|Δx|_mean=0.000366016
[avbd-drive] step 291 wrote AVBD output to Particle.pos
[avbd-friction] step 291 applied 507 vert/primitive friction events
[avbd-contact] step 291 projected 188 vert/primitive penetrations
[avbd-selfcoll] step 291 resolved 20  detect=4999 us  resolve=13 us  path=gpu
[avbd-step] step 291  dof=1875  iters=16  rc=0  wall=12292 us  |Δx|_max=0.0333217  |Δx|_mean=0.000416861  pred_max=0.0333382  drift_max=0.00139666  drift@v323.x  conv_max=0.000454843  conv_mean=7.03685e-06  nan=0
[outlier] v323  inc_tri=6  worst|M|=5.33333  pos=(1.91179,-0.473517,-0.0126876)
[pd-step]     step 291  dof=1875  pd|Δx|_max=0.0333382  pd|Δx|_mean=0.000363784
[avbd-drive] step 292 wrote AVBD output to Particle.pos
[avbd-friction] step 292 applied 507 vert/primitive friction events
[avbd-contact] step 292 projected 189 vert/primitive penetrations
[avbd-selfcoll] step 292 resolved 19  detect=4849 us  resolve=16 us  path=gpu
[avbd-step] step 292  dof=1875  iters=16  rc=0  wall=11358 us  |Δx|_max=0.0329988  |Δx|_mean=0.000419913  pred_max=0.0333217  drift_max=0.00159931  drift@v350.x  conv_max=0.000443757  conv_mean=7.0273e-06  nan=0
[outlier] v350  inc_tri=3  worst|M|=5.33333  pos=(-1.58998,-1.92282,0.327433)
[pd-step]     step 292  dof=1875  pd|Δx|_max=0.0333217  pd|Δx|_mean=0.000366891
[avbd-drive] step 293 wrote AVBD output to Particle.pos
[avbd-friction] step 293 applied 507 vert/primitive friction events
[avbd-contact] step 293 projected 191 vert/primitive penetrations
[avbd-selfcoll] step 293 resolved 18  detect=5030 us  resolve=14 us  path=gpu
[avbd-step] step 293  dof=1875  iters=16  rc=0  wall=10305 us  |Δx|_max=0.0323221  |Δx|_mean=0.000423753  pred_max=0.0329988  drift_max=0.00181901  drift@v350.x  conv_max=0.000429288  conv_mean=7.02486e-06  nan=0
[outlier] v350  inc_tri=3  worst|M|=5.33333  pos=(-1.59817,-1.92075,0.328024)
[pd-step]     step 293  dof=1875  pd|Δx|_max=0.0329988  pd|Δx|_mean=0.000370464
[avbd-drive] step 294 wrote AVBD output to Particle.pos
[avbd-friction] step 294 applied 507 vert/primitive friction events
[avbd-contact] step 294 projected 192 vert/primitive penetrations
[avbd-selfcoll] step 294 resolved 21  detect=6319 us  resolve=24 us  path=gpu
[avbd-step] step 294  dof=1875  iters=16  rc=0  wall=10546 us  |Δx|_max=0.0316765  |Δx|_mean=0.000427787  pred_max=0.0323221  drift_max=0.00194836  drift@v350.x  conv_max=0.000411034  conv_mean=7.02148e-06  nan=0
[outlier] v350  inc_tri=3  worst|M|=5.33333  pos=(-1.60674,-1.91824,0.32831)
[pd-step]     step 294  dof=1875  pd|Δx|_max=0.0323221  pd|Δx|_mean=0.000374747
[avbd-drive] step 295 wrote AVBD output to Particle.pos
[avbd-friction] step 295 applied 507 vert/primitive friction events
[avbd-contact] step 295 projected 194 vert/primitive penetrations
[avbd-selfcoll] step 295 resolved 22  detect=4854 us  resolve=15 us  path=gpu
[avbd-step] step 295  dof=1875  iters=16  rc=0  wall=11123 us  |Δx|_max=0.0314242  |Δx|_mean=0.000429683  pred_max=0.0316765  drift_max=0.00205016  drift@v323.x  conv_max=0.000389412  conv_mean=7.00888e-06  nan=0
[outlier] v323  inc_tri=6  worst|M|=5.33333  pos=(1.91131,-0.474011,-0.0122345)
[pd-step]     step 295  dof=1875  pd|Δx|_max=0.0316765  pd|Δx|_mean=0.000379126
[avbd-drive] step 296 wrote AVBD output to Particle.pos
[avbd-friction] step 296 applied 508 vert/primitive friction events
[avbd-contact] step 296 projected 196 vert/primitive penetrations
[avbd-selfcoll] step 296 resolved 24  detect=4851 us  resolve=13 us  path=gpu
[avbd-step] step 296  dof=1875  iters=16  rc=0  wall=10319 us  |Δx|_max=0.0308215  |Δx|_mean=0.000430857  pred_max=0.0314242  drift_max=0.00228013  drift@v250.z  conv_max=0.00036487  conv_mean=6.93802e-06  nan=0
[outlier] v250  inc_tri=3  worst|M|=5.33333  pos=(-1.52081,-1.96629,0.0328701)
[pd-step]     step 296  dof=1875  pd|Δx|_max=0.0314242  pd|Δx|_mean=0.000376758
[avbd-drive] step 297 wrote AVBD output to Particle.pos
[avbd-friction] step 297 applied 507 vert/primitive friction events
[avbd-contact] step 297 projected 196 vert/primitive penetrations
[avbd-selfcoll] step 297 resolved 26  detect=4918 us  resolve=13 us  path=gpu
[avbd-step] step 297  dof=1875  iters=16  rc=0  wall=9825 us  |Δx|_max=0.0298299  |Δx|_mean=0.000433053  pred_max=0.0308215  drift_max=0.00273608  drift@v250.z  conv_max=0.000340044  conv_mean=7.02738e-06  nan=0
[outlier] v250  inc_tri=3  worst|M|=5.33333  pos=(-1.51479,-1.96589,0.0377789)
[pd-step]     step 297  dof=1875  pd|Δx|_max=0.0308215  pd|Δx|_mean=0.000380747
[avbd-drive] step 298 wrote AVBD output to Particle.pos
[avbd-friction] step 298 applied 508 vert/primitive friction events
[avbd-contact] step 298 projected 197 vert/primitive penetrations
[avbd-selfcoll] step 298 resolved 23  detect=4942 us  resolve=17 us  path=gpu
[avbd-step] step 298  dof=1875  iters=16  rc=0  wall=10040 us  |Δx|_max=0.0284923  |Δx|_mean=0.00043559  pred_max=0.0298299  drift_max=0.00291231  drift@v250.z  conv_max=0.000317901  conv_mean=7.12948e-06  nan=0
[outlier] v250  inc_tri=3  worst|M|=5.33333  pos=(-1.51,-1.96494,0.042371)
[pd-step]     step 298  dof=1875  pd|Δx|_max=0.0298299  pd|Δx|_mean=0.000383286
[avbd-drive] step 299 wrote AVBD output to Particle.pos
[avbd-friction] step 299 applied 508 vert/primitive friction events
[avbd-contact] step 299 projected 198 vert/primitive penetrations
[avbd-selfcoll] step 299 resolved 22  detect=4674 us  resolve=11 us  path=gpu
[avbd-step] step 299  dof=1875  iters=16  rc=0  wall=10034 us  |Δx|_max=0.0269459  |Δx|_mean=0.000438229  pred_max=0.0284923  drift_max=0.00289364  drift@v250.z  conv_max=0.000300631  conv_mean=7.24364e-06  nan=0
[outlier] v250  inc_tri=3  worst|M|=5.33333  pos=(-1.50662,-1.9638,0.0464644)
[pd-step]     step 299  dof=1875  pd|Δx|_max=0.0284923  pd|Δx|_mean=0.000386415
[avbd-drive] step 300 wrote AVBD output to Particle.pos
[avbd-friction] step 300 applied 507 vert/primitive friction events
[avbd-contact] step 300 projected 199 vert/primitive penetrations
[avbd-selfcoll] step 300 resolved 20  detect=7917 us  resolve=16 us  path=gpu
[avbd-step] step 300  dof=1875  iters=16  rc=0  wall=10405 us  |Δx|_max=0.0254017  |Δx|_mean=0.000439342  pred_max=0.0269459  drift_max=0.00273358  drift@v250.z  conv_max=0.000305004  conv_mean=7.35209e-06  nan=0
[outlier] v250  inc_tri=3  worst|M|=5.33333  pos=(-1.50467,-1.9628,0.0499063)
[pd-step]     step 300  dof=1875  pd|Δx|_max=0.0269459  pd|Δx|_mean=0.000389499
[avbd-drive] step 301 wrote AVBD output to Particle.pos
[avbd-friction] step 301 applied 508 vert/primitive friction events
[avbd-contact] step 301 projected 199 vert/primitive penetrations
[avbd-selfcoll] step 301 resolved 24  detect=4832 us  resolve=13 us  path=gpu
[avbd-step] step 301  dof=1875  iters=16  rc=0  wall=10220 us  |Δx|_max=0.024122  |Δx|_mean=0.000443549  pred_max=0.0254017  drift_max=0.00244357  drift@v250.z  conv_max=0.000316054  conv_mean=7.47337e-06  nan=0
[outlier] v250  inc_tri=3  worst|M|=5.33333  pos=(-1.50408,-1.96206,0.0525393)
[pd-step]     step 301  dof=1875  pd|Δx|_max=0.0254017  pd|Δx|_mean=0.00038902
[avbd-drive] step 302 wrote AVBD output to Particle.pos
[avbd-friction] step 302 applied 508 vert/primitive friction events
[avbd-contact] step 302 projected 199 vert/primitive penetrations
[avbd-selfcoll] step 302 resolved 23  detect=5038 us  resolve=14 us  path=gpu
[avbd-step] step 302  dof=1875  iters=16  rc=0  wall=10038 us  |Δx|_max=0.0232744  |Δx|_mean=0.00044584  pred_max=0.024122  drift_max=0.00204814  drift@v250.z  conv_max=0.000328533  conv_mean=7.57952e-06  nan=0
[outlier] v250  inc_tri=3  worst|M|=5.33333  pos=(-1.50472,-1.96158,0.0542858)
[pd-step]     step 302  dof=1875  pd|Δx|_max=0.024122  pd|Δx|_mean=0.000394001
[avbd-drive] step 303 wrote AVBD output to Particle.pos
[avbd-friction] step 303 applied 510 vert/primitive friction events
[avbd-contact] step 303 projected 199 vert/primitive penetrations
[avbd-selfcoll] step 303 resolved 20  detect=5101 us  resolve=30 us  path=gpu
[avbd-step] step 303  dof=1875  iters=16  rc=0  wall=9875 us  |Δx|_max=0.0228558  |Δx|_mean=0.00044744  pred_max=0.0232744  drift_max=0.00157396  drift@v250.z  conv_max=0.000341907  conv_mean=7.668e-06  nan=0
[outlier] v250  inc_tri=3  worst|M|=5.33333  pos=(-1.50638,-1.96125,0.0551179)
[pd-step]     step 303  dof=1875  pd|Δx|_max=0.0232744  pd|Δx|_mean=0.000397045
[avbd-drive] step 304 wrote AVBD output to Particle.pos
[avbd-friction] step 304 applied 510 vert/primitive friction events
[avbd-contact] step 304 projected 200 vert/primitive penetrations
[avbd-selfcoll] step 304 resolved 23  detect=4879 us  resolve=16 us  path=gpu
[avbd-step] step 304  dof=1875  iters=16  rc=0  wall=10277 us  |Δx|_max=0.0228116  |Δx|_mean=0.000447246  pred_max=0.0228558  drift_max=0.00212598  drift@v323.x  conv_max=0.00035543  conv_mean=7.7442e-06  nan=0
[outlier] v323  inc_tri=6  worst|M|=5.33333  pos=(1.90861,-0.472107,-0.0147993)
[pd-step]     step 304  dof=1875  pd|Δx|_max=0.0228558  pd|Δx|_mean=0.000399334
[avbd-drive] step 305 wrote AVBD output to Particle.pos
[avbd-friction] step 305 applied 510 vert/primitive friction events
[avbd-contact] step 305 projected 200 vert/primitive penetrations
[avbd-selfcoll] step 305 resolved 26  detect=6373 us  resolve=12 us  path=gpu
[avbd-step] step 305  dof=1875  iters=16  rc=0  wall=12837 us  |Δx|_max=0.0230628  |Δx|_mean=0.000449514  pred_max=0.0228116  drift_max=0.00136673  drift@v323.x  conv_max=0.000368342  conv_mean=7.80957e-06  nan=0
[outlier] v323  inc_tri=6  worst|M|=5.33333  pos=(1.9077,-0.470932,-0.0160975)
[pd-step]     step 305  dof=1875  pd|Δx|_max=0.0228116  pd|Δx|_mean=0.000397893
[avbd-drive] step 306 wrote AVBD output to Particle.pos
[avbd-friction] step 306 applied 509 vert/primitive friction events
[avbd-contact] step 306 projected 202 vert/primitive penetrations
[avbd-selfcoll] step 306 resolved 25  detect=6852 us  resolve=28 us  path=gpu
[avbd-step] step 306  dof=1875  iters=16  rc=0  wall=13424 us  |Δx|_max=0.0235057  |Δx|_mean=0.000450203  pred_max=0.0230628  drift_max=0.00121355  drift@v325.y  conv_max=0.00037992  conv_mean=7.85214e-06  nan=0
[outlier] v325  inc_tri=3  worst|M|=5.33333  pos=(-1.74037,-1.81553,0.177005)
[pd-step]     step 306  dof=1875  pd|Δx|_max=0.0230628  pd|Δx|_mean=0.000400813
[avbd-drive] step 307 wrote AVBD output to Particle.pos
[avbd-friction] step 307 applied 510 vert/primitive friction events
[avbd-contact] step 307 projected 202 vert/primitive penetrations
[avbd-selfcoll] step 307 resolved 23  detect=7745 us  resolve=19 us  path=gpu
[avbd-step] step 307  dof=1875  iters=16  rc=0  wall=14177 us  |Δx|_max=0.0242115  |Δx|_mean=0.000450516  pred_max=0.0235057  drift_max=0.0012325  drift@v325.y  conv_max=0.000390254  conv_mean=7.88744e-06  nan=0
[outlier] v325  inc_tri=3  worst|M|=5.33333  pos=(-1.7417,-1.81595,0.178472)
[pd-step]     step 307  dof=1875  pd|Δx|_max=0.0235057  pd|Δx|_mean=0.000402134
[avbd-drive] step 308 wrote AVBD output to Particle.pos
[avbd-friction] step 308 applied 510 vert/primitive friction events
[avbd-contact] step 308 projected 203 vert/primitive penetrations
[avbd-selfcoll] step 308 resolved 25  detect=6813 us  resolve=19 us  path=gpu
[avbd-step] step 308  dof=1875  iters=16  rc=0  wall=13093 us  |Δx|_max=0.0248927  |Δx|_mean=0.000448497  pred_max=0.0242115  drift_max=0.00212562  drift@v323.x  conv_max=0.000399493  conv_mean=7.9113e-06  nan=0
[outlier] v323  inc_tri=6  worst|M|=5.33333  pos=(1.90755,-0.471551,-0.0157648)
[pd-step]     step 308  dof=1875  pd|Δx|_max=0.0242115  pd|Δx|_mean=0.000402503
[avbd-drive] step 309 wrote AVBD output to Particle.pos
[avbd-friction] step 309 applied 511 vert/primitive friction events
[avbd-contact] step 309 projected 203 vert/primitive penetrations
[avbd-selfcoll] step 309 resolved 24  detect=6582 us  resolve=16 us  path=gpu
[avbd-step] step 309  dof=1875  iters=16  rc=0  wall=13571 us  |Δx|_max=0.0255006  |Δx|_mean=0.000449623  pred_max=0.0248927  drift_max=0.00138593  drift@v323.x  conv_max=0.000407733  conv_mean=7.92688e-06  nan=0
[outlier] v323  inc_tri=6  worst|M|=5.33333  pos=(1.90664,-0.470351,-0.01702)
[pd-step]     step 309  dof=1875  pd|Δx|_max=0.0248927  pd|Δx|_mean=0.000399235
[avbd-drive] step 310 wrote AVBD output to Particle.pos
[avbd-friction] step 310 applied 511 vert/primitive friction events
[avbd-contact] step 310 projected 203 vert/primitive penetrations
[avbd-selfcoll] step 310 resolved 23  detect=6702 us  resolve=21 us  path=gpu
[avbd-step] step 310  dof=1875  iters=16  rc=0  wall=13337 us  |Δx|_max=0.0260361  |Δx|_mean=0.000449657  pred_max=0.0255006  drift_max=0.00111735  drift@v305.x  conv_max=0.000415318  conv_mean=7.93265e-06  nan=0
[outlier] v305  inc_tri=6  worst|M|=5.33333  pos=(-1.12878,-1.10525,0.0523722)
[pd-step]     step 310  dof=1875  pd|Δx|_max=0.0255006  pd|Δx|_mean=0.000401071
[avbd-drive] step 311 wrote AVBD output to Particle.pos
[avbd-friction] step 311 applied 511 vert/primitive friction events
[avbd-contact] step 311 projected 204 vert/primitive penetrations
[avbd-selfcoll] step 311 resolved 23  detect=6352 us  resolve=14 us  path=gpu
[avbd-step] step 311  dof=1875  iters=16  rc=0  wall=13448 us  |Δx|_max=0.0265217  |Δx|_mean=0.000449468  pred_max=0.0260361  drift_max=0.00111997  drift@v305.x  conv_max=0.000422493  conv_mean=7.93155e-06  nan=0
[outlier] v305  inc_tri=6  worst|M|=5.33333  pos=(-1.12881,-1.10532,0.0522179)
[pd-step]     step 311  dof=1875  pd|Δx|_max=0.0260361  pd|Δx|_mean=0.000402162
[avbd-drive] step 312 wrote AVBD output to Particle.pos
[avbd-friction] step 312 applied 510 vert/primitive friction events
[avbd-contact] step 312 projected 204 vert/primitive penetrations
[avbd-selfcoll] step 312 resolved 23  detect=6583 us  resolve=20 us  path=gpu
[avbd-step] step 312  dof=1875  iters=16  rc=0  wall=13754 us  |Δx|_max=0.0269895  |Δx|_mean=0.00044721  pred_max=0.0265217  drift_max=0.00209975  drift@v323.x  conv_max=0.000429608  conv_mean=7.92039e-06  nan=0
[outlier] v323  inc_tri=6  worst|M|=5.33333  pos=(1.90667,-0.470793,-0.0166888)
[pd-step]     step 312  dof=1875  pd|Δx|_max=0.0265217  pd|Δx|_mean=0.000402508
[avbd-drive] step 313 wrote AVBD output to Particle.pos
[avbd-friction] step 313 applied 510 vert/primitive friction events
[avbd-contact] step 313 projected 205 vert/primitive penetrations
[avbd-selfcoll] step 313 resolved 22  detect=6338 us  resolve=19 us  path=gpu
[avbd-step] step 313  dof=1875  iters=16  rc=0  wall=14231 us  |Δx|_max=0.02747  |Δx|_mean=0.000448599  pred_max=0.0269895  drift_max=0.00136423  drift@v323.x  conv_max=0.000436865  conv_mean=7.90503e-06  nan=0
[outlier] v323  inc_tri=6  worst|M|=5.33333  pos=(1.9058,-0.469545,-0.0179274)
[pd-step]     step 313  dof=1875  pd|Δx|_max=0.0269895  pd|Δx|_mean=0.000399282
[avbd-drive] step 314 wrote AVBD output to Particle.pos
[avbd-friction] step 314 applied 509 vert/primitive friction events
[avbd-contact] step 314 projected 205 vert/primitive penetrations
[avbd-selfcoll] step 314 resolved 24  detect=6799 us  resolve=13 us  path=gpu
[avbd-step] step 314  dof=1875  iters=16  rc=0  wall=12793 us  |Δx|_max=0.0279853  |Δx|_mean=0.000448741  pred_max=0.02747  drift_max=0.00116348  drift@v223.z  conv_max=0.000444591  conv_mean=7.88746e-06  nan=0
[outlier] v223  inc_tri=6  worst|M|=5.33333  pos=(1.91237,-0.73176,-0.606952)
[pd-step]     step 314  dof=1875  pd|Δx|_max=0.02747  pd|Δx|_mean=0.000401285
[avbd-drive] step 315 wrote AVBD output to Particle.pos
[avbd-friction] step 315 applied 511 vert/primitive friction events
[avbd-contact] step 315 projected 206 vert/primitive penetrations
[avbd-selfcoll] step 315 resolved 22  detect=6569 us  resolve=16 us  path=gpu
[avbd-step] step 315  dof=1875  iters=16  rc=0  wall=12823 us  |Δx|_max=0.0285647  |Δx|_mean=0.000444115  pred_max=0.0279853  drift_max=0.00243595  drift@v14.x  conv_max=0.000453882  conv_mean=7.79288e-06  nan=0
[outlier] v14  inc_tri=3  worst|M|=5.33333  pos=(0.442475,-1.46005,-1.79385)
[pd-step]     step 315  dof=1875  pd|Δx|_max=0.0279853  pd|Δx|_mean=0.000401467
[avbd-drive] step 316 wrote AVBD output to Particle.pos
[avbd-friction] step 316 applied 512 vert/primitive friction events
[avbd-contact] step 316 projected 206 vert/primitive penetrations
[avbd-selfcoll] step 316 resolved 23  detect=6445 us  resolve=15 us  path=gpu
[avbd-step] step 316  dof=1875  iters=16  rc=0  wall=12906 us  |Δx|_max=0.0292172  |Δx|_mean=0.000442669  pred_max=0.0285647  drift_max=0.002074  drift@v323.x  conv_max=0.000463694  conv_mean=7.7502e-06  nan=0
[outlier] v323  inc_tri=6  worst|M|=5.33333  pos=(1.90593,-0.470022,-0.0175717)
[pd-step]     step 316  dof=1875  pd|Δx|_max=0.0285647  pd|Δx|_mean=0.000398035
[avbd-drive] step 317 wrote AVBD output to Particle.pos
[avbd-friction] step 317 applied 513 vert/primitive friction events
[avbd-contact] step 317 projected 206 vert/primitive penetrations
[avbd-selfcoll] step 317 resolved 20  detect=6571 us  resolve=24 us  path=gpu
[avbd-step] step 317  dof=1875  iters=16  rc=0  wall=12900 us  |Δx|_max=0.029935  |Δx|_mean=0.000444167  pred_max=0.0292172  drift_max=0.00134623  drift@v323.x  conv_max=0.000473812  conv_mean=7.7286e-06  nan=0
[outlier] v323  inc_tri=6  worst|M|=5.33333  pos=(1.90508,-0.468812,-0.0187939)
[pd-step]     step 317  dof=1875  pd|Δx|_max=0.0292172  pd|Δx|_mean=0.000395855
[avbd-drive] step 318 wrote AVBD output to Particle.pos
[avbd-friction] step 318 applied 513 vert/primitive friction events
[avbd-contact] step 318 projected 206 vert/primitive penetrations
[avbd-selfcoll] step 318 resolved 20  detect=6574 us  resolve=18 us  path=gpu
[avbd-step] step 318  dof=1875  iters=16  rc=0  wall=12785 us  |Δx|_max=0.0306979  |Δx|_mean=0.000444054  pred_max=0.029935  drift_max=0.00121242  drift@v223.z  conv_max=0.000484169  conv_mean=7.7133e-06  nan=0
[outlier] v223  inc_tri=6  worst|M|=5.33333  pos=(1.9115,-0.730822,-0.608408)
[pd-step]     step 318  dof=1875  pd|Δx|_max=0.029935  pd|Δx|_mean=0.000398157
[avbd-drive] step 319 wrote AVBD output to Particle.pos
[avbd-friction] step 319 applied 510 vert/primitive friction events
[avbd-contact] step 319 projected 206 vert/primitive penetrations
[avbd-selfcoll] step 319 resolved 23  detect=6564 us  resolve=19 us  path=gpu
[avbd-step] step 319  dof=1875  iters=16  rc=0  wall=12873 us  |Δx|_max=0.0314825  |Δx|_mean=0.000443838  pred_max=0.0306979  drift_max=0.00122225  drift@v223.z  conv_max=0.000494614  conv_mean=7.69128e-06  nan=0
[outlier] v223  inc_tri=6  worst|M|=5.33333  pos=(1.91128,-0.730585,-0.608769)
[pd-step]     step 319  dof=1875  pd|Δx|_max=0.0306979  pd|Δx|_mean=0.000399495
[avbd-drive] step 320 wrote AVBD output to Particle.pos
[avbd-friction] step 320 applied 511 vert/primitive friction events
[avbd-contact] step 320 projected 207 vert/primitive penetrations
[avbd-selfcoll] step 320 resolved 23  detect=6333 us  resolve=15 us  path=gpu
[avbd-step] step 320  dof=1875  iters=16  rc=0  wall=13054 us  |Δx|_max=0.0322681  |Δx|_mean=0.000442602  pred_max=0.0314825  drift_max=0.00123131  drift@v223.z  conv_max=0.000504971  conv_mean=7.67566e-06  nan=0
[outlier] v223  inc_tri=6  worst|M|=5.33333  pos=(1.91107,-0.730349,-0.609127)
[pd-step]     step 320  dof=1875  pd|Δx|_max=0.0314825  pd|Δx|_mean=0.000399707
[avbd-drive] step 321 wrote AVBD output to Particle.pos
[avbd-friction] step 321 applied 511 vert/primitive friction events
[avbd-contact] step 321 projected 207 vert/primitive penetrations
[avbd-selfcoll] step 321 resolved 23  detect=6718 us  resolve=20 us  path=gpu
[avbd-step] step 321  dof=1875  iters=16  rc=0  wall=12521 us  |Δx|_max=0.0330389  |Δx|_mean=0.000439581  pred_max=0.0322681  drift_max=0.00201356  drift@v323.x  conv_max=0.000514932  conv_mean=7.65439e-06  nan=0
[outlier] v323  inc_tri=6  worst|M|=5.33333  pos=(1.90527,-0.469901,-0.0179515)
[pd-step]     step 321  dof=1875  pd|Δx|_max=0.0322681  pd|Δx|_mean=0.000399144
[avbd-drive] step 322 wrote AVBD output to Particle.pos
[avbd-friction] step 322 applied 511 vert/primitive friction events
[avbd-contact] step 322 projected 207 vert/primitive penetrations
[avbd-selfcoll] step 322 resolved 24  detect=6934 us  resolve=18 us  path=gpu
[avbd-step] step 322  dof=1875  iters=16  rc=0  wall=12900 us  |Δx|_max=0.0337806  |Δx|_mean=0.000440257  pred_max=0.0330389  drift_max=0.00135052  drift@v323.x  conv_max=0.000524126  conv_mean=7.63045e-06  nan=0
[outlier] v323  inc_tri=6  worst|M|=5.33333  pos=(1.90432,-0.468537,-0.0193023)
[pd-step]     step 322  dof=1875  pd|Δx|_max=0.0330389  pd|Δx|_mean=0.000394993
[avbd-drive] step 323 wrote AVBD output to Particle.pos
[avbd-friction] step 323 applied 512 vert/primitive friction events
[avbd-contact] step 323 projected 207 vert/primitive penetrations
[avbd-selfcoll] step 323 resolved 21  detect=6570 us  resolve=13 us  path=gpu
[avbd-step] step 323  dof=1875  iters=16  rc=0  wall=13357 us  |Δx|_max=0.0344759  |Δx|_mean=0.00043833  pred_max=0.0337806  drift_max=0.0014081  drift@v325.y  conv_max=0.000532098  conv_mean=7.57987e-06  nan=0
[outlier] v325  inc_tri=3  worst|M|=5.33333  pos=(-1.743,-1.82867,0.212128)
[pd-step]     step 323  dof=1875  pd|Δx|_max=0.0337806  pd|Δx|_mean=0.000395363
[avbd-drive] step 324 wrote AVBD output to Particle.pos
[avbd-friction] step 324 applied 512 vert/primitive friction events
[avbd-contact] step 324 projected 208 vert/primitive penetrations
[avbd-selfcoll] step 324 resolved 22  detect=6631 us  resolve=16 us  path=gpu
[avbd-step] step 324  dof=1875  iters=16  rc=0  wall=13056 us  |Δx|_max=0.0350984  |Δx|_mean=0.000435829  pred_max=0.0344759  drift_max=0.00148785  drift@v325.y  conv_max=0.000538409  conv_mean=7.53299e-06  nan=0
[outlier] v325  inc_tri=3  worst|M|=5.33333  pos=(-1.74112,-1.83205,0.21538)
[pd-step]     step 324  dof=1875  pd|Δx|_max=0.0344759  pd|Δx|_mean=0.000394566
[avbd-drive] step 325 wrote AVBD output to Particle.pos
[avbd-friction] step 325 applied 513 vert/primitive friction events
[avbd-contact] step 325 projected 209 vert/primitive penetrations
[avbd-selfcoll] step 325 resolved 22  detect=6606 us  resolve=17 us  path=gpu
[avbd-step] step 325  dof=1875  iters=16  rc=0  wall=12763 us  |Δx|_max=0.0356213  |Δx|_mean=0.000430938  pred_max=0.0350984  drift_max=0.00155962  drift@v325.y  conv_max=0.000544235  conv_mean=7.50975e-06  nan=0
[outlier] v325  inc_tri=3  worst|M|=5.33333  pos=(-1.73884,-1.83574,0.218747)
[pd-step]     step 325  dof=1875  pd|Δx|_max=0.0350984  pd|Δx|_mean=0.000391058
[avbd-drive] step 326 wrote AVBD output to Particle.pos
[avbd-friction] step 326 applied 513 vert/primitive friction events
[avbd-contact] step 326 projected 211 vert/primitive penetrations
[avbd-selfcoll] step 326 resolved 24  detect=7204 us  resolve=19 us  path=gpu
[avbd-step] step 326  dof=1875  iters=16  rc=0  wall=14107 us  |Δx|_max=0.0360092  |Δx|_mean=0.000425586  pred_max=0.0356213  drift_max=0.00196576  drift@v323.x  conv_max=0.000547156  conv_mean=7.47177e-06  nan=0
[outlier] v323  inc_tri=6  worst|M|=5.33333  pos=(1.90454,-0.469148,-0.0187844)
[pd-step]     step 326  dof=1875  pd|Δx|_max=0.0356213  pd|Δx|_mean=0.000387524
[avbd-drive] step 327 wrote AVBD output to Particle.pos
[avbd-friction] step 327 applied 513 vert/primitive friction events
[avbd-contact] step 327 projected 211 vert/primitive penetrations
[avbd-selfcoll] step 327 resolved 22  detect=8411 us  resolve=23 us  path=gpu
[avbd-step] step 327  dof=1875  iters=16  rc=0  wall=14726 us  |Δx|_max=0.0362188  |Δx|_mean=0.000425237  pred_max=0.0360092  drift_max=0.00166225  drift@v325.y  conv_max=0.000547327  conv_mean=7.43943e-06  nan=0
[outlier] v325  inc_tri=3  worst|M|=5.33333  pos=(-1.73299,-1.84398,0.225741)
[pd-step]     step 327  dof=1875  pd|Δx|_max=0.0360092  pd|Δx|_mean=0.00038074
[avbd-drive] step 328 wrote AVBD output to Particle.pos
[avbd-friction] step 328 applied 513 vert/primitive friction events
[avbd-contact] step 328 projected 214 vert/primitive penetrations
[avbd-selfcoll] step 328 resolved 23  detect=12531 us  resolve=21 us  path=gpu
[avbd-step] step 328  dof=1875  iters=16  rc=0  wall=20131 us  |Δx|_max=0.0362053  |Δx|_mean=0.000425458  pred_max=0.0362188  drift_max=0.00169301  drift@v325.y  conv_max=0.00054428  conv_mean=7.4028e-06  nan=0
[outlier] v325  inc_tri=3  worst|M|=5.33333  pos=(-1.7294,-1.84846,0.229286)
[pd-step]     step 328  dof=1875  pd|Δx|_max=0.0362188  pd|Δx|_mean=0.000380351
[avbd-drive] step 329 wrote AVBD output to Particle.pos
[avbd-friction] step 329 applied 513 vert/primitive friction events
[avbd-contact] step 329 projected 213 vert/primitive penetrations
[avbd-selfcoll] step 329 resolved 24  detect=12139 us  resolve=24 us  path=gpu
[avbd-step] step 329  dof=1875  iters=16  rc=0  wall=19435 us  |Δx|_max=0.0359343  |Δx|_mean=0.000426975  pred_max=0.0362053  drift_max=0.00171196  drift@v325.y  conv_max=0.000537895  conv_mean=7.37048e-06  nan=0
[outlier] v325  inc_tri=3  worst|M|=5.33333  pos=(-1.7254,-1.85308,0.232779)
[pd-step]     step 329  dof=1875  pd|Δx|_max=0.0362053  pd|Δx|_mean=0.000381161
[avbd-drive] step 330 wrote AVBD output to Particle.pos
[avbd-friction] step 330 applied 513 vert/primitive friction events
[avbd-contact] step 330 projected 213 vert/primitive penetrations
[avbd-selfcoll] step 330 resolved 24  detect=10050 us  resolve=30 us  path=gpu
[avbd-step] step 330  dof=1875  iters=16  rc=0  wall=19750 us  |Δx|_max=0.0353949  |Δx|_mean=0.000428926  pred_max=0.0359343  drift_max=0.00171757  drift@v325.y  conv_max=0.000528201  conv_mean=7.35975e-06  nan=0
[outlier] v325  inc_tri=3  worst|M|=5.33333  pos=(-1.72103,-1.85776,0.236149)
[pd-step]     step 330  dof=1875  pd|Δx|_max=0.0359343  pd|Δx|_mean=0.000382781
[avbd-drive] step 331 wrote AVBD output to Particle.pos
[avbd-friction] step 331 applied 512 vert/primitive friction events
[avbd-contact] step 331 projected 214 vert/primitive penetrations
[avbd-selfcoll] step 331 resolved 25  detect=9761 us  resolve=25 us  path=gpu
[avbd-step] step 331  dof=1875  iters=16  rc=0  wall=18149 us  |Δx|_max=0.0346092  |Δx|_mean=0.000428734  pred_max=0.0353949  drift_max=0.00195467  drift@v323.x  conv_max=0.000515744  conv_mean=7.38084e-06  nan=0
[outlier] v323  inc_tri=6  worst|M|=5.33333  pos=(1.90372,-0.468702,-0.01948)
[pd-step]     step 331  dof=1875  pd|Δx|_max=0.0353949  pd|Δx|_mean=0.000384779
[avbd-drive] step 332 wrote AVBD output to Particle.pos
[avbd-friction] step 332 applied 512 vert/primitive friction events
[avbd-contact] step 332 projected 214 vert/primitive penetrations
[avbd-selfcoll] step 332 resolved 24  detect=12055 us  resolve=16 us  path=gpu
[avbd-step] step 332  dof=1875  iters=16  rc=0  wall=24919 us  |Δx|_max=0.0336337  |Δx|_mean=0.000432641  pred_max=0.0346092  drift_max=0.00168568  drift@v350.z  conv_max=0.000501141  conv_mean=7.42896e-06  nan=0
[outlier] v350  inc_tri=3  worst|M|=5.33333  pos=(-1.55183,-1.93423,0.277368)
[pd-step]     step 332  dof=1875  pd|Δx|_max=0.0346092  pd|Δx|_mean=0.000383314
[avbd-drive] step 333 wrote AVBD output to Particle.pos
[avbd-friction] step 333 applied 512 vert/primitive friction events
[avbd-contact] step 333 projected 214 vert/primitive penetrations
[avbd-selfcoll] step 333 resolved 22  detect=10026 us  resolve=20 us  path=gpu
[avbd-step] step 333  dof=1875  iters=16  rc=0  wall=23109 us  |Δx|_max=0.0325479  |Δx|_mean=0.000431419  pred_max=0.0336337  drift_max=0.00251052  drift@v14.x  conv_max=0.000485271  conv_mean=7.43524e-06  nan=0
[outlier] v14  inc_tri=3  worst|M|=5.33333  pos=(0.443129,-1.46233,-1.79432)
[pd-step]     step 333  dof=1875  pd|Δx|_max=0.0336337  pd|Δx|_mean=0.000386928
[avbd-drive] step 334 wrote AVBD output to Particle.pos
[avbd-friction] step 334 applied 512 vert/primitive friction events
[avbd-contact] step 334 projected 214 vert/primitive penetrations
[avbd-selfcoll] step 334 resolved 20  detect=9931 us  resolve=18 us  path=gpu
[avbd-step] step 334  dof=1875  iters=16  rc=0  wall=26822 us  |Δx|_max=0.0314428  |Δx|_mean=0.000433932  pred_max=0.0325479  drift_max=0.00170398  drift@v352.x  conv_max=0.000469536  conv_mean=7.46885e-06  nan=0
[outlier] v352  inc_tri=6  worst|M|=5.33333  pos=(-1.41746,-1.58992,0.303136)
[pd-step]     step 334  dof=1875  pd|Δx|_max=0.0325479  pd|Δx|_mean=0.000385393
[avbd-drive] step 335 wrote AVBD output to Particle.pos
[avbd-friction] step 335 applied 513 vert/primitive friction events
[avbd-contact] step 335 projected 214 vert/primitive penetrations
[avbd-selfcoll] step 335 resolved 19  detect=10453 us  resolve=25 us  path=gpu
[avbd-step] step 335  dof=1875  iters=16  rc=0  wall=27968 us  |Δx|_max=0.0303973  |Δx|_mean=0.000435491  pred_max=0.0314428  drift_max=0.00179327  drift@v352.x  conv_max=0.000454038  conv_mean=7.51805e-06  nan=0
[outlier] v352  inc_tri=6  worst|M|=5.33333  pos=(-1.41575,-1.59034,0.302306)
[pd-step]     step 335  dof=1875  pd|Δx|_max=0.0314428  pd|Δx|_mean=0.000388495
[avbd-drive] step 336 wrote AVBD output to Particle.pos
[avbd-friction] step 336 applied 514 vert/primitive friction events
[avbd-contact] step 336 projected 214 vert/primitive penetrations
[avbd-selfcoll] step 336 resolved 23  detect=9858 us  resolve=18 us  path=gpu
[avbd-step] step 336  dof=1875  iters=16  rc=0  wall=22814 us  |Δx|_max=0.0294592  |Δx|_mean=0.000430007  pred_max=0.0303973  drift_max=0.00192738  drift@v323.x  conv_max=0.000439271  conv_mean=7.56453e-06  nan=0
[outlier] v323  inc_tri=6  worst|M|=5.33333  pos=(1.90295,-0.468136,-0.0201111)
[pd-step]     step 336  dof=1875  pd|Δx|_max=0.0303973  pd|Δx|_mean=0.000386656
[avbd-drive] step 337 wrote AVBD output to Particle.pos
[avbd-friction] step 337 applied 514 vert/primitive friction events
[avbd-contact] step 337 projected 215 vert/primitive penetrations
[avbd-selfcoll] step 337 resolved 23  detect=9761 us  resolve=17 us  path=gpu
[avbd-step] step 337  dof=1875  iters=16  rc=0  wall=25538 us  |Δx|_max=0.0286532  |Δx|_mean=0.000431293  pred_max=0.0294592  drift_max=0.00170624  drift@v352.x  conv_max=0.000425667  conv_mean=7.62011e-06  nan=0
[outlier] v352  inc_tri=6  worst|M|=5.33333  pos=(-1.4122,-1.59128,0.300578)
[pd-step]     step 337  dof=1875  pd|Δx|_max=0.0294592  pd|Δx|_mean=0.000382161
[avbd-drive] step 338 wrote AVBD output to Particle.pos
[avbd-friction] step 338 applied 514 vert/primitive friction events
[avbd-contact] step 338 projected 215 vert/primitive penetrations
[avbd-selfcoll] step 338 resolved 21  detect=10025 us  resolve=22 us  path=gpu
[avbd-step] step 338  dof=1875  iters=16  rc=0  wall=22332 us  |Δx|_max=0.0279881  |Δx|_mean=0.000432457  pred_max=0.0286532  drift_max=0.00163627  drift@v352.x  conv_max=0.000413999  conv_mean=7.68078e-06  nan=0
[outlier] v352  inc_tri=6  worst|M|=5.33333  pos=(-1.4105,-1.59181,0.299799)
[pd-step]     step 338  dof=1875  pd|Δx|_max=0.0286532  pd|Δx|_mean=0.000383329
[avbd-drive] step 339 wrote AVBD output to Particle.pos
[avbd-friction] step 339 applied 514 vert/primitive friction events
[avbd-contact] step 339 projected 215 vert/primitive penetrations
[avbd-selfcoll] step 339 resolved 22  detect=9813 us  resolve=19 us  path=gpu
[avbd-step] step 339  dof=1875  iters=16  rc=0  wall=25134 us  |Δx|_max=0.0274589  |Δx|_mean=0.000433138  pred_max=0.0279881  drift_max=0.00154102  drift@v352.x  conv_max=0.000417903  conv_mean=7.72993e-06  nan=0
[outlier] v352  inc_tri=6  worst|M|=5.33333  pos=(-1.40887,-1.59233,0.299055)
[pd-step]     step 339  dof=1875  pd|Δx|_max=0.0279881  pd|Δx|_mean=0.000384637
[avbd-drive] step 340 wrote AVBD output to Particle.pos
[avbd-friction] step 340 applied 514 vert/primitive friction events
[avbd-contact] step 340 projected 216 vert/primitive penetrations
[avbd-selfcoll] step 340 resolved 22  detect=10172 us  resolve=21 us  path=gpu
[avbd-step] step 340  dof=1875  iters=16  rc=0  wall=24511 us  |Δx|_max=0.0270485  |Δx|_mean=0.000434823  pred_max=0.0274589  drift_max=0.00143778  drift@v352.x  conv_max=0.000424877  conv_mean=7.77804e-06  nan=0
[outlier] v352  inc_tri=6  worst|M|=5.33333  pos=(-1.40733,-1.59283,0.29833)
[pd-step]     step 340  dof=1875  pd|Δx|_max=0.0274589  pd|Δx|_mean=0.000385623
[avbd-drive] step 341 wrote AVBD output to Particle.pos
[avbd-friction] step 341 applied 515 vert/primitive friction events
[avbd-contact] step 341 projected 216 vert/primitive penetrations
[avbd-selfcoll] step 341 resolved 20  detect=11352 us  resolve=18 us  path=gpu
[avbd-step] step 341  dof=1875  iters=16  rc=0  wall=24759 us  |Δx|_max=0.0267306  |Δx|_mean=0.00043324  pred_max=0.0270485  drift_max=0.00190544  drift@v323.x  conv_max=0.000432506  conv_mean=7.79843e-06  nan=0
[outlier] v323  inc_tri=6  worst|M|=5.33333  pos=(1.90221,-0.467585,-0.0206916)
[pd-step]     step 341  dof=1875  pd|Δx|_max=0.0270485  pd|Δx|_mean=0.000386683
[avbd-drive] step 342 wrote AVBD output to Particle.pos
[avbd-friction] step 342 applied 516 vert/primitive friction events
[avbd-contact] step 342 projected 216 vert/primitive penetrations
[avbd-selfcoll] step 342 resolved 23  detect=12280 us  resolve=16 us  path=gpu
[avbd-step] step 342  dof=1875  iters=16  rc=0  wall=25244 us  |Δx|_max=0.0264781  |Δx|_mean=0.000435275  pred_max=0.0267306  drift_max=0.00139838  drift@v351.z  conv_max=0.00044103  conv_mean=7.82437e-06  nan=0
[outlier] v351  inc_tri=6  worst|M|=5.33333  pos=(-1.46003,-1.7674,0.272892)
[pd-step]     step 342  dof=1875  pd|Δx|_max=0.0267306  pd|Δx|_mean=0.000384161
[avbd-drive] step 343 wrote AVBD output to Particle.pos
[avbd-friction] step 343 applied 516 vert/primitive friction events
[avbd-contact] step 343 projected 217 vert/primitive penetrations
[avbd-selfcoll] step 343 resolved 23  detect=10559 us  resolve=18 us  path=gpu
[avbd-step] step 343  dof=1875  iters=16  rc=0  wall=30550 us  |Δx|_max=0.0262708  |Δx|_mean=0.000435745  pred_max=0.0264781  drift_max=0.00139657  drift@v351.z  conv_max=0.000450492  conv_mean=7.85824e-06  nan=0
[outlier] v351  inc_tri=6  worst|M|=5.33333  pos=(-1.45899,-1.76789,0.272171)
[pd-step]     step 343  dof=1875  pd|Δx|_max=0.0264781  pd|Δx|_mean=0.000386623
[avbd-drive] step 344 wrote AVBD output to Particle.pos
[avbd-friction] step 344 applied 517 vert/primitive friction events
[avbd-contact] step 344 projected 217 vert/primitive penetrations
[avbd-selfcoll] step 344 resolved 21  detect=14512 us  resolve=19 us  path=gpu
[avbd-step] step 344  dof=1875  iters=16  rc=0  wall=27695 us  |Δx|_max=0.026099  |Δx|_mean=0.000434148  pred_max=0.0262708  drift_max=0.00139183  drift@v351.z  conv_max=0.000460625  conv_mean=7.85875e-06  nan=0
[outlier] v351  inc_tri=6  worst|M|=5.33333  pos=(-1.45813,-1.76839,0.27156)
[pd-step]     step 344  dof=1875  pd|Δx|_max=0.0262708  pd|Δx|_mean=0.000386569
[avbd-drive] step 345 wrote AVBD output to Particle.pos
[avbd-friction] step 345 applied 517 vert/primitive friction events
[avbd-contact] step 345 projected 218 vert/primitive penetrations
[avbd-selfcoll] step 345 resolved 20  detect=13586 us  resolve=20 us  path=gpu
[avbd-step] step 345  dof=1875  iters=16  rc=0  wall=27994 us  |Δx|_max=0.0260574  |Δx|_mean=0.000433066  pred_max=0.026099  drift_max=0.00139603  drift@v351.z  conv_max=0.000471011  conv_mean=7.86587e-06  nan=0
[outlier] v351  inc_tri=6  worst|M|=5.33333  pos=(-1.45744,-1.76889,0.271074)
[pd-step]     step 345  dof=1875  pd|Δx|_max=0.026099  pd|Δx|_mean=0.000386616
[avbd-drive] step 346 wrote AVBD output to Particle.pos
[avbd-friction] step 346 applied 517 vert/primitive friction events
[avbd-contact] step 346 projected 218 vert/primitive penetrations
[avbd-selfcoll] step 346 resolved 22  detect=10829 us  resolve=26 us  path=gpu
[avbd-step] step 346  dof=1875  iters=16  rc=0  wall=29720 us  |Δx|_max=0.0264945  |Δx|_mean=0.000429641  pred_max=0.0260574  drift_max=0.00188351  drift@v323.x  conv_max=0.000481144  conv_mean=7.86696e-06  nan=0
[outlier] v323  inc_tri=6  worst|M|=5.33333  pos=(1.90146,-0.467054,-0.0212391)
[pd-step]     step 346  dof=1875  pd|Δx|_max=0.0260574  pd|Δx|_mean=0.000386035
[avbd-drive] step 347 wrote AVBD output to Particle.pos
[avbd-friction] step 347 applied 517 vert/primitive friction events
[avbd-contact] step 347 projected 218 vert/primitive penetrations
[avbd-selfcoll] step 347 resolved 24  detect=10465 us  resolve=20 us  path=gpu
[avbd-step] step 347  dof=1875  iters=16  rc=0  wall=25215 us  |Δx|_max=0.0269112  |Δx|_mean=0.000426775  pred_max=0.0264945  drift_max=0.00248265  drift@v14.x  conv_max=0.000490382  conv_mean=7.83184e-06  nan=0
[outlier] v14  inc_tri=3  worst|M|=5.33333  pos=(0.443346,-1.46414,-1.79527)
[pd-step]     step 347  dof=1875  pd|Δx|_max=0.0264945  pd|Δx|_mean=0.000382096
[avbd-drive] step 348 wrote AVBD output to Particle.pos
[avbd-friction] step 348 applied 517 vert/primitive friction events
[avbd-contact] step 348 projected 219 vert/primitive penetrations
[avbd-selfcoll] step 348 resolved 22  detect=10542 us  resolve=19 us  path=gpu
[avbd-step] step 348  dof=1875  iters=16  rc=0  wall=29790 us  |Δx|_max=0.0272765  |Δx|_mean=0.000427729  pred_max=0.0269112  drift_max=0.00160804  drift@v14.x  conv_max=0.000498176  conv_mean=7.8295e-06  nan=0
[outlier] v14  inc_tri=3  worst|M|=5.33333  pos=(0.444926,-1.46345,-1.79575)
[pd-step]     step 348  dof=1875  pd|Δx|_max=0.0269112  pd|Δx|_mean=0.000379535
[avbd-drive] step 349 wrote AVBD output to Particle.pos
[avbd-friction] step 349 applied 517 vert/primitive friction events
[avbd-contact] step 349 projected 219 vert/primitive penetrations
[avbd-selfcoll] step 349 resolved 23  detect=10798 us  resolve=23 us  path=gpu
[avbd-step] step 349  dof=1875  iters=16  rc=0  wall=31076 us  |Δx|_max=0.0275679  |Δx|_mean=0.000427424  pred_max=0.0272765  drift_max=0.00152284  drift@v351.z  conv_max=0.000504524  conv_mean=7.83072e-06  nan=0
[outlier] v351  inc_tri=6  worst|M|=5.33333  pos=(-1.45624,-1.77056,0.270423)
[pd-step]     step 349  dof=1875  pd|Δx|_max=0.0272765  pd|Δx|_mean=0.000381095
[avbd-drive] step 350 wrote AVBD output to Particle.pos
[avbd-friction] step 350 applied 516 vert/primitive friction events
[avbd-contact] step 350 projected 220 vert/primitive penetrations
[avbd-selfcoll] step 350 resolved 22  detect=13523 us  resolve=27 us  path=gpu
[avbd-step] step 350  dof=1875  iters=16  rc=0  wall=31720 us  |Δx|_max=0.0277782  |Δx|_mean=0.000426956  pred_max=0.0275679  drift_max=0.00154307  drift@v351.z  conv_max=0.00050953  conv_mean=7.82961e-06  nan=0
[outlier] v351  inc_tri=6  worst|M|=5.33333  pos=(-1.45642,-1.7709,0.270581)
[pd-step]     step 350  dof=1875  pd|Δx|_max=0.0275679  pd|Δx|_mean=0.000381295
[avbd-drive] step 351 wrote AVBD output to Particle.pos
[avbd-friction] step 351 applied 516 vert/primitive friction events
[avbd-contact] step 351 projected 220 vert/primitive penetrations
[avbd-selfcoll] step 351 resolved 23  detect=12111 us  resolve=21 us  path=gpu
Parameter bounds are:
Lower:0.01
Upper:0.95
Srand seed is : 1
seed = 41
Parameter from randseed 41 is valid, proceed...
  param lowerBound:0.01
  param upperBound:0.95
 starts with param:0.53977
lbfgs param lowerBound:0.01
lbfgs param upperBound:0.95
lbfgs starts with param:0.53977
[32m=========Evaluation Iter 1 ========
[0m[32mTotal Optimization Iter:0
[0mTotal parameters: 1
Total frames: 350
timestep: 0.0056 / 1/180
[35mLBFGS param:
============Parameter Info:======================
mu from prim0:0.539770

[0m[Simulation::runBackwardTask]
forwardConverge set from 0.0000001000 to 0.0000000010
looping over constraints...finished...
forward started...0..[avbd-step] step 1  dof=1875  iters=16  rc=0  wall=38189 us  |Δx|_max=0.000302433  |Δx|_mean=0.000100747  pred_max=0.000302469  drift_max=1.75464e-06  drift@v0.y  conv_max=2.12829e-05  conv_mean=2.67256e-06  nan=0
[outlier] v0  inc_tri=1  worst|M|=5.33333  pos=(-2.25,1.37773e-16,-2.25)
[pd-step]     step 1  dof=1875  pd|Δx|_max=0.000302469  pd|Δx|_mean=0.000100823
[avbd-drive] step 2 wrote AVBD output to Particle.pos
[avbd-step] step 2  dof=1875  iters=16  rc=0  wall=30848 us  |Δx|_max=0.000604831  |Δx|_mean=0.000201419  pred_max=0.000604902  drift_max=3.4991e-06  drift@v0.y  conv_max=4.24422e-05  conv_mean=5.34311e-06  nan=0
[outlier] v0  inc_tri=1  worst|M|=5.33333  pos=(-2.25,-0.000300714,-2.25)
[pd-step]     step 2  dof=1875  pd|Δx|_max=0.000604902  pd|Δx|_mean=0.00020157
[avbd-drive] step 3 wrote AVBD output to Particle.pos
[avbd-friction] step 3 applied 1 vert/primitive friction events
[avbd-step] step 3  dof=1875  iters=16  rc=0  wall=31275 us  |Δx|_max=0.000907192  |Δx|_mean=0.000301694  pred_max=0.0009073  drift_max=5.23345e-06  drift@v0.y  conv_max=6.34788e-05  conv_mean=8.00318e-06  nan=0
[outlier] v0  inc_tri=1  worst|M|=5.33333  pos=(-2.25,-0.000900399,-2.25)
[pd-step]     step 3  dof=1875  pd|Δx|_max=0.0009073  pd|Δx|_mean=0.000301923
[avbd-drive] step 4 wrote AVBD output to Particle.pos
[avbd-friction] step 4 applied 1 vert/primitive friction events
[avbd-step] step 4  dof=1875  iters=16  rc=0  wall=30658 us  |Δx|_max=0.00120952  |Δx|_mean=0.000402059  pred_max=0.00120966  drift_max=6.95791e-06  drift@v0.y  conv_max=8.43932e-05  conv_mean=1.06653e-05  nan=0
[outlier] v0  inc_tri=1  worst|M|=5.33333  pos=(-2.25,-0.00179732,-2.25)
[pd-step]     step 4  dof=1875  pd|Δx|_max=0.00120966  pd|Δx|_mean=0.000402357
[avbd-drive] step 5 wrote AVBD output to Particle.pos
[avbd-friction] step 5 applied 1 vert/primitive friction events
[avbd-step] step 5  dof=1875  iters=16  rc=0  wall=30109 us  |Δx|_max=0.00151181  |Δx|_mean=0.000502359  pred_max=0.00151199  drift_max=8.67154e-06  drift@v0.y  conv_max=0.000105187  conv_mean=1.33259e-05  nan=0
[outlier] v0  inc_tri=1  worst|M|=5.33333  pos=(-2.25,-0.00298975,-2.25)
[pd-step]     step 5  dof=1875  pd|Δx|_max=0.00151199  pd|Δx|_mean=0.000502721
[avbd-drive] step 6 wrote AVBD output to Particle.pos
[avbd-friction] step 6 applied 1 vert/primitive friction events
[avbd-step] step 6  dof=1875  iters=16  rc=0  wall=27393 us  |Δx|_max=0.00181406  |Δx|_mean=0.000602599  pred_max=0.00181428  drift_max=1.03763e-05  drift@v0.y  conv_max=0.000125859  conv_mean=1.5985e-05  nan=0
[outlier] v0  inc_tri=1  worst|M|=5.33333  pos=(-2.25,-0.00447598,-2.25)
[pd-step]     step 6  dof=1875  pd|Δx|_max=0.00181428  pd|Δx|_mean=0.00060302
[avbd-drive] step 7 wrote AVBD output to Particle.pos
[avbd-friction] step 7 applied 2 vert/primitive friction events
[avbd-step] step 7  dof=1875  iters=16  rc=0  wall=26865 us  |Δx|_max=0.00211628  |Δx|_mean=0.000701825  pred_max=0.00211653  drift_max=1.20709e-05  drift@v0.y  conv_max=0.000146412  conv_mean=1.86173e-05  nan=0
[outlier] v0  inc_tri=1  worst|M|=5.33333  pos=(-2.25,-0.0062543,-2.25)
[pd-step]     step 7  dof=1875  pd|Δx|_max=0.00211653  pd|Δx|_mean=0.000702324
[avbd-drive] step 8 wrote AVBD output to Particle.pos
[avbd-friction] step 8 applied 3 vert/primitive friction events
[avbd-step] step 8  dof=1875  iters=16  rc=0  wall=28692 us  |Δx|_max=0.00241846  |Δx|_mean=0.000800672  pred_max=0.00241875  drift_max=2.2769e-05  drift@v340.x  conv_max=0.000166846  conv_mean=2.12394e-05  nan=0
[outlier] v340  inc_tri=6  worst|M|=5.33333  pos=(0.562494,-0.00242567,0.187498)
[pd-step]     step 8  dof=1875  pd|Δx|_max=0.00241875  pd|Δx|_mean=0.000801236
[avbd-drive] step 9 wrote AVBD output to Particle.pos
[avbd-friction] step 9 applied 4 vert/primitive friction events
[avbd-step] step 9  dof=1875  iters=16  rc=0  wall=31809 us  |Δx|_max=0.00272061  |Δx|_mean=0.00089919  pred_max=0.00272093  drift_max=2.563e-05  drift@v340.x  conv_max=0.00018716  conv_mean=2.38516e-05  nan=0
[outlier] v340  inc_tri=6  worst|M|=5.33333  pos=(0.562472,-0.00273749,0.187481)
[pd-step]     step 9  dof=1875  pd|Δx|_max=0.00272093  pd|Δx|_mean=0.000899773
[avbd-drive] step 10 wrote AVBD output to Particle.pos
[avbd-friction] step 10 applied 6 vert/primitive friction events
[avbd-step] step 10  dof=1875  iters=16  rc=0  wall=29598 us  |Δx|_max=0.00302272  |Δx|_mean=0.00099587  pred_max=0.00302308  drift_max=3.1054e-05  drift@v341.x  conv_max=0.000207355  conv_mean=2.64183e-05  nan=0
[outlier] v341  inc_tri=6  worst|M|=5.33333  pos=(0.750009,-0.00724648,0.187496)
[pd-step]     step 10  dof=1875  pd|Δx|_max=0.00302308  pd|Δx|_mean=0.000996585
[avbd-drive] step 11 wrote AVBD output to Particle.pos
[avbd-friction] step 11 applied 7 vert/primitive friction events
[avbd-step] step 11  dof=1875  iters=16  rc=0  wall=28052 us  |Δx|_max=0.00332479  |Δx|_mean=0.00109358  pred_max=0.00332519  drift_max=4.52995e-05  drift@v341.x  conv_max=0.000227435  conv_mean=2.90101e-05  nan=0
[outlier] v341  inc_tri=6  worst|M|=5.33333  pos=(0.750036,-0.0075537,0.187489)
[pd-step]     step 11  dof=1875  pd|Δx|_max=0.00332519  pd|Δx|_mean=0.0010942
[avbd-drive] step 12 wrote AVBD output to Particle.pos
[avbd-friction] step 12 applied 8 vert/primitive friction events
[avbd-step] step 12  dof=1875  iters=16  rc=0  wall=27332 us  |Δx|_max=0.00362683  |Δx|_mean=0.00119106  pred_max=0.00362726  drift_max=6.2618e-05  drift@v315.z  conv_max=0.000247395  conv_mean=3.15943e-05  nan=0
[outlier] v315  inc_tri=6  worst|M|=5.33333  pos=(0.562497,-0.0117599,-6.32377e-06)
[pd-step]     step 12  dof=1875  pd|Δx|_max=0.00362726  pd|Δx|_mean=0.00119159
[avbd-drive] step 13 wrote AVBD output to Particle.pos
[avbd-friction] step 13 applied 9 vert/primitive friction events
[avbd-step] step 13  dof=1875  iters=16  rc=0  wall=28760 us  |Δx|_max=0.00392883  |Δx|_mean=0.00128824  pred_max=0.0039293  drift_max=7.77841e-05  drift@v341.x  conv_max=0.000267241  conv_mean=3.41692e-05  nan=0
[outlier] v341  inc_tri=6  worst|M|=5.33333  pos=(0.750141,-0.00818303,0.187482)
[pd-step]     step 13  dof=1875  pd|Δx|_max=0.0039293  pd|Δx|_mean=0.0012887
[avbd-drive] step 14 wrote AVBD output to Particle.pos
[avbd-friction] step 14 applied 10 vert/primitive friction events
[avbd-step] step 14  dof=1875  iters=16  rc=0  wall=30490 us  |Δx|_max=0.0042308  |Δx|_mean=0.00138528  pred_max=0.0042313  drift_max=9.62317e-05  drift@v365.z  conv_max=0.00028697  conv_mean=3.67406e-05  nan=0
[outlier] v365  inc_tri=6  worst|M|=5.33333  pos=(0.562461,-0.0102943,0.375171)
[pd-step]     step 14  dof=1875  pd|Δx|_max=0.0042313  pd|Δx|_mean=0.00138551
[avbd-drive] step 15 wrote AVBD output to Particle.pos
[avbd-friction] step 15 applied 10 vert/primitive friction events
[avbd-step] step 15  dof=1875  iters=16  rc=0  wall=32356 us  |Δx|_max=0.00453273  |Δx|_mean=0.00148464  pred_max=0.00453327  drift_max=0.000127852  drift@v366.z  conv_max=0.00030658  conv_mean=3.9365e-05  nan=0
[outlier] v366  inc_tri=6  worst|M|=5.33333  pos=(0.750134,-0.0151186,0.375145)
[pd-step]     step 15  dof=1875  pd|Δx|_max=0.00453327  pd|Δx|_mean=0.00148431
[avbd-drive] step 16 wrote AVBD output to Particle.pos
[avbd-friction] step 16 applied 12 vert/primitive friction events
[avbd-step] step 16  dof=1875  iters=16  rc=0  wall=26696 us  |Δx|_max=0.00483463  |Δx|_mean=0.00157916  pred_max=0.0048352  drift_max=0.000130926  drift@v315.z  conv_max=0.000326075  conv_mean=4.18504e-05  nan=0
[outlier] v315  inc_tri=6  worst|M|=5.33333  pos=(0.562447,-0.0130628,-0.000348503)
[pd-step]     step 16  dof=1875  pd|Δx|_max=0.0048352  pd|Δx|_mean=0.00157895
[avbd-drive] step 17 wrote AVBD output to Particle.pos
[avbd-friction] step 17 applied 15 vert/primitive friction events
[avbd-step] step 17  dof=1875  iters=16  rc=0  wall=30190 us  |Δx|_max=0.00513648  |Δx|_mean=0.00167029  pred_max=0.00513709  drift_max=0.000163049  drift@v339.x  conv_max=0.000345461  conv_mean=4.42463e-05  nan=0
[outlier] v339  inc_tri=6  worst|M|=5.33333  pos=(0.374646,-0.0157651,0.18749)
[pd-step]     step 17  dof=1875  pd|Δx|_max=0.00513709  pd|Δx|_mean=0.00167028
[avbd-drive] step 18 wrote AVBD output to Particle.pos
[avbd-friction] step 18 applied 18 vert/primitive friction events
[avbd-step] step 18  dof=1875  iters=16  rc=0  wall=28289 us  |Δx|_max=0.00543831  |Δx|_mean=0.0017607  pred_max=0.00543895  drift_max=0.000192851  drift@v314.x  conv_max=0.000364725  conv_mean=4.66204e-05  nan=0
[outlier] v314  inc_tri=6  worst|M|=5.33333  pos=(0.374855,-0.0250306,-0.000141772)
[pd-step]     step 18  dof=1875  pd|Δx|_max=0.00543895  pd|Δx|_mean=0.0017605
[avbd-drive] step 19 wrote AVBD output to Particle.pos
[avbd-friction] step 19 applied 21 vert/primitive friction events
[avbd-step] step 19  dof=1875  iters=16  rc=0  wall=27745 us  |Δx|_max=0.00574009  |Δx|_mean=0.00185023  pred_max=0.00574077  drift_max=0.000198603  drift@v342.x  conv_max=0.000383869  conv_mean=4.89628e-05  nan=0
[outlier] v342  inc_tri=6  worst|M|=5.33333  pos=(0.937578,-0.0288762,0.187441)
[pd-step]     step 19  dof=1875  pd|Δx|_max=0.00574077  pd|Δx|_mean=0.00185007
[avbd-drive] step 20 wrote AVBD output to Particle.pos
[avbd-friction] step 20 applied 21 vert/primitive friction events
[avbd-step] step 20  dof=1875  iters=16  rc=0  wall=28107 us  |Δx|_max=0.00604185  |Δx|_mean=0.00194902  pred_max=0.00604256  drift_max=0.000248492  drift@v342.x  conv_max=0.000402901  conv_mean=5.15637e-05  nan=0
[outlier] v342  inc_tri=6  worst|M|=5.33333  pos=(0.937794,-0.0292254,0.187459)
[pd-step]     step 20  dof=1875  pd|Δx|_max=0.00604256  pd|Δx|_mean=0.0019471
[avbd-drive] step 21 wrote AVBD output to Particle.pos
[avbd-friction] step 21 applied 22 vert/primitive friction events
20..[avbd-step] step 21  dof=1875  iters=16  rc=0  wall=27966 us  |Δx|_max=0.00634357  |Δx|_mean=0.00204521  pred_max=0.00634432  drift_max=0.000289559  drift@v342.x  conv_max=0.000421807  conv_mean=5.40498e-05  nan=0
[outlier] v342  inc_tri=6  worst|M|=5.33333  pos=(0.938073,-0.0296129,0.187484)
[pd-step]     step 21  dof=1875  pd|Δx|_max=0.00634432  pd|Δx|_mean=0.00204261
[avbd-drive] step 22 wrote AVBD output to Particle.pos
[avbd-friction] step 22 applied 24 vert/primitive friction events
[avbd-step] step 22  dof=1875  iters=16  rc=0  wall=31050 us  |Δx|_max=0.00664525  |Δx|_mean=0.00213824  pred_max=0.00664604  drift_max=0.000277936  drift@v390.z  conv_max=0.000440605  conv_mean=5.64502e-05  nan=0
[outlier] v390  inc_tri=6  worst|M|=5.33333  pos=(0.562449,-0.0378121,0.562585)
[pd-step]     step 22  dof=1875  pd|Δx|_max=0.00664604  pd|Δx|_mean=0.00213491
[avbd-drive] step 23 wrote AVBD output to Particle.pos
[avbd-friction] step 23 applied 27 vert/primitive friction events
[avbd-step] step 23  dof=1875  iters=16  rc=0  wall=28547 us  |Δx|_max=0.00694689  |Δx|_mean=0.00222726  pred_max=0.00694772  drift_max=0.000313357  drift@v290.z  conv_max=0.000459269  conv_mean=5.87306e-05  nan=0
[outlier] v290  inc_tri=6  worst|M|=5.33333  pos=(0.562535,-0.0425327,-0.187596)
[pd-step]     step 23  dof=1875  pd|Δx|_max=0.00694772  pd|Δx|_mean=0.00222369
[avbd-drive] step 24 wrote AVBD output to Particle.pos
[avbd-friction] step 24 applied 31 vert/primitive friction events
[avbd-step] step 24  dof=1875  iters=16  rc=0  wall=26910 us  |Δx|_max=0.0072485  |Δx|_mean=0.00231126  pred_max=0.00724936  drift_max=0.000331983  drift@v338.x  conv_max=0.000477813  conv_mean=6.08735e-05  nan=0
[outlier] v338  inc_tri=6  worst|M|=5.33333  pos=(0.187528,-0.0475757,0.187521)
[pd-step]     step 24  dof=1875  pd|Δx|_max=0.00724936  pd|Δx|_mean=0.00230794
[avbd-drive] step 25 wrote AVBD output to Particle.pos
[avbd-friction] step 25 applied 34 vert/primitive friction events
[avbd-step] step 25  dof=1875  iters=16  rc=0  wall=26449 us  |Δx|_max=0.00755008  |Δx|_mean=0.00239905  pred_max=0.00755097  drift_max=0.000346452  drift@v363.x  conv_max=0.000496231  conv_mean=6.31315e-05  nan=0
[outlier] v363  inc_tri=6  worst|M|=5.33333  pos=(0.187521,-0.0530473,0.375076)
[pd-step]     step 25  dof=1875  pd|Δx|_max=0.00755097  pd|Δx|_mean=0.00239429
[avbd-drive] step 26 wrote AVBD output to Particle.pos
[avbd-friction] step 26 applied 36 vert/primitive friction events
[avbd-step] step 26  dof=1875  iters=16  rc=0  wall=27062 us  |Δx|_max=0.00785162  |Δx|_mean=0.00249115  pred_max=0.00785255  drift_max=0.000359237  drift@v392.z  conv_max=0.00051453  conv_mean=6.54815e-05  nan=0
[outlier] v392  inc_tri=6  worst|M|=5.33333  pos=(0.937336,-0.064295,0.562253)
[pd-step]     step 26  dof=1875  pd|Δx|_max=0.00785254  pd|Δx|_mean=0.00248459
[avbd-drive] step 27 wrote AVBD output to Particle.pos
[avbd-friction] step 27 applied 40 vert/primitive friction events
[avbd-step] step 27  dof=1875  iters=16  rc=0  wall=32622 us  |Δx|_max=0.00815312  |Δx|_mean=0.00257346  pred_max=0.00815409  drift_max=0.000410914  drift@v343.x  conv_max=0.000532702  conv_mean=6.75596e-05  nan=0
[outlier] v343  inc_tri=6  worst|M|=5.33333  pos=(1.12425,-0.0701478,0.187439)
[pd-step]     step 27  dof=1875  pd|Δx|_max=0.00815408  pd|Δx|_mean=0.00256786
[avbd-drive] step 28 wrote AVBD output to Particle.pos
[avbd-friction] step 28 applied 41 vert/primitive friction events
[avbd-step] step 28  dof=1875  iters=16  rc=0  wall=29740 us  |Δx|_max=0.00845458  |Δx|_mean=0.00266978  pred_max=0.00845559  drift_max=0.000474334  drift@v343.x  conv_max=0.000550717  conv_mean=7.00074e-05  nan=0
[outlier] v343  inc_tri=6  worst|M|=5.33333  pos=(1.12471,-0.0705489,0.18746)
[pd-step]     step 28  dof=1875  pd|Δx|_max=0.00845559  pd|Δx|_mean=0.00266064
[avbd-drive] step 29 wrote AVBD output to Particle.pos
[avbd-friction] step 29 applied 43 vert/primitive friction events
[avbd-step] step 29  dof=1875  iters=16  rc=0  wall=28917 us  |Δx|_max=0.00875598  |Δx|_mean=0.00276311  pred_max=0.00875704  drift_max=0.000525951  drift@v343.x  conv_max=0.000568613  conv_mean=7.22996e-05  nan=0
[outlier] v343  inc_tri=6  worst|M|=5.33333  pos=(1.12526,-0.0710285,0.187461)
[pd-step]     step 29  dof=1875  pd|Δx|_max=0.00875704  pd|Δx|_mean=0.00275181
[avbd-drive] step 30 wrote AVBD output to Particle.pos
[avbd-friction] step 30 applied 46 vert/primitive friction events
[avbd-step] step 30  dof=1875  iters=16  rc=0  wall=30613 us  |Δx|_max=0.00905736  |Δx|_mean=0.00285135  pred_max=0.00905845  drift_max=0.000554502  drift@v415.z  conv_max=0.000586331  conv_mean=7.44274e-05  nan=0
[outlier] v415  inc_tri=6  worst|M|=5.33333  pos=(0.562357,-0.0778104,0.750117)
[pd-step]     step 30  dof=1875  pd|Δx|_max=0.00905845  pd|Δx|_mean=0.00283934
[avbd-drive] step 31 wrote AVBD output to Particle.pos
[avbd-friction] step 31 applied 49 vert/primitive friction events
[avbd-step] step 31  dof=1875  iters=16  rc=0  wall=28529 us  |Δx|_max=0.00935869  |Δx|_mean=0.00293981  pred_max=0.00935982  drift_max=0.000588566  drift@v265.z  conv_max=0.000603944  conv_mean=7.65449e-05  nan=0
[outlier] v265  inc_tri=6  worst|M|=5.33333  pos=(0.56258,-0.084611,-0.375124)
[pd-step]     step 31  dof=1875  pd|Δx|_max=0.00935983  pd|Δx|_mean=0.00292604
[avbd-drive] step 32 wrote AVBD output to Particle.pos
[avbd-friction] step 32 applied 53 vert/primitive friction events
[avbd-step] step 32  dof=1875  iters=16  rc=0  wall=27918 us  |Δx|_max=0.00965996  |Δx|_mean=0.00302291  pred_max=0.00966115  drift_max=0.000611195  drift@v337.x  conv_max=0.000621378  conv_mean=7.84978e-05  nan=0
[outlier] v337  inc_tri=6  worst|M|=5.33333  pos=(0.000122703,-0.0916917,0.187676)
[pd-step]     step 32  dof=1875  pd|Δx|_max=0.00966116  pd|Δx|_mean=0.00300843
[avbd-drive] step 33 wrote AVBD output to Particle.pos
[avbd-friction] step 33 applied 58 vert/primitive friction events
[avbd-step] step 33  dof=1875  iters=16  rc=0  wall=29815 us  |Δx|_max=0.00996117  |Δx|_mean=0.00309998  pred_max=0.00996242  drift_max=0.000618705  drift@v362.x  conv_max=0.000638619  conv_mean=8.02717e-05  nan=0
[outlier] v362  inc_tri=6  worst|M|=5.33333  pos=(0.000376639,-0.0989946,0.374982)
[pd-step]     step 33  dof=1875  pd|Δx|_max=0.00996243  pd|Δx|_mean=0.00308532
[avbd-drive] step 34 wrote AVBD output to Particle.pos
[avbd-friction] step 34 applied 63 vert/primitive friction events
[avbd-step] step 34  dof=1875  iters=16  rc=0  wall=35494 us  |Δx|_max=0.0102623  |Δx|_mean=0.00317599  pred_max=0.0102636  drift_max=0.000709102  drift@v262.y  conv_max=0.000655696  conv_mean=8.20168e-05  nan=0
[outlier] v262  inc_tri=6  worst|M|=5.33333  pos=(0.00483279,-0.166284,-0.370292)
[pd-step]     step 34  dof=1875  pd|Δx|_max=0.0102636  pd|Δx|_mean=0.00316042
[avbd-drive] step 35 wrote AVBD output to Particle.pos
[avbd-friction] step 35 applied 66 vert/primitive friction events
[avbd-step] step 35  dof=1875  iters=16  rc=0  wall=30389 us  |Δx|_max=0.0105634  |Δx|_mean=0.0032634  pred_max=0.0105648  drift_max=0.000620127  drift@v238.y  conv_max=0.000672594  conv_mean=8.40473e-05  nan=0
[outlier] v238  inc_tri=6  worst|M|=5.33333  pos=(0.191014,-0.176005,-0.556657)
[pd-step]     step 35  dof=1875  pd|Δx|_max=0.0105648  pd|Δx|_mean=0.00324392
[avbd-drive] step 36 wrote AVBD output to Particle.pos
[avbd-friction] step 36 applied 68 vert/primitive friction events
[avbd-step] step 36  dof=1875  iters=16  rc=0  wall=29075 us  |Δx|_max=0.0108644  |Δx|_mean=0.00335822  pred_max=0.0108659  drift_max=0.000720963  drift@v286.y  conv_max=0.000689298  conv_mean=8.618e-05  nan=0
[outlier] v286  inc_tri=6  worst|M|=5.33333  pos=(-0.180689,-0.185102,-0.183782)
[pd-step]     step 36  dof=1875  pd|Δx|_max=0.0108659  pd|Δx|_mean=0.00333443
[avbd-drive] step 37 wrote AVBD output to Particle.pos
[avbd-friction] step 37 applied 69 vert/primitive friction events
[avbd-step] step 37  dof=1875  iters=16  rc=0  wall=29425 us  |Δx|_max=0.0111654  |Δx|_mean=0.00346042  pred_max=0.0111669  drift_max=0.000947669  drift@v419.y  conv_max=0.000705779  conv_mean=8.84381e-05  nan=0
[outlier] v419  inc_tri=6  worst|M|=5.33333  pos=(1.30518,-0.196065,0.744174)
[pd-step]     step 37  dof=1875  pd|Δx|_max=0.0111669  pd|Δx|_mean=0.00343175
[avbd-drive] step 38 wrote AVBD output to Particle.pos
[avbd-friction] step 38 applied 72 vert/primitive friction events
[avbd-step] step 38  dof=1875  iters=16  rc=0  wall=29253 us  |Δx|_max=0.0114662  |Δx|_mean=0.00355143  pred_max=0.0114678  drift_max=0.000787795  drift@v240.z  conv_max=0.000722036  conv_mean=9.03546e-05  nan=0
[outlier] v240  inc_tri=6  worst|M|=5.33333  pos=(0.562859,-0.147116,-0.559463)
[pd-step]     step 38  dof=1875  pd|Δx|_max=0.0114678  pd|Δx|_mean=0.00352126
[avbd-drive] step 39 wrote AVBD output to Particle.pos
[avbd-friction] step 39 applied 78 vert/primitive friction events
[avbd-step] step 39  dof=1875  iters=16  rc=0  wall=34354 us  |Δx|_max=0.0117669  |Δx|_mean=0.00362362  pred_max=0.0117686  drift_max=0.000934809  drift@v237.y  conv_max=0.00073804  conv_mean=9.17953e-05  nan=0
[outlier] v237  inc_tri=6  worst|M|=5.33333  pos=(0.00644741,-0.219234,-0.554818)
[pd-step]     step 39  dof=1875  pd|Δx|_max=0.0117686  pd|Δx|_mean=0.00359391
[avbd-drive] step 40 wrote AVBD output to Particle.pos
[avbd-friction] step 40 applied 82 vert/primitive friction events
[avbd-step] step 40  dof=1875  iters=16  rc=0  wall=29648 us  |Δx|_max=0.0120674  |Δx|_mean=0.00370753  pred_max=0.0120693  drift_max=0.00118658  drift@v237.y  conv_max=0.00075379  conv_mean=9.35351e-05  nan=0
[outlier] v237  inc_tri=6  worst|M|=5.33333  pos=(0.0075353,-0.228546,-0.553625)
[pd-step]     step 40  dof=1875  pd|Δx|_max=0.0120693  pd|Δx|_mean=0.00367399
[avbd-drive] step 41 wrote AVBD output to Particle.pos
[avbd-friction] step 41 applied 89 vert/primitive friction events
40..[avbd-step] step 41  dof=1875  iters=16  rc=0  wall=27989 us  |Δx|_max=0.0123678  |Δx|_mean=0.00377232  pred_max=0.0123699  drift_max=0.000984833  drift@v467.y  conv_max=0.000769287  conv_mean=9.48042e-05  nan=0
[outlier] v467  inc_tri=6  worst|M|=5.33333  pos=(0.932684,-0.237349,1.11308)
[pd-step]     step 41  dof=1875  pd|Δx|_max=0.0123699  pd|Δx|_mean=0.00374006
[avbd-drive] step 42 wrote AVBD output to Particle.pos
[avbd-friction] step 42 applied 91 vert/primitive friction events
[avbd-step] step 42  dof=1875  iters=16  rc=0  wall=29793 us  |Δx|_max=0.012668  |Δx|_mean=0.00386291  pred_max=0.0126703  drift_max=0.00127691  drift@v444.y  conv_max=0.000784487  conv_mean=9.67517e-05  nan=0
[outlier] v444  inc_tri=6  worst|M|=5.33333  pos=(1.30202,-0.252888,0.927435)
[pd-step]     step 42  dof=1875  pd|Δx|_max=0.0126703  pd|Δx|_mean=0.00382315
[avbd-drive] step 43 wrote AVBD output to Particle.pos
[avbd-friction] step 43 applied 94 vert/primitive friction events
[avbd-step] step 43  dof=1875  iters=16  rc=0  wall=29321 us  |Δx|_max=0.0129681  |Δx|_mean=0.00395503  pred_max=0.0129705  drift_max=0.00111651  drift@v213.y  conv_max=0.000799328  conv_mean=9.86069e-05  nan=0
[outlier] v213  inc_tri=6  worst|M|=5.33333  pos=(0.193409,-0.260174,-0.737133)
[pd-step]     step 43  dof=1875  pd|Δx|_max=0.0129705  pd|Δx|_mean=0.00391073
[avbd-drive] step 44 wrote AVBD output to Particle.pos
[avbd-friction] step 44 applied 98 vert/primitive friction events
[avbd-step] step 44  dof=1875  iters=16  rc=0  wall=29863 us  |Δx|_max=0.0132678  |Δx|_mean=0.00404026  pred_max=0.0132705  drift_max=0.00124305  drift@v236.y  conv_max=0.000813901  conv_mean=0.000100235  nan=0
[outlier] v236  inc_tri=6  worst|M|=5.33333  pos=(-0.17669,-0.279198,-0.551909)
[pd-step]     step 44  dof=1875  pd|Δx|_max=0.0132705  pd|Δx|_mean=0.00399464
[avbd-drive] step 45 wrote AVBD output to Particle.pos
[avbd-friction] step 45 applied 100 vert/primitive friction events
[avbd-step] step 45  dof=1875  iters=16  rc=0  wall=31002 us  |Δx|_max=0.0135674  |Δx|_mean=0.00413163  pred_max=0.0135703  drift_max=0.00158036  drift@v236.y  conv_max=0.000828028  conv_mean=0.000101999  nan=0
[outlier] v236  inc_tri=6  worst|M|=5.33333  pos=(-0.175419,-0.289186,-0.550606)
[pd-step]     step 45  dof=1875  pd|Δx|_max=0.0135703  pd|Δx|_mean=0.00408239
[avbd-drive] step 46 wrote AVBD output to Particle.pos
[avbd-friction] step 46 applied 105 vert/primitive friction events
[avbd-step] step 46  dof=1875  iters=16  rc=0  wall=29594 us  |Δx|_max=0.0138665  |Δx|_mean=0.00420116  pred_max=0.0138698  drift_max=0.00137752  drift@v212.y  conv_max=0.000841886  conv_mean=0.000103101  nan=0
[outlier] v212  inc_tri=6  worst|M|=5.33333  pos=(0.00982988,-0.301248,-0.735145)
[pd-step]     step 46  dof=1875  pd|Δx|_max=0.0138698  pd|Δx|_mean=0.00415304
[avbd-drive] step 47 wrote AVBD output to Particle.pos
[avbd-friction] step 47 applied 104 vert/primitive friction events
[avbd-step] step 47  dof=1875  iters=16  rc=0  wall=34682 us  |Δx|_max=0.0141654  |Δx|_mean=0.00429953  pred_max=0.014169  drift_max=0.00152013  drift@v212.y  conv_max=0.000855237  conv_mean=0.000104945  nan=0
[outlier] v212  inc_tri=6  worst|M|=5.33333  pos=(0.0109889,-0.310252,-0.733391)
[pd-step]     step 47  dof=1875  pd|Δx|_max=0.014169  pd|Δx|_mean=0.00424396
[avbd-drive] step 48 wrote AVBD output to Particle.pos
[avbd-friction] step 48 applied 110 vert/primitive friction events
[avbd-step] step 48  dof=1875  iters=16  rc=0  wall=36636 us  |Δx|_max=0.0144638  |Δx|_mean=0.00437247  pred_max=0.0144678  drift_max=0.00159448  drift@v445.y  conv_max=0.000868201  conv_mean=0.0001061  nan=0
[outlier] v445  inc_tri=6  worst|M|=5.33333  pos=(1.48073,-0.327606,0.922531)
[pd-step]     step 48  dof=1875  pd|Δx|_max=0.0144678  pd|Δx|_mean=0.00431844
[avbd-drive] step 49 wrote AVBD output to Particle.pos
[avbd-friction] step 49 applied 116 vert/primitive friction events
[avbd-step] step 49  dof=1875  iters=16  rc=0  wall=31614 us  |Δx|_max=0.0147618  |Δx|_mean=0.0044547  pred_max=0.0147663  drift_max=0.001645  drift@v469.y  conv_max=0.000880629  conv_mean=0.000107507  nan=0
[outlier] v469  inc_tri=6  worst|M|=5.33333  pos=(1.29576,-0.336895,1.10535)
[pd-step]     step 49  dof=1875  pd|Δx|_max=0.0147663  pd|Δx|_mean=0.00439662
[avbd-drive] step 50 wrote AVBD output to Particle.pos
[avbd-friction] step 50 applied 120 vert/primitive friction events
[avbd-step] step 50  dof=1875  iters=16  rc=0  wall=27540 us  |Δx|_max=0.0150594  |Δx|_mean=0.00452846  pred_max=0.0150643  drift_max=0.00166404  drift@v211.y  conv_max=0.000892669  conv_mean=0.000108641  nan=0
[outlier] v211  inc_tri=6  worst|M|=5.33333  pos=(-0.172759,-0.357798,-0.732096)
[pd-step]     step 50  dof=1875  pd|Δx|_max=0.0150643  pd|Δx|_mean=0.00446809
[avbd-drive] step 51 wrote AVBD output to Particle.pos
[avbd-friction] step 51 applied 121 vert/primitive friction events
[avbd-step] step 51  dof=1875  iters=16  rc=0  wall=34338 us  |Δx|_max=0.0153563  |Δx|_mean=0.00461566  pred_max=0.0153618  drift_max=0.00191057  drift@v211.y  conv_max=0.000904202  conv_mean=0.000110022  nan=0
[outlier] v211  inc_tri=6  worst|M|=5.33333  pos=(-0.171463,-0.367577,-0.730442)
[pd-step]     step 51  dof=1875  pd|Δx|_max=0.0153618  pd|Δx|_mean=0.00454934
[avbd-drive] step 52 wrote AVBD output to Particle.pos
[avbd-friction] step 52 applied 122 vert/primitive friction events
[avbd-step] step 52  dof=1875  iters=16  rc=0  wall=29498 us  |Δx|_max=0.0156527  |Δx|_mean=0.00469331  pred_max=0.0156588  drift_max=0.0019035  drift@v235.y  conv_max=0.00091517  conv_mean=0.000111122  nan=0
[outlier] v235  inc_tri=6  worst|M|=5.33333  pos=(-0.354372,-0.376121,-0.545418)
[pd-step]     step 52  dof=1875  pd|Δx|_max=0.0156588  pd|Δx|_mean=0.00462758
[avbd-drive] step 53 wrote AVBD output to Particle.pos
[avbd-friction] step 53 applied 128 vert/primitive friction events
[avbd-step] step 53  dof=1875  iters=16  rc=0  wall=31702 us  |Δx|_max=0.0159484  |Δx|_mean=0.00476921  pred_max=0.0159552  drift_max=0.00196531  drift@v470.y  conv_max=0.00092566  conv_mean=0.0001123  nan=0
[outlier] v470  inc_tri=6  worst|M|=5.33333  pos=(1.47527,-0.40075,1.1008)
[pd-step]     step 53  dof=1875  pd|Δx|_max=0.0159552  pd|Δx|_mean=0.00470314
[avbd-drive] step 54 wrote AVBD output to Particle.pos
[avbd-friction] step 54 applied 129 vert/primitive friction events
[avbd-step] step 54  dof=1875  iters=16  rc=0  wall=28686 us  |Δx|_max=0.0162435  |Δx|_mean=0.00484248  pred_max=0.0162509  drift_max=0.00221279  drift@v470.y  conv_max=0.000935495  conv_mean=0.000113354  nan=0
[outlier] v470  inc_tri=6  worst|M|=5.33333  pos=(1.47308,-0.410326,1.09849)
[pd-step]     step 54  dof=1875  pd|Δx|_max=0.0162509  pd|Δx|_mean=0.00477536
[avbd-drive] step 55 wrote AVBD output to Particle.pos
[avbd-friction] step 55 applied 121 vert/primitive friction events
[avbd-step] step 55  dof=1875  iters=16  rc=0  wall=27274 us  |Δx|_max=0.0165377  |Δx|_mean=0.00494184  pred_max=0.0165459  drift_max=0.00191823  drift@v446.y  conv_max=0.000944823  conv_mean=0.000115087  nan=0
[outlier] v446  inc_tri=6  worst|M|=5.33333  pos=(1.65209,-0.425509,0.913473)
[pd-step]     step 55  dof=1875  pd|Δx|_max=0.0165459  pd|Δx|_mean=0.00487126
[avbd-drive] step 56 wrote AVBD output to Particle.pos
[avbd-friction] step 56 applied 133 vert/primitive friction events
[avbd-step] step 56  dof=1875  iters=16  rc=0  wall=30442 us  |Δx|_max=0.0168311  |Δx|_mean=0.00497297  pred_max=0.0168402  drift_max=0.00204235  drift@v210.y  conv_max=0.000953466  conv_mean=0.000115263  nan=0
[outlier] v210  inc_tri=6  worst|M|=5.33333  pos=(-0.35162,-0.444358,-0.726055)
[pd-step]     step 56  dof=1875  pd|Δx|_max=0.0168402  pd|Δx|_mean=0.0049123
[avbd-drive] step 57 wrote AVBD output to Particle.pos
[avbd-friction] step 57 applied 133 vert/primitive friction events
[avbd-step] step 57  dof=1875  iters=16  rc=0  wall=30360 us  |Δx|_max=0.0171237  |Δx|_mean=0.00505458  pred_max=0.0171336  drift_max=0.00219968  drift@v210.y  conv_max=0.000961572  conv_mean=0.000116696  nan=0
[outlier] v210  inc_tri=6  worst|M|=5.33333  pos=(-0.350156,-0.453626,-0.724525)
[pd-step]     step 57  dof=1875  pd|Δx|_max=0.0171336  pd|Δx|_mean=0.00498533
[avbd-drive] step 58 wrote AVBD output to Particle.pos
[avbd-friction] step 58 applied 133 vert/primitive friction events
[avbd-step] step 58  dof=1875  iters=16  rc=0  wall=30607 us  |Δx|_max=0.0174154  |Δx|_mean=0.0051244  pred_max=0.0174262  drift_max=0.00218004  drift@v210.y  conv_max=0.000969112  conv_mean=0.00011776  nan=0
[outlier] v210  inc_tri=6  worst|M|=5.33333  pos=(-0.348948,-0.460997,-0.72327)
[pd-step]     step 58  dof=1875  pd|Δx|_max=0.0174261  pd|Δx|_mean=0.00505611
[avbd-drive] step 59 wrote AVBD output to Particle.pos
[avbd-friction] step 59 applied 137 vert/primitive friction events
[avbd-step] step 59  dof=1875  iters=16  rc=0  wall=33809 us  |Δx|_max=0.0177061  |Δx|_mean=0.00517633  pred_max=0.0177178  drift_max=0.00229383  drift@v471.y  conv_max=0.000976205  conv_mean=0.000118373  nan=0
[outlier] v471  inc_tri=6  worst|M|=5.33333  pos=(1.64594,-0.494877,1.08844)
[pd-step]     step 59  dof=1875  pd|Δx|_max=0.0177178  pd|Δx|_mean=0.00510974
[avbd-drive] step 60 wrote AVBD output to Particle.pos
[avbd-friction] step 60 applied 139 vert/primitive friction events
[avbd-step] step 60  dof=1875  iters=16  rc=0  wall=33730 us  |Δx|_max=0.0180628  |Δx|_mean=0.00525127  pred_max=0.0180086  drift_max=0.00239217  drift@v471.y  conv_max=0.000983953  conv_mean=0.000119552  nan=0
[outlier] v471  inc_tri=6  worst|M|=5.33333  pos=(1.64282,-0.504485,1.08551)
[pd-step]     step 60  dof=1875  pd|Δx|_max=0.0180086  pd|Δx|_mean=0.00517868
[avbd-drive] step 61 wrote AVBD output to Particle.pos
[avbd-friction] step 61 applied 146 vert/primitive friction events
60..[avbd-step] step 61  dof=1875  iters=16  rc=0  wall=34445 us  |Δx|_max=0.018812  |Δx|_mean=0.00528353  pred_max=0.0183653  drift_max=0.00186074  drift@v447.y  conv_max=0.000991166  conv_mean=0.00011981  nan=0
[outlier] v447  inc_tri=6  worst|M|=5.33333  pos=(1.81796,-0.527888,0.900569)
[pd-step]     step 61  dof=1875  pd|Δx|_max=0.0183653  pd|Δx|_mean=0.0052161
[avbd-drive] step 62 wrote AVBD output to Particle.pos
[avbd-friction] step 62 applied 150 vert/primitive friction events
[avbd-step] step 62  dof=1875  iters=16  rc=0  wall=32323 us  |Δx|_max=0.0197024  |Δx|_mean=0.00533663  pred_max=0.0191145  drift_max=0.00205117  drift@v185.y  conv_max=0.00099808  conv_mean=0.000120703  nan=0
[outlier] v185  inc_tri=6  worst|M|=5.33333  pos=(-0.345484,-0.540788,-0.900827)
[pd-step]     step 62  dof=1875  pd|Δx|_max=0.0191145  pd|Δx|_mean=0.00526466
[avbd-drive] step 63 wrote AVBD output to Particle.pos
[avbd-friction] step 63 applied 156 vert/primitive friction events
[avbd-step] step 63  dof=1875  iters=16  rc=0  wall=27486 us  |Δx|_max=0.0204384  |Δx|_mean=0.00536367  pred_max=0.0200049  drift_max=0.00218987  drift@v209.y  conv_max=0.0010047  conv_mean=0.000120814  nan=0
[outlier] v209  inc_tri=6  worst|M|=5.33333  pos=(-0.525877,-0.550708,-0.718002)
[pd-step]     step 63  dof=1875  pd|Δx|_max=0.0200049  pd|Δx|_mean=0.00529507
[avbd-drive] step 64 wrote AVBD output to Particle.pos
[avbd-friction] step 64 applied 159 vert/primitive friction events
[avbd-step] step 64  dof=1875  iters=16  rc=0  wall=30277 us  |Δx|_max=0.0208787  |Δx|_mean=0.00542156  pred_max=0.0207409  drift_max=0.00256693  drift@v496.y  conv_max=0.00101107  conv_mean=0.000121619  nan=0
[outlier] v496  inc_tri=6  worst|M|=5.33333  pos=(1.63712,-0.583829,1.2562)
[pd-step]     step 64  dof=1875  pd|Δx|_max=0.0207409  pd|Δx|_mean=0.00534687
[avbd-drive] step 65 wrote AVBD output to Particle.pos
[avbd-friction] step 65 applied 158 vert/primitive friction events
[avbd-step] step 65  dof=1875  iters=16  rc=0  wall=30853 us  |Δx|_max=0.0210024  |Δx|_mean=0.00547254  pred_max=0.0211812  drift_max=0.00313139  drift@v324.x  conv_max=0.00101727  conv_mean=0.000122209  nan=0
[outlier] v324  inc_tri=3  worst|M|=5.33333  pos=(2.14416,-0.626007,0.010688)
[pd-step]     step 65  dof=1875  pd|Δx|_max=0.0211811  pd|Δx|_mean=0.0054028
[avbd-drive] step 66 wrote AVBD output to Particle.pos
[avbd-friction] step 66 applied 163 vert/primitive friction events
[avbd-step] step 66  dof=1875  iters=16  rc=0  wall=36842 us  |Δx|_max=0.0214046  |Δx|_mean=0.00550644  pred_max=0.0213048  drift_max=0.00422907  drift@v324.x  conv_max=0.00102311  conv_mean=0.000122406  nan=0
[outlier] v324  inc_tri=3  worst|M|=5.33333  pos=(2.1329,-0.647009,0.0113184)
[pd-step]     step 66  dof=1875  pd|Δx|_max=0.0213048  pd|Δx|_mean=0.00543425
[avbd-drive] step 67 wrote AVBD output to Particle.pos
[avbd-friction] step 67 applied 164 vert/primitive friction events
[avbd-step] step 67  dof=1875  iters=16  rc=0  wall=27982 us  |Δx|_max=0.02259  |Δx|_mean=0.00552608  pred_max=0.0217071  drift_max=0.00296676  drift@v349.y  conv_max=0.00102884  conv_mean=0.000122301  nan=0
[outlier] v349  inc_tri=3  worst|M|=5.33333  pos=(2.13654,-0.637746,0.181568)
[pd-step]     step 67  dof=1875  pd|Δx|_max=0.021707  pd|Δx|_mean=0.00545314
[avbd-drive] step 68 wrote AVBD output to Particle.pos
[avbd-friction] step 68 applied 172 vert/primitive friction events
[avbd-step] step 68  dof=1875  iters=16  rc=0  wall=26951 us  |Δx|_max=0.0230988  |Δx|_mean=0.00555695  pred_max=0.0228925  drift_max=0.00300241  drift@v274.x  conv_max=0.00103456  conv_mean=0.000122682  nan=0
[outlier] v274  inc_tri=3  worst|M|=5.33333  pos=(2.13884,-0.683642,-0.327383)
[pd-step]     step 68  dof=1875  pd|Δx|_max=0.0228925  pd|Δx|_mean=0.00548419
[avbd-drive] step 69 wrote AVBD output to Particle.pos
[avbd-friction] step 69 applied 174 vert/primitive friction events
[avbd-step] step 69  dof=1875  iters=16  rc=0  wall=29344 us  |Δx|_max=0.0227714  |Δx|_mean=0.00560208  pred_max=0.0234013  drift_max=0.00425053  drift@v274.x  conv_max=0.00104022  conv_mean=0.000123301  nan=0
[outlier] v274  inc_tri=3  worst|M|=5.33333  pos=(2.1279,-0.706741,-0.324124)
[pd-step]     step 69  dof=1875  pd|Δx|_max=0.0234013  pd|Δx|_mean=0.00552272
[avbd-drive] step 70 wrote AVBD output to Particle.pos
[avbd-friction] step 70 applied 180 vert/primitive friction events
[avbd-selfcoll] step 70 resolved 6  detect=11283 us  resolve=15 us  path=gpu
[avbd-step] step 70  dof=1875  iters=16  rc=0  wall=30863 us  |Δx|_max=0.0229093  |Δx|_mean=0.00563713  pred_max=0.0230739  drift_max=0.00455046  drift@v274.x  conv_max=0.00104582  conv_mean=0.000123143  nan=0
[outlier] v274  inc_tri=3  worst|M|=5.33333  pos=(2.1127,-0.729512,-0.320563)
[pd-step]     step 70  dof=1875  pd|Δx|_max=0.0230738  pd|Δx|_mean=0.00555819
[avbd-drive] step 71 wrote AVBD output to Particle.pos
[avbd-friction] step 71 applied 184 vert/primitive friction events
[avbd-selfcoll] step 71 resolved 6  detect=12405 us  resolve=17 us  path=gpu
[avbd-step] step 71  dof=1875  iters=16  rc=0  wall=32720 us  |Δx|_max=0.0245876  |Δx|_mean=0.00560849  pred_max=0.0232118  drift_max=0.00397968  drift@v274.x  conv_max=0.00105178  conv_mean=0.000121646  nan=0
[outlier] v274  inc_tri=3  worst|M|=5.33333  pos=(2.09295,-0.751024,-0.316361)
[pd-step]     step 71  dof=1875  pd|Δx|_max=0.0232118  pd|Δx|_mean=0.00553295
[avbd-drive] step 72 wrote AVBD output to Particle.pos
[avbd-friction] step 72 applied 188 vert/primitive friction events
[avbd-selfcoll] step 72 resolved 6  detect=15684 us  resolve=15 us  path=gpu
[avbd-step] step 72  dof=1875  iters=16  rc=0  wall=31435 us  |Δx|_max=0.0269724  |Δx|_mean=0.00563902  pred_max=0.0248901  drift_max=0.00391227  drift@v299.y  conv_max=0.00105762  conv_mean=0.0001224  nan=0
[outlier] v299  inc_tri=3  worst|M|=5.33333  pos=(2.11948,-0.687904,-0.15339)
[pd-step]     step 72  dof=1875  pd|Δx|_max=0.0248901  pd|Δx|_mean=0.0055551
[avbd-drive] step 73 wrote AVBD output to Particle.pos
[avbd-friction] step 73 applied 194 vert/primitive friction events
[avbd-selfcoll] step 73 resolved 3  detect=10728 us  resolve=13 us  path=gpu
[avbd-step] step 73  dof=1875  iters=16  rc=0  wall=30482 us  |Δx|_max=0.029853  |Δx|_mean=0.00566796  pred_max=0.0272749  drift_max=0.00436091  drift@v299.y  conv_max=0.00106418  conv_mean=0.000122902  nan=0
[outlier] v299  inc_tri=3  worst|M|=5.33333  pos=(2.12027,-0.686372,-0.153629)
[pd-step]     step 73  dof=1875  pd|Δx|_max=0.0272749  pd|Δx|_mean=0.00557695
[avbd-drive] step 74 wrote AVBD output to Particle.pos
[avbd-friction] step 74 applied 199 vert/primitive friction events
[avbd-step] step 74  dof=1875  iters=16  rc=0  wall=29451 us  |Δx|_max=0.0321167  |Δx|_mean=0.00570072  pred_max=0.0301555  drift_max=0.00454259  drift@v299.y  conv_max=0.00107121  conv_mean=0.000122635  nan=0
[outlier] v299  inc_tri=3  worst|M|=5.33333  pos=(2.1243,-0.680782,-0.15468)
[pd-step]     step 74  dof=1875  pd|Δx|_max=0.0301555  pd|Δx|_mean=0.00559871
[avbd-drive] step 75 wrote AVBD output to Particle.pos
[avbd-friction] step 75 applied 203 vert/primitive friction events
[avbd-step] step 75  dof=1875  iters=16  rc=0  wall=28104 us  |Δx|_max=0.0321488  |Δx|_mean=0.0057267  pred_max=0.0324192  drift_max=0.00435746  drift@v374.y  conv_max=0.00107878  conv_mean=0.000121949  nan=0
[outlier] v374  inc_tri=3  worst|M|=5.33333  pos=(2.14598,-0.625764,0.346421)
[pd-step]     step 75  dof=1875  pd|Δx|_max=0.0324192  pd|Δx|_mean=0.00562429
[avbd-drive] step 76 wrote AVBD output to Particle.pos
[avbd-friction] step 76 applied 213 vert/primitive friction events
[avbd-step] step 76  dof=1875  iters=16  rc=0  wall=31599 us  |Δx|_max=0.0295564  |Δx|_mean=0.00573532  pred_max=0.0324513  drift_max=0.0050368  drift@v399.z  conv_max=0.00108689  conv_mean=0.000121157  nan=0
[outlier] v399  inc_tri=3  worst|M|=5.33333  pos=(2.11266,-0.686415,0.499871)
[pd-step]     step 76  dof=1875  pd|Δx|_max=0.0324513  pd|Δx|_mean=0.00563921
[avbd-drive] step 77 wrote AVBD output to Particle.pos
[avbd-friction] step 77 applied 211 vert/primitive friction events
[avbd-step] step 77  dof=1875  iters=16  rc=0  wall=28845 us  |Δx|_max=0.0280522  |Δx|_mean=0.00575337  pred_max=0.0298589  drift_max=0.00513947  drift@v399.z  conv_max=0.00109631  conv_mean=0.000120704  nan=0
[outlier] v399  inc_tri=3  worst|M|=5.33333  pos=(2.11221,-0.685492,0.493849)
[pd-step]     step 77  dof=1875  pd|Δx|_max=0.0298589  pd|Δx|_mean=0.00565828
[avbd-drive] step 78 wrote AVBD output to Particle.pos
[avbd-friction] step 78 applied 218 vert/primitive friction events
[avbd-step] step 78  dof=1875  iters=16  rc=0  wall=27537 us  |Δx|_max=0.027598  |Δx|_mean=0.0056975  pred_max=0.0283547  drift_max=0.00510907  drift@v615.z  conv_max=0.00110608  conv_mean=0.000119106  nan=0
[outlier] v615  inc_tri=3  worst|M|=5.33333  pos=(0.554052,-0.838521,2.06609)
[pd-step]     step 78  dof=1875  pd|Δx|_max=0.0283547  pd|Δx|_mean=0.00560549
[avbd-drive] step 79 wrote AVBD output to Particle.pos
[avbd-friction] step 79 applied 218 vert/primitive friction events
[avbd-step] step 79  dof=1875  iters=16  rc=0  wall=28210 us  |Δx|_max=0.0274191  |Δx|_mean=0.00573451  pred_max=0.0279005  drift_max=0.00456977  drift@v374.y  conv_max=0.00111794  conv_mean=0.000119192  nan=0
[outlier] v374  inc_tri=3  worst|M|=5.33333  pos=(2.18241,-0.556107,0.347706)
[pd-step]     step 79  dof=1875  pd|Δx|_max=0.0279004  pd|Δx|_mean=0.00563235
[avbd-drive] step 80 wrote AVBD output to Particle.pos
[avbd-friction] step 80 applied 226 vert/primitive friction events
[avbd-step] step 80  dof=1875  iters=16  rc=0  wall=27552 us  |Δx|_max=0.0283022  |Δx|_mean=0.00571957  pred_max=0.0277216  drift_max=0.0041343  drift@v523.y  conv_max=0.0011307  conv_mean=0.000117738  nan=0
[outlier] v523  inc_tri=6  worst|M|=5.33333  pos=(1.93895,-0.923498,1.33131)
[pd-step]     step 80  dof=1875  pd|Δx|_max=0.0277216  pd|Δx|_mean=0.00562285
[avbd-drive] step 81 wrote AVBD output to Particle.pos
[avbd-friction] step 81 applied 231 vert/primitive friction events
80..[avbd-step] step 81  dof=1875  iters=16  rc=0  wall=31622 us  |Δx|_max=0.0304145  |Δx|_mean=0.0057064  pred_max=0.0286046  drift_max=0.0038262  drift@v499.y  conv_max=0.00114459  conv_mean=0.000117189  nan=0
[outlier] v499  inc_tri=3  worst|M|=5.33333  pos=(2.093,-0.943968,1.1246)
[pd-step]     step 81  dof=1875  pd|Δx|_max=0.0286047  pd|Δx|_mean=0.00561066
[avbd-drive] step 82 wrote AVBD output to Particle.pos
[avbd-friction] step 82 applied 237 vert/primitive friction events
[avbd-step] step 82  dof=1875  iters=16  rc=0  wall=29022 us  |Δx|_max=0.0323007  |Δx|_mean=0.00563663  pred_max=0.0307169  drift_max=0.00609547  drift@v615.y  conv_max=0.00116122  conv_mean=0.000115414  nan=0
[outlier] v615  inc_tri=3  worst|M|=5.33333  pos=(0.550047,-0.942445,2.04669)
[pd-step]     step 82  dof=1875  pd|Δx|_max=0.0307169  pd|Δx|_mean=0.0055381
[avbd-drive] step 83 wrote AVBD output to Particle.pos
[avbd-friction] step 83 applied 241 vert/primitive friction events
[avbd-step] step 83  dof=1875  iters=16  rc=0  wall=30143 us  |Δx|_max=0.033203  |Δx|_mean=0.00563625  pred_max=0.0326031  drift_max=0.0079996  drift@v615.y  conv_max=0.00118083  conv_mean=0.000114567  nan=0
[outlier] v615  inc_tri=3  worst|M|=5.33333  pos=(0.552137,-0.964164,2.03919)
[pd-step]     step 83  dof=1875  pd|Δx|_max=0.0326032  pd|Δx|_mean=0.0055304
[avbd-drive] step 84 wrote AVBD output to Particle.pos
[avbd-friction] step 84 applied 248 vert/primitive friction events
[avbd-step] step 84  dof=1875  iters=16  rc=0  wall=29411 us  |Δx|_max=0.032871  |Δx|_mean=0.0056065  pred_max=0.0335054  drift_max=0.00798631  drift@v615.y  conv_max=0.0012005  conv_mean=0.000113137  nan=0
[outlier] v615  inc_tri=3  worst|M|=5.33333  pos=(0.554748,-0.978185,2.03187)
[pd-step]     step 84  dof=1875  pd|Δx|_max=0.0335055  pd|Δx|_mean=0.00550159
[avbd-drive] step 85 wrote AVBD output to Particle.pos
[avbd-friction] step 85 applied 253 vert/primitive friction events
[avbd-step] step 85  dof=1875  iters=16  rc=0  wall=28847 us  |Δx|_max=0.031999  |Δx|_mean=0.00559104  pred_max=0.0331734  drift_max=0.00725961  drift@v615.y  conv_max=0.00122333  conv_mean=0.000112016  nan=0
[outlier] v615  inc_tri=3  worst|M|=5.33333  pos=(0.556783,-0.984523,2.02691)
[pd-step]     step 85  dof=1875  pd|Δx|_max=0.0331735  pd|Δx|_mean=0.00548495
[avbd-drive] step 86 wrote AVBD output to Particle.pos
[avbd-friction] step 86 applied 258 vert/primitive friction events
[avbd-step] step 86  dof=1875  iters=16  rc=0  wall=27025 us  |Δx|_max=0.0319626  |Δx|_mean=0.00556176  pred_max=0.0323014  drift_max=0.00614232  drift@v615.y  conv_max=0.00124693  conv_mean=0.000110244  nan=0
[outlier] v615  inc_tri=3  worst|M|=5.33333  pos=(0.557599,-0.983903,2.02648)
[pd-step]     step 86  dof=1875  pd|Δx|_max=0.0323015  pd|Δx|_mean=0.00543089
[avbd-drive] step 87 wrote AVBD output to Particle.pos
[avbd-friction] step 87 applied 262 vert/primitive friction events
[avbd-step] step 87  dof=1875  iters=16  rc=0  wall=27497 us  |Δx|_max=0.0325923  |Δx|_mean=0.00556936  pred_max=0.0322651  drift_max=0.00510883  drift@v613.y  conv_max=0.00127852  conv_mean=0.00010922  nan=0
[outlier] v613  inc_tri=3  worst|M|=5.33333  pos=(0.242,-1.01987,2.02235)
[pd-step]     step 87  dof=1875  pd|Δx|_max=0.0322651  pd|Δx|_mean=0.00543892
[avbd-drive] step 88 wrote AVBD output to Particle.pos
[avbd-friction] step 88 applied 267 vert/primitive friction events
[avbd-step] step 88  dof=1875  iters=16  rc=0  wall=31770 us  |Δx|_max=0.0339499  |Δx|_mean=0.00555043  pred_max=0.0328947  drift_max=0.00578427  drift@v616.x  conv_max=0.00130999  conv_mean=0.00010789  nan=0
[outlier] v616  inc_tri=3  worst|M|=5.33333  pos=(0.701546,-1.02784,1.95608)
[pd-step]     step 88  dof=1875  pd|Δx|_max=0.0328948  pd|Δx|_mean=0.00542455
[avbd-drive] step 89 wrote AVBD output to Particle.pos
[avbd-friction] step 89 applied 267 vert/primitive friction events
[avbd-step] step 89  dof=1875  iters=16  rc=0  wall=31955 us  |Δx|_max=0.0349063  |Δx|_mean=0.00556512  pred_max=0.0342523  drift_max=0.00585741  drift@v616.x  conv_max=0.00134277  conv_mean=0.000106444  nan=0
[outlier] v616  inc_tri=3  worst|M|=5.33333  pos=(0.694673,-1.02555,1.95462)
[pd-step]     step 89  dof=1875  pd|Δx|_max=0.0342523  pd|Δx|_mean=0.00543706
[avbd-drive] step 90 wrote AVBD output to Particle.pos
[avbd-friction] step 90 applied 275 vert/primitive friction events
[avbd-selfcoll] step 90 resolved 4  detect=11799 us  resolve=17 us  path=gpu
[avbd-step] step 90  dof=1875  iters=16  rc=0  wall=32286 us  |Δx|_max=0.0350509  |Δx|_mean=0.00549269  pred_max=0.0352087  drift_max=0.00834548  drift@v610.y  conv_max=0.00137603  conv_mean=0.000103679  nan=0
[outlier] v610  inc_tri=3  worst|M|=5.33333  pos=(-0.209806,-1.22436,1.95463)
[pd-step]     step 90  dof=1875  pd|Δx|_max=0.0352087  pd|Δx|_mean=0.0053743
[avbd-drive] step 91 wrote AVBD output to Particle.pos
[avbd-friction] step 91 applied 281 vert/primitive friction events
[avbd-selfcoll] step 91 resolved 4  detect=10373 us  resolve=18 us  path=gpu
[avbd-step] step 91  dof=1875  iters=16  rc=0  wall=29617 us  |Δx|_max=0.0348686  |Δx|_mean=0.00543351  pred_max=0.0353533  drift_max=0.00572991  drift@v149.y  conv_max=0.00142038  conv_mean=0.00010201  nan=0
[outlier] v149  inc_tri=3  worst|M|=5.33333  pos=(2.07572,-1.18581,-1.00594)
[pd-step]     step 91  dof=1875  pd|Δx|_max=0.0353533  pd|Δx|_mean=0.00531508
[avbd-drive] step 92 wrote AVBD output to Particle.pos
[avbd-friction] step 92 applied 287 vert/primitive friction events
[avbd-selfcoll] step 92 resolved 5  detect=11348 us  resolve=17 us  path=gpu
[avbd-step] step 92  dof=1875  iters=16  rc=0  wall=28142 us  |Δx|_max=0.0361935  |Δx|_mean=0.00541128  pred_max=0.035171  drift_max=0.0060346  drift@v610.x  conv_max=0.00146711  conv_mean=0.000100429  nan=0
[outlier] v610  inc_tri=3  worst|M|=5.33333  pos=(-0.197584,-1.24013,1.92456)
[pd-step]     step 92  dof=1875  pd|Δx|_max=0.0351711  pd|Δx|_mean=0.00528335
[avbd-drive] step 93 wrote AVBD output to Particle.pos
[avbd-friction] step 93 applied 298 vert/primitive friction events
[avbd-selfcoll] step 93 resolved 5  detect=11033 us  resolve=17 us  path=gpu
[avbd-step] step 93  dof=1875  iters=16  rc=0  wall=29038 us  |Δx|_max=0.0374125  |Δx|_mean=0.00533705  pred_max=0.0364959  drift_max=0.00580794  drift@v610.x  conv_max=0.00150025  conv_mean=9.7707e-05  nan=0
[outlier] v610  inc_tri=3  worst|M|=5.33333  pos=(-0.190895,-1.23927,1.92176)
[pd-step]     step 93  dof=1875  pd|Δx|_max=0.036496  pd|Δx|_mean=0.00520931
[avbd-drive] step 94 wrote AVBD output to Particle.pos
[avbd-friction] step 94 applied 300 vert/primitive friction events
[avbd-selfcoll] step 94 resolved 6  detect=12178 us  resolve=17 us  path=gpu
[avbd-step] step 94  dof=1875  iters=16  rc=0  wall=30504 us  |Δx|_max=0.038054  |Δx|_mean=0.00532171  pred_max=0.037715  drift_max=0.00713789  drift@v574.y  conv_max=0.00152719  conv_mean=9.69053e-05  nan=0
[outlier] v574  inc_tri=3  worst|M|=5.33333  pos=(2.04511,-1.28381,1.51871)
[pd-step]     step 94  dof=1875  pd|Δx|_max=0.037715  pd|Δx|_mean=0.00519735
[avbd-drive] step 95 wrote AVBD output to Particle.pos
[avbd-friction] step 95 applied 307 vert/primitive friction events
[avbd-selfcoll] step 95 resolved 7  detect=10205 us  resolve=32 us  path=gpu
[avbd-step] step 95  dof=1875  iters=16  rc=0  wall=28036 us  |Δx|_max=0.0367879  |Δx|_mean=0.00526187  pred_max=0.0383564  drift_max=0.00647557  drift@v14.y  conv_max=0.00156581  conv_mean=9.51706e-05  nan=0
[outlier] v14  inc_tri=3  worst|M|=5.33333  pos=(0.491164,-1.40964,-1.81615)
[pd-step]     step 95  dof=1875  pd|Δx|_max=0.0383565  pd|Δx|_mean=0.00513949
[avbd-drive] step 96 wrote AVBD output to Particle.pos
[avbd-friction] step 96 applied 313 vert/primitive friction events
[avbd-selfcoll] step 96 resolved 7  detect=10652 us  resolve=28 us  path=gpu
[avbd-step] step 96  dof=1875  iters=16  rc=0  wall=29095 us  |Δx|_max=0.0385554  |Δx|_mean=0.00516646  pred_max=0.0370903  drift_max=0.0106211  drift@v15.y  conv_max=0.00161839  conv_mean=9.38854e-05  nan=0
[outlier] v15  inc_tri=3  worst|M|=5.33333  pos=(0.631034,-1.35409,-1.8854)
[pd-step]     step 96  dof=1875  pd|Δx|_max=0.0370903  pd|Δx|_mean=0.00505045
[avbd-drive] step 97 wrote AVBD output to Particle.pos
[avbd-friction] step 97 applied 322 vert/primitive friction events
[avbd-step] step 97  dof=1875  iters=16  rc=0  wall=23756 us  |Δx|_max=0.0409952  |Δx|_mean=0.00506923  pred_max=0.0388578  drift_max=0.0118741  drift@v14.z  conv_max=0.00162756  conv_mean=9.14366e-05  nan=0
[outlier] v14  inc_tri=3  worst|M|=5.33333  pos=(0.492597,-1.43029,-1.77089)
[pd-step]     step 97  dof=1875  pd|Δx|_max=0.0388579  pd|Δx|_mean=0.00494542
[avbd-drive] step 98 wrote AVBD output to Particle.pos
[avbd-friction] step 98 applied 321 vert/primitive friction events
[avbd-selfcoll] step 98 resolved 4  detect=10492 us  resolve=15 us  path=gpu
[avbd-step] step 98  dof=1875  iters=16  rc=0  wall=25817 us  |Δx|_max=0.0429256  |Δx|_mean=0.00502096  pred_max=0.0412977  drift_max=0.0100281  drift@v14.z  conv_max=0.00160563  conv_mean=8.99328e-05  nan=0
[outlier] v14  inc_tri=3  worst|M|=5.33333  pos=(0.493735,-1.43267,-1.75853)
[pd-step]     step 98  dof=1875  pd|Δx|_max=0.0412977  pd|Δx|_mean=0.00489215
[avbd-drive] step 99 wrote AVBD output to Particle.pos
[avbd-friction] step 99 applied 321 vert/primitive friction events
[avbd-step] step 99  dof=1875  iters=16  rc=0  wall=21234 us  |Δx|_max=0.0437094  |Δx|_mean=0.00497954  pred_max=0.043228  drift_max=0.0102848  drift@v12.y  conv_max=0.00163853  conv_mean=8.8396e-05  nan=0
[outlier] v12  inc_tri=3  worst|M|=5.33333  pos=(0.222862,-1.4984,-1.80685)
[pd-step]     step 99  dof=1875  pd|Δx|_max=0.0432281  pd|Δx|_mean=0.00484619
[avbd-drive] step 100 wrote AVBD output to Particle.pos
[avbd-friction] step 100 applied 329 vert/primitive friction events
[avbd-selfcoll] step 100 resolved 1  detect=13382 us  resolve=34 us  path=gpu
[avbd-step] step 100  dof=1875  iters=16  rc=0  wall=42741 us  |Δx|_max=0.0433077  |Δx|_mean=0.00487422  pred_max=0.0440118  drift_max=0.0082432  drift@v599.y  conv_max=0.00176311  conv_mean=8.65348e-05  nan=0
[outlier] v599  inc_tri=3  worst|M|=5.33333  pos=(1.99728,-1.43729,1.63112)
[pd-step]     step 100  dof=1875  pd|Δx|_max=0.0440119  pd|Δx|_mean=0.00474209
[avbd-drive] step 101 wrote AVBD output to Particle.pos
[avbd-friction] step 101 applied 330 vert/primitive friction events
[avbd-selfcoll] step 101 resolved 2  detect=10401 us  resolve=42 us  path=gpu
100..[avbd-step] step 101  dof=1875  iters=16  rc=0  wall=24422 us  |Δx|_max=0.0444201  |Δx|_mean=0.00482401  pred_max=0.0436101  drift_max=0.00774157  drift@v623.y  conv_max=0.00228441  conv_mean=8.56629e-05  nan=0
[outlier] v623  inc_tri=3  worst|M|=5.33333  pos=(1.81249,-1.4674,1.81878)
[pd-step]     step 101  dof=1875  pd|Δx|_max=0.0436101  pd|Δx|_mean=0.00469046
[avbd-drive] step 102 wrote AVBD output to Particle.pos
[avbd-friction] step 102 applied 334 vert/primitive friction events
[avbd-selfcoll] step 102 resolved 4  detect=10563 us  resolve=18 us  path=gpu
[avbd-step] step 102  dof=1875  iters=16  rc=0  wall=21299 us  |Δx|_max=0.0461502  |Δx|_mean=0.00475957  pred_max=0.0447226  drift_max=0.0074956  drift@v12.x  conv_max=0.002491  conv_mean=8.45281e-05  nan=0
[outlier] v12  inc_tri=3  worst|M|=5.33333  pos=(0.240692,-1.5085,-1.75522)
[pd-step]     step 102  dof=1875  pd|Δx|_max=0.0447226  pd|Δx|_mean=0.00461439
[avbd-drive] step 103 wrote AVBD output to Particle.pos
[avbd-friction] step 103 applied 337 vert/primitive friction events
[avbd-selfcoll] step 103 resolved 1  detect=10304 us  resolve=18 us  path=gpu
[avbd-step] step 103  dof=1875  iters=16  rc=0  wall=21973 us  |Δx|_max=0.0469885  |Δx|_mean=0.00473314  pred_max=0.0464526  drift_max=0.00789675  drift@v12.x  conv_max=0.00179076  conv_mean=8.31978e-05  nan=0
[outlier] v12  inc_tri=3  worst|M|=5.33333  pos=(0.249514,-1.50591,-1.75019)
[pd-step]     step 103  dof=1875  pd|Δx|_max=0.0464527  pd|Δx|_mean=0.00457745
[avbd-drive] step 104 wrote AVBD output to Particle.pos
[avbd-friction] step 104 applied 343 vert/primitive friction events
[avbd-selfcoll] step 104 resolved 2  detect=12164 us  resolve=20 us  path=gpu
[avbd-step] step 104  dof=1875  iters=16  rc=0  wall=23061 us  |Δx|_max=0.0465957  |Δx|_mean=0.0046558  pred_max=0.0472909  drift_max=0.00762659  drift@v12.x  conv_max=0.0015043  conv_mean=8.12303e-05  nan=0
[outlier] v12  inc_tri=3  worst|M|=5.33333  pos=(0.25909,-1.50326,-1.74772)
[pd-step]     step 104  dof=1875  pd|Δx|_max=0.047291  pd|Δx|_mean=0.00450718
[avbd-drive] step 105 wrote AVBD output to Particle.pos
[avbd-friction] step 105 applied 348 vert/primitive friction events
[avbd-selfcoll] step 105 resolved 1  detect=12114 us  resolve=20 us  path=gpu
[avbd-step] step 105  dof=1875  iters=16  rc=0  wall=24297 us  |Δx|_max=0.0463654  |Δx|_mean=0.00460084  pred_max=0.0468981  drift_max=0.00739133  drift@v624.y  conv_max=0.0015769  conv_mean=7.99155e-05  nan=0
[outlier] v624  inc_tri=1  worst|M|=5.33333  pos=(1.96425,-1.55065,1.76247)
[pd-step]     step 105  dof=1875  pd|Δx|_max=0.0468982  pd|Δx|_mean=0.00445542
[avbd-drive] step 106 wrote AVBD output to Particle.pos
[avbd-friction] step 106 applied 356 vert/primitive friction events
[avbd-selfcoll] step 106 resolved 1  detect=12591 us  resolve=21 us  path=gpu
[avbd-step] step 106  dof=1875  iters=16  rc=0  wall=21948 us  |Δx|_max=0.0480785  |Δx|_mean=0.00453952  pred_max=0.0466468  drift_max=0.00653064  drift@v624.y  conv_max=0.00165451  conv_mean=7.81734e-05  nan=0
[outlier] v624  inc_tri=1  worst|M|=5.33333  pos=(1.95068,-1.56711,1.74481)
[pd-step]     step 106  dof=1875  pd|Δx|_max=0.0466469  pd|Δx|_mean=0.00440722
[avbd-drive] step 107 wrote AVBD output to Particle.pos
[avbd-friction] step 107 applied 364 vert/primitive friction events
[avbd-selfcoll] step 107 resolved 2  detect=11385 us  resolve=17 us  path=gpu
[avbd-step] step 107  dof=1875  iters=16  rc=0  wall=24089 us  |Δx|_max=0.0483657  |Δx|_mean=0.0044365  pred_max=0.0480785  drift_max=0.00658154  drift@v10.y  conv_max=0.00173557  conv_mean=7.44973e-05  nan=0
[outlier] v10  inc_tri=3  worst|M|=5.33333  pos=(-0.0363293,-1.63293,-1.77231)
[pd-step]     step 107  dof=1875  pd|Δx|_max=0.0480785  pd|Δx|_mean=0.00429021
[avbd-drive] step 108 wrote AVBD output to Particle.pos
[avbd-friction] step 108 applied 369 vert/primitive friction events
[avbd-selfcoll] step 108 resolved 2  detect=11865 us  resolve=20 us  path=gpu
[avbd-step] step 108  dof=1875  iters=16  rc=0  wall=21906 us  |Δx|_max=0.0473466  |Δx|_mean=0.0043551  pred_max=0.0483657  drift_max=0.00835741  drift@v48.y  conv_max=0.0018183  conv_mean=7.2928e-05  nan=0
[outlier] v48  inc_tri=6  worst|M|=5.33333  pos=(1.87365,-1.68339,-1.44729)
[pd-step]     step 108  dof=1875  pd|Δx|_max=0.0483657  pd|Δx|_mean=0.00421682
[avbd-drive] step 109 wrote AVBD output to Particle.pos
[avbd-friction] step 109 applied 369 vert/primitive friction events
[avbd-selfcoll] step 109 resolved 2  detect=10454 us  resolve=16 us  path=gpu
[avbd-step] step 109  dof=1875  iters=16  rc=0  wall=22012 us  |Δx|_max=0.0466514  |Δx|_mean=0.00426634  pred_max=0.0473466  drift_max=0.00854421  drift@v606.z  conv_max=0.00190151  conv_mean=7.10646e-05  nan=0
[outlier] v606  inc_tri=3  worst|M|=5.33333  pos=(-0.728067,-1.6607,1.734)
[pd-step]     step 109  dof=1875  pd|Δx|_max=0.0473466  pd|Δx|_mean=0.00413455
[avbd-drive] step 110 wrote AVBD output to Particle.pos
[avbd-friction] step 110 applied 380 vert/primitive friction events
[avbd-selfcoll] step 110 resolved 4  detect=10303 us  resolve=17 us  path=gpu
[avbd-step] step 110  dof=1875  iters=16  rc=0  wall=27231 us  |Δx|_max=0.0435492  |Δx|_mean=0.00408008  pred_max=0.0466514  drift_max=0.0131787  drift@v300.x  conv_max=0.00198328  conv_mean=6.81622e-05  nan=0
[outlier] v300  inc_tri=3  worst|M|=5.33333  pos=(-1.48783,-1.89756,0.12978)
[pd-step]     step 110  dof=1875  pd|Δx|_max=0.0466514  pd|Δx|_mean=0.00397032
[avbd-drive] step 111 wrote AVBD output to Particle.pos
[avbd-friction] step 111 applied 383 vert/primitive friction events
[avbd-selfcoll] step 111 resolved 4  detect=12942 us  resolve=20 us  path=gpu
[avbd-step] step 111  dof=1875  iters=16  rc=0  wall=27194 us  |Δx|_max=0.0444385  |Δx|_mean=0.00393987  pred_max=0.043453  drift_max=0.0158123  drift@v300.x  conv_max=0.00206304  conv_mean=6.65289e-05  nan=0
[outlier] v300  inc_tri=3  worst|M|=5.33333  pos=(-1.47474,-1.89925,0.125362)
[pd-step]     step 111  dof=1875  pd|Δx|_max=0.043453  pd|Δx|_mean=0.00383524
[avbd-drive] step 112 wrote AVBD output to Particle.pos
[avbd-friction] step 112 applied 387 vert/primitive friction events
[avbd-selfcoll] step 112 resolved 7  detect=10959 us  resolve=20 us  path=gpu
[avbd-step] step 112  dof=1875  iters=16  rc=0  wall=27408 us  |Δx|_max=0.0444649  |Δx|_mean=0.00381497  pred_max=0.0447409  drift_max=0.0137789  drift@v350.x  conv_max=0.00213993  conv_mean=6.44991e-05  nan=0
[outlier] v350  inc_tri=3  worst|M|=5.33333  pos=(-1.43326,-1.89623,0.344762)
[pd-step]     step 112  dof=1875  pd|Δx|_max=0.044741  pd|Δx|_mean=0.00368674
[avbd-drive] step 113 wrote AVBD output to Particle.pos
[avbd-friction] step 113 applied 392 vert/primitive friction events
[avbd-selfcoll] step 113 resolved 8  detect=12183 us  resolve=14 us  path=gpu
[avbd-step] step 113  dof=1875  iters=16  rc=0  wall=27636 us  |Δx|_max=0.0423304  |Δx|_mean=0.00371985  pred_max=0.0447674  drift_max=0.0109835  drift@v350.z  conv_max=0.00221395  conv_mean=6.24244e-05  nan=0
[outlier] v350  inc_tri=3  worst|M|=5.33333  pos=(-1.41576,-1.89687,0.334685)
[pd-step]     step 113  dof=1875  pd|Δx|_max=0.0447674  pd|Δx|_mean=0.00357618
[avbd-drive] step 114 wrote AVBD output to Particle.pos
[avbd-friction] step 114 applied 388 vert/primitive friction events
[avbd-selfcoll] step 114 resolved 8  detect=10578 us  resolve=20 us  path=gpu
[avbd-step] step 114  dof=1875  iters=16  rc=0  wall=29463 us  |Δx|_max=0.0416406  |Δx|_mean=0.00364613  pred_max=0.0426329  drift_max=0.010913  drift@v350.z  conv_max=0.00228477  conv_mean=6.12948e-05  nan=0
[outlier] v350  inc_tri=3  worst|M|=5.33333  pos=(-1.40546,-1.89761,0.321989)
[pd-step]     step 114  dof=1875  pd|Δx|_max=0.0426329  pd|Δx|_mean=0.00352018
[avbd-drive] step 115 wrote AVBD output to Particle.pos
[avbd-friction] step 115 applied 397 vert/primitive friction events
[avbd-selfcoll] step 115 resolved 3  detect=10265 us  resolve=16 us  path=gpu
[avbd-step] step 115  dof=1875  iters=16  rc=0  wall=31250 us  |Δx|_max=0.0420938  |Δx|_mean=0.00345081  pred_max=0.0419431  drift_max=0.0117543  drift@v24.y  conv_max=0.00235295  conv_mean=5.79238e-05  nan=0
[outlier] v24  inc_tri=2  worst|M|=5.33333  pos=(1.96149,-1.93849,-1.43166)
[pd-step]     step 115  dof=1875  pd|Δx|_max=0.0419431  pd|Δx|_mean=0.00332604
[avbd-drive] step 116 wrote AVBD output to Particle.pos
[avbd-friction] step 116 applied 405 vert/primitive friction events
[avbd-selfcoll] step 116 resolved 6  detect=12264 us  resolve=21 us  path=gpu
[avbd-step] step 116  dof=1875  iters=16  rc=0  wall=29617 us  |Δx|_max=0.042316  |Δx|_mean=0.00331758  pred_max=0.0423963  drift_max=0.00894737  drift@v250.y  conv_max=0.00241804  conv_mean=5.60202e-05  nan=0
[outlier] v250  inc_tri=3  worst|M|=5.33333  pos=(-1.50231,-1.95986,-0.0222814)
[pd-step]     step 116  dof=1875  pd|Δx|_max=0.0423962  pd|Δx|_mean=0.00317627
[avbd-drive] step 117 wrote AVBD output to Particle.pos
[avbd-friction] step 117 applied 406 vert/primitive friction events
[avbd-selfcoll] step 117 resolved 7  detect=13727 us  resolve=23 us  path=gpu
[avbd-step] step 117  dof=1875  iters=16  rc=0  wall=28454 us  |Δx|_max=0.0421252  |Δx|_mean=0.0032312  pred_max=0.0426185  drift_max=0.00840527  drift@v250.z  conv_max=0.00248051  conv_mean=5.50392e-05  nan=0
[outlier] v250  inc_tri=3  worst|M|=5.33333  pos=(-1.48133,-1.96046,-0.0174543)
[pd-step]     step 117  dof=1875  pd|Δx|_max=0.0426184  pd|Δx|_mean=0.00308727
[avbd-drive] step 118 wrote AVBD output to Particle.pos
[avbd-friction] step 118 applied 408 vert/primitive friction events
[avbd-selfcoll] step 118 resolved 8  detect=10790 us  resolve=20 us  path=gpu
[avbd-step] step 118  dof=1875  iters=16  rc=0  wall=28710 us  |Δx|_max=0.0421979  |Δx|_mean=0.00313336  pred_max=0.0424278  drift_max=0.00891539  drift@v350.z  conv_max=0.00253987  conv_mean=5.3323e-05  nan=0
[outlier] v350  inc_tri=3  worst|M|=5.33333  pos=(-1.40017,-1.89526,0.2931)
[pd-step]     step 118  dof=1875  pd|Δx|_max=0.0424277  pd|Δx|_mean=0.00299332
[avbd-drive] step 119 wrote AVBD output to Particle.pos
[avbd-friction] step 119 applied 410 vert/primitive friction events
[avbd-selfcoll] step 119 resolved 8  detect=12410 us  resolve=39 us  path=gpu
[avbd-step] step 119  dof=1875  iters=16  rc=0  wall=32514 us  |Δx|_max=0.0436151  |Δx|_mean=0.00297517  pred_max=0.0425005  drift_max=0.00947279  drift@v604.x  conv_max=0.00259542  conv_mean=5.02431e-05  nan=0
[outlier] v604  inc_tri=3  worst|M|=5.33333  pos=(-0.760228,-1.93292,1.75623)
[pd-step]     step 119  dof=1875  pd|Δx|_max=0.0425004  pd|Δx|_mean=0.00283002
[avbd-drive] step 120 wrote AVBD output to Particle.pos
[avbd-friction] step 120 applied 413 vert/primitive friction events
[avbd-selfcoll] step 120 resolved 10  detect=10530 us  resolve=23 us  path=gpu
[avbd-step] step 120  dof=1875  iters=16  rc=0  wall=28015 us  |Δx|_max=0.0449388  |Δx|_mean=0.00290433  pred_max=0.0439177  drift_max=0.00952601  drift@v450.y  conv_max=0.00264716  conv_mean=4.92323e-05  nan=0
[outlier] v450  inc_tri=3  worst|M|=5.33333  pos=(-1.39368,-2.06647,0.936182)
[pd-step]     step 120  dof=1875  pd|Δx|_max=0.0439176  pd|Δx|_mean=0.002755
[avbd-drive] step 121 wrote AVBD output to Particle.pos
[avbd-friction] step 121 applied 412 vert/primitive friction events
[avbd-selfcoll] step 121 resolved 8  detect=12604 us  resolve=21 us  path=gpu
120..[avbd-step] step 121  dof=1875  iters=16  rc=0  wall=36180 us  |Δx|_max=0.046056  |Δx|_mean=0.0028231  pred_max=0.0452414  drift_max=0.00944591  drift@v475.y  conv_max=0.00269365  conv_mean=4.75031e-05  nan=0
[outlier] v475  inc_tri=3  worst|M|=5.33333  pos=(-1.37551,-2.11539,1.10543)
[pd-step]     step 121  dof=1875  pd|Δx|_max=0.0452413  pd|Δx|_mean=0.00267377
[avbd-drive] step 122 wrote AVBD output to Particle.pos
[avbd-friction] step 122 applied 419 vert/primitive friction events
[avbd-selfcoll] step 122 resolved 8  detect=10623 us  resolve=18 us  path=gpu
[avbd-step] step 122  dof=1875  iters=16  rc=0  wall=27342 us  |Δx|_max=0.0469818  |Δx|_mean=0.00266118  pred_max=0.0463586  drift_max=0.0130937  drift@v578.x  conv_max=0.00273466  conv_mean=4.46208e-05  nan=0
[outlier] v578  inc_tri=6  worst|M|=5.33333  pos=(-0.850514,-1.99685,1.69841)
[pd-step]     step 122  dof=1875  pd|Δx|_max=0.0463585  pd|Δx|_mean=0.00251242
[avbd-drive] step 123 wrote AVBD output to Particle.pos
[avbd-friction] step 123 applied 424 vert/primitive friction events
[avbd-selfcoll] step 123 resolved 10  detect=12068 us  resolve=16 us  path=gpu
[avbd-step] step 123  dof=1875  iters=16  rc=0  wall=35719 us  |Δx|_max=0.0484766  |Δx|_mean=0.0025163  pred_max=0.0472844  drift_max=0.00880569  drift@v578.x  conv_max=0.00277019  conv_mean=4.19635e-05  nan=0
[outlier] v578  inc_tri=6  worst|M|=5.33333  pos=(-0.835311,-1.98707,1.70722)
[pd-step]     step 123  dof=1875  pd|Δx|_max=0.0472843  pd|Δx|_mean=0.0023669
[avbd-drive] step 124 wrote AVBD output to Particle.pos
[avbd-friction] step 124 applied 432 vert/primitive friction events
[avbd-selfcoll] step 124 resolved 9  detect=12409 us  resolve=22 us  path=gpu
[avbd-step] step 124  dof=1875  iters=16  rc=0  wall=32481 us  |Δx|_max=0.0506529  |Δx|_mean=0.0023702  pred_max=0.0484766  drift_max=0.00847912  drift@v175.y  conv_max=0.0027988  conv_mean=3.95331e-05  nan=0
[outlier] v175  inc_tri=3  worst|M|=5.33333  pos=(-1.43382,-2.1751,-0.421903)
[pd-step]     step 124  dof=1875  pd|Δx|_max=0.0484766  pd|Δx|_mean=0.00221849
[avbd-drive] step 125 wrote AVBD output to Particle.pos
[avbd-friction] step 125 applied 434 vert/primitive friction events
[avbd-selfcoll] step 125 resolved 10  detect=10821 us  resolve=22 us  path=gpu
[avbd-step] step 125  dof=1875  iters=16  rc=0  wall=39530 us  |Δx|_max=0.0524948  |Δx|_mean=0.00229813  pred_max=0.0506529  drift_max=0.0110864  drift@v578.x  conv_max=0.00282121  conv_mean=3.8696e-05  nan=0
[outlier] v578  inc_tri=6  worst|M|=5.33333  pos=(-0.834193,-1.98593,1.71117)
[pd-step]     step 125  dof=1875  pd|Δx|_max=0.0506529  pd|Δx|_mean=0.00213461
[avbd-drive] step 126 wrote AVBD output to Particle.pos
[avbd-friction] step 126 applied 437 vert/primitive friction events
[avbd-selfcoll] step 126 resolved 11  detect=13823 us  resolve=22 us  path=gpu
[avbd-step] step 126  dof=1875  iters=16  rc=0  wall=33435 us  |Δx|_max=0.0533981  |Δx|_mean=0.0021469  pred_max=0.0524948  drift_max=0.00849128  drift@v525.y  conv_max=0.00283718  conv_mean=3.57438e-05  nan=0
[outlier] v525  inc_tri=3  worst|M|=5.33333  pos=(-1.22836,-2.27495,1.39896)
[pd-step]     step 126  dof=1875  pd|Δx|_max=0.0524948  pd|Δx|_mean=0.00199325
[avbd-drive] step 127 wrote AVBD output to Particle.pos
[avbd-friction] step 127 applied 437 vert/primitive friction events
[avbd-selfcoll] step 127 resolved 9  detect=10726 us  resolve=21 us  path=gpu
[avbd-step] step 127  dof=1875  iters=16  rc=0  wall=30799 us  |Δx|_max=0.0538045  |Δx|_mean=0.00206718  pred_max=0.0533981  drift_max=0.0135767  drift@v576.y  conv_max=0.00284648  conv_mean=3.41842e-05  nan=0
[outlier] v576  inc_tri=6  worst|M|=5.33333  pos=(-0.912708,-2.33036,1.6585)
[pd-step]     step 127  dof=1875  pd|Δx|_max=0.0533981  pd|Δx|_mean=0.00192101
[avbd-drive] step 128 wrote AVBD output to Particle.pos
[avbd-friction] step 128 applied 438 vert/primitive friction events
[avbd-contact] step 128 projected 1 vert/primitive penetrations
[avbd-selfcoll] step 128 resolved 12  detect=12005 us  resolve=22 us  path=gpu
[avbd-step] step 128  dof=1875  iters=16  rc=0  wall=30593 us  |Δx|_max=0.053493  |Δx|_mean=0.00196537  pred_max=0.0538045  drift_max=0.0113361  drift@v576.y  conv_max=0.00284934  conv_mean=3.23197e-05  nan=0
[outlier] v576  inc_tri=6  worst|M|=5.33333  pos=(-0.880147,-2.33977,1.62847)
[pd-step]     step 128  dof=1875  pd|Δx|_max=0.0538045  pd|Δx|_mean=0.00183113
[avbd-drive] step 129 wrote AVBD output to Particle.pos
[avbd-friction] step 129 applied 442 vert/primitive friction events
[avbd-contact] step 129 projected 4 vert/primitive penetrations
[avbd-selfcoll] step 129 resolved 12  detect=10547 us  resolve=20 us  path=gpu
[avbd-step] step 129  dof=1875  iters=16  rc=0  wall=28734 us  |Δx|_max=0.0504727  |Δx|_mean=0.00184919  pred_max=0.053493  drift_max=0.012203  drift@v550.y  conv_max=0.00284576  conv_mean=3.01523e-05  nan=0
[outlier] v550  inc_tri=3  worst|M|=5.33333  pos=(-1.10233,-2.39944,1.51335)
[pd-step]     step 129  dof=1875  pd|Δx|_max=0.053493  pd|Δx|_mean=0.00169686
[avbd-drive] step 130 wrote AVBD output to Particle.pos
[avbd-friction] step 130 applied 447 vert/primitive friction events
[avbd-contact] step 130 projected 4 vert/primitive penetrations
[avbd-selfcoll] step 130 resolved 11  detect=11801 us  resolve=19 us  path=gpu
[avbd-step] step 130  dof=1875  iters=16  rc=0  wall=29798 us  |Δx|_max=0.0540581  |Δx|_mean=0.00172513  pred_max=0.0504727  drift_max=0.0162117  drift@v575.y  conv_max=0.00283551  conv_mean=2.76773e-05  nan=0
[outlier] v575  inc_tri=3  worst|M|=5.33333  pos=(-0.960211,-2.49833,1.6305)
[pd-step]     step 130  dof=1875  pd|Δx|_max=0.0504727  pd|Δx|_mean=0.00160159
[avbd-drive] step 131 wrote AVBD output to Particle.pos
[avbd-friction] step 131 applied 452 vert/primitive friction events
[avbd-contact] step 131 projected 8 vert/primitive penetrations
[avbd-selfcoll] step 131 resolved 11  detect=10637 us  resolve=52 us  path=gpu
[avbd-step] step 131  dof=1875  iters=16  rc=0  wall=33389 us  |Δx|_max=0.0394416  |Δx|_mean=0.00158621  pred_max=0.0426868  drift_max=0.0180285  drift@v575.y  conv_max=0.00281763  conv_mean=2.63448e-05  nan=0
[outlier] v575  inc_tri=3  worst|M|=5.33333  pos=(-0.930347,-2.50953,1.58781)
[pd-step]     step 131  dof=1875  pd|Δx|_max=0.0426868  pd|Δx|_mean=0.00145419
[avbd-drive] step 132 wrote AVBD output to Particle.pos
[avbd-friction] step 132 applied 457 vert/primitive friction events
[avbd-contact] step 132 projected 10 vert/primitive penetrations
[avbd-selfcoll] step 132 resolved 11  detect=10745 us  resolve=21 us  path=gpu
[avbd-step] step 132  dof=1875  iters=16  rc=0  wall=28651 us  |Δx|_max=0.0415527  |Δx|_mean=0.00142867  pred_max=0.0394416  drift_max=0.0115061  drift@v575.y  conv_max=0.00279498  conv_mean=2.35241e-05  nan=0
[outlier] v575  inc_tri=3  worst|M|=5.33333  pos=(-0.902411,-2.50301,1.54917)
[pd-step]     step 132  dof=1875  pd|Δx|_max=0.0394416  pd|Δx|_mean=0.00127039
[avbd-drive] step 133 wrote AVBD output to Particle.pos
[avbd-friction] step 133 applied 459 vert/primitive friction events
[avbd-contact] step 133 projected 12 vert/primitive penetrations
[avbd-selfcoll] step 133 resolved 10  detect=10760 us  resolve=15 us  path=gpu
[avbd-step] step 133  dof=1875  iters=16  rc=0  wall=28730 us  |Δx|_max=0.0435777  |Δx|_mean=0.00133814  pred_max=0.0415527  drift_max=0.0102532  drift@v3.y  conv_max=0.00276875  conv_mean=2.16053e-05  nan=0
[outlier] v3  inc_tri=3  worst|M|=5.33333  pos=(-0.74233,-2.50072,-1.44386)
[pd-step]     step 133  dof=1875  pd|Δx|_max=0.0415527  pd|Δx|_mean=0.00118298
[avbd-drive] step 134 wrote AVBD output to Particle.pos
[avbd-friction] step 134 applied 461 vert/primitive friction events
[avbd-contact] step 134 projected 14 vert/primitive penetrations
[avbd-selfcoll] step 134 resolved 14  detect=13285 us  resolve=21 us  path=gpu
[avbd-step] step 134  dof=1875  iters=16  rc=0  wall=28647 us  |Δx|_max=0.0439276  |Δx|_mean=0.00125422  pred_max=0.0435777  drift_max=0.0133684  drift@v3.y  conv_max=0.00273657  conv_mean=2.01944e-05  nan=0
[outlier] v3  inc_tri=3  worst|M|=5.33333  pos=(-0.712054,-2.51517,-1.42003)
[pd-step]     step 134  dof=1875  pd|Δx|_max=0.0435777  pd|Δx|_mean=0.00110912
[avbd-drive] step 135 wrote AVBD output to Particle.pos
[avbd-friction] step 135 applied 465 vert/primitive friction events
[avbd-contact] step 135 projected 15 vert/primitive penetrations
[avbd-selfcoll] step 135 resolved 11  detect=11300 us  resolve=19 us  path=gpu
[avbd-step] step 135  dof=1875  iters=16  rc=0  wall=32902 us  |Δx|_max=0.0453591  |Δx|_mean=0.00116909  pred_max=0.0439276  drift_max=0.0128162  drift@v51.y  conv_max=0.00269675  conv_mean=1.92182e-05  nan=0
[outlier] v51  inc_tri=6  worst|M|=5.33333  pos=(-1.055,-2.59298,-1.04119)
[pd-step]     step 135  dof=1875  pd|Δx|_max=0.0439276  pd|Δx|_mean=0.00102154
[avbd-drive] step 136 wrote AVBD output to Particle.pos
[avbd-friction] step 136 applied 466 vert/primitive friction events
[avbd-contact] step 136 projected 17 vert/primitive penetrations
[avbd-selfcoll] step 136 resolved 13  detect=10554 us  resolve=21 us  path=gpu
[avbd-step] step 136  dof=1875  iters=16  rc=0  wall=26975 us  |Δx|_max=0.0446429  |Δx|_mean=0.00110493  pred_max=0.0453591  drift_max=0.0138271  drift@v75.y  conv_max=0.00266814  conv_mean=1.89382e-05  nan=0
[outlier] v75  inc_tri=3  worst|M|=5.33333  pos=(-1.19029,-2.60538,-0.818775)
[pd-step]     step 136  dof=1875  pd|Δx|_max=0.0453591  pd|Δx|_mean=0.000927542
[avbd-drive] step 137 wrote AVBD output to Particle.pos
[avbd-friction] step 137 applied 466 vert/primitive friction events
[avbd-contact] step 137 projected 20 vert/primitive penetrations
[avbd-selfcoll] step 137 resolved 13  detect=10551 us  resolve=13 us  path=gpu
[avbd-step] step 137  dof=1875  iters=16  rc=0  wall=31486 us  |Δx|_max=0.0456927  |Δx|_mean=0.00102527  pred_max=0.0446429  drift_max=0.0145171  drift@v2.y  conv_max=0.00263691  conv_mean=1.63889e-05  nan=0
[outlier] v2  inc_tri=3  worst|M|=5.33333  pos=(-0.778091,-2.66511,-1.34168)
[pd-step]     step 137  dof=1875  pd|Δx|_max=0.0446429  pd|Δx|_mean=0.000882426
[avbd-drive] step 138 wrote AVBD output to Particle.pos
[avbd-friction] step 138 applied 467 vert/primitive friction events
[avbd-contact] step 138 projected 21 vert/primitive penetrations
[avbd-selfcoll] step 138 resolved 11  detect=10568 us  resolve=18 us  path=gpu
[avbd-step] step 138  dof=1875  iters=16  rc=0  wall=27297 us  |Δx|_max=0.0475975  |Δx|_mean=0.000957303  pred_max=0.0456927  drift_max=0.0206437  drift@v50.y  conv_max=0.00259948  conv_mean=1.60439e-05  nan=0
[outlier] v50  inc_tri=3  worst|M|=5.33333  pos=(-1.10456,-2.7326,-0.924616)
[pd-step]     step 138  dof=1875  pd|Δx|_max=0.0456927  pd|Δx|_mean=0.000846862
[avbd-drive] step 139 wrote AVBD output to Particle.pos
[avbd-friction] step 139 applied 466 vert/primitive friction events
[avbd-contact] step 139 projected 22 vert/primitive penetrations
[avbd-selfcoll] step 139 resolved 11  detect=11880 us  resolve=22 us  path=gpu
[avbd-step] step 139  dof=1875  iters=16  rc=0  wall=31128 us  |Δx|_max=0.0476209  |Δx|_mean=0.00085019  pred_max=0.0475975  drift_max=0.0140114  drift@v26.y  conv_max=0.00258803  conv_mean=1.62683e-05  nan=0
[outlier] v26  inc_tri=6  worst|M|=5.33333  pos=(-0.883017,-2.72269,-1.08908)
[pd-step]     step 139  dof=1875  pd|Δx|_max=0.0475975  pd|Δx|_mean=0.000703331
[avbd-drive] step 140 wrote AVBD output to Particle.pos
[avbd-friction] step 140 applied 466 vert/primitive friction events
[avbd-contact] step 140 projected 26 vert/primitive penetrations
[avbd-selfcoll] step 140 resolved 12  detect=10495 us  resolve=16 us  path=gpu
[avbd-step] step 140  dof=1875  iters=16  rc=0  wall=27755 us  |Δx|_max=0.0473517  |Δx|_mean=0.000821051  pred_max=0.0476209  drift_max=0.0170712  drift@v25.y  conv_max=0.00269699  conv_mean=1.36752e-05  nan=0
[outlier] v25  inc_tri=3  worst|M|=5.33333  pos=(-1.00975,-2.8392,-1.03684)
[pd-step]     step 140  dof=1875  pd|Δx|_max=0.0476209  pd|Δx|_mean=0.000675293
[avbd-drive] step 141 wrote AVBD output to Particle.pos
[avbd-friction] step 141 applied 464 vert/primitive friction events
[avbd-contact] step 141 projected 27 vert/primitive penetrations
[avbd-selfcoll] step 141 resolved 11  detect=10642 us  resolve=23 us  path=gpu
140..[avbd-step] step 141  dof=1875  iters=16  rc=0  wall=28390 us  |Δx|_max=0.0482762  |Δx|_mean=0.000759237  pred_max=0.0473517  drift_max=0.0267625  drift@v25.y  conv_max=0.00319219  conv_mean=1.43528e-05  nan=0
[outlier] v25  inc_tri=3  worst|M|=5.33333  pos=(-0.962406,-2.8658,-1.00087)
[pd-step]     step 141  dof=1875  pd|Δx|_max=0.0473517  pd|Δx|_mean=0.000656133
[avbd-drive] step 142 wrote AVBD output to Particle.pos
[avbd-friction] step 142 applied 466 vert/primitive friction events
[avbd-contact] step 142 projected 29 vert/primitive penetrations
[avbd-selfcoll] step 142 resolved 11  detect=10533 us  resolve=24 us  path=gpu
[avbd-step] step 142  dof=1875  iters=16  rc=0  wall=27524 us  |Δx|_max=0.0453044  |Δx|_mean=0.000687045  pred_max=0.0482762  drift_max=0.0162451  drift@v25.y  conv_max=0.00420004  conv_mean=1.61373e-05  nan=0
[outlier] v25  inc_tri=3  worst|M|=5.33333  pos=(-0.923723,-2.86594,-0.970308)
[pd-step]     step 142  dof=1875  pd|Δx|_max=0.0482762  pd|Δx|_mean=0.000539249
[avbd-drive] step 143 wrote AVBD output to Particle.pos
[avbd-friction] step 143 applied 466 vert/primitive friction events
[avbd-contact] step 143 projected 30 vert/primitive penetrations
[avbd-selfcoll] step 143 resolved 10  detect=10580 us  resolve=22 us  path=gpu
[avbd-step] step 143  dof=1875  iters=16  rc=0  wall=28315 us  |Δx|_max=0.0435104  |Δx|_mean=0.000663477  pred_max=0.0453044  drift_max=0.0231261  drift@v0.y  conv_max=0.0020045  conv_mean=1.23033e-05  nan=0
[outlier] v0  inc_tri=1  worst|M|=5.33333  pos=(-0.877276,-2.94665,-1.12689)
[pd-step]     step 143  dof=1875  pd|Δx|_max=0.0453044  pd|Δx|_mean=0.000523822
[avbd-drive] step 144 wrote AVBD output to Particle.pos
[avbd-friction] step 144 applied 468 vert/primitive friction events
[avbd-contact] step 144 projected 31 vert/primitive penetrations
[avbd-selfcoll] step 144 resolved 10  detect=10606 us  resolve=22 us  path=gpu
[avbd-step] step 144  dof=1875  iters=16  rc=0  wall=28703 us  |Δx|_max=0.0334251  |Δx|_mean=0.000629481  pred_max=0.0435104  drift_max=0.0293791  drift@v0.y  conv_max=0.00117886  conv_mean=1.15602e-05  nan=0
[outlier] v0  inc_tri=1  worst|M|=5.33333  pos=(-0.833765,-2.96839,-1.09513)
[pd-step]     step 144  dof=1875  pd|Δx|_max=0.0435104  pd|Δx|_mean=0.000501275
[avbd-drive] step 145 wrote AVBD output to Particle.pos
[avbd-friction] step 145 applied 469 vert/primitive friction events
[avbd-contact] step 145 projected 31 vert/primitive penetrations
[avbd-selfcoll] step 145 resolved 9  detect=11770 us  resolve=19 us  path=gpu
[avbd-step] step 145  dof=1875  iters=16  rc=0  wall=27813 us  |Δx|_max=0.0251506  |Δx|_mean=0.00059237  pred_max=0.0251841  drift_max=0.0133042  drift@v0.y  conv_max=0.000418871  conv_mean=1.00396e-05  nan=0
[outlier] v0  inc_tri=1  worst|M|=5.33333  pos=(-0.80034,-2.96105,-1.0661)
[pd-step]     step 145  dof=1875  pd|Δx|_max=0.0251841  pd|Δx|_mean=0.000445723
[avbd-drive] step 146 wrote AVBD output to Particle.pos
[avbd-friction] step 146 applied 470 vert/primitive friction events
[avbd-contact] step 146 projected 35 vert/primitive penetrations
[avbd-selfcoll] step 146 resolved 9  detect=13773 us  resolve=19 us  path=gpu
[avbd-step] step 146  dof=1875  iters=16  rc=0  wall=32752 us  |Δx|_max=0.0251199  |Δx|_mean=0.000582073  pred_max=0.0251506  drift_max=0.00546145  drift@v0.y  conv_max=0.000423846  conv_mean=9.9916e-06  nan=0
[outlier] v0  inc_tri=1  worst|M|=5.33333  pos=(-0.804017,-2.95017,-1.06729)
[pd-step]     step 146  dof=1875  pd|Δx|_max=0.0251506  pd|Δx|_mean=0.00043919
[avbd-drive] step 147 wrote AVBD output to Particle.pos
[avbd-friction] step 147 applied 469 vert/primitive friction events
[avbd-contact] step 147 projected 37 vert/primitive penetrations
[avbd-selfcoll] step 147 resolved 10  detect=10371 us  resolve=19 us  path=gpu
[avbd-step] step 147  dof=1875  iters=16  rc=0  wall=32264 us  |Δx|_max=0.0251011  |Δx|_mean=0.000573308  pred_max=0.0251199  drift_max=0.0033524  drift@v25.y  conv_max=0.000428899  conv_mean=9.95308e-06  nan=0
[outlier] v25  inc_tri=3  worst|M|=5.33333  pos=(-0.937355,-2.83252,-0.98473)
[pd-step]     step 147  dof=1875  pd|Δx|_max=0.0251199  pd|Δx|_mean=0.000434652
[avbd-drive] step 148 wrote AVBD output to Particle.pos
[avbd-friction] step 148 applied 468 vert/primitive friction events
[avbd-contact] step 148 projected 38 vert/primitive penetrations
[avbd-selfcoll] step 148 resolved 10  detect=10590 us  resolve=19 us  path=gpu
[avbd-step] step 148  dof=1875  iters=16  rc=0  wall=28724 us  |Δx|_max=0.0251008  |Δx|_mean=0.00056657  pred_max=0.0251011  drift_max=0.00286508  drift@v25.y  conv_max=0.000433773  conv_mean=9.92557e-06  nan=0
[outlier] v25  inc_tri=3  worst|M|=5.33333  pos=(-0.939728,-2.82896,-0.987062)
[pd-step]     step 148  dof=1875  pd|Δx|_max=0.0251011  pd|Δx|_mean=0.000430167
[avbd-drive] step 149 wrote AVBD output to Particle.pos
[avbd-friction] step 149 applied 469 vert/primitive friction events
[avbd-contact] step 149 projected 41 vert/primitive penetrations
[avbd-selfcoll] step 149 resolved 10  detect=13194 us  resolve=22 us  path=gpu
[avbd-step] step 149  dof=1875  iters=16  rc=0  wall=28910 us  |Δx|_max=0.0251185  |Δx|_mean=0.000556406  pred_max=0.0251008  drift_max=0.00254154  drift@v25.y  conv_max=0.000438103  conv_mean=9.8009e-06  nan=0
[outlier] v25  inc_tri=3  worst|M|=5.33333  pos=(-0.941868,-2.82601,-0.989168)
[pd-step]     step 149  dof=1875  pd|Δx|_max=0.0251008  pd|Δx|_mean=0.000423339
[avbd-drive] step 150 wrote AVBD output to Particle.pos
[avbd-friction] step 150 applied 470 vert/primitive friction events
[avbd-contact] step 150 projected 44 vert/primitive penetrations
[avbd-selfcoll] step 150 resolved 10  detect=11674 us  resolve=20 us  path=gpu
[avbd-step] step 150  dof=1875  iters=16  rc=0  wall=29141 us  |Δx|_max=0.0251452  |Δx|_mean=0.00054525  pred_max=0.0251185  drift_max=0.00232863  drift@v0.y  conv_max=0.000441964  conv_mean=9.62241e-06  nan=0
[outlier] v0  inc_tri=1  worst|M|=5.33333  pos=(-0.811023,-2.93121,-1.07169)
[pd-step]     step 150  dof=1875  pd|Δx|_max=0.0251185  pd|Δx|_mean=0.000415941
[avbd-drive] step 151 wrote AVBD output to Particle.pos
[avbd-friction] step 151 applied 469 vert/primitive friction events
[avbd-contact] step 151 projected 45 vert/primitive penetrations
[avbd-selfcoll] step 151 resolved 9  detect=11425 us  resolve=21 us  path=gpu
[avbd-step] step 151  dof=1875  iters=16  rc=0  wall=29824 us  |Δx|_max=0.025165  |Δx|_mean=0.000537041  pred_max=0.0251452  drift_max=0.00216961  drift@v0.y  conv_max=0.00044548  conv_mean=9.50367e-06  nan=0
[outlier] v0  inc_tri=1  worst|M|=5.33333  pos=(-0.812149,-2.92842,-1.07269)
[pd-step]     step 151  dof=1875  pd|Δx|_max=0.0251452  pd|Δx|_mean=0.000410239
[avbd-drive] step 152 wrote AVBD output to Particle.pos
[avbd-friction] step 152 applied 469 vert/primitive friction events
[avbd-contact] step 152 projected 45 vert/primitive penetrations
[avbd-selfcoll] step 152 resolved 12  detect=10764 us  resolve=23 us  path=gpu
[avbd-step] step 152  dof=1875  iters=16  rc=0  wall=31856 us  |Δx|_max=0.0251583  |Δx|_mean=0.000550817  pred_max=0.025165  drift_max=0.00764  drift@v556.x  conv_max=0.000448801  conv_mean=9.46022e-06  nan=0
[outlier] v556  inc_tri=6  worst|M|=5.33333  pos=(-0.738858,-1.40931,1.63193)
[pd-step]     step 152  dof=1875  pd|Δx|_max=0.025165  pd|Δx|_mean=0.000404275
[avbd-drive] step 153 wrote AVBD output to Particle.pos
[avbd-friction] step 153 applied 468 vert/primitive friction events
[avbd-contact] step 153 projected 47 vert/primitive penetrations
[avbd-selfcoll] step 153 resolved 11  detect=10551 us  resolve=19 us  path=gpu
[avbd-step] step 153  dof=1875  iters=16  rc=0  wall=28193 us  |Δx|_max=0.0251086  |Δx|_mean=0.000547114  pred_max=0.0251583  drift_max=0.00515294  drift@v578.z  conv_max=0.000452326  conv_mean=9.34089e-06  nan=0
[outlier] v578  inc_tri=6  worst|M|=5.33333  pos=(-0.832883,-1.94696,1.72404)
[pd-step]     step 153  dof=1875  pd|Δx|_max=0.0251583  pd|Δx|_mean=0.000412485
[avbd-drive] step 154 wrote AVBD output to Particle.pos
[avbd-friction] step 154 applied 470 vert/primitive friction events
[avbd-contact] step 154 projected 48 vert/primitive penetrations
[avbd-selfcoll] step 154 resolved 9  detect=10662 us  resolve=19 us  path=gpu
[avbd-step] step 154  dof=1875  iters=16  rc=0  wall=36654 us  |Δx|_max=0.0250072  |Δx|_mean=0.000529099  pred_max=0.0251086  drift_max=0.00188017  drift@v1.y  conv_max=0.000456028  conv_mean=9.26501e-06  nan=0
[outlier] v1  inc_tri=3  worst|M|=5.33333  pos=(-0.788239,-2.78906,-1.20785)
[pd-step]     step 154  dof=1875  pd|Δx|_max=0.0251086  pd|Δx|_mean=0.000413515
[avbd-drive] step 155 wrote AVBD output to Particle.pos
[avbd-friction] step 155 applied 470 vert/primitive friction events
[avbd-contact] step 155 projected 49 vert/primitive penetrations
[avbd-selfcoll] step 155 resolved 11  detect=14582 us  resolve=19 us  path=gpu
[avbd-step] step 155  dof=1875  iters=16  rc=0  wall=30228 us  |Δx|_max=0.0248558  |Δx|_mean=0.000511211  pred_max=0.0250072  drift_max=0.00208324  drift@v604.x  conv_max=0.000459955  conv_mean=9.17859e-06  nan=0
[outlier] v604  inc_tri=3  worst|M|=5.33333  pos=(-0.773646,-1.89334,1.85969)
[pd-step]     step 155  dof=1875  pd|Δx|_max=0.0250072  pd|Δx|_mean=0.000400761
[avbd-drive] step 156 wrote AVBD output to Particle.pos
[avbd-friction] step 156 applied 470 vert/primitive friction events
[avbd-contact] step 156 projected 50 vert/primitive penetrations
[avbd-selfcoll] step 156 resolved 10  detect=10608 us  resolve=22 us  path=gpu
[avbd-step] step 156  dof=1875  iters=16  rc=0  wall=32883 us  |Δx|_max=0.0246655  |Δx|_mean=0.00050002  pred_max=0.0248558  drift_max=0.0018329  drift@v578.x  conv_max=0.000463927  conv_mean=9.07757e-06  nan=0
[outlier] v578  inc_tri=6  worst|M|=5.33333  pos=(-0.825387,-1.93791,1.74185)
[pd-step]     step 156  dof=1875  pd|Δx|_max=0.0248558  pd|Δx|_mean=0.000384505
[avbd-drive] step 157 wrote AVBD output to Particle.pos
[avbd-friction] step 157 applied 472 vert/primitive friction events
[avbd-contact] step 157 projected 50 vert/primitive penetrations
[avbd-selfcoll] step 157 resolved 9  detect=10764 us  resolve=22 us  path=gpu
[avbd-step] step 157  dof=1875  iters=16  rc=0  wall=29542 us  |Δx|_max=0.0246168  |Δx|_mean=0.000487349  pred_max=0.0246655  drift_max=0.00160789  drift@v1.y  conv_max=0.000467701  conv_mean=8.86538e-06  nan=0
[outlier] v1  inc_tri=3  worst|M|=5.33333  pos=(-0.794537,-2.78516,-1.21263)
[pd-step]     step 157  dof=1875  pd|Δx|_max=0.0246655  pd|Δx|_mean=0.000370317
[avbd-drive] step 158 wrote AVBD output to Particle.pos
[avbd-friction] step 158 applied 472 vert/primitive friction events
[avbd-contact] step 158 projected 50 vert/primitive penetrations
[avbd-selfcoll] step 158 resolved 14  detect=13764 us  resolve=20 us  path=gpu
[avbd-step] step 158  dof=1875  iters=16  rc=0  wall=32959 us  |Δx|_max=0.0246942  |Δx|_mean=0.00048634  pred_max=0.0246168  drift_max=0.00459671  drift@v604.x  conv_max=0.000470983  conv_mean=8.76187e-06  nan=0
[outlier] v604  inc_tri=3  worst|M|=5.33333  pos=(-0.783356,-1.88405,1.87696)
[pd-step]     step 158  dof=1875  pd|Δx|_max=0.0246168  pd|Δx|_mean=0.000363516
[avbd-drive] step 159 wrote AVBD output to Particle.pos
[avbd-friction] step 159 applied 473 vert/primitive friction events
[avbd-contact] step 159 projected 52 vert/primitive penetrations
[avbd-selfcoll] step 159 resolved 12  detect=10621 us  resolve=21 us  path=gpu
[avbd-step] step 159  dof=1875  iters=16  rc=0  wall=28575 us  |Δx|_max=0.024768  |Δx|_mean=0.000477626  pred_max=0.0246942  drift_max=0.00158787  drift@v0.y  conv_max=0.000473728  conv_mean=8.71301e-06  nan=0
[outlier] v0  inc_tri=1  worst|M|=5.33333  pos=(-0.824097,-2.91469,-1.08328)
[pd-step]     step 159  dof=1875  pd|Δx|_max=0.0246942  pd|Δx|_mean=0.000364708
[avbd-drive] step 160 wrote AVBD output to Particle.pos
[avbd-friction] step 160 applied 472 vert/primitive friction events
[avbd-contact] step 160 projected 53 vert/primitive penetrations
[avbd-selfcoll] step 160 resolved 12  detect=12505 us  resolve=21 us  path=gpu
[avbd-step] step 160  dof=1875  iters=16  rc=0  wall=29958 us  |Δx|_max=0.0248301  |Δx|_mean=0.000464779  pred_max=0.024768  drift_max=0.00234574  drift@v604.x  conv_max=0.0004758  conv_mean=8.69618e-06  nan=0
[outlier] v604  inc_tri=3  worst|M|=5.33333  pos=(-0.801629,-1.88591,1.86875)
[pd-step]     step 160  dof=1875  pd|Δx|_max=0.024768  pd|Δx|_mean=0.000359047
[avbd-drive] step 161 wrote AVBD output to Particle.pos
[avbd-friction] step 161 applied 473 vert/primitive friction events
[avbd-contact] step 161 projected 54 vert/primitive penetrations
[avbd-selfcoll] step 161 resolved 12  detect=10802 us  resolve=18 us  path=gpu
160..[avbd-step] step 161  dof=1875  iters=16  rc=0  wall=37074 us  |Δx|_max=0.0248768  |Δx|_mean=0.000455687  pred_max=0.0248301  drift_max=0.00170922  drift@v578.z  conv_max=0.000477475  conv_mean=8.64643e-06  nan=0
[outlier] v578  inc_tri=6  worst|M|=5.33333  pos=(-0.831804,-1.93286,1.74753)
[pd-step]     step 161  dof=1875  pd|Δx|_max=0.0248301  pd|Δx|_mean=0.000347419
[avbd-drive] step 162 wrote AVBD output to Particle.pos
[avbd-friction] step 162 applied 472 vert/primitive friction events
[avbd-contact] step 162 projected 55 vert/primitive penetrations
[avbd-selfcoll] step 162 resolved 13  detect=10767 us  resolve=25 us  path=gpu
[avbd-step] step 162  dof=1875  iters=16  rc=0  wall=35080 us  |Δx|_max=0.0249098  |Δx|_mean=0.00045463  pred_max=0.0248768  drift_max=0.00402004  drift@v604.x  conv_max=0.000478808  conv_mean=8.5916e-06  nan=0
[outlier] v604  inc_tri=3  worst|M|=5.33333  pos=(-0.809371,-1.87845,1.8856)
[pd-step]     step 162  dof=1875  pd|Δx|_max=0.0248768  pd|Δx|_mean=0.00034055
[avbd-drive] step 163 wrote AVBD output to Particle.pos
[avbd-friction] step 163 applied 473 vert/primitive friction events
[avbd-contact] step 163 projected 57 vert/primitive penetrations
[avbd-selfcoll] step 163 resolved 14  detect=10594 us  resolve=19 us  path=gpu
[avbd-step] step 163  dof=1875  iters=16  rc=0  wall=30613 us  |Δx|_max=0.0249349  |Δx|_mean=0.000445587  pred_max=0.0249098  drift_max=0.00131685  drift@v604.x  conv_max=0.000479958  conv_mean=8.54705e-06  nan=0
[outlier] v604  inc_tri=3  worst|M|=5.33333  pos=(-0.818403,-1.87959,1.88118)
[pd-step]     step 163  dof=1875  pd|Δx|_max=0.0249098  pd|Δx|_mean=0.000341599
[avbd-drive] step 164 wrote AVBD output to Particle.pos
[avbd-friction] step 164 applied 474 vert/primitive friction events
[avbd-contact] step 164 projected 58 vert/primitive penetrations
[avbd-selfcoll] step 164 resolved 14  detect=10435 us  resolve=19 us  path=gpu
[avbd-step] step 164  dof=1875  iters=16  rc=0  wall=29189 us  |Δx|_max=0.0249603  |Δx|_mean=0.000434947  pred_max=0.0249349  drift_max=0.00213355  drift@v604.x  conv_max=0.000481125  conv_mean=8.51607e-06  nan=0
[outlier] v604  inc_tri=3  worst|M|=5.33333  pos=(-0.826118,-1.88046,1.87772)
[pd-step]     step 164  dof=1875  pd|Δx|_max=0.0249349  pd|Δx|_mean=0.00033478
[avbd-drive] step 165 wrote AVBD output to Particle.pos
[avbd-friction] step 165 applied 474 vert/primitive friction events
[avbd-contact] step 165 projected 61 vert/primitive penetrations
[avbd-selfcoll] step 165 resolved 13  detect=11063 us  resolve=20 us  path=gpu
[avbd-step] step 165  dof=1875  iters=16  rc=0  wall=30872 us  |Δx|_max=0.0249943  |Δx|_mean=0.000430552  pred_max=0.0249603  drift_max=0.00179255  drift@v578.z  conv_max=0.000482238  conv_mean=8.48433e-06  nan=0
[outlier] v578  inc_tri=6  worst|M|=5.33333  pos=(-0.836785,-1.92998,1.75162)
[pd-step]     step 165  dof=1875  pd|Δx|_max=0.0249603  pd|Δx|_mean=0.000328385
[avbd-drive] step 166 wrote AVBD output to Particle.pos
[avbd-friction] step 166 applied 475 vert/primitive friction events
[avbd-contact] step 166 projected 63 vert/primitive penetrations
[avbd-selfcoll] step 166 resolved 18  detect=11932 us  resolve=23 us  path=gpu
[avbd-step] step 166  dof=1875  iters=16  rc=0  wall=29329 us  |Δx|_max=0.0250435  |Δx|_mean=0.000425945  pred_max=0.0249943  drift_max=0.00135529  drift@v578.z  conv_max=0.000483312  conv_mean=8.39978e-06  nan=0
[outlier] v578  inc_tri=6  worst|M|=5.33333  pos=(-0.837954,-1.9281,1.75534)
[pd-step]     step 166  dof=1875  pd|Δx|_max=0.0249943  pd|Δx|_mean=0.000324713
[avbd-drive] step 167 wrote AVBD output to Particle.pos
[avbd-friction] step 167 applied 478 vert/primitive friction events
[avbd-contact] step 167 projected 64 vert/primitive penetrations
[avbd-selfcoll] step 167 resolved 16  detect=10721 us  resolve=17 us  path=gpu
[avbd-step] step 167  dof=1875  iters=16  rc=0  wall=28906 us  |Δx|_max=0.0251115  |Δx|_mean=0.00042359  pred_max=0.0250435  drift_max=0.00106692  drift@v25.y  conv_max=0.00048419  conv_mean=8.35456e-06  nan=0
[outlier] v25  inc_tri=3  worst|M|=5.33333  pos=(-0.961839,-2.79813,-1.00595)
[pd-step]     step 167  dof=1875  pd|Δx|_max=0.0250435  pd|Δx|_mean=0.000321892
[avbd-drive] step 168 wrote AVBD output to Particle.pos
[avbd-friction] step 168 applied 481 vert/primitive friction events
[avbd-contact] step 168 projected 67 vert/primitive penetrations
[avbd-selfcoll] step 168 resolved 16  detect=10846 us  resolve=17 us  path=gpu
[avbd-step] step 168  dof=1875  iters=16  rc=0  wall=29151 us  |Δx|_max=0.0251994  |Δx|_mean=0.000418153  pred_max=0.0251115  drift_max=0.00104827  drift@v314.y  conv_max=0.000484688  conv_mean=8.22858e-06  nan=0
[outlier] v314  inc_tri=6  worst|M|=5.33333  pos=(0.314789,-0.133787,-0.0294822)
[pd-step]     step 168  dof=1875  pd|Δx|_max=0.0251115  pd|Δx|_mean=0.000317382
[avbd-drive] step 169 wrote AVBD output to Particle.pos
[avbd-friction] step 169 applied 480 vert/primitive friction events
[avbd-contact] step 169 projected 71 vert/primitive penetrations
[avbd-selfcoll] step 169 resolved 16  detect=14766 us  resolve=21 us  path=gpu
[avbd-step] step 169  dof=1875  iters=16  rc=0  wall=36188 us  |Δx|_max=0.0253051  |Δx|_mean=0.000418731  pred_max=0.0251994  drift_max=0.00104623  drift@v314.y  conv_max=0.000484717  conv_mean=8.23399e-06  nan=0
[outlier] v314  inc_tri=6  worst|M|=5.33333  pos=(0.314464,-0.133846,-0.0295837)
[pd-step]     step 169  dof=1875  pd|Δx|_max=0.0251994  pd|Δx|_mean=0.000318134
[avbd-drive] step 170 wrote AVBD output to Particle.pos
[avbd-friction] step 170 applied 481 vert/primitive friction events
[avbd-contact] step 170 projected 71 vert/primitive penetrations
[avbd-selfcoll] step 170 resolved 16  detect=10837 us  resolve=19 us  path=gpu
[avbd-step] step 170  dof=1875  iters=16  rc=0  wall=27149 us  |Δx|_max=0.0254243  |Δx|_mean=0.000419159  pred_max=0.0253051  drift_max=0.00104418  drift@v314.y  conv_max=0.000484156  conv_mean=8.234e-06  nan=0
[outlier] v314  inc_tri=6  worst|M|=5.33333  pos=(0.314144,-0.133904,-0.0296836)
[pd-step]     step 170  dof=1875  pd|Δx|_max=0.0253051  pd|Δx|_mean=0.000319651
[avbd-drive] step 171 wrote AVBD output to Particle.pos
[avbd-friction] step 171 applied 483 vert/primitive friction events
[avbd-contact] step 171 projected 71 vert/primitive penetrations
[avbd-selfcoll] step 171 resolved 15  detect=10728 us  resolve=19 us  path=gpu
[avbd-step] step 171  dof=1875  iters=16  rc=0  wall=30265 us  |Δx|_max=0.0255517  |Δx|_mean=0.000415653  pred_max=0.0254243  drift_max=0.00104213  drift@v314.y  conv_max=0.000482952  conv_mean=8.12357e-06  nan=0
[outlier] v314  inc_tri=6  worst|M|=5.33333  pos=(0.313829,-0.133962,-0.0297821)
[pd-step]     step 171  dof=1875  pd|Δx|_max=0.0254243  pd|Δx|_mean=0.000317766
[avbd-drive] step 172 wrote AVBD output to Particle.pos
[avbd-friction] step 172 applied 482 vert/primitive friction events
[avbd-contact] step 172 projected 71 vert/primitive penetrations
[avbd-selfcoll] step 172 resolved 18  detect=13062 us  resolve=21 us  path=gpu
[avbd-step] step 172  dof=1875  iters=16  rc=0  wall=30770 us  |Δx|_max=0.0256817  |Δx|_mean=0.000415323  pred_max=0.0255517  drift_max=0.00104006  drift@v314.y  conv_max=0.000481081  conv_mean=8.1217e-06  nan=0
[outlier] v314  inc_tri=6  worst|M|=5.33333  pos=(0.31352,-0.134018,-0.0298792)
[pd-step]     step 172  dof=1875  pd|Δx|_max=0.0255517  pd|Δx|_mean=0.000318549
[avbd-drive] step 173 wrote AVBD output to Particle.pos
[avbd-friction] step 173 applied 482 vert/primitive friction events
[avbd-contact] step 173 projected 72 vert/primitive penetrations
[avbd-selfcoll] step 173 resolved 16  detect=11062 us  resolve=21 us  path=gpu
[avbd-step] step 173  dof=1875  iters=16  rc=0  wall=32680 us  |Δx|_max=0.0258101  |Δx|_mean=0.000414397  pred_max=0.0256817  drift_max=0.00103796  drift@v314.y  conv_max=0.00047862  conv_mean=8.107e-06  nan=0
[outlier] v314  inc_tri=6  worst|M|=5.33333  pos=(0.313216,-0.134074,-0.0299749)
[pd-step]     step 173  dof=1875  pd|Δx|_max=0.0256817  pd|Δx|_mean=0.000319253
[avbd-drive] step 174 wrote AVBD output to Particle.pos
[avbd-friction] step 174 applied 486 vert/primitive friction events
[avbd-contact] step 174 projected 73 vert/primitive penetrations
[avbd-selfcoll] step 174 resolved 16  detect=10459 us  resolve=20 us  path=gpu
[avbd-step] step 174  dof=1875  iters=16  rc=0  wall=28393 us  |Δx|_max=0.0259362  |Δx|_mean=0.000410407  pred_max=0.0258101  drift_max=0.00103585  drift@v314.y  conv_max=0.000475619  conv_mean=8.01121e-06  nan=0
[outlier] v314  inc_tri=6  worst|M|=5.33333  pos=(0.312917,-0.134128,-0.0300694)
[pd-step]     step 174  dof=1875  pd|Δx|_max=0.0258101  pd|Δx|_mean=0.000317116
[avbd-drive] step 175 wrote AVBD output to Particle.pos
[avbd-friction] step 175 applied 486 vert/primitive friction events
[avbd-contact] step 175 projected 75 vert/primitive penetrations
[avbd-selfcoll] step 175 resolved 14  detect=10959 us  resolve=22 us  path=gpu
[avbd-step] step 175  dof=1875  iters=16  rc=0  wall=28559 us  |Δx|_max=0.0260579  |Δx|_mean=0.00040837  pred_max=0.0259362  drift_max=0.00103374  drift@v314.y  conv_max=0.000472159  conv_mean=7.98111e-06  nan=0
[outlier] v314  inc_tri=6  worst|M|=5.33333  pos=(0.312624,-0.134182,-0.0301626)
[pd-step]     step 175  dof=1875  pd|Δx|_max=0.0259362  pd|Δx|_mean=0.000316539
[avbd-drive] step 176 wrote AVBD output to Particle.pos
[avbd-friction] step 176 applied 486 vert/primitive friction events
[avbd-contact] step 176 projected 77 vert/primitive penetrations
[avbd-selfcoll] step 176 resolved 17  detect=12308 us  resolve=21 us  path=gpu
[avbd-step] step 176  dof=1875  iters=16  rc=0  wall=29831 us  |Δx|_max=0.0261741  |Δx|_mean=0.000406036  pred_max=0.0260579  drift_max=0.00103159  drift@v314.y  conv_max=0.000468208  conv_mean=7.94652e-06  nan=0
[outlier] v314  inc_tri=6  worst|M|=5.33333  pos=(0.312335,-0.134235,-0.0302545)
[pd-step]     step 176  dof=1875  pd|Δx|_max=0.0260579  pd|Δx|_mean=0.000315698
[avbd-drive] step 177 wrote AVBD output to Particle.pos
[avbd-friction] step 177 applied 488 vert/primitive friction events
[avbd-contact] step 177 projected 77 vert/primitive penetrations
[avbd-selfcoll] step 177 resolved 16  detect=13162 us  resolve=18 us  path=gpu
[avbd-step] step 177  dof=1875  iters=16  rc=0  wall=32113 us  |Δx|_max=0.0262864  |Δx|_mean=0.000402196  pred_max=0.0261741  drift_max=0.00102946  drift@v314.y  conv_max=0.000463837  conv_mean=7.86749e-06  nan=0
[outlier] v314  inc_tri=6  worst|M|=5.33333  pos=(0.312051,-0.134287,-0.0303452)
[pd-step]     step 177  dof=1875  pd|Δx|_max=0.0261741  pd|Δx|_mean=0.000311974
[avbd-drive] step 178 wrote AVBD output to Particle.pos
[avbd-friction] step 178 applied 488 vert/primitive friction events
[avbd-contact] step 178 projected 79 vert/primitive penetrations
[avbd-selfcoll] step 178 resolved 19  detect=10483 us  resolve=16 us  path=gpu
[avbd-step] step 178  dof=1875  iters=16  rc=0  wall=29011 us  |Δx|_max=0.0263985  |Δx|_mean=0.000400789  pred_max=0.0262864  drift_max=0.0010273  drift@v314.y  conv_max=0.000459122  conv_mean=7.85507e-06  nan=0
[outlier] v314  inc_tri=6  worst|M|=5.33333  pos=(0.311772,-0.134339,-0.0304347)
[pd-step]     step 178  dof=1875  pd|Δx|_max=0.0262864  pd|Δx|_mean=0.000311966
[avbd-drive] step 179 wrote AVBD output to Particle.pos
[avbd-friction] step 179 applied 488 vert/primitive friction events
[avbd-contact] step 179 projected 79 vert/primitive penetrations
[avbd-selfcoll] step 179 resolved 16  detect=13411 us  resolve=18 us  path=gpu
[avbd-step] step 179  dof=1875  iters=16  rc=0  wall=28215 us  |Δx|_max=0.0265146  |Δx|_mean=0.000400029  pred_max=0.0263985  drift_max=0.00102516  drift@v314.y  conv_max=0.00045417  conv_mean=7.84647e-06  nan=0
[outlier] v314  inc_tri=6  worst|M|=5.33333  pos=(0.311497,-0.134389,-0.0305231)
[pd-step]     step 179  dof=1875  pd|Δx|_max=0.0263985  pd|Δx|_mean=0.0003122
[avbd-drive] step 180 wrote AVBD output to Particle.pos
[avbd-friction] step 180 applied 485 vert/primitive friction events
[avbd-contact] step 180 projected 80 vert/primitive penetrations
[avbd-selfcoll] step 180 resolved 17  detect=10794 us  resolve=18 us  path=gpu
[avbd-step] step 180  dof=1875  iters=16  rc=0  wall=28007 us  |Δx|_max=0.0266389  |Δx|_mean=0.00040063  pred_max=0.0265146  drift_max=0.00102299  drift@v314.y  conv_max=0.00044905  conv_mean=7.84686e-06  nan=0
[outlier] v314  inc_tri=6  worst|M|=5.33333  pos=(0.311227,-0.134439,-0.0306103)
[pd-step]     step 180  dof=1875  pd|Δx|_max=0.0265146  pd|Δx|_mean=0.00031305
[avbd-drive] step 181 wrote AVBD output to Particle.pos
[avbd-friction] step 181 applied 484 vert/primitive friction events
[avbd-contact] step 181 projected 80 vert/primitive penetrations
[avbd-selfcoll] step 181 resolved 16  detect=10598 us  resolve=21 us  path=gpu
180..[avbd-step] step 181  dof=1875  iters=16  rc=0  wall=28791 us  |Δx|_max=0.026775  |Δx|_mean=0.000400529  pred_max=0.0266389  drift_max=0.00102085  drift@v314.y  conv_max=0.000443833  conv_mean=7.8271e-06  nan=0
[outlier] v314  inc_tri=6  worst|M|=5.33333  pos=(0.310961,-0.134488,-0.0306963)
[pd-step]     step 181  dof=1875  pd|Δx|_max=0.0266389  pd|Δx|_mean=0.000313899
[avbd-drive] step 182 wrote AVBD output to Particle.pos
[avbd-friction] step 182 applied 484 vert/primitive friction events
[avbd-contact] step 182 projected 80 vert/primitive penetrations
[avbd-selfcoll] step 182 resolved 17  detect=10620 us  resolve=19 us  path=gpu
[avbd-step] step 182  dof=1875  iters=16  rc=0  wall=28796 us  |Δx|_max=0.0269259  |Δx|_mean=0.000411256  pred_max=0.026775  drift_max=0.00470757  drift@v604.z  conv_max=0.00043864  conv_mean=7.88016e-06  nan=0
[outlier] v604  inc_tri=3  worst|M|=5.33333  pos=(-0.893998,-1.85589,1.90103)
[pd-step]     step 182  dof=1875  pd|Δx|_max=0.026775  pd|Δx|_mean=0.00031583
[avbd-drive] step 183 wrote AVBD output to Particle.pos
[avbd-friction] step 183 applied 484 vert/primitive friction events
[avbd-contact] step 183 projected 80 vert/primitive penetrations
[avbd-selfcoll] step 183 resolved 17  detect=10964 us  resolve=19 us  path=gpu
[avbd-step] step 183  dof=1875  iters=16  rc=0  wall=32135 us  |Δx|_max=0.0270937  |Δx|_mean=0.000410382  pred_max=0.0269259  drift_max=0.00166488  drift@v604.x  conv_max=0.000433382  conv_mean=7.89756e-06  nan=0
[outlier] v604  inc_tri=3  worst|M|=5.33333  pos=(-0.897897,-1.856,1.89617)
[pd-step]     step 183  dof=1875  pd|Δx|_max=0.0269259  pd|Δx|_mean=0.000327979
[avbd-drive] step 184 wrote AVBD output to Particle.pos
[avbd-friction] step 184 applied 486 vert/primitive friction events
[avbd-contact] step 184 projected 80 vert/primitive penetrations
[avbd-selfcoll] step 184 resolved 17  detect=15487 us  resolve=20 us  path=gpu
[avbd-step] step 184  dof=1875  iters=16  rc=0  wall=30270 us  |Δx|_max=0.0272799  |Δx|_mean=0.000407916  pred_max=0.0270937  drift_max=0.00202572  drift@v604.z  conv_max=0.000428086  conv_mean=7.90568e-06  nan=0
[outlier] v604  inc_tri=3  worst|M|=5.33333  pos=(-0.90013,-1.85607,1.89235)
[pd-step]     step 184  dof=1875  pd|Δx|_max=0.0270937  pd|Δx|_mean=0.000327331
[avbd-drive] step 185 wrote AVBD output to Particle.pos
[avbd-friction] step 185 applied 486 vert/primitive friction events
[avbd-contact] step 185 projected 80 vert/primitive penetrations
[avbd-selfcoll] step 185 resolved 17  detect=10746 us  resolve=19 us  path=gpu
[avbd-step] step 185  dof=1875  iters=16  rc=0  wall=30897 us  |Δx|_max=0.027485  |Δx|_mean=0.000407735  pred_max=0.0272799  drift_max=0.00127995  drift@v578.z  conv_max=0.000422917  conv_mean=7.91773e-06  nan=0
[outlier] v578  inc_tri=6  worst|M|=5.33333  pos=(-0.864811,-1.91811,1.76472)
[pd-step]     step 185  dof=1875  pd|Δx|_max=0.0272799  pd|Δx|_mean=0.000326232
[avbd-drive] step 186 wrote AVBD output to Particle.pos
[avbd-friction] step 186 applied 486 vert/primitive friction events
[avbd-contact] step 186 projected 80 vert/primitive penetrations
[avbd-selfcoll] step 186 resolved 17  detect=10756 us  resolve=20 us  path=gpu
[avbd-step] step 186  dof=1875  iters=16  rc=0  wall=33130 us  |Δx|_max=0.0277079  |Δx|_mean=0.000407423  pred_max=0.027485  drift_max=0.0011003  drift@v578.z  conv_max=0.00041767  conv_mean=7.93333e-06  nan=0
[outlier] v578  inc_tri=6  worst|M|=5.33333  pos=(-0.866541,-1.91687,1.76741)
[pd-step]     step 186  dof=1875  pd|Δx|_max=0.027485  pd|Δx|_mean=0.00032813
[avbd-drive] step 187 wrote AVBD output to Particle.pos
[avbd-friction] step 187 applied 486 vert/primitive friction events
[avbd-contact] step 187 projected 82 vert/primitive penetrations
[avbd-selfcoll] step 187 resolved 19  detect=11391 us  resolve=21 us  path=gpu
[avbd-step] step 187  dof=1875  iters=16  rc=0  wall=28428 us  |Δx|_max=0.0279451  |Δx|_mean=0.000407091  pred_max=0.0277079  drift_max=0.001008  drift@v314.y  conv_max=0.000412239  conv_mean=7.9474e-06  nan=0
[outlier] v314  inc_tri=6  worst|M|=5.33333  pos=(0.309452,-0.134769,-0.0311895)
[pd-step]     step 187  dof=1875  pd|Δx|_max=0.0277079  pd|Δx|_mean=0.000329001
[avbd-drive] step 188 wrote AVBD output to Particle.pos
[avbd-friction] step 188 applied 485 vert/primitive friction events
[avbd-contact] step 188 projected 85 vert/primitive penetrations
[avbd-selfcoll] step 188 resolved 17  detect=15041 us  resolve=22 us  path=gpu
[avbd-step] step 188  dof=1875  iters=16  rc=0  wall=38991 us  |Δx|_max=0.0281922  |Δx|_mean=0.00040748  pred_max=0.0279451  drift_max=0.0010059  drift@v314.y  conv_max=0.000406668  conv_mean=7.95932e-06  nan=0
[outlier] v314  inc_tri=6  worst|M|=5.33333  pos=(0.309213,-0.134814,-0.0312681)
[pd-step]     step 188  dof=1875  pd|Δx|_max=0.0279451  pd|Δx|_mean=0.00032986
[avbd-drive] step 189 wrote AVBD output to Particle.pos
[avbd-friction] step 189 applied 486 vert/primitive friction events
[avbd-contact] step 189 projected 85 vert/primitive penetrations
[avbd-selfcoll] step 189 resolved 19  detect=11198 us  resolve=23 us  path=gpu
[avbd-step] step 189  dof=1875  iters=16  rc=0  wall=35367 us  |Δx|_max=0.0284462  |Δx|_mean=0.000408108  pred_max=0.0281922  drift_max=0.0010038  drift@v314.y  conv_max=0.000400882  conv_mean=7.96038e-06  nan=0
[outlier] v314  inc_tri=6  worst|M|=5.33333  pos=(0.308978,-0.134857,-0.0313457)
[pd-step]     step 189  dof=1875  pd|Δx|_max=0.0281922  pd|Δx|_mean=0.000331226
[avbd-drive] step 190 wrote AVBD output to Particle.pos
[avbd-friction] step 190 applied 485 vert/primitive friction events
[avbd-contact] step 190 projected 86 vert/primitive penetrations
[avbd-selfcoll] step 190 resolved 20  detect=14093 us  resolve=25 us  path=gpu
[avbd-step] step 190  dof=1875  iters=16  rc=0  wall=32983 us  |Δx|_max=0.0287061  |Δx|_mean=0.000409396  pred_max=0.0284462  drift_max=0.00100173  drift@v314.y  conv_max=0.000394998  conv_mean=7.96415e-06  nan=0
[outlier] v314  inc_tri=6  worst|M|=5.33333  pos=(0.308746,-0.134901,-0.0314223)
[pd-step]     step 190  dof=1875  pd|Δx|_max=0.0284462  pd|Δx|_mean=0.000332805
[avbd-drive] step 191 wrote AVBD output to Particle.pos
[avbd-friction] step 191 applied 486 vert/primitive friction events
[avbd-contact] step 191 projected 87 vert/primitive penetrations
[avbd-selfcoll] step 191 resolved 19  detect=11572 us  resolve=23 us  path=gpu
[avbd-step] step 191  dof=1875  iters=16  rc=0  wall=34596 us  |Δx|_max=0.0289728  |Δx|_mean=0.000408152  pred_max=0.0287061  drift_max=0.000999644  drift@v314.y  conv_max=0.000389138  conv_mean=7.94242e-06  nan=0
[outlier] v314  inc_tri=6  worst|M|=5.33333  pos=(0.308517,-0.134944,-0.031498)
[pd-step]     step 191  dof=1875  pd|Δx|_max=0.0287061  pd|Δx|_mean=0.00033288
[avbd-drive] step 192 wrote AVBD output to Particle.pos
[avbd-friction] step 192 applied 487 vert/primitive friction events
[avbd-contact] step 192 projected 88 vert/primitive penetrations
[avbd-selfcoll] step 192 resolved 16  detect=13804 us  resolve=19 us  path=gpu
[avbd-step] step 192  dof=1875  iters=16  rc=0  wall=29198 us  |Δx|_max=0.029247  |Δx|_mean=0.000404591  pred_max=0.0289727  drift_max=0.000997603  drift@v314.y  conv_max=0.000383357  conv_mean=7.83857e-06  nan=0
[outlier] v314  inc_tri=6  worst|M|=5.33333  pos=(0.308292,-0.134986,-0.0315728)
[pd-step]     step 192  dof=1875  pd|Δx|_max=0.0289728  pd|Δx|_mean=0.000331415
[avbd-drive] step 193 wrote AVBD output to Particle.pos
[avbd-friction] step 193 applied 488 vert/primitive friction events
[avbd-contact] step 193 projected 89 vert/primitive penetrations
[avbd-selfcoll] step 193 resolved 19  detect=10631 us  resolve=21 us  path=gpu
[avbd-step] step 193  dof=1875  iters=16  rc=0  wall=33225 us  |Δx|_max=0.0295283  |Δx|_mean=0.000403206  pred_max=0.029247  drift_max=0.000995561  drift@v314.y  conv_max=0.000377659  conv_mean=7.80933e-06  nan=0
[outlier] v314  inc_tri=6  worst|M|=5.33333  pos=(0.30807,-0.135028,-0.0316465)
[pd-step]     step 193  dof=1875  pd|Δx|_max=0.029247  pd|Δx|_mean=0.000331015
[avbd-drive] step 194 wrote AVBD output to Particle.pos
[avbd-friction] step 194 applied 489 vert/primitive friction events
[avbd-contact] step 194 projected 90 vert/primitive penetrations
[avbd-selfcoll] step 194 resolved 18  detect=10679 us  resolve=19 us  path=gpu
[avbd-step] step 194  dof=1875  iters=16  rc=0  wall=34297 us  |Δx|_max=0.0298197  |Δx|_mean=0.000401164  pred_max=0.0295284  drift_max=0.00099352  drift@v314.y  conv_max=0.000372261  conv_mean=7.77569e-06  nan=0
[outlier] v314  inc_tri=6  worst|M|=5.33333  pos=(0.30785,-0.135069,-0.0317194)
[pd-step]     step 194  dof=1875  pd|Δx|_max=0.0295284  pd|Δx|_mean=0.000330328
[avbd-drive] step 195 wrote AVBD output to Particle.pos
[avbd-friction] step 195 applied 491 vert/primitive friction events
[avbd-contact] step 195 projected 91 vert/primitive penetrations
[avbd-selfcoll] step 195 resolved 20  detect=10960 us  resolve=28 us  path=gpu
[avbd-step] step 195  dof=1875  iters=16  rc=0  wall=28416 us  |Δx|_max=0.0302216  |Δx|_mean=0.000399821  pred_max=0.0298197  drift_max=0.000991508  drift@v314.y  conv_max=0.000372007  conv_mean=7.77464e-06  nan=0
[outlier] v314  inc_tri=6  worst|M|=5.33333  pos=(0.307633,-0.13511,-0.0317913)
[pd-step]     step 195  dof=1875  pd|Δx|_max=0.0298197  pd|Δx|_mean=0.000329342
[avbd-drive] step 196 wrote AVBD output to Particle.pos
[avbd-friction] step 196 applied 491 vert/primitive friction events
[avbd-contact] step 196 projected 92 vert/primitive penetrations
[avbd-selfcoll] step 196 resolved 19  detect=10939 us  resolve=21 us  path=gpu
[avbd-step] step 196  dof=1875  iters=16  rc=0  wall=29113 us  |Δx|_max=0.0306888  |Δx|_mean=0.000413112  pred_max=0.0302216  drift_max=0.00448203  drift@v604.z  conv_max=0.000365883  conv_mean=7.78401e-06  nan=0
[outlier] v604  inc_tri=3  worst|M|=5.33333  pos=(-0.889168,-1.8577,1.90017)
[pd-step]     step 196  dof=1875  pd|Δx|_max=0.0302216  pd|Δx|_mean=0.000329513
[avbd-drive] step 197 wrote AVBD output to Particle.pos
[avbd-friction] step 197 applied 491 vert/primitive friction events
[avbd-contact] step 197 projected 94 vert/primitive penetrations
[avbd-selfcoll] step 197 resolved 17  detect=10618 us  resolve=18 us  path=gpu
[avbd-step] step 197  dof=1875  iters=16  rc=0  wall=32263 us  |Δx|_max=0.0311915  |Δx|_mean=0.000411644  pred_max=0.0306888  drift_max=0.00166035  drift@v604.x  conv_max=0.000360396  conv_mean=7.80478e-06  nan=0
[outlier] v604  inc_tri=3  worst|M|=5.33333  pos=(-0.89063,-1.85952,1.89449)
[pd-step]     step 197  dof=1875  pd|Δx|_max=0.0306888  pd|Δx|_mean=0.000342887
[avbd-drive] step 198 wrote AVBD output to Particle.pos
[avbd-friction] step 198 applied 491 vert/primitive friction events
[avbd-contact] step 198 projected 94 vert/primitive penetrations
[avbd-selfcoll] step 198 resolved 19  detect=10607 us  resolve=25 us  path=gpu
[avbd-step] step 198  dof=1875  iters=16  rc=0  wall=28005 us  |Δx|_max=0.0317129  |Δx|_mean=0.000407393  pred_max=0.0311915  drift_max=0.00208652  drift@v604.x  conv_max=0.000355411  conv_mean=7.79248e-06  nan=0
[outlier] v604  inc_tri=3  worst|M|=5.33333  pos=(-0.890432,-1.86128,1.88978)
[pd-step]     step 198  dof=1875  pd|Δx|_max=0.0311915  pd|Δx|_mean=0.000341919
[avbd-drive] step 199 wrote AVBD output to Particle.pos
[avbd-friction] step 199 applied 492 vert/primitive friction events
[avbd-contact] step 199 projected 94 vert/primitive penetrations
[avbd-selfcoll] step 199 resolved 20  detect=10580 us  resolve=19 us  path=gpu
[avbd-step] step 199  dof=1875  iters=16  rc=0  wall=30823 us  |Δx|_max=0.0322457  |Δx|_mean=0.000403985  pred_max=0.0317129  drift_max=0.00127876  drift@v578.z  conv_max=0.000350617  conv_mean=7.7461e-06  nan=0
[outlier] v578  inc_tri=6  worst|M|=5.33333  pos=(-0.8732,-1.92276,1.75913)
[pd-step]     step 199  dof=1875  pd|Δx|_max=0.0317129  pd|Δx|_mean=0.000338248
[avbd-drive] step 200 wrote AVBD output to Particle.pos
[avbd-friction] step 200 applied 493 vert/primitive friction events
[avbd-contact] step 200 projected 96 vert/primitive penetrations
[avbd-selfcoll] step 200 resolved 19  detect=10774 us  resolve=21 us  path=gpu
[avbd-step] step 200  dof=1875  iters=16  rc=0  wall=31711 us  |Δx|_max=0.0327809  |Δx|_mean=0.000400393  pred_max=0.0322457  drift_max=0.00171345  drift@v37.x  conv_max=0.000347823  conv_mean=7.70353e-06  nan=0
[outlier] v37  inc_tri=6  worst|M|=5.33333  pos=(0.279854,-1.29581,-1.71194)
[pd-step]     step 200  dof=1875  pd|Δx|_max=0.0322457  pd|Δx|_mean=0.000333606
[avbd-drive] step 201 wrote AVBD output to Particle.pos
[avbd-friction] step 201 applied 495 vert/primitive friction events
[avbd-contact] step 201 projected 96 vert/primitive penetrations
[avbd-selfcoll] step 201 resolved 18  detect=11256 us  resolve=20 us  path=gpu
200..[avbd-step] step 201  dof=1875  iters=16  rc=0  wall=29348 us  |Δx|_max=0.0333092  |Δx|_mean=0.000397917  pred_max=0.0327809  drift_max=0.00239459  drift@v37.x  conv_max=0.000352532  conv_mean=7.67329e-06  nan=0
[outlier] v37  inc_tri=6  worst|M|=5.33333  pos=(0.278346,-1.29673,-1.71136)
[pd-step]     step 201  dof=1875  pd|Δx|_max=0.0327809  pd|Δx|_mean=0.000331077
[avbd-drive] step 202 wrote AVBD output to Particle.pos
[avbd-friction] step 202 applied 495 vert/primitive friction events
[avbd-contact] step 202 projected 96 vert/primitive penetrations
[avbd-selfcoll] step 202 resolved 19  detect=12019 us  resolve=21 us  path=gpu
[avbd-step] step 202  dof=1875  iters=16  rc=0  wall=31824 us  |Δx|_max=0.0338236  |Δx|_mean=0.000398116  pred_max=0.0333092  drift_max=0.0028545  drift@v37.x  conv_max=0.000356883  conv_mean=7.67604e-06  nan=0
[outlier] v37  inc_tri=6  worst|M|=5.33333  pos=(0.276483,-1.29771,-1.71084)
[pd-step]     step 202  dof=1875  pd|Δx|_max=0.0333092  pd|Δx|_mean=0.000330302
[avbd-drive] step 203 wrote AVBD output to Particle.pos
[avbd-friction] step 203 applied 496 vert/primitive friction events
[avbd-contact] step 203 projected 96 vert/primitive penetrations
[avbd-selfcoll] step 203 resolved 19  detect=11465 us  resolve=21 us  path=gpu
[avbd-step] step 203  dof=1875  iters=16  rc=0  wall=32007 us  |Δx|_max=0.0343174  |Δx|_mean=0.000398655  pred_max=0.0338236  drift_max=0.0032371  drift@v37.x  conv_max=0.000360876  conv_mean=7.66935e-06  nan=0
[outlier] v37  inc_tri=6  worst|M|=5.33333  pos=(0.274597,-1.29873,-1.71033)
[pd-step]     step 203  dof=1875  pd|Δx|_max=0.0338236  pd|Δx|_mean=0.000330242
[avbd-drive] step 204 wrote AVBD output to Particle.pos
[avbd-friction] step 204 applied 495 vert/primitive friction events
[avbd-contact] step 204 projected 97 vert/primitive penetrations
[avbd-selfcoll] step 204 resolved 21  detect=11279 us  resolve=22 us  path=gpu
[avbd-step] step 204  dof=1875  iters=16  rc=0  wall=34021 us  |Δx|_max=0.0347585  |Δx|_mean=0.000400309  pred_max=0.0343174  drift_max=0.00357798  drift@v37.x  conv_max=0.000364482  conv_mean=7.67574e-06  nan=0
[outlier] v37  inc_tri=6  worst|M|=5.33333  pos=(0.272709,-1.29976,-1.70984)
[pd-step]     step 204  dof=1875  pd|Δx|_max=0.0343174  pd|Δx|_mean=0.000331801
[avbd-drive] step 205 wrote AVBD output to Particle.pos
[avbd-friction] step 205 applied 495 vert/primitive friction events
[avbd-contact] step 205 projected 97 vert/primitive penetrations
[avbd-selfcoll] step 205 resolved 22  detect=18379 us  resolve=26 us  path=gpu
[avbd-step] step 205  dof=1875  iters=16  rc=0  wall=28263 us  |Δx|_max=0.0351065  |Δx|_mean=0.000410023  pred_max=0.0347585  drift_max=0.00438881  drift@v604.z  conv_max=0.000367761  conv_mean=7.64542e-06  nan=0
[outlier] v604  inc_tri=3  worst|M|=5.33333  pos=(-0.871442,-1.86524,1.89449)
[pd-step]     step 205  dof=1875  pd|Δx|_max=0.0347585  pd|Δx|_mean=0.000331088
[avbd-drive] step 206 wrote AVBD output to Particle.pos
[avbd-friction] step 206 applied 497 vert/primitive friction events
[avbd-contact] step 206 projected 97 vert/primitive penetrations
[avbd-selfcoll] step 206 resolved 20  detect=10736 us  resolve=19 us  path=gpu
[avbd-step] step 206  dof=1875  iters=16  rc=0  wall=37308 us  |Δx|_max=0.0353805  |Δx|_mean=0.000408226  pred_max=0.0351065  drift_max=0.00415578  drift@v37.x  conv_max=0.000370383  conv_mean=7.62509e-06  nan=0
[outlier] v37  inc_tri=6  worst|M|=5.33333  pos=(0.268882,-1.30184,-1.70913)
[pd-step]     step 206  dof=1875  pd|Δx|_max=0.0351065  pd|Δx|_mean=0.000340108
[avbd-drive] step 207 wrote AVBD output to Particle.pos
[avbd-friction] step 207 applied 497 vert/primitive friction events
[avbd-contact] step 207 projected 100 vert/primitive penetrations
[avbd-selfcoll] step 207 resolved 19  detect=11469 us  resolve=23 us  path=gpu
[avbd-step] step 207  dof=1875  iters=16  rc=0  wall=35665 us  |Δx|_max=0.0355885  |Δx|_mean=0.000404682  pred_max=0.0353805  drift_max=0.00437772  drift@v37.x  conv_max=0.000372052  conv_mean=7.63521e-06  nan=0
[outlier] v37  inc_tri=6  worst|M|=5.33333  pos=(0.266976,-1.30284,-1.70904)
[pd-step]     step 207  dof=1875  pd|Δx|_max=0.0353805  pd|Δx|_mean=0.000339576
[avbd-drive] step 208 wrote AVBD output to Particle.pos
[avbd-friction] step 208 applied 498 vert/primitive friction events
[avbd-contact] step 208 projected 101 vert/primitive penetrations
[avbd-selfcoll] step 208 resolved 20  detect=11414 us  resolve=27 us  path=gpu
[avbd-step] step 208  dof=1875  iters=16  rc=0  wall=29652 us  |Δx|_max=0.035734  |Δx|_mean=0.000401594  pred_max=0.0355885  drift_max=0.00456047  drift@v37.x  conv_max=0.00037232  conv_mean=7.64904e-06  nan=0
[outlier] v37  inc_tri=6  worst|M|=5.33333  pos=(0.265131,-1.30378,-1.70922)
[pd-step]     step 208  dof=1875  pd|Δx|_max=0.0355885  pd|Δx|_mean=0.000333885
[avbd-drive] step 209 wrote AVBD output to Particle.pos
[avbd-friction] step 209 applied 497 vert/primitive friction events
[avbd-contact] step 209 projected 103 vert/primitive penetrations
[avbd-selfcoll] step 209 resolved 22  detect=16239 us  resolve=23 us  path=gpu
[avbd-step] step 209  dof=1875  iters=16  rc=0  wall=32536 us  |Δx|_max=0.0358221  |Δx|_mean=0.000403303  pred_max=0.035734  drift_max=0.00468591  drift@v37.x  conv_max=0.00037086  conv_mean=7.66407e-06  nan=0
[outlier] v37  inc_tri=6  worst|M|=5.33333  pos=(0.263394,-1.30459,-1.70968)
[pd-step]     step 209  dof=1875  pd|Δx|_max=0.035734  pd|Δx|_mean=0.0003326
[avbd-drive] step 210 wrote AVBD output to Particle.pos
[avbd-friction] step 210 applied 498 vert/primitive friction events
[avbd-contact] step 210 projected 104 vert/primitive penetrations
[avbd-selfcoll] step 210 resolved 22  detect=15251 us  resolve=24 us  path=gpu
[avbd-step] step 210  dof=1875  iters=16  rc=0  wall=30190 us  |Δx|_max=0.0358611  |Δx|_mean=0.000404413  pred_max=0.0358221  drift_max=0.00474578  drift@v37.x  conv_max=0.000367343  conv_mean=7.68811e-06  nan=0
[outlier] v37  inc_tri=6  worst|M|=5.33333  pos=(0.2618,-1.30525,-1.7104)
[pd-step]     step 210  dof=1875  pd|Δx|_max=0.0358221  pd|Δx|_mean=0.000334497
[avbd-drive] step 211 wrote AVBD output to Particle.pos
[avbd-friction] step 211 applied 497 vert/primitive friction events
[avbd-contact] step 211 projected 107 vert/primitive penetrations
[avbd-selfcoll] step 211 resolved 22  detect=12311 us  resolve=25 us  path=gpu
[avbd-step] step 211  dof=1875  iters=16  rc=0  wall=36148 us  |Δx|_max=0.0358636  |Δx|_mean=0.000406023  pred_max=0.0358611  drift_max=0.0047389  drift@v37.x  conv_max=0.000361592  conv_mean=7.71535e-06  nan=0
[outlier] v37  inc_tri=6  worst|M|=5.33333  pos=(0.260376,-1.30578,-1.71136)
[pd-step]     step 211  dof=1875  pd|Δx|_max=0.0358611  pd|Δx|_mean=0.000336425
[avbd-drive] step 212 wrote AVBD output to Particle.pos
[avbd-friction] step 212 applied 497 vert/primitive friction events
[avbd-contact] step 212 projected 107 vert/primitive penetrations
[avbd-selfcoll] step 212 resolved 23  detect=10998 us  resolve=23 us  path=gpu
[avbd-step] step 212  dof=1875  iters=16  rc=0  wall=34044 us  |Δx|_max=0.0358444  |Δx|_mean=0.000407566  pred_max=0.0358636  drift_max=0.00466734  drift@v37.x  conv_max=0.000362869  conv_mean=7.74758e-06  nan=0
[outlier] v37  inc_tri=6  worst|M|=5.33333  pos=(0.259135,-1.30619,-1.71252)
[pd-step]     step 212  dof=1875  pd|Δx|_max=0.0358636  pd|Δx|_mean=0.000338415
[avbd-drive] step 213 wrote AVBD output to Particle.pos
[avbd-friction] step 213 applied 498 vert/primitive friction events
[avbd-contact] step 213 projected 110 vert/primitive penetrations
[avbd-selfcoll] step 213 resolved 23  detect=11974 us  resolve=23 us  path=gpu
[avbd-step] step 213  dof=1875  iters=16  rc=0  wall=35808 us  |Δx|_max=0.035818  |Δx|_mean=0.000420833  pred_max=0.0358444  drift_max=0.00417542  drift@v604.z  conv_max=0.000375785  conv_mean=7.82162e-06  nan=0
[outlier] v604  inc_tri=3  worst|M|=5.33333  pos=(-0.851038,-1.87393,1.88468)
[pd-step]     step 213  dof=1875  pd|Δx|_max=0.0358444  pd|Δx|_mean=0.000342004
[avbd-drive] step 214 wrote AVBD output to Particle.pos
[avbd-friction] step 214 applied 498 vert/primitive friction events
[avbd-contact] step 214 projected 111 vert/primitive penetrations
[avbd-selfcoll] step 214 resolved 21  detect=12354 us  resolve=23 us  path=gpu
[avbd-step] step 214  dof=1875  iters=16  rc=0  wall=37940 us  |Δx|_max=0.035796  |Δx|_mean=0.000420349  pred_max=0.035818  drift_max=0.00248474  drift@v37.x  conv_max=0.000390898  conv_mean=7.8871e-06  nan=0
[outlier] v37  inc_tri=6  worst|M|=5.33333  pos=(0.257739,-1.30684,-1.71522)
[pd-step]     step 214  dof=1875  pd|Δx|_max=0.035818  pd|Δx|_mean=0.000355219
[avbd-drive] step 215 wrote AVBD output to Particle.pos
[avbd-friction] step 215 applied 499 vert/primitive friction events
[avbd-contact] step 215 projected 111 vert/primitive penetrations
[avbd-selfcoll] step 215 resolved 22  detect=10725 us  resolve=18 us  path=gpu
[avbd-step] step 215  dof=1875  iters=16  rc=0  wall=33468 us  |Δx|_max=0.0357835  |Δx|_mean=0.000414029  pred_max=0.035796  drift_max=0.00242591  drift@v603.x  conv_max=0.000408128  conv_mean=7.91049e-06  nan=0
[outlier] v603  inc_tri=3  worst|M|=5.33333  pos=(-0.992805,-2.00114,1.8634)
[pd-step]     step 215  dof=1875  pd|Δx|_max=0.035796  pd|Δx|_mean=0.000355179
[avbd-drive] step 216 wrote AVBD output to Particle.pos
[avbd-friction] step 216 applied 500 vert/primitive friction events
[avbd-contact] step 216 projected 111 vert/primitive penetrations
[avbd-selfcoll] step 216 resolved 21  detect=13522 us  resolve=23 us  path=gpu
[avbd-step] step 216  dof=1875  iters=16  rc=0  wall=34753 us  |Δx|_max=0.0357579  |Δx|_mean=0.000411019  pred_max=0.0357835  drift_max=0.00128603  drift@v578.z  conv_max=0.000427201  conv_mean=7.90922e-06  nan=0
[outlier] v578  inc_tri=6  worst|M|=5.33333  pos=(-0.869345,-1.93405,1.74033)
[pd-step]     step 216  dof=1875  pd|Δx|_max=0.0357835  pd|Δx|_mean=0.000350003
[avbd-drive] step 217 wrote AVBD output to Particle.pos
[avbd-friction] step 217 applied 499 vert/primitive friction events
[avbd-contact] step 217 projected 116 vert/primitive penetrations
[avbd-selfcoll] step 217 resolved 20  detect=11715 us  resolve=23 us  path=gpu
[avbd-step] step 217  dof=1875  iters=16  rc=0  wall=30277 us  |Δx|_max=0.0356089  |Δx|_mean=0.000408935  pred_max=0.0357579  drift_max=0.00109312  drift@v12.x  conv_max=0.000447256  conv_mean=7.91885e-06  nan=0
[outlier] v12  inc_tri=3  worst|M|=5.33333  pos=(0.295141,-1.442,-1.84734)
[pd-step]     step 217  dof=1875  pd|Δx|_max=0.0357579  pd|Δx|_mean=0.00034848
[avbd-drive] step 218 wrote AVBD output to Particle.pos
[avbd-friction] step 218 applied 498 vert/primitive friction events
[avbd-contact] step 218 projected 118 vert/primitive penetrations
[avbd-selfcoll] step 218 resolved 18  detect=10795 us  resolve=21 us  path=gpu
[avbd-step] step 218  dof=1875  iters=16  rc=0  wall=30403 us  |Δx|_max=0.0352915  |Δx|_mean=0.000406892  pred_max=0.0356089  drift_max=0.00100219  drift@v12.z  conv_max=0.000467692  conv_mean=7.92935e-06  nan=0
[outlier] v12  inc_tri=3  worst|M|=5.33333  pos=(0.2927,-1.442,-1.8509)
[pd-step]     step 218  dof=1875  pd|Δx|_max=0.0356089  pd|Δx|_mean=0.000347724
[avbd-drive] step 219 wrote AVBD output to Particle.pos
[avbd-friction] step 219 applied 498 vert/primitive friction events
[avbd-contact] step 219 projected 118 vert/primitive penetrations
[avbd-selfcoll] step 219 resolved 19  detect=10858 us  resolve=27 us  path=gpu
[avbd-step] step 219  dof=1875  iters=16  rc=0  wall=39738 us  |Δx|_max=0.034796  |Δx|_mean=0.000404555  pred_max=0.0352916  drift_max=0.00110102  drift@v12.z  conv_max=0.000487756  conv_mean=7.94167e-06  nan=0
[outlier] v12  inc_tri=3  worst|M|=5.33333  pos=(0.290476,-1.44168,-1.85413)
[pd-step]     step 219  dof=1875  pd|Δx|_max=0.0352915  pd|Δx|_mean=0.000346725
[avbd-drive] step 220 wrote AVBD output to Particle.pos
[avbd-friction] step 220 applied 498 vert/primitive friction events
[avbd-contact] step 220 projected 120 vert/primitive penetrations
[avbd-selfcoll] step 220 resolved 19  detect=10789 us  resolve=20 us  path=gpu
[avbd-step] step 220  dof=1875  iters=16  rc=0  wall=32802 us  |Δx|_max=0.0341309  |Δx|_mean=0.00040314  pred_max=0.034796  drift_max=0.00105381  drift@v12.z  conv_max=0.000506166  conv_mean=7.94052e-06  nan=0
[outlier] v12  inc_tri=3  worst|M|=5.33333  pos=(0.288457,-1.44109,-1.85694)
[pd-step]     step 220  dof=1875  pd|Δx|_max=0.034796  pd|Δx|_mean=0.000345572
[avbd-drive] step 221 wrote AVBD output to Particle.pos
[avbd-friction] step 221 applied 497 vert/primitive friction events
[avbd-contact] step 221 projected 120 vert/primitive penetrations
[avbd-selfcoll] step 221 resolved 20  detect=10675 us  resolve=27 us  path=gpu
220..[avbd-step] step 221  dof=1875  iters=16  rc=0  wall=28458 us  |Δx|_max=0.033319  |Δx|_mean=0.000402982  pred_max=0.0341309  drift_max=0.000973821  drift@v250.x  conv_max=0.000521878  conv_mean=7.9442e-06  nan=0
[outlier] v250  inc_tri=3  worst|M|=5.33333  pos=(-1.61813,-1.876,-0.0125328)
[pd-step]     step 221  dof=1875  pd|Δx|_max=0.0341309  pd|Δx|_mean=0.000345274
[avbd-drive] step 222 wrote AVBD output to Particle.pos
[avbd-friction] step 222 applied 497 vert/primitive friction events
[avbd-contact] step 222 projected 120 vert/primitive penetrations
[avbd-selfcoll] step 222 resolved 21  detect=12679 us  resolve=18 us  path=gpu
[avbd-step] step 222  dof=1875  iters=16  rc=0  wall=34804 us  |Δx|_max=0.0323958  |Δx|_mean=0.000404534  pred_max=0.033319  drift_max=0.00103104  drift@v250.x  conv_max=0.000534112  conv_mean=7.95566e-06  nan=0
[outlier] v250  inc_tri=3  worst|M|=5.33333  pos=(-1.62349,-1.87367,-0.0139797)
[pd-step]     step 222  dof=1875  pd|Δx|_max=0.033319  pd|Δx|_mean=0.000345989
[avbd-drive] step 223 wrote AVBD output to Particle.pos
[avbd-friction] step 223 applied 498 vert/primitive friction events
[avbd-contact] step 223 projected 123 vert/primitive penetrations
[avbd-selfcoll] step 223 resolved 23  detect=14403 us  resolve=23 us  path=gpu
[avbd-step] step 223  dof=1875  iters=16  rc=0  wall=38689 us  |Δx|_max=0.0314073  |Δx|_mean=0.000400103  pred_max=0.0323958  drift_max=0.00421497  drift@v351.z  conv_max=0.000542475  conv_mean=7.87772e-06  nan=0
[outlier] v351  inc_tri=6  worst|M|=5.33333  pos=(-1.45654,-1.69415,0.292264)
[pd-step]     step 223  dof=1875  pd|Δx|_max=0.0323958  pd|Δx|_mean=0.000343505
[avbd-drive] step 224 wrote AVBD output to Particle.pos
[avbd-friction] step 224 applied 499 vert/primitive friction events
[avbd-contact] step 224 projected 123 vert/primitive penetrations
[avbd-selfcoll] step 224 resolved 19  detect=10944 us  resolve=42 us  path=gpu
[avbd-step] step 224  dof=1875  iters=16  rc=0  wall=28236 us  |Δx|_max=0.0305013  |Δx|_mean=0.000400154  pred_max=0.0314073  drift_max=0.00499994  drift@v351.z  conv_max=0.000545468  conv_mean=7.81724e-06  nan=0
[outlier] v351  inc_tri=6  worst|M|=5.33333  pos=(-1.45581,-1.69447,0.294223)
[pd-step]     step 224  dof=1875  pd|Δx|_max=0.0314073  pd|Δx|_mean=0.00034111
[avbd-drive] step 225 wrote AVBD output to Particle.pos
[avbd-friction] step 225 applied 501 vert/primitive friction events
[avbd-contact] step 225 projected 125 vert/primitive penetrations
[avbd-selfcoll] step 225 resolved 20  detect=16626 us  resolve=24 us  path=gpu
[avbd-step] step 225  dof=1875  iters=16  rc=0  wall=35972 us  |Δx|_max=0.0296032  |Δx|_mean=0.000401698  pred_max=0.0305013  drift_max=0.00489458  drift@v351.z  conv_max=0.000545438  conv_mean=7.79458e-06  nan=0
[outlier] v351  inc_tri=6  worst|M|=5.33333  pos=(-1.45482,-1.6947,0.295723)
[pd-step]     step 225  dof=1875  pd|Δx|_max=0.0305013  pd|Δx|_mean=0.000342054
[avbd-drive] step 226 wrote AVBD output to Particle.pos
[avbd-friction] step 226 applied 502 vert/primitive friction events
[avbd-contact] step 226 projected 127 vert/primitive penetrations
[avbd-selfcoll] step 226 resolved 20  detect=12468 us  resolve=21 us  path=gpu
[avbd-step] step 226  dof=1875  iters=16  rc=0  wall=32544 us  |Δx|_max=0.0286594  |Δx|_mean=0.000403726  pred_max=0.0296032  drift_max=0.00455141  drift@v351.z  conv_max=0.00054367  conv_mean=7.79997e-06  nan=0
[outlier] v351  inc_tri=6  worst|M|=5.33333  pos=(-1.45363,-1.69492,0.296595)
[pd-step]     step 226  dof=1875  pd|Δx|_max=0.0296032  pd|Δx|_mean=0.000343717
[avbd-drive] step 227 wrote AVBD output to Particle.pos
[avbd-friction] step 227 applied 502 vert/primitive friction events
[avbd-contact] step 227 projected 127 vert/primitive penetrations
[avbd-selfcoll] step 227 resolved 17  detect=11141 us  resolve=27 us  path=gpu
[avbd-step] step 227  dof=1875  iters=16  rc=0  wall=31743 us  |Δx|_max=0.0276968  |Δx|_mean=0.000405531  pred_max=0.0286594  drift_max=0.00411156  drift@v351.z  conv_max=0.000540449  conv_mean=7.82592e-06  nan=0
[outlier] v351  inc_tri=6  worst|M|=5.33333  pos=(-1.45234,-1.69525,0.296959)
[pd-step]     step 227  dof=1875  pd|Δx|_max=0.0286594  pd|Δx|_mean=0.000345887
[avbd-drive] step 228 wrote AVBD output to Particle.pos
[avbd-friction] step 228 applied 503 vert/primitive friction events
[avbd-contact] step 228 projected 127 vert/primitive penetrations
[avbd-selfcoll] step 228 resolved 17  detect=11747 us  resolve=35 us  path=gpu
[avbd-step] step 228  dof=1875  iters=16  rc=0  wall=31105 us  |Δx|_max=0.0267635  |Δx|_mean=0.000406341  pred_max=0.0276968  drift_max=0.00363803  drift@v351.z  conv_max=0.000535986  conv_mean=7.849e-06  nan=0
[outlier] v351  inc_tri=6  worst|M|=5.33333  pos=(-1.45099,-1.69574,0.296992)
[pd-step]     step 228  dof=1875  pd|Δx|_max=0.0276968  pd|Δx|_mean=0.000347488
[avbd-drive] step 229 wrote AVBD output to Particle.pos
[avbd-friction] step 229 applied 502 vert/primitive friction events
[avbd-contact] step 229 projected 130 vert/primitive penetrations
[avbd-selfcoll] step 229 resolved 17  detect=10746 us  resolve=19 us  path=gpu
[avbd-step] step 229  dof=1875  iters=16  rc=0  wall=28763 us  |Δx|_max=0.0258925  |Δx|_mean=0.000407888  pred_max=0.0267635  drift_max=0.00313956  drift@v351.z  conv_max=0.000530318  conv_mean=7.88011e-06  nan=0
[outlier] v351  inc_tri=6  worst|M|=5.33333  pos=(-1.44962,-1.6964,0.296854)
[pd-step]     step 229  dof=1875  pd|Δx|_max=0.0267635  pd|Δx|_mean=0.000349369
[avbd-drive] step 230 wrote AVBD output to Particle.pos
[avbd-friction] step 230 applied 501 vert/primitive friction events
[avbd-contact] step 230 projected 131 vert/primitive penetrations
[avbd-selfcoll] step 230 resolved 17  detect=11047 us  resolve=18 us  path=gpu
[avbd-step] step 230  dof=1875  iters=16  rc=0  wall=34281 us  |Δx|_max=0.0251182  |Δx|_mean=0.000408731  pred_max=0.0258925  drift_max=0.00263017  drift@v351.z  conv_max=0.000525159  conv_mean=7.88345e-06  nan=0
[outlier] v351  inc_tri=6  worst|M|=5.33333  pos=(-1.4483,-1.6972,0.296664)
[pd-step]     step 230  dof=1875  pd|Δx|_max=0.0258925  pd|Δx|_mean=0.00034996
[avbd-drive] step 231 wrote AVBD output to Particle.pos
[avbd-friction] step 231 applied 503 vert/primitive friction events
[avbd-contact] step 231 projected 133 vert/primitive penetrations
[avbd-selfcoll] step 231 resolved 19  detect=11538 us  resolve=26 us  path=gpu
[avbd-step] step 231  dof=1875  iters=16  rc=0  wall=27765 us  |Δx|_max=0.0244213  |Δx|_mean=0.000403794  pred_max=0.0251182  drift_max=0.00305513  drift@v39.x  conv_max=0.000519739  conv_mean=7.74528e-06  nan=0
[outlier] v39  inc_tri=6  worst|M|=5.33333  pos=(0.419041,-1.25706,-1.71373)
[pd-step]     step 231  dof=1875  pd|Δx|_max=0.0251182  pd|Δx|_mean=0.0003454
[avbd-drive] step 232 wrote AVBD output to Particle.pos
[avbd-friction] step 232 applied 502 vert/primitive friction events
[avbd-contact] step 232 projected 133 vert/primitive penetrations
[avbd-selfcoll] step 232 resolved 19  detect=11191 us  resolve=24 us  path=gpu
[avbd-step] step 232  dof=1875  iters=16  rc=0  wall=31470 us  |Δx|_max=0.023772  |Δx|_mean=0.000403847  pred_max=0.0244213  drift_max=0.00381705  drift@v39.x  conv_max=0.000514764  conv_mean=7.73995e-06  nan=0
[outlier] v39  inc_tri=6  worst|M|=5.33333  pos=(0.421596,-1.25609,-1.7139)
[pd-step]     step 232  dof=1875  pd|Δx|_max=0.0244213  pd|Δx|_mean=0.000344235
[avbd-drive] step 233 wrote AVBD output to Particle.pos
[avbd-friction] step 233 applied 501 vert/primitive friction events
[avbd-contact] step 233 projected 134 vert/primitive penetrations
[avbd-selfcoll] step 233 resolved 20  detect=10694 us  resolve=20 us  path=gpu
[avbd-step] step 233  dof=1875  iters=16  rc=0  wall=34321 us  |Δx|_max=0.0231598  |Δx|_mean=0.000404226  pred_max=0.023772  drift_max=0.00409988  drift@v39.x  conv_max=0.000511027  conv_mean=7.73639e-06  nan=0
[outlier] v39  inc_tri=6  worst|M|=5.33333  pos=(0.423979,-1.25497,-1.71427)
[pd-step]     step 233  dof=1875  pd|Δx|_max=0.023772  pd|Δx|_mean=0.000344611
[avbd-drive] step 234 wrote AVBD output to Particle.pos
[avbd-friction] step 234 applied 499 vert/primitive friction events
[avbd-contact] step 234 projected 135 vert/primitive penetrations
[avbd-selfcoll] step 234 resolved 18  detect=10732 us  resolve=19 us  path=gpu
[avbd-step] step 234  dof=1875  iters=16  rc=0  wall=28264 us  |Δx|_max=0.0225994  |Δx|_mean=0.000405613  pred_max=0.0231598  drift_max=0.00265554  drift@v39.x  conv_max=0.000508728  conv_mean=7.76891e-06  nan=0
[outlier] v39  inc_tri=6  worst|M|=5.33333  pos=(0.425773,-1.25397,-1.7146)
[pd-step]     step 234  dof=1875  pd|Δx|_max=0.0231598  pd|Δx|_mean=0.000347141
[avbd-drive] step 235 wrote AVBD output to Particle.pos
[avbd-friction] step 235 applied 498 vert/primitive friction events
[avbd-contact] step 235 projected 135 vert/primitive penetrations
[avbd-selfcoll] step 235 resolved 20  detect=12113 us  resolve=20 us  path=gpu
[avbd-step] step 235  dof=1875  iters=16  rc=0  wall=28350 us  |Δx|_max=0.022121  |Δx|_mean=0.000407676  pred_max=0.0225994  drift_max=0.0015358  drift@v39.x  conv_max=0.000507936  conv_mean=7.79497e-06  nan=0
[outlier] v39  inc_tri=6  worst|M|=5.33333  pos=(0.42584,-1.25382,-1.71424)
[pd-step]     step 235  dof=1875  pd|Δx|_max=0.0225994  pd|Δx|_mean=0.000349339
[avbd-drive] step 236 wrote AVBD output to Particle.pos
[avbd-friction] step 236 applied 499 vert/primitive friction events
[avbd-contact] step 236 projected 136 vert/primitive penetrations
[avbd-selfcoll] step 236 resolved 22  detect=14033 us  resolve=20 us  path=gpu
[avbd-step] step 236  dof=1875  iters=16  rc=0  wall=32566 us  |Δx|_max=0.0226957  |Δx|_mean=0.000405977  pred_max=0.022121  drift_max=0.00348186  drift@v39.x  conv_max=0.000508402  conv_mean=7.72824e-06  nan=0
[outlier] v39  inc_tri=6  worst|M|=5.33333  pos=(0.425123,-1.25448,-1.71288)
[pd-step]     step 236  dof=1875  pd|Δx|_max=0.022121  pd|Δx|_mean=0.000348243
[avbd-drive] step 237 wrote AVBD output to Particle.pos
[avbd-friction] step 237 applied 499 vert/primitive friction events
[avbd-contact] step 237 projected 137 vert/primitive penetrations
[avbd-selfcoll] step 237 resolved 19  detect=14866 us  resolve=25 us  path=gpu
[avbd-step] step 237  dof=1875  iters=16  rc=0  wall=33732 us  |Δx|_max=0.0235748  |Δx|_mean=0.000407269  pred_max=0.0226957  drift_max=0.00401089  drift@v39.x  conv_max=0.000509817  conv_mean=7.72144e-06  nan=0
[outlier] v39  inc_tri=6  worst|M|=5.33333  pos=(0.426574,-1.25423,-1.71278)
[pd-step]     step 237  dof=1875  pd|Δx|_max=0.0226957  pd|Δx|_mean=0.000348775
[avbd-drive] step 238 wrote AVBD output to Particle.pos
[avbd-friction] step 238 applied 499 vert/primitive friction events
[avbd-contact] step 238 projected 138 vert/primitive penetrations
[avbd-selfcoll] step 238 resolved 20  detect=13023 us  resolve=21 us  path=gpu
[avbd-step] step 238  dof=1875  iters=16  rc=0  wall=32190 us  |Δx|_max=0.0243495  |Δx|_mean=0.000403461  pred_max=0.0235748  drift_max=0.00421339  drift@v39.x  conv_max=0.000511847  conv_mean=7.64433e-06  nan=0
[outlier] v39  inc_tri=6  worst|M|=5.33333  pos=(0.428104,-1.25386,-1.71292)
[pd-step]     step 238  dof=1875  pd|Δx|_max=0.0235748  pd|Δx|_mean=0.000346156
[avbd-drive] step 239 wrote AVBD output to Particle.pos
[avbd-friction] step 239 applied 499 vert/primitive friction events
[avbd-contact] step 239 projected 138 vert/primitive penetrations
[avbd-selfcoll] step 239 resolved 19  detect=11418 us  resolve=27 us  path=gpu
[avbd-step] step 239  dof=1875  iters=16  rc=0  wall=30849 us  |Δx|_max=0.0250157  |Δx|_mean=0.000401302  pred_max=0.0243495  drift_max=0.00351533  drift@v39.x  conv_max=0.000514251  conv_mean=7.63209e-06  nan=0
[outlier] v39  inc_tri=6  worst|M|=5.33333  pos=(0.4273,-1.2542,-1.71318)
[pd-step]     step 239  dof=1875  pd|Δx|_max=0.0243495  pd|Δx|_mean=0.000344568
[avbd-drive] step 240 wrote AVBD output to Particle.pos
[avbd-friction] step 240 applied 498 vert/primitive friction events
[avbd-contact] step 240 projected 139 vert/primitive penetrations
[avbd-selfcoll] step 240 resolved 17  detect=10578 us  resolve=25 us  path=gpu
[avbd-step] step 240  dof=1875  iters=16  rc=0  wall=32389 us  |Δx|_max=0.0255732  |Δx|_mean=0.000399667  pred_max=0.0250157  drift_max=0.00307757  drift@v39.x  conv_max=0.000516646  conv_mean=7.61282e-06  nan=0
[outlier] v39  inc_tri=6  worst|M|=5.33333  pos=(0.426591,-1.25445,-1.71313)
[pd-step]     step 240  dof=1875  pd|Δx|_max=0.0250157  pd|Δx|_mean=0.000343973
[avbd-drive] step 241 wrote AVBD output to Particle.pos
[avbd-friction] step 241 applied 498 vert/primitive friction events
[avbd-contact] step 241 projected 139 vert/primitive penetrations
[avbd-selfcoll] step 241 resolved 18  detect=10961 us  resolve=28 us  path=gpu
240..[avbd-step] step 241  dof=1875  iters=16  rc=0  wall=32426 us  |Δx|_max=0.0260262  |Δx|_mean=0.00039761  pred_max=0.0255732  drift_max=0.00281525  drift@v39.x  conv_max=0.000518814  conv_mean=7.57952e-06  nan=0
[outlier] v39  inc_tri=6  worst|M|=5.33333  pos=(0.426167,-1.25457,-1.71298)
[pd-step]     step 241  dof=1875  pd|Δx|_max=0.0255732  pd|Δx|_mean=0.000343322
[avbd-drive] step 242 wrote AVBD output to Particle.pos
[avbd-friction] step 242 applied 499 vert/primitive friction events
[avbd-contact] step 242 projected 139 vert/primitive penetrations
[avbd-selfcoll] step 242 resolved 17  detect=10883 us  resolve=20 us  path=gpu
[avbd-step] step 242  dof=1875  iters=16  rc=0  wall=27923 us  |Δx|_max=0.026384  |Δx|_mean=0.000394758  pred_max=0.0260262  drift_max=0.00263384  drift@v39.x  conv_max=0.000520533  conv_mean=7.5333e-06  nan=0
[outlier] v39  inc_tri=6  worst|M|=5.33333  pos=(0.425927,-1.25465,-1.71283)
[pd-step]     step 242  dof=1875  pd|Δx|_max=0.0260262  pd|Δx|_mean=0.000341487
[avbd-drive] step 243 wrote AVBD output to Particle.pos
[avbd-friction] step 243 applied 499 vert/primitive friction events
[avbd-contact] step 243 projected 139 vert/primitive penetrations
[avbd-selfcoll] step 243 resolved 19  detect=10886 us  resolve=18 us  path=gpu
[avbd-step] step 243  dof=1875  iters=16  rc=0  wall=28449 us  |Δx|_max=0.0266603  |Δx|_mean=0.000391829  pred_max=0.026384  drift_max=0.0025211  drift@v37.x  conv_max=0.000521621  conv_mean=7.49242e-06  nan=0
[outlier] v37  inc_tri=6  worst|M|=5.33333  pos=(0.268665,-1.31268,-1.71502)
[pd-step]     step 243  dof=1875  pd|Δx|_max=0.026384  pd|Δx|_mean=0.000339408
[avbd-drive] step 244 wrote AVBD output to Particle.pos
[avbd-friction] step 244 applied 499 vert/primitive friction events
[avbd-contact] step 244 projected 139 vert/primitive penetrations
[avbd-selfcoll] step 244 resolved 17  detect=11401 us  resolve=25 us  path=gpu
[avbd-step] step 244  dof=1875  iters=16  rc=0  wall=21306 us  |Δx|_max=0.0268725  |Δx|_mean=0.000389868  pred_max=0.0266603  drift_max=0.00246784  drift@v37.x  conv_max=0.000521954  conv_mean=7.4752e-06  nan=0
[outlier] v37  inc_tri=6  worst|M|=5.33333  pos=(0.268703,-1.31303,-1.71439)
[pd-step]     step 244  dof=1875  pd|Δx|_max=0.0266603  pd|Δx|_mean=0.000337165
[avbd-drive] step 245 wrote AVBD output to Particle.pos
[avbd-friction] step 245 applied 500 vert/primitive friction events
[avbd-contact] step 245 projected 141 vert/primitive penetrations
[avbd-selfcoll] step 245 resolved 17  detect=10692 us  resolve=20 us  path=gpu
[avbd-step] step 245  dof=1875  iters=16  rc=0  wall=22510 us  |Δx|_max=0.0270403  |Δx|_mean=0.000387771  pred_max=0.0268725  drift_max=0.00240007  drift@v37.x  conv_max=0.000521457  conv_mean=7.43818e-06  nan=0
[outlier] v37  inc_tri=6  worst|M|=5.33333  pos=(0.268793,-1.3134,-1.71385)
[pd-step]     step 245  dof=1875  pd|Δx|_max=0.0268725  pd|Δx|_mean=0.000334953
[avbd-drive] step 246 wrote AVBD output to Particle.pos
[avbd-friction] step 246 applied 501 vert/primitive friction events
[avbd-contact] step 246 projected 143 vert/primitive penetrations
[avbd-selfcoll] step 246 resolved 18  detect=10598 us  resolve=23 us  path=gpu
[avbd-step] step 246  dof=1875  iters=16  rc=0  wall=24072 us  |Δx|_max=0.0271831  |Δx|_mean=0.000385166  pred_max=0.0270403  drift_max=0.00231728  drift@v37.x  conv_max=0.000520285  conv_mean=7.38561e-06  nan=0
[outlier] v37  inc_tri=6  worst|M|=5.33333  pos=(0.268909,-1.3138,-1.71346)
[pd-step]     step 246  dof=1875  pd|Δx|_max=0.0270403  pd|Δx|_mean=0.0003329
[avbd-drive] step 247 wrote AVBD output to Particle.pos
[avbd-friction] step 247 applied 500 vert/primitive friction events
[avbd-contact] step 247 projected 143 vert/primitive penetrations
[avbd-selfcoll] step 247 resolved 16  detect=11309 us  resolve=20 us  path=gpu
[avbd-step] step 247  dof=1875  iters=16  rc=0  wall=20944 us  |Δx|_max=0.027687  |Δx|_mean=0.000384434  pred_max=0.0271831  drift_max=0.00222015  drift@v37.x  conv_max=0.000518067  conv_mean=7.37078e-06  nan=0
[outlier] v37  inc_tri=6  worst|M|=5.33333  pos=(0.26903,-1.31419,-1.71325)
[pd-step]     step 247  dof=1875  pd|Δx|_max=0.0271831  pd|Δx|_mean=0.000331711
[avbd-drive] step 248 wrote AVBD output to Particle.pos
[avbd-friction] step 248 applied 502 vert/primitive friction events
[avbd-contact] step 248 projected 144 vert/primitive penetrations
[avbd-selfcoll] step 248 resolved 18  detect=10700 us  resolve=19 us  path=gpu
[avbd-step] step 248  dof=1875  iters=16  rc=0  wall=22644 us  |Δx|_max=0.0288862  |Δx|_mean=0.0003825  pred_max=0.027687  drift_max=0.00210917  drift@v37.x  conv_max=0.000520455  conv_mean=7.35853e-06  nan=0
[outlier] v37  inc_tri=6  worst|M|=5.33333  pos=(0.269139,-1.31456,-1.71322)
[pd-step]     step 248  dof=1875  pd|Δx|_max=0.027687  pd|Δx|_mean=0.000329478
[avbd-drive] step 249 wrote AVBD output to Particle.pos
[avbd-friction] step 249 applied 501 vert/primitive friction events
[avbd-contact] step 249 projected 144 vert/primitive penetrations
[avbd-selfcoll] step 249 resolved 18  detect=10882 us  resolve=18 us  path=gpu
[avbd-step] step 249  dof=1875  iters=16  rc=0  wall=22909 us  |Δx|_max=0.0301633  |Δx|_mean=0.000382082  pred_max=0.0288862  drift_max=0.00198573  drift@v37.x  conv_max=0.000513775  conv_mean=7.32664e-06  nan=0
[outlier] v37  inc_tri=6  worst|M|=5.33333  pos=(0.26922,-1.31491,-1.71337)
[pd-step]     step 249  dof=1875  pd|Δx|_max=0.0288862  pd|Δx|_mean=0.000328653
[avbd-drive] step 250 wrote AVBD output to Particle.pos
[avbd-friction] step 250 applied 502 vert/primitive friction events
[avbd-contact] step 250 projected 144 vert/primitive penetrations
[avbd-selfcoll] step 250 resolved 19  detect=11122 us  resolve=24 us  path=gpu
[avbd-step] step 250  dof=1875  iters=16  rc=0  wall=23498 us  |Δx|_max=0.0314604  |Δx|_mean=0.000381472  pred_max=0.0301633  drift_max=0.0018979  drift@v39.x  conv_max=0.000504334  conv_mean=7.2952e-06  nan=0
[outlier] v39  inc_tri=6  worst|M|=5.33333  pos=(0.425761,-1.25556,-1.71142)
[pd-step]     step 250  dof=1875  pd|Δx|_max=0.0301633  pd|Δx|_mean=0.000328452
[avbd-drive] step 251 wrote AVBD output to Particle.pos
[avbd-friction] step 251 applied 503 vert/primitive friction events
[avbd-contact] step 251 projected 144 vert/primitive penetrations
[avbd-selfcoll] step 251 resolved 21  detect=12197 us  resolve=18 us  path=gpu
[avbd-step] step 251  dof=1875  iters=16  rc=0  wall=21865 us  |Δx|_max=0.0327441  |Δx|_mean=0.000380274  pred_max=0.0314604  drift_max=0.00181431  drift@v39.x  conv_max=0.000491356  conv_mean=7.24697e-06  nan=0
[outlier] v39  inc_tri=6  worst|M|=5.33333  pos=(0.425731,-1.2558,-1.71126)
[pd-step]     step 251  dof=1875  pd|Δx|_max=0.0314604  pd|Δx|_mean=0.000328233
[avbd-drive] step 252 wrote AVBD output to Particle.pos
[avbd-friction] step 252 applied 504 vert/primitive friction events
[avbd-contact] step 252 projected 145 vert/primitive penetrations
[avbd-selfcoll] step 252 resolved 20  detect=11249 us  resolve=21 us  path=gpu
[avbd-step] step 252  dof=1875  iters=16  rc=0  wall=24003 us  |Δx|_max=0.0340082  |Δx|_mean=0.000379099  pred_max=0.0327441  drift_max=0.00172004  drift@v39.x  conv_max=0.000474691  conv_mean=7.18842e-06  nan=0
[outlier] v39  inc_tri=6  worst|M|=5.33333  pos=(0.425665,-1.25608,-1.71111)
[pd-step]     step 252  dof=1875  pd|Δx|_max=0.0327441  pd|Δx|_mean=0.000327657
[avbd-drive] step 253 wrote AVBD output to Particle.pos
[avbd-friction] step 253 applied 504 vert/primitive friction events
[avbd-contact] step 253 projected 146 vert/primitive penetrations
[avbd-selfcoll] step 253 resolved 22  detect=10750 us  resolve=20 us  path=gpu
[avbd-step] step 253  dof=1875  iters=16  rc=0  wall=22032 us  |Δx|_max=0.0352266  |Δx|_mean=0.000378093  pred_max=0.0340082  drift_max=0.001614  drift@v39.x  conv_max=0.000470027  conv_mean=7.13956e-06  nan=0
[outlier] v39  inc_tri=6  worst|M|=5.33333  pos=(0.42556,-1.2564,-1.71097)
[pd-step]     step 253  dof=1875  pd|Δx|_max=0.0340082  pd|Δx|_mean=0.000327428
[avbd-drive] step 254 wrote AVBD output to Particle.pos
[avbd-friction] step 254 applied 504 vert/primitive friction events
[avbd-contact] step 254 projected 146 vert/primitive penetrations
[avbd-selfcoll] step 254 resolved 21  detect=11236 us  resolve=18 us  path=gpu
[avbd-step] step 254  dof=1875  iters=16  rc=0  wall=21862 us  |Δx|_max=0.0363704  |Δx|_mean=0.000376773  pred_max=0.0352266  drift_max=0.00149766  drift@v39.x  conv_max=0.000463009  conv_mean=7.08352e-06  nan=0
[outlier] v39  inc_tri=6  worst|M|=5.33333  pos=(0.425418,-1.25678,-1.71084)
[pd-step]     step 254  dof=1875  pd|Δx|_max=0.0352266  pd|Δx|_mean=0.00032714
[avbd-drive] step 255 wrote AVBD output to Particle.pos
[avbd-friction] step 255 applied 504 vert/primitive friction events
[avbd-contact] step 255 projected 146 vert/primitive penetrations
[avbd-selfcoll] step 255 resolved 21  detect=10783 us  resolve=16 us  path=gpu
[avbd-step] step 255  dof=1875  iters=16  rc=0  wall=23362 us  |Δx|_max=0.0374158  |Δx|_mean=0.000375116  pred_max=0.0363704  drift_max=0.0013749  drift@v39.x  conv_max=0.00045377  conv_mean=7.02206e-06  nan=0
[outlier] v39  inc_tri=6  worst|M|=5.33333  pos=(0.42525,-1.2572,-1.71072)
[pd-step]     step 255  dof=1875  pd|Δx|_max=0.0363704  pd|Δx|_mean=0.000326211
[avbd-drive] step 256 wrote AVBD output to Particle.pos
[avbd-friction] step 256 applied 505 vert/primitive friction events
[avbd-contact] step 256 projected 146 vert/primitive penetrations
[avbd-selfcoll] step 256 resolved 22  detect=10540 us  resolve=21 us  path=gpu
[avbd-step] step 256  dof=1875  iters=16  rc=0  wall=21570 us  |Δx|_max=0.0381582  |Δx|_mean=0.000372806  pred_max=0.0374158  drift_max=0.00135958  drift@v250.x  conv_max=0.00044249  conv_mean=6.93396e-06  nan=0
[outlier] v250  inc_tri=3  worst|M|=5.33333  pos=(-1.56939,-1.90116,0.00258792)
[pd-step]     step 256  dof=1875  pd|Δx|_max=0.0374158  pd|Δx|_mean=0.000324377
[avbd-drive] step 257 wrote AVBD output to Particle.pos
[avbd-friction] step 257 applied 505 vert/primitive friction events
[avbd-contact] step 257 projected 146 vert/primitive penetrations
[avbd-selfcoll] step 257 resolved 21  detect=10710 us  resolve=21 us  path=gpu
[avbd-step] step 257  dof=1875  iters=16  rc=0  wall=21829 us  |Δx|_max=0.0386219  |Δx|_mean=0.000370536  pred_max=0.0381582  drift_max=0.00154638  drift@v250.x  conv_max=0.000429004  conv_mean=6.83643e-06  nan=0
[outlier] v250  inc_tri=3  worst|M|=5.33333  pos=(-1.56167,-1.90266,0.00545047)
[pd-step]     step 257  dof=1875  pd|Δx|_max=0.0381582  pd|Δx|_mean=0.00032219
[avbd-drive] step 258 wrote AVBD output to Particle.pos
[avbd-friction] step 258 applied 505 vert/primitive friction events
[avbd-contact] step 258 projected 146 vert/primitive penetrations
[avbd-selfcoll] step 258 resolved 23  detect=11529 us  resolve=24 us  path=gpu
[avbd-step] step 258  dof=1875  iters=16  rc=0  wall=21424 us  |Δx|_max=0.0388028  |Δx|_mean=0.000368245  pred_max=0.0386219  drift_max=0.00176537  drift@v250.x  conv_max=0.000413239  conv_mean=6.74235e-06  nan=0
[outlier] v250  inc_tri=3  worst|M|=5.33333  pos=(-1.55357,-1.90401,0.00876798)
[pd-step]     step 258  dof=1875  pd|Δx|_max=0.0386219  pd|Δx|_mean=0.000320627
[avbd-drive] step 259 wrote AVBD output to Particle.pos
[avbd-friction] step 259 applied 505 vert/primitive friction events
[avbd-contact] step 259 projected 146 vert/primitive penetrations
[avbd-selfcoll] step 259 resolved 19  detect=11206 us  resolve=20 us  path=gpu
[avbd-step] step 259  dof=1875  iters=16  rc=0  wall=22198 us  |Δx|_max=0.0386673  |Δx|_mean=0.000366939  pred_max=0.0388028  drift_max=0.00195742  drift@v250.x  conv_max=0.000395209  conv_mean=6.64459e-06  nan=0
[outlier] v250  inc_tri=3  worst|M|=5.33333  pos=(-1.5452,-1.90515,0.0125878)
[pd-step]     step 259  dof=1875  pd|Δx|_max=0.0388028  pd|Δx|_mean=0.00031825
[avbd-drive] step 260 wrote AVBD output to Particle.pos
[avbd-friction] step 260 applied 506 vert/primitive friction events
[avbd-contact] step 260 projected 147 vert/primitive penetrations
[avbd-selfcoll] step 260 resolved 23  detect=10589 us  resolve=22 us  path=gpu
[avbd-step] step 260  dof=1875  iters=16  rc=0  wall=23196 us  |Δx|_max=0.0381796  |Δx|_mean=0.000364965  pred_max=0.0386673  drift_max=0.0020653  drift@v250.x  conv_max=0.000375047  conv_mean=6.54893e-06  nan=0
[outlier] v250  inc_tri=3  worst|M|=5.33333  pos=(-1.53677,-1.90601,0.0169131)
[pd-step]     step 260  dof=1875  pd|Δx|_max=0.0386673  pd|Δx|_mean=0.000315741
[avbd-drive] step 261 wrote AVBD output to Particle.pos
[avbd-friction] step 261 applied 504 vert/primitive friction events
[avbd-contact] step 261 projected 148 vert/primitive penetrations
[avbd-selfcoll] step 261 resolved 23  detect=11685 us  resolve=20 us  path=gpu
260..[avbd-step] step 261  dof=1875  iters=16  rc=0  wall=22718 us  |Δx|_max=0.0373238  |Δx|_mean=0.000366906  pred_max=0.0381796  drift_max=0.00203609  drift@v250.x  conv_max=0.000353217  conv_mean=6.51708e-06  nan=0
[outlier] v250  inc_tri=3  worst|M|=5.33333  pos=(-1.52859,-1.90657,0.0216919)
[pd-step]     step 261  dof=1875  pd|Δx|_max=0.0381796  pd|Δx|_mean=0.000315586
[avbd-drive] step 262 wrote AVBD output to Particle.pos
[avbd-friction] step 262 applied 506 vert/primitive friction events
[avbd-contact] step 262 projected 150 vert/primitive penetrations
[avbd-selfcoll] step 262 resolved 24  detect=10520 us  resolve=20 us  path=gpu
[avbd-step] step 262  dof=1875  iters=16  rc=0  wall=22060 us  |Δx|_max=0.0349259  |Δx|_mean=0.000362737  pred_max=0.0373238  drift_max=0.00355608  drift@v251.z  conv_max=0.000330165  conv_mean=6.34017e-06  nan=0
[outlier] v251  inc_tri=6  worst|M|=5.33333  pos=(-1.45686,-1.7398,-0.0146648)
[pd-step]     step 262  dof=1875  pd|Δx|_max=0.0373238  pd|Δx|_mean=0.000309882
[avbd-drive] step 263 wrote AVBD output to Particle.pos
[avbd-friction] step 263 applied 507 vert/primitive friction events
[avbd-contact] step 263 projected 151 vert/primitive penetrations
[avbd-selfcoll] step 263 resolved 24  detect=10539 us  resolve=18 us  path=gpu
[avbd-step] step 263  dof=1875  iters=16  rc=0  wall=21892 us  |Δx|_max=0.031984  |Δx|_mean=0.000363062  pred_max=0.0349259  drift_max=0.00432476  drift@v251.z  conv_max=0.000308037  conv_mean=6.37594e-06  nan=0
[outlier] v251  inc_tri=6  worst|M|=5.33333  pos=(-1.45658,-1.73953,-0.016463)
[pd-step]     step 263  dof=1875  pd|Δx|_max=0.0349259  pd|Δx|_mean=0.000310387
[avbd-drive] step 264 wrote AVBD output to Particle.pos
[avbd-friction] step 264 applied 508 vert/primitive friction events
[avbd-contact] step 264 projected 153 vert/primitive penetrations
[avbd-selfcoll] step 264 resolved 22  detect=10598 us  resolve=19 us  path=gpu
[avbd-step] step 264  dof=1875  iters=16  rc=0  wall=21297 us  |Δx|_max=0.0289047  |Δx|_mean=0.000363896  pred_max=0.031984  drift_max=0.00447253  drift@v251.z  conv_max=0.000289291  conv_mean=6.45678e-06  nan=0
[outlier] v251  inc_tri=6  worst|M|=5.33333  pos=(-1.45578,-1.73927,-0.0178509)
[pd-step]     step 264  dof=1875  pd|Δx|_max=0.031984  pd|Δx|_mean=0.000310511
[avbd-drive] step 265 wrote AVBD output to Particle.pos
[avbd-friction] step 265 applied 509 vert/primitive friction events
[avbd-contact] step 265 projected 154 vert/primitive penetrations
[avbd-selfcoll] step 265 resolved 20  detect=10635 us  resolve=22 us  path=gpu
[avbd-step] step 265  dof=1875  iters=16  rc=0  wall=20909 us  |Δx|_max=0.0258443  |Δx|_mean=0.000364851  pred_max=0.0289047  drift_max=0.00447389  drift@v251.z  conv_max=0.000274748  conv_mean=6.53926e-06  nan=0
[outlier] v251  inc_tri=6  worst|M|=5.33333  pos=(-1.4546,-1.7391,-0.018651)
[pd-step]     step 265  dof=1875  pd|Δx|_max=0.0289047  pd|Δx|_mean=0.000310349
[avbd-drive] step 266 wrote AVBD output to Particle.pos
[avbd-friction] step 266 applied 509 vert/primitive friction events
[avbd-contact] step 266 projected 155 vert/primitive penetrations
[avbd-selfcoll] step 266 resolved 17  detect=11192 us  resolve=20 us  path=gpu
[avbd-step] step 266  dof=1875  iters=16  rc=0  wall=22673 us  |Δx|_max=0.0236647  |Δx|_mean=0.0003673  pred_max=0.0258443  drift_max=0.00444377  drift@v251.z  conv_max=0.000263944  conv_mean=6.63271e-06  nan=0
[outlier] v251  inc_tri=6  worst|M|=5.33333  pos=(-1.45327,-1.73913,-0.019066)
[pd-step]     step 266  dof=1875  pd|Δx|_max=0.0258443  pd|Δx|_mean=0.000312094
[avbd-drive] step 267 wrote AVBD output to Particle.pos
[avbd-friction] step 267 applied 509 vert/primitive friction events
[avbd-contact] step 267 projected 155 vert/primitive penetrations
[avbd-selfcoll] step 267 resolved 16  detect=19781 us  resolve=36 us  path=gpu
[avbd-step] step 267  dof=1875  iters=16  rc=0  wall=23477 us  |Δx|_max=0.0229253  |Δx|_mean=0.000368855  pred_max=0.0236647  drift_max=0.0043778  drift@v251.z  conv_max=0.000276655  conv_mean=6.71359e-06  nan=0
[outlier] v251  inc_tri=6  worst|M|=5.33333  pos=(-1.45192,-1.73943,-0.0192216)
[pd-step]     step 267  dof=1875  pd|Δx|_max=0.0236647  pd|Δx|_mean=0.000314462
[avbd-drive] step 268 wrote AVBD output to Particle.pos
[avbd-friction] step 268 applied 509 vert/primitive friction events
[avbd-contact] step 268 projected 155 vert/primitive penetrations
[avbd-selfcoll] step 268 resolved 17  detect=10951 us  resolve=21 us  path=gpu
[avbd-step] step 268  dof=1875  iters=16  rc=0  wall=24935 us  |Δx|_max=0.0223526  |Δx|_mean=0.000370873  pred_max=0.0229253  drift_max=0.00426257  drift@v251.z  conv_max=0.00029289  conv_mean=6.77799e-06  nan=0
[outlier] v251  inc_tri=6  worst|M|=5.33333  pos=(-1.45065,-1.73998,-0.0192222)
[pd-step]     step 268  dof=1875  pd|Δx|_max=0.0229253  pd|Δx|_mean=0.000315522
[avbd-drive] step 269 wrote AVBD output to Particle.pos
[avbd-friction] step 269 applied 508 vert/primitive friction events
[avbd-contact] step 269 projected 155 vert/primitive penetrations
[avbd-selfcoll] step 269 resolved 16  detect=12276 us  resolve=22 us  path=gpu
[avbd-step] step 269  dof=1875  iters=16  rc=0  wall=28133 us  |Δx|_max=0.0219719  |Δx|_mean=0.000372356  pred_max=0.0223526  drift_max=0.00409781  drift@v251.z  conv_max=0.00030943  conv_mean=6.82539e-06  nan=0
[outlier] v251  inc_tri=6  worst|M|=5.33333  pos=(-1.44953,-1.74069,-0.0191535)
[pd-step]     step 269  dof=1875  pd|Δx|_max=0.0223526  pd|Δx|_mean=0.000317104
[avbd-drive] step 270 wrote AVBD output to Particle.pos
[avbd-friction] step 270 applied 507 vert/primitive friction events
[avbd-contact] step 270 projected 155 vert/primitive penetrations
[avbd-selfcoll] step 270 resolved 16  detect=11005 us  resolve=21 us  path=gpu
[avbd-step] step 270  dof=1875  iters=16  rc=0  wall=24802 us  |Δx|_max=0.0217942  |Δx|_mean=0.000373759  pred_max=0.0219719  drift_max=0.00389313  drift@v251.z  conv_max=0.000325657  conv_mean=6.8499e-06  nan=0
[outlier] v251  inc_tri=6  worst|M|=5.33333  pos=(-1.44865,-1.74146,-0.0190677)
[pd-step]     step 270  dof=1875  pd|Δx|_max=0.0219719  pd|Δx|_mean=0.000319173
[avbd-drive] step 271 wrote AVBD output to Particle.pos
[avbd-friction] step 271 applied 504 vert/primitive friction events
[avbd-contact] step 271 projected 157 vert/primitive penetrations
[avbd-selfcoll] step 271 resolved 17  detect=11054 us  resolve=19 us  path=gpu
[avbd-step] step 271  dof=1875  iters=16  rc=0  wall=28030 us  |Δx|_max=0.0217912  |Δx|_mean=0.000374578  pred_max=0.0217942  drift_max=0.00366208  drift@v251.z  conv_max=0.000341389  conv_mean=6.86129e-06  nan=0
[outlier] v251  inc_tri=6  worst|M|=5.33333  pos=(-1.44805,-1.74222,-0.0189839)
[pd-step]     step 271  dof=1875  pd|Δx|_max=0.0217942  pd|Δx|_mean=0.000320853
[avbd-drive] step 272 wrote AVBD output to Particle.pos
[avbd-friction] step 272 applied 504 vert/primitive friction events
[avbd-contact] step 272 projected 158 vert/primitive penetrations
[avbd-selfcoll] step 272 resolved 16  detect=12138 us  resolve=24 us  path=gpu
[avbd-step] step 272  dof=1875  iters=16  rc=0  wall=21924 us  |Δx|_max=0.0219354  |Δx|_mean=0.000373062  pred_max=0.0217912  drift_max=0.0034147  drift@v251.z  conv_max=0.000356518  conv_mean=6.84347e-06  nan=0
[outlier] v251  inc_tri=6  worst|M|=5.33333  pos=(-1.44779,-1.74293,-0.0189007)
[pd-step]     step 272  dof=1875  pd|Δx|_max=0.0217912  pd|Δx|_mean=0.000320566
[avbd-drive] step 273 wrote AVBD output to Particle.pos
[avbd-friction] step 273 applied 505 vert/primitive friction events
[avbd-contact] step 273 projected 159 vert/primitive penetrations
[avbd-selfcoll] step 273 resolved 16  detect=13147 us  resolve=25 us  path=gpu
[avbd-step] step 273  dof=1875  iters=16  rc=0  wall=28471 us  |Δx|_max=0.022597  |Δx|_mean=0.000371637  pred_max=0.0219354  drift_max=0.00314003  drift@v251.z  conv_max=0.000371527  conv_mean=6.82975e-06  nan=0
[outlier] v251  inc_tri=6  worst|M|=5.33333  pos=(-1.4479,-1.74359,-0.0188136)
[pd-step]     step 273  dof=1875  pd|Δx|_max=0.0219354  pd|Δx|_mean=0.000319693
[avbd-drive] step 274 wrote AVBD output to Particle.pos
[avbd-friction] step 274 applied 504 vert/primitive friction events
[avbd-contact] step 274 projected 161 vert/primitive penetrations
[avbd-selfcoll] step 274 resolved 18  detect=10793 us  resolve=20 us  path=gpu
[avbd-step] step 274  dof=1875  iters=16  rc=0  wall=28379 us  |Δx|_max=0.0234437  |Δx|_mean=0.000369666  pred_max=0.022597  drift_max=0.00284072  drift@v251.z  conv_max=0.000386585  conv_mean=6.81526e-06  nan=0
[outlier] v251  inc_tri=6  worst|M|=5.33333  pos=(-1.44859,-1.74419,-0.0187731)
[pd-step]     step 274  dof=1875  pd|Δx|_max=0.022597  pd|Δx|_mean=0.00031865
[avbd-drive] step 275 wrote AVBD output to Particle.pos
[avbd-friction] step 275 applied 504 vert/primitive friction events
[avbd-contact] step 275 projected 162 vert/primitive penetrations
[avbd-selfcoll] step 275 resolved 15  detect=11983 us  resolve=20 us  path=gpu
[avbd-step] step 275  dof=1875  iters=16  rc=0  wall=29252 us  |Δx|_max=0.0243673  |Δx|_mean=0.000366943  pred_max=0.0234437  drift_max=0.00253277  drift@v251.z  conv_max=0.000401653  conv_mean=6.79509e-06  nan=0
[outlier] v251  inc_tri=6  worst|M|=5.33333  pos=(-1.45,-1.74471,-0.01885)
[pd-step]     step 275  dof=1875  pd|Δx|_max=0.0234437  pd|Δx|_mean=0.000317216
[avbd-drive] step 276 wrote AVBD output to Particle.pos
[avbd-friction] step 276 applied 505 vert/primitive friction events
[avbd-contact] step 276 projected 163 vert/primitive penetrations
[avbd-selfcoll] step 276 resolved 17  detect=11336 us  resolve=20 us  path=gpu
[avbd-step] step 276  dof=1875  iters=16  rc=0  wall=29861 us  |Δx|_max=0.0253506  |Δx|_mean=0.000363927  pred_max=0.0243673  drift_max=0.00223595  drift@v251.z  conv_max=0.000416912  conv_mean=6.76289e-06  nan=0
[outlier] v251  inc_tri=6  worst|M|=5.33333  pos=(-1.45213,-1.74515,-0.0191078)
[pd-step]     step 276  dof=1875  pd|Δx|_max=0.0243673  pd|Δx|_mean=0.000315005
[avbd-drive] step 277 wrote AVBD output to Particle.pos
[avbd-friction] step 277 applied 504 vert/primitive friction events
[avbd-contact] step 277 projected 165 vert/primitive penetrations
[avbd-selfcoll] step 277 resolved 15  detect=10940 us  resolve=21 us  path=gpu
[avbd-step] step 277  dof=1875  iters=16  rc=0  wall=34194 us  |Δx|_max=0.0263742  |Δx|_mean=0.000361256  pred_max=0.0253506  drift_max=0.00196736  drift@v251.z  conv_max=0.000432309  conv_mean=6.72353e-06  nan=0
[outlier] v251  inc_tri=6  worst|M|=5.33333  pos=(-1.45488,-1.74553,-0.0195929)
[pd-step]     step 277  dof=1875  pd|Δx|_max=0.0253506  pd|Δx|_mean=0.000312515
[avbd-drive] step 278 wrote AVBD output to Particle.pos
[avbd-friction] step 278 applied 503 vert/primitive friction events
[avbd-contact] step 278 projected 166 vert/primitive penetrations
[avbd-selfcoll] step 278 resolved 15  detect=14141 us  resolve=24 us  path=gpu
[avbd-step] step 278  dof=1875  iters=16  rc=0  wall=30845 us  |Δx|_max=0.0274273  |Δx|_mean=0.000358088  pred_max=0.0263742  drift_max=0.00152096  drift@v251.z  conv_max=0.000448439  conv_mean=6.66043e-06  nan=0
[outlier] v251  inc_tri=6  worst|M|=5.33333  pos=(-1.4581,-1.74585,-0.0203312)
[pd-step]     step 278  dof=1875  pd|Δx|_max=0.0263742  pd|Δx|_mean=0.0003109
[avbd-drive] step 279 wrote AVBD output to Particle.pos
[avbd-friction] step 279 applied 505 vert/primitive friction events
[avbd-contact] step 279 projected 167 vert/primitive penetrations
[avbd-selfcoll] step 279 resolved 15  detect=11650 us  resolve=21 us  path=gpu
[avbd-step] step 279  dof=1875  iters=16  rc=0  wall=28278 us  |Δx|_max=0.0285133  |Δx|_mean=0.000355296  pred_max=0.0274273  drift_max=0.00120068  drift@v305.x  conv_max=0.000465766  conv_mean=6.6131e-06  nan=0
[outlier] v305  inc_tri=6  worst|M|=5.33333  pos=(-1.10292,-1.06078,0.0582751)
[pd-step]     step 279  dof=1875  pd|Δx|_max=0.0274273  pd|Δx|_mean=0.000309009
[avbd-drive] step 280 wrote AVBD output to Particle.pos
[avbd-friction] step 280 applied 505 vert/primitive friction events
[avbd-contact] step 280 projected 168 vert/primitive penetrations
[avbd-selfcoll] step 280 resolved 15  detect=10803 us  resolve=40 us  path=gpu
[avbd-step] step 280  dof=1875  iters=16  rc=0  wall=29041 us  |Δx|_max=0.0296117  |Δx|_mean=0.00035215  pred_max=0.0285133  drift_max=0.00119245  drift@v305.x  conv_max=0.000481978  conv_mean=6.54586e-06  nan=0
[outlier] v305  inc_tri=6  worst|M|=5.33333  pos=(-1.10297,-1.06087,0.0581894)
[pd-step]     step 280  dof=1875  pd|Δx|_max=0.0285133  pd|Δx|_mean=0.000307185
[avbd-drive] step 281 wrote AVBD output to Particle.pos
[avbd-friction] step 281 applied 506 vert/primitive friction events
[avbd-contact] step 281 projected 170 vert/primitive penetrations
[avbd-selfcoll] step 281 resolved 14  detect=10877 us  resolve=23 us  path=gpu
280..[avbd-step] step 281  dof=1875  iters=16  rc=0  wall=32110 us  |Δx|_max=0.0306795  |Δx|_mean=0.000348227  pred_max=0.0296117  drift_max=0.00118446  drift@v305.x  conv_max=0.000496682  conv_mean=6.46122e-06  nan=0
[outlier] v305  inc_tri=6  worst|M|=5.33333  pos=(-1.10303,-1.06098,0.058125)
[pd-step]     step 281  dof=1875  pd|Δx|_max=0.0296117  pd|Δx|_mean=0.000304062
[avbd-drive] step 282 wrote AVBD output to Particle.pos
[avbd-friction] step 282 applied 505 vert/primitive friction events
[avbd-contact] step 282 projected 171 vert/primitive penetrations
[avbd-selfcoll] step 282 resolved 13  detect=10640 us  resolve=21 us  path=gpu
[avbd-step] step 282  dof=1875  iters=16  rc=0  wall=27827 us  |Δx|_max=0.0316613  |Δx|_mean=0.000345292  pred_max=0.0306795  drift_max=0.00117755  drift@v305.x  conv_max=0.000509739  conv_mean=6.42476e-06  nan=0
[outlier] v305  inc_tri=6  worst|M|=5.33333  pos=(-1.1031,-1.06111,0.0580811)
[pd-step]     step 282  dof=1875  pd|Δx|_max=0.0306795  pd|Δx|_mean=0.000301859
[avbd-drive] step 283 wrote AVBD output to Particle.pos
[avbd-friction] step 283 applied 505 vert/primitive friction events
[avbd-contact] step 283 projected 172 vert/primitive penetrations
[avbd-selfcoll] step 283 resolved 13  detect=11244 us  resolve=37 us  path=gpu
[avbd-step] step 283  dof=1875  iters=16  rc=0  wall=29636 us  |Δx|_max=0.0325086  |Δx|_mean=0.00034267  pred_max=0.0316613  drift_max=0.00117624  drift@v275.x  conv_max=0.000520959  conv_mean=6.42632e-06  nan=0
[outlier] v275  inc_tri=3  worst|M|=5.33333  pos=(-1.72173,-1.79342,0.0349564)
[pd-step]     step 283  dof=1875  pd|Δx|_max=0.0316613  pd|Δx|_mean=0.000299986
[avbd-drive] step 284 wrote AVBD output to Particle.pos
[avbd-friction] step 284 applied 503 vert/primitive friction events
[avbd-contact] step 284 projected 175 vert/primitive penetrations
[avbd-selfcoll] step 284 resolved 13  detect=12894 us  resolve=87 us  path=gpu
[avbd-step] step 284  dof=1875  iters=16  rc=0  wall=28735 us  |Δx|_max=0.0331923  |Δx|_mean=0.000340974  pred_max=0.0325086  drift_max=0.00130129  drift@v325.y  conv_max=0.000529863  conv_mean=6.42813e-06  nan=0
[outlier] v325  inc_tri=3  worst|M|=5.33333  pos=(-1.73421,-1.77128,0.205171)
[pd-step]     step 284  dof=1875  pd|Δx|_max=0.0325086  pd|Δx|_mean=0.000298232
[avbd-drive] step 285 wrote AVBD output to Particle.pos
[avbd-friction] step 285 applied 505 vert/primitive friction events
[avbd-contact] step 285 projected 176 vert/primitive penetrations
[avbd-selfcoll] step 285 resolved 13  detect=11554 us  resolve=21 us  path=gpu
[avbd-step] step 285  dof=1875  iters=16  rc=0  wall=32592 us  |Δx|_max=0.0337035  |Δx|_mean=0.000338785  pred_max=0.0331923  drift_max=0.00140274  drift@v325.y  conv_max=0.000535898  conv_mean=6.42754e-06  nan=0
[outlier] v325  inc_tri=3  worst|M|=5.33333  pos=(-1.73238,-1.77431,0.21036)
[pd-step]     step 285  dof=1875  pd|Δx|_max=0.0331923  pd|Δx|_mean=0.000296525
[avbd-drive] step 286 wrote AVBD output to Particle.pos
[avbd-friction] step 286 applied 504 vert/primitive friction events
[avbd-contact] step 286 projected 176 vert/primitive penetrations
[avbd-selfcoll] step 286 resolved 14  detect=11323 us  resolve=22 us  path=gpu
[avbd-step] step 286  dof=1875  iters=16  rc=0  wall=32025 us  |Δx|_max=0.0340457  |Δx|_mean=0.000336733  pred_max=0.0337035  drift_max=0.00147247  drift@v325.y  conv_max=0.000538699  conv_mean=6.44974e-06  nan=0
[outlier] v325  inc_tri=3  worst|M|=5.33333  pos=(-1.73017,-1.77751,0.215463)
[pd-step]     step 286  dof=1875  pd|Δx|_max=0.0337035  pd|Δx|_mean=0.000294971
[avbd-drive] step 287 wrote AVBD output to Particle.pos
[avbd-friction] step 287 applied 505 vert/primitive friction events
[avbd-contact] step 287 projected 176 vert/primitive penetrations
[avbd-selfcoll] step 287 resolved 16  detect=10968 us  resolve=20 us  path=gpu
[avbd-step] step 287  dof=1875  iters=16  rc=0  wall=27777 us  |Δx|_max=0.0342257  |Δx|_mean=0.000334022  pred_max=0.0340457  drift_max=0.00151026  drift@v325.y  conv_max=0.000538275  conv_mean=6.46393e-06  nan=0
[outlier] v325  inc_tri=3  worst|M|=5.33333  pos=(-1.72752,-1.78079,0.220389)
[pd-step]     step 287  dof=1875  pd|Δx|_max=0.0340457  pd|Δx|_mean=0.000292945
[avbd-drive] step 288 wrote AVBD output to Particle.pos
[avbd-friction] step 288 applied 505 vert/primitive friction events
[avbd-contact] step 288 projected 179 vert/primitive penetrations
[avbd-selfcoll] step 288 resolved 16  detect=10767 us  resolve=25 us  path=gpu
[avbd-step] step 288  dof=1875  iters=16  rc=0  wall=28233 us  |Δx|_max=0.0342472  |Δx|_mean=0.000332464  pred_max=0.0342257  drift_max=0.0015173  drift@v325.y  conv_max=0.000534996  conv_mean=6.48458e-06  nan=0
[outlier] v325  inc_tri=3  worst|M|=5.33333  pos=(-1.72444,-1.78412,0.225064)
[pd-step]     step 288  dof=1875  pd|Δx|_max=0.0342257  pd|Δx|_mean=0.000290715
[avbd-drive] step 289 wrote AVBD output to Particle.pos
[avbd-friction] step 289 applied 506 vert/primitive friction events
[avbd-contact] step 289 projected 180 vert/primitive penetrations
[avbd-selfcoll] step 289 resolved 14  detect=10734 us  resolve=17 us  path=gpu
[avbd-step] step 289  dof=1875  iters=16  rc=0  wall=29062 us  |Δx|_max=0.0341105  |Δx|_mean=0.000332495  pred_max=0.0342472  drift_max=0.00149393  drift@v325.y  conv_max=0.000529431  conv_mean=6.48351e-06  nan=0
[outlier] v325  inc_tri=3  worst|M|=5.33333  pos=(-1.72095,-1.78742,0.229433)
[pd-step]     step 289  dof=1875  pd|Δx|_max=0.0342472  pd|Δx|_mean=0.000288756
[avbd-drive] step 290 wrote AVBD output to Particle.pos
[avbd-friction] step 290 applied 507 vert/primitive friction events
[avbd-contact] step 290 projected 180 vert/primitive penetrations
[avbd-selfcoll] step 290 resolved 14  detect=11466 us  resolve=20 us  path=gpu
[avbd-step] step 290  dof=1875  iters=16  rc=0  wall=31624 us  |Δx|_max=0.0338166  |Δx|_mean=0.000330859  pred_max=0.0341105  drift_max=0.0014261  drift@v325.y  conv_max=0.000522055  conv_mean=6.48269e-06  nan=0
[outlier] v325  inc_tri=3  worst|M|=5.33333  pos=(-1.71712,-1.79065,0.233459)
[pd-step]     step 290  dof=1875  pd|Δx|_max=0.0341105  pd|Δx|_mean=0.000286831
[avbd-drive] step 291 wrote AVBD output to Particle.pos
[avbd-friction] step 291 applied 507 vert/primitive friction events
[avbd-contact] step 291 projected 181 vert/primitive penetrations
[avbd-selfcoll] step 291 resolved 16  detect=12910 us  resolve=22 us  path=gpu
[avbd-step] step 291  dof=1875  iters=16  rc=0  wall=28183 us  |Δx|_max=0.033373  |Δx|_mean=0.000332198  pred_max=0.0338166  drift_max=0.00155199  drift@v352.x  conv_max=0.000513554  conv_mean=6.5017e-06  nan=0
[outlier] v352  inc_tri=6  worst|M|=5.33333  pos=(-1.41483,-1.53107,0.319144)
[pd-step]     step 291  dof=1875  pd|Δx|_max=0.0338166  pd|Δx|_mean=0.000286991
[avbd-drive] step 292 wrote AVBD output to Particle.pos
[avbd-friction] step 292 applied 508 vert/primitive friction events
[avbd-contact] step 292 projected 181 vert/primitive penetrations
[avbd-selfcoll] step 292 resolved 15  detect=10726 us  resolve=23 us  path=gpu
[avbd-step] step 292  dof=1875  iters=16  rc=0  wall=30521 us  |Δx|_max=0.0327988  |Δx|_mean=0.000333051  pred_max=0.033373  drift_max=0.00174832  drift@v352.x  conv_max=0.000504173  conv_mean=6.50992e-06  nan=0
[outlier] v352  inc_tri=6  worst|M|=5.33333  pos=(-1.41323,-1.53131,0.319036)
[pd-step]     step 292  dof=1875  pd|Δx|_max=0.033373  pd|Δx|_mean=0.000287623
[avbd-drive] step 293 wrote AVBD output to Particle.pos
[avbd-friction] step 293 applied 508 vert/primitive friction events
[avbd-contact] step 293 projected 181 vert/primitive penetrations
[avbd-selfcoll] step 293 resolved 16  detect=13603 us  resolve=18 us  path=gpu
[avbd-step] step 293  dof=1875  iters=16  rc=0  wall=27154 us  |Δx|_max=0.0321231  |Δx|_mean=0.000333502  pred_max=0.0327988  drift_max=0.00183201  drift@v352.x  conv_max=0.000494123  conv_mean=6.5132e-06  nan=0
[outlier] v352  inc_tri=6  worst|M|=5.33333  pos=(-1.41143,-1.53161,0.318857)
[pd-step]     step 293  dof=1875  pd|Δx|_max=0.0327988  pd|Δx|_mean=0.000288014
[avbd-drive] step 294 wrote AVBD output to Particle.pos
[avbd-friction] step 294 applied 509 vert/primitive friction events
[avbd-contact] step 294 projected 181 vert/primitive penetrations
[avbd-selfcoll] step 294 resolved 16  detect=10714 us  resolve=27 us  path=gpu
[avbd-step] step 294  dof=1875  iters=16  rc=0  wall=25286 us  |Δx|_max=0.0313795  |Δx|_mean=0.000332164  pred_max=0.0321231  drift_max=0.00185549  drift@v352.x  conv_max=0.00048352  conv_mean=6.50533e-06  nan=0
[outlier] v352  inc_tri=6  worst|M|=5.33333  pos=(-1.40954,-1.53191,0.3186)
[pd-step]     step 294  dof=1875  pd|Δx|_max=0.0321231  pd|Δx|_mean=0.000287292
[avbd-drive] step 295 wrote AVBD output to Particle.pos
[avbd-friction] step 295 applied 509 vert/primitive friction events
[avbd-contact] step 295 projected 181 vert/primitive penetrations
[avbd-selfcoll] step 295 resolved 15  detect=12217 us  resolve=23 us  path=gpu
[avbd-step] step 295  dof=1875  iters=16  rc=0  wall=27615 us  |Δx|_max=0.0305995  |Δx|_mean=0.000331869  pred_max=0.0313795  drift_max=0.00185192  drift@v352.x  conv_max=0.000472501  conv_mean=6.50873e-06  nan=0
[outlier] v352  inc_tri=6  worst|M|=5.33333  pos=(-1.40763,-1.5322,0.31827)
[pd-step]     step 295  dof=1875  pd|Δx|_max=0.0313795  pd|Δx|_mean=0.000286779
[avbd-drive] step 296 wrote AVBD output to Particle.pos
[avbd-friction] step 296 applied 510 vert/primitive friction events
[avbd-contact] step 296 projected 181 vert/primitive penetrations
[avbd-selfcoll] step 296 resolved 18  detect=10895 us  resolve=25 us  path=gpu
[avbd-step] step 296  dof=1875  iters=16  rc=0  wall=28487 us  |Δx|_max=0.0298096  |Δx|_mean=0.000331427  pred_max=0.0305995  drift_max=0.00183821  drift@v352.x  conv_max=0.000461295  conv_mean=6.51757e-06  nan=0
[outlier] v352  inc_tri=6  worst|M|=5.33333  pos=(-1.40572,-1.53247,0.317871)
[pd-step]     step 296  dof=1875  pd|Δx|_max=0.0305995  pd|Δx|_mean=0.000286393
[avbd-drive] step 297 wrote AVBD output to Particle.pos
[avbd-friction] step 297 applied 510 vert/primitive friction events
[avbd-contact] step 297 projected 181 vert/primitive penetrations
[avbd-selfcoll] step 297 resolved 12  detect=12658 us  resolve=18 us  path=gpu
[avbd-step] step 297  dof=1875  iters=16  rc=0  wall=26920 us  |Δx|_max=0.0290301  |Δx|_mean=0.000331249  pred_max=0.0298096  drift_max=0.00182164  drift@v352.x  conv_max=0.000450224  conv_mean=6.53044e-06  nan=0
[outlier] v352  inc_tri=6  worst|M|=5.33333  pos=(-1.40383,-1.53275,0.317405)
[pd-step]     step 297  dof=1875  pd|Δx|_max=0.0298096  pd|Δx|_mean=0.000286118
[avbd-drive] step 298 wrote AVBD output to Particle.pos
[avbd-friction] step 298 applied 510 vert/primitive friction events
[avbd-contact] step 298 projected 181 vert/primitive penetrations
[avbd-selfcoll] step 298 resolved 15  detect=10757 us  resolve=21 us  path=gpu
[avbd-step] step 298  dof=1875  iters=16  rc=0  wall=24914 us  |Δx|_max=0.0282867  |Δx|_mean=0.000328804  pred_max=0.0290301  drift_max=0.00165808  drift@v352.x  conv_max=0.000440344  conv_mean=6.53992e-06  nan=0
[outlier] v352  inc_tri=6  worst|M|=5.33333  pos=(-1.40196,-1.53304,0.316877)
[pd-step]     step 298  dof=1875  pd|Δx|_max=0.0290301  pd|Δx|_mean=0.000283691
[avbd-drive] step 299 wrote AVBD output to Particle.pos
[avbd-friction] step 299 applied 510 vert/primitive friction events
[avbd-contact] step 299 projected 181 vert/primitive penetrations
[avbd-selfcoll] step 299 resolved 13  detect=11316 us  resolve=20 us  path=gpu
[avbd-step] step 299  dof=1875  iters=16  rc=0  wall=27004 us  |Δx|_max=0.0275865  |Δx|_mean=0.000328977  pred_max=0.0282867  drift_max=0.00154793  drift@v352.x  conv_max=0.000431076  conv_mean=6.54958e-06  nan=0
[outlier] v352  inc_tri=6  worst|M|=5.33333  pos=(-1.40025,-1.53341,0.316325)
[pd-step]     step 299  dof=1875  pd|Δx|_max=0.0282867  pd|Δx|_mean=0.000282825
[avbd-drive] step 300 wrote AVBD output to Particle.pos
[avbd-friction] step 300 applied 510 vert/primitive friction events
[avbd-contact] step 300 projected 183 vert/primitive penetrations
[avbd-selfcoll] step 300 resolved 14  detect=11696 us  resolve=23 us  path=gpu
[avbd-step] step 300  dof=1875  iters=16  rc=0  wall=26669 us  |Δx|_max=0.0269586  |Δx|_mean=0.00032898  pred_max=0.0275865  drift_max=0.00142884  drift@v352.x  conv_max=0.000422686  conv_mean=6.56983e-06  nan=0
[outlier] v352  inc_tri=6  worst|M|=5.33333  pos=(-1.39866,-1.53383,0.315777)
[pd-step]     step 300  dof=1875  pd|Δx|_max=0.0275865  pd|Δx|_mean=0.000282533
[avbd-drive] step 301 wrote AVBD output to Particle.pos
[avbd-friction] step 301 applied 510 vert/primitive friction events
[avbd-contact] step 301 projected 184 vert/primitive penetrations
[avbd-selfcoll] step 301 resolved 14  detect=10854 us  resolve=29 us  path=gpu
300..[avbd-step] step 301  dof=1875  iters=16  rc=0  wall=22446 us  |Δx|_max=0.026425  |Δx|_mean=0.000328995  pred_max=0.0269586  drift_max=0.00129867  drift@v352.x  conv_max=0.000415519  conv_mean=6.593e-06  nan=0
[outlier] v352  inc_tri=6  worst|M|=5.33333  pos=(-1.39719,-1.53426,0.315243)
[pd-step]     step 301  dof=1875  pd|Δx|_max=0.0269586  pd|Δx|_mean=0.00028258
[avbd-drive] step 302 wrote AVBD output to Particle.pos
[avbd-friction] step 302 applied 510 vert/primitive friction events
[avbd-contact] step 302 projected 185 vert/primitive penetrations
[avbd-selfcoll] step 302 resolved 11  detect=10729 us  resolve=21 us  path=gpu
[avbd-step] step 302  dof=1875  iters=16  rc=0  wall=22607 us  |Δx|_max=0.0259784  |Δx|_mean=0.000329181  pred_max=0.026425  drift_max=0.0011735  drift@v352.x  conv_max=0.000409305  conv_mean=6.62608e-06  nan=0
[outlier] v352  inc_tri=6  worst|M|=5.33333  pos=(-1.39585,-1.5347,0.31473)
[pd-step]     step 302  dof=1875  pd|Δx|_max=0.026425  pd|Δx|_mean=0.000282568
[avbd-drive] step 303 wrote AVBD output to Particle.pos
[avbd-friction] step 303 applied 510 vert/primitive friction events
[avbd-contact] step 303 projected 185 vert/primitive penetrations
[avbd-selfcoll] step 303 resolved 14  detect=10832 us  resolve=22 us  path=gpu
[avbd-step] step 303  dof=1875  iters=16  rc=0  wall=23489 us  |Δx|_max=0.0255949  |Δx|_mean=0.000330079  pred_max=0.0259784  drift_max=0.00119126  drift@v325.y  conv_max=0.000403956  conv_mean=6.66495e-06  nan=0
[outlier] v325  inc_tri=3  worst|M|=5.33333  pos=(-1.67048,-1.8238,0.256719)
[pd-step]     step 303  dof=1875  pd|Δx|_max=0.0259784  pd|Δx|_mean=0.000281864
[avbd-drive] step 304 wrote AVBD output to Particle.pos
[avbd-friction] step 304 applied 511 vert/primitive friction events
[avbd-contact] step 304 projected 186 vert/primitive penetrations
[avbd-selfcoll] step 304 resolved 14  detect=12016 us  resolve=24 us  path=gpu
[avbd-step] step 304  dof=1875  iters=16  rc=0  wall=24978 us  |Δx|_max=0.0252582  |Δx|_mean=0.000331347  pred_max=0.0255949  drift_max=0.00119376  drift@v325.y  conv_max=0.000402734  conv_mean=6.7035e-06  nan=0
[outlier] v325  inc_tri=3  worst|M|=5.33333  pos=(-1.66947,-1.82495,0.256636)
[pd-step]     step 304  dof=1875  pd|Δx|_max=0.0255949  pd|Δx|_mean=0.000283133
[avbd-drive] step 305 wrote AVBD output to Particle.pos
[avbd-friction] step 305 applied 511 vert/primitive friction events
[avbd-contact] step 305 projected 188 vert/primitive penetrations
[avbd-selfcoll] step 305 resolved 15  detect=12015 us  resolve=22 us  path=gpu
[avbd-step] step 305  dof=1875  iters=16  rc=0  wall=21893 us  |Δx|_max=0.0250812  |Δx|_mean=0.000333387  pred_max=0.0252582  drift_max=0.00115171  drift@v37.x  conv_max=0.000407219  conv_mean=6.74464e-06  nan=0
[outlier] v37  inc_tri=6  worst|M|=5.33333  pos=(0.275692,-1.32449,-1.70074)
[pd-step]     step 305  dof=1875  pd|Δx|_max=0.0252582  pd|Δx|_mean=0.000284993
[avbd-drive] step 306 wrote AVBD output to Particle.pos
[avbd-friction] step 306 applied 511 vert/primitive friction events
[avbd-contact] step 306 projected 188 vert/primitive penetrations
[avbd-selfcoll] step 306 resolved 13  detect=10751 us  resolve=21 us  path=gpu
[avbd-step] step 306  dof=1875  iters=16  rc=0  wall=22080 us  |Δx|_max=0.0253866  |Δx|_mean=0.000335552  pred_max=0.0250812  drift_max=0.00118876  drift@v37.x  conv_max=0.000411972  conv_mean=6.7881e-06  nan=0
[outlier] v37  inc_tri=6  worst|M|=5.33333  pos=(0.275455,-1.32491,-1.70043)
[pd-step]     step 306  dof=1875  pd|Δx|_max=0.0250812  pd|Δx|_mean=0.000287613
[avbd-drive] step 307 wrote AVBD output to Particle.pos
[avbd-friction] step 307 applied 511 vert/primitive friction events
[avbd-contact] step 307 projected 188 vert/primitive penetrations
[avbd-selfcoll] step 307 resolved 15  detect=11228 us  resolve=23 us  path=gpu
[avbd-step] step 307  dof=1875  iters=16  rc=0  wall=24792 us  |Δx|_max=0.0257026  |Δx|_mean=0.000337115  pred_max=0.0253866  drift_max=0.00122106  drift@v37.x  conv_max=0.000416622  conv_mean=6.82609e-06  nan=0
[outlier] v37  inc_tri=6  worst|M|=5.33333  pos=(0.275223,-1.32533,-1.70014)
[pd-step]     step 307  dof=1875  pd|Δx|_max=0.0253866  pd|Δx|_mean=0.000290237
[avbd-drive] step 308 wrote AVBD output to Particle.pos
[avbd-friction] step 308 applied 511 vert/primitive friction events
[avbd-contact] step 308 projected 188 vert/primitive penetrations
[avbd-selfcoll] step 308 resolved 15  detect=11878 us  resolve=24 us  path=gpu
[avbd-step] step 308  dof=1875  iters=16  rc=0  wall=21540 us  |Δx|_max=0.0260325  |Δx|_mean=0.000338247  pred_max=0.0257026  drift_max=0.00124946  drift@v37.x  conv_max=0.000421688  conv_mean=6.86979e-06  nan=0
[outlier] v37  inc_tri=6  worst|M|=5.33333  pos=(0.274996,-1.32574,-1.69985)
[pd-step]     step 308  dof=1875  pd|Δx|_max=0.0257026  pd|Δx|_mean=0.000292504
[avbd-drive] step 309 wrote AVBD output to Particle.pos
[avbd-friction] step 309 applied 511 vert/primitive friction events
[avbd-contact] step 309 projected 189 vert/primitive penetrations
[avbd-selfcoll] step 309 resolved 17  detect=12723 us  resolve=22 us  path=gpu
[avbd-step] step 309  dof=1875  iters=16  rc=0  wall=22194 us  |Δx|_max=0.0263712  |Δx|_mean=0.000338915  pred_max=0.0260325  drift_max=0.00127468  drift@v37.x  conv_max=0.000427693  conv_mean=6.91306e-06  nan=0
[outlier] v37  inc_tri=6  worst|M|=5.33333  pos=(0.274774,-1.32616,-1.69956)
[pd-step]     step 309  dof=1875  pd|Δx|_max=0.0260325  pd|Δx|_mean=0.000294398
[avbd-drive] step 310 wrote AVBD output to Particle.pos
[avbd-friction] step 310 applied 511 vert/primitive friction events
[avbd-contact] step 310 projected 190 vert/primitive penetrations
[avbd-selfcoll] step 310 resolved 14  detect=10648 us  resolve=26 us  path=gpu
[avbd-step] step 310  dof=1875  iters=16  rc=0  wall=22083 us  |Δx|_max=0.0267119  |Δx|_mean=0.000339531  pred_max=0.0263712  drift_max=0.00129738  drift@v37.x  conv_max=0.000434428  conv_mean=6.95249e-06  nan=0
[outlier] v37  inc_tri=6  worst|M|=5.33333  pos=(0.274555,-1.32657,-1.69929)
[pd-step]     step 310  dof=1875  pd|Δx|_max=0.0263712  pd|Δx|_mean=0.000295627
[avbd-drive] step 311 wrote AVBD output to Particle.pos
[avbd-friction] step 311 applied 510 vert/primitive friction events
[avbd-contact] step 311 projected 190 vert/primitive penetrations
[avbd-selfcoll] step 311 resolved 16  detect=10752 us  resolve=37 us  path=gpu
[avbd-step] step 311  dof=1875  iters=16  rc=0  wall=22179 us  |Δx|_max=0.0270479  |Δx|_mean=0.000339793  pred_max=0.0267119  drift_max=0.00131798  drift@v37.x  conv_max=0.000441983  conv_mean=6.98294e-06  nan=0
[outlier] v37  inc_tri=6  worst|M|=5.33333  pos=(0.274342,-1.32697,-1.69901)
[pd-step]     step 311  dof=1875  pd|Δx|_max=0.0267119  pd|Δx|_mean=0.000296204
[avbd-drive] step 312 wrote AVBD output to Particle.pos
[avbd-friction] step 312 applied 508 vert/primitive friction events
[avbd-contact] step 312 projected 190 vert/primitive penetrations
[avbd-selfcoll] step 312 resolved 16  detect=10727 us  resolve=22 us  path=gpu
[avbd-step] step 312  dof=1875  iters=16  rc=0  wall=21533 us  |Δx|_max=0.0273767  |Δx|_mean=0.000339763  pred_max=0.0270479  drift_max=0.0013369  drift@v37.x  conv_max=0.000450537  conv_mean=7.01519e-06  nan=0
[outlier] v37  inc_tri=6  worst|M|=5.33333  pos=(0.274133,-1.32738,-1.69873)
[pd-step]     step 312  dof=1875  pd|Δx|_max=0.0270479  pd|Δx|_mean=0.000296524
[avbd-drive] step 313 wrote AVBD output to Particle.pos
[avbd-friction] step 313 applied 508 vert/primitive friction events
[avbd-contact] step 313 projected 190 vert/primitive penetrations
[avbd-selfcoll] step 313 resolved 20  detect=10835 us  resolve=23 us  path=gpu
[avbd-step] step 313  dof=1875  iters=16  rc=0  wall=21743 us  |Δx|_max=0.0277045  |Δx|_mean=0.000339518  pred_max=0.0273767  drift_max=0.0013535  drift@v37.x  conv_max=0.000460297  conv_mean=7.03991e-06  nan=0
[outlier] v37  inc_tri=6  worst|M|=5.33333  pos=(0.273929,-1.32779,-1.69845)
[pd-step]     step 313  dof=1875  pd|Δx|_max=0.0273767  pd|Δx|_mean=0.000296604
[avbd-drive] step 314 wrote AVBD output to Particle.pos
[avbd-friction] step 314 applied 508 vert/primitive friction events
[avbd-contact] step 314 projected 190 vert/primitive penetrations
[avbd-selfcoll] step 314 resolved 14  detect=13482 us  resolve=27 us  path=gpu
[avbd-step] step 314  dof=1875  iters=16  rc=0  wall=22661 us  |Δx|_max=0.0280477  |Δx|_mean=0.00033898  pred_max=0.0277045  drift_max=0.00136682  drift@v37.x  conv_max=0.000470906  conv_mean=7.05762e-06  nan=0
[outlier] v37  inc_tri=6  worst|M|=5.33333  pos=(0.273729,-1.3282,-1.69817)
[pd-step]     step 314  dof=1875  pd|Δx|_max=0.0277045  pd|Δx|_mean=0.00029658
[avbd-drive] step 315 wrote AVBD output to Particle.pos
[avbd-friction] step 315 applied 509 vert/primitive friction events
[avbd-contact] step 315 projected 191 vert/primitive penetrations
[avbd-selfcoll] step 315 resolved 17  detect=12768 us  resolve=30 us  path=gpu
[avbd-step] step 315  dof=1875  iters=16  rc=0  wall=23651 us  |Δx|_max=0.0284243  |Δx|_mean=0.000338186  pred_max=0.0280477  drift_max=0.00137699  drift@v37.x  conv_max=0.000482559  conv_mean=7.07684e-06  nan=0
[outlier] v37  inc_tri=6  worst|M|=5.33333  pos=(0.27353,-1.32862,-1.69789)
[pd-step]     step 315  dof=1875  pd|Δx|_max=0.0280477  pd|Δx|_mean=0.000296274
[avbd-drive] step 316 wrote AVBD output to Particle.pos
[avbd-friction] step 316 applied 510 vert/primitive friction events
[avbd-contact] step 316 projected 192 vert/primitive penetrations
[avbd-selfcoll] step 316 resolved 13  detect=10825 us  resolve=23 us  path=gpu
[avbd-step] step 316  dof=1875  iters=16  rc=0  wall=22413 us  |Δx|_max=0.0288493  |Δx|_mean=0.000337172  pred_max=0.0284243  drift_max=0.00138465  drift@v37.x  conv_max=0.000495762  conv_mean=7.08227e-06  nan=0
[outlier] v37  inc_tri=6  worst|M|=5.33333  pos=(0.27333,-1.32904,-1.69761)
[pd-step]     step 316  dof=1875  pd|Δx|_max=0.0284243  pd|Δx|_mean=0.000295659
[avbd-drive] step 317 wrote AVBD output to Particle.pos
[avbd-friction] step 317 applied 510 vert/primitive friction events
[avbd-contact] step 317 projected 192 vert/primitive penetrations
[avbd-selfcoll] step 317 resolved 15  detect=10720 us  resolve=22 us  path=gpu
[avbd-step] step 317  dof=1875  iters=16  rc=0  wall=23277 us  |Δx|_max=0.0293612  |Δx|_mean=0.000336372  pred_max=0.0288493  drift_max=0.00139046  drift@v37.x  conv_max=0.000507638  conv_mean=7.08688e-06  nan=0
[outlier] v37  inc_tri=6  worst|M|=5.33333  pos=(0.273123,-1.32948,-1.69734)
[pd-step]     step 317  dof=1875  pd|Δx|_max=0.0288493  pd|Δx|_mean=0.000295116
[avbd-drive] step 318 wrote AVBD output to Particle.pos
[avbd-friction] step 318 applied 510 vert/primitive friction events
[avbd-contact] step 318 projected 192 vert/primitive penetrations
[avbd-selfcoll] step 318 resolved 19  detect=13308 us  resolve=23 us  path=gpu
[avbd-step] step 318  dof=1875  iters=16  rc=0  wall=23992 us  |Δx|_max=0.0299946  |Δx|_mean=0.000336007  pred_max=0.0293612  drift_max=0.00139499  drift@v37.x  conv_max=0.000515744  conv_mean=7.08763e-06  nan=0
[outlier] v37  inc_tri=6  worst|M|=5.33333  pos=(0.272909,-1.32993,-1.69707)
[pd-step]     step 318  dof=1875  pd|Δx|_max=0.0293612  pd|Δx|_mean=0.000294587
[avbd-drive] step 319 wrote AVBD output to Particle.pos
[avbd-friction] step 319 applied 511 vert/primitive friction events
[avbd-contact] step 319 projected 192 vert/primitive penetrations
[avbd-selfcoll] step 319 resolved 17  detect=10821 us  resolve=29 us  path=gpu
[avbd-step] step 319  dof=1875  iters=16  rc=0  wall=21343 us  |Δx|_max=0.0306978  |Δx|_mean=0.000335504  pred_max=0.0299946  drift_max=0.00139877  drift@v37.x  conv_max=0.000526711  conv_mean=7.08182e-06  nan=0
[outlier] v37  inc_tri=6  worst|M|=5.33333  pos=(0.272684,-1.33038,-1.69681)
[pd-step]     step 319  dof=1875  pd|Δx|_max=0.0299946  pd|Δx|_mean=0.000294265
[avbd-drive] step 320 wrote AVBD output to Particle.pos
[avbd-friction] step 320 applied 511 vert/primitive friction events
[avbd-contact] step 320 projected 193 vert/primitive penetrations
[avbd-selfcoll] step 320 resolved 17  detect=12938 us  resolve=25 us  path=gpu
[avbd-step] step 320  dof=1875  iters=16  rc=0  wall=21549 us  |Δx|_max=0.031453  |Δx|_mean=0.000335041  pred_max=0.0306978  drift_max=0.00140223  drift@v37.x  conv_max=0.000539318  conv_mean=7.06397e-06  nan=0
[outlier] v37  inc_tri=6  worst|M|=5.33333  pos=(0.272449,-1.33084,-1.69656)
[pd-step]     step 320  dof=1875  pd|Δx|_max=0.0306978  pd|Δx|_mean=0.000293603
[avbd-drive] step 321 wrote AVBD output to Particle.pos
[avbd-friction] step 321 applied 510 vert/primitive friction events
[avbd-contact] step 321 projected 194 vert/primitive penetrations
[avbd-selfcoll] step 321 resolved 18  detect=10644 us  resolve=22 us  path=gpu
320..[avbd-step] step 321  dof=1875  iters=16  rc=0  wall=23270 us  |Δx|_max=0.032255  |Δx|_mean=0.000335269  pred_max=0.031453  drift_max=0.00140569  drift@v37.x  conv_max=0.000552133  conv_mean=7.05655e-06  nan=0
[outlier] v37  inc_tri=6  worst|M|=5.33333  pos=(0.272201,-1.33131,-1.69632)
[pd-step]     step 321  dof=1875  pd|Δx|_max=0.031453  pd|Δx|_mean=0.000293653
[avbd-drive] step 322 wrote AVBD output to Particle.pos
[avbd-friction] step 322 applied 511 vert/primitive friction events
[avbd-contact] step 322 projected 197 vert/primitive penetrations
[avbd-selfcoll] step 322 resolved 17  detect=10763 us  resolve=27 us  path=gpu
[avbd-step] step 322  dof=1875  iters=16  rc=0  wall=28880 us  |Δx|_max=0.0330939  |Δx|_mean=0.000335126  pred_max=0.032255  drift_max=0.0014095  drift@v37.x  conv_max=0.000564381  conv_mean=7.04117e-06  nan=0
[outlier] v37  inc_tri=6  worst|M|=5.33333  pos=(0.271941,-1.33178,-1.69609)
[pd-step]     step 322  dof=1875  pd|Δx|_max=0.032255  pd|Δx|_mean=0.000293599
[avbd-drive] step 323 wrote AVBD output to Particle.pos
[avbd-friction] step 323 applied 511 vert/primitive friction events
[avbd-contact] step 323 projected 197 vert/primitive penetrations
[avbd-selfcoll] step 323 resolved 17  detect=11049 us  resolve=22 us  path=gpu
[avbd-step] step 323  dof=1875  iters=16  rc=0  wall=35639 us  |Δx|_max=0.0339507  |Δx|_mean=0.00033526  pred_max=0.0330939  drift_max=0.001414  drift@v37.x  conv_max=0.000575721  conv_mean=7.02781e-06  nan=0
[outlier] v37  inc_tri=6  worst|M|=5.33333  pos=(0.271667,-1.33227,-1.69588)
[pd-step]     step 323  dof=1875  pd|Δx|_max=0.0330939  pd|Δx|_mean=0.000293959
[avbd-drive] step 324 wrote AVBD output to Particle.pos
[avbd-friction] step 324 applied 511 vert/primitive friction events
[avbd-contact] step 324 projected 197 vert/primitive penetrations
[avbd-selfcoll] step 324 resolved 16  detect=10813 us  resolve=26 us  path=gpu
[avbd-step] step 324  dof=1875  iters=16  rc=0  wall=29187 us  |Δx|_max=0.0348026  |Δx|_mean=0.000335915  pred_max=0.0339507  drift_max=0.00141954  drift@v37.x  conv_max=0.000586152  conv_mean=7.00998e-06  nan=0
[outlier] v37  inc_tri=6  worst|M|=5.33333  pos=(0.271381,-1.33276,-1.69567)
[pd-step]     step 324  dof=1875  pd|Δx|_max=0.0339507  pd|Δx|_mean=0.000294284
[avbd-drive] step 325 wrote AVBD output to Particle.pos
[avbd-friction] step 325 applied 512 vert/primitive friction events
[avbd-contact] step 325 projected 197 vert/primitive penetrations
[avbd-selfcoll] step 325 resolved 15  detect=12067 us  resolve=20 us  path=gpu
[avbd-step] step 325  dof=1875  iters=16  rc=0  wall=33085 us  |Δx|_max=0.0356296  |Δx|_mean=0.000336358  pred_max=0.0348026  drift_max=0.00142652  drift@v37.x  conv_max=0.000595778  conv_mean=6.98571e-06  nan=0
[outlier] v37  inc_tri=6  worst|M|=5.33333  pos=(0.271083,-1.33325,-1.69547)
[pd-step]     step 325  dof=1875  pd|Δx|_max=0.0348026  pd|Δx|_mean=0.000294723
[avbd-drive] step 326 wrote AVBD output to Particle.pos
[avbd-friction] step 326 applied 514 vert/primitive friction events
[avbd-contact] step 326 projected 198 vert/primitive penetrations
[avbd-selfcoll] step 326 resolved 19  detect=10750 us  resolve=25 us  path=gpu
[avbd-step] step 326  dof=1875  iters=16  rc=0  wall=29947 us  |Δx|_max=0.0364193  |Δx|_mean=0.000336878  pred_max=0.0356296  drift_max=0.00143489  drift@v37.x  conv_max=0.000604302  conv_mean=6.96368e-06  nan=0
[outlier] v37  inc_tri=6  worst|M|=5.33333  pos=(0.27077,-1.33376,-1.69529)
[pd-step]     step 326  dof=1875  pd|Δx|_max=0.0356296  pd|Δx|_mean=0.000295483
[avbd-drive] step 327 wrote AVBD output to Particle.pos
[avbd-friction] step 327 applied 515 vert/primitive friction events
[avbd-contact] step 327 projected 198 vert/primitive penetrations
[avbd-selfcoll] step 327 resolved 19  detect=13221 us  resolve=26 us  path=gpu
[avbd-step] step 327  dof=1875  iters=16  rc=0  wall=28538 us  |Δx|_max=0.0371637  |Δx|_mean=0.000335157  pred_max=0.0364193  drift_max=0.00144488  drift@v37.x  conv_max=0.000611812  conv_mean=6.88855e-06  nan=0
[outlier] v37  inc_tri=6  worst|M|=5.33333  pos=(0.270444,-1.33426,-1.69511)
[pd-step]     step 327  dof=1875  pd|Δx|_max=0.0364193  pd|Δx|_mean=0.00029433
[avbd-drive] step 328 wrote AVBD output to Particle.pos
[avbd-friction] step 328 applied 515 vert/primitive friction events
[avbd-contact] step 328 projected 198 vert/primitive penetrations
[avbd-selfcoll] step 328 resolved 21  detect=11086 us  resolve=20 us  path=gpu
[avbd-step] step 328  dof=1875  iters=16  rc=0  wall=30189 us  |Δx|_max=0.0378565  |Δx|_mean=0.00033481  pred_max=0.0371637  drift_max=0.00116611  drift@v37.x  conv_max=0.000618652  conv_mean=6.86203e-06  nan=0
[outlier] v37  inc_tri=6  worst|M|=5.33333  pos=(0.27096,-1.3344,-1.69507)
[pd-step]     step 328  dof=1875  pd|Δx|_max=0.0371637  pd|Δx|_mean=0.000294232
[avbd-drive] step 329 wrote AVBD output to Particle.pos
[avbd-friction] step 329 applied 513 vert/primitive friction events
[avbd-contact] step 329 projected 198 vert/primitive penetrations
[avbd-selfcoll] step 329 resolved 22  detect=12590 us  resolve=22 us  path=gpu
[avbd-step] step 329  dof=1875  iters=16  rc=0  wall=28245 us  |Δx|_max=0.038493  |Δx|_mean=0.000334566  pred_max=0.0378565  drift_max=0.00106454  drift@v305.x  conv_max=0.000624388  conv_mean=6.83832e-06  nan=0
[outlier] v305  inc_tri=6  worst|M|=5.33333  pos=(-1.10522,-1.06457,0.058245)
[pd-step]     step 329  dof=1875  pd|Δx|_max=0.0378565  pd|Δx|_mean=0.0002943
[avbd-drive] step 330 wrote AVBD output to Particle.pos
[avbd-friction] step 330 applied 513 vert/primitive friction events
[avbd-contact] step 330 projected 198 vert/primitive penetrations
[avbd-selfcoll] step 330 resolved 19  detect=11319 us  resolve=21 us  path=gpu
[avbd-step] step 330  dof=1875  iters=16  rc=0  wall=30513 us  |Δx|_max=0.0390677  |Δx|_mean=0.000334293  pred_max=0.038493  drift_max=0.00121546  drift@v275.y  conv_max=0.000628486  conv_mean=6.81166e-06  nan=0
[outlier] v275  inc_tri=3  worst|M|=5.33333  pos=(-1.73349,-1.78122,0.0781821)
[pd-step]     step 330  dof=1875  pd|Δx|_max=0.038493  pd|Δx|_mean=0.000294537
[avbd-drive] step 331 wrote AVBD output to Particle.pos
[avbd-friction] step 331 applied 515 vert/primitive friction events
[avbd-contact] step 331 projected 199 vert/primitive penetrations
[avbd-selfcoll] step 331 resolved 17  detect=11040 us  resolve=21 us  path=gpu
[avbd-step] step 331  dof=1875  iters=16  rc=0  wall=25908 us  |Δx|_max=0.0395734  |Δx|_mean=0.000333125  pred_max=0.0390677  drift_max=0.00136364  drift@v275.y  conv_max=0.000630319  conv_mean=6.77708e-06  nan=0
[outlier] v275  inc_tri=3  worst|M|=5.33333  pos=(-1.73242,-1.78477,0.0757098)
[pd-step]     step 331  dof=1875  pd|Δx|_max=0.0390677  pd|Δx|_mean=0.00029396
[avbd-drive] step 332 wrote AVBD output to Particle.pos
[avbd-friction] step 332 applied 515 vert/primitive friction events
[avbd-contact] step 332 projected 198 vert/primitive penetrations
[avbd-selfcoll] step 332 resolved 19  detect=12818 us  resolve=20 us  path=gpu
[avbd-step] step 332  dof=1875  iters=16  rc=0  wall=23602 us  |Δx|_max=0.0400025  |Δx|_mean=0.00033243  pred_max=0.0395734  drift_max=0.00148952  drift@v275.y  conv_max=0.000629395  conv_mean=6.76828e-06  nan=0
[outlier] v275  inc_tri=3  worst|M|=5.33333  pos=(-1.73118,-1.78854,0.0732594)
[pd-step]     step 332  dof=1875  pd|Δx|_max=0.0395734  pd|Δx|_mean=0.000293378
[avbd-drive] step 333 wrote AVBD output to Particle.pos
[avbd-friction] step 333 applied 515 vert/primitive friction events
[avbd-contact] step 333 projected 198 vert/primitive penetrations
[avbd-selfcoll] step 333 resolved 18  detect=10908 us  resolve=19 us  path=gpu
[avbd-step] step 333  dof=1875  iters=16  rc=0  wall=26459 us  |Δx|_max=0.0403485  |Δx|_mean=0.000332803  pred_max=0.0400025  drift_max=0.00158596  drift@v275.y  conv_max=0.000625834  conv_mean=6.76251e-06  nan=0
[outlier] v275  inc_tri=3  worst|M|=5.33333  pos=(-1.72972,-1.79246,0.0708372)
[pd-step]     step 333  dof=1875  pd|Δx|_max=0.0400025  pd|Δx|_mean=0.000293319
[avbd-drive] step 334 wrote AVBD output to Particle.pos
[avbd-friction] step 334 applied 515 vert/primitive friction events
[avbd-contact] step 334 projected 199 vert/primitive penetrations
[avbd-selfcoll] step 334 resolved 19  detect=10609 us  resolve=20 us  path=gpu
[avbd-step] step 334  dof=1875  iters=16  rc=0  wall=22806 us  |Δx|_max=0.0406084  |Δx|_mean=0.000334675  pred_max=0.0403485  drift_max=0.00165081  drift@v275.y  conv_max=0.000619993  conv_mean=6.75669e-06  nan=0
[outlier] v275  inc_tri=3  worst|M|=5.33333  pos=(-1.728,-1.79646,0.0684543)
[pd-step]     step 334  dof=1875  pd|Δx|_max=0.0403485  pd|Δx|_mean=0.000293967
[avbd-drive] step 335 wrote AVBD output to Particle.pos
[avbd-friction] step 335 applied 515 vert/primitive friction events
[avbd-contact] step 335 projected 201 vert/primitive penetrations
[avbd-selfcoll] step 335 resolved 22  detect=11216 us  resolve=19 us  path=gpu
[avbd-step] step 335  dof=1875  iters=16  rc=0  wall=21145 us  |Δx|_max=0.0407861  |Δx|_mean=0.000335125  pred_max=0.0406084  drift_max=0.00168502  drift@v275.y  conv_max=0.000612915  conv_mean=6.7581e-06  nan=0
[outlier] v275  inc_tri=3  worst|M|=5.33333  pos=(-1.72601,-1.8005,0.0661225)
[pd-step]     step 335  dof=1875  pd|Δx|_max=0.0406084  pd|Δx|_mean=0.000294406
[avbd-drive] step 336 wrote AVBD output to Particle.pos
[avbd-friction] step 336 applied 515 vert/primitive friction events
[avbd-contact] step 336 projected 203 vert/primitive penetrations
[avbd-selfcoll] step 336 resolved 20  detect=10833 us  resolve=20 us  path=gpu
[avbd-step] step 336  dof=1875  iters=16  rc=0  wall=21818 us  |Δx|_max=0.0408806  |Δx|_mean=0.000336509  pred_max=0.0407861  drift_max=0.00170255  drift@v275.y  conv_max=0.000603899  conv_mean=6.74073e-06  nan=0
[outlier] v275  inc_tri=3  worst|M|=5.33333  pos=(-1.72377,-1.80452,0.0638584)
[pd-step]     step 336  dof=1875  pd|Δx|_max=0.0407861  pd|Δx|_mean=0.000295794
[avbd-drive] step 337 wrote AVBD output to Particle.pos
[avbd-friction] step 337 applied 516 vert/primitive friction events
[avbd-contact] step 337 projected 205 vert/primitive penetrations
[avbd-selfcoll] step 337 resolved 20  detect=10773 us  resolve=20 us  path=gpu
[avbd-step] step 337  dof=1875  iters=16  rc=0  wall=20863 us  |Δx|_max=0.0408941  |Δx|_mean=0.00033808  pred_max=0.0408806  drift_max=0.00170577  drift@v275.y  conv_max=0.000593483  conv_mean=6.72445e-06  nan=0
[outlier] v275  inc_tri=3  worst|M|=5.33333  pos=(-1.72133,-1.80846,0.0616792)
[pd-step]     step 337  dof=1875  pd|Δx|_max=0.0408806  pd|Δx|_mean=0.000297013
[avbd-drive] step 338 wrote AVBD output to Particle.pos
[avbd-friction] step 338 applied 517 vert/primitive friction events
[avbd-contact] step 338 projected 205 vert/primitive penetrations
[avbd-selfcoll] step 338 resolved 20  detect=10629 us  resolve=19 us  path=gpu
[avbd-step] step 338  dof=1875  iters=16  rc=0  wall=20611 us  |Δx|_max=0.0408327  |Δx|_mean=0.000339513  pred_max=0.0408941  drift_max=0.00168049  drift@v275.y  conv_max=0.000582188  conv_mean=6.70879e-06  nan=0
[outlier] v275  inc_tri=3  worst|M|=5.33333  pos=(-1.71871,-1.81229,0.0595981)
[pd-step]     step 338  dof=1875  pd|Δx|_max=0.0408941  pd|Δx|_mean=0.000297814
[avbd-drive] step 339 wrote AVBD output to Particle.pos
[avbd-friction] step 339 applied 516 vert/primitive friction events
[avbd-contact] step 339 projected 205 vert/primitive penetrations
[avbd-selfcoll] step 339 resolved 17  detect=10579 us  resolve=19 us  path=gpu
[avbd-step] step 339  dof=1875  iters=16  rc=0  wall=21981 us  |Δx|_max=0.040699  |Δx|_mean=0.000342012  pred_max=0.0408327  drift_max=0.0016197  drift@v275.y  conv_max=0.000569895  conv_mean=6.70199e-06  nan=0
[outlier] v275  inc_tri=3  worst|M|=5.33333  pos=(-1.71591,-1.81596,0.0576265)
[pd-step]     step 339  dof=1875  pd|Δx|_max=0.0408327  pd|Δx|_mean=0.000299497
[avbd-drive] step 340 wrote AVBD output to Particle.pos
[avbd-friction] step 340 applied 516 vert/primitive friction events
[avbd-contact] step 340 projected 206 vert/primitive penetrations
[avbd-selfcoll] step 340 resolved 16  detect=10447 us  resolve=19 us  path=gpu
[avbd-step] step 340  dof=1875  iters=16  rc=0  wall=21752 us  |Δx|_max=0.0404902  |Δx|_mean=0.000344892  pred_max=0.040699  drift_max=0.00153708  drift@v275.y  conv_max=0.000555992  conv_mean=6.68971e-06  nan=0
[outlier] v275  inc_tri=3  worst|M|=5.33333  pos=(-1.71288,-1.81949,0.0557829)
[pd-step]     step 340  dof=1875  pd|Δx|_max=0.040699  pd|Δx|_mean=0.000302046
[avbd-drive] step 341 wrote AVBD output to Particle.pos
[avbd-friction] step 341 applied 516 vert/primitive friction events
[avbd-contact] step 341 projected 206 vert/primitive penetrations
[avbd-selfcoll] step 341 resolved 20  detect=10566 us  resolve=19 us  path=gpu
340..[avbd-step] step 341  dof=1875  iters=16  rc=0  wall=21767 us  |Δx|_max=0.040197  |Δx|_mean=0.00034821  pred_max=0.0404902  drift_max=0.00144994  drift@v275.y  conv_max=0.000540972  conv_mean=6.68168e-06  nan=0
[outlier] v275  inc_tri=3  worst|M|=5.33333  pos=(-1.7096,-1.82292,0.054094)
[pd-step]     step 341  dof=1875  pd|Δx|_max=0.0404902  pd|Δx|_mean=0.000305137
[avbd-drive] step 342 wrote AVBD output to Particle.pos
[avbd-friction] step 342 applied 517 vert/primitive friction events
[avbd-contact] step 342 projected 207 vert/primitive penetrations
[avbd-selfcoll] step 342 resolved 21  detect=10702 us  resolve=18 us  path=gpu
[avbd-step] step 342  dof=1875  iters=16  rc=0  wall=23769 us  |Δx|_max=0.0398007  |Δx|_mean=0.000350644  pred_max=0.040197  drift_max=0.0013907  drift@v252.x  conv_max=0.000524402  conv_mean=6.64696e-06  nan=0
[outlier] v252  inc_tri=6  worst|M|=5.33333  pos=(-1.39716,-1.58952,-0.0678613)
[pd-step]     step 342  dof=1875  pd|Δx|_max=0.040197  pd|Δx|_mean=0.000307613
[avbd-drive] step 343 wrote AVBD output to Particle.pos
[avbd-friction] step 343 applied 516 vert/primitive friction events
[avbd-contact] step 343 projected 208 vert/primitive penetrations
[avbd-selfcoll] step 343 resolved 22  detect=11044 us  resolve=22 us  path=gpu
[avbd-step] step 343  dof=1875  iters=16  rc=0  wall=21863 us  |Δx|_max=0.0392781  |Δx|_mean=0.000354161  pred_max=0.0398007  drift_max=0.0014776  drift@v252.x  conv_max=0.000506431  conv_mean=6.63781e-06  nan=0
[outlier] v252  inc_tri=6  worst|M|=5.33333  pos=(-1.39573,-1.58971,-0.0677318)
[pd-step]     step 343  dof=1875  pd|Δx|_max=0.0398007  pd|Δx|_mean=0.000310863
[avbd-drive] step 344 wrote AVBD output to Particle.pos
[avbd-friction] step 344 applied 517 vert/primitive friction events
[avbd-contact] step 344 projected 208 vert/primitive penetrations
[avbd-selfcoll] step 344 resolved 21  detect=11853 us  resolve=23 us  path=gpu
[avbd-step] step 344  dof=1875  iters=16  rc=0  wall=21467 us  |Δx|_max=0.0386129  |Δx|_mean=0.000357251  pred_max=0.0392781  drift_max=0.00155449  drift@v252.x  conv_max=0.000487834  conv_mean=6.62807e-06  nan=0
[outlier] v252  inc_tri=6  worst|M|=5.33333  pos=(-1.3942,-1.58991,-0.0675741)
[pd-step]     step 344  dof=1875  pd|Δx|_max=0.0392781  pd|Δx|_mean=0.000314135
[avbd-drive] step 345 wrote AVBD output to Particle.pos
[avbd-friction] step 345 applied 517 vert/primitive friction events
[avbd-contact] step 345 projected 208 vert/primitive penetrations
[avbd-selfcoll] step 345 resolved 22  detect=13466 us  resolve=18 us  path=gpu
[avbd-step] step 345  dof=1875  iters=16  rc=0  wall=21414 us  |Δx|_max=0.0377965  |Δx|_mean=0.000360224  pred_max=0.0386129  drift_max=0.0016191  drift@v252.x  conv_max=0.000479192  conv_mean=6.63172e-06  nan=0
[outlier] v252  inc_tri=6  worst|M|=5.33333  pos=(-1.3926,-1.59011,-0.0673801)
[pd-step]     step 345  dof=1875  pd|Δx|_max=0.0386129  pd|Δx|_mean=0.000317046
[avbd-drive] step 346 wrote AVBD output to Particle.pos
[avbd-friction] step 346 applied 518 vert/primitive friction events
[avbd-contact] step 346 projected 209 vert/primitive penetrations
[avbd-selfcoll] step 346 resolved 22  detect=10837 us  resolve=17 us  path=gpu
[avbd-step] step 346  dof=1875  iters=16  rc=0  wall=21562 us  |Δx|_max=0.0368264  |Δx|_mean=0.000362174  pred_max=0.0377965  drift_max=0.00167084  drift@v252.x  conv_max=0.00047081  conv_mean=6.63429e-06  nan=0
[outlier] v252  inc_tri=6  worst|M|=5.33333  pos=(-1.39093,-1.59033,-0.0671437)
[pd-step]     step 346  dof=1875  pd|Δx|_max=0.0377965  pd|Δx|_mean=0.000319558
[avbd-drive] step 347 wrote AVBD output to Particle.pos
[avbd-friction] step 347 applied 519 vert/primitive friction events
[avbd-contact] step 347 projected 210 vert/primitive penetrations
[avbd-selfcoll] step 347 resolved 23  detect=11855 us  resolve=20 us  path=gpu
[avbd-step] step 347  dof=1875  iters=16  rc=0  wall=20849 us  |Δx|_max=0.0357388  |Δx|_mean=0.000362818  pred_max=0.0368264  drift_max=0.00171363  drift@v252.x  conv_max=0.000461005  conv_mean=6.68433e-06  nan=0
[outlier] v252  inc_tri=6  worst|M|=5.33333  pos=(-1.38921,-1.59055,-0.0668624)
[pd-step]     step 347  dof=1875  pd|Δx|_max=0.0368264  pd|Δx|_mean=0.000320697
[avbd-drive] step 348 wrote AVBD output to Particle.pos
[avbd-friction] step 348 applied 520 vert/primitive friction events
[avbd-contact] step 348 projected 212 vert/primitive penetrations
[avbd-selfcoll] step 348 resolved 21  detect=10877 us  resolve=20 us  path=gpu
[avbd-step] step 348  dof=1875  iters=16  rc=0  wall=25599 us  |Δx|_max=0.0345435  |Δx|_mean=0.000359814  pred_max=0.0357388  drift_max=0.0018838  drift@v250.z  conv_max=0.000453763  conv_mean=6.73313e-06  nan=0
[outlier] v250  inc_tri=3  worst|M|=5.33333  pos=(-1.52839,-1.91975,0.0334025)
[pd-step]     step 348  dof=1875  pd|Δx|_max=0.0357388  pd|Δx|_mean=0.000317941
[avbd-drive] step 349 wrote AVBD output to Particle.pos
[avbd-friction] step 349 applied 520 vert/primitive friction events
[avbd-contact] step 349 projected 213 vert/primitive penetrations
[avbd-selfcoll] step 349 resolved 22  detect=11752 us  resolve=23 us  path=gpu
[avbd-step] step 349  dof=1875  iters=16  rc=0  wall=21438 us  |Δx|_max=0.0332592  |Δx|_mean=0.000360947  pred_max=0.0345435  drift_max=0.00206799  drift@v250.z  conv_max=0.000445411  conv_mean=6.79368e-06  nan=0
[outlier] v250  inc_tri=3  worst|M|=5.33333  pos=(-1.52301,-1.91977,0.0377345)
[pd-step]     step 349  dof=1875  pd|Δx|_max=0.0345435  pd|Δx|_mean=0.000318214
[avbd-drive] step 350 wrote AVBD output to Particle.pos
[avbd-friction] step 350 applied 520 vert/primitive friction events
[avbd-contact] step 350 projected 213 vert/primitive penetrations
[avbd-selfcoll] step 350 resolved 21  detect=11201 us  resolve=24 us  path=gpu
[avbd-step] step 350  dof=1875  iters=16  rc=0  wall=22000 us  |Δx|_max=0.0319478  |Δx|_mean=0.000361679  pred_max=0.0332592  drift_max=0.00206061  drift@v250.z  conv_max=0.000440583  conv_mean=6.85711e-06  nan=0
[outlier] v250  inc_tri=3  worst|M|=5.33333  pos=(-1.51837,-1.91938,0.0415696)
[pd-step]     step 350  dof=1875  pd|Δx|_max=0.0332592  pd|Δx|_mean=0.000319432
[avbd-drive] step 351 wrote AVBD output to Particle.pos
[avbd-friction] step 351 applied 520 vert/primitive friction events
[avbd-contact] step 351 projected 214 vert/primitive penetrations
[avbd-selfcoll] step 351 resolved 20  detect=10901 us  resolve=19 us  path=gpu
finished...[phase-timing forward] 350 steps, 82.89 ms/step mean
    solve           28.72 ms/step   34.6%
    contact          0.05 ms/step    0.1%
    self-detect     10.10 ms/step   12.2%
    self-resolve     0.02 ms/step    0.0%
    other           44.00 ms/step   53.1%
    total           29.01 s
init
[avbd-bwd] routing backward through Simulation::stepBackwardAvbd (truncate K=20, IFT=0)
backward started...340..320..300..280..260..240..220..200..180..160..140..120..100..80..60..40..20..finished...
[35mOptimization progress is saved to:rotating_sphere-randseed-1-20260922_172514-forwardThresh--9.0
[0mwriting config to file... C:/cloth-dynamics-standalone/output/rotating_sphere-randseed-1-20260922_172514-forwardThresh--9.0-LBFGS/scene-config.txt 
[Simulation::exportSimulation] C:/cloth-dynamics-standalone/output/rotating_sphere-randseed-1-20260922_172514-forwardThresh--9.0-LBFGS//iter0
[32mLoss is: 0.00132918
[0m[32m=========Evaluation Iter 2 ========
[0m[32mTotal Optimization Iter:1
[0mTotal parameters: 1
Total frames: 350
timestep: 0.0056 / 1/180
[35mLBFGS param:
============Parameter Info:======================
mu from prim0:0.010000

[0m[Simulation::runBackwardTask]
forwardConverge set from 0.0000000010 to 0.0000000010
looping over constraints...finished...
forward started...0..[avbd-step] step 1  dof=1875  iters=16  rc=0  wall=58856 us  |Δx|_max=0.000302433  |Δx|_mean=0.000100747  pred_max=0.000302469  drift_max=1.75464e-06  drift@v0.y  conv_max=2.12829e-05  conv_mean=2.67256e-06  nan=0
[outlier] v0  inc_tri=1  worst|M|=5.33333  pos=(-2.25,1.37773e-16,-2.25)
[pd-step]     step 1  dof=1875  pd|Δx|_max=0.000302469  pd|Δx|_mean=0.000100823
[avbd-drive] step 2 wrote AVBD output to Particle.pos
[avbd-step] step 2  dof=1875  iters=16  rc=0  wall=33278 us  |Δx|_max=0.000604831  |Δx|_mean=0.000201419  pred_max=0.000604902  drift_max=3.4991e-06  drift@v0.y  conv_max=4.24422e-05  conv_mean=5.34311e-06  nan=0
[outlier] v0  inc_tri=1  worst|M|=5.33333  pos=(-2.25,-0.000300714,-2.25)
[pd-step]     step 2  dof=1875  pd|Δx|_max=0.000604902  pd|Δx|_mean=0.00020157
[avbd-drive] step 3 wrote AVBD output to Particle.pos
[avbd-friction] step 3 applied 1 vert/primitive friction events
[avbd-step] step 3  dof=1875  iters=16  rc=0  wall=29750 us  |Δx|_max=0.000907192  |Δx|_mean=0.000301701  pred_max=0.0009073  drift_max=5.54323e-06  drift@v340.x  conv_max=6.34788e-05  conv_mean=8.0032e-06  nan=0
[outlier] v340  inc_tri=6  worst|M|=5.33333  pos=(0.5625,-0.000906515,0.1875)
[pd-step]     step 3  dof=1875  pd|Δx|_max=0.0009073  pd|Δx|_mean=0.000301927
[avbd-drive] step 4 wrote AVBD output to Particle.pos
[avbd-friction] step 4 applied 1 vert/primitive friction events
[avbd-step] step 4  dof=1875  iters=16  rc=0  wall=29703 us  |Δx|_max=0.00120952  |Δx|_mean=0.000402064  pred_max=0.00120966  drift_max=7.33137e-06  drift@v340.x  conv_max=8.43932e-05  conv_mean=1.06654e-05  nan=0
[outlier] v340  inc_tri=6  worst|M|=5.33333  pos=(0.562495,-0.00120898,0.187499)
[pd-step]     step 4  dof=1875  pd|Δx|_max=0.00120966  pd|Δx|_mean=0.000402366
[avbd-drive] step 5 wrote AVBD output to Particle.pos
[avbd-friction] step 5 applied 1 vert/primitive friction events
[avbd-step] step 5  dof=1875  iters=16  rc=0  wall=29231 us  |Δx|_max=0.00151181  |Δx|_mean=0.000502362  pred_max=0.00151199  drift_max=8.67154e-06  drift@v0.y  conv_max=0.000105187  conv_mean=1.33258e-05  nan=0
[outlier] v0  inc_tri=1  worst|M|=5.33333  pos=(-2.25,-0.00298975,-2.25)
[pd-step]     step 5  dof=1875  pd|Δx|_max=0.00151199  pd|Δx|_mean=0.000502729
[avbd-drive] step 6 wrote AVBD output to Particle.pos
[avbd-friction] step 6 applied 1 vert/primitive friction events
[avbd-step] step 6  dof=1875  iters=16  rc=0  wall=30699 us  |Δx|_max=0.00181406  |Δx|_mean=0.000602601  pred_max=0.00181428  drift_max=1.03763e-05  drift@v0.y  conv_max=0.000125859  conv_mean=1.59847e-05  nan=0
[outlier] v0  inc_tri=1  worst|M|=5.33333  pos=(-2.25,-0.00447598,-2.25)
[pd-step]     step 6  dof=1875  pd|Δx|_max=0.00181428  pd|Δx|_mean=0.000603025
[avbd-drive] step 7 wrote AVBD output to Particle.pos
[avbd-friction] step 7 applied 2 vert/primitive friction events
[avbd-step] step 7  dof=1875  iters=16  rc=0  wall=32496 us  |Δx|_max=0.00211628  |Δx|_mean=0.000701861  pred_max=0.00211653  drift_max=6.00219e-05  drift@v341.x  conv_max=0.000146412  conv_mean=1.86171e-05  nan=0
[outlier] v341  inc_tri=6  worst|M|=5.33333  pos=(0.749982,-0.00633828,0.187493)
[pd-step]     step 7  dof=1875  pd|Δx|_max=0.00211653  pd|Δx|_mean=0.000702368
[avbd-drive] step 8 wrote AVBD output to Particle.pos
[avbd-friction] step 8 applied 3 vert/primitive friction events
[avbd-step] step 8  dof=1875  iters=16  rc=0  wall=36209 us  |Δx|_max=0.00241846  |Δx|_mean=0.000800725  pred_max=0.00241875  drift_max=8.24034e-05  drift@v365.z  conv_max=0.000166846  conv_mean=2.12396e-05  nan=0
[outlier] v365  inc_tri=6  worst|M|=5.33333  pos=(0.562487,-0.00844756,0.374966)
[pd-step]     step 8  dof=1875  pd|Δx|_max=0.00241875  pd|Δx|_mean=0.000801341
[avbd-drive] step 9 wrote AVBD output to Particle.pos
[avbd-friction] step 9 applied 4 vert/primitive friction events
[avbd-step] step 9  dof=1875  iters=16  rc=0  wall=32639 us  |Δx|_max=0.00272061  |Δx|_mean=0.000899217  pred_max=0.00272093  drift_max=0.00010244  drift@v315.z  conv_max=0.00018716  conv_mean=2.38524e-05  nan=0
[outlier] v315  inc_tri=6  worst|M|=5.33333  pos=(0.562524,-0.0108546,5.20629e-05)
[pd-step]     step 9  dof=1875  pd|Δx|_max=0.00272093  pd|Δx|_mean=0.000899919
[avbd-drive] step 10 wrote AVBD output to Particle.pos
[avbd-friction] step 10 applied 6 vert/primitive friction events
[avbd-step] step 10  dof=1875  iters=16  rc=0  wall=31808 us  |Δx|_max=0.00302272  |Δx|_mean=0.000995915  pred_max=0.00302308  drift_max=0.000124425  drift@v339.x  conv_max=0.000207355  conv_mean=2.64182e-05  nan=0
[outlier] v339  inc_tri=6  worst|M|=5.33333  pos=(0.375087,-0.0135577,0.187534)
[pd-step]     step 10  dof=1875  pd|Δx|_max=0.00302308  pd|Δx|_mean=0.000996851
[avbd-drive] step 11 wrote AVBD output to Particle.pos
[avbd-friction] step 11 applied 7 vert/primitive friction events
[avbd-step] step 11  dof=1875  iters=16  rc=0  wall=31847 us  |Δx|_max=0.00332479  |Δx|_mean=0.00109346  pred_max=0.00332519  drift_max=0.000125087  drift@v316.z  conv_max=0.000227435  conv_mean=2.90108e-05  nan=0
[outlier] v316  inc_tri=6  worst|M|=5.33333  pos=(0.74998,-0.016576,8.74662e-05)
[pd-step]     step 11  dof=1875  pd|Δx|_max=0.00332519  pd|Δx|_mean=0.00109444
[avbd-drive] step 12 wrote AVBD output to Particle.pos
[avbd-friction] step 12 applied 8 vert/primitive friction events
[avbd-step] step 12  dof=1875  iters=16  rc=0  wall=32291 us  |Δx|_max=0.00362683  |Δx|_mean=0.00119091  pred_max=0.00362726  drift_max=0.000147581  drift@v364.x  conv_max=0.000247395  conv_mean=3.15947e-05  nan=0
[outlier] v364  inc_tri=6  worst|M|=5.33333  pos=(0.375109,-0.0198812,0.374975)
[pd-step]     step 12  dof=1875  pd|Δx|_max=0.00362726  pd|Δx|_mean=0.00119175
[avbd-drive] step 13 wrote AVBD output to Particle.pos
[avbd-friction] step 13 applied 9 vert/primitive friction events
[avbd-step] step 13  dof=1875  iters=16  rc=0  wall=32578 us  |Δx|_max=0.00392883  |Δx|_mean=0.00128803  pred_max=0.0039293  drift_max=0.0001764  drift@v314.x  conv_max=0.000267241  conv_mean=3.41702e-05  nan=0
[outlier] v314  inc_tri=6  worst|M|=5.33333  pos=(0.375135,-0.0234929,0.000113415)
[pd-step]     step 13  dof=1875  pd|Δx|_max=0.0039293  pd|Δx|_mean=0.0012889
[avbd-drive] step 14 wrote AVBD output to Particle.pos
[avbd-friction] step 14 applied 10 vert/primitive friction events
[avbd-step] step 14  dof=1875  iters=16  rc=0  wall=32187 us  |Δx|_max=0.0042308  |Δx|_mean=0.0013849  pred_max=0.0042313  drift_max=0.000250697  drift@v342.x  conv_max=0.00028697  conv_mean=3.67404e-05  nan=0
[outlier] v342  inc_tri=6  worst|M|=5.33333  pos=(0.937223,-0.0273576,0.187452)
[pd-step]     step 14  dof=1875  pd|Δx|_max=0.0042313  pd|Δx|_mean=0.0013857
[avbd-drive] step 15 wrote AVBD output to Particle.pos
[avbd-friction] step 15 applied 10 vert/primitive friction events
[avbd-step] step 15  dof=1875  iters=16  rc=0  wall=27327 us  |Δx|_max=0.00453273  |Δx|_mean=0.00148399  pred_max=0.00453327  drift_max=0.000203192  drift@v342.x  conv_max=0.00030658  conv_mean=3.93661e-05  nan=0
[outlier] v342  inc_tri=6  worst|M|=5.33333  pos=(0.937467,-0.0277165,0.18742)
[pd-step]     step 15  dof=1875  pd|Δx|_max=0.00453327  pd|Δx|_mean=0.00148424
[avbd-drive] step 16 wrote AVBD output to Particle.pos
[avbd-friction] step 16 applied 12 vert/primitive friction events
[avbd-step] step 16  dof=1875  iters=16  rc=0  wall=28861 us  |Δx|_max=0.00483463  |Δx|_mean=0.00157876  pred_max=0.0048352  drift_max=0.000288308  drift@v367.x  conv_max=0.000326075  conv_mean=4.18524e-05  nan=0
[outlier] v367  inc_tri=6  worst|M|=5.33333  pos=(0.937162,-0.0360361,0.374771)
[pd-step]     step 16  dof=1875  pd|Δx|_max=0.0048352  pd|Δx|_mean=0.00157923
[avbd-drive] step 17 wrote AVBD output to Particle.pos
[avbd-friction] step 17 applied 15 vert/primitive friction events
[avbd-step] step 17  dof=1875  iters=16  rc=0  wall=31895 us  |Δx|_max=0.00513648  |Δx|_mean=0.00167  pred_max=0.00513709  drift_max=0.00033021  drift@v290.z  conv_max=0.000345457  conv_mean=4.42498e-05  nan=0
[outlier] v290  inc_tri=6  worst|M|=5.33333  pos=(0.562603,-0.0407306,-0.186881)
[pd-step]     step 17  dof=1875  pd|Δx|_max=0.00513709  pd|Δx|_mean=0.0016713
[avbd-drive] step 18 wrote AVBD output to Particle.pos
[avbd-friction] step 18 applied 18 vert/primitive friction events
[avbd-step] step 18  dof=1875  iters=16  rc=0  wall=27826 us  |Δx|_max=0.00543831  |Δx|_mean=0.00176006  pred_max=0.00543895  drift_max=0.000352576  drift@v338.x  conv_max=0.000364725  conv_mean=4.66223e-05  nan=0
[outlier] v338  inc_tri=6  worst|M|=5.33333  pos=(0.188288,-0.0457865,0.187629)
[pd-step]     step 18  dof=1875  pd|Δx|_max=0.00543895  pd|Δx|_mean=0.00176179
[avbd-drive] step 19 wrote AVBD output to Particle.pos
[avbd-friction] step 19 applied 21 vert/primitive friction events
[avbd-step] step 19  dof=1875  iters=16  rc=0  wall=28634 us  |Δx|_max=0.00574009  |Δx|_mean=0.00184917  pred_max=0.00574077  drift_max=0.000408262  drift@v313.x  conv_max=0.000383869  conv_mean=4.89684e-05  nan=0
[outlier] v313  inc_tri=6  worst|M|=5.33333  pos=(0.188104,-0.0512515,0.000324145)
[pd-step]     step 19  dof=1875  pd|Δx|_max=0.00574077  pd|Δx|_mean=0.00185146
[avbd-drive] step 20 wrote AVBD output to Particle.pos
[avbd-friction] step 20 applied 21 vert/primitive friction events
[avbd-step] step 20  dof=1875  iters=16  rc=0  wall=28608 us  |Δx|_max=0.00604185  |Δx|_mean=0.00194634  pred_max=0.00604256  drift_max=0.00030899  drift@v313.x  conv_max=0.000402901  conv_mean=5.15656e-05  nan=0
[outlier] v313  inc_tri=6  worst|M|=5.33333  pos=(0.187692,-0.0516832,0.000154262)
[pd-step]     step 20  dof=1875  pd|Δx|_max=0.00604256  pd|Δx|_mean=0.00194693
[avbd-drive] step 21 wrote AVBD output to Particle.pos
[avbd-friction] step 21 applied 22 vert/primitive friction events
20..[avbd-step] step 21  dof=1875  iters=16  rc=0  wall=29541 us  |Δx|_max=0.00634357  |Δx|_mean=0.00204186  pred_max=0.00634432  drift_max=0.00038588  drift@v392.z  conv_max=0.000421807  conv_mean=5.40555e-05  nan=0
[outlier] v392  inc_tri=6  worst|M|=5.33333  pos=(0.936802,-0.062904,0.561667)
[pd-step]     step 21  dof=1875  pd|Δx|_max=0.00634432  pd|Δx|_mean=0.00204146
[avbd-drive] step 22 wrote AVBD output to Particle.pos
[avbd-friction] step 22 applied 24 vert/primitive friction events
[avbd-step] step 22  dof=1875  iters=16  rc=0  wall=26953 us  |Δx|_max=0.00664525  |Δx|_mean=0.00213477  pred_max=0.00664604  drift_max=0.000510693  drift@v343.x  conv_max=0.000440605  conv_mean=5.64516e-05  nan=0
[outlier] v343  inc_tri=6  worst|M|=5.33333  pos=(1.12367,-0.0689008,0.187341)
[pd-step]     step 22  dof=1875  pd|Δx|_max=0.00664604  pd|Δx|_mean=0.00213395
[avbd-drive] step 23 wrote AVBD output to Particle.pos
[avbd-friction] step 23 applied 27 vert/primitive friction events
[avbd-step] step 23  dof=1875  iters=16  rc=0  wall=28355 us  |Δx|_max=0.00694689  |Δx|_mean=0.00222432  pred_max=0.00694772  drift_max=0.000577211  drift@v415.z  conv_max=0.000459269  conv_mean=5.87358e-05  nan=0
[outlier] v415  inc_tri=6  worst|M|=5.33333  pos=(0.562332,-0.0755728,0.748512)
[pd-step]     step 23  dof=1875  pd|Δx|_max=0.00694772  pd|Δx|_mean=0.00222384
[avbd-drive] step 24 wrote AVBD output to Particle.pos
[avbd-friction] step 24 applied 31 vert/primitive friction events
[avbd-step] step 24  dof=1875  iters=16  rc=0  wall=28491 us  |Δx|_max=0.0072485  |Δx|_mean=0.00230832  pred_max=0.00724936  drift_max=0.000638545  drift@v265.z  conv_max=0.000477813  conv_mean=6.08844e-05  nan=0
[outlier] v265  inc_tri=6  worst|M|=5.33333  pos=(0.56273,-0.0823621,-0.373368)
[pd-step]     step 24  dof=1875  pd|Δx|_max=0.00724936  pd|Δx|_mean=0.00230971
[avbd-drive] step 25 wrote AVBD output to Particle.pos
[avbd-friction] step 25 applied 34 vert/primitive friction events
[avbd-step] step 25  dof=1875  iters=16  rc=0  wall=28719 us  |Δx|_max=0.00755008  |Δx|_mean=0.00239441  pred_max=0.00755097  drift_max=0.000676354  drift@v337.x  conv_max=0.000496246  conv_mean=6.31448e-05  nan=0
[outlier] v337  inc_tri=6  worst|M|=5.33333  pos=(0.00186256,-0.0894641,0.187719)
[pd-step]     step 25  dof=1875  pd|Δx|_max=0.00755097  pd|Δx|_mean=0.00239583
[avbd-drive] step 26 wrote AVBD output to Particle.pos
[avbd-friction] step 26 applied 36 vert/primitive friction events
[avbd-step] step 26  dof=1875  iters=16  rc=0  wall=28389 us  |Δx|_max=0.00785162  |Δx|_mean=0.00248442  pred_max=0.00785255  drift_max=0.000695437  drift@v264.z  conv_max=0.000514537  conv_mean=6.54924e-05  nan=0
[outlier] v264  inc_tri=6  worst|M|=5.33333  pos=(0.375798,-0.0966446,-0.373152)
[pd-step]     step 26  dof=1875  pd|Δx|_max=0.00785254  pd|Δx|_mean=0.00248438
[avbd-drive] step 27 wrote AVBD output to Particle.pos
[avbd-friction] step 27 applied 40 vert/primitive friction events
[avbd-step] step 27  dof=1875  iters=16  rc=0  wall=27958 us  |Δx|_max=0.00815312  |Δx|_mean=0.0025663  pred_max=0.00815409  drift_max=0.000745952  drift@v417.z  conv_max=0.000532694  conv_mean=6.75689e-05  nan=0
[outlier] v417  inc_tri=6  worst|M|=5.33333  pos=(0.936185,-0.104528,0.748182)
[pd-step]     step 27  dof=1875  pd|Δx|_max=0.00815408  pd|Δx|_mean=0.0025678
[avbd-drive] step 28 wrote AVBD output to Particle.pos
[avbd-friction] step 28 applied 41 vert/primitive friction events
[avbd-step] step 28  dof=1875  iters=16  rc=0  wall=31845 us  |Δx|_max=0.00845458  |Δx|_mean=0.00265895  pred_max=0.00845559  drift_max=0.000661165  drift@v267.z  conv_max=0.000550732  conv_mean=7.00143e-05  nan=0
[outlier] v267  inc_tri=6  worst|M|=5.33333  pos=(0.93662,-0.112503,-0.372674)
[pd-step]     step 28  dof=1875  pd|Δx|_max=0.00845559  pd|Δx|_mean=0.00265807
[avbd-drive] step 29 wrote AVBD output to Particle.pos
[avbd-friction] step 29 applied 43 vert/primitive friction events
[avbd-step] step 29  dof=1875  iters=16  rc=0  wall=29484 us  |Δx|_max=0.008756  |Δx|_mean=0.00275028  pred_max=0.00875705  drift_max=0.000705615  drift@v387.x  conv_max=0.000568621  conv_mean=7.23169e-05  nan=0
[outlier] v387  inc_tri=6  worst|M|=5.33333  pos=(0.00249161,-0.120762,0.561595)
[pd-step]     step 29  dof=1875  pd|Δx|_max=0.00875705  pd|Δx|_mean=0.00274722
[avbd-drive] step 30 wrote AVBD output to Particle.pos
[avbd-friction] step 30 applied 46 vert/primitive friction events
[avbd-step] step 30  dof=1875  iters=16  rc=0  wall=29816 us  |Δx|_max=0.00905739  |Δx|_mean=0.00283789  pred_max=0.00905848  drift_max=0.00086056  drift@v287.x  conv_max=0.000586346  conv_mean=7.44479e-05  nan=0
[outlier] v287  inc_tri=6  worst|M|=5.33333  pos=(0.00256664,-0.129201,-0.185557)
[pd-step]     step 30  dof=1875  pd|Δx|_max=0.00905847  pd|Δx|_mean=0.00283481
[avbd-drive] step 31 wrote AVBD output to Particle.pos
[avbd-friction] step 31 applied 49 vert/primitive friction events
[avbd-step] step 31  dof=1875  iters=16  rc=0  wall=31864 us  |Δx|_max=0.00935872  |Δx|_mean=0.00292545  pred_max=0.00935985  drift_max=0.000855625  drift@v440.z  conv_max=0.000603929  conv_mean=7.6571e-05  nan=0
[outlier] v440  inc_tri=6  worst|M|=5.33333  pos=(0.562193,-0.137491,0.933585)
[pd-step]     step 31  dof=1875  pd|Δx|_max=0.00935986  pd|Δx|_mean=0.00292191
[avbd-drive] step 32 wrote AVBD output to Particle.pos
[avbd-friction] step 32 applied 53 vert/primitive friction events
[avbd-step] step 32  dof=1875  iters=16  rc=0  wall=29528 us  |Δx|_max=0.00966001  |Δx|_mean=0.00300764  pred_max=0.00966118  drift_max=0.000899613  drift@v240.z  conv_max=0.000621349  conv_mean=7.85315e-05  nan=0
[outlier] v240  inc_tri=6  worst|M|=5.33333  pos=(0.563026,-0.146516,-0.558376)
[pd-step]     step 32  dof=1875  pd|Δx|_max=0.00966119  pd|Δx|_mean=0.00300522
[avbd-drive] step 33 wrote AVBD output to Particle.pos
[avbd-friction] step 33 applied 58 vert/primitive friction events
[avbd-step] step 33  dof=1875  iters=16  rc=0  wall=30222 us  |Δx|_max=0.00996125  |Δx|_mean=0.00308395  pred_max=0.00996247  drift_max=0.00105739  drift@v394.x  conv_max=0.000638604  conv_mean=8.03158e-05  nan=0
[outlier] v394  inc_tri=6  worst|M|=5.33333  pos=(1.30888,-0.156615,0.560616)
[pd-step]     step 33  dof=1875  pd|Δx|_max=0.00996247  pd|Δx|_mean=0.00308359
[avbd-drive] step 34 wrote AVBD output to Particle.pos
[avbd-friction] step 34 applied 63 vert/primitive friction events
[avbd-step] step 34  dof=1875  iters=16  rc=0  wall=28471 us  |Δx|_max=0.0102624  |Δx|_mean=0.00315758  pred_max=0.0102637  drift_max=0.00102082  drift@v311.x  conv_max=0.000655711  conv_mean=8.20683e-05  nan=0
[outlier] v311  inc_tri=6  worst|M|=5.33333  pos=(-0.182923,-0.16556,0.00127818)
[pd-step]     step 34  dof=1875  pd|Δx|_max=0.0102637  pd|Δx|_mean=0.00315904
[avbd-drive] step 35 wrote AVBD output to Particle.pos
[avbd-friction] step 35 applied 66 vert/primitive friction events
[avbd-step] step 35  dof=1875  iters=16  rc=0  wall=29199 us  |Δx|_max=0.0105636  |Δx|_mean=0.00323857  pred_max=0.0105649  drift_max=0.000939727  drift@v438.z  conv_max=0.000672609  conv_mean=8.41023e-05  nan=0
[outlier] v438  inc_tri=6  worst|M|=5.33333  pos=(0.189044,-0.176054,0.932849)
[pd-step]     step 35  dof=1875  pd|Δx|_max=0.0105649  pd|Δx|_mean=0.00323842
[avbd-drive] step 36 wrote AVBD output to Particle.pos
[avbd-friction] step 36 applied 68 vert/primitive friction events
[avbd-step] step 36  dof=1875  iters=16  rc=0  wall=34527 us  |Δx|_max=0.0108646  |Δx|_mean=0.00332681  pred_max=0.010866  drift_max=0.00117129  drift@v238.z  conv_max=0.000689328  conv_mean=8.6237e-05  nan=0
[outlier] v238  inc_tri=6  worst|M|=5.33333  pos=(0.190314,-0.186273,-0.558019)
[pd-step]     step 36  dof=1875  pd|Δx|_max=0.010866  pd|Δx|_mean=0.00332271
[avbd-drive] step 37 wrote AVBD output to Particle.pos
[avbd-friction] step 37 applied 69 vert/primitive friction events
[avbd-step] step 37  dof=1875  iters=16  rc=0  wall=31968 us  |Δx|_max=0.0111657  |Δx|_mean=0.00342334  pred_max=0.0111671  drift_max=0.00109878  drift@v286.x  conv_max=0.000705808  conv_mean=8.84964e-05  nan=0
[outlier] v286  inc_tri=6  worst|M|=5.33333  pos=(-0.182145,-0.195699,-0.184466)
[pd-step]     step 37  dof=1875  pd|Δx|_max=0.0111671  pd|Δx|_mean=0.00341361
[avbd-drive] step 38 wrote AVBD output to Particle.pos
[avbd-friction] step 38 applied 74 vert/primitive friction events
[avbd-step] step 38  dof=1875  iters=16  rc=0  wall=28074 us  |Δx|_max=0.0114666  |Δx|_mean=0.00350173  pred_max=0.0114681  drift_max=0.00118673  drift@v370.x  conv_max=0.000722066  conv_mean=9.01148e-05  nan=0
[outlier] v370  inc_tri=6  worst|M|=5.33333  pos=(1.49275,-0.20727,0.373662)
[pd-step]     step 38  dof=1875  pd|Δx|_max=0.0114681  pd|Δx|_mean=0.00349447
[avbd-drive] step 39 wrote AVBD output to Particle.pos
[avbd-friction] step 39 applied 78 vert/primitive friction events
[avbd-step] step 39  dof=1875  iters=16  rc=0  wall=29559 us  |Δx|_max=0.0117674  |Δx|_mean=0.00358304  pred_max=0.0117691  drift_max=0.00120914  drift@v466.z  conv_max=0.000738099  conv_mean=9.1909e-05  nan=0
[outlier] v466  inc_tri=6  worst|M|=5.33333  pos=(0.748502,-0.218058,1.11769)
[pd-step]     step 39  dof=1875  pd|Δx|_max=0.0117691  pd|Δx|_mean=0.00357593
[avbd-drive] step 40 wrote AVBD output to Particle.pos
[avbd-friction] step 40 applied 83 vert/primitive friction events
[avbd-step] step 40  dof=1875  iters=16  rc=0  wall=29304 us  |Δx|_max=0.0120682  |Δx|_mean=0.00366002  pred_max=0.0120699  drift_max=0.00121421  drift@v216.z  conv_max=0.000753894  conv_mean=9.35197e-05  nan=0
[outlier] v216  inc_tri=6  worst|M|=5.33333  pos=(0.749668,-0.229612,-0.742031)
[pd-step]     step 40  dof=1875  pd|Δx|_max=0.0120699  pd|Δx|_mean=0.00365319
[avbd-drive] step 41 wrote AVBD output to Particle.pos
[avbd-friction] step 41 applied 89 vert/primitive friction events
40..[avbd-step] step 41  dof=1875  iters=16  rc=0  wall=21330 us  |Δx|_max=0.0123688  |Δx|_mean=0.00372802  pred_max=0.0123706  drift_max=0.00120878  drift@v395.x  conv_max=0.000769377  conv_mean=9.49405e-05  nan=0
[outlier] v395  inc_tri=6  worst|M|=5.33333  pos=(1.49112,-0.23891,0.558851)
[pd-step]     step 41  dof=1875  pd|Δx|_max=0.0123707  pd|Δx|_mean=0.00372579
[avbd-drive] step 42 wrote AVBD output to Particle.pos
[avbd-friction] step 42 applied 92 vert/primitive friction events
[avbd-step] step 42  dof=1875  iters=16  rc=0  wall=20805 us  |Δx|_max=0.0126694  |Δx|_mean=0.00380935  pred_max=0.0126713  drift_max=0.00115398  drift@v310.x  conv_max=0.000784606  conv_mean=9.68883e-05  nan=0
[outlier] v310  inc_tri=6  worst|M|=5.33333  pos=(-0.365995,-0.250917,0.00197665)
[pd-step]     step 42  dof=1875  pd|Δx|_max=0.0126713  pd|Δx|_mean=0.00380378
[avbd-drive] step 43 wrote AVBD output to Particle.pos
[avbd-friction] step 43 applied 95 vert/primitive friction events
[avbd-step] step 43  dof=1875  iters=16  rc=0  wall=21719 us  |Δx|_max=0.0129697  |Δx|_mean=0.00389411  pred_max=0.0129718  drift_max=0.00111783  drift@v217.z  conv_max=0.000799477  conv_mean=9.87538e-05  nan=0
[outlier] v217  inc_tri=6  worst|M|=5.33333  pos=(0.934779,-0.262307,-0.739933)
[pd-step]     step 43  dof=1875  pd|Δx|_max=0.0129718  pd|Δx|_mean=0.00388422
[avbd-drive] step 44 wrote AVBD output to Particle.pos
[avbd-friction] step 44 applied 100 vert/primitive friction events
[avbd-step] step 44  dof=1875  iters=16  rc=0  wall=22341 us  |Δx|_max=0.01327  |Δx|_mean=0.00397047  pred_max=0.0132722  drift_max=0.00144315  drift@v420.x  conv_max=0.00081405  conv_mean=0.00010025  nan=0
[outlier] v420  inc_tri=6  worst|M|=5.33333  pos=(1.48965,-0.277627,0.743669)
[pd-step]     step 44  dof=1875  pd|Δx|_max=0.0132722  pd|Δx|_mean=0.00396202
[avbd-drive] step 45 wrote AVBD output to Particle.pos
[avbd-friction] step 45 applied 102 vert/primitive friction events
[avbd-step] step 45  dof=1875  iters=16  rc=0  wall=24850 us  |Δx|_max=0.01357  |Δx|_mean=0.00405975  pred_max=0.0135724  drift_max=0.00127006  drift@v468.z  conv_max=0.000828266  conv_mean=0.00010224  nan=0
[outlier] v468  inc_tri=6  worst|M|=5.33333  pos=(1.11801,-0.288109,1.11445)
[pd-step]     step 45  dof=1875  pd|Δx|_max=0.0135724  pd|Δx|_mean=0.00404712
[avbd-drive] step 46 wrote AVBD output to Particle.pos
[avbd-friction] step 46 applied 107 vert/primitive friction events
[avbd-step] step 46  dof=1875  iters=16  rc=0  wall=22430 us  |Δx|_max=0.0138699  |Δx|_mean=0.00413686  pred_max=0.0138725  drift_max=0.00144506  drift@v371.x  conv_max=0.000842094  conv_mean=0.00010359  nan=0
[outlier] v371  inc_tri=6  worst|M|=5.33333  pos=(1.67197,-0.30261,0.372526)
[pd-step]     step 46  dof=1875  pd|Δx|_max=0.0138725  pd|Δx|_mean=0.00412437
[avbd-drive] step 47 wrote AVBD output to Particle.pos
[avbd-friction] step 47 applied 110 vert/primitive friction events
[avbd-step] step 47  dof=1875  iters=16  rc=0  wall=21599 us  |Δx|_max=0.0141695  |Δx|_mean=0.00422314  pred_max=0.0141723  drift_max=0.00136411  drift@v490.z  conv_max=0.000855565  conv_mean=0.00010528  nan=0
[outlier] v490  inc_tri=6  worst|M|=5.33333  pos=(0.561371,-0.313955,1.29752)
[pd-step]     step 47  dof=1875  pd|Δx|_max=0.0141723  pd|Δx|_mean=0.00420751
[avbd-drive] step 48 wrote AVBD output to Particle.pos
[avbd-friction] step 48 applied 116 vert/primitive friction events
[avbd-step] step 48  dof=1875  iters=16  rc=0  wall=32114 us  |Δx|_max=0.0144688  |Δx|_mean=0.00429696  pred_max=0.0144719  drift_max=0.00145209  drift@v445.y  conv_max=0.000868499  conv_mean=0.000106466  nan=0
[outlier] v445  inc_tri=6  worst|M|=5.33333  pos=(1.48749,-0.331802,0.927627)
[pd-step]     step 48  dof=1875  pd|Δx|_max=0.014472  pd|Δx|_mean=0.00428382
[avbd-drive] step 49 wrote AVBD output to Particle.pos
[avbd-friction] step 49 applied 122 vert/primitive friction events
[avbd-step] step 49  dof=1875  iters=16  rc=0  wall=28148 us  |Δx|_max=0.0147679  |Δx|_mean=0.00436248  pred_max=0.0147713  drift_max=0.00152254  drift@v469.y  conv_max=0.000881016  conv_mean=0.00010753  nan=0
[outlier] v469  inc_tri=6  worst|M|=5.33333  pos=(1.30108,-0.342903,1.11194)
[pd-step]     step 49  dof=1875  pd|Δx|_max=0.0147713  pd|Δx|_mean=0.00435469
[avbd-drive] step 50 wrote AVBD output to Particle.pos
[avbd-friction] step 50 applied 127 vert/primitive friction events
[avbd-step] step 50  dof=1875  iters=16  rc=0  wall=29093 us  |Δx|_max=0.0150667  |Δx|_mean=0.00442791  pred_max=0.0150704  drift_max=0.00146547  drift@v219.y  conv_max=0.000893056  conv_mean=0.000108657  nan=0
[outlier] v219  inc_tri=6  worst|M|=5.33333  pos=(1.30246,-0.355227,-0.736883)
[pd-step]     step 50  dof=1875  pd|Δx|_max=0.0150704  pd|Δx|_mean=0.00442074
[avbd-drive] step 51 wrote AVBD output to Particle.pos
[avbd-friction] step 51 applied 129 vert/primitive friction events
[avbd-step] step 51  dof=1875  iters=16  rc=0  wall=32586 us  |Δx|_max=0.0153652  |Δx|_mean=0.00451405  pred_max=0.0153692  drift_max=0.0015851  drift@v211.y  conv_max=0.00090456  conv_mean=0.000110404  nan=0
[outlier] v211  inc_tri=6  worst|M|=5.33333  pos=(-0.177657,-0.374391,-0.737642)
[pd-step]     step 51  dof=1875  pd|Δx|_max=0.0153692  pd|Δx|_mean=0.00449914
[avbd-drive] step 52 wrote AVBD output to Particle.pos
[avbd-friction] step 52 applied 135 vert/primitive friction events
[avbd-step] step 52  dof=1875  iters=16  rc=0  wall=27623 us  |Δx|_max=0.0156632  |Δx|_mean=0.00458366  pred_max=0.0156676  drift_max=0.00175697  drift@v211.y  conv_max=0.000915557  conv_mean=0.000111323  nan=0
[outlier] v211  inc_tri=6  worst|M|=5.33333  pos=(-0.176475,-0.385029,-0.736072)
[pd-step]     step 52  dof=1875  pd|Δx|_max=0.0156677  pd|Δx|_mean=0.0045699
[avbd-drive] step 53 wrote AVBD output to Particle.pos
[avbd-friction] step 53 applied 139 vert/primitive friction events
[avbd-step] step 53  dof=1875  iters=16  rc=0  wall=29097 us  |Δx|_max=0.0159608  |Δx|_mean=0.00466359  pred_max=0.0159657  drift_max=0.00166124  drift@v470.y  conv_max=0.000925988  conv_mean=0.000112732  nan=0
[outlier] v470  inc_tri=6  worst|M|=5.33333  pos=(1.48338,-0.405645,1.10892)
[pd-step]     step 53  dof=1875  pd|Δx|_max=0.0159657  pd|Δx|_mean=0.0046482
[avbd-drive] step 54 wrote AVBD output to Particle.pos
[avbd-friction] step 54 applied 144 vert/primitive friction events
[avbd-step] step 54  dof=1875  iters=16  rc=0  wall=29376 us  |Δx|_max=0.0162579  |Δx|_mean=0.00473106  pred_max=0.0162633  drift_max=0.00198162  drift@v322.x  conv_max=0.000935853  conv_mean=0.000113728  nan=0
[outlier] v322  inc_tri=6  worst|M|=5.33333  pos=(1.84203,-0.419127,0.00138726)
[pd-step]     step 54  dof=1875  pd|Δx|_max=0.0162633  pd|Δx|_mean=0.00471701
[avbd-drive] step 55 wrote AVBD output to Particle.pos
[avbd-friction] step 55 applied 147 vert/primitive friction events
[avbd-step] step 55  dof=1875  iters=16  rc=0  wall=35354 us  |Δx|_max=0.0165544  |Δx|_mean=0.00481284  pred_max=0.0165604  drift_max=0.00182688  drift@v470.y  conv_max=0.000945002  conv_mean=0.00011517  nan=0
[outlier] v470  inc_tri=6  worst|M|=5.33333  pos=(1.47938,-0.426879,1.10496)
[pd-step]     step 55  dof=1875  pd|Δx|_max=0.0165604  pd|Δx|_mean=0.00479608
[avbd-drive] step 56 wrote AVBD output to Particle.pos
[avbd-friction] step 56 applied 155 vert/primitive friction events
[avbd-step] step 56  dof=1875  iters=16  rc=0  wall=29248 us  |Δx|_max=0.0168503  |Δx|_mean=0.00486157  pred_max=0.0168569  drift_max=0.00203907  drift@v397.x  conv_max=0.000953525  conv_mean=0.000115663  nan=0
[outlier] v397  inc_tri=6  worst|M|=5.33333  pos=(1.83981,-0.446103,0.55227)
[pd-step]     step 56  dof=1875  pd|Δx|_max=0.0168569  pd|Δx|_mean=0.00485318
[avbd-drive] step 57 wrote AVBD output to Particle.pos
[avbd-friction] step 57 applied 158 vert/primitive friction events
[avbd-step] step 57  dof=1875  iters=16  rc=0  wall=28196 us  |Δx|_max=0.0171455  |Δx|_mean=0.00493575  pred_max=0.0171528  drift_max=0.00205195  drift@v210.y  conv_max=0.000961483  conv_mean=0.000117048  nan=0
[outlier] v210  inc_tri=6  worst|M|=5.33333  pos=(-0.359111,-0.464466,-0.733111)
[pd-step]     step 57  dof=1875  pd|Δx|_max=0.0171528  pd|Δx|_mean=0.00492209
[avbd-drive] step 58 wrote AVBD output to Particle.pos
[avbd-friction] step 58 applied 163 vert/primitive friction events
[avbd-step] step 58  dof=1875  iters=16  rc=0  wall=28178 us  |Δx|_max=0.01744  |Δx|_mean=0.00500638  pred_max=0.0174479  drift_max=0.00213212  drift@v210.y  conv_max=0.000968724  conv_mean=0.000118056  nan=0
[outlier] v210  inc_tri=6  worst|M|=5.33333  pos=(-0.357742,-0.474694,-0.731663)
[pd-step]     step 58  dof=1875  pd|Δx|_max=0.017448  pd|Δx|_mean=0.00499005
[avbd-drive] step 59 wrote AVBD output to Particle.pos
[avbd-friction] step 59 applied 168 vert/primitive friction events
[avbd-step] step 59  dof=1875  iters=16  rc=0  wall=28434 us  |Δx|_max=0.0177337  |Δx|_mean=0.00506446  pred_max=0.0177425  drift_max=0.00211483  drift@v471.y  conv_max=0.00097549  conv_mean=0.000118686  nan=0
[outlier] v471  inc_tri=6  worst|M|=5.33333  pos=(1.65832,-0.501509,1.10008)
[pd-step]     step 59  dof=1875  pd|Δx|_max=0.0177424  pd|Δx|_mean=0.00505133
[avbd-drive] step 60 wrote AVBD output to Particle.pos
[avbd-friction] step 60 applied 172 vert/primitive friction events
[avbd-step] step 60  dof=1875  iters=16  rc=0  wall=32718 us  |Δx|_max=0.0180267  |Δx|_mean=0.0051312  pred_max=0.0180362  drift_max=0.00235665  drift@v471.y  conv_max=0.000982463  conv_mean=0.000119651  nan=0
[outlier] v471  inc_tri=6  worst|M|=5.33333  pos=(1.6554,-0.513207,1.09753)
[pd-step]     step 60  dof=1875  pd|Δx|_max=0.0180362  pd|Δx|_mean=0.00511717
[avbd-drive] step 61 wrote AVBD output to Particle.pos
[avbd-friction] step 61 applied 172 vert/primitive friction events
60..[avbd-step] step 61  dof=1875  iters=16  rc=0  wall=27649 us  |Δx|_max=0.018319  |Δx|_mean=0.00521201  pred_max=0.0183292  drift_max=0.00220013  drift@v495.y  conv_max=0.000989079  conv_mean=0.000120959  nan=0
[outlier] v495  inc_tri=6  worst|M|=5.33333  pos=(1.47217,-0.523851,1.2795)
[pd-step]     step 61  dof=1875  pd|Δx|_max=0.0183292  pd|Δx|_mean=0.00519169
[avbd-drive] step 62 wrote AVBD output to Particle.pos
[avbd-friction] step 62 applied 177 vert/primitive friction events
[avbd-step] step 62  dof=1875  iters=16  rc=0  wall=34132 us  |Δx|_max=0.0186729  |Δx|_mean=0.00525019  pred_max=0.0186214  drift_max=0.00237393  drift@v323.x  conv_max=0.000995338  conv_mean=0.000121074  nan=0
[outlier] v323  inc_tri=6  worst|M|=5.33333  pos=(1.99866,-0.5526,0.00312281)
[pd-step]     step 62  dof=1875  pd|Δx|_max=0.0186214  pd|Δx|_mean=0.0052392
[avbd-drive] step 63 wrote AVBD output to Particle.pos
[avbd-friction] step 63 applied 176 vert/primitive friction events
[avbd-step] step 63  dof=1875  iters=16  rc=0  wall=34496 us  |Δx|_max=0.0193334  |Δx|_mean=0.00532371  pred_max=0.0189754  drift_max=0.00229657  drift@v185.y  conv_max=0.00100112  conv_mean=0.000122263  nan=0
[outlier] v185  inc_tri=6  worst|M|=5.33333  pos=(-0.354876,-0.56531,-0.911642)
[pd-step]     step 63  dof=1875  pd|Δx|_max=0.0189754  pd|Δx|_mean=0.00530616
[avbd-drive] step 64 wrote AVBD output to Particle.pos
[avbd-friction] step 64 applied 184 vert/primitive friction events
[avbd-step] step 64  dof=1875  iters=16  rc=0  wall=32231 us  |Δx|_max=0.0195975  |Δx|_mean=0.0053557  pred_max=0.0196359  drift_max=0.00236684  drift@v185.y  conv_max=0.00100678  conv_mean=0.000122194  nan=0
[outlier] v185  inc_tri=6  worst|M|=5.33333  pos=(-0.353734,-0.575859,-0.909945)
[pd-step]     step 64  dof=1875  pd|Δx|_max=0.0196358  pd|Δx|_mean=0.00534733
[avbd-drive] step 65 wrote AVBD output to Particle.pos
[avbd-friction] step 65 applied 184 vert/primitive friction events
[avbd-step] step 65  dof=1875  iters=16  rc=0  wall=31000 us  |Δx|_max=0.0196831  |Δx|_mean=0.00542064  pred_max=0.0199  drift_max=0.00261825  drift@v496.y  conv_max=0.00101215  conv_mean=0.000123014  nan=0
[outlier] v496  inc_tri=6  worst|M|=5.33333  pos=(1.64778,-0.604833,1.26941)
[pd-step]     step 65  dof=1875  pd|Δx|_max=0.0198999  pd|Δx|_mean=0.00540827
[avbd-drive] step 66 wrote AVBD output to Particle.pos
[avbd-friction] step 66 applied 186 vert/primitive friction events
[avbd-step] step 66  dof=1875  iters=16  rc=0  wall=29584 us  |Δx|_max=0.0197695  |Δx|_mean=0.00547435  pred_max=0.0199856  drift_max=0.00275654  drift@v496.y  conv_max=0.00101721  conv_mean=0.000123544  nan=0
[outlier] v496  inc_tri=6  worst|M|=5.33333  pos=(1.64467,-0.615907,1.26591)
[pd-step]     step 66  dof=1875  pd|Δx|_max=0.0199856  pd|Δx|_mean=0.00546314
[avbd-drive] step 67 wrote AVBD output to Particle.pos
[avbd-friction] step 67 applied 193 vert/primitive friction events
[avbd-step] step 67  dof=1875  iters=16  rc=0  wall=35799 us  |Δx|_max=0.0204855  |Δx|_mean=0.00550912  pred_max=0.020072  drift_max=0.00247091  drift@v472.y  conv_max=0.00102204  conv_mean=0.000123723  nan=0
[outlier] v472  inc_tri=6  worst|M|=5.33333  pos=(1.81929,-0.633246,1.07827)
[pd-step]     step 67  dof=1875  pd|Δx|_max=0.020072  pd|Δx|_mean=0.00550348
[avbd-drive] step 68 wrote AVBD output to Particle.pos
[avbd-friction] step 68 applied 193 vert/primitive friction events
[avbd-step] step 68  dof=1875  iters=16  rc=0  wall=29734 us  |Δx|_max=0.0206328  |Δx|_mean=0.00556134  pred_max=0.020788  drift_max=0.00267673  drift@v324.x  conv_max=0.00102693  conv_mean=0.000124324  nan=0
[outlier] v324  inc_tri=3  worst|M|=5.33333  pos=(2.14865,-0.676711,0.0081234)
[pd-step]     step 68  dof=1875  pd|Δx|_max=0.0207879  pd|Δx|_mean=0.00555311
[avbd-drive] step 69 wrote AVBD output to Particle.pos
[avbd-friction] step 69 applied 192 vert/primitive friction events
[avbd-step] step 69  dof=1875  iters=16  rc=0  wall=27836 us  |Δx|_max=0.0206297  |Δx|_mean=0.0055814  pred_max=0.0209353  drift_max=0.00237262  drift@v448.y  conv_max=0.00103182  conv_mean=0.00012412  nan=0
[outlier] v448  inc_tri=6  worst|M|=5.33333  pos=(1.98631,-0.679146,0.886886)
[pd-step]     step 69  dof=1875  pd|Δx|_max=0.0209353  pd|Δx|_mean=0.00556999
[avbd-drive] step 70 wrote AVBD output to Particle.pos
[avbd-friction] step 70 applied 198 vert/primitive friction events
[avbd-step] step 70  dof=1875  iters=16  rc=0  wall=29840 us  |Δx|_max=0.0209658  |Δx|_mean=0.00562528  pred_max=0.0209322  drift_max=0.00272065  drift@v497.y  conv_max=0.00103688  conv_mean=0.000124396  nan=0
[outlier] v497  inc_tri=6  worst|M|=5.33333  pos=(1.81632,-0.706298,1.25055)
[pd-step]     step 70  dof=1875  pd|Δx|_max=0.0209322  pd|Δx|_mean=0.00561208
[avbd-drive] step 71 wrote AVBD output to Particle.pos
[avbd-friction] step 71 applied 208 vert/primitive friction events
[avbd-step] step 71  dof=1875  iters=16  rc=0  wall=30156 us  |Δx|_max=0.0214182  |Δx|_mean=0.00566169  pred_max=0.0212682  drift_max=0.00310665  drift@v497.y  conv_max=0.00104201  conv_mean=0.000123953  nan=0
[outlier] v497  inc_tri=6  worst|M|=5.33333  pos=(1.81188,-0.719728,1.24575)
[pd-step]     step 71  dof=1875  pd|Δx|_max=0.0212682  pd|Δx|_mean=0.00564358
[avbd-drive] step 72 wrote AVBD output to Particle.pos
[avbd-friction] step 72 applied 211 vert/primitive friction events
[avbd-step] step 72  dof=1875  iters=16  rc=0  wall=28958 us  |Δx|_max=0.0219702  |Δx|_mean=0.00570696  pred_max=0.0217207  drift_max=0.00298607  drift@v497.y  conv_max=0.00104725  conv_mean=0.000124084  nan=0
[outlier] v497  inc_tri=6  worst|M|=5.33333  pos=(1.80754,-0.730355,1.24099)
[pd-step]     step 72  dof=1875  pd|Δx|_max=0.0217207  pd|Δx|_mean=0.00568889
[avbd-drive] step 73 wrote AVBD output to Particle.pos
[avbd-friction] step 73 applied 215 vert/primitive friction events
[avbd-step] step 73  dof=1875  iters=16  rc=0  wall=28525 us  |Δx|_max=0.0226912  |Δx|_mean=0.00570464  pred_max=0.0222726  drift_max=0.00303313  drift@v274.z  conv_max=0.0010525  conv_mean=0.000123591  nan=0
[outlier] v274  inc_tri=3  worst|M|=5.33333  pos=(2.11843,-0.771232,-0.324486)
[pd-step]     step 73  dof=1875  pd|Δx|_max=0.0222726  pd|Δx|_mean=0.00569398
[avbd-drive] step 74 wrote AVBD output to Particle.pos
[avbd-friction] step 74 applied 219 vert/primitive friction events
[avbd-step] step 74  dof=1875  iters=16  rc=0  wall=29390 us  |Δx|_max=0.0236744  |Δx|_mean=0.00574903  pred_max=0.0229937  drift_max=0.00300932  drift@v223.y  conv_max=0.0010587  conv_mean=0.000124062  nan=0
[outlier] v223  inc_tri=6  worst|M|=5.33333  pos=(1.97298,-0.773782,-0.683997)
[pd-step]     step 74  dof=1875  pd|Δx|_max=0.0229937  pd|Δx|_mean=0.00572357
[avbd-drive] step 75 wrote AVBD output to Particle.pos
[avbd-friction] step 75 applied 219 vert/primitive friction events
[avbd-step] step 75  dof=1875  iters=16  rc=0  wall=29736 us  |Δx|_max=0.0250373  |Δx|_mean=0.00579993  pred_max=0.0239769  drift_max=0.00381613  drift@v349.y  conv_max=0.00106561  conv_mean=0.000124779  nan=0
[outlier] v349  inc_tri=3  worst|M|=5.33333  pos=(2.15173,-0.660835,0.179721)
[pd-step]     step 75  dof=1875  pd|Δx|_max=0.0239768  pd|Δx|_mean=0.00577035
[avbd-drive] step 76 wrote AVBD output to Particle.pos
[avbd-friction] step 76 applied 219 vert/primitive friction events
[avbd-step] step 76  dof=1875  iters=16  rc=0  wall=23642 us  |Δx|_max=0.0268905  |Δx|_mean=0.00583294  pred_max=0.0253398  drift_max=0.00437993  drift@v349.y  conv_max=0.0010733  conv_mean=0.000124571  nan=0
[outlier] v349  inc_tri=3  worst|M|=5.33333  pos=(2.15774,-0.649114,0.177662)
[pd-step]     step 76  dof=1875  pd|Δx|_max=0.0253398  pd|Δx|_mean=0.00580226
[avbd-drive] step 77 wrote AVBD output to Particle.pos
[avbd-friction] step 77 applied 223 vert/primitive friction events
[avbd-step] step 77  dof=1875  iters=16  rc=0  wall=21290 us  |Δx|_max=0.0291909  |Δx|_mean=0.00588054  pred_max=0.027193  drift_max=0.00379145  drift@v498.y  conv_max=0.00108218  conv_mean=0.000124347  nan=0
[outlier] v498  inc_tri=6  worst|M|=5.33333  pos=(1.96491,-0.850219,1.20396)
[pd-step]     step 77  dof=1875  pd|Δx|_max=0.0271929  pd|Δx|_mean=0.00584269
[avbd-drive] step 78 wrote AVBD output to Particle.pos
[avbd-friction] step 78 applied 227 vert/primitive friction events
[avbd-step] step 78  dof=1875  iters=16  rc=0  wall=21672 us  |Δx|_max=0.0313887  |Δx|_mean=0.00592686  pred_max=0.0294934  drift_max=0.00331843  drift@v498.y  conv_max=0.00109226  conv_mean=0.000124299  nan=0
[outlier] v498  inc_tri=6  worst|M|=5.33333  pos=(1.95779,-0.861787,1.19596)
[pd-step]     step 78  dof=1875  pd|Δx|_max=0.0294934  pd|Δx|_mean=0.00588907
[avbd-drive] step 79 wrote AVBD output to Particle.pos
[avbd-friction] step 79 applied 233 vert/primitive friction events
[avbd-step] step 79  dof=1875  iters=16  rc=0  wall=22708 us  |Δx|_max=0.0323105  |Δx|_mean=0.00595632  pred_max=0.0316912  drift_max=0.00399208  drift@v590.z  conv_max=0.00110471  conv_mean=0.000123696  nan=0
[outlier] v590  inc_tri=6  worst|M|=5.33333  pos=(0.559753,-0.892872,1.91702)
[pd-step]     step 79  dof=1875  pd|Δx|_max=0.0316912  pd|Δx|_mean=0.00592373
[avbd-drive] step 80 wrote AVBD output to Particle.pos
[avbd-friction] step 80 applied 236 vert/primitive friction events
[avbd-step] step 80  dof=1875  iters=16  rc=0  wall=21937 us  |Δx|_max=0.0304577  |Δx|_mean=0.00595814  pred_max=0.032613  drift_max=0.00433791  drift@v224.z  conv_max=0.001118  conv_mean=0.000122442  nan=0
[outlier] v224  inc_tri=3  worst|M|=5.33333  pos=(2.09759,-0.913329,-0.629619)
[pd-step]     step 80  dof=1875  pd|Δx|_max=0.032613  pd|Δx|_mean=0.00592877
[avbd-drive] step 81 wrote AVBD output to Particle.pos
[avbd-friction] step 81 applied 240 vert/primitive friction events
80..[avbd-step] step 81  dof=1875  iters=16  rc=0  wall=22234 us  |Δx|_max=0.0299683  |Δx|_mean=0.0060034  pred_max=0.0307601  drift_max=0.00554025  drift@v614.y  conv_max=0.00113404  conv_mean=0.000121899  nan=0
[outlier] v614  inc_tri=3  worst|M|=5.33333  pos=(0.388072,-1.0046,2.07405)
[pd-step]     step 81  dof=1875  pd|Δx|_max=0.0307601  pd|Δx|_mean=0.00597307
[avbd-drive] step 82 wrote AVBD output to Particle.pos
[avbd-friction] step 82 applied 247 vert/primitive friction events
[avbd-step] step 82  dof=1875  iters=16  rc=0  wall=23224 us  |Δx|_max=0.0305796  |Δx|_mean=0.00603056  pred_max=0.0302708  drift_max=0.00625145  drift@v614.y  conv_max=0.0011515  conv_mean=0.00012139  nan=0
[outlier] v614  inc_tri=3  worst|M|=5.33333  pos=(0.387061,-1.02979,2.05757)
[pd-step]     step 82  dof=1875  pd|Δx|_max=0.0302708  pd|Δx|_mean=0.00600944
[avbd-drive] step 83 wrote AVBD output to Particle.pos
[avbd-friction] step 83 applied 250 vert/primitive friction events
[avbd-step] step 83  dof=1875  iters=16  rc=0  wall=22780 us  |Δx|_max=0.0305823  |Δx|_mean=0.00603348  pred_max=0.030882  drift_max=0.00579536  drift@v616.y  conv_max=0.00117153  conv_mean=0.000120726  nan=0
[outlier] v616  inc_tri=3  worst|M|=5.33333  pos=(0.712238,-1.04266,2.04431)
[pd-step]     step 83  dof=1875  pd|Δx|_max=0.030882  pd|Δx|_mean=0.00601627
[avbd-drive] step 84 wrote AVBD output to Particle.pos
[avbd-friction] step 84 applied 254 vert/primitive friction events
[avbd-step] step 84  dof=1875  iters=16  rc=0  wall=23160 us  |Δx|_max=0.0293965  |Δx|_mean=0.00603855  pred_max=0.0308847  drift_max=0.00533342  drift@v616.y  conv_max=0.00119436  conv_mean=0.000120155  nan=0
[outlier] v616  inc_tri=3  worst|M|=5.33333  pos=(0.707875,-1.06207,2.02441)
[pd-step]     step 84  dof=1875  pd|Δx|_max=0.0308848  pd|Δx|_mean=0.0060173
[avbd-drive] step 85 wrote AVBD output to Particle.pos
[avbd-friction] step 85 applied 260 vert/primitive friction events
[avbd-step] step 85  dof=1875  iters=16  rc=0  wall=25938 us  |Δx|_max=0.0296434  |Δx|_mean=0.00603471  pred_max=0.029699  drift_max=0.00581908  drift@v615.y  conv_max=0.00122106  conv_mean=0.000119058  nan=0
[outlier] v615  inc_tri=3  worst|M|=5.33333  pos=(0.547138,-1.00778,2.07829)
[pd-step]     step 85  dof=1875  pd|Δx|_max=0.029699  pd|Δx|_mean=0.00601068
[avbd-drive] step 86 wrote AVBD output to Particle.pos
[avbd-friction] step 86 applied 266 vert/primitive friction events
[avbd-selfcoll] step 86 resolved 3  detect=10537 us  resolve=86 us  path=gpu
[avbd-step] step 86  dof=1875  iters=16  rc=0  wall=22217 us  |Δx|_max=0.0315342  |Δx|_mean=0.0060467  pred_max=0.0299459  drift_max=0.00785661  drift@v615.y  conv_max=0.00124896  conv_mean=0.000118208  nan=0
[outlier] v615  inc_tri=3  worst|M|=5.33333  pos=(0.548754,-1.02592,2.06927)
[pd-step]     step 86  dof=1875  pd|Δx|_max=0.0299459  pd|Δx|_mean=0.00602863
[avbd-drive] step 87 wrote AVBD output to Particle.pos
[avbd-friction] step 87 applied 271 vert/primitive friction events
[avbd-selfcoll] step 87 resolved 3  detect=14081 us  resolve=19 us  path=gpu
[avbd-step] step 87  dof=1875  iters=16  rc=0  wall=23228 us  |Δx|_max=0.0331457  |Δx|_mean=0.00605963  pred_max=0.0318366  drift_max=0.00788271  drift@v615.y  conv_max=0.00128198  conv_mean=0.000117439  nan=0
[outlier] v615  inc_tri=3  worst|M|=5.33333  pos=(0.550931,-1.03651,2.06209)
[pd-step]     step 87  dof=1875  pd|Δx|_max=0.0318367  pd|Δx|_mean=0.00604515
[avbd-drive] step 88 wrote AVBD output to Particle.pos
[avbd-friction] step 88 applied 275 vert/primitive friction events
[avbd-selfcoll] step 88 resolved 4  detect=11639 us  resolve=19 us  path=gpu
[avbd-step] step 88  dof=1875  iters=16  rc=0  wall=24052 us  |Δx|_max=0.0338426  |Δx|_mean=0.00603984  pred_max=0.0334481  drift_max=0.00676453  drift@v615.y  conv_max=0.00131714  conv_mean=0.000116212  nan=0
[outlier] v615  inc_tri=3  worst|M|=5.33333  pos=(0.55296,-1.03952,2.0592)
[pd-step]     step 88  dof=1875  pd|Δx|_max=0.0334481  pd|Δx|_mean=0.00602278
[avbd-drive] step 89 wrote AVBD output to Particle.pos
[avbd-friction] step 89 applied 276 vert/primitive friction events
[avbd-selfcoll] step 89 resolved 3  detect=10568 us  resolve=19 us  path=gpu
[avbd-step] step 89  dof=1875  iters=16  rc=0  wall=21469 us  |Δx|_max=0.0336493  |Δx|_mean=0.00605993  pred_max=0.034145  drift_max=0.00634551  drift@v615.z  conv_max=0.00136065  conv_mean=0.000115311  nan=0
[outlier] v615  inc_tri=3  worst|M|=5.33333  pos=(0.554378,-1.03607,2.06263)
[pd-step]     step 89  dof=1875  pd|Δx|_max=0.034145  pd|Δx|_mean=0.00602554
[avbd-drive] step 90 wrote AVBD output to Particle.pos
[avbd-friction] step 90 applied 287 vert/primitive friction events
[avbd-selfcoll] step 90 resolved 3  detect=10142 us  resolve=41 us  path=gpu
[avbd-step] step 90  dof=1875  iters=16  rc=0  wall=23722 us  |Δx|_max=0.0329757  |Δx|_mean=0.00607724  pred_max=0.0339518  drift_max=0.00586522  drift@v549.y  conv_max=0.00140488  conv_mean=0.000113479  nan=0
[outlier] v549  inc_tri=3  worst|M|=5.33333  pos=(2.09502,-1.17513,1.40206)
[pd-step]     step 90  dof=1875  pd|Δx|_max=0.0339518  pd|Δx|_mean=0.00603516
[avbd-drive] step 91 wrote AVBD output to Particle.pos
[avbd-friction] step 91 applied 291 vert/primitive friction events
[avbd-selfcoll] step 91 resolved 2  detect=10640 us  resolve=21 us  path=gpu
[avbd-step] step 91  dof=1875  iters=16  rc=0  wall=24682 us  |Δx|_max=0.0318654  |Δx|_mean=0.00610614  pred_max=0.0332781  drift_max=0.00694919  drift@v549.y  conv_max=0.00144398  conv_mean=0.00011219  nan=0
[outlier] v549  inc_tri=3  worst|M|=5.33333  pos=(2.08512,-1.19173,1.38407)
[pd-step]     step 91  dof=1875  pd|Δx|_max=0.0332781  pd|Δx|_mean=0.00606763
[avbd-drive] step 92 wrote AVBD output to Particle.pos
[avbd-friction] step 92 applied 298 vert/primitive friction events
[avbd-selfcoll] step 92 resolved 1  detect=10280 us  resolve=22 us  path=gpu
[avbd-step] step 92  dof=1875  iters=16  rc=0  wall=22394 us  |Δx|_max=0.0323189  |Δx|_mean=0.00607092  pred_max=0.0321678  drift_max=0.00650108  drift@v573.y  conv_max=0.00149429  conv_mean=0.000110021  nan=0
[outlier] v573  inc_tri=6  worst|M|=5.33333  pos=(1.91436,-1.22119,1.57741)
[pd-step]     step 92  dof=1875  pd|Δx|_max=0.0321678  pd|Δx|_mean=0.00603869
[avbd-drive] step 93 wrote AVBD output to Particle.pos
[avbd-friction] step 93 applied 303 vert/primitive friction events
[avbd-selfcoll] step 93 resolved 3  detect=11462 us  resolve=45 us  path=gpu
[avbd-step] step 93  dof=1875  iters=16  rc=0  wall=21890 us  |Δx|_max=0.0332878  |Δx|_mean=0.00609075  pred_max=0.0326214  drift_max=0.00587916  drift@v597.y  conv_max=0.00154769  conv_mean=0.000108818  nan=0
[outlier] v597  inc_tri=6  worst|M|=5.33333  pos=(1.74295,-1.25456,1.76769)
[pd-step]     step 93  dof=1875  pd|Δx|_max=0.0326214  pd|Δx|_mean=0.00604819
[avbd-drive] step 94 wrote AVBD output to Particle.pos
[avbd-friction] step 94 applied 306 vert/primitive friction events
[avbd-selfcoll] step 94 resolved 2  detect=12769 us  resolve=18 us  path=gpu
[avbd-step] step 94  dof=1875  iters=16  rc=0  wall=22756 us  |Δx|_max=0.034196  |Δx|_mean=0.00609309  pred_max=0.0335902  drift_max=0.00686717  drift@v597.y  conv_max=0.00158513  conv_mean=0.000107469  nan=0
[outlier] v597  inc_tri=6  worst|M|=5.33333  pos=(1.73494,-1.27057,1.74975)
[pd-step]     step 94  dof=1875  pd|Δx|_max=0.0335902  pd|Δx|_mean=0.00604604
[avbd-drive] step 95 wrote AVBD output to Particle.pos
[avbd-friction] step 95 applied 312 vert/primitive friction events
[avbd-selfcoll] step 95 resolved 4  detect=11692 us  resolve=22 us  path=gpu
[avbd-step] step 95  dof=1875  iters=16  rc=0  wall=24368 us  |Δx|_max=0.036243  |Δx|_mean=0.00608903  pred_max=0.0344985  drift_max=0.00812161  drift@v574.y  conv_max=0.00161457  conv_mean=0.00010583  nan=0
[outlier] v574  inc_tri=3  worst|M|=5.33333  pos=(2.07864,-1.30478,1.50393)
[pd-step]     step 95  dof=1875  pd|Δx|_max=0.0344985  pd|Δx|_mean=0.00604086
[avbd-drive] step 96 wrote AVBD output to Particle.pos
[avbd-friction] step 96 applied 316 vert/primitive friction events
[avbd-selfcoll] step 96 resolved 2  detect=10097 us  resolve=19 us  path=gpu
[avbd-step] step 96  dof=1875  iters=16  rc=0  wall=26594 us  |Δx|_max=0.0373164  |Δx|_mean=0.00613481  pred_max=0.0365454  drift_max=0.00779665  drift@v574.y  conv_max=0.00164914  conv_mean=0.000104884  nan=0
[outlier] v574  inc_tri=3  worst|M|=5.33333  pos=(2.06636,-1.31866,1.48438)
[pd-step]     step 96  dof=1875  pd|Δx|_max=0.0365454  pd|Δx|_mean=0.00608094
[avbd-drive] step 97 wrote AVBD output to Particle.pos
[avbd-friction] step 97 applied 328 vert/primitive friction events
[avbd-selfcoll] step 97 resolved 2  detect=10240 us  resolve=16 us  path=gpu
[avbd-step] step 97  dof=1875  iters=16  rc=0  wall=21776 us  |Δx|_max=0.0380083  |Δx|_mean=0.00609423  pred_max=0.0376189  drift_max=0.008461  drift@v598.y  conv_max=0.00175142  conv_mean=0.000102702  nan=0
[outlier] v598  inc_tri=6  worst|M|=5.33333  pos=(1.89527,-1.3639,1.67779)
[pd-step]     step 97  dof=1875  pd|Δx|_max=0.0376189  pd|Δx|_mean=0.00604491
[avbd-drive] step 98 wrote AVBD output to Particle.pos
[avbd-friction] step 98 applied 330 vert/primitive friction events
[avbd-selfcoll] step 98 resolved 4  detect=11729 us  resolve=17 us  path=gpu
[avbd-step] step 98  dof=1875  iters=16  rc=0  wall=24084 us  |Δx|_max=0.0386877  |Δx|_mean=0.00614601  pred_max=0.0383108  drift_max=0.0066011  drift@v622.y  conv_max=0.00179815  conv_mean=0.000102153  nan=0
[outlier] v622  inc_tri=3  worst|M|=5.33333  pos=(1.72092,-1.3919,1.87029)
[pd-step]     step 98  dof=1875  pd|Δx|_max=0.0383108  pd|Δx|_mean=0.0060808
[avbd-drive] step 99 wrote AVBD output to Particle.pos
[avbd-friction] step 99 applied 338 vert/primitive friction events
[avbd-selfcoll] step 99 resolved 3  detect=10476 us  resolve=27 us  path=gpu
[avbd-step] step 99  dof=1875  iters=16  rc=0  wall=22360 us  |Δx|_max=0.0375608  |Δx|_mean=0.00616802  pred_max=0.0389901  drift_max=0.00709379  drift@v622.y  conv_max=0.00178623  conv_mean=9.99691e-05  nan=0
[outlier] v622  inc_tri=3  worst|M|=5.33333  pos=(1.71103,-1.40624,1.84827)
[pd-step]     step 99  dof=1875  pd|Δx|_max=0.0389902  pd|Δx|_mean=0.00610782
[avbd-drive] step 100 wrote AVBD output to Particle.pos
[avbd-friction] step 100 applied 343 vert/primitive friction events
[avbd-selfcoll] step 100 resolved 2  detect=11281 us  resolve=18 us  path=gpu
[avbd-step] step 100  dof=1875  iters=16  rc=0  wall=22416 us  |Δx|_max=0.0368009  |Δx|_mean=0.00619439  pred_max=0.0378633  drift_max=0.010298  drift@v599.y  conv_max=0.0018574  conv_mean=9.84642e-05  nan=0
[outlier] v599  inc_tri=3  worst|M|=5.33333  pos=(2.05487,-1.43581,1.59939)
[pd-step]     step 100  dof=1875  pd|Δx|_max=0.0378633  pd|Δx|_mean=0.0061327
[avbd-drive] step 101 wrote AVBD output to Particle.pos
[avbd-friction] step 101 applied 347 vert/primitive friction events
[avbd-contact] step 101 projected 1 vert/primitive penetrations
[avbd-selfcoll] step 101 resolved 3  detect=10243 us  resolve=28 us  path=gpu
100..[avbd-step] step 101  dof=1875  iters=16  rc=0  wall=23203 us  |Δx|_max=0.0372823  |Δx|_mean=0.00613291  pred_max=0.0371033  drift_max=0.010262  drift@v15.y  conv_max=0.00246978  conv_mean=9.69898e-05  nan=0
[outlier] v15  inc_tri=3  worst|M|=5.33333  pos=(0.622835,-1.48753,-1.91404)
[pd-step]     step 101  dof=1875  pd|Δx|_max=0.0371033  pd|Δx|_mean=0.00608726
[avbd-drive] step 102 wrote AVBD output to Particle.pos
[avbd-friction] step 102 applied 354 vert/primitive friction events
[avbd-contact] step 102 projected 5 vert/primitive penetrations
[avbd-selfcoll] step 102 resolved 4  detect=10178 us  resolve=20 us  path=gpu
[avbd-step] step 102  dof=1875  iters=16  rc=0  wall=22376 us  |Δx|_max=0.0373123  |Δx|_mean=0.00609753  pred_max=0.0375848  drift_max=0.0106348  drift@v14.z  conv_max=0.0021745  conv_mean=9.52265e-05  nan=0
[outlier] v14  inc_tri=3  worst|M|=5.33333  pos=(0.491289,-1.54367,-1.79134)
[pd-step]     step 102  dof=1875  pd|Δx|_max=0.0375848  pd|Δx|_mean=0.0060562
[avbd-drive] step 103 wrote AVBD output to Particle.pos
[avbd-friction] step 103 applied 361 vert/primitive friction events
[avbd-contact] step 103 projected 8 vert/primitive penetrations
[avbd-selfcoll] step 103 resolved 2  detect=12550 us  resolve=19 us  path=gpu
[avbd-step] step 103  dof=1875  iters=16  rc=0  wall=23346 us  |Δx|_max=0.0388395  |Δx|_mean=0.00609827  pred_max=0.0376147  drift_max=0.00893092  drift@v14.z  conv_max=0.00180149  conv_mean=9.40654e-05  nan=0
[outlier] v14  inc_tri=3  worst|M|=5.33333  pos=(0.498807,-1.54312,-1.78052)
[pd-step]     step 103  dof=1875  pd|Δx|_max=0.0376147  pd|Δx|_mean=0.00605527
[avbd-drive] step 104 wrote AVBD output to Particle.pos
[avbd-friction] step 104 applied 366 vert/primitive friction events
[avbd-contact] step 104 projected 11 vert/primitive penetrations
[avbd-selfcoll] step 104 resolved 1  detect=10296 us  resolve=38 us  path=gpu
[avbd-step] step 104  dof=1875  iters=16  rc=0  wall=24788 us  |Δx|_max=0.0402242  |Δx|_mean=0.00605891  pred_max=0.0391419  drift_max=0.010363  drift@v624.y  conv_max=0.00142276  conv_mean=9.20838e-05  nan=0
[outlier] v624  inc_tri=1  worst|M|=5.33333  pos=(2.02101,-1.5362,1.71951)
[pd-step]     step 104  dof=1875  pd|Δx|_max=0.0391419  pd|Δx|_mean=0.00602072
[avbd-drive] step 105 wrote AVBD output to Particle.pos
[avbd-friction] step 105 applied 368 vert/primitive friction events
[avbd-contact] step 105 projected 15 vert/primitive penetrations
[avbd-selfcoll] step 105 resolved 2  detect=10398 us  resolve=20 us  path=gpu
[avbd-step] step 105  dof=1875  iters=16  rc=0  wall=22000 us  |Δx|_max=0.0413892  |Δx|_mean=0.00607151  pred_max=0.0405266  drift_max=0.0123186  drift@v624.y  conv_max=0.00140738  conv_mean=9.10476e-05  nan=0
[outlier] v624  inc_tri=1  worst|M|=5.33333  pos=(2.00517,-1.55422,1.69282)
[pd-step]     step 105  dof=1875  pd|Δx|_max=0.0405267  pd|Δx|_mean=0.00602239
[avbd-drive] step 106 wrote AVBD output to Particle.pos
[avbd-friction] step 106 applied 375 vert/primitive friction events
[avbd-contact] step 106 projected 17 vert/primitive penetrations
[avbd-selfcoll] step 106 resolved 1  detect=12187 us  resolve=22 us  path=gpu
[avbd-step] step 106  dof=1875  iters=16  rc=0  wall=21547 us  |Δx|_max=0.042279  |Δx|_mean=0.00606434  pred_max=0.0416917  drift_max=0.00844312  drift@v624.y  conv_max=0.0011059  conv_mean=8.84213e-05  nan=0
[outlier] v624  inc_tri=1  worst|M|=5.33333  pos=(1.98533,-1.56022,1.66427)
[pd-step]     step 106  dof=1875  pd|Δx|_max=0.0416917  pd|Δx|_mean=0.00600249
[avbd-drive] step 107 wrote AVBD output to Particle.pos
[avbd-friction] step 107 applied 377 vert/primitive friction events
[avbd-contact] step 107 projected 20 vert/primitive penetrations
[avbd-selfcoll] step 107 resolved 2  detect=11709 us  resolve=18 us  path=gpu
[avbd-step] step 107  dof=1875  iters=16  rc=0  wall=21758 us  |Δx|_max=0.0437995  |Δx|_mean=0.00609441  pred_max=0.0425814  drift_max=0.00696206  drift@v74.y  conv_max=0.00114238  conv_mean=8.73459e-05  nan=0
[outlier] v74  inc_tri=3  worst|M|=5.33333  pos=(2.09579,-1.62751,-1.25871)
[pd-step]     step 107  dof=1875  pd|Δx|_max=0.0425815  pd|Δx|_mean=0.0060403
[avbd-drive] step 108 wrote AVBD output to Particle.pos
[avbd-friction] step 108 applied 388 vert/primitive friction events
[avbd-contact] step 108 projected 21 vert/primitive penetrations
[avbd-selfcoll] step 108 resolved 1  detect=10271 us  resolve=18 us  path=gpu
[avbd-step] step 108  dof=1875  iters=16  rc=0  wall=21406 us  |Δx|_max=0.0458008  |Δx|_mean=0.0060817  pred_max=0.044102  drift_max=0.00759768  drift@v74.y  conv_max=0.00118518  conv_mean=8.5002e-05  nan=0
[outlier] v74  inc_tri=3  worst|M|=5.33333  pos=(2.08091,-1.6411,-1.23379)
[pd-step]     step 108  dof=1875  pd|Δx|_max=0.044102  pd|Δx|_mean=0.00603846
[avbd-drive] step 109 wrote AVBD output to Particle.pos
[avbd-friction] step 109 applied 391 vert/primitive friction events
[avbd-contact] step 109 projected 26 vert/primitive penetrations
[avbd-selfcoll] step 109 resolved 3  detect=10255 us  resolve=16 us  path=gpu
[avbd-step] step 109  dof=1875  iters=16  rc=0  wall=24151 us  |Δx|_max=0.04747  |Δx|_mean=0.00606572  pred_max=0.0461032  drift_max=0.00771916  drift@v48.y  conv_max=0.00123429  conv_mean=8.36257e-05  nan=0
[outlier] v48  inc_tri=6  worst|M|=5.33333  pos=(1.94898,-1.71435,-1.42348)
[pd-step]     step 109  dof=1875  pd|Δx|_max=0.0461033  pd|Δx|_mean=0.00601895
[avbd-drive] step 110 wrote AVBD output to Particle.pos
[avbd-friction] step 110 applied 393 vert/primitive friction events
[avbd-contact] step 110 projected 28 vert/primitive penetrations
[avbd-selfcoll] step 110 resolved 3  detect=11746 us  resolve=21 us  path=gpu
[avbd-step] step 110  dof=1875  iters=16  rc=0  wall=26274 us  |Δx|_max=0.0484651  |Δx|_mean=0.00605101  pred_max=0.0477724  drift_max=0.00871718  drift@v48.y  conv_max=0.00128973  conv_mean=8.2211e-05  nan=0
[outlier] v48  inc_tri=6  worst|M|=5.33333  pos=(1.93781,-1.73155,-1.39394)
[pd-step]     step 110  dof=1875  pd|Δx|_max=0.0477724  pd|Δx|_mean=0.00600039
[avbd-drive] step 111 wrote AVBD output to Particle.pos
[avbd-friction] step 111 applied 395 vert/primitive friction events
[avbd-contact] step 111 projected 31 vert/primitive penetrations
[avbd-selfcoll] step 111 resolved 2  detect=10193 us  resolve=33 us  path=gpu
[avbd-step] step 111  dof=1875  iters=16  rc=0  wall=22109 us  |Δx|_max=0.0483592  |Δx|_mean=0.00608115  pred_max=0.0487676  drift_max=0.00826418  drift@v49.y  conv_max=0.00135124  conv_mean=8.13687e-05  nan=0
[outlier] v49  inc_tri=3  worst|M|=5.33333  pos=(2.10402,-1.78157,-1.31328)
[pd-step]     step 111  dof=1875  pd|Δx|_max=0.0487676  pd|Δx|_mean=0.00602461
[avbd-drive] step 112 wrote AVBD output to Particle.pos
[avbd-friction] step 112 applied 399 vert/primitive friction events
[avbd-contact] step 112 projected 35 vert/primitive penetrations
[avbd-selfcoll] step 112 resolved 2  detect=10096 us  resolve=17 us  path=gpu
[avbd-step] step 112  dof=1875  iters=16  rc=0  wall=22883 us  |Δx|_max=0.0467589  |Δx|_mean=0.00609965  pred_max=0.0486616  drift_max=0.0105385  drift@v49.y  conv_max=0.00141799  conv_mean=7.98987e-05  nan=0
[outlier] v49  inc_tri=3  worst|M|=5.33333  pos=(2.086,-1.79944,-1.28135)
[pd-step]     step 112  dof=1875  pd|Δx|_max=0.0486616  pd|Δx|_mean=0.00604212
[avbd-drive] step 113 wrote AVBD output to Particle.pos
[avbd-friction] step 113 applied 399 vert/primitive friction events
[avbd-contact] step 113 projected 36 vert/primitive penetrations
[avbd-selfcoll] step 113 resolved 3  detect=10265 us  resolve=23 us  path=gpu
[avbd-step] step 113  dof=1875  iters=16  rc=0  wall=21712 us  |Δx|_max=0.0435157  |Δx|_mean=0.00612107  pred_max=0.0470614  drift_max=0.010463  drift@v49.y  conv_max=0.00148964  conv_mean=7.8706e-05  nan=0
[outlier] v49  inc_tri=3  worst|M|=5.33333  pos=(2.06705,-1.80707,-1.25218)
[pd-step]     step 113  dof=1875  pd|Δx|_max=0.0470614  pd|Δx|_mean=0.00605049
[avbd-drive] step 114 wrote AVBD output to Particle.pos
[avbd-friction] step 114 applied 402 vert/primitive friction events
[avbd-contact] step 114 projected 37 vert/primitive penetrations
[avbd-selfcoll] step 114 resolved 6  detect=13732 us  resolve=21 us  path=gpu
[avbd-step] step 114  dof=1875  iters=16  rc=0  wall=20969 us  |Δx|_max=0.0421979  |Δx|_mean=0.00612271  pred_max=0.0438182  drift_max=0.0105263  drift@v23.y  conv_max=0.00156462  conv_mean=7.73355e-05  nan=0
[outlier] v23  inc_tri=3  worst|M|=5.33333  pos=(1.94517,-1.88329,-1.45308)
[pd-step]     step 114  dof=1875  pd|Δx|_max=0.0438182  pd|Δx|_mean=0.00605568
[avbd-drive] step 115 wrote AVBD output to Particle.pos
[avbd-friction] step 115 applied 403 vert/primitive friction events
[avbd-contact] step 115 projected 39 vert/primitive penetrations
[avbd-selfcoll] step 115 resolved 4  detect=10167 us  resolve=26 us  path=gpu
[avbd-step] step 115  dof=1875  iters=16  rc=0  wall=24035 us  |Δx|_max=0.0414717  |Δx|_mean=0.00613521  pred_max=0.0425004  drift_max=0.0116266  drift@v24.y  conv_max=0.00164282  conv_mean=7.64864e-05  nan=0
[outlier] v24  inc_tri=2  worst|M|=5.33333  pos=(2.10495,-1.93517,-1.35551)
[pd-step]     step 115  dof=1875  pd|Δx|_max=0.0425004  pd|Δx|_mean=0.00606813
[avbd-drive] step 116 wrote AVBD output to Particle.pos
[avbd-friction] step 116 applied 406 vert/primitive friction events
[avbd-contact] step 116 projected 42 vert/primitive penetrations
[avbd-selfcoll] step 116 resolved 5  detect=10129 us  resolve=19 us  path=gpu
[avbd-step] step 116  dof=1875  iters=16  rc=0  wall=21244 us  |Δx|_max=0.0400051  |Δx|_mean=0.00612573  pred_max=0.0414717  drift_max=0.0141084  drift@v24.y  conv_max=0.00172341  conv_mean=7.5194e-05  nan=0
[outlier] v24  inc_tri=2  worst|M|=5.33333  pos=(2.07779,-1.95465,-1.32376)
[pd-step]     step 116  dof=1875  pd|Δx|_max=0.0414717  pd|Δx|_mean=0.00606279
[avbd-drive] step 117 wrote AVBD output to Particle.pos
[avbd-friction] step 117 applied 408 vert/primitive friction events
[avbd-contact] step 117 projected 44 vert/primitive penetrations
[avbd-selfcoll] step 117 resolved 7  detect=10283 us  resolve=39 us  path=gpu
[avbd-step] step 117  dof=1875  iters=16  rc=0  wall=21435 us  |Δx|_max=0.0380993  |Δx|_mean=0.00613584  pred_max=0.0400051  drift_max=0.0115871  drift@v24.y  conv_max=0.00180578  conv_mean=7.45777e-05  nan=0
[outlier] v24  inc_tri=2  worst|M|=5.33333  pos=(2.05003,-1.96032,-1.29012)
[pd-step]     step 117  dof=1875  pd|Δx|_max=0.0400051  pd|Δx|_mean=0.00606537
[avbd-drive] step 118 wrote AVBD output to Particle.pos
[avbd-friction] step 118 applied 416 vert/primitive friction events
[avbd-contact] step 118 projected 46 vert/primitive penetrations
[avbd-selfcoll] step 118 resolved 5  detect=10171 us  resolve=43 us  path=gpu
[avbd-step] step 118  dof=1875  iters=16  rc=0  wall=21493 us  |Δx|_max=0.0386863  |Δx|_mean=0.0061383  pred_max=0.0384018  drift_max=0.00704837  drift@v9.y  conv_max=0.00188959  conv_mean=7.36475e-05  nan=0
[outlier] v9  inc_tri=3  worst|M|=5.33333  pos=(-0.167307,-1.95052,-1.75355)
[pd-step]     step 118  dof=1875  pd|Δx|_max=0.0384018  pd|Δx|_mean=0.00607463
[avbd-drive] step 119 wrote AVBD output to Particle.pos
[avbd-friction] step 119 applied 421 vert/primitive friction events
[avbd-contact] step 119 projected 51 vert/primitive penetrations
[avbd-selfcoll] step 119 resolved 7  detect=10052 us  resolve=21 us  path=gpu
[avbd-step] step 119  dof=1875  iters=16  rc=0  wall=21735 us  |Δx|_max=0.038933  |Δx|_mean=0.00609351  pred_max=0.0389888  drift_max=0.00933468  drift@v300.x  conv_max=0.00197458  conv_mean=7.28866e-05  nan=0
[outlier] v300  inc_tri=3  worst|M|=5.33333  pos=(-1.48547,-2.15496,0.112373)
[pd-step]     step 119  dof=1875  pd|Δx|_max=0.0389887  pd|Δx|_mean=0.00603748
[avbd-drive] step 120 wrote AVBD output to Particle.pos
[avbd-friction] step 120 applied 422 vert/primitive friction events
[avbd-contact] step 120 projected 51 vert/primitive penetrations
[avbd-selfcoll] step 120 resolved 7  detect=10141 us  resolve=37 us  path=gpu
[avbd-step] step 120  dof=1875  iters=16  rc=0  wall=23300 us  |Δx|_max=0.039048  |Δx|_mean=0.0060838  pred_max=0.0392356  drift_max=0.0111104  drift@v300.x  conv_max=0.00206089  conv_mean=7.23836e-05  nan=0
[outlier] v300  inc_tri=3  worst|M|=5.33333  pos=(-1.47552,-2.16443,0.10286)
[pd-step]     step 120  dof=1875  pd|Δx|_max=0.0392355  pd|Δx|_mean=0.00603171
[avbd-drive] step 121 wrote AVBD output to Particle.pos
[avbd-friction] step 121 applied 423 vert/primitive friction events
[avbd-contact] step 121 projected 54 vert/primitive penetrations
[avbd-selfcoll] step 121 resolved 9  detect=13988 us  resolve=24 us  path=gpu
120..[avbd-step] step 121  dof=1875  iters=16  rc=0  wall=20376 us  |Δx|_max=0.0394802  |Δx|_mean=0.00608582  pred_max=0.0393505  drift_max=0.00924307  drift@v605.x  conv_max=0.00214767  conv_mean=7.17525e-05  nan=0
[outlier] v605  inc_tri=3  worst|M|=5.33333  pos=(-0.711181,-1.96896,1.80794)
[pd-step]     step 121  dof=1875  pd|Δx|_max=0.0393504  pd|Δx|_mean=0.00603184
[avbd-drive] step 122 wrote AVBD output to Particle.pos
[avbd-friction] step 122 applied 427 vert/primitive friction events
[avbd-contact] step 122 projected 57 vert/primitive penetrations
[avbd-selfcoll] step 122 resolved 11  detect=10144 us  resolve=21 us  path=gpu
[avbd-step] step 122  dof=1875  iters=16  rc=0  wall=21829 us  |Δx|_max=0.0398884  |Δx|_mean=0.00608425  pred_max=0.0397828  drift_max=0.00635636  drift@v605.x  conv_max=0.00223517  conv_mean=7.06893e-05  nan=0
[outlier] v605  inc_tri=3  worst|M|=5.33333  pos=(-0.696309,-1.96807,1.81059)
[pd-step]     step 122  dof=1875  pd|Δx|_max=0.0397827  pd|Δx|_mean=0.0060304
[avbd-drive] step 123 wrote AVBD output to Particle.pos
[avbd-friction] step 123 applied 427 vert/primitive friction events
[avbd-contact] step 123 projected 58 vert/primitive penetrations
[avbd-selfcoll] step 123 resolved 9  detect=10170 us  resolve=24 us  path=gpu
[avbd-step] step 123  dof=1875  iters=16  rc=0  wall=20979 us  |Δx|_max=0.0402598  |Δx|_mean=0.00609835  pred_max=0.0401909  drift_max=0.00615191  drift@v400.y  conv_max=0.0023222  conv_mean=6.9758e-05  nan=0
[outlier] v400  inc_tri=3  worst|M|=5.33333  pos=(-1.46559,-2.24293,0.65248)
[pd-step]     step 123  dof=1875  pd|Δx|_max=0.0401909  pd|Δx|_mean=0.00604487
[avbd-drive] step 124 wrote AVBD output to Particle.pos
[avbd-friction] step 124 applied 435 vert/primitive friction events
[avbd-contact] step 124 projected 59 vert/primitive penetrations
[avbd-selfcoll] step 124 resolved 10  detect=11272 us  resolve=21 us  path=gpu
[avbd-step] step 124  dof=1875  iters=16  rc=0  wall=21737 us  |Δx|_max=0.040585  |Δx|_mean=0.00605514  pred_max=0.0405624  drift_max=0.00732982  drift@v400.z  conv_max=0.00240874  conv_mean=6.81179e-05  nan=0
[outlier] v400  inc_tri=3  worst|M|=5.33333  pos=(-1.43059,-2.25351,0.647349)
[pd-step]     step 124  dof=1875  pd|Δx|_max=0.0405623  pd|Δx|_mean=0.00600857
[avbd-drive] step 125 wrote AVBD output to Particle.pos
[avbd-friction] step 125 applied 439 vert/primitive friction events
[avbd-contact] step 125 projected 62 vert/primitive penetrations
[avbd-selfcoll] step 125 resolved 9  detect=10882 us  resolve=21 us  path=gpu
[avbd-step] step 125  dof=1875  iters=16  rc=0  wall=22531 us  |Δx|_max=0.0408587  |Δx|_mean=0.00606638  pred_max=0.0408876  drift_max=0.0067156  drift@v400.z  conv_max=0.00249338  conv_mean=6.70132e-05  nan=0
[outlier] v400  inc_tri=3  worst|M|=5.33333  pos=(-1.42703,-2.26278,0.642225)
[pd-step]     step 125  dof=1875  pd|Δx|_max=0.0408875  pd|Δx|_mean=0.00602003
[avbd-drive] step 126 wrote AVBD output to Particle.pos
[avbd-friction] step 126 applied 443 vert/primitive friction events
[avbd-contact] step 126 projected 65 vert/primitive penetrations
[avbd-selfcoll] step 126 resolved 11  detect=10072 us  resolve=21 us  path=gpu
[avbd-step] step 126  dof=1875  iters=16  rc=0  wall=22329 us  |Δx|_max=0.0410805  |Δx|_mean=0.00606652  pred_max=0.0411613  drift_max=0.00664473  drift@v250.y  conv_max=0.00257516  conv_mean=6.58118e-05  nan=0
[outlier] v250  inc_tri=3  worst|M|=5.33333  pos=(-1.52673,-2.27635,-0.0680669)
[pd-step]     step 126  dof=1875  pd|Δx|_max=0.0411612  pd|Δx|_mean=0.00602547
[avbd-drive] step 127 wrote AVBD output to Particle.pos
[avbd-friction] step 127 applied 447 vert/primitive friction events
[avbd-contact] step 127 projected 67 vert/primitive penetrations
[avbd-selfcoll] step 127 resolved 9  detect=10249 us  resolve=20 us  path=gpu
[avbd-step] step 127  dof=1875  iters=16  rc=0  wall=21445 us  |Δx|_max=0.0420315  |Δx|_mean=0.0060624  pred_max=0.041383  drift_max=0.00609851  drift@v425.y  conv_max=0.00265288  conv_mean=6.42593e-05  nan=0
[outlier] v425  inc_tri=3  worst|M|=5.33333  pos=(-1.43182,-2.31571,0.795258)
[pd-step]     step 127  dof=1875  pd|Δx|_max=0.0413829  pd|Δx|_mean=0.00601957
[avbd-drive] step 128 wrote AVBD output to Particle.pos
[avbd-friction] step 128 applied 450 vert/primitive friction events
[avbd-contact] step 128 projected 70 vert/primitive penetrations
[avbd-selfcoll] step 128 resolved 12  detect=10275 us  resolve=21 us  path=gpu
[avbd-step] step 128  dof=1875  iters=16  rc=0  wall=24370 us  |Δx|_max=0.0432935  |Δx|_mean=0.0060488  pred_max=0.0423341  drift_max=0.00689816  drift@v450.y  conv_max=0.00272584  conv_mean=6.27591e-05  nan=0
[outlier] v450  inc_tri=3  worst|M|=5.33333  pos=(-1.41444,-2.36453,0.963383)
[pd-step]     step 128  dof=1875  pd|Δx|_max=0.042334  pd|Δx|_mean=0.00601118
[avbd-drive] step 129 wrote AVBD output to Particle.pos
[avbd-friction] step 129 applied 451 vert/primitive friction events
[avbd-contact] step 129 projected 71 vert/primitive penetrations
[avbd-selfcoll] step 129 resolved 12  detect=10299 us  resolve=19 us  path=gpu
[avbd-step] step 129  dof=1875  iters=16  rc=0  wall=21166 us  |Δx|_max=0.0440464  |Δx|_mean=0.00604925  pred_max=0.043596  drift_max=0.00853252  drift@v450.y  conv_max=0.0027926  conv_mean=6.18538e-05  nan=0
[outlier] v450  inc_tri=3  worst|M|=5.33333  pos=(-1.37694,-2.38353,0.955855)
[pd-step]     step 129  dof=1875  pd|Δx|_max=0.0435959  pd|Δx|_mean=0.00601591
[avbd-drive] step 130 wrote AVBD output to Particle.pos
[avbd-friction] step 130 applied 460 vert/primitive friction events
[avbd-contact] step 130 projected 73 vert/primitive penetrations
[avbd-selfcoll] step 130 resolved 17  detect=10370 us  resolve=40 us  path=gpu
[avbd-step] step 130  dof=1875  iters=16  rc=0  wall=21506 us  |Δx|_max=0.0437739  |Δx|_mean=0.00600527  pred_max=0.044349  drift_max=0.00750303  drift@v450.y  conv_max=0.00285268  conv_mean=5.98752e-05  nan=0
[outlier] v450  inc_tri=3  worst|M|=5.33333  pos=(-1.34091,-2.39429,0.945912)
[pd-step]     step 130  dof=1875  pd|Δx|_max=0.0443489  pd|Δx|_mean=0.00598754
[avbd-drive] step 131 wrote AVBD output to Particle.pos
[avbd-friction] step 131 applied 463 vert/primitive friction events
[avbd-contact] step 131 projected 74 vert/primitive penetrations
[avbd-selfcoll] step 131 resolved 13  detect=10309 us  resolve=25 us  path=gpu
[avbd-step] step 131  dof=1875  iters=16  rc=0  wall=21301 us  |Δx|_max=0.0423384  |Δx|_mean=0.005941  pred_max=0.0440764  drift_max=0.00665158  drift@v450.z  conv_max=0.00290537  conv_mean=5.82456e-05  nan=0
[outlier] v450  inc_tri=3  worst|M|=5.33333  pos=(-1.30881,-2.39785,0.932771)
[pd-step]     step 131  dof=1875  pd|Δx|_max=0.0440764  pd|Δx|_mean=0.00591646
[avbd-drive] step 132 wrote AVBD output to Particle.pos
[avbd-friction] step 132 applied 465 vert/primitive friction events
[avbd-contact] step 132 projected 75 vert/primitive penetrations
[avbd-selfcoll] step 132 resolved 14  detect=10206 us  resolve=23 us  path=gpu
[avbd-step] step 132  dof=1875  iters=16  rc=0  wall=23375 us  |Δx|_max=0.0433819  |Δx|_mean=0.00594102  pred_max=0.0426409  drift_max=0.00727129  drift@v475.y  conv_max=0.00295115  conv_mean=5.74503e-05  nan=0
[outlier] v475  inc_tri=3  worst|M|=5.33333  pos=(-1.31139,-2.4589,1.10176)
[pd-step]     step 132  dof=1875  pd|Δx|_max=0.0426408  pd|Δx|_mean=0.00591297
[avbd-drive] step 133 wrote AVBD output to Particle.pos
[avbd-friction] step 133 applied 468 vert/primitive friction events
[avbd-contact] step 133 projected 78 vert/primitive penetrations
[avbd-selfcoll] step 133 resolved 16  detect=11766 us  resolve=28 us  path=gpu
[avbd-step] step 133  dof=1875  iters=16  rc=0  wall=21388 us  |Δx|_max=0.0446042  |Δx|_mean=0.00591574  pred_max=0.0433819  drift_max=0.00638342  drift@v475.y  conv_max=0.00298977  conv_mean=5.60451e-05  nan=0
[outlier] v475  inc_tri=3  worst|M|=5.33333  pos=(-1.2778,-2.46948,1.08958)
[pd-step]     step 133  dof=1875  pd|Δx|_max=0.0433819  pd|Δx|_mean=0.00590054
[avbd-drive] step 134 wrote AVBD output to Particle.pos
[avbd-friction] step 134 applied 469 vert/primitive friction events
[avbd-contact] step 134 projected 78 vert/primitive penetrations
[avbd-selfcoll] step 134 resolved 15  detect=10398 us  resolve=19 us  path=gpu
[avbd-step] step 134  dof=1875  iters=16  rc=0  wall=20942 us  |Δx|_max=0.0463537  |Δx|_mean=0.00587739  pred_max=0.0446042  drift_max=0.00714326  drift@v475.z  conv_max=0.00302243  conv_mean=5.45609e-05  nan=0
[outlier] v475  inc_tri=3  worst|M|=5.33333  pos=(-1.24687,-2.47398,1.07479)
[pd-step]     step 134  dof=1875  pd|Δx|_max=0.0446042  pd|Δx|_mean=0.00587646
[avbd-drive] step 135 wrote AVBD output to Particle.pos
[avbd-friction] step 135 applied 474 vert/primitive friction events
[avbd-contact] step 135 projected 78 vert/primitive penetrations
[avbd-selfcoll] step 135 resolved 13  detect=10459 us  resolve=17 us  path=gpu
[avbd-step] step 135  dof=1875  iters=16  rc=0  wall=21348 us  |Δx|_max=0.0486051  |Δx|_mean=0.00584887  pred_max=0.0463537  drift_max=0.00624967  drift@v500.y  conv_max=0.00304914  conv_mean=5.30839e-05  nan=0
[outlier] v500  inc_tri=3  worst|M|=5.33333  pos=(-1.21905,-2.54437,1.23889)
[pd-step]     step 135  dof=1875  pd|Δx|_max=0.0463537  pd|Δx|_mean=0.00585336
[avbd-drive] step 136 wrote AVBD output to Particle.pos
[avbd-friction] step 136 applied 475 vert/primitive friction events
[avbd-contact] step 136 projected 80 vert/primitive penetrations
[avbd-selfcoll] step 136 resolved 19  detect=10441 us  resolve=22 us  path=gpu
[avbd-step] step 136  dof=1875  iters=16  rc=0  wall=21258 us  |Δx|_max=0.0504596  |Δx|_mean=0.00581565  pred_max=0.0486051  drift_max=0.00728536  drift@v601.y  conv_max=0.00307083  conv_mean=5.169e-05  nan=0
[outlier] v601  inc_tri=3  worst|M|=5.33333  pos=(-0.802346,-2.67001,1.77806)
[pd-step]     step 136  dof=1875  pd|Δx|_max=0.0486051  pd|Δx|_mean=0.0058307
[avbd-drive] step 137 wrote AVBD output to Particle.pos
[avbd-friction] step 137 applied 475 vert/primitive friction events
[avbd-contact] step 137 projected 80 vert/primitive penetrations
[avbd-selfcoll] step 137 resolved 20  detect=10461 us  resolve=19 us  path=gpu
[avbd-step] step 137  dof=1875  iters=16  rc=0  wall=21275 us  |Δx|_max=0.0516348  |Δx|_mean=0.00574192  pred_max=0.0504596  drift_max=0.0101831  drift@v601.y  conv_max=0.00308728  conv_mean=4.95753e-05  nan=0
[outlier] v601  inc_tri=3  worst|M|=5.33333  pos=(-0.759998,-2.68428,1.74519)
[pd-step]     step 137  dof=1875  pd|Δx|_max=0.0504596  pd|Δx|_mean=0.00576135
[avbd-drive] step 138 wrote AVBD output to Particle.pos
[avbd-friction] step 138 applied 476 vert/primitive friction events
[avbd-contact] step 138 projected 81 vert/primitive penetrations
[avbd-selfcoll] step 138 resolved 20  detect=10433 us  resolve=20 us  path=gpu
[avbd-step] step 138  dof=1875  iters=16  rc=0  wall=21366 us  |Δx|_max=0.0459484  |Δx|_mean=0.00567997  pred_max=0.0516348  drift_max=0.0159056  drift@v601.y  conv_max=0.00309896  conv_mean=4.80972e-05  nan=0
[outlier] v601  inc_tri=3  worst|M|=5.33333  pos=(-0.71967,-2.68867,1.71505)
[pd-step]     step 138  dof=1875  pd|Δx|_max=0.0516348  pd|Δx|_mean=0.00570008
[avbd-drive] step 139 wrote AVBD output to Particle.pos
[avbd-friction] step 139 applied 478 vert/primitive friction events
[avbd-contact] step 139 projected 81 vert/primitive penetrations
[avbd-selfcoll] step 139 resolved 19  detect=10513 us  resolve=21 us  path=gpu
[avbd-step] step 139  dof=1875  iters=16  rc=0  wall=21343 us  |Δx|_max=0.0460635  |Δx|_mean=0.00565394  pred_max=0.0459484  drift_max=0.00964212  drift@v601.y  conv_max=0.00310445  conv_mean=4.72028e-05  nan=0
[outlier] v601  inc_tri=3  worst|M|=5.33333  pos=(-0.705119,-2.69004,1.7189)
[pd-step]     step 139  dof=1875  pd|Δx|_max=0.0459484  pd|Δx|_mean=0.00567554
[avbd-drive] step 140 wrote AVBD output to Particle.pos
[avbd-friction] step 140 applied 477 vert/primitive friction events
[avbd-contact] step 140 projected 82 vert/primitive penetrations
[avbd-selfcoll] step 140 resolved 20  detect=10183 us  resolve=25 us  path=gpu
[avbd-step] step 140  dof=1875  iters=16  rc=0  wall=22739 us  |Δx|_max=0.0451548  |Δx|_mean=0.00556838  pred_max=0.0460635  drift_max=0.0134902  drift@v600.y  conv_max=0.00310373  conv_mean=4.54959e-05  nan=0
[outlier] v600  inc_tri=2  worst|M|=5.33333  pos=(-0.765883,-2.85528,1.73763)
[pd-step]     step 140  dof=1875  pd|Δx|_max=0.0460635  pd|Δx|_mean=0.00561759
[avbd-drive] step 141 wrote AVBD output to Particle.pos
[avbd-friction] step 141 applied 480 vert/primitive friction events
[avbd-contact] step 141 projected 83 vert/primitive penetrations
[avbd-selfcoll] step 141 resolved 21  detect=10346 us  resolve=23 us  path=gpu
140..[avbd-step] step 141  dof=1875  iters=16  rc=0  wall=21160 us  |Δx|_max=0.0430787  |Δx|_mean=0.005467  pred_max=0.0451548  drift_max=0.0192084  drift@v600.y  conv_max=0.00309563  conv_mean=4.41762e-05  nan=0
[outlier] v600  inc_tri=2  worst|M|=5.33333  pos=(-0.725925,-2.87449,1.69786)
[pd-step]     step 141  dof=1875  pd|Δx|_max=0.0451548  pd|Δx|_mean=0.00553787
[avbd-drive] step 142 wrote AVBD output to Particle.pos
[avbd-friction] step 142 applied 485 vert/primitive friction events
[avbd-contact] step 142 projected 86 vert/primitive penetrations
[avbd-selfcoll] step 142 resolved 18  detect=12078 us  resolve=20 us  path=gpu
[avbd-step] step 142  dof=1875  iters=16  rc=0  wall=21866 us  |Δx|_max=0.0418434  |Δx|_mean=0.00533444  pred_max=0.0426357  drift_max=0.0181479  drift@v600.y  conv_max=0.00308013  conv_mean=4.26084e-05  nan=0
[outlier] v600  inc_tri=2  worst|M|=5.33333  pos=(-0.686305,-2.87479,1.6651)
[pd-step]     step 142  dof=1875  pd|Δx|_max=0.0430787  pd|Δx|_mean=0.00540458
[avbd-drive] step 143 wrote AVBD output to Particle.pos
[avbd-friction] step 143 applied 491 vert/primitive friction events
[avbd-contact] step 143 projected 87 vert/primitive penetrations
[avbd-selfcoll] step 143 resolved 18  detect=10432 us  resolve=24 us  path=gpu
[avbd-step] step 143  dof=1875  iters=16  rc=0  wall=22336 us  |Δx|_max=0.0421512  |Δx|_mean=0.00527114  pred_max=0.042146  drift_max=0.00994182  drift@v600.y  conv_max=0.00305676  conv_mean=4.16223e-05  nan=0
[outlier] v600  inc_tri=2  worst|M|=5.33333  pos=(-0.678466,-2.87427,1.66973)
[pd-step]     step 143  dof=1875  pd|Δx|_max=0.0421459  pd|Δx|_mean=0.00531546
[avbd-drive] step 144 wrote AVBD output to Particle.pos
[avbd-friction] step 144 applied 492 vert/primitive friction events
[avbd-contact] step 144 projected 88 vert/primitive penetrations
[avbd-selfcoll] step 144 resolved 17  detect=13287 us  resolve=25 us  path=gpu
[avbd-step] step 144  dof=1875  iters=16  rc=0  wall=22229 us  |Δx|_max=0.0424082  |Δx|_mean=0.00524913  pred_max=0.0424538  drift_max=0.00822425  drift@v300.y  conv_max=0.00302625  conv_mean=4.08525e-05  nan=0
[outlier] v300  inc_tri=3  worst|M|=5.33333  pos=(-1.58855,-2.32612,0.155361)
[pd-step]     step 144  dof=1875  pd|Δx|_max=0.0424537  pd|Δx|_mean=0.00526766
[avbd-drive] step 145 wrote AVBD output to Particle.pos
[avbd-friction] step 145 applied 492 vert/primitive friction events
[avbd-contact] step 145 projected 90 vert/primitive penetrations
[avbd-selfcoll] step 145 resolved 19  detect=10386 us  resolve=28 us  path=gpu
[avbd-step] step 145  dof=1875  iters=16  rc=0  wall=22868 us  |Δx|_max=0.042778  |Δx|_mean=0.0052466  pred_max=0.0427108  drift_max=0.00549006  drift@v51.y  conv_max=0.00299025  conv_mean=4.03538e-05  nan=0
[outlier] v51  inc_tri=6  worst|M|=5.33333  pos=(-1.03351,-3.01808,-1.16391)
[pd-step]     step 145  dof=1875  pd|Δx|_max=0.0427107  pd|Δx|_mean=0.00525168
[avbd-drive] step 146 wrote AVBD output to Particle.pos
[avbd-friction] step 146 applied 490 vert/primitive friction events
[avbd-contact] step 146 projected 90 vert/primitive penetrations
[avbd-selfcoll] step 146 resolved 16  detect=10319 us  resolve=20 us  path=gpu
[avbd-step] step 146  dof=1875  iters=16  rc=0  wall=22895 us  |Δx|_max=0.0447264  |Δx|_mean=0.00524667  pred_max=0.0428884  drift_max=0.00620437  drift@v51.y  conv_max=0.00295091  conv_mean=4.0017e-05  nan=0
[outlier] v51  inc_tri=6  worst|M|=5.33333  pos=(-0.99279,-3.0423,-1.13419)
[pd-step]     step 146  dof=1875  pd|Δx|_max=0.0428883  pd|Δx|_mean=0.00525283
[avbd-drive] step 147 wrote AVBD output to Particle.pos
[avbd-friction] step 147 applied 491 vert/primitive friction events
[avbd-contact] step 147 projected 95 vert/primitive penetrations
[avbd-selfcoll] step 147 resolved 19  detect=11099 us  resolve=19 us  path=gpu
[avbd-step] step 147  dof=1875  iters=16  rc=0  wall=24298 us  |Δx|_max=0.0468473  |Δx|_mean=0.00522888  pred_max=0.0447264  drift_max=0.00612068  drift@v51.y  conv_max=0.00291085  conv_mean=3.93681e-05  nan=0
[outlier] v51  inc_tri=6  worst|M|=5.33333  pos=(-0.952846,-3.06062,-1.10554)
[pd-step]     step 147  dof=1875  pd|Δx|_max=0.0447264  pd|Δx|_mean=0.00523963
[avbd-drive] step 148 wrote AVBD output to Particle.pos
[avbd-friction] step 148 applied 491 vert/primitive friction events
[avbd-contact] step 148 projected 97 vert/primitive penetrations
[avbd-selfcoll] step 148 resolved 18  detect=10446 us  resolve=23 us  path=gpu
[avbd-step] step 148  dof=1875  iters=16  rc=0  wall=22777 us  |Δx|_max=0.0490816  |Δx|_mean=0.00522286  pred_max=0.0468473  drift_max=0.00599051  drift@v300.y  conv_max=0.00287652  conv_mean=3.91034e-05  nan=0
[outlier] v300  inc_tri=3  worst|M|=5.33333  pos=(-1.60293,-2.32259,0.180695)
[pd-step]     step 148  dof=1875  pd|Δx|_max=0.0468473  pd|Δx|_mean=0.00523378
[avbd-drive] step 149 wrote AVBD output to Particle.pos
[avbd-friction] step 149 applied 494 vert/primitive friction events
[avbd-contact] step 149 projected 97 vert/primitive penetrations
[avbd-selfcoll] step 149 resolved 18  detect=13074 us  resolve=17 us  path=gpu
[avbd-step] step 149  dof=1875  iters=16  rc=0  wall=24019 us  |Δx|_max=0.0518282  |Δx|_mean=0.00520361  pred_max=0.0490816  drift_max=0.00640225  drift@v300.y  conv_max=0.00285435  conv_mean=3.86074e-05  nan=0
[outlier] v300  inc_tri=3  worst|M|=5.33333  pos=(-1.60689,-2.31752,0.183103)
[pd-step]     step 149  dof=1875  pd|Δx|_max=0.0490816  pd|Δx|_mean=0.00521568
[avbd-drive] step 150 wrote AVBD output to Particle.pos
[avbd-friction] step 150 applied 496 vert/primitive friction events
[avbd-contact] step 150 projected 97 vert/primitive penetrations
[avbd-selfcoll] step 150 resolved 23  detect=10835 us  resolve=45 us  path=gpu
[avbd-step] step 150  dof=1875  iters=16  rc=0  wall=22385 us  |Δx|_max=0.0552963  |Δx|_mean=0.00518786  pred_max=0.0518282  drift_max=0.00747609  drift@v50.y  conv_max=0.00285578  conv_mean=3.82515e-05  nan=0
[outlier] v50  inc_tri=3  worst|M|=5.33333  pos=(-0.985324,-3.21784,-1.00777)
[pd-step]     step 150  dof=1875  pd|Δx|_max=0.0518282  pd|Δx|_mean=0.00520381
[avbd-drive] step 151 wrote AVBD output to Particle.pos
[avbd-friction] step 151 applied 502 vert/primitive friction events
[avbd-contact] step 151 projected 98 vert/primitive penetrations
[avbd-selfcoll] step 151 resolved 22  detect=10610 us  resolve=23 us  path=gpu
[avbd-step] step 151  dof=1875  iters=16  rc=0  wall=22686 us  |Δx|_max=0.0590445  |Δx|_mean=0.00512674  pred_max=0.0552963  drift_max=0.00848746  drift@v50.y  conv_max=0.00289583  conv_mean=3.63951e-05  nan=0
[outlier] v50  inc_tri=3  worst|M|=5.33333  pos=(-0.933271,-3.23932,-0.968625)
[pd-step]     step 151  dof=1875  pd|Δx|_max=0.0552963  pd|Δx|_mean=0.00514919
[avbd-drive] step 152 wrote AVBD output to Particle.pos
[avbd-friction] step 152 applied 508 vert/primitive friction events
[avbd-contact] step 152 projected 98 vert/primitive penetrations
[avbd-selfcoll] step 152 resolved 26  detect=10452 us  resolve=27 us  path=gpu
[avbd-step] step 152  dof=1875  iters=16  rc=0  wall=22595 us  |Δx|_max=0.0625271  |Δx|_mean=0.00506925  pred_max=0.0590445  drift_max=0.00852561  drift@v50.y  conv_max=0.00297475  conv_mean=3.49823e-05  nan=0
[outlier] v50  inc_tri=3  worst|M|=5.33333  pos=(-0.881814,-3.25262,-0.930313)
[pd-step]     step 152  dof=1875  pd|Δx|_max=0.0590445  pd|Δx|_mean=0.00509606
[avbd-drive] step 153 wrote AVBD output to Particle.pos
[avbd-friction] step 153 applied 509 vert/primitive friction events
[avbd-contact] step 153 projected 98 vert/primitive penetrations
[avbd-selfcoll] step 153 resolved 22  detect=14988 us  resolve=27 us  path=gpu
[avbd-step] step 153  dof=1875  iters=16  rc=0  wall=23157 us  |Δx|_max=0.0648236  |Δx|_mean=0.00500208  pred_max=0.0625271  drift_max=0.0101266  drift@v25.y  conv_max=0.00305128  conv_mean=3.35738e-05  nan=0
[outlier] v25  inc_tri=3  worst|M|=5.33333  pos=(-0.787909,-3.3479,-1.06111)
[pd-step]     step 153  dof=1875  pd|Δx|_max=0.0625271  pd|Δx|_mean=0.00503511
[avbd-drive] step 154 wrote AVBD output to Particle.pos
[avbd-friction] step 154 applied 511 vert/primitive friction events
[avbd-contact] step 154 projected 100 vert/primitive penetrations
[avbd-selfcoll] step 154 resolved 24  detect=10407 us  resolve=19 us  path=gpu
[avbd-step] step 154  dof=1875  iters=16  rc=0  wall=22666 us  |Δx|_max=0.0688241  |Δx|_mean=0.00490922  pred_max=0.0648236  drift_max=0.0109222  drift@v50.y  conv_max=0.00312328  conv_mean=3.21748e-05  nan=0
[outlier] v50  inc_tri=3  worst|M|=5.33333  pos=(-0.788887,-3.25719,-0.862424)
[pd-step]     step 154  dof=1875  pd|Δx|_max=0.0648236  pd|Δx|_mean=0.00494838
[avbd-drive] step 155 wrote AVBD output to Particle.pos
[avbd-friction] step 155 applied 511 vert/primitive friction events
[avbd-contact] step 155 projected 101 vert/primitive penetrations
[avbd-selfcoll] step 155 resolved 21  detect=10403 us  resolve=35 us  path=gpu
[avbd-step] step 155  dof=1875  iters=16  rc=0  wall=23067 us  |Δx|_max=0.0731328  |Δx|_mean=0.00487147  pred_max=0.0688241  drift_max=0.0167272  drift@v25.y  conv_max=0.00372237  conv_mean=3.20542e-05  nan=0
[outlier] v25  inc_tri=3  worst|M|=5.33333  pos=(-0.658423,-3.37726,-0.964496)
[pd-step]     step 155  dof=1875  pd|Δx|_max=0.0688241  pd|Δx|_mean=0.00490465
[avbd-drive] step 156 wrote AVBD output to Particle.pos
[avbd-friction] step 156 applied 509 vert/primitive friction events
[avbd-contact] step 156 projected 105 vert/primitive penetrations
[avbd-selfcoll] step 156 resolved 23  detect=10900 us  resolve=27 us  path=gpu
[avbd-step] step 156  dof=1875  iters=16  rc=0  wall=21264 us  |Δx|_max=0.0761048  |Δx|_mean=0.00479115  pred_max=0.0731328  drift_max=0.0209048  drift@v25.y  conv_max=0.00626761  conv_mean=3.26207e-05  nan=0
[outlier] v25  inc_tri=3  worst|M|=5.33333  pos=(-0.604376,-3.37287,-0.924123)
[pd-step]     step 156  dof=1875  pd|Δx|_max=0.0731328  pd|Δx|_mean=0.00482519
[avbd-drive] step 157 wrote AVBD output to Particle.pos
[avbd-friction] step 157 applied 509 vert/primitive friction events
[avbd-contact] step 157 projected 106 vert/primitive penetrations
[avbd-selfcoll] step 157 resolved 23  detect=10685 us  resolve=30 us  path=gpu
[avbd-step] step 157  dof=1875  iters=16  rc=0  wall=21130 us  |Δx|_max=0.0598224  |Δx|_mean=0.00474697  pred_max=0.0761048  drift_max=0.0311208  drift@v0.y  conv_max=0.0016661  conv_mean=2.89268e-05  nan=0
[outlier] v0  inc_tri=1  worst|M|=5.33333  pos=(-0.497346,-3.47585,-1.05008)
[pd-step]     step 157  dof=1875  pd|Δx|_max=0.0761048  pd|Δx|_mean=0.00478855
[avbd-drive] step 158 wrote AVBD output to Particle.pos
[avbd-friction] step 158 applied 506 vert/primitive friction events
[avbd-contact] step 158 projected 107 vert/primitive penetrations
[avbd-selfcoll] step 158 resolved 23  detect=10716 us  resolve=22 us  path=gpu
[avbd-step] step 158  dof=1875  iters=16  rc=0  wall=21475 us  |Δx|_max=0.0302278  |Δx|_mean=0.00473544  pred_max=0.0598224  drift_max=0.0295945  drift@v0.x  conv_max=0.00103521  conv_mean=2.79357e-05  nan=0
[outlier] v0  inc_tri=1  worst|M|=5.33333  pos=(-0.437523,-3.47618,-1.00965)
[pd-step]     step 158  dof=1875  pd|Δx|_max=0.0598224  pd|Δx|_mean=0.00474722
[avbd-drive] step 159 wrote AVBD output to Particle.pos
[avbd-friction] step 159 applied 502 vert/primitive friction events
[avbd-contact] step 159 projected 107 vert/primitive penetrations
[avbd-selfcoll] step 159 resolved 23  detect=10695 us  resolve=25 us  path=gpu
[avbd-step] step 159  dof=1875  iters=16  rc=0  wall=23459 us  |Δx|_max=0.028075  |Δx|_mean=0.00470443  pred_max=0.0292076  drift_max=0.0136478  drift@v0.x  conv_max=0.000630975  conv_mean=2.63779e-05  nan=0
[outlier] v0  inc_tri=1  worst|M|=5.33333  pos=(-0.407296,-3.44784,-0.983058)
[pd-step]     step 159  dof=1875  pd|Δx|_max=0.0292076  pd|Δx|_mean=0.00469799
[avbd-drive] step 160 wrote AVBD output to Particle.pos
[avbd-friction] step 160 applied 502 vert/primitive friction events
[avbd-contact] step 160 projected 108 vert/primitive penetrations
[avbd-selfcoll] step 160 resolved 24  detect=12822 us  resolve=18 us  path=gpu
[avbd-step] step 160  dof=1875  iters=16  rc=0  wall=21719 us  |Δx|_max=0.0269636  |Δx|_mean=0.00470872  pred_max=0.028075  drift_max=0.00240016  drift@v27.y  conv_max=0.000656605  conv_mean=2.64223e-05  nan=0
[outlier] v27  inc_tri=6  worst|M|=5.33333  pos=(-0.58788,-3.09875,-1.19645)
[pd-step]     step 160  dof=1875  pd|Δx|_max=0.028075  pd|Δx|_mean=0.00470652
[avbd-drive] step 161 wrote AVBD output to Particle.pos
[avbd-friction] step 161 applied 499 vert/primitive friction events
[avbd-contact] step 161 projected 108 vert/primitive penetrations
[avbd-selfcoll] step 161 resolved 21  detect=10712 us  resolve=23 us  path=gpu
160..[avbd-step] step 161  dof=1875  iters=16  rc=0  wall=23878 us  |Δx|_max=0.026131  |Δx|_mean=0.00471028  pred_max=0.0269636  drift_max=0.00339103  drift@v0.y  conv_max=0.000681162  conv_mean=2.65219e-05  nan=0
[outlier] v0  inc_tri=1  worst|M|=5.33333  pos=(-0.422927,-3.43059,-0.995063)
[pd-step]     step 161  dof=1875  pd|Δx|_max=0.0269636  pd|Δx|_mean=0.00471506
[avbd-drive] step 162 wrote AVBD output to Particle.pos
[avbd-friction] step 162 applied 498 vert/primitive friction events
[avbd-contact] step 162 projected 107 vert/primitive penetrations
[avbd-selfcoll] step 162 resolved 21  detect=11119 us  resolve=19 us  path=gpu
[avbd-step] step 162  dof=1875  iters=16  rc=0  wall=22645 us  |Δx|_max=0.0256606  |Δx|_mean=0.00470718  pred_max=0.026131  drift_max=0.00235415  drift@v0.y  conv_max=0.0007056  conv_mean=2.66089e-05  nan=0
[outlier] v0  inc_tri=1  worst|M|=5.33333  pos=(-0.428453,-3.42612,-0.998485)
[pd-step]     step 162  dof=1875  pd|Δx|_max=0.026131  pd|Δx|_mean=0.00471782
[avbd-drive] step 163 wrote AVBD output to Particle.pos
[avbd-friction] step 163 applied 495 vert/primitive friction events
[avbd-contact] step 163 projected 107 vert/primitive penetrations
[avbd-selfcoll] step 163 resolved 21  detect=10819 us  resolve=22 us  path=gpu
[avbd-step] step 163  dof=1875  iters=16  rc=0  wall=23430 us  |Δx|_max=0.0254884  |Δx|_mean=0.0047017  pred_max=0.0256606  drift_max=0.00159514  drift@v500.x  conv_max=0.000731468  conv_mean=2.67185e-05  nan=0
[outlier] v500  inc_tri=3  worst|M|=5.33333  pos=(-1.23064,-2.64588,1.19102)
[pd-step]     step 163  dof=1875  pd|Δx|_max=0.0256606  pd|Δx|_mean=0.00471677
[avbd-drive] step 164 wrote AVBD output to Particle.pos
[avbd-friction] step 164 applied 491 vert/primitive friction events
[avbd-contact] step 164 projected 107 vert/primitive penetrations
[avbd-selfcoll] step 164 resolved 17  detect=12528 us  resolve=24 us  path=gpu
[avbd-step] step 164  dof=1875  iters=16  rc=0  wall=23190 us  |Δx|_max=0.0254821  |Δx|_mean=0.00469569  pred_max=0.0254884  drift_max=0.00160849  drift@v500.x  conv_max=0.000759244  conv_mean=2.68676e-05  nan=0
[outlier] v500  inc_tri=3  worst|M|=5.33333  pos=(-1.23472,-2.64941,1.19342)
[pd-step]     step 164  dof=1875  pd|Δx|_max=0.0254884  pd|Δx|_mean=0.00471313
[avbd-drive] step 165 wrote AVBD output to Particle.pos
[avbd-friction] step 165 applied 490 vert/primitive friction events
[avbd-contact] step 165 projected 107 vert/primitive penetrations
[avbd-selfcoll] step 165 resolved 18  detect=10554 us  resolve=21 us  path=gpu
[avbd-step] step 165  dof=1875  iters=16  rc=0  wall=21537 us  |Δx|_max=0.0255088  |Δx|_mean=0.00469411  pred_max=0.0254821  drift_max=0.00143945  drift@v475.x  conv_max=0.000787258  conv_mean=2.70273e-05  nan=0
[outlier] v475  inc_tri=3  worst|M|=5.33333  pos=(-1.27569,-2.61269,1.01182)
[pd-step]     step 165  dof=1875  pd|Δx|_max=0.0254821  pd|Δx|_mean=0.00470962
[avbd-drive] step 166 wrote AVBD output to Particle.pos
[avbd-friction] step 166 applied 483 vert/primitive friction events
[avbd-contact] step 166 projected 110 vert/primitive penetrations
[avbd-selfcoll] step 166 resolved 23  detect=11770 us  resolve=23 us  path=gpu
[avbd-step] step 166  dof=1875  iters=16  rc=0  wall=26585 us  |Δx|_max=0.0254735  |Δx|_mean=0.00469698  pred_max=0.0255088  drift_max=0.00187945  drift@v580.x  conv_max=0.000812292  conv_mean=2.71972e-05  nan=0
[outlier] v580  inc_tri=6  worst|M|=5.33333  pos=(-0.83563,-1.88246,1.79549)
[pd-step]     step 166  dof=1875  pd|Δx|_max=0.0255088  pd|Δx|_mean=0.00471238
[avbd-drive] step 167 wrote AVBD output to Particle.pos
[avbd-friction] step 167 applied 478 vert/primitive friction events
[avbd-contact] step 167 projected 110 vert/primitive penetrations
[avbd-selfcoll] step 167 resolved 22  detect=10551 us  resolve=18 us  path=gpu
[avbd-step] step 167  dof=1875  iters=16  rc=0  wall=22031 us  |Δx|_max=0.0253247  |Δx|_mean=0.00470044  pred_max=0.0254735  drift_max=0.0018962  drift@v580.x  conv_max=0.000829816  conv_mean=2.73699e-05  nan=0
[outlier] v580  inc_tri=6  worst|M|=5.33333  pos=(-0.844208,-1.88507,1.79492)
[pd-step]     step 167  dof=1875  pd|Δx|_max=0.0254735  pd|Δx|_mean=0.00471706
[avbd-drive] step 168 wrote AVBD output to Particle.pos
[avbd-friction] step 168 applied 474 vert/primitive friction events
[avbd-contact] step 168 projected 111 vert/primitive penetrations
[avbd-selfcoll] step 168 resolved 19  detect=10833 us  resolve=24 us  path=gpu
[avbd-step] step 168  dof=1875  iters=16  rc=0  wall=21276 us  |Δx|_max=0.0250434  |Δx|_mean=0.00470522  pred_max=0.0253247  drift_max=0.00153005  drift@v580.x  conv_max=0.000834703  conv_mean=2.75553e-05  nan=0
[outlier] v580  inc_tri=6  worst|M|=5.33333  pos=(-0.850889,-1.88808,1.79299)
[pd-step]     step 168  dof=1875  pd|Δx|_max=0.0253247  pd|Δx|_mean=0.00472209
[avbd-drive] step 169 wrote AVBD output to Particle.pos
[avbd-friction] step 169 applied 472 vert/primitive friction events
[avbd-contact] step 169 projected 112 vert/primitive penetrations
[avbd-selfcoll] step 169 resolved 19  detect=11465 us  resolve=25 us  path=gpu
[avbd-step] step 169  dof=1875  iters=16  rc=0  wall=21818 us  |Δx|_max=0.0246179  |Δx|_mean=0.00471176  pred_max=0.0250434  drift_max=0.00111055  drift@v175.y  conv_max=0.000822306  conv_mean=2.7751e-05  nan=0
[outlier] v175  inc_tri=3  worst|M|=5.33333  pos=(-1.29973,-2.8544,-0.319795)
[pd-step]     step 169  dof=1875  pd|Δx|_max=0.0250434  pd|Δx|_mean=0.00472717
[avbd-drive] step 170 wrote AVBD output to Particle.pos
[avbd-friction] step 170 applied 468 vert/primitive friction events
[avbd-contact] step 170 projected 111 vert/primitive penetrations
[avbd-selfcoll] step 170 resolved 21  detect=10840 us  resolve=23 us  path=gpu
[avbd-step] step 170  dof=1875  iters=16  rc=0  wall=24387 us  |Δx|_max=0.0246156  |Δx|_mean=0.00472197  pred_max=0.0246179  drift_max=0.00115156  drift@v175.y  conv_max=0.000789881  conv_mean=2.79161e-05  nan=0
[outlier] v175  inc_tri=3  worst|M|=5.33333  pos=(-1.29821,-2.8629,-0.321058)
[pd-step]     step 170  dof=1875  pd|Δx|_max=0.0246179  pd|Δx|_mean=0.00473342
[avbd-drive] step 171 wrote AVBD output to Particle.pos
[avbd-friction] step 171 applied 465 vert/primitive friction events
[avbd-contact] step 171 projected 110 vert/primitive penetrations
[avbd-selfcoll] step 171 resolved 22  detect=10875 us  resolve=20 us  path=gpu
[avbd-step] step 171  dof=1875  iters=16  rc=0  wall=25179 us  |Δx|_max=0.0254987  |Δx|_mean=0.00473435  pred_max=0.0245888  drift_max=0.00117517  drift@v175.y  conv_max=0.00073576  conv_mean=2.81029e-05  nan=0
[outlier] v175  inc_tri=3  worst|M|=5.33333  pos=(-1.29658,-2.87054,-0.322028)
[pd-step]     step 171  dof=1875  pd|Δx|_max=0.0245888  pd|Δx|_mean=0.00474476
[avbd-drive] step 172 wrote AVBD output to Particle.pos
[avbd-friction] step 172 applied 459 vert/primitive friction events
[avbd-contact] step 172 projected 111 vert/primitive penetrations
[avbd-selfcoll] step 172 resolved 23  detect=10743 us  resolve=23 us  path=gpu
[avbd-step] step 172  dof=1875  iters=16  rc=0  wall=21440 us  |Δx|_max=0.0264705  |Δx|_mean=0.00474764  pred_max=0.0254987  drift_max=0.00119689  drift@v300.z  conv_max=0.000661969  conv_mean=2.82948e-05  nan=0
[outlier] v300  inc_tri=3  worst|M|=5.33333  pos=(-1.67143,-2.57278,0.164369)
[pd-step]     step 172  dof=1875  pd|Δx|_max=0.0254987  pd|Δx|_mean=0.00475812
[avbd-drive] step 173 wrote AVBD output to Particle.pos
[avbd-friction] step 173 applied 455 vert/primitive friction events
[avbd-contact] step 173 projected 112 vert/primitive penetrations
[avbd-selfcoll] step 173 resolved 25  detect=12347 us  resolve=29 us  path=gpu
[avbd-step] step 173  dof=1875  iters=16  rc=0  wall=22990 us  |Δx|_max=0.0267929  |Δx|_mean=0.00475866  pred_max=0.0264705  drift_max=0.00127459  drift@v300.y  conv_max=0.000566125  conv_mean=2.84635e-05  nan=0
[outlier] v300  inc_tri=3  worst|M|=5.33333  pos=(-1.67427,-2.5851,0.163305)
[pd-step]     step 173  dof=1875  pd|Δx|_max=0.0264705  pd|Δx|_mean=0.0047722
[avbd-drive] step 174 wrote AVBD output to Particle.pos
[avbd-friction] step 174 applied 451 vert/primitive friction events
[avbd-contact] step 174 projected 112 vert/primitive penetrations
[avbd-selfcoll] step 174 resolved 24  detect=10746 us  resolve=27 us  path=gpu
[avbd-step] step 174  dof=1875  iters=16  rc=0  wall=25683 us  |Δx|_max=0.0268826  |Δx|_mean=0.00476719  pred_max=0.0267929  drift_max=0.00143325  drift@v350.x  conv_max=0.000472307  conv_mean=2.85635e-05  nan=0
[outlier] v350  inc_tri=3  worst|M|=5.33333  pos=(-1.74998,-2.54957,0.304234)
[pd-step]     step 174  dof=1875  pd|Δx|_max=0.0267929  pd|Δx|_mean=0.00478448
[avbd-drive] step 175 wrote AVBD output to Particle.pos
[avbd-friction] step 175 applied 446 vert/primitive friction events
[avbd-contact] step 175 projected 112 vert/primitive penetrations
[avbd-selfcoll] step 175 resolved 21  detect=13270 us  resolve=20 us  path=gpu
[avbd-step] step 175  dof=1875  iters=16  rc=0  wall=22749 us  |Δx|_max=0.0268635  |Δx|_mean=0.00477223  pred_max=0.0268826  drift_max=0.00177085  drift@v350.x  conv_max=0.000381231  conv_mean=2.8666e-05  nan=0
[outlier] v350  inc_tri=3  worst|M|=5.33333  pos=(-1.74469,-2.55835,0.306132)
[pd-step]     step 175  dof=1875  pd|Δx|_max=0.0268826  pd|Δx|_mean=0.00479323
[avbd-drive] step 176 wrote AVBD output to Particle.pos
[avbd-friction] step 176 applied 444 vert/primitive friction events
[avbd-contact] step 176 projected 111 vert/primitive penetrations
[avbd-selfcoll] step 176 resolved 21  detect=10749 us  resolve=21 us  path=gpu
[avbd-step] step 176  dof=1875  iters=16  rc=0  wall=22234 us  |Δx|_max=0.0267638  |Δx|_mean=0.00477477  pred_max=0.0268635  drift_max=0.00206983  drift@v350.x  conv_max=0.000305295  conv_mean=2.87004e-05  nan=0
[outlier] v350  inc_tri=3  worst|M|=5.33333  pos=(-1.73938,-2.56699,0.307977)
[pd-step]     step 176  dof=1875  pd|Δx|_max=0.0268635  pd|Δx|_mean=0.0047972
[avbd-drive] step 177 wrote AVBD output to Particle.pos
[avbd-friction] step 177 applied 436 vert/primitive friction events
[avbd-contact] step 177 projected 111 vert/primitive penetrations
[avbd-selfcoll] step 177 resolved 22  detect=10705 us  resolve=21 us  path=gpu
[avbd-step] step 177  dof=1875  iters=16  rc=0  wall=21105 us  |Δx|_max=0.026561  |Δx|_mean=0.0047781  pred_max=0.0267638  drift_max=0.00224173  drift@v350.x  conv_max=0.000302792  conv_mean=2.88041e-05  nan=0
[outlier] v350  inc_tri=3  worst|M|=5.33333  pos=(-1.73441,-2.57555,0.30976)
[pd-step]     step 177  dof=1875  pd|Δx|_max=0.0267638  pd|Δx|_mean=0.00480199
[avbd-drive] step 178 wrote AVBD output to Particle.pos
[avbd-friction] step 178 applied 434 vert/primitive friction events
[avbd-contact] step 178 projected 112 vert/primitive penetrations
[avbd-selfcoll] step 178 resolved 22  detect=14894 us  resolve=40 us  path=gpu
[avbd-step] step 178  dof=1875  iters=16  rc=0  wall=22040 us  |Δx|_max=0.0262785  |Δx|_mean=0.00477518  pred_max=0.026561  drift_max=0.0022068  drift@v350.x  conv_max=0.000299931  conv_mean=2.8846e-05  nan=0
[outlier] v350  inc_tri=3  worst|M|=5.33333  pos=(-1.73012,-2.58393,0.311497)
[pd-step]     step 178  dof=1875  pd|Δx|_max=0.026561  pd|Δx|_mean=0.00480204
[avbd-drive] step 179 wrote AVBD output to Particle.pos
[avbd-friction] step 179 applied 430 vert/primitive friction events
[avbd-contact] step 179 projected 112 vert/primitive penetrations
[avbd-selfcoll] step 179 resolved 21  detect=12047 us  resolve=20 us  path=gpu
[avbd-step] step 179  dof=1875  iters=16  rc=0  wall=24068 us  |Δx|_max=0.0259154  |Δx|_mean=0.00477473  pred_max=0.0262785  drift_max=0.00192881  drift@v350.x  conv_max=0.000296831  conv_mean=2.89421e-05  nan=0
[outlier] v350  inc_tri=3  worst|M|=5.33333  pos=(-1.72678,-2.59208,0.313114)
[pd-step]     step 179  dof=1875  pd|Δx|_max=0.0262785  pd|Δx|_mean=0.00480335
[avbd-drive] step 180 wrote AVBD output to Particle.pos
[avbd-friction] step 180 applied 428 vert/primitive friction events
[avbd-contact] step 180 projected 111 vert/primitive penetrations
[avbd-selfcoll] step 180 resolved 20  detect=10596 us  resolve=21 us  path=gpu
[avbd-step] step 180  dof=1875  iters=16  rc=0  wall=24600 us  |Δx|_max=0.0254439  |Δx|_mean=0.00477295  pred_max=0.0259154  drift_max=0.00146496  drift@v350.x  conv_max=0.000293612  conv_mean=2.90894e-05  nan=0
[outlier] v350  inc_tri=3  worst|M|=5.33333  pos=(-1.72441,-2.60004,0.314497)
[pd-step]     step 180  dof=1875  pd|Δx|_max=0.0259154  pd|Δx|_mean=0.00480311
[avbd-drive] step 181 wrote AVBD output to Particle.pos
[avbd-friction] step 181 applied 424 vert/primitive friction events
[avbd-contact] step 181 projected 109 vert/primitive penetrations
[avbd-selfcoll] step 181 resolved 19  detect=10839 us  resolve=21 us  path=gpu
180..[avbd-step] step 181  dof=1875  iters=16  rc=0  wall=24524 us  |Δx|_max=0.0248626  |Δx|_mean=0.00476885  pred_max=0.0254439  drift_max=0.00152922  drift@v76.x  conv_max=0.000290155  conv_mean=2.91079e-05  nan=0
[outlier] v76  inc_tri=6  worst|M|=5.33333  pos=(-0.926587,-3.16533,-0.924156)
[pd-step]     step 181  dof=1875  pd|Δx|_max=0.0254439  pd|Δx|_mean=0.00479796
[avbd-drive] step 182 wrote AVBD output to Particle.pos
[avbd-friction] step 182 applied 423 vert/primitive friction events
[avbd-contact] step 182 projected 109 vert/primitive penetrations
[avbd-selfcoll] step 182 resolved 23  detect=12960 us  resolve=35 us  path=gpu
[avbd-step] step 182  dof=1875  iters=16  rc=0  wall=22233 us  |Δx|_max=0.0242065  |Δx|_mean=0.00477099  pred_max=0.0248626  drift_max=0.00151026  drift@v76.x  conv_max=0.000286579  conv_mean=2.92695e-05  nan=0
[outlier] v76  inc_tri=6  worst|M|=5.33333  pos=(-0.928479,-3.17391,-0.92383)
[pd-step]     step 182  dof=1875  pd|Δx|_max=0.0248626  pd|Δx|_mean=0.00479929
[avbd-drive] step 183 wrote AVBD output to Particle.pos
[avbd-friction] step 183 applied 419 vert/primitive friction events
[avbd-contact] step 183 projected 108 vert/primitive penetrations
[avbd-selfcoll] step 183 resolved 23  detect=10844 us  resolve=22 us  path=gpu
[avbd-step] step 183  dof=1875  iters=16  rc=0  wall=23511 us  |Δx|_max=0.023538  |Δx|_mean=0.00477646  pred_max=0.0242065  drift_max=0.0012266  drift@v76.x  conv_max=0.000283122  conv_mean=2.94621e-05  nan=0
[outlier] v76  inc_tri=6  worst|M|=5.33333  pos=(-0.928861,-3.18221,-0.922852)
[pd-step]     step 183  dof=1875  pd|Δx|_max=0.0242065  pd|Δx|_mean=0.00480299
[avbd-drive] step 184 wrote AVBD output to Particle.pos
[avbd-friction] step 184 applied 417 vert/primitive friction events
[avbd-contact] step 184 projected 108 vert/primitive penetrations
[avbd-selfcoll] step 184 resolved 21  detect=10814 us  resolve=19 us  path=gpu
[avbd-step] step 184  dof=1875  iters=16  rc=0  wall=26894 us  |Δx|_max=0.0233325  |Δx|_mean=0.004782  pred_max=0.023538  drift_max=0.00114083  drift@v306.x  conv_max=0.000279665  conv_mean=2.96209e-05  nan=0
[outlier] v306  inc_tri=6  worst|M|=5.33333  pos=(-1.41999,-1.6291,-0.0795749)
[pd-step]     step 184  dof=1875  pd|Δx|_max=0.023538  pd|Δx|_mean=0.00480762
[avbd-drive] step 185 wrote AVBD output to Particle.pos
[avbd-friction] step 185 applied 419 vert/primitive friction events
[avbd-contact] step 185 projected 108 vert/primitive penetrations
[avbd-selfcoll] step 185 resolved 21  detect=10834 us  resolve=29 us  path=gpu
[avbd-step] step 185  dof=1875  iters=16  rc=0  wall=22389 us  |Δx|_max=0.0234606  |Δx|_mean=0.00478276  pred_max=0.0233325  drift_max=0.00120902  drift@v306.x  conv_max=0.000276208  conv_mean=2.97226e-05  nan=0
[outlier] v306  inc_tri=6  worst|M|=5.33333  pos=(-1.42134,-1.63873,-0.0766833)
[pd-step]     step 185  dof=1875  pd|Δx|_max=0.0233325  pd|Δx|_mean=0.00480972
[avbd-drive] step 186 wrote AVBD output to Particle.pos
[avbd-friction] step 186 applied 418 vert/primitive friction events
[avbd-contact] step 186 projected 108 vert/primitive penetrations
[avbd-selfcoll] step 186 resolved 19  detect=10676 us  resolve=37 us  path=gpu
[avbd-step] step 186  dof=1875  iters=16  rc=0  wall=23514 us  |Δx|_max=0.0235437  |Δx|_mean=0.00478919  pred_max=0.0234606  drift_max=0.00142527  drift@v333.x  conv_max=0.000282526  conv_mean=3.00004e-05  nan=0
[outlier] v333  inc_tri=6  worst|M|=5.33333  pos=(-1.29232,-1.26192,0.0116696)
[pd-step]     step 186  dof=1875  pd|Δx|_max=0.0234606  pd|Δx|_mean=0.00481677
[avbd-drive] step 187 wrote AVBD output to Particle.pos
[avbd-friction] step 187 applied 417 vert/primitive friction events
[avbd-contact] step 187 projected 109 vert/primitive penetrations
[avbd-selfcoll] step 187 resolved 18  detect=10726 us  resolve=26 us  path=gpu
[avbd-step] step 187  dof=1875  iters=16  rc=0  wall=21387 us  |Δx|_max=0.0235755  |Δx|_mean=0.00479448  pred_max=0.0235437  drift_max=0.00152612  drift@v333.y  conv_max=0.000291348  conv_mean=3.02708e-05  nan=0
[outlier] v333  inc_tri=6  worst|M|=5.33333  pos=(-1.30204,-1.26653,0.0106616)
[pd-step]     step 187  dof=1875  pd|Δx|_max=0.0235437  pd|Δx|_mean=0.00482399
[avbd-drive] step 188 wrote AVBD output to Particle.pos
[avbd-friction] step 188 applied 415 vert/primitive friction events
[avbd-contact] step 188 projected 110 vert/primitive penetrations
[avbd-selfcoll] step 188 resolved 19  detect=10771 us  resolve=18 us  path=gpu
[avbd-step] step 188  dof=1875  iters=16  rc=0  wall=21220 us  |Δx|_max=0.0235139  |Δx|_mean=0.00480163  pred_max=0.0235755  drift_max=0.00132751  drift@v333.y  conv_max=0.000300169  conv_mean=3.05228e-05  nan=0
[outlier] v333  inc_tri=6  worst|M|=5.33333  pos=(-1.31029,-1.27282,0.00961443)
[pd-step]     step 188  dof=1875  pd|Δx|_max=0.0235755  pd|Δx|_mean=0.00483145
[avbd-drive] step 189 wrote AVBD output to Particle.pos
[avbd-friction] step 189 applied 413 vert/primitive friction events
[avbd-contact] step 189 projected 111 vert/primitive penetrations
[avbd-selfcoll] step 189 resolved 17  detect=15019 us  resolve=20 us  path=gpu
[avbd-step] step 189  dof=1875  iters=16  rc=0  wall=21128 us  |Δx|_max=0.0233238  |Δx|_mean=0.00480952  pred_max=0.0235139  drift_max=0.0012219  drift@v306.x  conv_max=0.000309229  conv_mean=3.07387e-05  nan=0
[outlier] v306  inc_tri=6  worst|M|=5.33333  pos=(-1.426,-1.67845,-0.0654769)
[pd-step]     step 189  dof=1875  pd|Δx|_max=0.0235139  pd|Δx|_mean=0.00484
[avbd-drive] step 190 wrote AVBD output to Particle.pos
[avbd-friction] step 190 applied 410 vert/primitive friction events
[avbd-contact] step 190 projected 111 vert/primitive penetrations
[avbd-selfcoll] step 190 resolved 15  detect=10956 us  resolve=26 us  path=gpu
[avbd-step] step 190  dof=1875  iters=16  rc=0  wall=22792 us  |Δx|_max=0.023077  |Δx|_mean=0.00481873  pred_max=0.0233238  drift_max=0.00124633  drift@v430.x  conv_max=0.000319004  conv_mean=3.09262e-05  nan=0
[outlier] v430  inc_tri=6  worst|M|=5.33333  pos=(-1.41698,-1.83659,0.769851)
[pd-step]     step 190  dof=1875  pd|Δx|_max=0.0233238  pd|Δx|_mean=0.00484908
[avbd-drive] step 191 wrote AVBD output to Particle.pos
[avbd-friction] step 191 applied 412 vert/primitive friction events
[avbd-contact] step 191 projected 111 vert/primitive penetrations
[avbd-selfcoll] step 191 resolved 12  detect=13390 us  resolve=26 us  path=gpu
[avbd-step] step 191  dof=1875  iters=16  rc=0  wall=22530 us  |Δx|_max=0.0234714  |Δx|_mean=0.00482703  pred_max=0.0230954  drift_max=0.00133431  drift@v430.x  conv_max=0.000329018  conv_mean=3.10763e-05  nan=0
[outlier] v430  inc_tri=6  worst|M|=5.33333  pos=(-1.42246,-1.84551,0.768989)
[pd-step]     step 191  dof=1875  pd|Δx|_max=0.0230953  pd|Δx|_mean=0.00485826
[avbd-drive] step 192 wrote AVBD output to Particle.pos
[avbd-friction] step 192 applied 410 vert/primitive friction events
[avbd-contact] step 192 projected 111 vert/primitive penetrations
[avbd-selfcoll] step 192 resolved 13  detect=10641 us  resolve=20 us  path=gpu
[avbd-step] step 192  dof=1875  iters=16  rc=0  wall=23796 us  |Δx|_max=0.0238616  |Δx|_mean=0.00483769  pred_max=0.0237739  drift_max=0.00119376  drift@v430.x  conv_max=0.000339746  conv_mean=3.12313e-05  nan=0
[outlier] v430  inc_tri=6  worst|M|=5.33333  pos=(-1.42662,-1.85493,0.767621)
[pd-step]     step 192  dof=1875  pd|Δx|_max=0.0237738  pd|Δx|_mean=0.00486835
[avbd-drive] step 193 wrote AVBD output to Particle.pos
[avbd-friction] step 193 applied 409 vert/primitive friction events
[avbd-contact] step 193 projected 109 vert/primitive penetrations
[avbd-selfcoll] step 193 resolved 15  detect=10747 us  resolve=31 us  path=gpu
[avbd-step] step 193  dof=1875  iters=16  rc=0  wall=22352 us  |Δx|_max=0.0239823  |Δx|_mean=0.00484919  pred_max=0.0241642  drift_max=0.00109267  drift@v334.y  conv_max=0.000351191  conv_mean=3.13816e-05  nan=0
[outlier] v334  inc_tri=6  worst|M|=5.33333  pos=(-1.22205,-1.16579,-0.0245197)
[pd-step]     step 193  dof=1875  pd|Δx|_max=0.0241641  pd|Δx|_mean=0.00487997
[avbd-drive] step 194 wrote AVBD output to Particle.pos
[avbd-friction] step 194 applied 404 vert/primitive friction events
[avbd-contact] step 194 projected 109 vert/primitive penetrations
[avbd-selfcoll] step 194 resolved 13  detect=10755 us  resolve=28 us  path=gpu
[avbd-step] step 194  dof=1875  iters=16  rc=0  wall=25359 us  |Δx|_max=0.0239143  |Δx|_mean=0.00486212  pred_max=0.0242848  drift_max=0.00150406  drift@v334.x  conv_max=0.000363111  conv_mean=3.15377e-05  nan=0
[outlier] v334  inc_tri=6  worst|M|=5.33333  pos=(-1.23314,-1.17046,-0.0260593)
[pd-step]     step 194  dof=1875  pd|Δx|_max=0.0242848  pd|Δx|_mean=0.00489243
[avbd-drive] step 195 wrote AVBD output to Particle.pos
[avbd-friction] step 195 applied 403 vert/primitive friction events
[avbd-contact] step 195 projected 109 vert/primitive penetrations
[avbd-selfcoll] step 195 resolved 13  detect=10828 us  resolve=20 us  path=gpu
[avbd-step] step 195  dof=1875  iters=16  rc=0  wall=23491 us  |Δx|_max=0.023762  |Δx|_mean=0.00487426  pred_max=0.0242169  drift_max=0.00155699  drift@v334.x  conv_max=0.000375748  conv_mean=3.17261e-05  nan=0
[outlier] v334  inc_tri=6  worst|M|=5.33333  pos=(-1.24265,-1.17676,-0.0274881)
[pd-step]     step 195  dof=1875  pd|Δx|_max=0.0242168  pd|Δx|_mean=0.00490579
[avbd-drive] step 196 wrote AVBD output to Particle.pos
[avbd-friction] step 196 applied 399 vert/primitive friction events
[avbd-contact] step 196 projected 109 vert/primitive penetrations
[avbd-selfcoll] step 196 resolved 12  detect=10569 us  resolve=19 us  path=gpu
[avbd-step] step 196  dof=1875  iters=16  rc=0  wall=22833 us  |Δx|_max=0.0237037  |Δx|_mean=0.00488618  pred_max=0.0240645  drift_max=0.00129354  drift@v508.x  conv_max=0.000388861  conv_mean=3.19054e-05  nan=0
[outlier] v508  inc_tri=6  worst|M|=5.33333  pos=(-1.0916,-1.41888,1.26186)
[pd-step]     step 196  dof=1875  pd|Δx|_max=0.0240645  pd|Δx|_mean=0.00491845
[avbd-drive] step 197 wrote AVBD output to Particle.pos
[avbd-friction] step 197 applied 395 vert/primitive friction events
[avbd-contact] step 197 projected 110 vert/primitive penetrations
[avbd-selfcoll] step 197 resolved 14  detect=10799 us  resolve=28 us  path=gpu
[avbd-step] step 197  dof=1875  iters=16  rc=0  wall=21881 us  |Δx|_max=0.0238934  |Δx|_mean=0.00489858  pred_max=0.023926  drift_max=0.001387  drift@v508.x  conv_max=0.000402451  conv_mean=3.20797e-05  nan=0
[outlier] v508  inc_tri=6  worst|M|=5.33333  pos=(-1.09982,-1.42763,1.26075)
[pd-step]     step 197  dof=1875  pd|Δx|_max=0.0239259  pd|Δx|_mean=0.00493081
[avbd-drive] step 198 wrote AVBD output to Particle.pos
[avbd-friction] step 198 applied 394 vert/primitive friction events
[avbd-contact] step 198 projected 110 vert/primitive penetrations
[avbd-selfcoll] step 198 resolved 11  detect=10739 us  resolve=21 us  path=gpu
[avbd-step] step 198  dof=1875  iters=16  rc=0  wall=21622 us  |Δx|_max=0.023978  |Δx|_mean=0.00491155  pred_max=0.0238934  drift_max=0.00124359  drift@v508.x  conv_max=0.000416756  conv_mean=3.22125e-05  nan=0
[outlier] v508  inc_tri=6  worst|M|=5.33333  pos=(-1.10666,-1.43671,1.25909)
[pd-step]     step 198  dof=1875  pd|Δx|_max=0.0238934  pd|Δx|_mean=0.00494411
[avbd-drive] step 199 wrote AVBD output to Particle.pos
[avbd-friction] step 199 applied 390 vert/primitive friction events
[avbd-contact] step 199 projected 109 vert/primitive penetrations
[avbd-selfcoll] step 199 resolved 12  detect=12485 us  resolve=23 us  path=gpu
[avbd-step] step 199  dof=1875  iters=16  rc=0  wall=25264 us  |Δx|_max=0.0239511  |Δx|_mean=0.00492464  pred_max=0.023978  drift_max=0.000951886  drift@v508.x  conv_max=0.000431299  conv_mean=3.23628e-05  nan=0
[outlier] v508  inc_tri=6  worst|M|=5.33333  pos=(-1.11226,-1.44603,1.25696)
[pd-step]     step 199  dof=1875  pd|Δx|_max=0.023978  pd|Δx|_mean=0.00495767
[avbd-drive] step 200 wrote AVBD output to Particle.pos
[avbd-friction] step 200 applied 386 vert/primitive friction events
[avbd-contact] step 200 projected 109 vert/primitive penetrations
[avbd-selfcoll] step 200 resolved 12  detect=11589 us  resolve=23 us  path=gpu
[avbd-step] step 200  dof=1875  iters=16  rc=0  wall=29158 us  |Δx|_max=0.0243757  |Δx|_mean=0.00493996  pred_max=0.024241  drift_max=0.000932693  drift@v274.z  conv_max=0.000445843  conv_mean=3.25379e-05  nan=0
[outlier] v274  inc_tri=3  worst|M|=5.33333  pos=(1.2486,-0.294509,-0.554198)
[pd-step]     step 200  dof=1875  pd|Δx|_max=0.0242409  pd|Δx|_mean=0.00497137
[avbd-drive] step 201 wrote AVBD output to Particle.pos
[avbd-friction] step 201 applied 386 vert/primitive friction events
[avbd-contact] step 201 projected 109 vert/primitive penetrations
[avbd-selfcoll] step 201 resolved 12  detect=11012 us  resolve=21 us  path=gpu
200..[avbd-step] step 201  dof=1875  iters=16  rc=0  wall=31428 us  |Δx|_max=0.0249684  |Δx|_mean=0.00495655  pred_max=0.0246782  drift_max=0.00104624  drift@v274.z  conv_max=0.00046134  conv_mean=3.2719e-05  nan=0
[outlier] v274  inc_tri=3  worst|M|=5.33333  pos=(1.24143,-0.294616,-0.557593)
[pd-step]     step 201  dof=1875  pd|Δx|_max=0.0246781  pd|Δx|_mean=0.00498724
[avbd-drive] step 202 wrote AVBD output to Particle.pos
[avbd-friction] step 202 applied 386 vert/primitive friction events
[avbd-contact] step 202 projected 111 vert/primitive penetrations
[avbd-selfcoll] step 202 resolved 9  detect=10560 us  resolve=20 us  path=gpu
[avbd-step] step 202  dof=1875  iters=16  rc=0  wall=28304 us  |Δx|_max=0.0256598  |Δx|_mean=0.00497389  pred_max=0.0252709  drift_max=0.00108081  drift@v274.z  conv_max=0.00047636  conv_mean=3.29063e-05  nan=0
[outlier] v274  inc_tri=3  worst|M|=5.33333  pos=(1.23415,-0.294582,-0.560687)
[pd-step]     step 202  dof=1875  pd|Δx|_max=0.0252709  pd|Δx|_mean=0.00500448
[avbd-drive] step 203 wrote AVBD output to Particle.pos
[avbd-friction] step 203 applied 386 vert/primitive friction events
[avbd-contact] step 203 projected 111 vert/primitive penetrations
[avbd-selfcoll] step 203 resolved 11  detect=10786 us  resolve=21 us  path=gpu
[avbd-step] step 203  dof=1875  iters=16  rc=0  wall=28670 us  |Δx|_max=0.026448  |Δx|_mean=0.00499103  pred_max=0.0259624  drift_max=0.00116789  drift@v335.x  conv_max=0.000491142  conv_mean=3.31041e-05  nan=0
[outlier] v335  inc_tri=6  worst|M|=5.33333  pos=(-1.17261,-1.1007,-0.0663555)
[pd-step]     step 203  dof=1875  pd|Δx|_max=0.0259623  pd|Δx|_mean=0.00502182
[avbd-drive] step 204 wrote AVBD output to Particle.pos
[avbd-friction] step 204 applied 387 vert/primitive friction events
[avbd-contact] step 204 projected 111 vert/primitive penetrations
[avbd-selfcoll] step 204 resolved 11  detect=12427 us  resolve=20 us  path=gpu
[avbd-step] step 204  dof=1875  iters=16  rc=0  wall=32449 us  |Δx|_max=0.0273471  |Δx|_mean=0.00500612  pred_max=0.0267506  drift_max=0.00108504  drift@v335.x  conv_max=0.000506401  conv_mean=3.33006e-05  nan=0
[outlier] v335  inc_tri=6  worst|M|=5.33333  pos=(-1.17995,-1.10935,-0.0679842)
[pd-step]     step 204  dof=1875  pd|Δx|_max=0.0267505  pd|Δx|_mean=0.00503829
[avbd-drive] step 205 wrote AVBD output to Particle.pos
[avbd-friction] step 205 applied 387 vert/primitive friction events
[avbd-contact] step 205 projected 112 vert/primitive penetrations
[avbd-selfcoll] step 205 resolved 10  detect=11588 us  resolve=23 us  path=gpu
[avbd-step] step 205  dof=1875  iters=16  rc=0  wall=27904 us  |Δx|_max=0.0283053  |Δx|_mean=0.00502242  pred_max=0.0276496  drift_max=0.00111735  drift@v299.z  conv_max=0.000520706  conv_mean=3.34582e-05  nan=0
[outlier] v299  inc_tri=3  worst|M|=5.33333  pos=(1.07272,-0.157177,-0.584178)
[pd-step]     step 205  dof=1875  pd|Δx|_max=0.0276496  pd|Δx|_mean=0.0050552
[avbd-drive] step 206 wrote AVBD output to Particle.pos
[avbd-friction] step 206 applied 384 vert/primitive friction events
[avbd-contact] step 206 projected 114 vert/primitive penetrations
[avbd-selfcoll] step 206 resolved 14  detect=10932 us  resolve=43 us  path=gpu
[avbd-step] step 206  dof=1875  iters=16  rc=0  wall=28701 us  |Δx|_max=0.0292442  |Δx|_mean=0.00503805  pred_max=0.0286078  drift_max=0.00114441  drift@v299.z  conv_max=0.000535011  conv_mean=3.35779e-05  nan=0
[outlier] v299  inc_tri=3  worst|M|=5.33333  pos=(1.06441,-0.157051,-0.587434)
[pd-step]     step 206  dof=1875  pd|Δx|_max=0.0286078  pd|Δx|_mean=0.00507048
[avbd-drive] step 207 wrote AVBD output to Particle.pos
[avbd-friction] step 207 applied 384 vert/primitive friction events
[avbd-contact] step 207 projected 115 vert/primitive penetrations
[avbd-selfcoll] step 207 resolved 10  detect=11686 us  resolve=23 us  path=gpu
[avbd-step] step 207  dof=1875  iters=16  rc=0  wall=28623 us  |Δx|_max=0.0300913  |Δx|_mean=0.00505642  pred_max=0.0295467  drift_max=0.00115734  drift@v299.z  conv_max=0.000549078  conv_mean=3.37178e-05  nan=0
[outlier] v299  inc_tri=3  worst|M|=5.33333  pos=(1.05587,-0.156907,-0.590618)
[pd-step]     step 207  dof=1875  pd|Δx|_max=0.0295467  pd|Δx|_mean=0.00508752
[avbd-drive] step 208 wrote AVBD output to Particle.pos
[avbd-friction] step 208 applied 385 vert/primitive friction events
[avbd-contact] step 208 projected 116 vert/primitive penetrations
[avbd-selfcoll] step 208 resolved 12  detect=10669 us  resolve=17 us  path=gpu
[avbd-step] step 208  dof=1875  iters=16  rc=0  wall=28228 us  |Δx|_max=0.0307915  |Δx|_mean=0.00507612  pred_max=0.0303938  drift_max=0.00116247  drift@v299.z  conv_max=0.000562429  conv_mean=3.38115e-05  nan=0
[outlier] v299  inc_tri=3  worst|M|=5.33333  pos=(1.04709,-0.156764,-0.593744)
[pd-step]     step 208  dof=1875  pd|Δx|_max=0.0303938  pd|Δx|_mean=0.00510573
[avbd-drive] step 209 wrote AVBD output to Particle.pos
[avbd-friction] step 209 applied 384 vert/primitive friction events
[avbd-contact] step 209 projected 116 vert/primitive penetrations
[avbd-selfcoll] step 209 resolved 13  detect=11225 us  resolve=23 us  path=gpu
[avbd-step] step 209  dof=1875  iters=16  rc=0  wall=32256 us  |Δx|_max=0.0313091  |Δx|_mean=0.00509702  pred_max=0.0310941  drift_max=0.00116092  drift@v299.z  conv_max=0.000575542  conv_mean=3.39545e-05  nan=0
[outlier] v299  inc_tri=3  worst|M|=5.33333  pos=(1.0381,-0.156643,-0.596827)
[pd-step]     step 209  dof=1875  pd|Δx|_max=0.031094  pd|Δx|_mean=0.00512565
[avbd-drive] step 210 wrote AVBD output to Particle.pos
[avbd-friction] step 210 applied 382 vert/primitive friction events
[avbd-contact] step 210 projected 116 vert/primitive penetrations
[avbd-selfcoll] step 210 resolved 13  detect=11962 us  resolve=22 us  path=gpu
[avbd-step] step 210  dof=1875  iters=16  rc=0  wall=30322 us  |Δx|_max=0.031626  |Δx|_mean=0.00511785  pred_max=0.0316117  drift_max=0.00115252  drift@v299.z  conv_max=0.000588179  conv_mean=3.41113e-05  nan=0
[outlier] v299  inc_tri=3  worst|M|=5.33333  pos=(1.02891,-0.156561,-0.599876)
[pd-step]     step 210  dof=1875  pd|Δx|_max=0.0316116  pd|Δx|_mean=0.00514658
[avbd-drive] step 211 wrote AVBD output to Particle.pos
[avbd-friction] step 211 applied 381 vert/primitive friction events
[avbd-contact] step 211 projected 115 vert/primitive penetrations
[avbd-selfcoll] step 211 resolved 15  detect=10537 us  resolve=18 us  path=gpu
[avbd-step] step 211  dof=1875  iters=16  rc=0  wall=32282 us  |Δx|_max=0.0317352  |Δx|_mean=0.00513917  pred_max=0.0319285  drift_max=0.00113851  drift@v299.z  conv_max=0.0006001  conv_mean=3.43016e-05  nan=0
[outlier] v299  inc_tri=3  worst|M|=5.33333  pos=(1.01955,-0.156527,-0.602905)
[pd-step]     step 211  dof=1875  pd|Δx|_max=0.0319285  pd|Δx|_mean=0.00516774
[avbd-drive] step 212 wrote AVBD output to Particle.pos
[avbd-friction] step 212 applied 378 vert/primitive friction events
[avbd-contact] step 212 projected 115 vert/primitive penetrations
[avbd-selfcoll] step 212 resolved 14  detect=10816 us  resolve=20 us  path=gpu
[avbd-step] step 212  dof=1875  iters=16  rc=0  wall=30608 us  |Δx|_max=0.0316415  |Δx|_mean=0.00516154  pred_max=0.0320377  drift_max=0.000878632  drift@v245.y  conv_max=0.00061202  conv_mean=3.44018e-05  nan=0
[outlier] v245  inc_tri=6  worst|M|=5.33333  pos=(0.456631,-0.341137,-0.89279)
[pd-step]     step 212  dof=1875  pd|Δx|_max=0.0320377  pd|Δx|_mean=0.00518974
[avbd-drive] step 213 wrote AVBD output to Particle.pos
[avbd-friction] step 213 applied 378 vert/primitive friction events
[avbd-contact] step 213 projected 115 vert/primitive penetrations
[avbd-selfcoll] step 213 resolved 12  detect=10663 us  resolve=20 us  path=gpu
[avbd-step] step 213  dof=1875  iters=16  rc=0  wall=28047 us  |Δx|_max=0.0313761  |Δx|_mean=0.00518403  pred_max=0.031944  drift_max=0.00127668  drift@v349.y  conv_max=0.000623465  conv_mean=3.455e-05  nan=0
[outlier] v349  inc_tri=3  worst|M|=5.33333  pos=(1.03146,-0.00918782,-0.303366)
[pd-step]     step 213  dof=1875  pd|Δx|_max=0.031944  pd|Δx|_mean=0.00521215
[avbd-drive] step 214 wrote AVBD output to Particle.pos
[avbd-friction] step 214 applied 377 vert/primitive friction events
[avbd-contact] step 214 projected 115 vert/primitive penetrations
[avbd-selfcoll] step 214 resolved 18  detect=10824 us  resolve=20 us  path=gpu
[avbd-step] step 214  dof=1875  iters=16  rc=0  wall=32294 us  |Δx|_max=0.03105  |Δx|_mean=0.0052075  pred_max=0.0316787  drift_max=0.00103232  drift@v300.z  conv_max=0.00063467  conv_mean=3.47308e-05  nan=0
[outlier] v300  inc_tri=3  worst|M|=5.33333  pos=(-1.77958,-3.03239,0.200383)
[pd-step]     step 214  dof=1875  pd|Δx|_max=0.0316786  pd|Δx|_mean=0.00523519
[avbd-drive] step 215 wrote AVBD output to Particle.pos
[avbd-friction] step 215 applied 378 vert/primitive friction events
[avbd-contact] step 215 projected 115 vert/primitive penetrations
[avbd-selfcoll] step 215 resolved 15  detect=10435 us  resolve=20 us  path=gpu
[avbd-step] step 215  dof=1875  iters=16  rc=0  wall=29525 us  |Δx|_max=0.030653  |Δx|_mean=0.00523092  pred_max=0.0313525  drift_max=0.00103734  drift@v300.z  conv_max=0.000645161  conv_mean=3.48896e-05  nan=0
[outlier] v300  inc_tri=3  worst|M|=5.33333  pos=(-1.78235,-3.04386,0.200027)
[pd-step]     step 215  dof=1875  pd|Δx|_max=0.0313524  pd|Δx|_mean=0.00525792
[avbd-drive] step 216 wrote AVBD output to Particle.pos
[avbd-friction] step 216 applied 377 vert/primitive friction events
[avbd-contact] step 216 projected 115 vert/primitive penetrations
[avbd-selfcoll] step 216 resolved 16  detect=10604 us  resolve=21 us  path=gpu
[avbd-step] step 216  dof=1875  iters=16  rc=0  wall=29537 us  |Δx|_max=0.0301843  |Δx|_mean=0.00525589  pred_max=0.0309556  drift_max=0.00096935  drift@v300.z  conv_max=0.000655651  conv_mean=3.50521e-05  nan=0
[outlier] v300  inc_tri=3  worst|M|=5.33333  pos=(-1.78517,-3.05548,0.199986)
[pd-step]     step 216  dof=1875  pd|Δx|_max=0.0309555  pd|Δx|_mean=0.00528222
[avbd-drive] step 217 wrote AVBD output to Particle.pos
[avbd-friction] step 217 applied 378 vert/primitive friction events
[avbd-contact] step 217 projected 117 vert/primitive penetrations
[avbd-selfcoll] step 217 resolved 16  detect=10426 us  resolve=18 us  path=gpu
[avbd-step] step 217  dof=1875  iters=16  rc=0  wall=28142 us  |Δx|_max=0.029757  |Δx|_mean=0.00528159  pred_max=0.0304868  drift_max=0.000949323  drift@v245.y  conv_max=0.000665665  conv_mean=3.51659e-05  nan=0
[outlier] v245  inc_tri=6  worst|M|=5.33333  pos=(0.414489,-0.363522,-0.909526)
[pd-step]     step 217  dof=1875  pd|Δx|_max=0.0304867  pd|Δx|_mean=0.00530683
[avbd-drive] step 218 wrote AVBD output to Particle.pos
[avbd-friction] step 218 applied 380 vert/primitive friction events
[avbd-contact] step 218 projected 116 vert/primitive penetrations
[avbd-selfcoll] step 218 resolved 15  detect=11644 us  resolve=49 us  path=gpu
[avbd-step] step 218  dof=1875  iters=16  rc=0  wall=33214 us  |Δx|_max=0.0294962  |Δx|_mean=0.00530925  pred_max=0.0300596  drift_max=0.000965714  drift@v375.z  conv_max=0.000674963  conv_mean=3.53606e-05  nan=0
[outlier] v375  inc_tri=3  worst|M|=5.33333  pos=(-1.81562,-3.02093,0.506481)
[pd-step]     step 218  dof=1875  pd|Δx|_max=0.0300595  pd|Δx|_mean=0.00533278
[avbd-drive] step 219 wrote AVBD output to Particle.pos
[avbd-friction] step 219 applied 382 vert/primitive friction events
[avbd-contact] step 219 projected 116 vert/primitive penetrations
[avbd-selfcoll] step 219 resolved 16  detect=10572 us  resolve=21 us  path=gpu
[avbd-step] step 219  dof=1875  iters=16  rc=0  wall=32483 us  |Δx|_max=0.0299033  |Δx|_mean=0.00533608  pred_max=0.0297987  drift_max=0.000977188  drift@v246.y  conv_max=0.000683784  conv_mean=3.55248e-05  nan=0
[outlier] v246  inc_tri=6  worst|M|=5.33333  pos=(0.578057,-0.313543,-0.892469)
[pd-step]     step 219  dof=1875  pd|Δx|_max=0.0297987  pd|Δx|_mean=0.00535978
[avbd-drive] step 220 wrote AVBD output to Particle.pos
[avbd-friction] step 220 applied 383 vert/primitive friction events
[avbd-contact] step 220 projected 115 vert/primitive penetrations
[avbd-selfcoll] step 220 resolved 14  detect=14166 us  resolve=18 us  path=gpu
[avbd-step] step 220  dof=1875  iters=16  rc=0  wall=28666 us  |Δx|_max=0.0302245  |Δx|_mean=0.00536411  pred_max=0.0299033  drift_max=0.00104818  drift@v246.y  conv_max=0.000692368  conv_mean=3.56607e-05  nan=0
[outlier] v246  inc_tri=6  worst|M|=5.33333  pos=(0.568918,-0.317473,-0.896009)
[pd-step]     step 220  dof=1875  pd|Δx|_max=0.0299033  pd|Δx|_mean=0.00538794
[avbd-drive] step 221 wrote AVBD output to Particle.pos
[avbd-friction] step 221 applied 383 vert/primitive friction events
[avbd-contact] step 221 projected 115 vert/primitive penetrations
[avbd-selfcoll] step 221 resolved 18  detect=10731 us  resolve=20 us  path=gpu
220..[avbd-step] step 221  dof=1875  iters=16  rc=0  wall=31182 us  |Δx|_max=0.0304383  |Δx|_mean=0.00539174  pred_max=0.0302245  drift_max=0.00110132  drift@v246.y  conv_max=0.000700235  conv_mean=3.57776e-05  nan=0
[outlier] v246  inc_tri=6  worst|M|=5.33333  pos=(0.559648,-0.32154,-0.899518)
[pd-step]     step 221  dof=1875  pd|Δx|_max=0.0302245  pd|Δx|_mean=0.00541587
[avbd-drive] step 222 wrote AVBD output to Particle.pos
[avbd-friction] step 222 applied 381 vert/primitive friction events
[avbd-contact] step 222 projected 115 vert/primitive penetrations
[avbd-selfcoll] step 222 resolved 17  detect=10604 us  resolve=20 us  path=gpu
[avbd-step] step 222  dof=1875  iters=16  rc=0  wall=28554 us  |Δx|_max=0.0307758  |Δx|_mean=0.00541956  pred_max=0.0304582  drift_max=0.00113788  drift@v246.y  conv_max=0.000708103  conv_mean=3.58933e-05  nan=0
[outlier] v246  inc_tri=6  worst|M|=5.33333  pos=(0.550245,-0.325734,-0.903014)
[pd-step]     step 222  dof=1875  pd|Δx|_max=0.0304581  pd|Δx|_mean=0.00544378
[avbd-drive] step 223 wrote AVBD output to Particle.pos
[avbd-friction] step 223 applied 379 vert/primitive friction events
[avbd-contact] step 223 projected 115 vert/primitive penetrations
[avbd-selfcoll] step 223 resolved 17  detect=10485 us  resolve=20 us  path=gpu
[avbd-step] step 223  dof=1875  iters=16  rc=0  wall=30139 us  |Δx|_max=0.0314937  |Δx|_mean=0.00544757  pred_max=0.0310783  drift_max=0.00116169  drift@v246.y  conv_max=0.000714779  conv_mean=3.59994e-05  nan=0
[outlier] v246  inc_tri=6  worst|M|=5.33333  pos=(0.540714,-0.330043,-0.906513)
[pd-step]     step 223  dof=1875  pd|Δx|_max=0.0310783  pd|Δx|_mean=0.00547161
[avbd-drive] step 224 wrote AVBD output to Particle.pos
[avbd-friction] step 224 applied 377 vert/primitive friction events
[avbd-contact] step 224 projected 115 vert/primitive penetrations
[avbd-selfcoll] step 224 resolved 18  detect=10668 us  resolve=20 us  path=gpu
[avbd-step] step 224  dof=1875  iters=16  rc=0  wall=33678 us  |Δx|_max=0.0322115  |Δx|_mean=0.00547599  pred_max=0.0317962  drift_max=0.00117737  drift@v246.y  conv_max=0.000721693  conv_mean=3.60836e-05  nan=0
[outlier] v246  inc_tri=6  worst|M|=5.33333  pos=(0.531069,-0.33446,-0.910019)
[pd-step]     step 224  dof=1875  pd|Δx|_max=0.0317961  pd|Δx|_mean=0.00550014
[avbd-drive] step 225 wrote AVBD output to Particle.pos
[avbd-friction] step 225 applied 376 vert/primitive friction events
[avbd-contact] step 225 projected 116 vert/primitive penetrations
[avbd-selfcoll] step 225 resolved 14  detect=11647 us  resolve=21 us  path=gpu
[avbd-step] step 225  dof=1875  iters=16  rc=0  wall=28645 us  |Δx|_max=0.0327907  |Δx|_mean=0.00550394  pred_max=0.0325141  drift_max=0.00118884  drift@v246.y  conv_max=0.000727177  conv_mean=3.60798e-05  nan=0
[outlier] v246  inc_tri=6  worst|M|=5.33333  pos=(0.521325,-0.338979,-0.913534)
[pd-step]     step 225  dof=1875  pd|Δx|_max=0.032514  pd|Δx|_mean=0.00552872
[avbd-drive] step 226 wrote AVBD output to Particle.pos
[avbd-friction] step 226 applied 378 vert/primitive friction events
[avbd-contact] step 226 projected 117 vert/primitive penetrations
[avbd-selfcoll] step 226 resolved 18  detect=10763 us  resolve=23 us  path=gpu
[avbd-step] step 226  dof=1875  iters=16  rc=0  wall=32367 us  |Δx|_max=0.0330324  |Δx|_mean=0.00553071  pred_max=0.0330932  drift_max=0.00141716  drift@v350.x  conv_max=0.000733376  conv_mean=3.61354e-05  nan=0
[outlier] v350  inc_tri=3  worst|M|=5.33333  pos=(-1.81946,-3.09461,0.346754)
[pd-step]     step 226  dof=1875  pd|Δx|_max=0.0330931  pd|Δx|_mean=0.00555694
[avbd-drive] step 227 wrote AVBD output to Particle.pos
[avbd-friction] step 227 applied 377 vert/primitive friction events
[avbd-contact] step 227 projected 117 vert/primitive penetrations
[avbd-selfcoll] step 227 resolved 17  detect=10421 us  resolve=21 us  path=gpu
[avbd-step] step 227  dof=1875  iters=16  rc=0  wall=32053 us  |Δx|_max=0.0326841  |Δx|_mean=0.00555933  pred_max=0.033335  drift_max=0.0016638  drift@v350.x  conv_max=0.000738144  conv_mean=3.62439e-05  nan=0
[outlier] v350  inc_tri=3  worst|M|=5.33333  pos=(-1.82799,-3.10914,0.347149)
[pd-step]     step 227  dof=1875  pd|Δx|_max=0.0333349  pd|Δx|_mean=0.00558459
[avbd-drive] step 228 wrote AVBD output to Particle.pos
[avbd-friction] step 228 applied 377 vert/primitive friction events
[avbd-contact] step 228 projected 115 vert/primitive penetrations
[avbd-selfcoll] step 228 resolved 15  detect=10918 us  resolve=18 us  path=gpu
[avbd-step] step 228  dof=1875  iters=16  rc=0  wall=29565 us  |Δx|_max=0.0324899  |Δx|_mean=0.00558804  pred_max=0.0329866  drift_max=0.00249887  drift@v300.x  conv_max=0.000742912  conv_mean=3.6387e-05  nan=0
[outlier] v300  inc_tri=3  worst|M|=5.33333  pos=(-1.78989,-3.2036,0.208747)
[pd-step]     step 228  dof=1875  pd|Δx|_max=0.0329866  pd|Δx|_mean=0.00561366
[avbd-drive] step 229 wrote AVBD output to Particle.pos
[avbd-friction] step 229 applied 376 vert/primitive friction events
[avbd-contact] step 229 projected 113 vert/primitive penetrations
[avbd-selfcoll] step 229 resolved 18  detect=10402 us  resolve=19 us  path=gpu
[avbd-step] step 229  dof=1875  iters=16  rc=0  wall=29391 us  |Δx|_max=0.0318466  |Δx|_mean=0.00561958  pred_max=0.0324899  drift_max=0.00382876  drift@v300.x  conv_max=0.000747204  conv_mean=3.65859e-05  nan=0
[outlier] v300  inc_tri=3  worst|M|=5.33333  pos=(-1.78529,-3.21272,0.212129)
[pd-step]     step 229  dof=1875  pd|Δx|_max=0.0324899  pd|Δx|_mean=0.00564314
[avbd-drive] step 230 wrote AVBD output to Particle.pos
[avbd-friction] step 230 applied 376 vert/primitive friction events
[avbd-contact] step 230 projected 111 vert/primitive penetrations
[avbd-selfcoll] step 230 resolved 20  detect=10499 us  resolve=20 us  path=gpu
[avbd-step] step 230  dof=1875  iters=16  rc=0  wall=28093 us  |Δx|_max=0.0307954  |Δx|_mean=0.00564831  pred_max=0.0318466  drift_max=0.00412858  drift@v300.x  conv_max=0.000751019  conv_mean=3.67379e-05  nan=0
[outlier] v300  inc_tri=3  worst|M|=5.33333  pos=(-1.78209,-3.22102,0.216944)
[pd-step]     step 230  dof=1875  pd|Δx|_max=0.0318466  pd|Δx|_mean=0.00567194
[avbd-drive] step 231 wrote AVBD output to Particle.pos
[avbd-friction] step 231 applied 374 vert/primitive friction events
[avbd-contact] step 231 projected 111 vert/primitive penetrations
[avbd-selfcoll] step 231 resolved 14  detect=10423 us  resolve=21 us  path=gpu
[avbd-step] step 231  dof=1875  iters=16  rc=0  wall=28330 us  |Δx|_max=0.0297487  |Δx|_mean=0.00567964  pred_max=0.0307954  drift_max=0.00351155  drift@v300.x  conv_max=0.00075388  conv_mean=3.6944e-05  nan=0
[outlier] v300  inc_tri=3  worst|M|=5.33333  pos=(-1.7813,-3.22923,0.222547)
[pd-step]     step 231  dof=1875  pd|Δx|_max=0.0307954  pd|Δx|_mean=0.00570393
[avbd-drive] step 232 wrote AVBD output to Particle.pos
[avbd-friction] step 232 applied 373 vert/primitive friction events
[avbd-contact] step 232 projected 113 vert/primitive penetrations
[avbd-selfcoll] step 232 resolved 16  detect=12328 us  resolve=33 us  path=gpu
[avbd-step] step 232  dof=1875  iters=16  rc=0  wall=29515 us  |Δx|_max=0.0289181  |Δx|_mean=0.005712  pred_max=0.0297487  drift_max=0.00287509  drift@v350.y  conv_max=0.000756264  conv_mean=3.71256e-05  nan=0
[outlier] v350  inc_tri=3  worst|M|=5.33333  pos=(-1.88033,-3.18812,0.354661)
[pd-step]     step 232  dof=1875  pd|Δx|_max=0.0297487  pd|Δx|_mean=0.0057358
[avbd-drive] step 233 wrote AVBD output to Particle.pos
[avbd-friction] step 233 applied 374 vert/primitive friction events
[avbd-contact] step 233 projected 115 vert/primitive penetrations
[avbd-selfcoll] step 233 resolved 17  detect=10853 us  resolve=22 us  path=gpu
[avbd-step] step 233  dof=1875  iters=16  rc=0  wall=27844 us  |Δx|_max=0.0281647  |Δx|_mean=0.00574314  pred_max=0.0289181  drift_max=0.00223339  drift@v325.x  conv_max=0.000758171  conv_mean=3.72407e-05  nan=0
[outlier] v325  inc_tri=3  worst|M|=5.33333  pos=(-1.98985,-3.19471,0.196469)
[pd-step]     step 233  dof=1875  pd|Δx|_max=0.0289181  pd|Δx|_mean=0.00576813
[avbd-drive] step 234 wrote AVBD output to Particle.pos
[avbd-friction] step 234 applied 374 vert/primitive friction events
[avbd-contact] step 234 projected 117 vert/primitive penetrations
[avbd-selfcoll] step 234 resolved 17  detect=10739 us  resolve=29 us  path=gpu
[avbd-step] step 234  dof=1875  iters=16  rc=0  wall=29687 us  |Δx|_max=0.0273289  |Δx|_mean=0.00577304  pred_max=0.0281647  drift_max=0.00202  drift@v325.x  conv_max=0.000759125  conv_mean=3.72143e-05  nan=0
[outlier] v325  inc_tri=3  worst|M|=5.33333  pos=(-1.99023,-3.20686,0.191083)
[pd-step]     step 234  dof=1875  pd|Δx|_max=0.0281647  pd|Δx|_mean=0.00579987
[avbd-drive] step 235 wrote AVBD output to Particle.pos
[avbd-friction] step 235 applied 373 vert/primitive friction events
[avbd-contact] step 235 projected 118 vert/primitive penetrations
[avbd-selfcoll] step 235 resolved 12  detect=10481 us  resolve=21 us  path=gpu
[avbd-step] step 235  dof=1875  iters=16  rc=0  wall=31708 us  |Δx|_max=0.0263637  |Δx|_mean=0.00580193  pred_max=0.027329  drift_max=0.001652  drift@v17.y  conv_max=0.000760078  conv_mean=3.72588e-05  nan=0
[outlier] v17  inc_tri=3  worst|M|=5.33333  pos=(0.464619,-1.93378,-1.96668)
[pd-step]     step 235  dof=1875  pd|Δx|_max=0.0273289  pd|Δx|_mean=0.00583015
[avbd-drive] step 236 wrote AVBD output to Particle.pos
[avbd-friction] step 236 applied 372 vert/primitive friction events
[avbd-contact] step 236 projected 119 vert/primitive penetrations
[avbd-selfcoll] step 236 resolved 14  detect=10922 us  resolve=51 us  path=gpu
[avbd-step] step 236  dof=1875  iters=16  rc=0  wall=29633 us  |Δx|_max=0.0256299  |Δx|_mean=0.00583021  pred_max=0.0263638  drift_max=0.00168559  drift@v325.z  conv_max=0.000760078  conv_mean=3.72769e-05  nan=0
[outlier] v325  inc_tri=3  worst|M|=5.33333  pos=(-1.98832,-3.23105,0.181727)
[pd-step]     step 236  dof=1875  pd|Δx|_max=0.0263637  pd|Δx|_mean=0.00585949
[avbd-drive] step 237 wrote AVBD output to Particle.pos
[avbd-friction] step 237 applied 372 vert/primitive friction events
[avbd-contact] step 237 projected 119 vert/primitive penetrations
[avbd-selfcoll] step 237 resolved 17  detect=10729 us  resolve=22 us  path=gpu
[avbd-step] step 237  dof=1875  iters=16  rc=0  wall=28436 us  |Δx|_max=0.0255224  |Δx|_mean=0.00585823  pred_max=0.0256299  drift_max=0.00184275  drift@v325.z  conv_max=0.000760078  conv_mean=3.72749e-05  nan=0
[outlier] v325  inc_tri=3  worst|M|=5.33333  pos=(-1.98641,-3.24381,0.178519)
[pd-step]     step 237  dof=1875  pd|Δx|_max=0.0256299  pd|Δx|_mean=0.00588784
[avbd-drive] step 238 wrote AVBD output to Particle.pos
[avbd-friction] step 238 applied 372 vert/primitive friction events
[avbd-contact] step 238 projected 119 vert/primitive penetrations
[avbd-selfcoll] step 238 resolved 16  detect=10622 us  resolve=20 us  path=gpu
[avbd-step] step 238  dof=1875  iters=16  rc=0  wall=27545 us  |Δx|_max=0.0252631  |Δx|_mean=0.00588497  pred_max=0.0255224  drift_max=0.00173962  drift@v350.x  conv_max=0.000759602  conv_mean=3.72989e-05  nan=0
[outlier] v350  inc_tri=3  worst|M|=5.33333  pos=(-1.9268,-3.24864,0.366066)
[pd-step]     step 238  dof=1875  pd|Δx|_max=0.0255224  pd|Δx|_mean=0.00591577
[avbd-drive] step 239 wrote AVBD output to Particle.pos
[avbd-friction] step 239 applied 371 vert/primitive friction events
[avbd-contact] step 239 projected 117 vert/primitive penetrations
[avbd-selfcoll] step 239 resolved 16  detect=10696 us  resolve=20 us  path=gpu
[avbd-step] step 239  dof=1875  iters=16  rc=0  wall=28416 us  |Δx|_max=0.0249498  |Δx|_mean=0.00591236  pred_max=0.0252631  drift_max=0.00188303  drift@v350.x  conv_max=0.000759125  conv_mean=3.73389e-05  nan=0
[outlier] v350  inc_tri=3  worst|M|=5.33333  pos=(-1.93173,-3.25927,0.367878)
[pd-step]     step 239  dof=1875  pd|Δx|_max=0.0252631  pd|Δx|_mean=0.00594303
[avbd-drive] step 240 wrote AVBD output to Particle.pos
[avbd-friction] step 240 applied 367 vert/primitive friction events
[avbd-contact] step 240 projected 118 vert/primitive penetrations
[avbd-selfcoll] step 240 resolved 15  detect=10879 us  resolve=59 us  path=gpu
[avbd-step] step 240  dof=1875  iters=16  rc=0  wall=31293 us  |Δx|_max=0.0246826  |Δx|_mean=0.00594223  pred_max=0.0249498  drift_max=0.00187981  drift@v350.x  conv_max=0.000759125  conv_mean=3.73848e-05  nan=0
[outlier] v350  inc_tri=3  worst|M|=5.33333  pos=(-1.93542,-3.27074,0.369369)
[pd-step]     step 240  dof=1875  pd|Δx|_max=0.0249498  pd|Δx|_mean=0.00597076
[avbd-drive] step 241 wrote AVBD output to Particle.pos
[avbd-friction] step 241 applied 368 vert/primitive friction events
[avbd-contact] step 241 projected 117 vert/primitive penetrations
[avbd-selfcoll] step 241 resolved 18  detect=10575 us  resolve=21 us  path=gpu
240..[avbd-step] step 241  dof=1875  iters=16  rc=0  wall=29260 us  |Δx|_max=0.024552  |Δx|_mean=0.00597313  pred_max=0.0246826  drift_max=0.00177109  drift@v350.x  conv_max=0.000758648  conv_mean=3.74195e-05  nan=0
[outlier] v350  inc_tri=3  worst|M|=5.33333  pos=(-1.9379,-3.28319,0.370482)
[pd-step]     step 241  dof=1875  pd|Δx|_max=0.0246826  pd|Δx|_mean=0.0060005
[avbd-drive] step 242 wrote AVBD output to Particle.pos
[avbd-friction] step 242 applied 367 vert/primitive friction events
[avbd-contact] step 242 projected 117 vert/primitive penetrations
[avbd-selfcoll] step 242 resolved 14  detect=10568 us  resolve=20 us  path=gpu
[avbd-step] step 242  dof=1875  iters=16  rc=0  wall=27839 us  |Δx|_max=0.0257913  |Δx|_mean=0.00600416  pred_max=0.024552  drift_max=0.00161827  drift@v350.x  conv_max=0.000758648  conv_mean=3.73884e-05  nan=0
[outlier] v350  inc_tri=3  worst|M|=5.33333  pos=(-1.9393,-3.29666,0.371175)
[pd-step]     step 242  dof=1875  pd|Δx|_max=0.024552  pd|Δx|_mean=0.00603125
[avbd-drive] step 243 wrote AVBD output to Particle.pos
[avbd-friction] step 243 applied 368 vert/primitive friction events
[avbd-contact] step 243 projected 117 vert/primitive penetrations
[avbd-selfcoll] step 243 resolved 15  detect=10438 us  resolve=21 us  path=gpu
[avbd-step] step 243  dof=1875  iters=16  rc=0  wall=32787 us  |Δx|_max=0.0272629  |Δx|_mean=0.00603621  pred_max=0.0257913  drift_max=0.00147164  drift@v350.x  conv_max=0.000759125  conv_mean=3.73748e-05  nan=0
[outlier] v350  inc_tri=3  worst|M|=5.33333  pos=(-1.93982,-3.31108,0.371426)
[pd-step]     step 243  dof=1875  pd|Δx|_max=0.0257913  pd|Δx|_mean=0.0060626
[avbd-drive] step 244 wrote AVBD output to Particle.pos
[avbd-friction] step 244 applied 369 vert/primitive friction events
[avbd-contact] step 244 projected 118 vert/primitive penetrations
[avbd-selfcoll] step 244 resolved 15  detect=11678 us  resolve=23 us  path=gpu
[avbd-step] step 244  dof=1875  iters=16  rc=0  wall=35243 us  |Δx|_max=0.0286195  |Δx|_mean=0.00606858  pred_max=0.0272629  drift_max=0.0013566  drift@v350.x  conv_max=0.000759602  conv_mean=3.73574e-05  nan=0
[outlier] v350  inc_tri=3  worst|M|=5.33333  pos=(-1.93966,-3.32628,0.371244)
[pd-step]     step 244  dof=1875  pd|Δx|_max=0.0272629  pd|Δx|_mean=0.00609479
[avbd-drive] step 245 wrote AVBD output to Particle.pos
[avbd-friction] step 245 applied 367 vert/primitive friction events
[avbd-contact] step 245 projected 118 vert/primitive penetrations
[avbd-selfcoll] step 245 resolved 16  detect=11529 us  resolve=23 us  path=gpu
[avbd-step] step 245  dof=1875  iters=16  rc=0  wall=28270 us  |Δx|_max=0.0298959  |Δx|_mean=0.00610181  pred_max=0.0286195  drift_max=0.00127637  drift@v350.x  conv_max=0.000760555  conv_mean=3.73953e-05  nan=0
[outlier] v350  inc_tri=3  worst|M|=5.33333  pos=(-1.939,-3.34203,0.370683)
[pd-step]     step 245  dof=1875  pd|Δx|_max=0.0286195  pd|Δx|_mean=0.00612738
[avbd-drive] step 246 wrote AVBD output to Particle.pos
[avbd-friction] step 246 applied 365 vert/primitive friction events
[avbd-contact] step 246 projected 118 vert/primitive penetrations
[avbd-selfcoll] step 246 resolved 16  detect=11334 us  resolve=23 us  path=gpu
[avbd-step] step 246  dof=1875  iters=16  rc=0  wall=28362 us  |Δx|_max=0.0311164  |Δx|_mean=0.00613587  pred_max=0.0298959  drift_max=0.00122046  drift@v350.x  conv_max=0.000761509  conv_mean=3.74182e-05  nan=0
[outlier] v350  inc_tri=3  worst|M|=5.33333  pos=(-1.93798,-3.3581,0.369846)
[pd-step]     step 246  dof=1875  pd|Δx|_max=0.0298959  pd|Δx|_mean=0.00616098
[avbd-drive] step 247 wrote AVBD output to Particle.pos
[avbd-friction] step 247 applied 363 vert/primitive friction events
[avbd-contact] step 247 projected 116 vert/primitive penetrations
[avbd-selfcoll] step 247 resolved 17  detect=10408 us  resolve=22 us  path=gpu
[avbd-step] step 247  dof=1875  iters=16  rc=0  wall=36333 us  |Δx|_max=0.0323844  |Δx|_mean=0.00617001  pred_max=0.0311164  drift_max=0.00126803  drift@v350.x  conv_max=0.000761986  conv_mean=3.74605e-05  nan=0
[outlier] v350  inc_tri=3  worst|M|=5.33333  pos=(-1.93669,-3.3743,0.368873)
[pd-step]     step 247  dof=1875  pd|Δx|_max=0.0311164  pd|Δx|_mean=0.00619484
[avbd-drive] step 248 wrote AVBD output to Particle.pos
[avbd-friction] step 248 applied 364 vert/primitive friction events
[avbd-contact] step 248 projected 115 vert/primitive penetrations
[avbd-selfcoll] step 248 resolved 14  detect=10586 us  resolve=22 us  path=gpu
[avbd-step] step 248  dof=1875  iters=16  rc=0  wall=27372 us  |Δx|_max=0.0335363  |Δx|_mean=0.0062042  pred_max=0.0323844  drift_max=0.00157103  drift@v300.z  conv_max=0.000762463  conv_mean=3.75542e-05  nan=0
[outlier] v300  inc_tri=3  worst|M|=5.33333  pos=(-1.79012,-3.39359,0.283081)
[pd-step]     step 248  dof=1875  pd|Δx|_max=0.0323844  pd|Δx|_mean=0.00622884
[avbd-drive] step 249 wrote AVBD output to Particle.pos
[avbd-friction] step 249 applied 363 vert/primitive friction events
[avbd-contact] step 249 projected 114 vert/primitive penetrations
[avbd-selfcoll] step 249 resolved 17  detect=10738 us  resolve=18 us  path=gpu
[avbd-step] step 249  dof=1875  iters=16  rc=0  wall=32035 us  |Δx|_max=0.0345417  |Δx|_mean=0.00623819  pred_max=0.0335363  drift_max=0.00160226  drift@v300.z  conv_max=0.000762463  conv_mean=3.76107e-05  nan=0
[outlier] v300  inc_tri=3  worst|M|=5.33333  pos=(-1.78868,-3.40677,0.282304)
[pd-step]     step 249  dof=1875  pd|Δx|_max=0.0335363  pd|Δx|_mean=0.00626343
[avbd-drive] step 250 wrote AVBD output to Particle.pos
[avbd-friction] step 250 applied 359 vert/primitive friction events
[avbd-contact] step 250 projected 114 vert/primitive penetrations
[avbd-selfcoll] step 250 resolved 16  detect=10405 us  resolve=17 us  path=gpu
[avbd-step] step 250  dof=1875  iters=16  rc=0  wall=28012 us  |Δx|_max=0.0354853  |Δx|_mean=0.00627171  pred_max=0.0345417  drift_max=0.00149411  drift@v300.z  conv_max=0.000762939  conv_mean=3.76662e-05  nan=0
[outlier] v300  inc_tri=3  worst|M|=5.33333  pos=(-1.78716,-3.42009,0.281896)
[pd-step]     step 250  dof=1875  pd|Δx|_max=0.0345417  pd|Δx|_mean=0.00629804
[avbd-drive] step 251 wrote AVBD output to Particle.pos
[avbd-friction] step 251 applied 359 vert/primitive friction events
[avbd-contact] step 251 projected 113 vert/primitive penetrations
[avbd-selfcoll] step 251 resolved 17  detect=10584 us  resolve=22 us  path=gpu
[avbd-step] step 251  dof=1875  iters=16  rc=0  wall=27846 us  |Δx|_max=0.0364337  |Δx|_mean=0.00630534  pred_max=0.0354853  drift_max=0.00128376  drift@v300.z  conv_max=0.000762463  conv_mean=3.77042e-05  nan=0
[outlier] v300  inc_tri=3  worst|M|=5.33333  pos=(-1.78552,-3.43341,0.281949)
[pd-step]     step 251  dof=1875  pd|Δx|_max=0.0354853  pd|Δx|_mean=0.00633239
[avbd-drive] step 252 wrote AVBD output to Particle.pos
[avbd-friction] step 252 applied 359 vert/primitive friction events
[avbd-contact] step 252 projected 112 vert/primitive penetrations
[avbd-selfcoll] step 252 resolved 18  detect=10756 us  resolve=19 us  path=gpu
[avbd-step] step 252  dof=1875  iters=16  rc=0  wall=32387 us  |Δx|_max=0.037416  |Δx|_mean=0.00633819  pred_max=0.0364337  drift_max=0.00119758  drift@v350.y  conv_max=0.000761509  conv_mean=3.77295e-05  nan=0
[outlier] v350  inc_tri=3  worst|M|=5.33333  pos=(-1.92749,-3.45724,0.367886)
[pd-step]     step 252  dof=1875  pd|Δx|_max=0.0364337  pd|Δx|_mean=0.00636624
[avbd-drive] step 253 wrote AVBD output to Particle.pos
[avbd-friction] step 253 applied 360 vert/primitive friction events
[avbd-contact] step 253 projected 112 vert/primitive penetrations
[avbd-selfcoll] step 253 resolved 17  detect=10567 us  resolve=21 us  path=gpu
[avbd-step] step 253  dof=1875  iters=16  rc=0  wall=30863 us  |Δx|_max=0.038375  |Δx|_mean=0.00636918  pred_max=0.037416  drift_max=0.00123835  drift@v350.y  conv_max=0.000760078  conv_mean=3.77123e-05  nan=0
[outlier] v350  inc_tri=3  worst|M|=5.33333  pos=(-1.92573,-3.47397,0.3681)
[pd-step]     step 253  dof=1875  pd|Δx|_max=0.037416  pd|Δx|_mean=0.00639795
[avbd-drive] step 254 wrote AVBD output to Particle.pos
[avbd-friction] step 254 applied 359 vert/primitive friction events
[avbd-contact] step 254 projected 111 vert/primitive penetrations
[avbd-selfcoll] step 254 resolved 20  detect=10662 us  resolve=20 us  path=gpu
[avbd-step] step 254  dof=1875  iters=16  rc=0  wall=30624 us  |Δx|_max=0.0392293  |Δx|_mean=0.00640163  pred_max=0.038375  drift_max=0.00125384  drift@v350.y  conv_max=0.000757694  conv_mean=3.77014e-05  nan=0
[outlier] v350  inc_tri=3  worst|M|=5.33333  pos=(-1.92384,-3.49069,0.368645)
[pd-step]     step 254  dof=1875  pd|Δx|_max=0.038375  pd|Δx|_mean=0.00642986
[avbd-drive] step 255 wrote AVBD output to Particle.pos
[avbd-friction] step 255 applied 360 vert/primitive friction events
[avbd-contact] step 255 projected 111 vert/primitive penetrations
[avbd-selfcoll] step 255 resolved 16  detect=10684 us  resolve=20 us  path=gpu
[avbd-step] step 255  dof=1875  iters=16  rc=0  wall=31950 us  |Δx|_max=0.0399017  |Δx|_mean=0.0064336  pred_max=0.0392293  drift_max=0.00122356  drift@v350.y  conv_max=0.000754833  conv_mean=3.77143e-05  nan=0
[outlier] v350  inc_tri=3  worst|M|=5.33333  pos=(-1.92172,-3.5073,0.369652)
[pd-step]     step 255  dof=1875  pd|Δx|_max=0.0392293  pd|Δx|_mean=0.0064622
[avbd-drive] step 256 wrote AVBD output to Particle.pos
[avbd-friction] step 256 applied 358 vert/primitive friction events
[avbd-contact] step 256 projected 111 vert/primitive penetrations
[avbd-selfcoll] step 256 resolved 21  detect=10541 us  resolve=22 us  path=gpu
[avbd-step] step 256  dof=1875  iters=16  rc=0  wall=27432 us  |Δx|_max=0.0403408  |Δx|_mean=0.00646622  pred_max=0.0399017  drift_max=0.00143111  drift@v90.z  conv_max=0.000750542  conv_mean=3.77593e-05  nan=0
[outlier] v90  inc_tri=6  worst|M|=5.33333  pos=(-0.190918,-1.85087,-1.81207)
[pd-step]     step 256  dof=1875  pd|Δx|_max=0.0399017  pd|Δx|_mean=0.00649537
[avbd-drive] step 257 wrote AVBD output to Particle.pos
[avbd-friction] step 257 applied 353 vert/primitive friction events
[avbd-contact] step 257 projected 111 vert/primitive penetrations
[avbd-selfcoll] step 257 resolved 20  detect=11883 us  resolve=19 us  path=gpu
[avbd-step] step 257  dof=1875  iters=16  rc=0  wall=29044 us  |Δx|_max=0.0405265  |Δx|_mean=0.00649977  pred_max=0.0403408  drift_max=0.00138581  drift@v90.z  conv_max=0.000745773  conv_mean=3.77942e-05  nan=0
[outlier] v90  inc_tri=6  worst|M|=5.33333  pos=(-0.194654,-1.8607,-1.81472)
[pd-step]     step 257  dof=1875  pd|Δx|_max=0.0403408  pd|Δx|_mean=0.00652831
[avbd-drive] step 258 wrote AVBD output to Particle.pos
[avbd-friction] step 258 applied 349 vert/primitive friction events
[avbd-contact] step 258 projected 112 vert/primitive penetrations
[avbd-selfcoll] step 258 resolved 18  detect=10862 us  resolve=23 us  path=gpu
[avbd-step] step 258  dof=1875  iters=16  rc=0  wall=31206 us  |Δx|_max=0.0404629  |Δx|_mean=0.00653378  pred_max=0.0405265  drift_max=0.00111413  drift@v90.z  conv_max=0.000739574  conv_mean=3.78134e-05  nan=0
[outlier] v90  inc_tri=6  worst|M|=5.33333  pos=(-0.198108,-1.8716,-1.81599)
[pd-step]     step 258  dof=1875  pd|Δx|_max=0.0405265  pd|Δx|_mean=0.0065624
[avbd-drive] step 259 wrote AVBD output to Particle.pos
[avbd-friction] step 259 applied 348 vert/primitive friction events
[avbd-contact] step 259 projected 111 vert/primitive penetrations
[avbd-selfcoll] step 259 resolved 19  detect=14734 us  resolve=18 us  path=gpu
[avbd-step] step 259  dof=1875  iters=16  rc=0  wall=29295 us  |Δx|_max=0.0401819  |Δx|_mean=0.00656772  pred_max=0.0404629  drift_max=0.000921249  drift@v10.y  conv_max=0.000752211  conv_mean=3.78685e-05  nan=0
[outlier] v10  inc_tri=3  worst|M|=5.33333  pos=(-0.318457,-2.9489,-1.91126)
[pd-step]     step 259  dof=1875  pd|Δx|_max=0.0404629  pd|Δx|_mean=0.00659637
[avbd-drive] step 260 wrote AVBD output to Particle.pos
[avbd-friction] step 260 applied 346 vert/primitive friction events
[avbd-contact] step 260 projected 108 vert/primitive penetrations
[avbd-selfcoll] step 260 resolved 19  detect=13481 us  resolve=21 us  path=gpu
[avbd-step] step 260  dof=1875  iters=16  rc=0  wall=28717 us  |Δx|_max=0.0397792  |Δx|_mean=0.0066019  pred_max=0.0401819  drift_max=0.00121355  drift@v325.x  conv_max=0.000773191  conv_mean=3.79583e-05  nan=0
[outlier] v325  inc_tri=3  worst|M|=5.33333  pos=(-1.92227,-3.59695,0.177394)
[pd-step]     step 260  dof=1875  pd|Δx|_max=0.0401819  pd|Δx|_mean=0.00663099
[avbd-drive] step 261 wrote AVBD output to Particle.pos
[avbd-friction] step 261 applied 345 vert/primitive friction events
[avbd-contact] step 261 projected 106 vert/primitive penetrations
[avbd-selfcoll] step 261 resolved 18  detect=12837 us  resolve=21 us  path=gpu
260..[avbd-step] step 261  dof=1875  iters=16  rc=0  wall=30286 us  |Δx|_max=0.0392743  |Δx|_mean=0.00663638  pred_max=0.0397792  drift_max=0.00152957  drift@v325.x  conv_max=0.000793695  conv_mean=3.80706e-05  nan=0
[outlier] v325  inc_tri=3  worst|M|=5.33333  pos=(-1.92006,-3.61301,0.179565)
[pd-step]     step 261  dof=1875  pd|Δx|_max=0.0397792  pd|Δx|_mean=0.00666531
[avbd-drive] step 262 wrote AVBD output to Particle.pos
[avbd-friction] step 262 applied 344 vert/primitive friction events
[avbd-contact] step 262 projected 108 vert/primitive penetrations
[avbd-selfcoll] step 262 resolved 19  detect=10606 us  resolve=22 us  path=gpu
[avbd-step] step 262  dof=1875  iters=16  rc=0  wall=28118 us  |Δx|_max=0.0386366  |Δx|_mean=0.00667089  pred_max=0.0392743  drift_max=0.00179648  drift@v350.y  conv_max=0.000813544  conv_mean=3.81849e-05  nan=0
[outlier] v350  inc_tri=3  worst|M|=5.33333  pos=(-1.89904,-3.60897,0.386521)
[pd-step]     step 262  dof=1875  pd|Δx|_max=0.0392743  pd|Δx|_mean=0.00669978
[avbd-drive] step 263 wrote AVBD output to Particle.pos
[avbd-friction] step 263 applied 343 vert/primitive friction events
[avbd-contact] step 263 projected 107 vert/primitive penetrations
[avbd-selfcoll] step 263 resolved 18  detect=10604 us  resolve=20 us  path=gpu
[avbd-step] step 263  dof=1875  iters=16  rc=0  wall=29774 us  |Δx|_max=0.0378644  |Δx|_mean=0.00670583  pred_max=0.0386366  drift_max=0.0019989  drift@v350.y  conv_max=0.000832975  conv_mean=3.83204e-05  nan=0
[outlier] v350  inc_tri=3  worst|M|=5.33333  pos=(-1.89438,-3.62205,0.389099)
[pd-step]     step 263  dof=1875  pd|Δx|_max=0.0386366  pd|Δx|_mean=0.00673445
[avbd-drive] step 264 wrote AVBD output to Particle.pos
[avbd-friction] step 264 applied 343 vert/primitive friction events
[avbd-contact] step 264 projected 108 vert/primitive penetrations
[avbd-selfcoll] step 264 resolved 20  detect=14234 us  resolve=22 us  path=gpu
[avbd-step] step 264  dof=1875  iters=16  rc=0  wall=32124 us  |Δx|_max=0.0375398  |Δx|_mean=0.00674134  pred_max=0.0378644  drift_max=0.00204039  drift@v350.y  conv_max=0.000851274  conv_mean=3.84631e-05  nan=0
[outlier] v350  inc_tri=3  worst|M|=5.33333  pos=(-1.88947,-3.63562,0.391707)
[pd-step]     step 264  dof=1875  pd|Δx|_max=0.0378644  pd|Δx|_mean=0.00676993
[avbd-drive] step 265 wrote AVBD output to Particle.pos
[avbd-friction] step 265 applied 341 vert/primitive friction events
[avbd-contact] step 265 projected 109 vert/primitive penetrations
[avbd-selfcoll] step 265 resolved 22  detect=10558 us  resolve=19 us  path=gpu
[avbd-step] step 265  dof=1875  iters=16  rc=0  wall=28111 us  |Δx|_max=0.0368767  |Δx|_mean=0.00677724  pred_max=0.0375398  drift_max=0.00237703  drift@v300.y  conv_max=0.000868917  conv_mean=3.86305e-05  nan=0
[outlier] v300  inc_tri=3  worst|M|=5.33333  pos=(-1.76008,-3.66553,0.282708)
[pd-step]     step 265  dof=1875  pd|Δx|_max=0.0375398  pd|Δx|_mean=0.00680576
[avbd-drive] step 266 wrote AVBD output to Particle.pos
[avbd-friction] step 266 applied 340 vert/primitive friction events
[avbd-contact] step 266 projected 108 vert/primitive penetrations
[avbd-selfcoll] step 266 resolved 23  detect=10443 us  resolve=18 us  path=gpu
[avbd-step] step 266  dof=1875  iters=16  rc=0  wall=31507 us  |Δx|_max=0.0356504  |Δx|_mean=0.00681288  pred_max=0.0368767  drift_max=0.00271201  drift@v300.y  conv_max=0.000885725  conv_mean=3.87755e-05  nan=0
[outlier] v300  inc_tri=3  worst|M|=5.33333  pos=(-1.75817,-3.68712,0.281749)
[pd-step]     step 266  dof=1875  pd|Δx|_max=0.0368767  pd|Δx|_mean=0.00684178
[avbd-drive] step 267 wrote AVBD output to Particle.pos
[avbd-friction] step 267 applied 338 vert/primitive friction events
[avbd-contact] step 267 projected 107 vert/primitive penetrations
[avbd-selfcoll] step 267 resolved 22  detect=13255 us  resolve=21 us  path=gpu
[avbd-step] step 267  dof=1875  iters=16  rc=0  wall=31089 us  |Δx|_max=0.0342801  |Δx|_mean=0.00684747  pred_max=0.0356504  drift_max=0.00243211  drift@v300.y  conv_max=0.000901341  conv_mean=3.88718e-05  nan=0
[outlier] v300  inc_tri=3  worst|M|=5.33333  pos=(-1.75585,-3.70776,0.280628)
[pd-step]     step 267  dof=1875  pd|Δx|_max=0.0356504  pd|Δx|_mean=0.00687776
[avbd-drive] step 268 wrote AVBD output to Particle.pos
[avbd-friction] step 268 applied 338 vert/primitive friction events
[avbd-contact] step 268 projected 107 vert/primitive penetrations
[avbd-selfcoll] step 268 resolved 19  detect=13482 us  resolve=23 us  path=gpu
[avbd-step] step 268  dof=1875  iters=16  rc=0  wall=30122 us  |Δx|_max=0.0330819  |Δx|_mean=0.0068806  pred_max=0.0342801  drift_max=0.00182223  drift@v300.y  conv_max=0.000915468  conv_mean=3.89306e-05  nan=0
[outlier] v300  inc_tri=3  worst|M|=5.33333  pos=(-1.75306,-3.72723,0.279425)
[pd-step]     step 268  dof=1875  pd|Δx|_max=0.0342801  pd|Δx|_mean=0.00691229
[avbd-drive] step 269 wrote AVBD output to Particle.pos
[avbd-friction] step 269 applied 337 vert/primitive friction events
[avbd-contact] step 269 projected 108 vert/primitive penetrations
[avbd-selfcoll] step 269 resolved 18  detect=11571 us  resolve=22 us  path=gpu
[avbd-step] step 269  dof=1875  iters=16  rc=0  wall=31464 us  |Δx|_max=0.0321584  |Δx|_mean=0.0069118  pred_max=0.0330819  drift_max=0.00117183  drift@v300.y  conv_max=0.00092864  conv_mean=3.89427e-05  nan=0
[outlier] v300  inc_tri=3  worst|M|=5.33333  pos=(-1.74988,-3.74575,0.278165)
[pd-step]     step 269  dof=1875  pd|Δx|_max=0.0330819  pd|Δx|_mean=0.00694537
[avbd-drive] step 270 wrote AVBD output to Particle.pos
[avbd-friction] step 270 applied 336 vert/primitive friction events
[avbd-contact] step 270 projected 107 vert/primitive penetrations
[avbd-selfcoll] step 270 resolved 19  detect=12821 us  resolve=21 us  path=gpu
[avbd-step] step 270  dof=1875  iters=16  rc=0  wall=27915 us  |Δx|_max=0.0315662  |Δx|_mean=0.00694143  pred_max=0.0321584  drift_max=0.000827193  drift@v10.z  conv_max=0.000940204  conv_mean=3.89307e-05  nan=0
[outlier] v10  inc_tri=3  worst|M|=5.33333  pos=(-0.316822,-3.10511,-1.85971)
[pd-step]     step 270  dof=1875  pd|Δx|_max=0.0321584  pd|Δx|_mean=0.00697673
[avbd-drive] step 271 wrote AVBD output to Particle.pos
[avbd-friction] step 271 applied 336 vert/primitive friction events
[avbd-contact] step 271 projected 106 vert/primitive penetrations
[avbd-selfcoll] step 271 resolved 23  detect=10789 us  resolve=20 us  path=gpu
[avbd-step] step 271  dof=1875  iters=16  rc=0  wall=28438 us  |Δx|_max=0.0315943  |Δx|_mean=0.00696906  pred_max=0.0315662  drift_max=0.00093174  drift@v10.z  conv_max=0.000950277  conv_mean=3.89005e-05  nan=0
[outlier] v10  inc_tri=3  worst|M|=5.33333  pos=(-0.316649,-3.11677,-1.85829)
[pd-step]     step 271  dof=1875  pd|Δx|_max=0.0315662  pd|Δx|_mean=0.00700611
[avbd-drive] step 272 wrote AVBD output to Particle.pos
[avbd-friction] step 272 applied 336 vert/primitive friction events
[avbd-contact] step 272 projected 104 vert/primitive penetrations
[avbd-selfcoll] step 272 resolved 20  detect=11100 us  resolve=19 us  path=gpu
[avbd-step] step 272  dof=1875  iters=16  rc=0  wall=32836 us  |Δx|_max=0.0317234  |Δx|_mean=0.00699574  pred_max=0.0315943  drift_max=0.00178981  drift@v425.x  conv_max=0.00095892  conv_mean=3.88606e-05  nan=0
[outlier] v425  inc_tri=3  worst|M|=5.33333  pos=(-1.72027,-3.78291,0.518947)
[pd-step]     step 272  dof=1875  pd|Δx|_max=0.0315943  pd|Δx|_mean=0.00703361
[avbd-drive] step 273 wrote AVBD output to Particle.pos
[avbd-friction] step 273 applied 333 vert/primitive friction events
[avbd-contact] step 273 projected 103 vert/primitive penetrations
[avbd-selfcoll] step 273 resolved 17  detect=10664 us  resolve=23 us  path=gpu
[avbd-step] step 273  dof=1875  iters=16  rc=0  wall=30504 us  |Δx|_max=0.0324945  |Δx|_mean=0.00702618  pred_max=0.0317234  drift_max=0.00207388  drift@v425.x  conv_max=0.000965834  conv_mean=3.88728e-05  nan=0
[outlier] v425  inc_tri=3  worst|M|=5.33333  pos=(-1.71566,-3.79941,0.517714)
[pd-step]     step 273  dof=1875  pd|Δx|_max=0.0317234  pd|Δx|_mean=0.00706075
[avbd-drive] step 274 wrote AVBD output to Particle.pos
[avbd-friction] step 274 applied 330 vert/primitive friction events
[avbd-contact] step 274 projected 103 vert/primitive penetrations
[avbd-selfcoll] step 274 resolved 20  detect=10535 us  resolve=25 us  path=gpu
[avbd-step] step 274  dof=1875  iters=16  rc=0  wall=27889 us  |Δx|_max=0.0329828  |Δx|_mean=0.00705578  pred_max=0.0324945  drift_max=0.00207996  drift@v425.x  conv_max=0.00097096  conv_mean=3.89233e-05  nan=0
[outlier] v425  inc_tri=3  worst|M|=5.33333  pos=(-1.71146,-3.81623,0.517064)
[pd-step]     step 274  dof=1875  pd|Δx|_max=0.0324945  pd|Δx|_mean=0.00709129
[avbd-drive] step 275 wrote AVBD output to Particle.pos
[avbd-friction] step 275 applied 329 vert/primitive friction events
[avbd-contact] step 275 projected 103 vert/primitive penetrations
[avbd-selfcoll] step 275 resolved 19  detect=10635 us  resolve=21 us  path=gpu
[avbd-step] step 275  dof=1875  iters=16  rc=0  wall=29748 us  |Δx|_max=0.0330223  |Δx|_mean=0.00708459  pred_max=0.0329828  drift_max=0.00200236  drift@v425.x  conv_max=0.000974119  conv_mean=3.9008e-05  nan=0
[outlier] v425  inc_tri=3  worst|M|=5.33333  pos=(-1.70764,-3.83332,0.51696)
[pd-step]     step 275  dof=1875  pd|Δx|_max=0.0329828  pd|Δx|_mean=0.00712078
[avbd-drive] step 276 wrote AVBD output to Particle.pos
[avbd-friction] step 276 applied 329 vert/primitive friction events
[avbd-contact] step 276 projected 104 vert/primitive penetrations
[avbd-selfcoll] step 276 resolved 20  detect=11438 us  resolve=19 us  path=gpu
[avbd-step] step 276  dof=1875  iters=16  rc=0  wall=28385 us  |Δx|_max=0.032663  |Δx|_mean=0.00711303  pred_max=0.0330223  drift_max=0.00188267  drift@v425.x  conv_max=0.000975966  conv_mean=3.91226e-05  nan=0
[outlier] v425  inc_tri=3  worst|M|=5.33333  pos=(-1.70424,-3.85059,0.517295)
[pd-step]     step 276  dof=1875  pd|Δx|_max=0.0330223  pd|Δx|_mean=0.00714975
[avbd-drive] step 277 wrote AVBD output to Particle.pos
[avbd-friction] step 277 applied 327 vert/primitive friction events
[avbd-contact] step 277 projected 103 vert/primitive penetrations
[avbd-selfcoll] step 277 resolved 24  detect=11666 us  resolve=21 us  path=gpu
[avbd-step] step 277  dof=1875  iters=16  rc=0  wall=27460 us  |Δx|_max=0.0319676  |Δx|_mean=0.0071427  pred_max=0.032663  drift_max=0.00211811  drift@v375.x  conv_max=0.000975549  conv_mean=3.92318e-05  nan=0
[outlier] v375  inc_tri=3  worst|M|=5.33333  pos=(-1.59983,-3.88072,0.36723)
[pd-step]     step 277  dof=1875  pd|Δx|_max=0.032663  pd|Δx|_mean=0.00717849
[avbd-drive] step 278 wrote AVBD output to Particle.pos
[avbd-friction] step 278 applied 325 vert/primitive friction events
[avbd-contact] step 278 projected 103 vert/primitive penetrations
[avbd-selfcoll] step 278 resolved 24  detect=10748 us  resolve=23 us  path=gpu
[avbd-step] step 278  dof=1875  iters=16  rc=0  wall=28451 us  |Δx|_max=0.032387  |Δx|_mean=0.00717149  pred_max=0.0319676  drift_max=0.00197709  drift@v375.x  conv_max=0.000973225  conv_mean=3.93535e-05  nan=0
[outlier] v375  inc_tri=3  worst|M|=5.33333  pos=(-1.59704,-3.89704,0.363089)
[pd-step]     step 278  dof=1875  pd|Δx|_max=0.0319676  pd|Δx|_mean=0.00720819
[avbd-drive] step 279 wrote AVBD output to Particle.pos
[avbd-friction] step 279 applied 322 vert/primitive friction events
[avbd-contact] step 279 projected 102 vert/primitive penetrations
[avbd-selfcoll] step 279 resolved 23  detect=11998 us  resolve=24 us  path=gpu
[avbd-step] step 279  dof=1875  iters=16  rc=0  wall=28066 us  |Δx|_max=0.0337422  |Δx|_mean=0.00720096  pred_max=0.0326896  drift_max=0.00147808  drift@v375.x  conv_max=0.000968993  conv_mean=3.94621e-05  nan=0
[outlier] v375  inc_tri=3  worst|M|=5.33333  pos=(-1.59326,-3.91345,0.359676)
[pd-step]     step 279  dof=1875  pd|Δx|_max=0.0326895  pd|Δx|_mean=0.00723742
[avbd-drive] step 280 wrote AVBD output to Particle.pos
[avbd-friction] step 280 applied 321 vert/primitive friction events
[avbd-contact] step 280 projected 102 vert/primitive penetrations
[avbd-selfcoll] step 280 resolved 23  detect=10578 us  resolve=19 us  path=gpu
[avbd-step] step 280  dof=1875  iters=16  rc=0  wall=33323 us  |Δx|_max=0.0351739  |Δx|_mean=0.00722963  pred_max=0.0340447  drift_max=0.00112915  drift@v350.y  conv_max=0.000962913  conv_mean=3.95558e-05  nan=0
[outlier] v350  inc_tri=3  worst|M|=5.33333  pos=(-1.79607,-3.88849,0.389663)
[pd-step]     step 280  dof=1875  pd|Δx|_max=0.0340447  pd|Δx|_mean=0.00726684
[avbd-drive] step 281 wrote AVBD output to Particle.pos
[avbd-friction] step 281 applied 318 vert/primitive friction events
[avbd-contact] step 281 projected 104 vert/primitive penetrations
[avbd-selfcoll] step 281 resolved 29  detect=11024 us  resolve=23 us  path=gpu
280..[avbd-step] step 281  dof=1875  iters=16  rc=0  wall=28348 us  |Δx|_max=0.0366771  |Δx|_mean=0.00725827  pred_max=0.0354764  drift_max=0.00129092  drift@v300.x  conv_max=0.000954509  conv_mean=3.96433e-05  nan=0
[outlier] v300  inc_tri=3  worst|M|=5.33333  pos=(-1.73141,-3.97655,0.247882)
[pd-step]     step 281  dof=1875  pd|Δx|_max=0.0354764  pd|Δx|_mean=0.00729544
[avbd-drive] step 282 wrote AVBD output to Particle.pos
[avbd-friction] step 282 applied 316 vert/primitive friction events
[avbd-contact] step 282 projected 102 vert/primitive penetrations
[avbd-selfcoll] step 282 resolved 26  detect=12634 us  resolve=23 us  path=gpu
[avbd-step] step 282  dof=1875  iters=16  rc=0  wall=28759 us  |Δx|_max=0.0381291  |Δx|_mean=0.00728635  pred_max=0.0369797  drift_max=0.00221336  drift@v350.x  conv_max=0.000944078  conv_mean=3.96775e-05  nan=0
[outlier] v350  inc_tri=3  worst|M|=5.33333  pos=(-1.77935,-3.92278,0.383145)
[pd-step]     step 282  dof=1875  pd|Δx|_max=0.0369796  pd|Δx|_mean=0.00732418
[avbd-drive] step 283 wrote AVBD output to Particle.pos
[avbd-friction] step 283 applied 316 vert/primitive friction events
[avbd-contact] step 283 projected 100 vert/primitive penetrations
[avbd-selfcoll] step 283 resolved 22  detect=10744 us  resolve=34 us  path=gpu
[avbd-step] step 283  dof=1875  iters=16  rc=0  wall=33594 us  |Δx|_max=0.0392101  |Δx|_mean=0.00731322  pred_max=0.0384316  drift_max=0.00407493  drift@v350.x  conv_max=0.00093168  conv_mean=3.96956e-05  nan=0
[outlier] v350  inc_tri=3  worst|M|=5.33333  pos=(-1.76657,-3.94178,0.378202)
[pd-step]     step 283  dof=1875  pd|Δx|_max=0.0384316  pd|Δx|_mean=0.00735211
[avbd-drive] step 284 wrote AVBD output to Particle.pos
[avbd-friction] step 284 applied 313 vert/primitive friction events
[avbd-contact] step 284 projected 99 vert/primitive penetrations
[avbd-selfcoll] step 284 resolved 24  detect=10573 us  resolve=19 us  path=gpu
[avbd-step] step 284  dof=1875  iters=16  rc=0  wall=31664 us  |Δx|_max=0.0392678  |Δx|_mean=0.00733948  pred_max=0.0395124  drift_max=0.00650215  drift@v350.x  conv_max=0.000917137  conv_mean=3.97246e-05  nan=0
[outlier] v350  inc_tri=3  worst|M|=5.33333  pos=(-1.74981,-3.9631,0.372378)
[pd-step]     step 284  dof=1875  pd|Δx|_max=0.0395126  pd|Δx|_mean=0.00737915
[avbd-drive] step 285 wrote AVBD output to Particle.pos
[avbd-friction] step 285 applied 313 vert/primitive friction events
[avbd-contact] step 285 projected 98 vert/primitive penetrations
[avbd-selfcoll] step 285 resolved 28  detect=10953 us  resolve=23 us  path=gpu
[avbd-step] step 285  dof=1875  iters=16  rc=0  wall=29863 us  |Δx|_max=0.0373821  |Δx|_mean=0.00736328  pred_max=0.0395703  drift_max=0.00878978  drift@v350.x  conv_max=0.000900567  conv_mean=3.97934e-05  nan=0
[outlier] v350  inc_tri=3  worst|M|=5.33333  pos=(-1.72988,-3.98762,0.366673)
[pd-step]     step 285  dof=1875  pd|Δx|_max=0.0395702  pd|Δx|_mean=0.0074054
[avbd-drive] step 286 wrote AVBD output to Particle.pos
[avbd-friction] step 286 applied 312 vert/primitive friction events
[avbd-contact] step 286 projected 96 vert/primitive penetrations
[avbd-selfcoll] step 286 resolved 26  detect=11683 us  resolve=21 us  path=gpu
[avbd-step] step 286  dof=1875  iters=16  rc=0  wall=29454 us  |Δx|_max=0.0333982  |Δx|_mean=0.00738808  pred_max=0.0376844  drift_max=0.0090059  drift@v350.x  conv_max=0.00088197  conv_mean=3.99255e-05  nan=0
[outlier] v350  inc_tri=3  worst|M|=5.33333  pos=(-1.71101,-4.01447,0.360926)
[pd-step]     step 286  dof=1875  pd|Δx|_max=0.0376846  pd|Δx|_mean=0.00742927
[avbd-drive] step 287 wrote AVBD output to Particle.pos
[avbd-friction] step 287 applied 308 vert/primitive friction events
[avbd-contact] step 287 projected 97 vert/primitive penetrations
[avbd-selfcoll] step 287 resolved 22  detect=10971 us  resolve=23 us  path=gpu
[avbd-step] step 287  dof=1875  iters=16  rc=0  wall=30797 us  |Δx|_max=0.0286875  |Δx|_mean=0.00741838  pred_max=0.0337005  drift_max=0.00656438  drift@v350.x  conv_max=0.000861585  conv_mean=4.00402e-05  nan=0
[outlier] v350  inc_tri=3  worst|M|=5.33333  pos=(-1.6973,-4.04062,0.35497)
[pd-step]     step 287  dof=1875  pd|Δx|_max=0.0337006  pd|Δx|_mean=0.0074546
[avbd-drive] step 288 wrote AVBD output to Particle.pos
[avbd-friction] step 288 applied 306 vert/primitive friction events
[avbd-contact] step 288 projected 96 vert/primitive penetrations
[avbd-selfcoll] step 288 resolved 22  detect=11487 us  resolve=22 us  path=gpu
[avbd-step] step 288  dof=1875  iters=16  rc=0  wall=32488 us  |Δx|_max=0.0255384  |Δx|_mean=0.00744663  pred_max=0.0289898  drift_max=0.00398302  drift@v350.y  conv_max=0.000839353  conv_mean=4.01256e-05  nan=0
[outlier] v350  inc_tri=3  worst|M|=5.33333  pos=(-1.6887,-4.06378,0.34795)
[pd-step]     step 288  dof=1875  pd|Δx|_max=0.0289899  pd|Δx|_mean=0.00748512
[avbd-drive] step 289 wrote AVBD output to Particle.pos
[avbd-friction] step 289 applied 304 vert/primitive friction events
[avbd-contact] step 289 projected 96 vert/primitive penetrations
[avbd-selfcoll] step 289 resolved 23  detect=10676 us  resolve=31 us  path=gpu
[avbd-step] step 289  dof=1875  iters=16  rc=0  wall=31398 us  |Δx|_max=0.0237901  |Δx|_mean=0.00747284  pred_max=0.025841  drift_max=0.00338623  drift@v425.z  conv_max=0.000815749  conv_mean=4.01698e-05  nan=0
[outlier] v425  inc_tri=3  worst|M|=5.33333  pos=(-1.72674,-4.05621,0.499612)
[pd-step]     step 289  dof=1875  pd|Δx|_max=0.0258409  pd|Δx|_mean=0.00751331
[avbd-drive] step 290 wrote AVBD output to Particle.pos
[avbd-friction] step 290 applied 304 vert/primitive friction events
[avbd-contact] step 290 projected 97 vert/primitive penetrations
[avbd-selfcoll] step 290 resolved 24  detect=10799 us  resolve=20 us  path=gpu
[avbd-step] step 290  dof=1875  iters=16  rc=0  wall=28997 us  |Δx|_max=0.0223918  |Δx|_mean=0.00749722  pred_max=0.0240927  drift_max=0.00319856  drift@v425.z  conv_max=0.000790596  conv_mean=4.01876e-05  nan=0
[outlier] v425  inc_tri=3  worst|M|=5.33333  pos=(-1.72646,-4.07259,0.490338)
[pd-step]     step 290  dof=1875  pd|Δx|_max=0.0240926  pd|Δx|_mean=0.00753974
[avbd-drive] step 291 wrote AVBD output to Particle.pos
[avbd-friction] step 291 applied 303 vert/primitive friction events
[avbd-contact] step 291 projected 95 vert/primitive penetrations
[avbd-selfcoll] step 291 resolved 24  detect=12144 us  resolve=22 us  path=gpu
[avbd-step] step 291  dof=1875  iters=16  rc=0  wall=30322 us  |Δx|_max=0.0222645  |Δx|_mean=0.00752277  pred_max=0.0226943  drift_max=0.00304061  drift@v425.z  conv_max=0.000764132  conv_mean=4.02247e-05  nan=0
[outlier] v425  inc_tri=3  worst|M|=5.33333  pos=(-1.72574,-4.08981,0.481755)
[pd-step]     step 291  dof=1875  pd|Δx|_max=0.0226943  pd|Δx|_mean=0.00756371
[avbd-drive] step 292 wrote AVBD output to Particle.pos
[avbd-friction] step 292 applied 302 vert/primitive friction events
[avbd-contact] step 292 projected 93 vert/primitive penetrations
[avbd-selfcoll] step 292 resolved 20  detect=11434 us  resolve=25 us  path=gpu
[avbd-step] step 292  dof=1875  iters=16  rc=0  wall=27901 us  |Δx|_max=0.022253  |Δx|_mean=0.00755324  pred_max=0.0225668  drift_max=0.00231481  drift@v425.x  conv_max=0.000736594  conv_mean=4.03074e-05  nan=0
[outlier] v425  inc_tri=3  worst|M|=5.33333  pos=(-1.72002,-4.10777,0.477878)
[pd-step]     step 292  dof=1875  pd|Δx|_max=0.0225669  pd|Δx|_mean=0.00758895
[avbd-drive] step 293 wrote AVBD output to Particle.pos
[avbd-friction] step 293 applied 300 vert/primitive friction events
[avbd-contact] step 293 projected 91 vert/primitive penetrations
[avbd-selfcoll] step 293 resolved 24  detect=10707 us  resolve=18 us  path=gpu
[avbd-step] step 293  dof=1875  iters=16  rc=0  wall=28495 us  |Δx|_max=0.021965  |Δx|_mean=0.00759024  pred_max=0.0225554  drift_max=0.00400436  drift@v425.x  conv_max=0.000707984  conv_mean=4.04428e-05  nan=0
[outlier] v425  inc_tri=3  worst|M|=5.33333  pos=(-1.71202,-4.12674,0.478318)
[pd-step]     step 293  dof=1875  pd|Δx|_max=0.0225555  pd|Δx|_mean=0.00761999
[avbd-drive] step 294 wrote AVBD output to Particle.pos
[avbd-friction] step 294 applied 297 vert/primitive friction events
[avbd-contact] step 294 projected 90 vert/primitive penetrations
[avbd-selfcoll] step 294 resolved 24  detect=13064 us  resolve=22 us  path=gpu
[avbd-step] step 294  dof=1875  iters=16  rc=0  wall=32389 us  |Δx|_max=0.0215373  |Δx|_mean=0.00762619  pred_max=0.0222673  drift_max=0.00356686  drift@v425.x  conv_max=0.00067842  conv_mean=4.06074e-05  nan=0
[outlier] v425  inc_tri=3  worst|M|=5.33333  pos=(-1.706,-4.14689,0.479528)
[pd-step]     step 294  dof=1875  pd|Δx|_max=0.0222675  pd|Δx|_mean=0.00765726
[avbd-drive] step 295 wrote AVBD output to Particle.pos
[avbd-friction] step 295 applied 291 vert/primitive friction events
[avbd-contact] step 295 projected 89 vert/primitive penetrations
[avbd-selfcoll] step 295 resolved 23  detect=10657 us  resolve=24 us  path=gpu
[avbd-step] step 295  dof=1875  iters=16  rc=0  wall=30719 us  |Δx|_max=0.0227757  |Δx|_mean=0.00766067  pred_max=0.0218396  drift_max=0.00257444  drift@v425.x  conv_max=0.000648022  conv_mean=4.07992e-05  nan=0
[outlier] v425  inc_tri=3  worst|M|=5.33333  pos=(-1.70141,-4.1681,0.481196)
[pd-step]     step 295  dof=1875  pd|Δx|_max=0.0218398  pd|Δx|_mean=0.00769373
[avbd-drive] step 296 wrote AVBD output to Particle.pos
[avbd-friction] step 296 applied 290 vert/primitive friction events
[avbd-contact] step 296 projected 88 vert/primitive penetrations
[avbd-selfcoll] step 296 resolved 22  detect=11699 us  resolve=28 us  path=gpu
[avbd-step] step 296  dof=1875  iters=16  rc=0  wall=29289 us  |Δx|_max=0.0247231  |Δx|_mean=0.0076926  pred_max=0.0227757  drift_max=0.00239062  drift@v350.z  conv_max=0.000616789  conv_mean=4.09969e-05  nan=0
[outlier] v350  inc_tri=3  worst|M|=5.33333  pos=(-1.65501,-4.20807,0.282091)
[pd-step]     step 296  dof=1875  pd|Δx|_max=0.0227757  pd|Δx|_mean=0.00772815
[avbd-drive] step 297 wrote AVBD output to Particle.pos
[avbd-friction] step 297 applied 287 vert/primitive friction events
[avbd-contact] step 297 projected 88 vert/primitive penetrations
[avbd-selfcoll] step 297 resolved 25  detect=12414 us  resolve=24 us  path=gpu
[avbd-step] step 297  dof=1875  iters=16  rc=0  wall=28782 us  |Δx|_max=0.0263335  |Δx|_mean=0.00772343  pred_max=0.0247231  drift_max=0.00213575  drift@v425.y  conv_max=0.000584602  conv_mean=4.11505e-05  nan=0
[outlier] v425  inc_tri=3  worst|M|=5.33333  pos=(-1.69435,-4.21213,0.484663)
[pd-step]     step 297  dof=1875  pd|Δx|_max=0.0247231  pd|Δx|_mean=0.00776026
[avbd-drive] step 298 wrote AVBD output to Particle.pos
[avbd-friction] step 298 applied 285 vert/primitive friction events
[avbd-contact] step 298 projected 86 vert/primitive penetrations
[avbd-selfcoll] step 298 resolved 24  detect=12946 us  resolve=19 us  path=gpu
[avbd-step] step 298  dof=1875  iters=16  rc=0  wall=28672 us  |Δx|_max=0.0275315  |Δx|_mean=0.00775477  pred_max=0.0263335  drift_max=0.00254774  drift@v425.y  conv_max=0.000551581  conv_mean=4.13385e-05  nan=0
[outlier] v425  inc_tri=3  worst|M|=5.33333  pos=(-1.69127,-4.23448,0.485569)
[pd-step]     step 298  dof=1875  pd|Δx|_max=0.0263335  pd|Δx|_mean=0.00779097
[avbd-drive] step 299 wrote AVBD output to Particle.pos
[avbd-friction] step 299 applied 284 vert/primitive friction events
[avbd-contact] step 299 projected 83 vert/primitive penetrations
[avbd-selfcoll] step 299 resolved 30  detect=10526 us  resolve=21 us  path=gpu
[avbd-step] step 299  dof=1875  iters=16  rc=0  wall=27734 us  |Δx|_max=0.0281534  |Δx|_mean=0.00778638  pred_max=0.0275315  drift_max=0.0027709  drift@v425.y  conv_max=0.000517845  conv_mean=4.15194e-05  nan=0
[outlier] v425  inc_tri=3  worst|M|=5.33333  pos=(-1.68803,-4.25679,0.486493)
[pd-step]     step 299  dof=1875  pd|Δx|_max=0.0275315  pd|Δx|_mean=0.00782222
[avbd-drive] step 300 wrote AVBD output to Particle.pos
[avbd-friction] step 300 applied 282 vert/primitive friction events
[avbd-contact] step 300 projected 81 vert/primitive penetrations
[avbd-selfcoll] step 300 resolved 28  detect=10922 us  resolve=23 us  path=gpu
[avbd-step] step 300  dof=1875  iters=16  rc=0  wall=27465 us  |Δx|_max=0.0284146  |Δx|_mean=0.00781745  pred_max=0.0281534  drift_max=0.00283241  drift@v425.y  conv_max=0.000483274  conv_mean=4.16913e-05  nan=0
[outlier] v425  inc_tri=3  worst|M|=5.33333  pos=(-1.68547,-4.27889,0.487386)
[pd-step]     step 300  dof=1875  pd|Δx|_max=0.0281534  pd|Δx|_mean=0.00785374
[avbd-drive] step 301 wrote AVBD output to Particle.pos
[avbd-friction] step 301 applied 282 vert/primitive friction events
[avbd-contact] step 301 projected 80 vert/primitive penetrations
[avbd-selfcoll] step 301 resolved 26  detect=14741 us  resolve=20 us  path=gpu
300..[avbd-step] step 301  dof=1875  iters=16  rc=0  wall=31861 us  |Δx|_max=0.0284408  |Δx|_mean=0.00784804  pred_max=0.0284146  drift_max=0.00283861  drift@v425.y  conv_max=0.00044775  conv_mean=4.18422e-05  nan=0
[outlier] v425  inc_tri=3  worst|M|=5.33333  pos=(-1.68355,-4.30077,0.488371)
[pd-step]     step 301  dof=1875  pd|Δx|_max=0.0284146  pd|Δx|_mean=0.00788457
[avbd-drive] step 302 wrote AVBD output to Particle.pos
[avbd-friction] step 302 applied 281 vert/primitive friction events
[avbd-contact] step 302 projected 79 vert/primitive penetrations
[avbd-selfcoll] step 302 resolved 32  detect=11020 us  resolve=23 us  path=gpu
[avbd-step] step 302  dof=1875  iters=16  rc=0  wall=31707 us  |Δx|_max=0.0296483  |Δx|_mean=0.00787868  pred_max=0.0285158  drift_max=0.00282669  drift@v425.y  conv_max=0.00041151  conv_mean=4.19913e-05  nan=0
[outlier] v425  inc_tri=3  worst|M|=5.33333  pos=(-1.68237,-4.32245,0.489674)
[pd-step]     step 302  dof=1875  pd|Δx|_max=0.028516  pd|Δx|_mean=0.00791503
[avbd-drive] step 303 wrote AVBD output to Particle.pos
[avbd-friction] step 303 applied 279 vert/primitive friction events
[avbd-contact] step 303 projected 77 vert/primitive penetrations
[avbd-selfcoll] step 303 resolved 31  detect=10791 us  resolve=19 us  path=gpu
[avbd-step] step 303  dof=1875  iters=16  rc=0  wall=27822 us  |Δx|_max=0.0309587  |Δx|_mean=0.00791012  pred_max=0.0299506  drift_max=0.00287485  drift@v425.y  conv_max=0.000380158  conv_mean=4.20505e-05  nan=0
[outlier] v425  inc_tri=3  worst|M|=5.33333  pos=(-1.68257,-4.34403,0.491662)
[pd-step]     step 303  dof=1875  pd|Δx|_max=0.0299508  pd|Δx|_mean=0.00794552
[avbd-drive] step 304 wrote AVBD output to Particle.pos
[avbd-friction] step 304 applied 279 vert/primitive friction events
[avbd-contact] step 304 projected 75 vert/primitive penetrations
[avbd-selfcoll] step 304 resolved 37  detect=12596 us  resolve=20 us  path=gpu
[avbd-step] step 304  dof=1875  iters=16  rc=0  wall=27501 us  |Δx|_max=0.0315518  |Δx|_mean=0.00794348  pred_max=0.031261  drift_max=0.00337374  drift@v325.z  conv_max=0.000362992  conv_mean=4.21612e-05  nan=0
[outlier] v325  inc_tri=3  worst|M|=5.33333  pos=(-1.75638,-4.2845,0.367749)
[pd-step]     step 304  dof=1875  pd|Δx|_max=0.0312611  pd|Δx|_mean=0.00797663
[avbd-drive] step 305 wrote AVBD output to Particle.pos
[avbd-friction] step 305 applied 276 vert/primitive friction events
[avbd-contact] step 305 projected 76 vert/primitive penetrations
[avbd-selfcoll] step 305 resolved 40  detect=11134 us  resolve=26 us  path=gpu
[avbd-step] step 305  dof=1875  iters=16  rc=0  wall=28243 us  |Δx|_max=0.0319724  |Δx|_mean=0.00797637  pred_max=0.0318542  drift_max=0.00391275  drift@v325.z  conv_max=0.000302792  conv_mean=4.22783e-05  nan=0
[outlier] v325  inc_tri=3  worst|M|=5.33333  pos=(-1.73932,-4.30325,0.361639)
[pd-step]     step 305  dof=1875  pd|Δx|_max=0.0318543  pd|Δx|_mean=0.00800982
[avbd-drive] step 306 wrote AVBD output to Particle.pos
[avbd-friction] step 306 applied 274 vert/primitive friction events
[avbd-contact] step 306 projected 73 vert/primitive penetrations
[avbd-selfcoll] step 306 resolved 39  detect=11340 us  resolve=135 us  path=gpu
[avbd-step] step 306  dof=1875  iters=16  rc=0  wall=29339 us  |Δx|_max=0.0339958  |Δx|_mean=0.00800415  pred_max=0.0319724  drift_max=0.00479424  drift@v425.x  conv_max=0.000259399  conv_mean=4.23888e-05  nan=0
[outlier] v425  inc_tri=3  worst|M|=5.33333  pos=(-1.70812,-4.39826,0.505622)
[pd-step]     step 306  dof=1875  pd|Δx|_max=0.0319724  pd|Δx|_mean=0.00804268
[avbd-drive] step 307 wrote AVBD output to Particle.pos
[avbd-friction] step 307 applied 269 vert/primitive friction events
[avbd-contact] step 307 projected 74 vert/primitive penetrations
[avbd-selfcoll] step 307 resolved 35  detect=11185 us  resolve=24 us  path=gpu
[avbd-step] step 307  dof=1875  iters=16  rc=0  wall=30423 us  |Δx|_max=0.0287078  |Δx|_mean=0.00802356  pred_max=0.0339958  drift_max=0.00633621  drift@v425.x  conv_max=0.00024724  conv_mean=4.26039e-05  nan=0
[outlier] v425  inc_tri=3  worst|M|=5.33333  pos=(-1.72631,-4.40632,0.509488)
[pd-step]     step 307  dof=1875  pd|Δx|_max=0.0339958  pd|Δx|_mean=0.00807095
[avbd-drive] step 308 wrote AVBD output to Particle.pos
[avbd-friction] step 308 applied 265 vert/primitive friction events
[avbd-contact] step 308 projected 72 vert/primitive penetrations
[avbd-selfcoll] step 308 resolved 31  detect=14027 us  resolve=29 us  path=gpu
[avbd-step] step 308  dof=1875  iters=16  rc=0  wall=33008 us  |Δx|_max=0.0251422  |Δx|_mean=0.00804615  pred_max=0.0287078  drift_max=0.0110833  drift@v325.z  conv_max=0.000251889  conv_mean=4.29365e-05  nan=0
[outlier] v325  inc_tri=3  worst|M|=5.33333  pos=(-1.64848,-4.36305,0.37207)
[pd-step]     step 308  dof=1875  pd|Δx|_max=0.0287078  pd|Δx|_mean=0.00809056
[avbd-drive] step 309 wrote AVBD output to Particle.pos
[avbd-friction] step 309 applied 263 vert/primitive friction events
[avbd-contact] step 309 projected 71 vert/primitive penetrations
[avbd-selfcoll] step 309 resolved 35  detect=11333 us  resolve=23 us  path=gpu
[avbd-step] step 309  dof=1875  iters=16  rc=0  wall=30909 us  |Δx|_max=0.025496  |Δx|_mean=0.00807781  pred_max=0.0254445  drift_max=0.00791222  drift@v325.z  conv_max=0.000255704  conv_mean=4.32989e-05  nan=0
[outlier] v325  inc_tri=3  worst|M|=5.33333  pos=(-1.632,-4.3812,0.375165)
[pd-step]     step 309  dof=1875  pd|Δx|_max=0.0254447  pd|Δx|_mean=0.00811343
[avbd-drive] step 310 wrote AVBD output to Particle.pos
[avbd-friction] step 310 applied 260 vert/primitive friction events
[avbd-contact] step 310 projected 69 vert/primitive penetrations
[avbd-selfcoll] step 310 resolved 30  detect=12327 us  resolve=29 us  path=gpu
[avbd-step] step 310  dof=1875  iters=16  rc=0  wall=21400 us  |Δx|_max=0.0256386  |Δx|_mean=0.00811362  pred_max=0.0257983  drift_max=0.00429106  drift@v425.y  conv_max=0.000258088  conv_mean=4.36296e-05  nan=0
[outlier] v425  inc_tri=3  worst|M|=5.33333  pos=(-1.74592,-4.43458,0.478504)
[pd-step]     step 310  dof=1875  pd|Δx|_max=0.0257985  pd|Δx|_mean=0.00814517
[avbd-drive] step 311 wrote AVBD output to Particle.pos
[avbd-friction] step 311 applied 260 vert/primitive friction events
[avbd-contact] step 311 projected 66 vert/primitive penetrations
[avbd-selfcoll] step 311 resolved 34  detect=10679 us  resolve=22 us  path=gpu
[avbd-step] step 311  dof=1875  iters=16  rc=0  wall=21207 us  |Δx|_max=0.0255752  |Δx|_mean=0.0081472  pred_max=0.0259409  drift_max=0.0032914  drift@v425.z  conv_max=0.000259161  conv_mean=4.38973e-05  nan=0
[outlier] v425  inc_tri=3  worst|M|=5.33333  pos=(-1.74051,-4.45345,0.469135)
[pd-step]     step 311  dof=1875  pd|Δx|_max=0.025941  pd|Δx|_mean=0.00818083
[avbd-drive] step 312 wrote AVBD output to Particle.pos
[avbd-friction] step 312 applied 257 vert/primitive friction events
[avbd-contact] step 312 projected 64 vert/primitive penetrations
[avbd-selfcoll] step 312 resolved 32  detect=11049 us  resolve=22 us  path=gpu
[avbd-step] step 312  dof=1875  iters=16  rc=0  wall=23906 us  |Δx|_max=0.0253925  |Δx|_mean=0.00818034  pred_max=0.0258775  drift_max=0.00328791  drift@v425.x  conv_max=0.000267982  conv_mean=4.41284e-05  nan=0
[outlier] v425  inc_tri=3  worst|M|=5.33333  pos=(-1.73443,-4.47356,0.460843)
[pd-step]     step 312  dof=1875  pd|Δx|_max=0.0258776  pd|Δx|_mean=0.00821458
[avbd-drive] step 313 wrote AVBD output to Particle.pos
[avbd-friction] step 313 applied 256 vert/primitive friction events
[avbd-contact] step 313 projected 62 vert/primitive penetrations
[avbd-selfcoll] step 313 resolved 36  detect=10695 us  resolve=22 us  path=gpu
[avbd-step] step 313  dof=1875  iters=16  rc=0  wall=22442 us  |Δx|_max=0.025166  |Δx|_mean=0.00821385  pred_max=0.0256948  drift_max=0.00408459  drift@v425.x  conv_max=0.00027895  conv_mean=4.43479e-05  nan=0
[outlier] v425  inc_tri=3  worst|M|=5.33333  pos=(-1.72839,-4.49293,0.45581)
[pd-step]     step 313  dof=1875  pd|Δx|_max=0.025695  pd|Δx|_mean=0.00824756
[avbd-drive] step 314 wrote AVBD output to Particle.pos
[avbd-friction] step 314 applied 254 vert/primitive friction events
[avbd-contact] step 314 projected 61 vert/primitive penetrations
[avbd-selfcoll] step 314 resolved 33  detect=10683 us  resolve=19 us  path=gpu
[avbd-step] step 314  dof=1875  iters=16  rc=0  wall=21562 us  |Δx|_max=0.02495  |Δx|_mean=0.00824967  pred_max=0.0254683  drift_max=0.0038507  drift@v425.x  conv_max=0.000286579  conv_mean=4.46106e-05  nan=0
[outlier] v425  inc_tri=3  worst|M|=5.33333  pos=(-1.72486,-4.5126,0.455667)
[pd-step]     step 314  dof=1875  pd|Δx|_max=0.0254685  pd|Δx|_mean=0.00828111
[avbd-drive] step 315 wrote AVBD output to Particle.pos
[avbd-friction] step 315 applied 252 vert/primitive friction events
[avbd-contact] step 315 projected 60 vert/primitive penetrations
[avbd-selfcoll] step 315 resolved 40  detect=11183 us  resolve=22 us  path=gpu
[avbd-step] step 315  dof=1875  iters=16  rc=0  wall=22281 us  |Δx|_max=0.0246253  |Δx|_mean=0.00828664  pred_max=0.0252523  drift_max=0.00212431  drift@v425.x  conv_max=0.000290871  conv_mean=4.48485e-05  nan=0
[outlier] v425  inc_tri=3  worst|M|=5.33333  pos=(-1.72532,-4.53374,0.457412)
[pd-step]     step 315  dof=1875  pd|Δx|_max=0.0252525  pd|Δx|_mean=0.00831704
[avbd-drive] step 316 wrote AVBD output to Particle.pos
[avbd-friction] step 316 applied 250 vert/primitive friction events
[avbd-contact] step 316 projected 59 vert/primitive penetrations
[avbd-selfcoll] step 316 resolved 39  detect=10737 us  resolve=23 us  path=gpu
[avbd-step] step 316  dof=1875  iters=16  rc=0  wall=21845 us  |Δx|_max=0.0243306  |Δx|_mean=0.00832184  pred_max=0.0249276  drift_max=0.00177515  drift@v325.x  conv_max=0.000291824  conv_mean=4.50548e-05  nan=0
[outlier] v325  inc_tri=3  worst|M|=5.33333  pos=(-1.58557,-4.48984,0.358007)
[pd-step]     step 316  dof=1875  pd|Δx|_max=0.0249278  pd|Δx|_mean=0.00835405
[avbd-drive] step 317 wrote AVBD output to Particle.pos
[avbd-friction] step 317 applied 247 vert/primitive friction events
[avbd-contact] step 317 projected 56 vert/primitive penetrations
[avbd-selfcoll] step 317 resolved 39  detect=11060 us  resolve=21 us  path=gpu
[avbd-step] step 317  dof=1875  iters=16  rc=0  wall=27378 us  |Δx|_max=0.0244517  |Δx|_mean=0.00835619  pred_max=0.0246329  drift_max=0.00173151  drift@v325.x  conv_max=0.000292778  conv_mean=4.52591e-05  nan=0
[outlier] v325  inc_tri=3  worst|M|=5.33333  pos=(-1.58105,-4.50938,0.356437)
[pd-step]     step 317  dof=1875  pd|Δx|_max=0.0246331  pd|Δx|_mean=0.0083894
[avbd-drive] step 318 wrote AVBD output to Particle.pos
[avbd-friction] step 318 applied 246 vert/primitive friction events
[avbd-contact] step 318 projected 56 vert/primitive penetrations
[avbd-selfcoll] step 318 resolved 38  detect=12982 us  resolve=22 us  path=gpu
[avbd-step] step 318  dof=1875  iters=16  rc=0  wall=30079 us  |Δx|_max=0.0244098  |Δx|_mean=0.00839199  pred_max=0.024754  drift_max=0.00165164  drift@v325.x  conv_max=0.000294685  conv_mean=4.55018e-05  nan=0
[outlier] v325  inc_tri=3  worst|M|=5.33333  pos=(-1.57658,-4.52902,0.354876)
[pd-step]     step 318  dof=1875  pd|Δx|_max=0.0247542  pd|Δx|_mean=0.00842352
[avbd-drive] step 319 wrote AVBD output to Particle.pos
[avbd-friction] step 319 applied 242 vert/primitive friction events
[avbd-contact] step 319 projected 53 vert/primitive penetrations
[avbd-selfcoll] step 319 resolved 41  detect=11047 us  resolve=23 us  path=gpu
[avbd-step] step 319  dof=1875  iters=16  rc=0  wall=28841 us  |Δx|_max=0.0243773  |Δx|_mean=0.0084307  pred_max=0.0247121  drift_max=0.00160635  drift@v325.x  conv_max=0.000297546  conv_mean=4.57762e-05  nan=0
[outlier] v325  inc_tri=3  worst|M|=5.33333  pos=(-1.57222,-4.54874,0.353337)
[pd-step]     step 319  dof=1875  pd|Δx|_max=0.0247122  pd|Δx|_mean=0.0084595
[avbd-drive] step 320 wrote AVBD output to Particle.pos
[avbd-friction] step 320 applied 237 vert/primitive friction events
[avbd-contact] step 320 projected 51 vert/primitive penetrations
[avbd-selfcoll] step 320 resolved 40  detect=10715 us  resolve=25 us  path=gpu
[avbd-step] step 320  dof=1875  iters=16  rc=0  wall=28322 us  |Δx|_max=0.0244975  |Δx|_mean=0.00847059  pred_max=0.0246797  drift_max=0.00160909  drift@v325.x  conv_max=0.000332832  conv_mean=4.60678e-05  nan=0
[outlier] v325  inc_tri=3  worst|M|=5.33333  pos=(-1.56795,-4.56855,0.351856)
[pd-step]     step 320  dof=1875  pd|Δx|_max=0.0246798  pd|Δx|_mean=0.00849856
[avbd-drive] step 321 wrote AVBD output to Particle.pos
[avbd-friction] step 321 applied 236 vert/primitive friction events
[avbd-contact] step 321 projected 48 vert/primitive penetrations
[avbd-selfcoll] step 321 resolved 40  detect=10697 us  resolve=19 us  path=gpu
320..[avbd-step] step 321  dof=1875  iters=16  rc=0  wall=27933 us  |Δx|_max=0.024858  |Δx|_mean=0.00850955  pred_max=0.0247998  drift_max=0.00163746  drift@v325.x  conv_max=0.000370026  conv_mean=4.63783e-05  nan=0
[outlier] v325  inc_tri=3  worst|M|=5.33333  pos=(-1.56374,-4.58852,0.350454)
[pd-step]     step 321  dof=1875  pd|Δx|_max=0.0248  pd|Δx|_mean=0.00853835
[avbd-drive] step 322 wrote AVBD output to Particle.pos
[avbd-friction] step 322 applied 235 vert/primitive friction events
[avbd-contact] step 322 projected 48 vert/primitive penetrations
[avbd-selfcoll] step 322 resolved 41  detect=11011 us  resolve=26 us  path=gpu
[avbd-step] step 322  dof=1875  iters=16  rc=0  wall=31398 us  |Δx|_max=0.0263166  |Δx|_mean=0.00855099  pred_max=0.0251603  drift_max=0.00150871  drift@v376.x  conv_max=0.000409603  conv_mean=4.67154e-05  nan=0
[outlier] v376  inc_tri=6  worst|M|=5.33333  pos=(-1.42661,-4.51467,0.31317)
[pd-step]     step 322  dof=1875  pd|Δx|_max=0.0251605  pd|Δx|_mean=0.00857744
[avbd-drive] step 323 wrote AVBD output to Particle.pos
[avbd-friction] step 323 applied 232 vert/primitive friction events
[avbd-contact] step 323 projected 47 vert/primitive penetrations
[avbd-selfcoll] step 323 resolved 39  detect=10910 us  resolve=23 us  path=gpu
[avbd-step] step 323  dof=1875  iters=16  rc=0  wall=31533 us  |Δx|_max=0.0278425  |Δx|_mean=0.00859379  pred_max=0.026619  drift_max=0.00166893  drift@v400.y  conv_max=0.000449181  conv_mean=4.70915e-05  nan=0
[outlier] v400  inc_tri=3  worst|M|=5.33333  pos=(-1.5528,-4.72272,0.487049)
[pd-step]     step 323  dof=1875  pd|Δx|_max=0.0266191  pd|Δx|_mean=0.00861892
[avbd-drive] step 324 wrote AVBD output to Particle.pos
[avbd-friction] step 324 applied 231 vert/primitive friction events
[avbd-contact] step 324 projected 45 vert/primitive penetrations
[avbd-selfcoll] step 324 resolved 42  detect=11956 us  resolve=21 us  path=gpu
[avbd-step] step 324  dof=1875  iters=16  rc=0  wall=28281 us  |Δx|_max=0.0293779  |Δx|_mean=0.00863599  pred_max=0.0281448  drift_max=0.00169325  drift@v400.y  conv_max=0.000489712  conv_mean=4.74678e-05  nan=0
[outlier] v400  inc_tri=3  worst|M|=5.33333  pos=(-1.55534,-4.74548,0.484664)
[pd-step]     step 324  dof=1875  pd|Δx|_max=0.028145  pd|Δx|_mean=0.0086614
[avbd-drive] step 325 wrote AVBD output to Particle.pos
[avbd-friction] step 325 applied 229 vert/primitive friction events
[avbd-contact] step 325 projected 43 vert/primitive penetrations
[avbd-selfcoll] step 325 resolved 45  detect=13438 us  resolve=24 us  path=gpu
[avbd-step] step 325  dof=1875  iters=16  rc=0  wall=31747 us  |Δx|_max=0.0308547  |Δx|_mean=0.00867739  pred_max=0.0296803  drift_max=0.00178051  drift@v375.y  conv_max=0.000531197  conv_mean=4.78851e-05  nan=0
[outlier] v375  inc_tri=3  worst|M|=5.33333  pos=(-1.41812,-4.78322,0.333621)
[pd-step]     step 325  dof=1875  pd|Δx|_max=0.0296804  pd|Δx|_mean=0.00870361
[avbd-drive] step 326 wrote AVBD output to Particle.pos
[avbd-friction] step 326 applied 224 vert/primitive friction events
[avbd-contact] step 326 projected 43 vert/primitive penetrations
[avbd-selfcoll] step 326 resolved 42  detect=11271 us  resolve=23 us  path=gpu
[avbd-step] step 326  dof=1875  iters=16  rc=0  wall=32455 us  |Δx|_max=0.0322785  |Δx|_mean=0.0087193  pred_max=0.031157  drift_max=0.00196266  drift@v375.y  conv_max=0.000571728  conv_mean=4.83196e-05  nan=0
[outlier] v375  inc_tri=3  worst|M|=5.33333  pos=(-1.41495,-4.80602,0.33208)
[pd-step]     step 326  dof=1875  pd|Δx|_max=0.0311572  pd|Δx|_mean=0.00874552
[avbd-drive] step 327 wrote AVBD output to Particle.pos
[avbd-friction] step 327 applied 222 vert/primitive friction events
[avbd-contact] step 327 projected 39 vert/primitive penetrations
[avbd-selfcoll] step 327 resolved 43  detect=10833 us  resolve=22 us  path=gpu
[avbd-step] step 327  dof=1875  iters=16  rc=0  wall=28637 us  |Δx|_max=0.0336933  |Δx|_mean=0.00876057  pred_max=0.0325809  drift_max=0.00208807  drift@v375.y  conv_max=0.000612259  conv_mean=4.87599e-05  nan=0
[outlier] v375  inc_tri=3  worst|M|=5.33333  pos=(-1.41199,-4.82899,0.33058)
[pd-step]     step 327  dof=1875  pd|Δx|_max=0.032581  pd|Δx|_mean=0.00878757
[avbd-drive] step 328 wrote AVBD output to Particle.pos
[avbd-friction] step 328 applied 218 vert/primitive friction events
[avbd-contact] step 328 projected 39 vert/primitive penetrations
[avbd-selfcoll] step 328 resolved 40  detect=11033 us  resolve=25 us  path=gpu
[avbd-step] step 328  dof=1875  iters=16  rc=0  wall=32316 us  |Δx|_max=0.0351248  |Δx|_mean=0.00880257  pred_max=0.0339956  drift_max=0.00201511  drift@v375.y  conv_max=0.000652313  conv_mean=4.91856e-05  nan=0
[outlier] v375  inc_tri=3  worst|M|=5.33333  pos=(-1.40949,-4.85177,0.329332)
[pd-step]     step 328  dof=1875  pd|Δx|_max=0.0339958  pd|Δx|_mean=0.00882941
[avbd-drive] step 329 wrote AVBD output to Particle.pos
[avbd-friction] step 329 applied 218 vert/primitive friction events
[avbd-contact] step 329 projected 37 vert/primitive penetrations
[avbd-selfcoll] step 329 resolved 43  detect=11038 us  resolve=23 us  path=gpu
[avbd-step] step 329  dof=1875  iters=16  rc=0  wall=28636 us  |Δx|_max=0.0365095  |Δx|_mean=0.00884647  pred_max=0.0354271  drift_max=0.00212586  drift@v400.x  conv_max=0.000691414  conv_mean=4.95767e-05  nan=0
[outlier] v400  inc_tri=3  worst|M|=5.33333  pos=(-1.57285,-4.85885,0.467806)
[pd-step]     step 329  dof=1875  pd|Δx|_max=0.0354272  pd|Δx|_mean=0.00887146
[avbd-drive] step 330 wrote AVBD output to Particle.pos
[avbd-friction] step 330 applied 213 vert/primitive friction events
[avbd-contact] step 330 projected 33 vert/primitive penetrations
[avbd-selfcoll] step 330 resolved 43  detect=10766 us  resolve=23 us  path=gpu
[avbd-step] step 330  dof=1875  iters=16  rc=0  wall=27773 us  |Δx|_max=0.0376406  |Δx|_mean=0.00889196  pred_max=0.0368118  drift_max=0.00147533  drift@v400.y  conv_max=0.000730038  conv_mean=4.99554e-05  nan=0
[outlier] v400  inc_tri=3  worst|M|=5.33333  pos=(-1.57343,-4.88125,0.465373)
[pd-step]     step 330  dof=1875  pd|Δx|_max=0.036812  pd|Δx|_mean=0.00891585
[avbd-drive] step 331 wrote AVBD output to Particle.pos
[avbd-friction] step 331 applied 211 vert/primitive friction events
[avbd-contact] step 331 projected 31 vert/primitive penetrations
[avbd-selfcoll] step 331 resolved 44  detect=10715 us  resolve=21 us  path=gpu
[avbd-step] step 331  dof=1875  iters=16  rc=0  wall=26687 us  |Δx|_max=0.0384645  |Δx|_mean=0.00893869  pred_max=0.0379429  drift_max=0.0014956  drift@v300.x  conv_max=0.000767231  conv_mean=5.03254e-05  nan=0
[outlier] v300  inc_tri=3  worst|M|=5.33333  pos=(-1.67537,-4.86503,0.328464)
[pd-step]     step 331  dof=1875  pd|Δx|_max=0.037943  pd|Δx|_mean=0.00896153
[avbd-drive] step 332 wrote AVBD output to Particle.pos
[avbd-friction] step 332 applied 210 vert/primitive friction events
[avbd-contact] step 332 projected 31 vert/primitive penetrations
[avbd-selfcoll] step 332 resolved 42  detect=13272 us  resolve=22 us  path=gpu
[avbd-step] step 332  dof=1875  iters=16  rc=0  wall=29013 us  |Δx|_max=0.0390353  |Δx|_mean=0.00898539  pred_max=0.0387669  drift_max=0.00122967  drift@v401.z  conv_max=0.000803947  conv_mean=5.06974e-05  nan=0
[outlier] v401  inc_tri=6  worst|M|=5.33333  pos=(-1.54133,-4.70706,0.472255)
[pd-step]     step 332  dof=1875  pd|Δx|_max=0.038767  pd|Δx|_mean=0.00900764
[avbd-drive] step 333 wrote AVBD output to Particle.pos
[avbd-friction] step 333 applied 208 vert/primitive friction events
[avbd-contact] step 333 projected 29 vert/primitive penetrations
[avbd-selfcoll] step 333 resolved 43  detect=12035 us  resolve=21 us  path=gpu
[avbd-step] step 333  dof=1875  iters=16  rc=0  wall=28925 us  |Δx|_max=0.0394483  |Δx|_mean=0.00903117  pred_max=0.0393376  drift_max=0.00100327  drift@v400.y  conv_max=0.000838757  conv_mean=5.10584e-05  nan=0
[outlier] v400  inc_tri=3  worst|M|=5.33333  pos=(-1.56674,-4.94798,0.464218)
[pd-step]     step 333  dof=1875  pd|Δx|_max=0.0393378  pd|Δx|_mean=0.00905443
[avbd-drive] step 334 wrote AVBD output to Particle.pos
[avbd-friction] step 334 applied 208 vert/primitive friction events
[avbd-contact] step 334 projected 24 vert/primitive penetrations
[avbd-selfcoll] step 334 resolved 41  detect=11112 us  resolve=22 us  path=gpu
[avbd-step] step 334  dof=1875  iters=16  rc=0  wall=29507 us  |Δx|_max=0.0397844  |Δx|_mean=0.00907506  pred_max=0.0397506  drift_max=0.000869751  drift@v400.y  conv_max=0.000873089  conv_mean=5.14208e-05  nan=0
[outlier] v400  inc_tri=3  worst|M|=5.33333  pos=(-1.56372,-4.97001,0.465061)
[pd-step]     step 334  dof=1875  pd|Δx|_max=0.0397507  pd|Δx|_mean=0.00909991
[avbd-drive] step 335 wrote AVBD output to Particle.pos
[avbd-friction] step 335 applied 203 vert/primitive friction events
[avbd-contact] step 335 projected 21 vert/primitive penetrations
[avbd-selfcoll] step 335 resolved 44  detect=10974 us  resolve=22 us  path=gpu
[avbd-step] step 335  dof=1875  iters=16  rc=0  wall=32227 us  |Δx|_max=0.0401263  |Δx|_mean=0.00911882  pred_max=0.0400867  drift_max=0.000828475  drift@v425.z  conv_max=0.000905991  conv_mean=5.17892e-05  nan=0
[outlier] v425  inc_tri=3  worst|M|=5.33333  pos=(-1.75048,-4.95043,0.474777)
[pd-step]     step 335  dof=1875  pd|Δx|_max=0.0400869  pd|Δx|_mean=0.00914442
[avbd-drive] step 336 wrote AVBD output to Particle.pos
[avbd-friction] step 336 applied 201 vert/primitive friction events
[avbd-contact] step 336 projected 21 vert/primitive penetrations
[avbd-selfcoll] step 336 resolved 46  detect=10942 us  resolve=20 us  path=gpu
[avbd-step] step 336  dof=1875  iters=16  rc=0  wall=27903 us  |Δx|_max=0.0404983  |Δx|_mean=0.00916138  pred_max=0.0404286  drift_max=0.000825167  drift@v425.z  conv_max=0.000936985  conv_mean=5.21725e-05  nan=0
[outlier] v425  inc_tri=3  worst|M|=5.33333  pos=(-1.74882,-4.97323,0.474125)
[pd-step]     step 336  dof=1875  pd|Δx|_max=0.0404288  pd|Δx|_mean=0.0091885
[avbd-drive] step 337 wrote AVBD output to Particle.pos
[avbd-friction] step 337 applied 194 vert/primitive friction events
[avbd-contact] step 337 projected 21 vert/primitive penetrations
[avbd-selfcoll] step 337 resolved 45  detect=10843 us  resolve=22 us  path=gpu
[avbd-step] step 337  dof=1875  iters=16  rc=0  wall=34686 us  |Δx|_max=0.0408697  |Δx|_mean=0.0092057  pred_max=0.0408006  drift_max=0.000778735  drift@v327.z  conv_max=0.000966549  conv_mean=5.25723e-05  nan=0
[outlier] v327  inc_tri=6  worst|M|=5.33333  pos=(-1.71689,-4.68269,0.251713)
[pd-step]     step 337  dof=1875  pd|Δx|_max=0.0408007  pd|Δx|_mean=0.00923191
[avbd-drive] step 338 wrote AVBD output to Particle.pos
[avbd-friction] step 338 applied 189 vert/primitive friction events
[avbd-contact] step 338 projected 19 vert/primitive penetrations
[avbd-selfcoll] step 338 resolved 48  detect=12496 us  resolve=21 us  path=gpu
[avbd-step] step 338  dof=1875  iters=16  rc=0  wall=28181 us  |Δx|_max=0.0411997  |Δx|_mean=0.00925109  pred_max=0.041172  drift_max=0.000763357  drift@v474.y  conv_max=0.000993729  conv_mean=5.29738e-05  nan=0
[outlier] v474  inc_tri=3  worst|M|=5.33333  pos=(-0.86087,-0.5964,0.119566)
[pd-step]     step 338  dof=1875  pd|Δx|_max=0.0411722  pd|Δx|_mean=0.00927672
[avbd-drive] step 339 wrote AVBD output to Particle.pos
[avbd-friction] step 339 applied 186 vert/primitive friction events
[avbd-contact] step 339 projected 17 vert/primitive penetrations
[avbd-selfcoll] step 339 resolved 46  detect=11072 us  resolve=21 us  path=gpu
[avbd-step] step 339  dof=1875  iters=16  rc=0  wall=32243 us  |Δx|_max=0.0414662  |Δx|_mean=0.00929688  pred_max=0.041502  drift_max=0.000767529  drift@v474.y  conv_max=0.00101948  conv_mean=5.33807e-05  nan=0
[outlier] v474  inc_tri=3  worst|M|=5.33333  pos=(-0.877545,-0.613884,0.11684)
[pd-step]     step 339  dof=1875  pd|Δx|_max=0.0415022  pd|Δx|_mean=0.0093224
[avbd-drive] step 340 wrote AVBD output to Particle.pos
[avbd-friction] step 340 applied 184 vert/primitive friction events
[avbd-contact] step 340 projected 16 vert/primitive penetrations
[avbd-selfcoll] step 340 resolved 49  detect=11400 us  resolve=29 us  path=gpu
[avbd-step] step 340  dof=1875  iters=16  rc=0  wall=30658 us  |Δx|_max=0.0416732  |Δx|_mean=0.00934246  pred_max=0.0417686  drift_max=0.000777364  drift@v474.y  conv_max=0.0010438  conv_mean=5.37847e-05  nan=0
[outlier] v474  inc_tri=3  worst|M|=5.33333  pos=(-0.894116,-0.631719,0.114014)
[pd-step]     step 340  dof=1875  pd|Δx|_max=0.0417687  pd|Δx|_mean=0.00936833
[avbd-drive] step 341 wrote AVBD output to Particle.pos
[avbd-friction] step 341 applied 180 vert/primitive friction events
[avbd-contact] step 341 projected 14 vert/primitive penetrations
[avbd-selfcoll] step 341 resolved 45  detect=10842 us  resolve=25 us  path=gpu
340..[avbd-step] step 341  dof=1875  iters=16  rc=0  wall=32090 us  |Δx|_max=0.0418358  |Δx|_mean=0.00938905  pred_max=0.0419755  drift_max=0.000796139  drift@v474.y  conv_max=0.00106621  conv_mean=5.42055e-05  nan=0
[outlier] v474  inc_tri=3  worst|M|=5.33333  pos=(-0.910559,-0.649889,0.111071)
[pd-step]     step 341  dof=1875  pd|Δx|_max=0.0419757  pd|Δx|_mean=0.00941443
[avbd-drive] step 342 wrote AVBD output to Particle.pos
[avbd-friction] step 342 applied 176 vert/primitive friction events
[avbd-contact] step 342 projected 13 vert/primitive penetrations
[avbd-selfcoll] step 342 resolved 46  detect=12208 us  resolve=26 us  path=gpu
[avbd-step] step 342  dof=1875  iters=16  rc=0  wall=29152 us  |Δx|_max=0.0419717  |Δx|_mean=0.00943695  pred_max=0.0421381  drift_max=0.000819743  drift@v474.y  conv_max=0.00108719  conv_mean=5.46295e-05  nan=0
[outlier] v474  inc_tri=3  worst|M|=5.33333  pos=(-0.926864,-0.66839,0.108003)
[pd-step]     step 342  dof=1875  pd|Δx|_max=0.0421383  pd|Δx|_mean=0.00946183
[avbd-drive] step 343 wrote AVBD output to Particle.pos
[avbd-friction] step 343 applied 174 vert/primitive friction events
[avbd-contact] step 343 projected 11 vert/primitive penetrations
[avbd-selfcoll] step 343 resolved 46  detect=11265 us  resolve=28 us  path=gpu
[avbd-step] step 343  dof=1875  iters=16  rc=0  wall=28842 us  |Δx|_max=0.0420923  |Δx|_mean=0.0094856  pred_max=0.042274  drift_max=0.000846148  drift@v425.x  conv_max=0.00110626  conv_mean=5.50382e-05  nan=0
[outlier] v425  inc_tri=3  worst|M|=5.33333  pos=(-1.73716,-5.13078,0.464207)
[pd-step]     step 343  dof=1875  pd|Δx|_max=0.0422742  pd|Δx|_mean=0.00950991
[avbd-drive] step 344 wrote AVBD output to Particle.pos
[avbd-friction] step 344 applied 173 vert/primitive friction events
[avbd-contact] step 344 projected 9 vert/primitive penetrations
[avbd-selfcoll] step 344 resolved 48  detect=11686 us  resolve=21 us  path=gpu
[avbd-step] step 344  dof=1875  iters=16  rc=0  wall=28952 us  |Δx|_max=0.0422082  |Δx|_mean=0.00953303  pred_max=0.0423946  drift_max=0.000864863  drift@v425.x  conv_max=0.00112391  conv_mean=5.54342e-05  nan=0
[outlier] v425  inc_tri=3  worst|M|=5.33333  pos=(-1.73522,-5.15386,0.462771)
[pd-step]     step 344  dof=1875  pd|Δx|_max=0.0423948  pd|Δx|_mean=0.0095586
[avbd-drive] step 345 wrote AVBD output to Particle.pos
[avbd-friction] step 345 applied 171 vert/primitive friction events
[avbd-contact] step 345 projected 7 vert/primitive penetrations
[avbd-selfcoll] step 345 resolved 46  detect=11182 us  resolve=24 us  path=gpu
[avbd-step] step 345  dof=1875  iters=16  rc=0  wall=30079 us  |Δx|_max=0.0423346  |Δx|_mean=0.00957969  pred_max=0.0425105  drift_max=0.000909567  drift@v300.z  conv_max=0.00114012  conv_mean=5.58267e-05  nan=0
[outlier] v300  inc_tri=3  worst|M|=5.33333  pos=(-1.63553,-5.1984,0.326913)
[pd-step]     step 345  dof=1875  pd|Δx|_max=0.0425107  pd|Δx|_mean=0.00960613
[avbd-drive] step 346 wrote AVBD output to Particle.pos
[avbd-friction] step 346 applied 166 vert/primitive friction events
[avbd-contact] step 346 projected 6 vert/primitive penetrations
[avbd-selfcoll] step 346 resolved 48  detect=11086 us  resolve=25 us  path=gpu
[avbd-step] step 346  dof=1875  iters=16  rc=0  wall=27382 us  |Δx|_max=0.04249  |Δx|_mean=0.00962639  pred_max=0.0426369  drift_max=0.000970244  drift@v425.x  conv_max=0.0011549  conv_mean=5.6214e-05  nan=0
[outlier] v425  inc_tri=3  worst|M|=5.33333  pos=(-1.73146,-5.20063,0.459597)
[pd-step]     step 346  dof=1875  pd|Δx|_max=0.042637  pd|Δx|_mean=0.00965351
[avbd-drive] step 347 wrote AVBD output to Particle.pos
[avbd-friction] step 347 applied 158 vert/primitive friction events
[avbd-contact] step 347 projected 4 vert/primitive penetrations
[avbd-selfcoll] step 347 resolved 46  detect=10929 us  resolve=23 us  path=gpu
[avbd-step] step 347  dof=1875  iters=16  rc=0  wall=28931 us  |Δx|_max=0.0426664  |Δx|_mean=0.00967575  pred_max=0.0427923  drift_max=0.00103545  drift@v425.x  conv_max=0.00116873  conv_mean=5.65953e-05  nan=0
[outlier] v425  inc_tri=3  worst|M|=5.33333  pos=(-1.72963,-5.22423,0.457877)
[pd-step]     step 347  dof=1875  pd|Δx|_max=0.0427925  pd|Δx|_mean=0.00970124
[avbd-drive] step 348 wrote AVBD output to Particle.pos
[avbd-friction] step 348 applied 155 vert/primitive friction events
[avbd-contact] step 348 projected 4 vert/primitive penetrations
[avbd-selfcoll] step 348 resolved 48  detect=11179 us  resolve=26 us  path=gpu
[avbd-step] step 348  dof=1875  iters=16  rc=0  wall=31768 us  |Δx|_max=0.0428524  |Δx|_mean=0.00972826  pred_max=0.0429688  drift_max=0.0010947  drift@v425.x  conv_max=0.0011816  conv_mean=5.69894e-05  nan=0
[outlier] v425  inc_tri=3  worst|M|=5.33333  pos=(-1.72787,-5.24794,0.45608)
[pd-step]     step 348  dof=1875  pd|Δx|_max=0.0429689  pd|Δx|_mean=0.00975098
[avbd-drive] step 349 wrote AVBD output to Particle.pos
[avbd-friction] step 349 applied 150 vert/primitive friction events
[avbd-contact] step 349 projected 4 vert/primitive penetrations
[avbd-selfcoll] step 349 resolved 48  detect=11468 us  resolve=21 us  path=gpu
[avbd-step] step 349  dof=1875  iters=16  rc=0  wall=34139 us  |Δx|_max=0.0430398  |Δx|_mean=0.0097824  pred_max=0.0431547  drift_max=0.00114691  drift@v425.x  conv_max=0.00119162  conv_mean=5.73935e-05  nan=0
[outlier] v425  inc_tri=3  worst|M|=5.33333  pos=(-1.72619,-5.27172,0.454221)
[pd-step]     step 349  dof=1875  pd|Δx|_max=0.0431549  pd|Δx|_mean=0.0098041
[avbd-drive] step 350 wrote AVBD output to Particle.pos
[avbd-friction] step 350 applied 146 vert/primitive friction events
[avbd-contact] step 350 projected 4 vert/primitive penetrations
[avbd-selfcoll] step 350 resolved 54  detect=12831 us  resolve=21 us  path=gpu
[avbd-step] step 350  dof=1875  iters=16  rc=0  wall=29042 us  |Δx|_max=0.0432234  |Δx|_mean=0.0098372  pred_max=0.0433421  drift_max=0.00119531  drift@v425.x  conv_max=0.00120211  conv_mean=5.77969e-05  nan=0
[outlier] v425  inc_tri=3  worst|M|=5.33333  pos=(-1.72463,-5.2956,0.452322)
[pd-step]     step 350  dof=1875  pd|Δx|_max=0.0433423  pd|Δx|_mean=0.00985871
[avbd-drive] step 351 wrote AVBD output to Particle.pos
[avbd-friction] step 351 applied 145 vert/primitive friction events
[avbd-contact] step 351 projected 4 vert/primitive penetrations
[avbd-selfcoll] step 351 resolved 53  detect=10790 us  resolve=21 us  path=gpu
finished...[phase-timing forward] 350 steps, 72.87 ms/step mean
    solve           27.21 ms/step   37.3%
    contact          0.04 ms/step    0.1%
    self-detect      9.84 ms/step   13.5%
    self-resolve     0.02 ms/step    0.0%
    other           35.76 ms/step   49.1%
    total           25.50 s
init
[avbd-bwd] routing backward through Simulation::stepBackwardAvbd (truncate K=20, IFT=0)
backward started...340..320..300..280..260..240..220..200..180..160..140..120..100..80..60..40..20..finished...
[Simulation::exportSimulation] C:/cloth-dynamics-standalone/output/rotating_sphere-randseed-1-20260922_172514-forwardThresh--9.0-LBFGS//iter1
[32mLoss is: 1.65198194
[0m[32m=========Evaluation Iter 3 ========
[0m[32mTotal Optimization Iter:2
[0mTotal parameters: 1
Total frames: 350
timestep: 0.0056 / 1/180
[35mLBFGS param:
============Parameter Info:======================
mu from prim0:0.375146

[0m[Simulation::runBackwardTask]
forwardConverge set from 0.0000000010 to 0.0000000010
looping over constraints...finished...
forward started...0..[avbd-step] step 1  dof=1875  iters=16  rc=0  wall=49634 us  |Δx|_max=0.000302433  |Δx|_mean=0.000100747  pred_max=0.000302469  drift_max=1.75464e-06  drift@v0.y  conv_max=2.12829e-05  conv_mean=2.67256e-06  nan=0
[outlier] v0  inc_tri=1  worst|M|=5.33333  pos=(-2.25,1.37773e-16,-2.25)
[pd-step]     step 1  dof=1875  pd|Δx|_max=0.000302469  pd|Δx|_mean=0.000100823
[avbd-drive] step 2 wrote AVBD output to Particle.pos
[avbd-step] step 2  dof=1875  iters=16  rc=0  wall=31158 us  |Δx|_max=0.000604831  |Δx|_mean=0.000201419  pred_max=0.000604902  drift_max=3.4991e-06  drift@v0.y  conv_max=4.24422e-05  conv_mean=5.34311e-06  nan=0
[outlier] v0  inc_tri=1  worst|M|=5.33333  pos=(-2.25,-0.000300714,-2.25)
[pd-step]     step 2  dof=1875  pd|Δx|_max=0.000604902  pd|Δx|_mean=0.00020157
[avbd-drive] step 3 wrote AVBD output to Particle.pos
[avbd-friction] step 3 applied 1 vert/primitive friction events
[avbd-step] step 3  dof=1875  iters=16  rc=0  wall=35195 us  |Δx|_max=0.000907192  |Δx|_mean=0.000301695  pred_max=0.0009073  drift_max=5.23345e-06  drift@v0.y  conv_max=6.34788e-05  conv_mean=8.00309e-06  nan=0
[outlier] v0  inc_tri=1  worst|M|=5.33333  pos=(-2.25,-0.000900399,-2.25)
[pd-step]     step 3  dof=1875  pd|Δx|_max=0.0009073  pd|Δx|_mean=0.000301924
[avbd-drive] step 4 wrote AVBD output to Particle.pos
[avbd-friction] step 4 applied 1 vert/primitive friction events
[avbd-step] step 4  dof=1875  iters=16  rc=0  wall=30324 us  |Δx|_max=0.00120952  |Δx|_mean=0.000402059  pred_max=0.00120966  drift_max=6.95791e-06  drift@v0.y  conv_max=8.43932e-05  conv_mean=1.06654e-05  nan=0
[outlier] v0  inc_tri=1  worst|M|=5.33333  pos=(-2.25,-0.00179732,-2.25)
[pd-step]     step 4  dof=1875  pd|Δx|_max=0.00120966  pd|Δx|_mean=0.000402358
[avbd-drive] step 5 wrote AVBD output to Particle.pos
[avbd-friction] step 5 applied 1 vert/primitive friction events
[avbd-step] step 5  dof=1875  iters=16  rc=0  wall=30129 us  |Δx|_max=0.00151181  |Δx|_mean=0.000502359  pred_max=0.00151199  drift_max=8.67154e-06  drift@v0.y  conv_max=0.000105187  conv_mean=1.3326e-05  nan=0
[outlier] v0  inc_tri=1  worst|M|=5.33333  pos=(-2.25,-0.00298975,-2.25)
[pd-step]     step 5  dof=1875  pd|Δx|_max=0.00151199  pd|Δx|_mean=0.000502722
[avbd-drive] step 6 wrote AVBD output to Particle.pos
[avbd-friction] step 6 applied 1 vert/primitive friction events
[avbd-step] step 6  dof=1875  iters=16  rc=0  wall=30035 us  |Δx|_max=0.00181406  |Δx|_mean=0.000602598  pred_max=0.00181428  drift_max=1.03763e-05  drift@v0.y  conv_max=0.000125859  conv_mean=1.59847e-05  nan=0
[outlier] v0  inc_tri=1  worst|M|=5.33333  pos=(-2.25,-0.00447598,-2.25)
[pd-step]     step 6  dof=1875  pd|Δx|_max=0.00181428  pd|Δx|_mean=0.00060302
[avbd-drive] step 7 wrote AVBD output to Particle.pos
[avbd-friction] step 7 applied 2 vert/primitive friction events
[avbd-step] step 7  dof=1875  iters=16  rc=0  wall=29761 us  |Δx|_max=0.00211628  |Δx|_mean=0.000701831  pred_max=0.00211653  drift_max=1.97887e-05  drift@v341.x  conv_max=0.000146412  conv_mean=1.86172e-05  nan=0
[outlier] v341  inc_tri=6  worst|M|=5.33333  pos=(0.749987,-0.0063385,0.187494)
[pd-step]     step 7  dof=1875  pd|Δx|_max=0.00211653  pd|Δx|_mean=0.000702337
[avbd-drive] step 8 wrote AVBD output to Particle.pos
[avbd-friction] step 8 applied 3 vert/primitive friction events
[avbd-step] step 8  dof=1875  iters=16  rc=0  wall=28066 us  |Δx|_max=0.00241846  |Δx|_mean=0.000800679  pred_max=0.00241875  drift_max=2.96831e-05  drift@v365.z  conv_max=0.000166846  conv_mean=2.12392e-05  nan=0
[outlier] v365  inc_tri=6  worst|M|=5.33333  pos=(0.562489,-0.00844776,0.374969)
[pd-step]     step 8  dof=1875  pd|Δx|_max=0.00241875  pd|Δx|_mean=0.000801261
[avbd-drive] step 9 wrote AVBD output to Particle.pos
[avbd-friction] step 9 applied 4 vert/primitive friction events
[avbd-step] step 9  dof=1875  iters=16  rc=0  wall=33219 us  |Δx|_max=0.00272061  |Δx|_mean=0.000899187  pred_max=0.00272093  drift_max=3.22541e-05  drift@v315.z  conv_max=0.00018716  conv_mean=2.38521e-05  nan=0
[outlier] v315  inc_tri=6  worst|M|=5.33333  pos=(0.562523,-0.0108545,5.11429e-05)
[pd-step]     step 9  dof=1875  pd|Δx|_max=0.00272093  pd|Δx|_mean=0.000899806
[avbd-drive] step 10 wrote AVBD output to Particle.pos
[avbd-friction] step 10 applied 6 vert/primitive friction events
[avbd-step] step 10  dof=1875  iters=16  rc=0  wall=30001 us  |Δx|_max=0.00302272  |Δx|_mean=0.000995864  pred_max=0.00302308  drift_max=4.38094e-05  drift@v366.z  conv_max=0.000207355  conv_mean=2.64183e-05  nan=0
[outlier] v366  inc_tri=6  worst|M|=5.33333  pos=(0.74996,-0.0135709,0.374949)
[pd-step]     step 10  dof=1875  pd|Δx|_max=0.00302308  pd|Δx|_mean=0.000996653
[avbd-drive] step 11 wrote AVBD output to Particle.pos
[avbd-friction] step 11 applied 7 vert/primitive friction events
[avbd-step] step 11  dof=1875  iters=16  rc=0  wall=29226 us  |Δx|_max=0.00332479  |Δx|_mean=0.00109355  pred_max=0.00332519  drift_max=4.53609e-05  drift@v316.z  conv_max=0.000227435  conv_mean=2.90096e-05  nan=0
[outlier] v316  inc_tri=6  worst|M|=5.33333  pos=(0.749973,-0.016576,9.93431e-05)
[pd-step]     step 11  dof=1875  pd|Δx|_max=0.00332519  pd|Δx|_mean=0.00109425
[avbd-drive] step 12 wrote AVBD output to Particle.pos
[avbd-friction] step 12 applied 8 vert/primitive friction events
[avbd-step] step 12  dof=1875  iters=16  rc=0  wall=27141 us  |Δx|_max=0.00362683  |Δx|_mean=0.00119102  pred_max=0.00362726  drift_max=5.52833e-05  drift@v364.x  conv_max=0.000247395  conv_mean=3.15945e-05  nan=0
[outlier] v364  inc_tri=6  worst|M|=5.33333  pos=(0.375123,-0.0198807,0.374961)
[pd-step]     step 12  dof=1875  pd|Δx|_max=0.00362726  pd|Δx|_mean=0.00119163
[avbd-drive] step 13 wrote AVBD output to Particle.pos
[avbd-friction] step 13 applied 9 vert/primitive friction events
[avbd-step] step 13  dof=1875  iters=16  rc=0  wall=30619 us  |Δx|_max=0.00392883  |Δx|_mean=0.00128818  pred_max=0.0039293  drift_max=6.83069e-05  drift@v314.x  conv_max=0.000267241  conv_mean=3.41699e-05  nan=0
[outlier] v314  inc_tri=6  worst|M|=5.33333  pos=(0.375163,-0.0234885,0.000138771)
[pd-step]     step 13  dof=1875  pd|Δx|_max=0.0039293  pd|Δx|_mean=0.00128875
[avbd-drive] step 14 wrote AVBD output to Particle.pos
[avbd-friction] step 14 applied 10 vert/primitive friction events
[avbd-step] step 14  dof=1875  iters=16  rc=0  wall=29601 us  |Δx|_max=0.0042308  |Δx|_mean=0.00138518  pred_max=0.0042313  drift_max=8.89897e-05  drift@v342.x  conv_max=0.00028697  conv_mean=3.67395e-05  nan=0
[outlier] v342  inc_tri=6  worst|M|=5.33333  pos=(0.937195,-0.0273498,0.18745)
[pd-step]     step 14  dof=1875  pd|Δx|_max=0.0042313  pd|Δx|_mean=0.00138556
[avbd-drive] step 15 wrote AVBD output to Particle.pos
[avbd-friction] step 15 applied 10 vert/primitive friction events
[avbd-step] step 15  dof=1875  iters=16  rc=0  wall=31605 us  |Δx|_max=0.00453273  |Δx|_mean=0.00148449  pred_max=0.00453327  drift_max=0.00010556  drift@v366.z  conv_max=0.00030658  conv_mean=3.93661e-05  nan=0
[outlier] v366  inc_tri=6  worst|M|=5.33333  pos=(0.75015,-0.0151282,0.375163)
[pd-step]     step 15  dof=1875  pd|Δx|_max=0.00453327  pd|Δx|_mean=0.0014843
[avbd-drive] step 16 wrote AVBD output to Particle.pos
[avbd-friction] step 16 applied 12 vert/primitive friction events
[avbd-step] step 16  dof=1875  iters=16  rc=0  wall=32463 us  |Δx|_max=0.00483463  |Δx|_mean=0.00157906  pred_max=0.0048352  drift_max=0.00010407  drift@v367.x  conv_max=0.000326075  conv_mean=4.1851e-05  nan=0
[outlier] v367  inc_tri=6  worst|M|=5.33333  pos=(0.93709,-0.0360155,0.374748)
[pd-step]     step 16  dof=1875  pd|Δx|_max=0.0048352  pd|Δx|_mean=0.00157908
[avbd-drive] step 17 wrote AVBD output to Particle.pos
[avbd-friction] step 17 applied 15 vert/primitive friction events
[avbd-step] step 17  dof=1875  iters=16  rc=0  wall=30130 us  |Δx|_max=0.00513648  |Δx|_mean=0.0016702  pred_max=0.00513709  drift_max=0.000134528  drift@v391.z  conv_max=0.000345461  conv_mean=4.42449e-05  nan=0
[outlier] v391  inc_tri=6  worst|M|=5.33333  pos=(0.749749,-0.0407181,0.561927)
[pd-step]     step 17  dof=1875  pd|Δx|_max=0.00513709  pd|Δx|_mean=0.00167058
[avbd-drive] step 18 wrote AVBD output to Particle.pos
[avbd-friction] step 18 applied 18 vert/primitive friction events
[avbd-step] step 18  dof=1875  iters=16  rc=0  wall=29662 us  |Δx|_max=0.00543831  |Δx|_mean=0.0017605  pred_max=0.00543895  drift_max=0.000162959  drift@v314.x  conv_max=0.000364725  conv_mean=4.66188e-05  nan=0
[outlier] v314  inc_tri=6  worst|M|=5.33333  pos=(0.37482,-0.0250494,-0.000174875)
[pd-step]     step 18  dof=1875  pd|Δx|_max=0.00543895  pd|Δx|_mean=0.00176083
[avbd-drive] step 19 wrote AVBD output to Particle.pos
[avbd-friction] step 19 applied 21 vert/primitive friction events
[avbd-step] step 19  dof=1875  iters=16  rc=0  wall=37138 us  |Δx|_max=0.00574009  |Δx|_mean=0.00184997  pred_max=0.00574077  drift_max=0.0001598  drift@v342.x  conv_max=0.000383869  conv_mean=4.89652e-05  nan=0
[outlier] v342  inc_tri=6  worst|M|=5.33333  pos=(0.937651,-0.0289085,0.187439)
[pd-step]     step 19  dof=1875  pd|Δx|_max=0.00574077  pd|Δx|_mean=0.00185042
[avbd-drive] step 20 wrote AVBD output to Particle.pos
[avbd-friction] step 20 applied 21 vert/primitive friction events
[avbd-step] step 20  dof=1875  iters=16  rc=0  wall=35387 us  |Δx|_max=0.00604185  |Δx|_mean=0.0019484  pred_max=0.00604256  drift_max=0.00020057  drift@v342.x  conv_max=0.000402901  conv_mean=5.15626e-05  nan=0
[outlier] v342  inc_tri=6  worst|M|=5.33333  pos=(0.937877,-0.0292628,0.187456)
[pd-step]     step 20  dof=1875  pd|Δx|_max=0.00604256  pd|Δx|_mean=0.00194701
[avbd-drive] step 21 wrote AVBD output to Particle.pos
[avbd-friction] step 21 applied 22 vert/primitive friction events
20..[avbd-step] step 21  dof=1875  iters=16  rc=0  wall=28394 us  |Δx|_max=0.00634357  |Δx|_mean=0.00204457  pred_max=0.00634432  drift_max=0.000234067  drift@v342.x  conv_max=0.000421807  conv_mean=5.40546e-05  nan=0
[outlier] v342  inc_tri=6  worst|M|=5.33333  pos=(0.938168,-0.0296558,0.187483)
[pd-step]     step 21  dof=1875  pd|Δx|_max=0.00634432  pd|Δx|_mean=0.00204245
[avbd-drive] step 22 wrote AVBD output to Particle.pos
[avbd-friction] step 22 applied 24 vert/primitive friction events
[avbd-step] step 22  dof=1875  iters=16  rc=0  wall=29367 us  |Δx|_max=0.00664525  |Δx|_mean=0.00213766  pred_max=0.00664604  drift_max=0.000227571  drift@v390.z  conv_max=0.000440605  conv_mean=5.64493e-05  nan=0
[outlier] v390  inc_tri=6  worst|M|=5.33333  pos=(0.562437,-0.0378553,0.562685)
[pd-step]     step 22  dof=1875  pd|Δx|_max=0.00664604  pd|Δx|_mean=0.00213496
[avbd-drive] step 23 wrote AVBD output to Particle.pos
[avbd-friction] step 23 applied 27 vert/primitive friction events
[avbd-step] step 23  dof=1875  iters=16  rc=0  wall=33219 us  |Δx|_max=0.00694689  |Δx|_mean=0.00222671  pred_max=0.00694772  drift_max=0.000258625  drift@v313.x  conv_max=0.000459269  conv_mean=5.87304e-05  nan=0
[outlier] v313  inc_tri=6  worst|M|=5.33333  pos=(0.187712,-0.0524371,6.40006e-05)
[pd-step]     step 23  dof=1875  pd|Δx|_max=0.00694772  pd|Δx|_mean=0.00222408
[avbd-drive] step 24 wrote AVBD output to Particle.pos
[avbd-friction] step 24 applied 31 vert/primitive friction events
[avbd-step] step 24  dof=1875  iters=16  rc=0  wall=32921 us  |Δx|_max=0.0072485  |Δx|_mean=0.00231055  pred_max=0.00724936  drift_max=0.000272125  drift@v338.x  conv_max=0.000477821  conv_mean=6.08786e-05  nan=0
[outlier] v338  inc_tri=6  worst|M|=5.33333  pos=(0.187382,-0.047639,0.18751)
[pd-step]     step 24  dof=1875  pd|Δx|_max=0.00724936  pd|Δx|_mean=0.0023086
[avbd-drive] step 25 wrote AVBD output to Particle.pos
[avbd-friction] step 25 applied 34 vert/primitive friction events
[avbd-step] step 25  dof=1875  iters=16  rc=0  wall=35731 us  |Δx|_max=0.00755007  |Δx|_mean=0.0023979  pred_max=0.00755097  drift_max=0.000285864  drift@v363.x  conv_max=0.000496238  conv_mean=6.31346e-05  nan=0
[outlier] v363  inc_tri=6  worst|M|=5.33333  pos=(0.187364,-0.053126,0.375142)
[pd-step]     step 25  dof=1875  pd|Δx|_max=0.00755097  pd|Δx|_mean=0.00239469
[avbd-drive] step 26 wrote AVBD output to Particle.pos
[avbd-friction] step 26 applied 36 vert/primitive friction events
[avbd-step] step 26  dof=1875  iters=16  rc=0  wall=33228 us  |Δx|_max=0.00785161  |Δx|_mean=0.00248967  pred_max=0.00785254  drift_max=0.00030382  drift@v393.y  conv_max=0.000514537  conv_mean=6.54863e-05  nan=0
[outlier] v393  inc_tri=6  worst|M|=5.33333  pos=(1.12304,-0.0969535,0.560985)
[pd-step]     step 26  dof=1875  pd|Δx|_max=0.00785254  pd|Δx|_mean=0.00248459
[avbd-drive] step 27 wrote AVBD output to Particle.pos
[avbd-friction] step 27 applied 40 vert/primitive friction events
[avbd-step] step 27  dof=1875  iters=16  rc=0  wall=29368 us  |Δx|_max=0.00815311  |Δx|_mean=0.00257201  pred_max=0.00815408  drift_max=0.000343323  drift@v343.x  conv_max=0.000532694  conv_mean=6.75591e-05  nan=0
[outlier] v343  inc_tri=6  worst|M|=5.33333  pos=(1.12448,-0.0702724,0.187444)
[pd-step]     step 27  dof=1875  pd|Δx|_max=0.00815408  pd|Δx|_mean=0.00256814
[avbd-drive] step 28 wrote AVBD output to Particle.pos
[avbd-friction] step 28 applied 41 vert/primitive friction events
[avbd-step] step 28  dof=1875  iters=16  rc=0  wall=35824 us  |Δx|_max=0.00845457  |Δx|_mean=0.0026675  pred_max=0.00845558  drift_max=0.000393271  drift@v343.x  conv_max=0.000550732  conv_mean=7.00066e-05  nan=0
[outlier] v343  inc_tri=6  worst|M|=5.33333  pos=(1.12496,-0.0706872,0.187469)
[pd-step]     step 28  dof=1875  pd|Δx|_max=0.00845558  pd|Δx|_mean=0.00266025
[avbd-drive] step 29 wrote AVBD output to Particle.pos
[avbd-friction] step 29 applied 43 vert/primitive friction events
[avbd-step] step 29  dof=1875  iters=16  rc=0  wall=28592 us  |Δx|_max=0.00875598  |Δx|_mean=0.00276071  pred_max=0.00875704  drift_max=0.000431418  drift@v343.x  conv_max=0.000568613  conv_mean=7.23003e-05  nan=0
[outlier] v343  inc_tri=6  worst|M|=5.33333  pos=(1.12555,-0.0711827,0.187472)
[pd-step]     step 29  dof=1875  pd|Δx|_max=0.00875704  pd|Δx|_mean=0.00275125
[avbd-drive] step 30 wrote AVBD output to Particle.pos
[avbd-friction] step 30 applied 46 vert/primitive friction events
[avbd-step] step 30  dof=1875  iters=16  rc=0  wall=27781 us  |Δx|_max=0.00905736  |Δx|_mean=0.00284897  pred_max=0.00905845  drift_max=0.000455081  drift@v415.z  conv_max=0.000586361  conv_mean=7.44331e-05  nan=0
[outlier] v415  inc_tri=6  worst|M|=5.33333  pos=(0.562348,-0.0779774,0.750435)
[pd-step]     step 30  dof=1875  pd|Δx|_max=0.00905845  pd|Δx|_mean=0.00283917
[avbd-drive] step 31 wrote AVBD output to Particle.pos
[avbd-friction] step 31 applied 49 vert/primitive friction events
[avbd-step] step 31  dof=1875  iters=16  rc=0  wall=31343 us  |Δx|_max=0.00935869  |Δx|_mean=0.0029371  pred_max=0.00935982  drift_max=0.000524551  drift@v418.y  conv_max=0.000603944  conv_mean=7.65459e-05  nan=0
[outlier] v418  inc_tri=6  worst|M|=5.33333  pos=(1.1217,-0.138319,0.746661)
[pd-step]     step 31  dof=1875  pd|Δx|_max=0.00935983  pd|Δx|_mean=0.002926
[avbd-drive] step 32 wrote AVBD output to Particle.pos
[avbd-friction] step 32 applied 53 vert/primitive friction events
[avbd-step] step 32  dof=1875  iters=16  rc=0  wall=36899 us  |Δx|_max=0.00965996  |Δx|_mean=0.00301994  pred_max=0.00966115  drift_max=0.000501317  drift@v337.x  conv_max=0.000621364  conv_mean=7.85031e-05  nan=0
[outlier] v337  inc_tri=6  worst|M|=5.33333  pos=(-0.000282497,-0.0919086,0.187661)
[pd-step]     step 32  dof=1875  pd|Δx|_max=0.00966116  pd|Δx|_mean=0.00300859
[avbd-drive] step 33 wrote AVBD output to Particle.pos
[avbd-friction] step 33 applied 58 vert/primitive friction events
[avbd-step] step 33  dof=1875  iters=16  rc=0  wall=30131 us  |Δx|_max=0.00996117  |Δx|_mean=0.00309675  pred_max=0.00996242  drift_max=0.000510617  drift@v362.x  conv_max=0.000638619  conv_mean=8.0279e-05  nan=0
[outlier] v362  inc_tri=6  worst|M|=5.33333  pos=(-5.72525e-05,-0.0992307,0.37509)
[pd-step]     step 33  dof=1875  pd|Δx|_max=0.00996243  pd|Δx|_mean=0.00308573
[avbd-drive] step 34 wrote AVBD output to Particle.pos
[avbd-friction] step 34 applied 63 vert/primitive friction events
[avbd-step] step 34  dof=1875  iters=16  rc=0  wall=30425 us  |Δx|_max=0.0102623  |Δx|_mean=0.00317204  pred_max=0.0102636  drift_max=0.00068529  drift@v262.y  conv_max=0.000655726  conv_mean=8.2024e-05  nan=0
[outlier] v262  inc_tri=6  worst|M|=5.33333  pos=(0.00453241,-0.166424,-0.370575)
[pd-step]     step 34  dof=1875  pd|Δx|_max=0.0102636  pd|Δx|_mean=0.00316068
[avbd-drive] step 35 wrote AVBD output to Particle.pos
[avbd-friction] step 35 applied 66 vert/primitive friction events
[avbd-step] step 35  dof=1875  iters=16  rc=0  wall=29136 us  |Δx|_max=0.0105634  |Δx|_mean=0.00325814  pred_max=0.0105648  drift_max=0.000598788  drift@v238.y  conv_max=0.000672579  conv_mean=8.40563e-05  nan=0
[outlier] v238  inc_tri=6  worst|M|=5.33333  pos=(0.19078,-0.176187,-0.557051)
[pd-step]     step 35  dof=1875  pd|Δx|_max=0.0105648  pd|Δx|_mean=0.00324301
[avbd-drive] step 36 wrote AVBD output to Particle.pos
[avbd-friction] step 36 applied 68 vert/primitive friction events
[avbd-step] step 36  dof=1875  iters=16  rc=0  wall=28508 us  |Δx|_max=0.0108645  |Δx|_mean=0.00335206  pred_max=0.0108659  drift_max=0.000699922  drift@v286.y  conv_max=0.000689298  conv_mean=8.61867e-05  nan=0
[outlier] v286  inc_tri=6  worst|M|=5.33333  pos=(-0.181127,-0.185367,-0.184011)
[pd-step]     step 36  dof=1875  pd|Δx|_max=0.0108659  pd|Δx|_mean=0.00333246
[avbd-drive] step 37 wrote AVBD output to Particle.pos
[avbd-friction] step 37 applied 69 vert/primitive friction events
[avbd-step] step 37  dof=1875  iters=16  rc=0  wall=30297 us  |Δx|_max=0.0111654  |Δx|_mean=0.00345364  pred_max=0.0111669  drift_max=0.000918537  drift@v419.y  conv_max=0.000705779  conv_mean=8.84429e-05  nan=0
[outlier] v419  inc_tri=6  worst|M|=5.33333  pos=(1.30565,-0.196313,0.744512)
[pd-step]     step 37  dof=1875  pd|Δx|_max=0.0111669  pd|Δx|_mean=0.00342906
[avbd-drive] step 38 wrote AVBD output to Particle.pos
[avbd-friction] step 38 applied 72 vert/primitive friction events
[avbd-step] step 38  dof=1875  iters=16  rc=0  wall=28829 us  |Δx|_max=0.0114662  |Δx|_mean=0.00354457  pred_max=0.0114678  drift_max=0.000765681  drift@v269.y  conv_max=0.000722051  conv_mean=9.03653e-05  nan=0
[outlier] v269  inc_tri=6  worst|M|=5.33333  pos=(1.30515,-0.205713,-0.369817)
[pd-step]     step 38  dof=1875  pd|Δx|_max=0.0114678  pd|Δx|_mean=0.00351923
[avbd-drive] step 39 wrote AVBD output to Particle.pos
[avbd-friction] step 39 applied 78 vert/primitive friction events
[avbd-step] step 39  dof=1875  iters=16  rc=0  wall=29426 us  |Δx|_max=0.0117669  |Δx|_mean=0.00361723  pred_max=0.0117687  drift_max=0.000897035  drift@v237.y  conv_max=0.000738069  conv_mean=9.18147e-05  nan=0
[outlier] v237  inc_tri=6  worst|M|=5.33333  pos=(0.0060316,-0.219472,-0.555346)
[pd-step]     step 39  dof=1875  pd|Δx|_max=0.0117687  pd|Δx|_mean=0.00359343
[avbd-drive] step 40 wrote AVBD output to Particle.pos
[avbd-friction] step 40 applied 82 vert/primitive friction events
[avbd-step] step 40  dof=1875  iters=16  rc=0  wall=29789 us  |Δx|_max=0.0120675  |Δx|_mean=0.00370004  pred_max=0.0120694  drift_max=0.00114456  drift@v237.y  conv_max=0.000753835  conv_mean=9.35603e-05  nan=0
[outlier] v237  inc_tri=6  worst|M|=5.33333  pos=(0.0070959,-0.228919,-0.554184)
[pd-step]     step 40  dof=1875  pd|Δx|_max=0.0120694  pd|Δx|_mean=0.0036732
[avbd-drive] step 41 wrote AVBD output to Particle.pos
[avbd-friction] step 41 applied 89 vert/primitive friction events
40..[avbd-step] step 41  dof=1875  iters=16  rc=0  wall=31745 us  |Δx|_max=0.012368  |Δx|_mean=0.0037637  pred_max=0.01237  drift_max=0.000975594  drift@v467.y  conv_max=0.000769317  conv_mean=9.48314e-05  nan=0
[outlier] v467  inc_tri=6  worst|M|=5.33333  pos=(0.932967,-0.237892,1.11381)
[pd-step]     step 41  dof=1875  pd|Δx|_max=0.01237  pd|Δx|_mean=0.00373989
[avbd-drive] step 42 wrote AVBD output to Particle.pos
[avbd-friction] step 42 applied 92 vert/primitive friction events
[avbd-step] step 42  dof=1875  iters=16  rc=0  wall=29135 us  |Δx|_max=0.0126683  |Δx|_mean=0.00385231  pred_max=0.0126705  drift_max=0.00122666  drift@v444.y  conv_max=0.000784487  conv_mean=9.67768e-05  nan=0
[outlier] v444  inc_tri=6  worst|M|=5.33333  pos=(1.30262,-0.253259,0.928042)
[pd-step]     step 42  dof=1875  pd|Δx|_max=0.0126705  pd|Δx|_mean=0.00382097
[avbd-drive] step 43 wrote AVBD output to Particle.pos
[avbd-friction] step 43 applied 95 vert/primitive friction events
[avbd-step] step 43  dof=1875  iters=16  rc=0  wall=29228 us  |Δx|_max=0.0129684  |Δx|_mean=0.00394305  pred_max=0.0129707  drift_max=0.00109866  drift@v213.y  conv_max=0.000799388  conv_mean=9.86291e-05  nan=0
[outlier] v213  inc_tri=6  worst|M|=5.33333  pos=(0.193038,-0.260885,-0.737938)
[pd-step]     step 43  dof=1875  pd|Δx|_max=0.0129708  pd|Δx|_mean=0.00390694
[avbd-drive] step 44 wrote AVBD output to Particle.pos
[avbd-friction] step 44 applied 98 vert/primitive friction events
[avbd-step] step 44  dof=1875  iters=16  rc=0  wall=31095 us  |Δx|_max=0.0132682  |Δx|_mean=0.00402806  pred_max=0.0132708  drift_max=0.00118813  drift@v236.y  conv_max=0.000813961  conv_mean=0.000100263  nan=0
[outlier] v236  inc_tri=6  worst|M|=5.33333  pos=(-0.177396,-0.279575,-0.552593)
[pd-step]     step 44  dof=1875  pd|Δx|_max=0.0132708  pd|Δx|_mean=0.00399047
[avbd-drive] step 45 wrote AVBD output to Particle.pos
[avbd-friction] step 45 applied 101 vert/primitive friction events
[avbd-step] step 45  dof=1875  iters=16  rc=0  wall=34035 us  |Δx|_max=0.0135678  |Δx|_mean=0.00411843  pred_max=0.0135707  drift_max=0.00151601  drift@v236.y  conv_max=0.000828087  conv_mean=0.000102036  nan=0
[outlier] v236  inc_tri=6  worst|M|=5.33333  pos=(-0.176163,-0.28977,-0.551327)
[pd-step]     step 45  dof=1875  pd|Δx|_max=0.0135707  pd|Δx|_mean=0.00407734
[avbd-drive] step 46 wrote AVBD output to Particle.pos
[avbd-friction] step 46 applied 106 vert/primitive friction events
[avbd-step] step 46  dof=1875  iters=16  rc=0  wall=32350 us  |Δx|_max=0.0138671  |Δx|_mean=0.00418774  pred_max=0.0138703  drift_max=0.00133789  drift@v212.y  conv_max=0.000841886  conv_mean=0.000103148  nan=0
[outlier] v212  inc_tri=6  worst|M|=5.33333  pos=(0.0092336,-0.301937,-0.736061)
[pd-step]     step 46  dof=1875  pd|Δx|_max=0.0138703  pd|Δx|_mean=0.00414892
[avbd-drive] step 47 wrote AVBD output to Particle.pos
[avbd-friction] step 47 applied 105 vert/primitive friction events
[avbd-step] step 47  dof=1875  iters=16  rc=0  wall=32958 us  |Δx|_max=0.0141661  |Δx|_mean=0.00428515  pred_max=0.0141696  drift_max=0.00149387  drift@v212.y  conv_max=0.000855267  conv_mean=0.000104993  nan=0
[outlier] v212  inc_tri=6  worst|M|=5.33333  pos=(0.0103865,-0.311207,-0.734343)
[pd-step]     step 47  dof=1875  pd|Δx|_max=0.0141696  pd|Δx|_mean=0.00423807
[avbd-drive] step 48 wrote AVBD output to Particle.pos
[avbd-friction] step 48 applied 113 vert/primitive friction events
[avbd-step] step 48  dof=1875  iters=16  rc=0  wall=30456 us  |Δx|_max=0.0144647  |Δx|_mean=0.00435558  pred_max=0.0144686  drift_max=0.00156835  drift@v445.y  conv_max=0.000868231  conv_mean=0.000106125  nan=0
[outlier] v445  inc_tri=6  worst|M|=5.33333  pos=(1.48178,-0.328303,0.923362)
[pd-step]     step 48  dof=1875  pd|Δx|_max=0.0144686  pd|Δx|_mean=0.00431214
[avbd-drive] step 49 wrote AVBD output to Particle.pos
[avbd-friction] step 49 applied 118 vert/primitive friction events
[avbd-step] step 49  dof=1875  iters=16  rc=0  wall=29395 us  |Δx|_max=0.0147628  |Δx|_mean=0.00443171  pred_max=0.0147671  drift_max=0.00161523  drift@v469.y  conv_max=0.000880718  conv_mean=0.000107363  nan=0
[outlier] v469  inc_tri=6  worst|M|=5.33333  pos=(1.2966,-0.337881,1.1064)
[pd-step]     step 49  dof=1875  pd|Δx|_max=0.0147671  pd|Δx|_mean=0.00438451
[avbd-drive] step 50 wrote AVBD output to Particle.pos
[avbd-friction] step 50 applied 122 vert/primitive friction events
[avbd-step] step 50  dof=1875  iters=16  rc=0  wall=29187 us  |Δx|_max=0.0150606  |Δx|_mean=0.00451084  pred_max=0.0150653  drift_max=0.00162372  drift@v211.y  conv_max=0.000892788  conv_mean=0.000108678  nan=0
[outlier] v211  inc_tri=6  worst|M|=5.33333  pos=(-0.173653,-0.358631,-0.733184)
[pd-step]     step 50  dof=1875  pd|Δx|_max=0.0150653  pd|Δx|_mean=0.00446003
[avbd-drive] step 51 wrote AVBD output to Particle.pos
[avbd-friction] step 51 applied 123 vert/primitive friction events
[avbd-step] step 51  dof=1875  iters=16  rc=0  wall=30058 us  |Δx|_max=0.0153578  |Δx|_mean=0.0045965  pred_max=0.015363  drift_max=0.00189152  drift@v211.y  conv_max=0.000904232  conv_mean=0.000110047  nan=0
[outlier] v211  inc_tri=6  worst|M|=5.33333  pos=(-0.172362,-0.368731,-0.73152)
[pd-step]     step 51  dof=1875  pd|Δx|_max=0.015363  pd|Δx|_mean=0.00454044
[avbd-drive] step 52 wrote AVBD output to Particle.pos
[avbd-friction] step 52 applied 128 vert/primitive friction events
[avbd-step] step 52  dof=1875  iters=16  rc=0  wall=29399 us  |Δx|_max=0.0156544  |Δx|_mean=0.00467202  pred_max=0.0156602  drift_max=0.00197351  drift@v211.y  conv_max=0.000915259  conv_mean=0.000111119  nan=0
[outlier] v211  inc_tri=6  worst|M|=5.33333  pos=(-0.171108,-0.377242,-0.729912)
[pd-step]     step 52  dof=1875  pd|Δx|_max=0.0156602  pd|Δx|_mean=0.00461676
[avbd-drive] step 53 wrote AVBD output to Particle.pos
[avbd-friction] step 53 applied 130 vert/primitive friction events
[avbd-step] step 53  dof=1875  iters=16  rc=0  wall=28408 us  |Δx|_max=0.0159504  |Δx|_mean=0.00474788  pred_max=0.0159568  drift_max=0.00194365  drift@v470.y  conv_max=0.00092569  conv_mean=0.000112211  nan=0
[outlier] v470  inc_tri=6  worst|M|=5.33333  pos=(1.47648,-0.401569,1.10208)
[pd-step]     step 53  dof=1875  pd|Δx|_max=0.0159569  pd|Δx|_mean=0.00469067
[avbd-drive] step 54 wrote AVBD output to Particle.pos
[avbd-friction] step 54 applied 131 vert/primitive friction events
[avbd-step] step 54  dof=1875  iters=16  rc=0  wall=28256 us  |Δx|_max=0.0162457  |Δx|_mean=0.00482367  pred_max=0.0162528  drift_max=0.00217554  drift@v470.y  conv_max=0.000935525  conv_mean=0.000113355  nan=0
[outlier] v470  inc_tri=6  worst|M|=5.33333  pos=(1.47426,-0.41139,1.09978)
[pd-step]     step 54  dof=1875  pd|Δx|_max=0.0162529  pd|Δx|_mean=0.00476649
[avbd-drive] step 55 wrote AVBD output to Particle.pos
[avbd-friction] step 55 applied 129 vert/primitive friction events
[avbd-step] step 55  dof=1875  iters=16  rc=0  wall=35888 us  |Δx|_max=0.0165402  |Δx|_mean=0.00492  pred_max=0.0165481  drift_max=0.00191751  drift@v446.y  conv_max=0.000944853  conv_mean=0.000115054  nan=0
[outlier] v446  inc_tri=6  worst|M|=5.33333  pos=(1.65367,-0.426478,0.914567)
[pd-step]     step 55  dof=1875  pd|Δx|_max=0.0165481  pd|Δx|_mean=0.00485963
[avbd-drive] step 56 wrote AVBD output to Particle.pos
[avbd-friction] step 56 applied 133 vert/primitive friction events
[avbd-step] step 56  dof=1875  iters=16  rc=0  wall=27693 us  |Δx|_max=0.0168339  |Δx|_mean=0.00496135  pred_max=0.0168426  drift_max=0.00202271  drift@v210.y  conv_max=0.000953466  conv_mean=0.000115391  nan=0
[outlier] v210  inc_tri=6  worst|M|=5.33333  pos=(-0.352971,-0.445409,-0.727352)
[pd-step]     step 56  dof=1875  pd|Δx|_max=0.0168426  pd|Δx|_mean=0.00491081
[avbd-drive] step 57 wrote AVBD output to Particle.pos
[avbd-friction] step 57 applied 136 vert/primitive friction events
[avbd-step] step 57  dof=1875  iters=16  rc=0  wall=32802 us  |Δx|_max=0.0171268  |Δx|_mean=0.0050389  pred_max=0.0171364  drift_max=0.00224787  drift@v210.y  conv_max=0.000961542  conv_mean=0.000116652  nan=0
[outlier] v210  inc_tri=6  worst|M|=5.33333  pos=(-0.351634,-0.454912,-0.725885)
[pd-step]     step 57  dof=1875  pd|Δx|_max=0.0171364  pd|Δx|_mean=0.00498054
[avbd-drive] step 58 wrote AVBD output to Particle.pos
[avbd-friction] step 58 applied 139 vert/primitive friction events
[avbd-step] step 58  dof=1875  iters=16  rc=0  wall=31546 us  |Δx|_max=0.0174188  |Δx|_mean=0.00510964  pred_max=0.0174293  drift_max=0.00224876  drift@v210.y  conv_max=0.000969052  conv_mean=0.000117762  nan=0
[outlier] v210  inc_tri=6  worst|M|=5.33333  pos=(-0.350506,-0.462471,-0.724616)
[pd-step]     step 58  dof=1875  pd|Δx|_max=0.0174293  pd|Δx|_mean=0.00505301
[avbd-drive] step 59 wrote AVBD output to Particle.pos
[avbd-friction] step 59 applied 141 vert/primitive friction events
[avbd-step] step 59  dof=1875  iters=16  rc=0  wall=28518 us  |Δx|_max=0.0177099  |Δx|_mean=0.0051629  pred_max=0.0177213  drift_max=0.00230277  drift@v471.y  conv_max=0.000976175  conv_mean=0.000118405  nan=0
[outlier] v471  inc_tri=6  worst|M|=5.33333  pos=(1.64761,-0.495777,1.09006)
[pd-step]     step 59  dof=1875  pd|Δx|_max=0.0177213  pd|Δx|_mean=0.00510871
[avbd-drive] step 60 wrote AVBD output to Particle.pos
[avbd-friction] step 60 applied 146 vert/primitive friction events
[avbd-step] step 60  dof=1875  iters=16  rc=0  wall=32292 us  |Δx|_max=0.0180001  |Δx|_mean=0.00523515  pred_max=0.0180124  drift_max=0.0024209  drift@v471.y  conv_max=0.000983715  conv_mean=0.000119531  nan=0
[outlier] v471  inc_tri=6  worst|M|=5.33333  pos=(1.64452,-0.505602,1.08717)
[pd-step]     step 60  dof=1875  pd|Δx|_max=0.0180124  pd|Δx|_mean=0.00517505
[avbd-drive] step 61 wrote AVBD output to Particle.pos
[avbd-friction] step 61 applied 152 vert/primitive friction events
60..[avbd-step] step 61  dof=1875  iters=16  rc=0  wall=32488 us  |Δx|_max=0.0186816  |Δx|_mean=0.005272  pred_max=0.0183026  drift_max=0.00184447  drift@v447.y  conv_max=0.000991046  conv_mean=0.000119899  nan=0
[outlier] v447  inc_tri=6  worst|M|=5.33333  pos=(1.8201,-0.528783,0.902101)
[pd-step]     step 61  dof=1875  pd|Δx|_max=0.0183026  pd|Δx|_mean=0.00521706
[avbd-drive] step 62 wrote AVBD output to Particle.pos
[avbd-friction] step 62 applied 152 vert/primitive friction events
[avbd-step] step 62  dof=1875  iters=16  rc=0  wall=32413 us  |Δx|_max=0.0194687  |Δx|_mean=0.00532821  pred_max=0.0189841  drift_max=0.00206292  drift@v185.y  conv_max=0.000997961  conv_mean=0.000120777  nan=0
[outlier] v185  inc_tri=6  worst|M|=5.33333  pos=(-0.346945,-0.542464,-0.902378)
[pd-step]     step 62  dof=1875  pd|Δx|_max=0.0189841  pd|Δx|_mean=0.00526697
[avbd-drive] step 63 wrote AVBD output to Particle.pos
[avbd-friction] step 63 applied 159 vert/primitive friction events
[avbd-step] step 63  dof=1875  iters=16  rc=0  wall=32278 us  |Δx|_max=0.0200354  |Δx|_mean=0.00535553  pred_max=0.0197712  drift_max=0.00220639  drift@v185.y  conv_max=0.00100476  conv_mean=0.000120872  nan=0
[outlier] v185  inc_tri=6  worst|M|=5.33333  pos=(-0.345448,-0.552201,-0.900417)
[pd-step]     step 63  dof=1875  pd|Δx|_max=0.0197711  pd|Δx|_mean=0.00530198
[avbd-drive] step 64 wrote AVBD output to Particle.pos
[avbd-friction] step 64 applied 160 vert/primitive friction events
[avbd-step] step 64  dof=1875  iters=16  rc=0  wall=30765 us  |Δx|_max=0.0202715  |Δx|_mean=0.00541484  pred_max=0.0203379  drift_max=0.00247985  drift@v496.y  conv_max=0.00101113  conv_mean=0.00012161  nan=0
[outlier] v496  inc_tri=6  worst|M|=5.33333  pos=(1.63887,-0.584952,1.25849)
[pd-step]     step 64  dof=1875  pd|Δx|_max=0.0203379  pd|Δx|_mean=0.00535427
[avbd-drive] step 65 wrote AVBD output to Particle.pos
[avbd-friction] step 65 applied 162 vert/primitive friction events
[avbd-step] step 65  dof=1875  iters=16  rc=0  wall=28363 us  |Δx|_max=0.020203  |Δx|_mean=0.00546133  pred_max=0.020574  drift_max=0.00277162  drift@v324.x  conv_max=0.00101733  conv_mean=0.000122098  nan=0
[outlier] v324  inc_tri=3  worst|M|=5.33333  pos=(2.14943,-0.624414,0.0101968)
[pd-step]     step 65  dof=1875  pd|Δx|_max=0.020574  pd|Δx|_mean=0.00540712
[avbd-drive] step 66 wrote AVBD output to Particle.pos
[avbd-friction] step 66 applied 161 vert/primitive friction events
[avbd-step] step 66  dof=1875  iters=16  rc=0  wall=28530 us  |Δx|_max=0.0208426  |Δx|_mean=0.00550301  pred_max=0.0205055  drift_max=0.00370502  drift@v324.x  conv_max=0.00102323  conv_mean=0.000122507  nan=0
[outlier] v324  inc_tri=3  worst|M|=5.33333  pos=(2.13911,-0.644617,0.0108923)
[pd-step]     step 66  dof=1875  pd|Δx|_max=0.0205055  pd|Δx|_mean=0.00544486
[avbd-drive] step 67 wrote AVBD output to Particle.pos
[avbd-friction] step 67 applied 166 vert/primitive friction events
[avbd-step] step 67  dof=1875  iters=16  rc=0  wall=33232 us  |Δx|_max=0.0217476  |Δx|_mean=0.00555941  pred_max=0.021145  drift_max=0.00453377  drift@v324.x  conv_max=0.00102901  conv_mean=0.000123146  nan=0
[outlier] v324  inc_tri=3  worst|M|=5.33333  pos=(2.12508,-0.664478,0.0117294)
[pd-step]     step 67  dof=1875  pd|Δx|_max=0.021145  pd|Δx|_mean=0.00549897
[avbd-drive] step 68 wrote AVBD output to Particle.pos
[avbd-friction] step 68 applied 170 vert/primitive friction events
[avbd-step] step 68  dof=1875  iters=16  rc=0  wall=34454 us  |Δx|_max=0.0220134  |Δx|_mean=0.00557022  pred_max=0.0220501  drift_max=0.00363493  drift@v324.x  conv_max=0.00103468  conv_mean=0.000122637  nan=0
[outlier] v324  inc_tri=3  worst|M|=5.33333  pos=(2.10652,-0.683592,0.0125356)
[pd-step]     step 68  dof=1875  pd|Δx|_max=0.0220501  pd|Δx|_mean=0.00551287
[avbd-drive] step 69 wrote AVBD output to Particle.pos
[avbd-friction] step 69 applied 173 vert/primitive friction events
[avbd-step] step 69  dof=1875  iters=16  rc=0  wall=31013 us  |Δx|_max=0.0216755  |Δx|_mean=0.00560439  pred_max=0.0223159  drift_max=0.00367641  drift@v274.x  conv_max=0.00104034  conv_mean=0.00012283  nan=0
[outlier] v274  inc_tri=3  worst|M|=5.33333  pos=(2.13489,-0.70358,-0.325964)
[pd-step]     step 69  dof=1875  pd|Δx|_max=0.0223159  pd|Δx|_mean=0.00554479
[avbd-drive] step 70 wrote AVBD output to Particle.pos
[avbd-friction] step 70 applied 181 vert/primitive friction events
[avbd-step] step 70  dof=1875  iters=16  rc=0  wall=28814 us  |Δx|_max=0.0223668  |Δx|_mean=0.00563823  pred_max=0.021978  drift_max=0.00415301  drift@v274.x  conv_max=0.00104582  conv_mean=0.000123034  nan=0
[outlier] v274  inc_tri=3  worst|M|=5.33333  pos=(2.12166,-0.725255,-0.322284)
[pd-step]     step 70  dof=1875  pd|Δx|_max=0.021978  pd|Δx|_mean=0.00557607
[avbd-drive] step 71 wrote AVBD output to Particle.pos
[avbd-friction] step 71 applied 184 vert/primitive friction events
[avbd-step] step 71  dof=1875  iters=16  rc=0  wall=27923 us  |Δx|_max=0.0237105  |Δx|_mean=0.0056478  pred_max=0.0226693  drift_max=0.00404042  drift@v349.y  conv_max=0.00105149  conv_mean=0.00012273  nan=0
[outlier] v349  inc_tri=3  worst|M|=5.33333  pos=(2.12372,-0.657167,0.179233)
[pd-step]     step 71  dof=1875  pd|Δx|_max=0.0226692  pd|Δx|_mean=0.00559029
[avbd-drive] step 72 wrote AVBD output to Particle.pos
[avbd-friction] step 72 applied 186 vert/primitive friction events
[avbd-step] step 72  dof=1875  iters=16  rc=0  wall=29433 us  |Δx|_max=0.0256923  |Δx|_mean=0.0056571  pred_max=0.024013  drift_max=0.0041194  drift@v349.y  conv_max=0.00105721  conv_mean=0.000122656  nan=0
[outlier] v349  inc_tri=3  worst|M|=5.33333  pos=(2.12785,-0.650578,0.177875)
[pd-step]     step 72  dof=1875  pd|Δx|_max=0.024013  pd|Δx|_mean=0.00558936
[avbd-drive] step 73 wrote AVBD output to Particle.pos
[avbd-friction] step 73 applied 196 vert/primitive friction events
[avbd-step] step 73  dof=1875  iters=16  rc=0  wall=36889 us  |Δx|_max=0.0283864  |Δx|_mean=0.00569383  pred_max=0.0259948  drift_max=0.00404531  drift@v299.y  conv_max=0.00106323  conv_mean=0.000123041  nan=0
[outlier] v299  inc_tri=3  worst|M|=5.33333  pos=(2.12659,-0.688831,-0.150835)
[pd-step]     step 73  dof=1875  pd|Δx|_max=0.0259948  pd|Δx|_mean=0.00562045
[avbd-drive] step 74 wrote AVBD output to Particle.pos
[avbd-friction] step 74 applied 203 vert/primitive friction events
[avbd-step] step 74  dof=1875  iters=16  rc=0  wall=30539 us  |Δx|_max=0.0312426  |Δx|_mean=0.00571098  pred_max=0.0286888  drift_max=0.00417754  drift@v374.z  conv_max=0.00107002  conv_mean=0.000122634  nan=0
[outlier] v374  inc_tri=3  worst|M|=5.33333  pos=(2.0967,-0.675259,0.333931)
[pd-step]     step 74  dof=1875  pd|Δx|_max=0.0286888  pd|Δx|_mean=0.00563216
[avbd-drive] step 75 wrote AVBD output to Particle.pos
[avbd-friction] step 75 applied 208 vert/primitive friction events
[avbd-step] step 75  dof=1875  iters=16  rc=0  wall=27762 us  |Δx|_max=0.0327623  |Δx|_mean=0.00573237  pred_max=0.0315451  drift_max=0.00433192  drift@v374.z  conv_max=0.00107735  conv_mean=0.000122287  nan=0
[outlier] v374  inc_tri=3  worst|M|=5.33333  pos=(2.09431,-0.672693,0.327842)
[pd-step]     step 75  dof=1875  pd|Δx|_max=0.0315451  pd|Δx|_mean=0.00565577
[avbd-drive] step 76 wrote AVBD output to Particle.pos
[avbd-friction] step 76 applied 212 vert/primitive friction events
[avbd-step] step 76  dof=1875  iters=16  rc=0  wall=31519 us  |Δx|_max=0.0316002  |Δx|_mean=0.00576135  pred_max=0.0330648  drift_max=0.00384662  drift@v374.z  conv_max=0.00108582  conv_mean=0.000121941  nan=0
[outlier] v374  inc_tri=3  worst|M|=5.33333  pos=(2.09253,-0.669028,0.321136)
[pd-step]     step 76  dof=1875  pd|Δx|_max=0.0330648  pd|Δx|_mean=0.00568291
[avbd-drive] step 77 wrote AVBD output to Particle.pos
[avbd-friction] step 77 applied 214 vert/primitive friction events
[avbd-step] step 77  dof=1875  iters=16  rc=0  wall=29366 us  |Δx|_max=0.0285441  |Δx|_mean=0.00577716  pred_max=0.0319027  drift_max=0.00370926  drift@v614.y  conv_max=0.0010947  conv_mean=0.000121481  nan=0
[outlier] v614  inc_tri=3  worst|M|=5.33333  pos=(0.394736,-0.916827,2.07852)
[pd-step]     step 77  dof=1875  pd|Δx|_max=0.0319026  pd|Δx|_mean=0.00569801
[avbd-drive] step 78 wrote AVBD output to Particle.pos
[avbd-friction] step 78 applied 219 vert/primitive friction events
[avbd-step] step 78  dof=1875  iters=16  rc=0  wall=31488 us  |Δx|_max=0.0282323  |Δx|_mean=0.0057342  pred_max=0.0288466  drift_max=0.0051825  drift@v615.z  conv_max=0.00110483  conv_mean=0.000120029  nan=0
[outlier] v615  inc_tri=3  worst|M|=5.33333  pos=(0.554049,-0.841547,2.07253)
[pd-step]     step 78  dof=1875  pd|Δx|_max=0.0288466  pd|Δx|_mean=0.00566385
[avbd-drive] step 79 wrote AVBD output to Particle.pos
[avbd-friction] step 79 applied 224 vert/primitive friction events
[avbd-step] step 79  dof=1875  iters=16  rc=0  wall=27249 us  |Δx|_max=0.0279804  |Δx|_mean=0.00574811  pred_max=0.0285348  drift_max=0.00454104  drift@v614.y  conv_max=0.00111699  conv_mean=0.000119573  nan=0
[outlier] v614  inc_tri=3  worst|M|=5.33333  pos=(0.393894,-0.968765,2.04355)
[pd-step]     step 79  dof=1875  pd|Δx|_max=0.0285347  pd|Δx|_mean=0.00567046
[avbd-drive] step 80 wrote AVBD output to Particle.pos
[avbd-friction] step 80 applied 230 vert/primitive friction events
[avbd-step] step 80  dof=1875  iters=16  rc=0  wall=30761 us  |Δx|_max=0.0281404  |Δx|_mean=0.00573922  pred_max=0.0282829  drift_max=0.00420517  drift@v224.z  conv_max=0.00112975  conv_mean=0.000118337  nan=0
[outlier] v224  inc_tri=3  worst|M|=5.33333  pos=(2.07789,-0.892298,-0.607946)
[pd-step]     step 80  dof=1875  pd|Δx|_max=0.0282829  pd|Δx|_mean=0.0056662
[avbd-drive] step 81 wrote AVBD output to Particle.pos
[avbd-friction] step 81 applied 235 vert/primitive friction events
80..[avbd-step] step 81  dof=1875  iters=16  rc=0  wall=33128 us  |Δx|_max=0.0295568  |Δx|_mean=0.00572115  pred_max=0.0284429  drift_max=0.00390327  drift@v499.y  conv_max=0.00114298  conv_mean=0.000117597  nan=0
[outlier] v499  inc_tri=3  worst|M|=5.33333  pos=(2.09617,-0.948032,1.12559)
[pd-step]     step 81  dof=1875  pd|Δx|_max=0.0284429  pd|Δx|_mean=0.00565229
[avbd-drive] step 82 wrote AVBD output to Particle.pos
[avbd-friction] step 82 applied 238 vert/primitive friction events
[avbd-step] step 82  dof=1875  iters=16  rc=0  wall=31174 us  |Δx|_max=0.0315986  |Δx|_mean=0.00566468  pred_max=0.0298592  drift_max=0.00436145  drift@v615.y  conv_max=0.0011583  conv_mean=0.0001163  nan=0
[outlier] v615  inc_tri=3  worst|M|=5.33333  pos=(0.547252,-0.939815,2.05509)
[pd-step]     step 82  dof=1875  pd|Δx|_max=0.0298592  pd|Δx|_mean=0.00559236
[avbd-drive] step 83 wrote AVBD output to Particle.pos
[avbd-friction] step 83 applied 241 vert/primitive friction events
[avbd-step] step 83  dof=1875  iters=16  rc=0  wall=28073 us  |Δx|_max=0.0329845  |Δx|_mean=0.0056568  pred_max=0.031901  drift_max=0.00683713  drift@v615.y  conv_max=0.00117618  conv_mean=0.000115412  nan=0
[outlier] v615  inc_tri=3  worst|M|=5.33333  pos=(0.546989,-0.962579,2.04701)
[pd-step]     step 83  dof=1875  pd|Δx|_max=0.031901  pd|Δx|_mean=0.00557242
[avbd-drive] step 84 wrote AVBD output to Particle.pos
[avbd-friction] step 84 applied 248 vert/primitive friction events
[avbd-step] step 84  dof=1875  iters=16  rc=0  wall=33579 us  |Δx|_max=0.033157  |Δx|_mean=0.00563731  pred_max=0.0332869  drift_max=0.00717771  drift@v615.y  conv_max=0.0011934  conv_mean=0.000114145  nan=0
[outlier] v615  inc_tri=3  worst|M|=5.33333  pos=(0.547913,-0.978809,2.03905)
[pd-step]     step 84  dof=1875  pd|Δx|_max=0.033287  pd|Δx|_mean=0.00555273
[avbd-drive] step 85 wrote AVBD output to Particle.pos
[avbd-friction] step 85 applied 256 vert/primitive friction events
[avbd-step] step 85  dof=1875  iters=16  rc=0  wall=32522 us  |Δx|_max=0.0323552  |Δx|_mean=0.0056361  pred_max=0.0334594  drift_max=0.00669551  drift@v615.y  conv_max=0.00121343  conv_mean=0.000112895  nan=0
[outlier] v615  inc_tri=3  worst|M|=5.33333  pos=(0.549826,-0.988163,2.0335)
[pd-step]     step 85  dof=1875  pd|Δx|_max=0.0334595  pd|Δx|_mean=0.00555044
[avbd-drive] step 86 wrote AVBD output to Particle.pos
[avbd-friction] step 86 applied 259 vert/primitive friction events
[avbd-step] step 86  dof=1875  iters=16  rc=0  wall=36127 us  |Δx|_max=0.0314161  |Δx|_mean=0.00557752  pred_max=0.0326576  drift_max=0.0059852  drift@v615.y  conv_max=0.00123429  conv_mean=0.000110948  nan=0
[outlier] v615  inc_tri=3  worst|M|=5.33333  pos=(0.551543,-0.991124,2.03216)
[pd-step]     step 86  dof=1875  pd|Δx|_max=0.0326577  pd|Δx|_mean=0.00548817
[avbd-drive] step 87 wrote AVBD output to Particle.pos
[avbd-friction] step 87 applied 261 vert/primitive friction events
[avbd-step] step 87  dof=1875  iters=16  rc=0  wall=30039 us  |Δx|_max=0.0317425  |Δx|_mean=0.00558952  pred_max=0.0317185  drift_max=0.00604939  drift@v613.y  conv_max=0.00126338  conv_mean=0.000110385  nan=0
[outlier] v613  inc_tri=3  worst|M|=5.33333  pos=(0.240118,-1.03379,2.01783)
[pd-step]     step 87  dof=1875  pd|Δx|_max=0.0317185  pd|Δx|_mean=0.00548552
[avbd-drive] step 88 wrote AVBD output to Particle.pos
[avbd-friction] step 88 applied 264 vert/primitive friction events
[avbd-selfcoll] step 88 resolved 1  detect=15178 us  resolve=19 us  path=gpu
[avbd-step] step 88  dof=1875  iters=16  rc=0  wall=46492 us  |Δx|_max=0.0335137  |Δx|_mean=0.00559547  pred_max=0.0320449  drift_max=0.00549972  drift@v613.y  conv_max=0.00129294  conv_mean=0.000109612  nan=0
[outlier] v613  inc_tri=3  worst|M|=5.33333  pos=(0.244007,-1.03937,2.01215)
[pd-step]     step 88  dof=1875  pd|Δx|_max=0.0320449  pd|Δx|_mean=0.0054938
[avbd-drive] step 89 wrote AVBD output to Particle.pos
[avbd-friction] step 89 applied 265 vert/primitive friction events
[avbd-selfcoll] step 89 resolved 1  detect=12762 us  resolve=19 us  path=gpu
[avbd-step] step 89  dof=1875  iters=16  rc=0  wall=31840 us  |Δx|_max=0.034649  |Δx|_mean=0.00559616  pred_max=0.0338161  drift_max=0.00544751  drift@v549.y  conv_max=0.00132382  conv_mean=0.000107656  nan=0
[outlier] v549  inc_tri=3  worst|M|=5.33333  pos=(2.07783,-1.15298,1.40104)
[pd-step]     step 89  dof=1875  pd|Δx|_max=0.0338161  pd|Δx|_mean=0.00548475
[avbd-drive] step 90 wrote AVBD output to Particle.pos
[avbd-friction] step 90 applied 275 vert/primitive friction events
[avbd-selfcoll] step 90 resolved 2  detect=12845 us  resolve=39 us  path=gpu
[avbd-step] step 90  dof=1875  iters=16  rc=0  wall=32094 us  |Δx|_max=0.0347239  |Δx|_mean=0.00555997  pred_max=0.0349514  drift_max=0.00723672  drift@v610.y  conv_max=0.00135446  conv_mean=0.000105232  nan=0
[outlier] v610  inc_tri=3  worst|M|=5.33333  pos=(-0.212805,-1.21792,1.97739)
[pd-step]     step 90  dof=1875  pd|Δx|_max=0.0349515  pd|Δx|_mean=0.00545725
[avbd-drive] step 91 wrote AVBD output to Particle.pos
[avbd-friction] step 91 applied 281 vert/primitive friction events
[avbd-selfcoll] step 91 resolved 4  detect=14279 us  resolve=17 us  path=gpu
[avbd-step] step 91  dof=1875  iters=16  rc=0  wall=41930 us  |Δx|_max=0.0351168  |Δx|_mean=0.0055006  pred_max=0.0350263  drift_max=0.00832391  drift@v610.y  conv_max=0.00139737  conv_mean=0.000103103  nan=0
[outlier] v610  inc_tri=3  worst|M|=5.33333  pos=(-0.205499,-1.23946,1.95084)
[pd-step]     step 91  dof=1875  pd|Δx|_max=0.0350263  pd|Δx|_mean=0.00540672
[avbd-drive] step 92 wrote AVBD output to Particle.pos
[avbd-friction] step 92 applied 283 vert/primitive friction events
[avbd-selfcoll] step 92 resolved 4  detect=12505 us  resolve=16 us  path=gpu
[avbd-step] step 92  dof=1875  iters=16  rc=0  wall=25846 us  |Δx|_max=0.0356901  |Δx|_mean=0.00545375  pred_max=0.0354192  drift_max=0.005495  drift@v610.x  conv_max=0.00144732  conv_mean=0.000101088  nan=0
[outlier] v610  inc_tri=3  worst|M|=5.33333  pos=(-0.196794,-1.25298,1.9254)
[pd-step]     step 92  dof=1875  pd|Δx|_max=0.0354193  pd|Δx|_mean=0.00535271
[avbd-drive] step 93 wrote AVBD output to Particle.pos
[avbd-friction] step 93 applied 289 vert/primitive friction events
[avbd-selfcoll] step 93 resolved 5  detect=12593 us  resolve=16 us  path=gpu
[avbd-step] step 93  dof=1875  iters=16  rc=0  wall=28376 us  |Δx|_max=0.0371673  |Δx|_mean=0.00540712  pred_max=0.0359925  drift_max=0.00604439  drift@v149.z  conv_max=0.00148249  conv_mean=9.91721e-05  nan=0
[outlier] v149  inc_tri=3  worst|M|=5.33333  pos=(2.05919,-1.20193,-0.991934)
[pd-step]     step 93  dof=1875  pd|Δx|_max=0.0359925  pd|Δx|_mean=0.00531417
[avbd-drive] step 94 wrote AVBD output to Particle.pos
[avbd-friction] step 94 applied 293 vert/primitive friction events
[avbd-selfcoll] step 94 resolved 5  detect=10364 us  resolve=23 us  path=gpu
[avbd-step] step 94  dof=1875  iters=16  rc=0  wall=26928 us  |Δx|_max=0.038186  |Δx|_mean=0.00536356  pred_max=0.0374697  drift_max=0.00619757  drift@v574.y  conv_max=0.00150824  conv_mean=9.76122e-05  nan=0
[outlier] v574  inc_tri=3  worst|M|=5.33333  pos=(2.05379,-1.28304,1.52143)
[pd-step]     step 94  dof=1875  pd|Δx|_max=0.0374698  pd|Δx|_mean=0.00527
[avbd-drive] step 95 wrote AVBD output to Particle.pos
[avbd-friction] step 95 applied 297 vert/primitive friction events
[avbd-selfcoll] step 95 resolved 6  detect=12714 us  resolve=14 us  path=gpu
[avbd-step] step 95  dof=1875  iters=16  rc=0  wall=28864 us  |Δx|_max=0.0375485  |Δx|_mean=0.00534446  pred_max=0.0384884  drift_max=0.0070914  drift@v574.y  conv_max=0.00153685  conv_mean=9.63487e-05  nan=0
[outlier] v574  inc_tri=3  worst|M|=5.33333  pos=(2.04064,-1.30141,1.50696)
[pd-step]     step 95  dof=1875  pd|Δx|_max=0.0384884  pd|Δx|_mean=0.00524528
[avbd-drive] step 96 wrote AVBD output to Particle.pos
[avbd-friction] step 96 applied 306 vert/primitive friction events
[avbd-selfcoll] step 96 resolved 6  detect=13059 us  resolve=17 us  path=gpu
[avbd-step] step 96  dof=1875  iters=16  rc=0  wall=26447 us  |Δx|_max=0.0366191  |Δx|_mean=0.00529695  pred_max=0.037851  drift_max=0.00766265  drift@v598.y  conv_max=0.0015974  conv_mean=9.49532e-05  nan=0
[outlier] v598  inc_tri=6  worst|M|=5.33333  pos=(1.86315,-1.34019,1.6976)
[pd-step]     step 96  dof=1875  pd|Δx|_max=0.037851  pd|Δx|_mean=0.0051958
[avbd-drive] step 97 wrote AVBD output to Particle.pos
[avbd-friction] step 97 applied 315 vert/primitive friction events
[avbd-selfcoll] step 97 resolved 7  detect=12548 us  resolve=16 us  path=gpu
[avbd-step] step 97  dof=1875  iters=16  rc=0  wall=30178 us  |Δx|_max=0.0374171  |Δx|_mean=0.005165  pred_max=0.0369215  drift_max=0.0110488  drift@v15.y  conv_max=0.00167978  conv_mean=9.29679e-05  nan=0
[outlier] v15  inc_tri=3  worst|M|=5.33333  pos=(0.630521,-1.37676,-1.87896)
[pd-step]     step 97  dof=1875  pd|Δx|_max=0.0369215  pd|Δx|_mean=0.00507324
[avbd-drive] step 98 wrote AVBD output to Particle.pos
[avbd-friction] step 98 applied 316 vert/primitive friction events
[avbd-selfcoll] step 98 resolved 1  detect=11525 us  resolve=17 us  path=gpu
[avbd-step] step 98  dof=1875  iters=16  rc=0  wall=27307 us  |Δx|_max=0.039381  |Δx|_mean=0.00511429  pred_max=0.0377195  drift_max=0.0110271  drift@v15.y  conv_max=0.00170195  conv_mean=9.16767e-05  nan=0
[outlier] v15  inc_tri=3  worst|M|=5.33333  pos=(0.630334,-1.39597,-1.86078)
[pd-step]     step 98  dof=1875  pd|Δx|_max=0.0377195  pd|Δx|_mean=0.00501348
[avbd-drive] step 99 wrote AVBD output to Particle.pos
[avbd-friction] step 99 applied 318 vert/primitive friction events
[avbd-selfcoll] step 99 resolved 2  detect=10341 us  resolve=17 us  path=gpu
[avbd-step] step 99  dof=1875  iters=16  rc=0  wall=26548 us  |Δx|_max=0.0409322  |Δx|_mean=0.00504566  pred_max=0.0396835  drift_max=0.00857997  drift@v14.z  conv_max=0.00171185  conv_mean=8.96731e-05  nan=0
[outlier] v14  inc_tri=3  worst|M|=5.33333  pos=(0.494701,-1.44729,-1.74827)
[pd-step]     step 99  dof=1875  pd|Δx|_max=0.0396835  pd|Δx|_mean=0.00494095
[avbd-drive] step 100 wrote AVBD output to Particle.pos
[avbd-friction] step 100 applied 320 vert/primitive friction events
[avbd-selfcoll] step 100 resolved 4  detect=10197 us  resolve=14 us  path=gpu
[avbd-step] step 100  dof=1875  iters=16  rc=0  wall=29037 us  |Δx|_max=0.0423535  |Δx|_mean=0.00497536  pred_max=0.0412346  drift_max=0.0111046  drift@v12.y  conv_max=0.00179493  conv_mean=8.78987e-05  nan=0
[outlier] v12  inc_tri=3  worst|M|=5.33333  pos=(0.223802,-1.5251,-1.79147)
[pd-step]     step 100  dof=1875  pd|Δx|_max=0.0412346  pd|Δx|_mean=0.00487331
[avbd-drive] step 101 wrote AVBD output to Particle.pos
[avbd-friction] step 101 applied 325 vert/primitive friction events
[avbd-selfcoll] step 101 resolved 3  detect=10588 us  resolve=18 us  path=gpu
100..[avbd-step] step 101  dof=1875  iters=16  rc=0  wall=27216 us  |Δx|_max=0.0437505  |Δx|_mean=0.00487585  pred_max=0.0426559  drift_max=0.00737619  drift@v623.y  conv_max=0.00235128  conv_mean=8.66095e-05  nan=0
[outlier] v623  inc_tri=3  worst|M|=5.33333  pos=(1.8167,-1.47167,1.81486)
[pd-step]     step 101  dof=1875  pd|Δx|_max=0.042656  pd|Δx|_mean=0.00476762
[avbd-drive] step 102 wrote AVBD output to Particle.pos
[avbd-friction] step 102 applied 330 vert/primitive friction events
[avbd-selfcoll] step 102 resolved 3  detect=11759 us  resolve=20 us  path=gpu
[avbd-step] step 102  dof=1875  iters=16  rc=0  wall=33428 us  |Δx|_max=0.0459318  |Δx|_mean=0.00479817  pred_max=0.044053  drift_max=0.00747174  drift@v12.x  conv_max=0.00261652  conv_mean=8.54101e-05  nan=0
[outlier] v12  inc_tri=3  worst|M|=5.33333  pos=(0.235576,-1.53485,-1.74705)
[pd-step]     step 102  dof=1875  pd|Δx|_max=0.044053  pd|Δx|_mean=0.00467283
[avbd-drive] step 103 wrote AVBD output to Particle.pos
[avbd-friction] step 103 applied 331 vert/primitive friction events
[avbd-selfcoll] step 103 resolved 6  detect=10184 us  resolve=17 us  path=gpu
[avbd-step] step 103  dof=1875  iters=16  rc=0  wall=29680 us  |Δx|_max=0.0474217  |Δx|_mean=0.00478231  pred_max=0.0462343  drift_max=0.00802849  drift@v12.x  conv_max=0.00185132  conv_mean=8.44071e-05  nan=0
[outlier] v12  inc_tri=3  worst|M|=5.33333  pos=(0.244844,-1.53026,-1.73972)
[pd-step]     step 103  dof=1875  pd|Δx|_max=0.0462343  pd|Δx|_mean=0.00463969
[avbd-drive] step 104 wrote AVBD output to Particle.pos
[avbd-friction] step 104 applied 341 vert/primitive friction events
[avbd-selfcoll] step 104 resolved 2  detect=14012 us  resolve=20 us  path=gpu
[avbd-step] step 104  dof=1875  iters=16  rc=0  wall=31215 us  |Δx|_max=0.0478108  |Δx|_mean=0.00472122  pred_max=0.0477241  drift_max=0.00785401  drift@v12.x  conv_max=0.00144625  conv_mean=8.26884e-05  nan=0
[outlier] v12  inc_tri=3  worst|M|=5.33333  pos=(0.255963,-1.526,-1.73504)
[pd-step]     step 104  dof=1875  pd|Δx|_max=0.0477242  pd|Δx|_mean=0.0045913
[avbd-drive] step 105 wrote AVBD output to Particle.pos
[avbd-friction] step 105 applied 348 vert/primitive friction events
[avbd-selfcoll] step 105 resolved 3  detect=11918 us  resolve=21 us  path=gpu
[avbd-step] step 105  dof=1875  iters=16  rc=0  wall=29593 us  |Δx|_max=0.0467271  |Δx|_mean=0.00465414  pred_max=0.0481132  drift_max=0.00744712  drift@v624.y  conv_max=0.00151289  conv_mean=8.09423e-05  nan=0
[outlier] v624  inc_tri=1  worst|M|=5.33333  pos=(1.96836,-1.55752,1.75796)
[pd-step]     step 105  dof=1875  pd|Δx|_max=0.0481133  pd|Δx|_mean=0.00453688
[avbd-drive] step 106 wrote AVBD output to Particle.pos
[avbd-friction] step 106 applied 355 vert/primitive friction events
[avbd-selfcoll] step 106 resolved 4  detect=12633 us  resolve=18 us  path=gpu
[avbd-step] step 106  dof=1875  iters=16  rc=0  wall=29037 us  |Δx|_max=0.0466936  |Δx|_mean=0.00458991  pred_max=0.0470295  drift_max=0.00748754  drift@v74.y  conv_max=0.0015856  conv_mean=7.91186e-05  nan=0
[outlier] v74  inc_tri=3  worst|M|=5.33333  pos=(2.03852,-1.61982,-1.27672)
[pd-step]     step 106  dof=1875  pd|Δx|_max=0.0470295  pd|Δx|_mean=0.00447431
[avbd-drive] step 107 wrote AVBD output to Particle.pos
[avbd-friction] step 107 applied 363 vert/primitive friction events
[avbd-selfcoll] step 107 resolved 3  detect=10383 us  resolve=21 us  path=gpu
[avbd-step] step 107  dof=1875  iters=16  rc=0  wall=30216 us  |Δx|_max=0.0483484  |Δx|_mean=0.00448515  pred_max=0.0466936  drift_max=0.00618505  drift@v300.y  conv_max=0.00166297  conv_mean=7.55421e-05  nan=0
[outlier] v300  inc_tri=3  worst|M|=5.33333  pos=(-1.66377,-1.84861,0.127415)
[pd-step]     step 107  dof=1875  pd|Δx|_max=0.0466936  pd|Δx|_mean=0.00436722
[avbd-drive] step 108 wrote AVBD output to Particle.pos
[avbd-friction] step 108 applied 363 vert/primitive friction events
[avbd-selfcoll] step 108 resolved 4  detect=10630 us  resolve=17 us  path=gpu
[avbd-step] step 108  dof=1875  iters=16  rc=0  wall=30854 us  |Δx|_max=0.048555  |Δx|_mean=0.00442515  pred_max=0.0483484  drift_max=0.00776839  drift@v48.y  conv_max=0.00174403  conv_mean=7.40026e-05  nan=0
[outlier] v48  inc_tri=6  worst|M|=5.33333  pos=(1.88922,-1.68586,-1.45093)
[pd-step]     step 108  dof=1875  pd|Δx|_max=0.0483484  pd|Δx|_mean=0.00430921
[avbd-drive] step 109 wrote AVBD output to Particle.pos
[avbd-friction] step 109 applied 366 vert/primitive friction events
[avbd-selfcoll] step 109 resolved 3  detect=10404 us  resolve=17 us  path=gpu
[avbd-step] step 109  dof=1875  iters=16  rc=0  wall=29896 us  |Δx|_max=0.0474104  |Δx|_mean=0.00434617  pred_max=0.048555  drift_max=0.00762427  drift@v48.y  conv_max=0.00182712  conv_mean=7.24541e-05  nan=0
[outlier] v48  inc_tri=6  worst|M|=5.33333  pos=(1.87443,-1.7004,-1.4307)
[pd-step]     step 109  dof=1875  pd|Δx|_max=0.048555  pd|Δx|_mean=0.00423415
[avbd-drive] step 110 wrote AVBD output to Particle.pos
[avbd-friction] step 110 applied 374 vert/primitive friction events
[avbd-selfcoll] step 110 resolved 3  detect=10416 us  resolve=20 us  path=gpu
[avbd-step] step 110  dof=1875  iters=16  rc=0  wall=31967 us  |Δx|_max=0.0452495  |Δx|_mean=0.00423611  pred_max=0.0474104  drift_max=0.00864792  drift@v49.y  conv_max=0.00191092  conv_mean=7.05034e-05  nan=0
[outlier] v49  inc_tri=3  worst|M|=5.33333  pos=(2.03478,-1.76886,-1.36726)
[pd-step]     step 110  dof=1875  pd|Δx|_max=0.0474104  pd|Δx|_mean=0.00414203
[avbd-drive] step 111 wrote AVBD output to Particle.pos
[avbd-friction] step 111 applied 381 vert/primitive friction events
[avbd-selfcoll] step 111 resolved 3  detect=12590 us  resolve=16 us  path=gpu
[avbd-step] step 111  dof=1875  iters=16  rc=0  wall=31602 us  |Δx|_max=0.0467287  |Δx|_mean=0.00406538  pred_max=0.0449198  drift_max=0.0132827  drift@v300.x  conv_max=0.00199425  conv_mean=6.83262e-05  nan=0
[outlier] v300  inc_tri=3  worst|M|=5.33333  pos=(-1.4742,-1.91916,0.130558)
[pd-step]     step 111  dof=1875  pd|Δx|_max=0.0449199  pd|Δx|_mean=0.00398216
[avbd-drive] step 112 wrote AVBD output to Particle.pos
[avbd-friction] step 112 applied 383 vert/primitive friction events
[avbd-selfcoll] step 112 resolved 4  detect=12755 us  resolve=15 us  path=gpu
[avbd-step] step 112  dof=1875  iters=16  rc=0  wall=30896 us  |Δx|_max=0.0469716  |Δx|_mean=0.00394472  pred_max=0.0470312  drift_max=0.0157462  drift@v300.x  conv_max=0.00207603  conv_mean=6.66487e-05  nan=0
[outlier] v300  inc_tri=3  worst|M|=5.33333  pos=(-1.46107,-1.92027,0.127667)
[pd-step]     step 112  dof=1875  pd|Δx|_max=0.0470312  pd|Δx|_mean=0.00384763
[avbd-drive] step 113 wrote AVBD output to Particle.pos
[avbd-friction] step 113 applied 388 vert/primitive friction events
[avbd-selfcoll] step 113 resolved 8  detect=11996 us  resolve=18 us  path=gpu
[avbd-step] step 113  dof=1875  iters=16  rc=0  wall=32156 us  |Δx|_max=0.0441364  |Δx|_mean=0.00381774  pred_max=0.047274  drift_max=0.0109123  drift@v300.x  conv_max=0.00215566  conv_mean=6.43992e-05  nan=0
[outlier] v300  inc_tri=3  worst|M|=5.33333  pos=(-1.44281,-1.92135,0.125015)
[pd-step]     step 113  dof=1875  pd|Δx|_max=0.047274  pd|Δx|_mean=0.00372006
[avbd-drive] step 114 wrote AVBD output to Particle.pos
[avbd-friction] step 114 applied 389 vert/primitive friction events
[avbd-selfcoll] step 114 resolved 9  detect=12493 us  resolve=20 us  path=gpu
[avbd-step] step 114  dof=1875  iters=16  rc=0  wall=28960 us  |Δx|_max=0.0400751  |Δx|_mean=0.00373099  pred_max=0.044439  drift_max=0.00896305  drift@v350.z  conv_max=0.00223255  conv_mean=6.29971e-05  nan=0
[outlier] v350  inc_tri=3  worst|M|=5.33333  pos=(-1.42791,-1.9135,0.340831)
[pd-step]     step 114  dof=1875  pd|Δx|_max=0.0444389  pd|Δx|_mean=0.00363325
[avbd-drive] step 115 wrote AVBD output to Particle.pos
[avbd-friction] step 115 applied 396 vert/primitive friction events
[avbd-selfcoll] step 115 resolved 9  detect=10363 us  resolve=20 us  path=gpu
[avbd-step] step 115  dof=1875  iters=16  rc=0  wall=27259 us  |Δx|_max=0.0404961  |Δx|_mean=0.00361439  pred_max=0.0401669  drift_max=0.0112057  drift@v24.y  conv_max=0.0023067  conv_mean=6.08631e-05  nan=0
[outlier] v24  inc_tri=2  worst|M|=5.33333  pos=(1.9869,-1.93636,-1.43523)
[pd-step]     step 115  dof=1875  pd|Δx|_max=0.0401668  pd|Δx|_mean=0.00351475
[avbd-drive] step 116 wrote AVBD output to Particle.pos
[avbd-friction] step 116 applied 404 vert/primitive friction events
[avbd-selfcoll] step 116 resolved 3  detect=12434 us  resolve=19 us  path=gpu
[avbd-step] step 116  dof=1875  iters=16  rc=0  wall=27636 us  |Δx|_max=0.0409713  |Δx|_mean=0.0034337  pred_max=0.0407987  drift_max=0.0110236  drift@v24.y  conv_max=0.00237823  conv_mean=5.76487e-05  nan=0
[outlier] v24  inc_tri=2  worst|M|=5.33333  pos=(1.95922,-1.95173,-1.40998)
[pd-step]     step 116  dof=1875  pd|Δx|_max=0.0407986  pd|Δx|_mean=0.00333601
[avbd-drive] step 117 wrote AVBD output to Particle.pos
[avbd-friction] step 117 applied 407 vert/primitive friction events
[avbd-selfcoll] step 117 resolved 6  detect=12663 us  resolve=20 us  path=gpu
[avbd-step] step 117  dof=1875  iters=16  rc=0  wall=26748 us  |Δx|_max=0.0410688  |Δx|_mean=0.00337562  pred_max=0.0412738  drift_max=0.0114897  drift@v556.x  conv_max=0.00244665  conv_mean=5.63056e-05  nan=0
[outlier] v556  inc_tri=6  worst|M|=5.33333  pos=(-0.767207,-1.42886,1.63195)
[pd-step]     step 117  dof=1875  pd|Δx|_max=0.0412737  pd|Δx|_mean=0.00323107
[avbd-drive] step 118 wrote AVBD output to Particle.pos
[avbd-friction] step 118 applied 411 vert/primitive friction events
[avbd-selfcoll] step 118 resolved 9  detect=10348 us  resolve=24 us  path=gpu
[avbd-step] step 118  dof=1875  iters=16  rc=0  wall=26975 us  |Δx|_max=0.0414557  |Δx|_mean=0.00328225  pred_max=0.0413713  drift_max=0.0095613  drift@v425.y  conv_max=0.00251198  conv_mean=5.51089e-05  nan=0
[outlier] v425  inc_tri=3  worst|M|=5.33333  pos=(-1.43564,-2.02479,0.777633)
[pd-step]     step 118  dof=1875  pd|Δx|_max=0.0413713  pd|Δx|_mean=0.00316338
[avbd-drive] step 119 wrote AVBD output to Particle.pos
[avbd-friction] step 119 applied 416 vert/primitive friction events
[avbd-selfcoll] step 119 resolved 12  detect=10416 us  resolve=24 us  path=gpu
[avbd-step] step 119  dof=1875  iters=16  rc=0  wall=33082 us  |Δx|_max=0.0428035  |Δx|_mean=0.00313822  pred_max=0.0417583  drift_max=0.00973326  drift@v350.z  conv_max=0.00257373  conv_mean=5.25614e-05  nan=0
[outlier] v350  inc_tri=3  worst|M|=5.33333  pos=(-1.42096,-1.91264,0.299339)
[pd-step]     step 119  dof=1875  pd|Δx|_max=0.0417582  pd|Δx|_mean=0.00302417
[avbd-drive] step 120 wrote AVBD output to Particle.pos
[avbd-friction] step 120 applied 423 vert/primitive friction events
[avbd-selfcoll] step 120 resolved 11  detect=10333 us  resolve=19 us  path=gpu
[avbd-step] step 120  dof=1875  iters=16  rc=0  wall=33034 us  |Δx|_max=0.0441699  |Δx|_mean=0.00301388  pred_max=0.0431061  drift_max=0.0090735  drift@v450.y  conv_max=0.00263143  conv_mean=5.06343e-05  nan=0
[outlier] v450  inc_tri=3  worst|M|=5.33333  pos=(-1.40919,-2.07704,0.94017)
[pd-step]     step 120  dof=1875  pd|Δx|_max=0.043106  pd|Δx|_mean=0.00288446
[avbd-drive] step 121 wrote AVBD output to Particle.pos
[avbd-friction] step 121 applied 428 vert/primitive friction events
[avbd-selfcoll] step 121 resolved 12  detect=10418 us  resolve=14 us  path=gpu
120..[avbd-step] step 121  dof=1875  iters=16  rc=0  wall=30060 us  |Δx|_max=0.0454316  |Δx|_mean=0.00292881  pred_max=0.0444725  drift_max=0.00942755  drift@v450.y  conv_max=0.00268435  conv_mean=4.90807e-05  nan=0
[outlier] v450  inc_tri=3  worst|M|=5.33333  pos=(-1.37053,-2.09003,0.931643)
[pd-step]     step 121  dof=1875  pd|Δx|_max=0.0444724  pd|Δx|_mean=0.00280485
[avbd-drive] step 122 wrote AVBD output to Particle.pos
[avbd-friction] step 122 applied 428 vert/primitive friction events
[avbd-selfcoll] step 122 resolved 14  detect=10902 us  resolve=19 us  path=gpu
[avbd-step] step 122  dof=1875  iters=16  rc=0  wall=27795 us  |Δx|_max=0.0464466  |Δx|_mean=0.00282272  pred_max=0.0457342  drift_max=0.010612  drift@v475.y  conv_max=0.0027318  conv_mean=4.70336e-05  nan=0
[outlier] v475  inc_tri=3  worst|M|=5.33333  pos=(-1.36214,-2.14255,1.09951)
[pd-step]     step 122  dof=1875  pd|Δx|_max=0.0457341  pd|Δx|_mean=0.00270367
[avbd-drive] step 123 wrote AVBD output to Particle.pos
[avbd-friction] step 123 applied 437 vert/primitive friction events
[avbd-contact] step 123 projected 4 vert/primitive penetrations
[avbd-selfcoll] step 123 resolved 12  detect=10787 us  resolve=20 us  path=gpu
[avbd-step] step 123  dof=1875  iters=16  rc=0  wall=28285 us  |Δx|_max=0.0471578  |Δx|_mean=0.00265878  pred_max=0.0467491  drift_max=0.010345  drift@v475.y  conv_max=0.00277376  conv_mean=4.44016e-05  nan=0
[outlier] v475  inc_tri=3  worst|M|=5.33333  pos=(-1.32522,-2.15698,1.08747)
[pd-step]     step 123  dof=1875  pd|Δx|_max=0.046749  pd|Δx|_mean=0.00253835
[avbd-drive] step 124 wrote AVBD output to Particle.pos
[avbd-friction] step 124 applied 445 vert/primitive friction events
[avbd-contact] step 124 projected 4 vert/primitive penetrations
[avbd-selfcoll] step 124 resolved 10  detect=10572 us  resolve=21 us  path=gpu
[avbd-step] step 124  dof=1875  iters=16  rc=0  wall=30441 us  |Δx|_max=0.0475044  |Δx|_mean=0.00251268  pred_max=0.0474603  drift_max=0.00879049  drift@v500.y  conv_max=0.00280929  conv_mean=4.18011e-05  nan=0
[outlier] v500  inc_tri=3  worst|M|=5.33333  pos=(-1.31115,-2.208,1.25552)
[pd-step]     step 124  dof=1875  pd|Δx|_max=0.0474602  pd|Δx|_mean=0.00237907
[avbd-drive] step 125 wrote AVBD output to Particle.pos
[avbd-friction] step 125 applied 451 vert/primitive friction events
[avbd-contact] step 125 projected 7 vert/primitive penetrations
[avbd-selfcoll] step 125 resolved 10  detect=10505 us  resolve=19 us  path=gpu
[avbd-step] step 125  dof=1875  iters=16  rc=0  wall=28201 us  |Δx|_max=0.0487528  |Δx|_mean=0.00239292  pred_max=0.047807  drift_max=0.00991797  drift@v500.y  conv_max=0.0028379  conv_mean=3.98902e-05  nan=0
[outlier] v500  inc_tri=3  worst|M|=5.33333  pos=(-1.27488,-2.2275,1.24054)
[pd-step]     step 125  dof=1875  pd|Δx|_max=0.0478069  pd|Δx|_mean=0.00226364
[avbd-drive] step 126 wrote AVBD output to Particle.pos
[avbd-friction] step 126 applied 455 vert/primitive friction events
[avbd-contact] step 126 projected 10 vert/primitive penetrations
[avbd-selfcoll] step 126 resolved 9  detect=12689 us  resolve=19 us  path=gpu
[avbd-step] step 126  dof=1875  iters=16  rc=0  wall=28843 us  |Δx|_max=0.0496697  |Δx|_mean=0.0023026  pred_max=0.0487528  drift_max=0.00897336  drift@v551.y  conv_max=0.00286007  conv_mean=3.87351e-05  nan=0
[outlier] v551  inc_tri=6  worst|M|=5.33333  pos=(-1.03784,-2.25404,1.54561)
[pd-step]     step 126  dof=1875  pd|Δx|_max=0.0487528  pd|Δx|_mean=0.00216087
[avbd-drive] step 127 wrote AVBD output to Particle.pos
[avbd-friction] step 127 applied 457 vert/primitive friction events
[avbd-contact] step 127 projected 12 vert/primitive penetrations
[avbd-selfcoll] step 127 resolved 8  detect=10439 us  resolve=37 us  path=gpu
[avbd-step] step 127  dof=1875  iters=16  rc=0  wall=29157 us  |Δx|_max=0.0502003  |Δx|_mean=0.00220246  pred_max=0.0496697  drift_max=0.00927114  drift@v525.y  conv_max=0.00287533  conv_mean=3.71815e-05  nan=0
[outlier] v525  inc_tri=3  worst|M|=5.33333  pos=(-1.21362,-2.30273,1.39024)
[pd-step]     step 127  dof=1875  pd|Δx|_max=0.0496697  pd|Δx|_mean=0.00205831
[avbd-drive] step 128 wrote AVBD output to Particle.pos
[avbd-friction] step 128 applied 459 vert/primitive friction events
[avbd-contact] step 128 projected 14 vert/primitive penetrations
[avbd-selfcoll] step 128 resolved 8  detect=10446 us  resolve=18 us  path=gpu
[avbd-step] step 128  dof=1875  iters=16  rc=0  wall=28707 us  |Δx|_max=0.0500758  |Δx|_mean=0.00209794  pred_max=0.0502003  drift_max=0.0102963  drift@v525.y  conv_max=0.00288439  conv_mean=3.48794e-05  nan=0
[outlier] v525  inc_tri=3  worst|M|=5.33333  pos=(-1.18421,-2.32147,1.36856)
[pd-step]     step 128  dof=1875  pd|Δx|_max=0.0502003  pd|Δx|_mean=0.00196733
[avbd-drive] step 129 wrote AVBD output to Particle.pos
[avbd-friction] step 129 applied 463 vert/primitive friction events
[avbd-contact] step 129 projected 15 vert/primitive penetrations
[avbd-selfcoll] step 129 resolved 12  detect=10690 us  resolve=18 us  path=gpu
[avbd-step] step 129  dof=1875  iters=16  rc=0  wall=29445 us  |Δx|_max=0.0491545  |Δx|_mean=0.00202151  pred_max=0.0500758  drift_max=0.0114062  drift@v575.y  conv_max=0.00288653  conv_mean=3.34132e-05  nan=0
[outlier] v575  inc_tri=3  worst|M|=5.33333  pos=(-1.04582,-2.49128,1.68062)
[pd-step]     step 129  dof=1875  pd|Δx|_max=0.0500758  pd|Δx|_mean=0.00190422
[avbd-drive] step 130 wrote AVBD output to Particle.pos
[avbd-friction] step 130 applied 465 vert/primitive friction events
[avbd-contact] step 130 projected 18 vert/primitive penetrations
[avbd-selfcoll] step 130 resolved 12  detect=10543 us  resolve=19 us  path=gpu
[avbd-step] step 130  dof=1875  iters=16  rc=0  wall=31283 us  |Δx|_max=0.0550946  |Δx|_mean=0.00188349  pred_max=0.0491545  drift_max=0.0145409  drift@v575.y  conv_max=0.002882  conv_mean=3.03246e-05  nan=0
[outlier] v575  inc_tri=3  worst|M|=5.33333  pos=(-1.00798,-2.52069,1.64149)
[pd-step]     step 130  dof=1875  pd|Δx|_max=0.0491545  pd|Δx|_mean=0.00176431
[avbd-drive] step 131 wrote AVBD output to Particle.pos
[avbd-friction] step 131 applied 465 vert/primitive friction events
[avbd-contact] step 131 projected 20 vert/primitive penetrations
[avbd-selfcoll] step 131 resolved 11  detect=13360 us  resolve=24 us  path=gpu
[avbd-step] step 131  dof=1875  iters=16  rc=0  wall=32919 us  |Δx|_max=0.0549035  |Δx|_mean=0.0017733  pred_max=0.0550946  drift_max=0.0168991  drift@v600.y  conv_max=0.00286961  conv_mean=2.79279e-05  nan=0
[outlier] v600  inc_tri=2  worst|M|=5.33333  pos=(-0.831568,-2.61405,1.71677)
[pd-step]     step 131  dof=1875  pd|Δx|_max=0.0550946  pd|Δx|_mean=0.00165426
[avbd-drive] step 132 wrote AVBD output to Particle.pos
[avbd-friction] step 132 applied 464 vert/primitive friction events
[avbd-contact] step 132 projected 21 vert/primitive penetrations
[avbd-selfcoll] step 132 resolved 11  detect=11499 us  resolve=20 us  path=gpu
[avbd-step] step 132  dof=1875  iters=16  rc=0  wall=28209 us  |Δx|_max=0.0400022  |Δx|_mean=0.00162677  pred_max=0.0390327  drift_max=0.0139201  drift@v600.y  conv_max=0.00284982  conv_mean=2.63308e-05  nan=0
[outlier] v600  inc_tri=2  worst|M|=5.33333  pos=(-0.792094,-2.61715,1.66187)
[pd-step]     step 132  dof=1875  pd|Δx|_max=0.0390326  pd|Δx|_mean=0.0015117
[avbd-drive] step 133 wrote AVBD output to Particle.pos
[avbd-friction] step 133 applied 472 vert/primitive friction events
[avbd-contact] step 133 projected 24 vert/primitive penetrations
[avbd-selfcoll] step 133 resolved 12  detect=10502 us  resolve=17 us  path=gpu
[avbd-step] step 133  dof=1875  iters=16  rc=0  wall=30990 us  |Δx|_max=0.0417194  |Δx|_mean=0.0014722  pred_max=0.0400022  drift_max=0.00846863  drift@v600.y  conv_max=0.00282454  conv_mean=2.37101e-05  nan=0
[outlier] v600  inc_tri=2  worst|M|=5.33333  pos=(-0.796866,-2.61085,1.65852)
[pd-step]     step 133  dof=1875  pd|Δx|_max=0.0400022  pd|Δx|_mean=0.00133852
[avbd-drive] step 134 wrote AVBD output to Particle.pos
[avbd-friction] step 134 applied 474 vert/primitive friction events
[avbd-contact] step 134 projected 27 vert/primitive penetrations
[avbd-selfcoll] step 134 resolved 10  detect=10914 us  resolve=18 us  path=gpu
[avbd-step] step 134  dof=1875  iters=16  rc=0  wall=28684 us  |Δx|_max=0.043324  |Δx|_mean=0.00139525  pred_max=0.0417194  drift_max=0.0106773  drift@v3.y  conv_max=0.0027957  conv_mean=2.20925e-05  nan=0
[outlier] v3  inc_tri=3  worst|M|=5.33333  pos=(-0.713552,-2.52629,-1.441)
[pd-step]     step 134  dof=1875  pd|Δx|_max=0.0417194  pd|Δx|_mean=0.00126076
[avbd-drive] step 135 wrote AVBD output to Particle.pos
[avbd-friction] step 135 applied 474 vert/primitive friction events
[avbd-contact] step 135 projected 29 vert/primitive penetrations
[avbd-selfcoll] step 135 resolved 14  detect=10684 us  resolve=25 us  path=gpu
[avbd-step] step 135  dof=1875  iters=16  rc=0  wall=37489 us  |Δx|_max=0.0447564  |Δx|_mean=0.00131768  pred_max=0.043324  drift_max=0.0129292  drift@v3.y  conv_max=0.00276089  conv_mean=2.10221e-05  nan=0
[outlier] v3  inc_tri=3  worst|M|=5.33333  pos=(-0.682953,-2.53783,-1.41704)
[pd-step]     step 135  dof=1875  pd|Δx|_max=0.043324  pd|Δx|_mean=0.0011861
[avbd-drive] step 136 wrote AVBD output to Particle.pos
[avbd-friction] step 136 applied 479 vert/primitive friction events
[avbd-contact] step 136 projected 31 vert/primitive penetrations
[avbd-selfcoll] step 136 resolved 13  detect=25816 us  resolve=39 us  path=gpu
[avbd-step] step 136  dof=1875  iters=16  rc=0  wall=36969 us  |Δx|_max=0.0464371  |Δx|_mean=0.00121436  pred_max=0.0447564  drift_max=0.0128329  drift@v51.y  conv_max=0.00273108  conv_mean=2.05646e-05  nan=0
[outlier] v51  inc_tri=6  worst|M|=5.33333  pos=(-1.03075,-2.62139,-1.04346)
[pd-step]     step 136  dof=1875  pd|Δx|_max=0.0447564  pd|Δx|_mean=0.00108066
[avbd-drive] step 137 wrote AVBD output to Particle.pos
[avbd-friction] step 137 applied 479 vert/primitive friction events
[avbd-contact] step 137 projected 31 vert/primitive penetrations
[avbd-selfcoll] step 137 resolved 11  detect=10598 us  resolve=26 us  path=gpu
[avbd-step] step 137  dof=1875  iters=16  rc=0  wall=28626 us  |Δx|_max=0.0449556  |Δx|_mean=0.00114475  pred_max=0.0464371  drift_max=0.0140355  drift@v75.y  conv_max=0.00270653  conv_mean=1.90084e-05  nan=0
[outlier] v75  inc_tri=3  worst|M|=5.33333  pos=(-1.17132,-2.63592,-0.824713)
[pd-step]     step 137  dof=1875  pd|Δx|_max=0.0464371  pd|Δx|_mean=0.00100743
[avbd-drive] step 138 wrote AVBD output to Particle.pos
[avbd-friction] step 138 applied 481 vert/primitive friction events
[avbd-contact] step 138 projected 32 vert/primitive penetrations
[avbd-selfcoll] step 138 resolved 12  detect=12520 us  resolve=17 us  path=gpu
[avbd-step] step 138  dof=1875  iters=16  rc=0  wall=28655 us  |Δx|_max=0.0458542  |Δx|_mean=0.00106449  pred_max=0.0449556  drift_max=0.0179574  drift@v2.y  conv_max=0.00267053  conv_mean=1.71512e-05  nan=0
[outlier] v2  inc_tri=3  worst|M|=5.33333  pos=(-0.743626,-2.69542,-1.33961)
[pd-step]     step 138  dof=1875  pd|Δx|_max=0.0449556  pd|Δx|_mean=0.000946505
[avbd-drive] step 139 wrote AVBD output to Particle.pos
[avbd-friction] step 139 applied 480 vert/primitive friction events
[avbd-contact] step 139 projected 35 vert/primitive penetrations
[avbd-selfcoll] step 139 resolved 13  detect=10537 us  resolve=18 us  path=gpu
[avbd-step] step 139  dof=1875  iters=16  rc=0  wall=29432 us  |Δx|_max=0.0455337  |Δx|_mean=0.000982365  pred_max=0.0458542  drift_max=0.0209167  drift@v50.y  conv_max=0.00261235  conv_mean=1.83253e-05  nan=0
[outlier] v50  inc_tri=3  worst|M|=5.33333  pos=(-1.07663,-2.76249,-0.926269)
[pd-step]     step 139  dof=1875  pd|Δx|_max=0.0458542  pd|Δx|_mean=0.00084453
[avbd-drive] step 140 wrote AVBD output to Particle.pos
[avbd-friction] step 140 applied 478 vert/primitive friction events
[avbd-contact] step 140 projected 38 vert/primitive penetrations
[avbd-selfcoll] step 140 resolved 13  detect=11030 us  resolve=23 us  path=gpu
[avbd-step] step 140  dof=1875  iters=16  rc=0  wall=36535 us  |Δx|_max=0.0454904  |Δx|_mean=0.000917666  pred_max=0.0458362  drift_max=0.0140653  drift@v50.y  conv_max=0.0024569  conv_mean=1.52693e-05  nan=0
[outlier] v50  inc_tri=3  worst|M|=5.33333  pos=(-1.03493,-2.76809,-0.89599)
[pd-step]     step 140  dof=1875  pd|Δx|_max=0.0458361  pd|Δx|_mean=0.000782471
[avbd-drive] step 141 wrote AVBD output to Particle.pos
[avbd-friction] step 141 applied 479 vert/primitive friction events
[avbd-contact] step 141 projected 39 vert/primitive penetrations
[avbd-selfcoll] step 141 resolved 11  detect=12905 us  resolve=18 us  path=gpu
140..[avbd-step] step 141  dof=1875  iters=16  rc=0  wall=30758 us  |Δx|_max=0.0439073  |Δx|_mean=0.000850232  pred_max=0.0454904  drift_max=0.0243771  drift@v25.y  conv_max=0.00283408  conv_mean=1.45158e-05  nan=0
[outlier] v25  inc_tri=3  worst|M|=5.33333  pos=(-0.98543,-2.88186,-1.03802)
[pd-step]     step 141  dof=1875  pd|Δx|_max=0.0454904  pd|Δx|_mean=0.000747897
[avbd-drive] step 142 wrote AVBD output to Particle.pos
[avbd-friction] step 142 applied 477 vert/primitive friction events
[avbd-contact] step 142 projected 44 vert/primitive penetrations
[avbd-selfcoll] step 142 resolved 12  detect=10660 us  resolve=21 us  path=gpu
[avbd-step] step 142  dof=1875  iters=16  rc=0  wall=29767 us  |Δx|_max=0.0450616  |Δx|_mean=0.00080682  pred_max=0.0439073  drift_max=0.0256646  drift@v25.y  conv_max=0.0029366  conv_mean=1.53374e-05  nan=0
[outlier] v25  inc_tri=3  worst|M|=5.33333  pos=(-0.941523,-2.89804,-1.00463)
[pd-step]     step 142  dof=1875  pd|Δx|_max=0.0439073  pd|Δx|_mean=0.000694884
[avbd-drive] step 143 wrote AVBD output to Particle.pos
[avbd-friction] step 143 applied 476 vert/primitive friction events
[avbd-contact] step 143 projected 44 vert/primitive penetrations
[avbd-selfcoll] step 143 resolved 14  detect=11811 us  resolve=30 us  path=gpu
[avbd-step] step 143  dof=1875  iters=16  rc=0  wall=34626 us  |Δx|_max=0.0464389  |Δx|_mean=0.000743887  pred_max=0.0450616  drift_max=0.0150244  drift@v25.y  conv_max=0.00367028  conv_mean=1.5848e-05  nan=0
[outlier] v25  inc_tri=3  worst|M|=5.33333  pos=(-0.907088,-2.88887,-0.978833)
[pd-step]     step 143  dof=1875  pd|Δx|_max=0.0450616  pd|Δx|_mean=0.00059243
[avbd-drive] step 144 wrote AVBD output to Particle.pos
[avbd-friction] step 144 applied 480 vert/primitive friction events
[avbd-contact] step 144 projected 45 vert/primitive penetrations
[avbd-selfcoll] step 144 resolved 13  detect=10628 us  resolve=22 us  path=gpu
[avbd-step] step 144  dof=1875  iters=16  rc=0  wall=35903 us  |Δx|_max=0.0443133  |Δx|_mean=0.000712292  pred_max=0.0464389  drift_max=0.0239928  drift@v0.y  conv_max=0.0019021  conv_mean=1.28822e-05  nan=0
[outlier] v0  inc_tri=1  worst|M|=5.33333  pos=(-0.859839,-2.97866,-1.13034)
[pd-step]     step 144  dof=1875  pd|Δx|_max=0.0464389  pd|Δx|_mean=0.000580878
[avbd-drive] step 145 wrote AVBD output to Particle.pos
[avbd-friction] step 145 applied 480 vert/primitive friction events
[avbd-contact] step 145 projected 47 vert/primitive penetrations
[avbd-selfcoll] step 145 resolved 13  detect=12607 us  resolve=23 us  path=gpu
[avbd-step] step 145  dof=1875  iters=16  rc=0  wall=29817 us  |Δx|_max=0.0335858  |Δx|_mean=0.000687854  pred_max=0.0443133  drift_max=0.0263333  drift@v0.y  conv_max=0.00122815  conv_mean=1.24471e-05  nan=0
[outlier] v0  inc_tri=1  worst|M|=5.33333  pos=(-0.815526,-2.99193,-1.10044)
[pd-step]     step 145  dof=1875  pd|Δx|_max=0.0443133  pd|Δx|_mean=0.000557497
[avbd-drive] step 146 wrote AVBD output to Particle.pos
[avbd-friction] step 146 applied 479 vert/primitive friction events
[avbd-contact] step 146 projected 48 vert/primitive penetrations
[avbd-selfcoll] step 146 resolved 13  detect=10429 us  resolve=19 us  path=gpu
[avbd-step] step 146  dof=1875  iters=16  rc=0  wall=29843 us  |Δx|_max=0.0279682  |Δx|_mean=0.000648162  pred_max=0.0277946  drift_max=0.0127449  drift@v0.y  conv_max=0.000458837  conv_mean=1.07818e-05  nan=0
[outlier] v0  inc_tri=1  worst|M|=5.33333  pos=(-0.78194,-2.97918,-1.07417)
[pd-step]     step 146  dof=1875  pd|Δx|_max=0.0277946  pd|Δx|_mean=0.000503236
[avbd-drive] step 147 wrote AVBD output to Particle.pos
[avbd-friction] step 147 applied 479 vert/primitive friction events
[avbd-contact] step 147 projected 48 vert/primitive penetrations
[avbd-selfcoll] step 147 resolved 12  detect=10373 us  resolve=22 us  path=gpu
[avbd-step] step 147  dof=1875  iters=16  rc=0  wall=36550 us  |Δx|_max=0.0280946  |Δx|_mean=0.000639042  pred_max=0.0279682  drift_max=0.00437737  drift@v0.y  conv_max=0.000458881  conv_mean=1.07107e-05  nan=0
[outlier] v0  inc_tri=1  worst|M|=5.33333  pos=(-0.785652,-2.96893,-1.07635)
[pd-step]     step 147  dof=1875  pd|Δx|_max=0.0279682  pd|Δx|_mean=0.000497877
[avbd-drive] step 148 wrote AVBD output to Particle.pos
[avbd-friction] step 148 applied 477 vert/primitive friction events
[avbd-contact] step 148 projected 49 vert/primitive penetrations
[avbd-selfcoll] step 148 resolved 16  detect=10351 us  resolve=18 us  path=gpu
[avbd-step] step 148  dof=1875  iters=16  rc=0  wall=31841 us  |Δx|_max=0.0281341  |Δx|_mean=0.000652133  pred_max=0.0280946  drift_max=0.00938785  drift@v556.x  conv_max=0.00045757  conv_mean=1.06957e-05  nan=0
[outlier] v556  inc_tri=6  worst|M|=5.33333  pos=(-0.731652,-1.42785,1.63585)
[pd-step]     step 148  dof=1875  pd|Δx|_max=0.0280946  pd|Δx|_mean=0.000491772
[avbd-drive] step 149 wrote AVBD output to Particle.pos
[avbd-friction] step 149 applied 482 vert/primitive friction events
[avbd-contact] step 149 projected 50 vert/primitive penetrations
[avbd-selfcoll] step 149 resolved 13  detect=13277 us  resolve=23 us  path=gpu
[avbd-step] step 149  dof=1875  iters=16  rc=0  wall=30220 us  |Δx|_max=0.0280857  |Δx|_mean=0.000629319  pred_max=0.0281341  drift_max=0.00242805  drift@v556.x  conv_max=0.000455126  conv_mean=1.04029e-05  nan=0
[outlier] v556  inc_tri=6  worst|M|=5.33333  pos=(-0.721746,-1.42828,1.64035)
[pd-step]     step 149  dof=1875  pd|Δx|_max=0.0281341  pd|Δx|_mean=0.000493801
[avbd-drive] step 150 wrote AVBD output to Particle.pos
[avbd-friction] step 150 applied 482 vert/primitive friction events
[avbd-contact] step 150 projected 51 vert/primitive penetrations
[avbd-selfcoll] step 150 resolved 11  detect=10546 us  resolve=19 us  path=gpu
[avbd-step] step 150  dof=1875  iters=16  rc=0  wall=27259 us  |Δx|_max=0.0279733  |Δx|_mean=0.000610064  pred_max=0.0280857  drift_max=0.0023576  drift@v607.z  conv_max=0.000451893  conv_mean=1.0307e-05  nan=0
[outlier] v607  inc_tri=3  worst|M|=5.33333  pos=(-0.626771,-1.51793,1.86604)
[pd-step]     step 150  dof=1875  pd|Δx|_max=0.0280857  pd|Δx|_mean=0.000482442
[avbd-drive] step 151 wrote AVBD output to Particle.pos
[avbd-friction] step 151 applied 482 vert/primitive friction events
[avbd-contact] step 151 projected 52 vert/primitive penetrations
[avbd-selfcoll] step 151 resolved 12  detect=12307 us  resolve=19 us  path=gpu
[avbd-step] step 151  dof=1875  iters=16  rc=0  wall=28316 us  |Δx|_max=0.0278289  |Δx|_mean=0.000598444  pred_max=0.0279733  drift_max=0.00194478  drift@v1.y  conv_max=0.000448346  conv_mean=1.02261e-05  nan=0
[outlier] v1  inc_tri=3  worst|M|=5.33333  pos=(-0.768828,-2.81567,-1.21418)
[pd-step]     step 151  dof=1875  pd|Δx|_max=0.0279733  pd|Δx|_mean=0.000468142
[avbd-drive] step 152 wrote AVBD output to Particle.pos
[avbd-friction] step 152 applied 480 vert/primitive friction events
[avbd-contact] step 152 projected 55 vert/primitive penetrations
[avbd-selfcoll] step 152 resolved 13  detect=10526 us  resolve=43 us  path=gpu
[avbd-step] step 152  dof=1875  iters=16  rc=0  wall=31136 us  |Δx|_max=0.0276791  |Δx|_mean=0.000590516  pred_max=0.0278289  drift_max=0.00183392  drift@v1.y  conv_max=0.0004448  conv_mean=1.01813e-05  nan=0
[outlier] v1  inc_tri=3  worst|M|=5.33333  pos=(-0.771742,-2.8137,-1.21644)
[pd-step]     step 152  dof=1875  pd|Δx|_max=0.0278289  pd|Δx|_mean=0.000460066
[avbd-drive] step 153 wrote AVBD output to Particle.pos
[avbd-friction] step 153 applied 478 vert/primitive friction events
[avbd-contact] step 153 projected 56 vert/primitive penetrations
[avbd-selfcoll] step 153 resolved 12  detect=13427 us  resolve=19 us  path=gpu
[avbd-step] step 153  dof=1875  iters=16  rc=0  wall=30109 us  |Δx|_max=0.0275381  |Δx|_mean=0.000583619  pred_max=0.0276791  drift_max=0.00172877  drift@v1.y  conv_max=0.000441462  conv_mean=1.01519e-05  nan=0
[outlier] v1  inc_tri=3  worst|M|=5.33333  pos=(-0.774374,-2.81187,-1.21847)
[pd-step]     step 153  dof=1875  pd|Δx|_max=0.0276791  pd|Δx|_mean=0.000454982
[avbd-drive] step 154 wrote AVBD output to Particle.pos
[avbd-friction] step 154 applied 477 vert/primitive friction events
[avbd-contact] step 154 projected 57 vert/primitive penetrations
[avbd-selfcoll] step 154 resolved 11  detect=10601 us  resolve=17 us  path=gpu
[avbd-step] step 154  dof=1875  iters=16  rc=0  wall=28957 us  |Δx|_max=0.0274083  |Δx|_mean=0.000577762  pred_max=0.0275381  drift_max=0.00173545  drift@v0.y  conv_max=0.000438377  conv_mean=1.01171e-05  nan=0
[outlier] v0  inc_tri=1  worst|M|=5.33333  pos=(-0.798986,-2.94156,-1.08666)
[pd-step]     step 154  dof=1875  pd|Δx|_max=0.0275381  pd|Δx|_mean=0.000450659
[avbd-drive] step 155 wrote AVBD output to Particle.pos
[avbd-friction] step 155 applied 477 vert/primitive friction events
[avbd-contact] step 155 projected 60 vert/primitive penetrations
[avbd-selfcoll] step 155 resolved 13  detect=11670 us  resolve=17 us  path=gpu
[avbd-step] step 155  dof=1875  iters=16  rc=0  wall=30436 us  |Δx|_max=0.0272858  |Δx|_mean=0.000569921  pred_max=0.0274083  drift_max=0.00167203  drift@v0.y  conv_max=0.000435546  conv_mean=1.00497e-05  nan=0
[outlier] v0  inc_tri=1  worst|M|=5.33333  pos=(-0.800712,-2.93952,-1.08844)
[pd-step]     step 155  dof=1875  pd|Δx|_max=0.0274083  pd|Δx|_mean=0.000444841
[avbd-drive] step 156 wrote AVBD output to Particle.pos
[avbd-friction] step 156 applied 476 vert/primitive friction events
[avbd-contact] step 156 projected 62 vert/primitive penetrations
[avbd-selfcoll] step 156 resolved 11  detect=10662 us  resolve=20 us  path=gpu
[avbd-step] step 156  dof=1875  iters=16  rc=0  wall=35670 us  |Δx|_max=0.0271669  |Δx|_mean=0.0005617  pred_max=0.0272858  drift_max=0.00148773  drift@v0.y  conv_max=0.000432879  conv_mean=9.99735e-06  nan=0
[outlier] v0  inc_tri=1  worst|M|=5.33333  pos=(-0.802506,-2.93761,-1.09043)
[pd-step]     step 156  dof=1875  pd|Δx|_max=0.0272858  pd|Δx|_mean=0.000437993
[avbd-drive] step 157 wrote AVBD output to Particle.pos
[avbd-friction] step 157 applied 476 vert/primitive friction events
[avbd-contact] step 157 projected 63 vert/primitive penetrations
[avbd-selfcoll] step 157 resolved 13  detect=10653 us  resolve=21 us  path=gpu
[avbd-step] step 157  dof=1875  iters=16  rc=0  wall=27760 us  |Δx|_max=0.0270515  |Δx|_mean=0.000554319  pred_max=0.0271669  drift_max=0.00135326  drift@v25.y  conv_max=0.000430331  conv_mean=9.96529e-06  nan=0
[outlier] v25  inc_tri=3  worst|M|=5.33333  pos=(-0.938012,-2.83222,-1.01002)
[pd-step]     step 157  dof=1875  pd|Δx|_max=0.0271669  pd|Δx|_mean=0.000431912
[avbd-drive] step 158 wrote AVBD output to Particle.pos
[avbd-friction] step 158 applied 475 vert/primitive friction events
[avbd-contact] step 158 projected 68 vert/primitive penetrations
[avbd-selfcoll] step 158 resolved 15  detect=10926 us  resolve=18 us  path=gpu
[avbd-step] step 158  dof=1875  iters=16  rc=0  wall=30134 us  |Δx|_max=0.0269452  |Δx|_mean=0.000547172  pred_max=0.0270515  drift_max=0.00126934  drift@v25.y  conv_max=0.000427887  conv_mean=9.92621e-06  nan=0
[outlier] v25  inc_tri=3  worst|M|=5.33333  pos=(-0.939243,-2.83067,-1.01118)
[pd-step]     step 158  dof=1875  pd|Δx|_max=0.0270515  pd|Δx|_mean=0.000426198
[avbd-drive] step 159 wrote AVBD output to Particle.pos
[avbd-friction] step 159 applied 476 vert/primitive friction events
[avbd-contact] step 159 projected 69 vert/primitive penetrations
[avbd-selfcoll] step 159 resolved 15  detect=11550 us  resolve=22 us  path=gpu
[avbd-step] step 159  dof=1875  iters=16  rc=0  wall=23064 us  |Δx|_max=0.0268554  |Δx|_mean=0.000538411  pred_max=0.0269452  drift_max=0.0011909  drift@v25.y  conv_max=0.00042592  conv_mean=9.83673e-06  nan=0
[outlier] v25  inc_tri=3  worst|M|=5.33333  pos=(-0.940408,-2.82922,-1.01225)
[pd-step]     step 159  dof=1875  pd|Δx|_max=0.0269452  pd|Δx|_mean=0.000419717
[avbd-drive] step 160 wrote AVBD output to Particle.pos
[avbd-friction] step 160 applied 477 vert/primitive friction events
[avbd-contact] step 160 projected 70 vert/primitive penetrations
[avbd-selfcoll] step 160 resolved 15  detect=10414 us  resolve=18 us  path=gpu
[avbd-step] step 160  dof=1875  iters=16  rc=0  wall=23907 us  |Δx|_max=0.0267899  |Δx|_mean=0.000530818  pred_max=0.0268554  drift_max=0.00117843  drift@v314.y  conv_max=0.000426271  conv_mean=9.77039e-06  nan=0
[outlier] v314  inc_tri=6  worst|M|=5.33333  pos=(0.303504,-0.136058,-0.0345671)
[pd-step]     step 160  dof=1875  pd|Δx|_max=0.0268554  pd|Δx|_mean=0.000414182
[avbd-drive] step 161 wrote AVBD output to Particle.pos
[avbd-friction] step 161 applied 478 vert/primitive friction events
[avbd-contact] step 161 projected 71 vert/primitive penetrations
[avbd-selfcoll] step 161 resolved 14  detect=12854 us  resolve=21 us  path=gpu
160..[avbd-step] step 161  dof=1875  iters=16  rc=0  wall=23882 us  |Δx|_max=0.0267552  |Δx|_mean=0.000521909  pred_max=0.0267899  drift_max=0.00117573  drift@v314.y  conv_max=0.00042647  conv_mean=9.65723e-06  nan=0
[outlier] v314  inc_tri=6  worst|M|=5.33333  pos=(0.303062,-0.136141,-0.0347017)
[pd-step]     step 161  dof=1875  pd|Δx|_max=0.0267899  pd|Δx|_mean=0.000407208
[avbd-drive] step 162 wrote AVBD output to Particle.pos
[avbd-friction] step 162 applied 477 vert/primitive friction events
[avbd-contact] step 162 projected 71 vert/primitive penetrations
[avbd-selfcoll] step 162 resolved 20  detect=10851 us  resolve=18 us  path=gpu
[avbd-step] step 162  dof=1875  iters=16  rc=0  wall=24025 us  |Δx|_max=0.0267536  |Δx|_mean=0.000515904  pred_max=0.0267552  drift_max=0.001173  drift@v314.y  conv_max=0.000426426  conv_mean=9.60186e-06  nan=0
[outlier] v314  inc_tri=6  worst|M|=5.33333  pos=(0.302628,-0.136222,-0.0348344)
[pd-step]     step 162  dof=1875  pd|Δx|_max=0.0267552  pd|Δx|_mean=0.000402816
[avbd-drive] step 163 wrote AVBD output to Particle.pos
[avbd-friction] step 163 applied 478 vert/primitive friction events
[avbd-contact] step 163 projected 73 vert/primitive penetrations
[avbd-selfcoll] step 163 resolved 18  detect=13635 us  resolve=18 us  path=gpu
[avbd-step] step 163  dof=1875  iters=16  rc=0  wall=20832 us  |Δx|_max=0.0267814  |Δx|_mean=0.000509124  pred_max=0.0267536  drift_max=0.00117026  drift@v314.y  conv_max=0.000426059  conv_mean=9.4946e-06  nan=0
[outlier] v314  inc_tri=6  worst|M|=5.33333  pos=(0.302203,-0.136302,-0.034965)
[pd-step]     step 163  dof=1875  pd|Δx|_max=0.0267536  pd|Δx|_mean=0.000397689
[avbd-drive] step 164 wrote AVBD output to Particle.pos
[avbd-friction] step 164 applied 478 vert/primitive friction events
[avbd-contact] step 164 projected 74 vert/primitive penetrations
[avbd-selfcoll] step 164 resolved 15  detect=10400 us  resolve=20 us  path=gpu
[avbd-step] step 164  dof=1875  iters=16  rc=0  wall=23996 us  |Δx|_max=0.0268294  |Δx|_mean=0.000502656  pred_max=0.0267814  drift_max=0.00116749  drift@v314.y  conv_max=0.000425273  conv_mean=9.39128e-06  nan=0
[outlier] v314  inc_tri=6  worst|M|=5.33333  pos=(0.301785,-0.136381,-0.0350938)
[pd-step]     step 164  dof=1875  pd|Δx|_max=0.0267814  pd|Δx|_mean=0.000391856
[avbd-drive] step 165 wrote AVBD output to Particle.pos
[avbd-friction] step 165 applied 476 vert/primitive friction events
[avbd-contact] step 165 projected 76 vert/primitive penetrations
[avbd-selfcoll] step 165 resolved 19  detect=10543 us  resolve=19 us  path=gpu
[avbd-step] step 165  dof=1875  iters=16  rc=0  wall=23492 us  |Δx|_max=0.0268854  |Δx|_mean=0.000497314  pred_max=0.0268294  drift_max=0.00116469  drift@v314.y  conv_max=0.000424268  conv_mean=9.33908e-06  nan=0
[outlier] v314  inc_tri=6  worst|M|=5.33333  pos=(0.301376,-0.136459,-0.0352208)
[pd-step]     step 165  dof=1875  pd|Δx|_max=0.0268294  pd|Δx|_mean=0.000388202
[avbd-drive] step 166 wrote AVBD output to Particle.pos
[avbd-friction] step 166 applied 476 vert/primitive friction events
[avbd-contact] step 166 projected 77 vert/primitive penetrations
[avbd-selfcoll] step 166 resolved 19  detect=12504 us  resolve=22 us  path=gpu
[avbd-step] step 166  dof=1875  iters=16  rc=0  wall=29201 us  |Δx|_max=0.0269367  |Δx|_mean=0.000492119  pred_max=0.0268854  drift_max=0.00116187  drift@v314.y  conv_max=0.000422961  conv_mean=9.28326e-06  nan=0
[outlier] v314  inc_tri=6  worst|M|=5.33333  pos=(0.300974,-0.136535,-0.035346)
[pd-step]     step 166  dof=1875  pd|Δx|_max=0.0268854  pd|Δx|_mean=0.00038399
[avbd-drive] step 167 wrote AVBD output to Particle.pos
[avbd-friction] step 167 applied 476 vert/primitive friction events
[avbd-contact] step 167 projected 78 vert/primitive penetrations
[avbd-selfcoll] step 167 resolved 17  detect=10412 us  resolve=17 us  path=gpu
[avbd-step] step 167  dof=1875  iters=16  rc=0  wall=29487 us  |Δx|_max=0.0269735  |Δx|_mean=0.0004872  pred_max=0.0269367  drift_max=0.00115903  drift@v314.y  conv_max=0.000421565  conv_mean=9.23016e-06  nan=0
[outlier] v314  inc_tri=6  worst|M|=5.33333  pos=(0.30058,-0.13661,-0.0354695)
[pd-step]     step 167  dof=1875  pd|Δx|_max=0.0269367  pd|Δx|_mean=0.000380148
[avbd-drive] step 168 wrote AVBD output to Particle.pos
[avbd-friction] step 168 applied 477 vert/primitive friction events
[avbd-contact] step 168 projected 78 vert/primitive penetrations
[avbd-selfcoll] step 168 resolved 20  detect=10615 us  resolve=24 us  path=gpu
[avbd-step] step 168  dof=1875  iters=16  rc=0  wall=28489 us  |Δx|_max=0.0269899  |Δx|_mean=0.000482455  pred_max=0.0269735  drift_max=0.00115618  drift@v314.y  conv_max=0.000420287  conv_mean=9.17437e-06  nan=0
[outlier] v314  inc_tri=6  worst|M|=5.33333  pos=(0.300193,-0.136683,-0.0355912)
[pd-step]     step 168  dof=1875  pd|Δx|_max=0.0269735  pd|Δx|_mean=0.000376143
[avbd-drive] step 169 wrote AVBD output to Particle.pos
[avbd-friction] step 169 applied 477 vert/primitive friction events
[avbd-contact] step 169 projected 79 vert/primitive penetrations
[avbd-selfcoll] step 169 resolved 18  detect=10410 us  resolve=19 us  path=gpu
[avbd-step] step 169  dof=1875  iters=16  rc=0  wall=29630 us  |Δx|_max=0.0269849  |Δx|_mean=0.000478317  pred_max=0.0269899  drift_max=0.00115331  drift@v314.y  conv_max=0.000419145  conv_mean=9.11076e-06  nan=0
[outlier] v314  inc_tri=6  worst|M|=5.33333  pos=(0.299814,-0.136756,-0.0357113)
[pd-step]     step 169  dof=1875  pd|Δx|_max=0.0269899  pd|Δx|_mean=0.000372598
[avbd-drive] step 170 wrote AVBD output to Particle.pos
[avbd-friction] step 170 applied 476 vert/primitive friction events
[avbd-contact] step 170 projected 79 vert/primitive penetrations
[avbd-selfcoll] step 170 resolved 18  detect=13244 us  resolve=23 us  path=gpu
[avbd-step] step 170  dof=1875  iters=16  rc=0  wall=31622 us  |Δx|_max=0.0269623  |Δx|_mean=0.000475344  pred_max=0.0269849  drift_max=0.00115043  drift@v314.y  conv_max=0.000418165  conv_mean=9.05952e-06  nan=0
[outlier] v314  inc_tri=6  worst|M|=5.33333  pos=(0.299441,-0.136827,-0.0358297)
[pd-step]     step 170  dof=1875  pd|Δx|_max=0.0269849  pd|Δx|_mean=0.000369946
[avbd-drive] step 171 wrote AVBD output to Particle.pos
[avbd-friction] step 171 applied 475 vert/primitive friction events
[avbd-contact] step 171 projected 79 vert/primitive penetrations
[avbd-selfcoll] step 171 resolved 17  detect=12406 us  resolve=29 us  path=gpu
[avbd-step] step 171  dof=1875  iters=16  rc=0  wall=29048 us  |Δx|_max=0.0269292  |Δx|_mean=0.000472938  pred_max=0.0269623  drift_max=0.00114754  drift@v314.y  conv_max=0.000417482  conv_mean=9.01528e-06  nan=0
[outlier] v314  inc_tri=6  worst|M|=5.33333  pos=(0.299076,-0.136897,-0.0359463)
[pd-step]     step 171  dof=1875  pd|Δx|_max=0.0269623  pd|Δx|_mean=0.000368222
[avbd-drive] step 172 wrote AVBD output to Particle.pos
[avbd-friction] step 172 applied 475 vert/primitive friction events
[avbd-contact] step 172 projected 79 vert/primitive penetrations
[avbd-selfcoll] step 172 resolved 19  detect=10581 us  resolve=19 us  path=gpu
[avbd-step] step 172  dof=1875  iters=16  rc=0  wall=28375 us  |Δx|_max=0.026895  |Δx|_mean=0.000470846  pred_max=0.0269292  drift_max=0.00114465  drift@v314.y  conv_max=0.000417119  conv_mean=8.97684e-06  nan=0
[outlier] v314  inc_tri=6  worst|M|=5.33333  pos=(0.298716,-0.136966,-0.0360614)
[pd-step]     step 172  dof=1875  pd|Δx|_max=0.0269292  pd|Δx|_mean=0.000366974
[avbd-drive] step 173 wrote AVBD output to Particle.pos
[avbd-friction] step 173 applied 477 vert/primitive friction events
[avbd-contact] step 173 projected 82 vert/primitive penetrations
[avbd-selfcoll] step 173 resolved 19  detect=10533 us  resolve=20 us  path=gpu
[avbd-step] step 173  dof=1875  iters=16  rc=0  wall=36163 us  |Δx|_max=0.026869  |Δx|_mean=0.000468132  pred_max=0.026895  drift_max=0.00114176  drift@v314.y  conv_max=0.000417023  conv_mean=8.92076e-06  nan=0
[outlier] v314  inc_tri=6  worst|M|=5.33333  pos=(0.298364,-0.137034,-0.0361747)
[pd-step]     step 173  dof=1875  pd|Δx|_max=0.026895  pd|Δx|_mean=0.000365227
[avbd-drive] step 174 wrote AVBD output to Particle.pos
[avbd-friction] step 174 applied 475 vert/primitive friction events
[avbd-contact] step 174 projected 82 vert/primitive penetrations
[avbd-selfcoll] step 174 resolved 18  detect=12821 us  resolve=18 us  path=gpu
[avbd-step] step 174  dof=1875  iters=16  rc=0  wall=29387 us  |Δx|_max=0.0268591  |Δx|_mean=0.000466587  pred_max=0.026869  drift_max=0.00113887  drift@v314.y  conv_max=0.000417189  conv_mean=8.88724e-06  nan=0
[outlier] v314  inc_tri=6  worst|M|=5.33333  pos=(0.298017,-0.1371,-0.0362865)
[pd-step]     step 174  dof=1875  pd|Δx|_max=0.026869  pd|Δx|_mean=0.000365093
[avbd-drive] step 175 wrote AVBD output to Particle.pos
[avbd-friction] step 175 applied 476 vert/primitive friction events
[avbd-contact] step 175 projected 83 vert/primitive penetrations
[avbd-selfcoll] step 175 resolved 15  detect=11957 us  resolve=37 us  path=gpu
[avbd-step] step 175  dof=1875  iters=16  rc=0  wall=31075 us  |Δx|_max=0.0268706  |Δx|_mean=0.000463352  pred_max=0.0268591  drift_max=0.00113598  drift@v314.y  conv_max=0.000417565  conv_mean=8.79911e-06  nan=0
[outlier] v314  inc_tri=6  worst|M|=5.33333  pos=(0.297677,-0.137166,-0.0363967)
[pd-step]     step 175  dof=1875  pd|Δx|_max=0.0268591  pd|Δx|_mean=0.000363735
[avbd-drive] step 176 wrote AVBD output to Particle.pos
[avbd-friction] step 176 applied 477 vert/primitive friction events
[avbd-contact] step 176 projected 84 vert/primitive penetrations
[avbd-selfcoll] step 176 resolved 18  detect=10774 us  resolve=33 us  path=gpu
[avbd-step] step 176  dof=1875  iters=16  rc=0  wall=31378 us  |Δx|_max=0.0269059  |Δx|_mean=0.000461272  pred_max=0.0268706  drift_max=0.00113308  drift@v314.y  conv_max=0.000418108  conv_mean=8.74958e-06  nan=0
[outlier] v314  inc_tri=6  worst|M|=5.33333  pos=(0.297342,-0.137231,-0.0365054)
[pd-step]     step 176  dof=1875  pd|Δx|_max=0.0268706  pd|Δx|_mean=0.00036242
[avbd-drive] step 177 wrote AVBD output to Particle.pos
[avbd-friction] step 177 applied 476 vert/primitive friction events
[avbd-contact] step 177 projected 85 vert/primitive penetrations
[avbd-selfcoll] step 177 resolved 22  detect=10426 us  resolve=23 us  path=gpu
[avbd-step] step 177  dof=1875  iters=16  rc=0  wall=29015 us  |Δx|_max=0.0269646  |Δx|_mean=0.000459709  pred_max=0.0269059  drift_max=0.00113022  drift@v314.y  conv_max=0.000418716  conv_mean=8.70774e-06  nan=0
[outlier] v314  inc_tri=6  worst|M|=5.33333  pos=(0.297012,-0.137295,-0.0366127)
[pd-step]     step 177  dof=1875  pd|Δx|_max=0.0269059  pd|Δx|_mean=0.000361901
[avbd-drive] step 178 wrote AVBD output to Particle.pos
[avbd-friction] step 178 applied 477 vert/primitive friction events
[avbd-contact] step 178 projected 87 vert/primitive penetrations
[avbd-selfcoll] step 178 resolved 20  detect=10881 us  resolve=23 us  path=gpu
[avbd-step] step 178  dof=1875  iters=16  rc=0  wall=27342 us  |Δx|_max=0.0270463  |Δx|_mean=0.00045763  pred_max=0.0269646  drift_max=0.00112735  drift@v314.y  conv_max=0.0004194  conv_mean=8.66998e-06  nan=0
[outlier] v314  inc_tri=6  worst|M|=5.33333  pos=(0.296688,-0.137357,-0.0367185)
[pd-step]     step 178  dof=1875  pd|Δx|_max=0.0269646  pd|Δx|_mean=0.000361198
[avbd-drive] step 179 wrote AVBD output to Particle.pos
[avbd-friction] step 179 applied 478 vert/primitive friction events
[avbd-contact] step 179 projected 89 vert/primitive penetrations
[avbd-selfcoll] step 179 resolved 21  detect=12019 us  resolve=17 us  path=gpu
[avbd-step] step 179  dof=1875  iters=16  rc=0  wall=27996 us  |Δx|_max=0.0271478  |Δx|_mean=0.000455606  pred_max=0.0270463  drift_max=0.00112452  drift@v314.y  conv_max=0.000420077  conv_mean=8.63224e-06  nan=0
[outlier] v314  inc_tri=6  worst|M|=5.33333  pos=(0.296369,-0.137419,-0.036823)
[pd-step]     step 179  dof=1875  pd|Δx|_max=0.0270463  pd|Δx|_mean=0.000360022
[avbd-drive] step 180 wrote AVBD output to Particle.pos
[avbd-friction] step 180 applied 477 vert/primitive friction events
[avbd-contact] step 180 projected 89 vert/primitive penetrations
[avbd-selfcoll] step 180 resolved 20  detect=10387 us  resolve=21 us  path=gpu
[avbd-step] step 180  dof=1875  iters=16  rc=0  wall=28413 us  |Δx|_max=0.0272643  |Δx|_mean=0.000455272  pred_max=0.0271478  drift_max=0.00112168  drift@v314.y  conv_max=0.00042069  conv_mean=8.62294e-06  nan=0
[outlier] v314  inc_tri=6  worst|M|=5.33333  pos=(0.296055,-0.13748,-0.0369261)
[pd-step]     step 180  dof=1875  pd|Δx|_max=0.0271478  pd|Δx|_mean=0.000360056
[avbd-drive] step 181 wrote AVBD output to Particle.pos
[avbd-friction] step 181 applied 478 vert/primitive friction events
[avbd-contact] step 181 projected 89 vert/primitive penetrations
[avbd-selfcoll] step 181 resolved 26  detect=10616 us  resolve=21 us  path=gpu
180..[avbd-step] step 181  dof=1875  iters=16  rc=0  wall=28918 us  |Δx|_max=0.0273919  |Δx|_mean=0.00045072  pred_max=0.0272643  drift_max=0.00111887  drift@v314.y  conv_max=0.000421372  conv_mean=8.47371e-06  nan=0
[outlier] v314  inc_tri=6  worst|M|=5.33333  pos=(0.295746,-0.137541,-0.037028)
[pd-step]     step 181  dof=1875  pd|Δx|_max=0.0272643  pd|Δx|_mean=0.000355745
[avbd-drive] step 182 wrote AVBD output to Particle.pos
[avbd-friction] step 182 applied 479 vert/primitive friction events
[avbd-contact] step 182 projected 90 vert/primitive penetrations
[avbd-selfcoll] step 182 resolved 21  detect=12770 us  resolve=22 us  path=gpu
[avbd-step] step 182  dof=1875  iters=16  rc=0  wall=28892 us  |Δx|_max=0.0275226  |Δx|_mean=0.00044936  pred_max=0.0273919  drift_max=0.00111605  drift@v314.y  conv_max=0.000421945  conv_mean=8.40632e-06  nan=0
[outlier] v314  inc_tri=6  worst|M|=5.33333  pos=(0.295441,-0.1376,-0.0371286)
[pd-step]     step 182  dof=1875  pd|Δx|_max=0.0273919  pd|Δx|_mean=0.000355155
[avbd-drive] step 183 wrote AVBD output to Particle.pos
[avbd-friction] step 183 applied 480 vert/primitive friction events
[avbd-contact] step 183 projected 92 vert/primitive penetrations
[avbd-selfcoll] step 183 resolved 24  detect=11302 us  resolve=21 us  path=gpu
[avbd-step] step 183  dof=1875  iters=16  rc=0  wall=34212 us  |Δx|_max=0.0276496  |Δx|_mean=0.000449953  pred_max=0.0275226  drift_max=0.00111327  drift@v314.y  conv_max=0.000422325  conv_mean=8.4045e-06  nan=0
[outlier] v314  inc_tri=6  worst|M|=5.33333  pos=(0.29514,-0.137659,-0.037228)
[pd-step]     step 183  dof=1875  pd|Δx|_max=0.0275226  pd|Δx|_mean=0.000356396
[avbd-drive] step 184 wrote AVBD output to Particle.pos
[avbd-friction] step 184 applied 481 vert/primitive friction events
[avbd-contact] step 184 projected 92 vert/primitive penetrations
[avbd-selfcoll] step 184 resolved 27  detect=10788 us  resolve=20 us  path=gpu
[avbd-step] step 184  dof=1875  iters=16  rc=0  wall=32025 us  |Δx|_max=0.0277673  |Δx|_mean=0.000462755  pred_max=0.0276496  drift_max=0.00489998  drift@v604.z  conv_max=0.00042249  conv_mean=8.45393e-06  nan=0
[outlier] v604  inc_tri=3  worst|M|=5.33333  pos=(-0.873914,-1.88075,1.90084)
[pd-step]     step 184  dof=1875  pd|Δx|_max=0.0276496  pd|Δx|_mean=0.000357512
[avbd-drive] step 185 wrote AVBD output to Particle.pos
[avbd-friction] step 185 applied 480 vert/primitive friction events
[avbd-contact] step 185 projected 93 vert/primitive penetrations
[avbd-selfcoll] step 185 resolved 23  detect=12583 us  resolve=19 us  path=gpu
[avbd-step] step 185  dof=1875  iters=16  rc=0  wall=34502 us  |Δx|_max=0.0278704  |Δx|_mean=0.000460858  pred_max=0.0277673  drift_max=0.00178689  drift@v604.x  conv_max=0.000422423  conv_mean=8.459e-06  nan=0
[outlier] v604  inc_tri=3  worst|M|=5.33333  pos=(-0.876958,-1.88213,1.89514)
[pd-step]     step 185  dof=1875  pd|Δx|_max=0.0277673  pd|Δx|_mean=0.000372147
[avbd-drive] step 186 wrote AVBD output to Particle.pos
[avbd-friction] step 186 applied 480 vert/primitive friction events
[avbd-contact] step 186 projected 93 vert/primitive penetrations
[avbd-selfcoll] step 186 resolved 26  detect=10789 us  resolve=30 us  path=gpu
[avbd-step] step 186  dof=1875  iters=16  rc=0  wall=34332 us  |Δx|_max=0.0279531  |Δx|_mean=0.000458343  pred_max=0.0278704  drift_max=0.00209904  drift@v604.x  conv_max=0.000422196  conv_mean=8.44753e-06  nan=0
[outlier] v604  inc_tri=3  worst|M|=5.33333  pos=(-0.878215,-1.88346,1.89026)
[pd-step]     step 186  dof=1875  pd|Δx|_max=0.0278704  pd|Δx|_mean=0.000371479
[avbd-drive] step 187 wrote AVBD output to Particle.pos
[avbd-friction] step 187 applied 481 vert/primitive friction events
[avbd-contact] step 187 projected 94 vert/primitive penetrations
[avbd-selfcoll] step 187 resolved 25  detect=11734 us  resolve=22 us  path=gpu
[avbd-step] step 187  dof=1875  iters=16  rc=0  wall=32249 us  |Δx|_max=0.0280103  |Δx|_mean=0.000457205  pred_max=0.0279531  drift_max=0.00214922  drift@v37.x  conv_max=0.000421658  conv_mean=8.42342e-06  nan=0
[outlier] v37  inc_tri=6  worst|M|=5.33333  pos=(0.268073,-1.31453,-1.71735)
[pd-step]     step 187  dof=1875  pd|Δx|_max=0.0279531  pd|Δx|_mean=0.000368138
[avbd-drive] step 188 wrote AVBD output to Particle.pos
[avbd-friction] step 188 applied 483 vert/primitive friction events
[avbd-contact] step 188 projected 95 vert/primitive penetrations
[avbd-selfcoll] step 188 resolved 21  detect=12235 us  resolve=22 us  path=gpu
[avbd-step] step 188  dof=1875  iters=16  rc=0  wall=40121 us  |Δx|_max=0.0280381  |Δx|_mean=0.000455322  pred_max=0.0280103  drift_max=0.00276163  drift@v37.x  conv_max=0.000420816  conv_mean=8.39732e-06  nan=0
[outlier] v37  inc_tri=6  worst|M|=5.33333  pos=(0.266648,-1.31537,-1.71718)
[pd-step]     step 188  dof=1875  pd|Δx|_max=0.0280103  pd|Δx|_mean=0.000366677
[avbd-drive] step 189 wrote AVBD output to Particle.pos
[avbd-friction] step 189 applied 485 vert/primitive friction events
[avbd-contact] step 189 projected 95 vert/primitive penetrations
[avbd-selfcoll] step 189 resolved 21  detect=13001 us  resolve=22 us  path=gpu
[avbd-step] step 189  dof=1875  iters=16  rc=0  wall=28561 us  |Δx|_max=0.028034  |Δx|_mean=0.000452719  pred_max=0.0280381  drift_max=0.00311601  drift@v37.x  conv_max=0.000419839  conv_mean=8.36378e-06  nan=0
[outlier] v37  inc_tri=6  worst|M|=5.33333  pos=(0.264868,-1.31621,-1.71719)
[pd-step]     step 189  dof=1875  pd|Δx|_max=0.0280381  pd|Δx|_mean=0.000365075
[avbd-drive] step 190 wrote AVBD output to Particle.pos
[avbd-friction] step 190 applied 486 vert/primitive friction events
[avbd-contact] step 190 projected 95 vert/primitive penetrations
[avbd-selfcoll] step 190 resolved 24  detect=10528 us  resolve=28 us  path=gpu
[avbd-step] step 190  dof=1875  iters=16  rc=0  wall=33645 us  |Δx|_max=0.0279979  |Δx|_mean=0.000452888  pred_max=0.028034  drift_max=0.00331917  drift@v37.x  conv_max=0.000418241  conv_mean=8.36468e-06  nan=0
[outlier] v37  inc_tri=6  worst|M|=5.33333  pos=(0.26316,-1.31702,-1.71731)
[pd-step]     step 190  dof=1875  pd|Δx|_max=0.028034  pd|Δx|_mean=0.000364654
[avbd-drive] step 191 wrote AVBD output to Particle.pos
[avbd-friction] step 191 applied 486 vert/primitive friction events
[avbd-contact] step 191 projected 98 vert/primitive penetrations
[avbd-selfcoll] step 191 resolved 24  detect=10619 us  resolve=22 us  path=gpu
[avbd-step] step 191  dof=1875  iters=16  rc=0  wall=32246 us  |Δx|_max=0.0279311  |Δx|_mean=0.000464571  pred_max=0.0279979  drift_max=0.0048337  drift@v604.z  conv_max=0.000416039  conv_mean=8.40949e-06  nan=0
[outlier] v604  inc_tri=3  worst|M|=5.33333  pos=(-0.873683,-1.88188,1.89959)
[pd-step]     step 191  dof=1875  pd|Δx|_max=0.0279979  pd|Δx|_mean=0.000365433
[avbd-drive] step 192 wrote AVBD output to Particle.pos
[avbd-friction] step 192 applied 486 vert/primitive friction events
[avbd-contact] step 192 projected 99 vert/primitive penetrations
[avbd-selfcoll] step 192 resolved 22  detect=12506 us  resolve=19 us  path=gpu
[avbd-step] step 192  dof=1875  iters=16  rc=0  wall=27976 us  |Δx|_max=0.0278358  |Δx|_mean=0.00046158  pred_max=0.0279311  drift_max=0.00344825  drift@v37.x  conv_max=0.000413172  conv_mean=8.41629e-06  nan=0
[outlier] v37  inc_tri=6  worst|M|=5.33333  pos=(0.2603,-1.31861,-1.71772)
[pd-step]     step 192  dof=1875  pd|Δx|_max=0.0279311  pd|Δx|_mean=0.000376348
[avbd-drive] step 193 wrote AVBD output to Particle.pos
[avbd-friction] step 193 applied 483 vert/primitive friction events
[avbd-contact] step 193 projected 100 vert/primitive penetrations
[avbd-selfcoll] step 193 resolved 24  detect=13138 us  resolve=19 us  path=gpu
[avbd-step] step 193  dof=1875  iters=16  rc=0  wall=27040 us  |Δx|_max=0.0277151  |Δx|_mean=0.000458115  pred_max=0.0278358  drift_max=0.00341964  drift@v37.x  conv_max=0.000409584  conv_mean=8.39865e-06  nan=0
[outlier] v37  inc_tri=6  worst|M|=5.33333  pos=(0.259125,-1.31942,-1.71803)
[pd-step]     step 193  dof=1875  pd|Δx|_max=0.0278358  pd|Δx|_mean=0.000375444
[avbd-drive] step 194 wrote AVBD output to Particle.pos
[avbd-friction] step 194 applied 484 vert/primitive friction events
[avbd-contact] step 194 projected 100 vert/primitive penetrations
[avbd-selfcoll] step 194 resolved 22  detect=11894 us  resolve=16 us  path=gpu
[avbd-step] step 194  dof=1875  iters=16  rc=0  wall=30776 us  |Δx|_max=0.0275722  |Δx|_mean=0.000456993  pred_max=0.0277151  drift_max=0.00334862  drift@v37.x  conv_max=0.000405265  conv_mean=8.37778e-06  nan=0
[outlier] v37  inc_tri=6  worst|M|=5.33333  pos=(0.258075,-1.32022,-1.71843)
[pd-step]     step 194  dof=1875  pd|Δx|_max=0.0277151  pd|Δx|_mean=0.000372288
[avbd-drive] step 195 wrote AVBD output to Particle.pos
[avbd-friction] step 195 applied 483 vert/primitive friction events
[avbd-contact] step 195 projected 101 vert/primitive penetrations
[avbd-selfcoll] step 195 resolved 22  detect=14691 us  resolve=19 us  path=gpu
[avbd-step] step 195  dof=1875  iters=16  rc=0  wall=28871 us  |Δx|_max=0.0274106  |Δx|_mean=0.000456313  pred_max=0.0275722  drift_max=0.00282773  drift@v37.x  conv_max=0.000400098  conv_mean=8.38005e-06  nan=0
[outlier] v37  inc_tri=6  worst|M|=5.33333  pos=(0.257114,-1.32101,-1.71895)
[pd-step]     step 195  dof=1875  pd|Δx|_max=0.0275722  pd|Δx|_mean=0.000373785
[avbd-drive] step 196 wrote AVBD output to Particle.pos
[avbd-friction] step 196 applied 485 vert/primitive friction events
[avbd-contact] step 196 projected 103 vert/primitive penetrations
[avbd-selfcoll] step 196 resolved 22  detect=10637 us  resolve=18 us  path=gpu
[avbd-step] step 196  dof=1875  iters=16  rc=0  wall=28873 us  |Δx|_max=0.0272336  |Δx|_mean=0.000451267  pred_max=0.0274106  drift_max=0.00245264  drift@v37.x  conv_max=0.000393933  conv_mean=8.29678e-06  nan=0
[outlier] v37  inc_tri=6  worst|M|=5.33333  pos=(0.256698,-1.32181,-1.71952)
[pd-step]     step 196  dof=1875  pd|Δx|_max=0.0274106  pd|Δx|_mean=0.000371347
[avbd-drive] step 197 wrote AVBD output to Particle.pos
[avbd-friction] step 197 applied 485 vert/primitive friction events
[avbd-contact] step 197 projected 104 vert/primitive penetrations
[avbd-selfcoll] step 197 resolved 26  detect=10688 us  resolve=23 us  path=gpu
[avbd-step] step 197  dof=1875  iters=16  rc=0  wall=30742 us  |Δx|_max=0.0270435  |Δx|_mean=0.000454351  pred_max=0.0272336  drift_max=0.00478196  drift@v604.z  conv_max=0.000386741  conv_mean=8.18481e-06  nan=0
[outlier] v604  inc_tri=3  worst|M|=5.33333  pos=(-0.865213,-1.88564,1.89571)
[pd-step]     step 197  dof=1875  pd|Δx|_max=0.0272336  pd|Δx|_mean=0.000366062
[avbd-drive] step 198 wrote AVBD output to Particle.pos
[avbd-friction] step 198 applied 485 vert/primitive friction events
[avbd-contact] step 198 projected 105 vert/primitive penetrations
[avbd-selfcoll] step 198 resolved 21  detect=10856 us  resolve=19 us  path=gpu
[avbd-step] step 198  dof=1875  iters=16  rc=0  wall=27496 us  |Δx|_max=0.0268413  |Δx|_mean=0.000450402  pred_max=0.0270435  drift_max=0.00190032  drift@v604.x  conv_max=0.000378428  conv_mean=8.20914e-06  nan=0
[outlier] v604  inc_tri=3  worst|M|=5.33333  pos=(-0.866557,-1.88849,1.88846)
[pd-step]     step 198  dof=1875  pd|Δx|_max=0.0270435  pd|Δx|_mean=0.000375188
[avbd-drive] step 199 wrote AVBD output to Particle.pos
[avbd-friction] step 199 applied 485 vert/primitive friction events
[avbd-contact] step 199 projected 105 vert/primitive penetrations
[avbd-selfcoll] step 199 resolved 22  detect=13752 us  resolve=19 us  path=gpu
[avbd-step] step 199  dof=1875  iters=16  rc=0  wall=34915 us  |Δx|_max=0.0266259  |Δx|_mean=0.000444374  pred_max=0.0268413  drift_max=0.00232619  drift@v604.x  conv_max=0.000368938  conv_mean=8.19253e-06  nan=0
[outlier] v604  inc_tri=3  worst|M|=5.33333  pos=(-0.866002,-1.89117,1.8822)
[pd-step]     step 199  dof=1875  pd|Δx|_max=0.0268413  pd|Δx|_mean=0.000372753
[avbd-drive] step 200 wrote AVBD output to Particle.pos
[avbd-friction] step 200 applied 486 vert/primitive friction events
[avbd-contact] step 200 projected 105 vert/primitive penetrations
[avbd-selfcoll] step 200 resolved 23  detect=10578 us  resolve=23 us  path=gpu
[avbd-step] step 200  dof=1875  iters=16  rc=0  wall=33657 us  |Δx|_max=0.0263942  |Δx|_mean=0.000438979  pred_max=0.0266259  drift_max=0.0015378  drift@v578.z  conv_max=0.000358289  conv_mean=8.12374e-06  nan=0
[outlier] v578  inc_tri=6  worst|M|=5.33333  pos=(-0.859381,-1.94519,1.75257)
[pd-step]     step 200  dof=1875  pd|Δx|_max=0.0266259  pd|Δx|_mean=0.000366753
[avbd-drive] step 201 wrote AVBD output to Particle.pos
[avbd-friction] step 201 applied 486 vert/primitive friction events
[avbd-contact] step 201 projected 110 vert/primitive penetrations
[avbd-selfcoll] step 201 resolved 22  detect=15189 us  resolve=21 us  path=gpu
200..[avbd-step] step 201  dof=1875  iters=16  rc=0  wall=38201 us  |Δx|_max=0.0261419  |Δx|_mean=0.000435988  pred_max=0.0263942  drift_max=0.00132251  drift@v298.x  conv_max=0.000346525  conv_mean=8.10179e-06  nan=0
[outlier] v298  inc_tri=6  worst|M|=5.33333  pos=(1.91009,-0.585785,-0.119188)
[pd-step]     step 201  dof=1875  pd|Δx|_max=0.0263942  pd|Δx|_mean=0.000364165
[avbd-drive] step 202 wrote AVBD output to Particle.pos
[avbd-friction] step 202 applied 486 vert/primitive friction events
[avbd-contact] step 202 projected 111 vert/primitive penetrations
[avbd-selfcoll] step 202 resolved 23  detect=15326 us  resolve=34 us  path=gpu
[avbd-step] step 202  dof=1875  iters=16  rc=0  wall=32777 us  |Δx|_max=0.0259442  |Δx|_mean=0.000433095  pred_max=0.0261419  drift_max=0.00136065  drift@v298.x  conv_max=0.000333734  conv_mean=8.08683e-06  nan=0
[outlier] v298  inc_tri=6  worst|M|=5.33333  pos=(1.90926,-0.586061,-0.119302)
[pd-step]     step 202  dof=1875  pd|Δx|_max=0.0261419  pd|Δx|_mean=0.000362146
[avbd-drive] step 203 wrote AVBD output to Particle.pos
[avbd-friction] step 203 applied 486 vert/primitive friction events
[avbd-contact] step 203 projected 112 vert/primitive penetrations
[avbd-selfcoll] step 203 resolved 24  detect=10681 us  resolve=30 us  path=gpu
[avbd-step] step 203  dof=1875  iters=16  rc=0  wall=31765 us  |Δx|_max=0.0260802  |Δx|_mean=0.000440761  pred_max=0.0259442  drift_max=0.00481427  drift@v604.z  conv_max=0.000322685  conv_mean=8.10952e-06  nan=0
[outlier] v604  inc_tri=3  worst|M|=5.33333  pos=(-0.852882,-1.89111,1.88993)
[pd-step]     step 203  dof=1875  pd|Δx|_max=0.0259442  pd|Δx|_mean=0.000359484
[avbd-drive] step 204 wrote AVBD output to Particle.pos
[avbd-friction] step 204 applied 485 vert/primitive friction events
[avbd-contact] step 204 projected 113 vert/primitive penetrations
[avbd-selfcoll] step 204 resolved 25  detect=11993 us  resolve=21 us  path=gpu
[avbd-step] step 204  dof=1875  iters=16  rc=0  wall=28119 us  |Δx|_max=0.0261628  |Δx|_mean=0.000436893  pred_max=0.0260802  drift_max=0.00189936  drift@v604.x  conv_max=0.000316784  conv_mean=8.12238e-06  nan=0
[outlier] v604  inc_tri=3  worst|M|=5.33333  pos=(-0.854211,-1.8941,1.88248)
[pd-step]     step 204  dof=1875  pd|Δx|_max=0.0260802  pd|Δx|_mean=0.000369645
[avbd-drive] step 205 wrote AVBD output to Particle.pos
[avbd-friction] step 205 applied 485 vert/primitive friction events
[avbd-contact] step 205 projected 115 vert/primitive penetrations
[avbd-selfcoll] step 205 resolved 24  detect=10691 us  resolve=23 us  path=gpu
[avbd-step] step 205  dof=1875  iters=16  rc=0  wall=29320 us  |Δx|_max=0.0261902  |Δx|_mean=0.000430747  pred_max=0.0261628  drift_max=0.00236899  drift@v604.x  conv_max=0.000310853  conv_mean=8.09556e-06  nan=0
[outlier] v604  inc_tri=3  worst|M|=5.33333  pos=(-0.853641,-1.89696,1.87588)
[pd-step]     step 205  dof=1875  pd|Δx|_max=0.0261628  pd|Δx|_mean=0.000367156
[avbd-drive] step 206 wrote AVBD output to Particle.pos
[avbd-friction] step 206 applied 487 vert/primitive friction events
[avbd-contact] step 206 projected 116 vert/primitive penetrations
[avbd-selfcoll] step 206 resolved 25  detect=13204 us  resolve=23 us  path=gpu
[avbd-step] step 206  dof=1875  iters=16  rc=0  wall=28601 us  |Δx|_max=0.0261663  |Δx|_mean=0.000425502  pred_max=0.0261902  drift_max=0.00155365  drift@v578.z  conv_max=0.000304952  conv_mean=8.03301e-06  nan=0
[outlier] v578  inc_tri=6  worst|M|=5.33333  pos=(-0.858012,-1.9488,1.7459)
[pd-step]     step 206  dof=1875  pd|Δx|_max=0.0261902  pd|Δx|_mean=0.000360676
[avbd-drive] step 207 wrote AVBD output to Particle.pos
[avbd-friction] step 207 applied 487 vert/primitive friction events
[avbd-contact] step 207 projected 118 vert/primitive penetrations
[avbd-selfcoll] step 207 resolved 24  detect=12671 us  resolve=41 us  path=gpu
[avbd-step] step 207  dof=1875  iters=16  rc=0  wall=27866 us  |Δx|_max=0.0260963  |Δx|_mean=0.000424087  pred_max=0.0261663  drift_max=0.0011909  drift@v578.z  conv_max=0.000299111  conv_mean=8.01493e-06  nan=0
[outlier] v578  inc_tri=6  worst|M|=5.33333  pos=(-0.857777,-1.94834,1.74756)
[pd-step]     step 207  dof=1875  pd|Δx|_max=0.0261663  pd|Δx|_mean=0.000358742
[avbd-drive] step 208 wrote AVBD output to Particle.pos
[avbd-friction] step 208 applied 489 vert/primitive friction events
[avbd-contact] step 208 projected 118 vert/primitive penetrations
[avbd-selfcoll] step 208 resolved 25  detect=11671 us  resolve=26 us  path=gpu
[avbd-step] step 208  dof=1875  iters=16  rc=0  wall=29597 us  |Δx|_max=0.0260292  |Δx|_mean=0.000428611  pred_max=0.0260963  drift_max=0.0044601  drift@v604.z  conv_max=0.0002933  conv_mean=8.05169e-06  nan=0
[outlier] v604  inc_tri=3  worst|M|=5.33333  pos=(-0.841736,-1.89572,1.88418)
[pd-step]     step 208  dof=1875  pd|Δx|_max=0.0260963  pd|Δx|_mean=0.000355613
[avbd-drive] step 209 wrote AVBD output to Particle.pos
[avbd-friction] step 209 applied 489 vert/primitive friction events
[avbd-contact] step 209 projected 120 vert/primitive penetrations
[avbd-selfcoll] step 209 resolved 23  detect=12231 us  resolve=19 us  path=gpu
[avbd-step] step 209  dof=1875  iters=16  rc=0  wall=30097 us  |Δx|_max=0.0259403  |Δx|_mean=0.000426289  pred_max=0.0260292  drift_max=0.0014385  drift@v604.x  conv_max=0.000287667  conv_mean=8.05858e-06  nan=0
[outlier] v604  inc_tri=3  worst|M|=5.33333  pos=(-0.842728,-1.89881,1.87683)
[pd-step]     step 209  dof=1875  pd|Δx|_max=0.0260292  pd|Δx|_mean=0.000363377
[avbd-drive] step 210 wrote AVBD output to Particle.pos
[avbd-friction] step 210 applied 489 vert/primitive friction events
[avbd-contact] step 210 projected 120 vert/primitive penetrations
[avbd-selfcoll] step 210 resolved 24  detect=10729 us  resolve=19 us  path=gpu
[avbd-step] step 210  dof=1875  iters=16  rc=0  wall=29253 us  |Δx|_max=0.0258219  |Δx|_mean=0.000421588  pred_max=0.0259403  drift_max=0.00215793  drift@v604.x  conv_max=0.000282183  conv_mean=8.02357e-06  nan=0
[outlier] v604  inc_tri=3  worst|M|=5.33333  pos=(-0.842281,-1.90182,1.87009)
[pd-step]     step 210  dof=1875  pd|Δx|_max=0.0259403  pd|Δx|_mean=0.000361899
[avbd-drive] step 211 wrote AVBD output to Particle.pos
[avbd-friction] step 211 applied 486 vert/primitive friction events
[avbd-contact] step 211 projected 120 vert/primitive penetrations
[avbd-selfcoll] step 211 resolved 22  detect=11712 us  resolve=20 us  path=gpu
[avbd-step] step 211  dof=1875  iters=16  rc=0  wall=31353 us  |Δx|_max=0.0256727  |Δx|_mean=0.000419274  pred_max=0.0258219  drift_max=0.00148737  drift@v578.z  conv_max=0.000276938  conv_mean=7.97467e-06  nan=0
[outlier] v578  inc_tri=6  worst|M|=5.33333  pos=(-0.856847,-1.95231,1.74019)
[pd-step]     step 211  dof=1875  pd|Δx|_max=0.0258219  pd|Δx|_mean=0.000357577
[avbd-drive] step 212 wrote AVBD output to Particle.pos
[avbd-friction] step 212 applied 486 vert/primitive friction events
[avbd-contact] step 212 projected 121 vert/primitive penetrations
[avbd-selfcoll] step 212 resolved 24  detect=11208 us  resolve=21 us  path=gpu
[avbd-step] step 212  dof=1875  iters=16  rc=0  wall=27929 us  |Δx|_max=0.0254926  |Δx|_mean=0.000417968  pred_max=0.0256727  drift_max=0.00112474  drift@v578.z  conv_max=0.000271931  conv_mean=7.93726e-06  nan=0
[outlier] v578  inc_tri=6  worst|M|=5.33333  pos=(-0.856415,-1.95196,1.74171)
[pd-step]     step 212  dof=1875  pd|Δx|_max=0.0256727  pd|Δx|_mean=0.000356177
[avbd-drive] step 213 wrote AVBD output to Particle.pos
[avbd-friction] step 213 applied 488 vert/primitive friction events
[avbd-contact] step 213 projected 122 vert/primitive penetrations
[avbd-selfcoll] step 213 resolved 26  detect=10645 us  resolve=19 us  path=gpu
[avbd-step] step 213  dof=1875  iters=16  rc=0  wall=31448 us  |Δx|_max=0.025282  |Δx|_mean=0.000416525  pred_max=0.0254926  drift_max=0.0010426  drift@v252.x  conv_max=0.000267372  conv_mean=7.91357e-06  nan=0
[outlier] v252  inc_tri=6  worst|M|=5.33333  pos=(-1.41181,-1.58935,-0.0741573)
[pd-step]     step 213  dof=1875  pd|Δx|_max=0.0254926  pd|Δx|_mean=0.000355163
[avbd-drive] step 214 wrote AVBD output to Particle.pos
[avbd-friction] step 214 applied 491 vert/primitive friction events
[avbd-contact] step 214 projected 122 vert/primitive penetrations
[avbd-selfcoll] step 214 resolved 22  detect=13337 us  resolve=21 us  path=gpu
[avbd-step] step 214  dof=1875  iters=16  rc=0  wall=28076 us  |Δx|_max=0.0250438  |Δx|_mean=0.000423774  pred_max=0.025282  drift_max=0.00429082  drift@v604.z  conv_max=0.000263274  conv_mean=7.8828e-06  nan=0
[outlier] v604  inc_tri=3  worst|M|=5.33333  pos=(-0.826859,-1.90214,1.87574)
[pd-step]     step 214  dof=1875  pd|Δx|_max=0.025282  pd|Δx|_mean=0.00035151
[avbd-drive] step 215 wrote AVBD output to Particle.pos
[avbd-friction] step 215 applied 489 vert/primitive friction events
[avbd-contact] step 215 projected 124 vert/primitive penetrations
[avbd-selfcoll] step 215 resolved 24  detect=10586 us  resolve=17 us  path=gpu
[avbd-step] step 215  dof=1875  iters=16  rc=0  wall=30088 us  |Δx|_max=0.0247849  |Δx|_mean=0.000422092  pred_max=0.0250438  drift_max=0.00164056  drift@v604.x  conv_max=0.000259712  conv_mean=7.87395e-06  nan=0
[outlier] v604  inc_tri=3  worst|M|=5.33333  pos=(-0.828499,-1.90501,1.86882)
[pd-step]     step 215  dof=1875  pd|Δx|_max=0.0250438  pd|Δx|_mean=0.000361711
[avbd-drive] step 216 wrote AVBD output to Particle.pos
[avbd-friction] step 216 applied 489 vert/primitive friction events
[avbd-contact] step 216 projected 127 vert/primitive penetrations
[avbd-selfcoll] step 216 resolved 21  detect=10613 us  resolve=22 us  path=gpu
[avbd-step] step 216  dof=1875  iters=16  rc=0  wall=33174 us  |Δx|_max=0.0245169  |Δx|_mean=0.000418198  pred_max=0.0247849  drift_max=0.00232673  drift@v603.x  conv_max=0.000264138  conv_mean=7.82763e-06  nan=0
[outlier] v603  inc_tri=3  worst|M|=5.33333  pos=(-0.970586,-2.02875,1.86006)
[pd-step]     step 216  dof=1875  pd|Δx|_max=0.0247849  pd|Δx|_mean=0.00035996
[avbd-drive] step 217 wrote AVBD output to Particle.pos
[avbd-friction] step 217 applied 491 vert/primitive friction events
[avbd-contact] step 217 projected 129 vert/primitive penetrations
[avbd-selfcoll] step 217 resolved 26  detect=12726 us  resolve=28 us  path=gpu
[avbd-step] step 217  dof=1875  iters=16  rc=0  wall=28908 us  |Δx|_max=0.0242542  |Δx|_mean=0.000417398  pred_max=0.0245169  drift_max=0.00146413  drift@v578.z  conv_max=0.000275224  conv_mean=7.77846e-06  nan=0
[outlier] v578  inc_tri=6  worst|M|=5.33333  pos=(-0.854853,-1.95694,1.73276)
[pd-step]     step 217  dof=1875  pd|Δx|_max=0.0245169  pd|Δx|_mean=0.000356046
[avbd-drive] step 218 wrote AVBD output to Particle.pos
[avbd-friction] step 218 applied 492 vert/primitive friction events
[avbd-contact] step 218 projected 130 vert/primitive penetrations
[avbd-selfcoll] step 218 resolved 25  detect=10844 us  resolve=27 us  path=gpu
[avbd-step] step 218  dof=1875  iters=16  rc=0  wall=30853 us  |Δx|_max=0.0240117  |Δx|_mean=0.000414093  pred_max=0.0242542  drift_max=0.00221002  drift@v39.x  conv_max=0.000286132  conv_mean=7.64719e-06  nan=0
[outlier] v39  inc_tri=6  worst|M|=5.33333  pos=(0.412262,-1.27547,-1.72137)
[pd-step]     step 218  dof=1875  pd|Δx|_max=0.0242542  pd|Δx|_mean=0.000352604
[avbd-drive] step 219 wrote AVBD output to Particle.pos
[avbd-friction] step 219 applied 493 vert/primitive friction events
[avbd-contact] step 219 projected 132 vert/primitive penetrations
[avbd-selfcoll] step 219 resolved 27  detect=12939 us  resolve=21 us  path=gpu
[avbd-step] step 219  dof=1875  iters=16  rc=0  wall=30584 us  |Δx|_max=0.0238024  |Δx|_mean=0.000412691  pred_max=0.0240117  drift_max=0.00297236  drift@v39.x  conv_max=0.000294328  conv_mean=7.59155e-06  nan=0
[outlier] v39  inc_tri=6  worst|M|=5.33333  pos=(0.414001,-1.27464,-1.72181)
[pd-step]     step 219  dof=1875  pd|Δx|_max=0.0240117  pd|Δx|_mean=0.000350869
[avbd-drive] step 220 wrote AVBD output to Particle.pos
[avbd-friction] step 220 applied 494 vert/primitive friction events
[avbd-contact] step 220 projected 133 vert/primitive penetrations
[avbd-selfcoll] step 220 resolved 23  detect=10636 us  resolve=21 us  path=gpu
[avbd-step] step 220  dof=1875  iters=16  rc=0  wall=31979 us  |Δx|_max=0.0236361  |Δx|_mean=0.000412568  pred_max=0.0238024  drift_max=0.00197834  drift@v39.x  conv_max=0.000300527  conv_mean=7.57791e-06  nan=0
[outlier] v39  inc_tri=6  worst|M|=5.33333  pos=(0.415801,-1.27357,-1.72257)
[pd-step]     step 220  dof=1875  pd|Δx|_max=0.0238024  pd|Δx|_mean=0.000351083
[avbd-drive] step 221 wrote AVBD output to Particle.pos
[avbd-friction] step 221 applied 493 vert/primitive friction events
[avbd-contact] step 221 projected 135 vert/primitive penetrations
[avbd-selfcoll] step 221 resolved 22  detect=10833 us  resolve=19 us  path=gpu
220..[avbd-step] step 221  dof=1875  iters=16  rc=0  wall=32895 us  |Δx|_max=0.0235176  |Δx|_mean=0.000412997  pred_max=0.0236361  drift_max=0.00112313  drift@v39.x  conv_max=0.000305891  conv_mean=7.58492e-06  nan=0
[outlier] v39  inc_tri=6  worst|M|=5.33333  pos=(0.4162,-1.27298,-1.72307)
[pd-step]     step 221  dof=1875  pd|Δx|_max=0.0236361  pd|Δx|_mean=0.000352598
[avbd-drive] step 222 wrote AVBD output to Particle.pos
[avbd-friction] step 222 applied 494 vert/primitive friction events
[avbd-contact] step 222 projected 135 vert/primitive penetrations
[avbd-selfcoll] step 222 resolved 24  detect=12662 us  resolve=21 us  path=gpu
[avbd-step] step 222  dof=1875  iters=16  rc=0  wall=28744 us  |Δx|_max=0.0234518  |Δx|_mean=0.000427695  pred_max=0.0235176  drift_max=0.00419629  drift@v578.z  conv_max=0.000310391  conv_mean=7.65312e-06  nan=0
[outlier] v578  inc_tri=6  worst|M|=5.33333  pos=(-0.859725,-1.96488,1.71394)
[pd-step]     step 222  dof=1875  pd|Δx|_max=0.0235176  pd|Δx|_mean=0.000353182
[avbd-drive] step 223 wrote AVBD output to Particle.pos
[avbd-friction] step 223 applied 495 vert/primitive friction events
[avbd-contact] step 223 projected 135 vert/primitive penetrations
[avbd-selfcoll] step 223 resolved 22  detect=10821 us  resolve=21 us  path=gpu
[avbd-step] step 223  dof=1875  iters=16  rc=0  wall=29098 us  |Δx|_max=0.0234402  |Δx|_mean=0.00042547  pred_max=0.0234518  drift_max=0.00179681  drift@v37.x  conv_max=0.000298947  conv_mean=7.59248e-06  nan=0
[outlier] v37  inc_tri=6  worst|M|=5.33333  pos=(0.258345,-1.33184,-1.72413)
[pd-step]     step 223  dof=1875  pd|Δx|_max=0.0234518  pd|Δx|_mean=0.000365602
[avbd-drive] step 224 wrote AVBD output to Particle.pos
[avbd-friction] step 224 applied 496 vert/primitive friction events
[avbd-contact] step 224 projected 135 vert/primitive penetrations
[avbd-selfcoll] step 224 resolved 25  detect=10837 us  resolve=18 us  path=gpu
[avbd-step] step 224  dof=1875  iters=16  rc=0  wall=30033 us  |Δx|_max=0.023481  |Δx|_mean=0.000415404  pred_max=0.0234402  drift_max=0.00223297  drift@v603.x  conv_max=0.000303  conv_mean=7.47154e-06  nan=0
[outlier] v603  inc_tri=3  worst|M|=5.33333  pos=(-0.956535,-2.0317,1.86242)
[pd-step]     step 224  dof=1875  pd|Δx|_max=0.0234402  pd|Δx|_mean=0.000361845
[avbd-drive] step 225 wrote AVBD output to Particle.pos
[avbd-friction] step 225 applied 498 vert/primitive friction events
[avbd-contact] step 225 projected 136 vert/primitive penetrations
[avbd-selfcoll] step 225 resolved 23  detect=10693 us  resolve=19 us  path=gpu
[avbd-step] step 225  dof=1875  iters=16  rc=0  wall=29134 us  |Δx|_max=0.02357  |Δx|_mean=0.000411202  pred_max=0.023481  drift_max=0.00234687  drift@v39.x  conv_max=0.000305027  conv_mean=7.42358e-06  nan=0
[outlier] v39  inc_tri=6  worst|M|=5.33333  pos=(0.413975,-1.27473,-1.72101)
[pd-step]     step 225  dof=1875  pd|Δx|_max=0.023481  pd|Δx|_mean=0.000354508
[avbd-drive] step 226 wrote AVBD output to Particle.pos
[avbd-friction] step 226 applied 498 vert/primitive friction events
[avbd-contact] step 226 projected 137 vert/primitive penetrations
[avbd-selfcoll] step 226 resolved 22  detect=11745 us  resolve=20 us  path=gpu
[avbd-step] step 226  dof=1875  iters=16  rc=0  wall=28347 us  |Δx|_max=0.0237014  |Δx|_mean=0.000408491  pred_max=0.02357  drift_max=0.00272995  drift@v39.x  conv_max=0.000307113  conv_mean=7.37453e-06  nan=0
[outlier] v39  inc_tri=6  worst|M|=5.33333  pos=(0.415392,-1.27424,-1.72131)
[pd-step]     step 226  dof=1875  pd|Δx|_max=0.02357  pd|Δx|_mean=0.000350708
[avbd-drive] step 227 wrote AVBD output to Particle.pos
[avbd-friction] step 227 applied 499 vert/primitive friction events
[avbd-contact] step 227 projected 138 vert/primitive penetrations
[avbd-selfcoll] step 227 resolved 26  detect=10790 us  resolve=23 us  path=gpu
[avbd-step] step 227  dof=1875  iters=16  rc=0  wall=33907 us  |Δx|_max=0.0238684  |Δx|_mean=0.000403356  pred_max=0.0237014  drift_max=0.00285748  drift@v39.x  conv_max=0.000304639  conv_mean=7.28378e-06  nan=0
[outlier] v39  inc_tri=6  worst|M|=5.33333  pos=(0.416701,-1.27355,-1.72181)
[pd-step]     step 227  dof=1875  pd|Δx|_max=0.0237014  pd|Δx|_mean=0.000346711
[avbd-drive] step 228 wrote AVBD output to Particle.pos
[avbd-friction] step 228 applied 499 vert/primitive friction events
[avbd-contact] step 228 projected 138 vert/primitive penetrations
[avbd-selfcoll] step 228 resolved 25  detect=11460 us  resolve=20 us  path=gpu
[avbd-step] step 228  dof=1875  iters=16  rc=0  wall=28159 us  |Δx|_max=0.0240615  |Δx|_mean=0.00039951  pred_max=0.0238684  drift_max=0.00165054  drift@v37.x  conv_max=0.000306875  conv_mean=7.24281e-06  nan=0
[outlier] v37  inc_tri=6  worst|M|=5.33333  pos=(0.259352,-1.33179,-1.72394)
[pd-step]     step 228  dof=1875  pd|Δx|_max=0.0238684  pd|Δx|_mean=0.000343045
[avbd-drive] step 229 wrote AVBD output to Particle.pos
[avbd-friction] step 229 applied 500 vert/primitive friction events
[avbd-contact] step 229 projected 138 vert/primitive penetrations
[avbd-selfcoll] step 229 resolved 24  detect=10870 us  resolve=17 us  path=gpu
[avbd-step] step 229  dof=1875  iters=16  rc=0  wall=28413 us  |Δx|_max=0.0242685  |Δx|_mean=0.000398892  pred_max=0.0240615  drift_max=0.00205979  drift@v37.x  conv_max=0.000308603  conv_mean=7.24595e-06  nan=0
[outlier] v37  inc_tri=6  worst|M|=5.33333  pos=(0.258054,-1.33232,-1.72385)
[pd-step]     step 229  dof=1875  pd|Δx|_max=0.0240615  pd|Δx|_mean=0.000341372
[avbd-drive] step 230 wrote AVBD output to Particle.pos
[avbd-friction] step 230 applied 501 vert/primitive friction events
[avbd-contact] step 230 projected 139 vert/primitive penetrations
[avbd-selfcoll] step 230 resolved 21  detect=10839 us  resolve=22 us  path=gpu
[avbd-step] step 230  dof=1875  iters=16  rc=0  wall=32859 us  |Δx|_max=0.0244742  |Δx|_mean=0.000395792  pred_max=0.0242685  drift_max=0.00233331  drift@v37.x  conv_max=0.000309825  conv_mean=7.18613e-06  nan=0
[outlier] v37  inc_tri=6  worst|M|=5.33333  pos=(0.256579,-1.33287,-1.72392)
[pd-step]     step 230  dof=1875  pd|Δx|_max=0.0242685  pd|Δx|_mean=0.000339827
[avbd-drive] step 231 wrote AVBD output to Particle.pos
[avbd-friction] step 231 applied 501 vert/primitive friction events
[avbd-contact] step 231 projected 141 vert/primitive penetrations
[avbd-selfcoll] step 231 resolved 26  detect=13392 us  resolve=19 us  path=gpu
[avbd-step] step 231  dof=1875  iters=16  rc=0  wall=29804 us  |Δx|_max=0.0246454  |Δx|_mean=0.000395326  pred_max=0.0244742  drift_max=0.0020788  drift@v37.x  conv_max=0.000310391  conv_mean=7.16281e-06  nan=0
[outlier] v37  inc_tri=6  worst|M|=5.33333  pos=(0.256485,-1.33289,-1.72403)
[pd-step]     step 231  dof=1875  pd|Δx|_max=0.0244742  pd|Δx|_mean=0.000338436
[avbd-drive] step 232 wrote AVBD output to Particle.pos
[avbd-friction] step 232 applied 502 vert/primitive friction events
[avbd-contact] step 232 projected 141 vert/primitive penetrations
[avbd-selfcoll] step 232 resolved 23  detect=10572 us  resolve=17 us  path=gpu
[avbd-step] step 232  dof=1875  iters=16  rc=0  wall=27953 us  |Δx|_max=0.0247886  |Δx|_mean=0.000395093  pred_max=0.0246454  drift_max=0.0018509  drift@v37.x  conv_max=0.000310421  conv_mean=7.14269e-06  nan=0
[outlier] v37  inc_tri=6  worst|M|=5.33333  pos=(0.256655,-1.33297,-1.72405)
[pd-step]     step 232  dof=1875  pd|Δx|_max=0.0246454  pd|Δx|_mean=0.000337573
[avbd-drive] step 233 wrote AVBD output to Particle.pos
[avbd-friction] step 233 applied 501 vert/primitive friction events
[avbd-contact] step 233 projected 141 vert/primitive penetrations
[avbd-selfcoll] step 233 resolved 23  detect=12845 us  resolve=21 us  path=gpu
[avbd-step] step 233  dof=1875  iters=16  rc=0  wall=32451 us  |Δx|_max=0.0249084  |Δx|_mean=0.00039559  pred_max=0.0247886  drift_max=0.00172022  drift@v39.x  conv_max=0.000314981  conv_mean=7.15521e-06  nan=0
[outlier] v39  inc_tri=6  worst|M|=5.33333  pos=(0.413875,-1.2751,-1.72145)
[pd-step]     step 233  dof=1875  pd|Δx|_max=0.0247886  pd|Δx|_mean=0.000338507
[avbd-drive] step 234 wrote AVBD output to Particle.pos
[avbd-friction] step 234 applied 501 vert/primitive friction events
[avbd-contact] step 234 projected 141 vert/primitive penetrations
[avbd-selfcoll] step 234 resolved 25  detect=12890 us  resolve=21 us  path=gpu
[avbd-step] step 234  dof=1875  iters=16  rc=0  wall=46741 us  |Δx|_max=0.025012  |Δx|_mean=0.000395849  pred_max=0.0249084  drift_max=0.00165388  drift@v39.x  conv_max=0.000322305  conv_mean=7.17798e-06  nan=0
[outlier] v39  inc_tri=6  worst|M|=5.33333  pos=(0.413897,-1.2753,-1.72143)
[pd-step]     step 234  dof=1875  pd|Δx|_max=0.0249084  pd|Δx|_mean=0.000339011
[avbd-drive] step 235 wrote AVBD output to Particle.pos
[avbd-friction] step 235 applied 500 vert/primitive friction events
[avbd-contact] step 235 projected 142 vert/primitive penetrations
[avbd-selfcoll] step 235 resolved 22  detect=11917 us  resolve=21 us  path=gpu
[avbd-step] step 235  dof=1875  iters=16  rc=0  wall=27493 us  |Δx|_max=0.0251072  |Δx|_mean=0.000396237  pred_max=0.025012  drift_max=0.00157434  drift@v39.x  conv_max=0.000329614  conv_mean=7.19755e-06  nan=0
[outlier] v39  inc_tri=6  worst|M|=5.33333  pos=(0.413863,-1.27555,-1.72141)
[pd-step]     step 235  dof=1875  pd|Δx|_max=0.025012  pd|Δx|_mean=0.000339752
[avbd-drive] step 236 wrote AVBD output to Particle.pos
[avbd-friction] step 236 applied 500 vert/primitive friction events
[avbd-contact] step 236 projected 142 vert/primitive penetrations
[avbd-selfcoll] step 236 resolved 21  detect=13162 us  resolve=19 us  path=gpu
[avbd-step] step 236  dof=1875  iters=16  rc=0  wall=27473 us  |Δx|_max=0.025178  |Δx|_mean=0.000396755  pred_max=0.0251072  drift_max=0.00149494  drift@v39.x  conv_max=0.000336863  conv_mean=7.22429e-06  nan=0
[outlier] v39  inc_tri=6  worst|M|=5.33333  pos=(0.413811,-1.27586,-1.72141)
[pd-step]     step 236  dof=1875  pd|Δx|_max=0.0251072  pd|Δx|_mean=0.000340551
[avbd-drive] step 237 wrote AVBD output to Particle.pos
[avbd-friction] step 237 applied 500 vert/primitive friction events
[avbd-contact] step 237 projected 143 vert/primitive penetrations
[avbd-selfcoll] step 237 resolved 23  detect=11089 us  resolve=19 us  path=gpu
[avbd-step] step 237  dof=1875  iters=16  rc=0  wall=28072 us  |Δx|_max=0.0252165  |Δx|_mean=0.00039693  pred_max=0.025178  drift_max=0.00142047  drift@v39.x  conv_max=0.000344008  conv_mean=7.24899e-06  nan=0
[outlier] v39  inc_tri=6  worst|M|=5.33333  pos=(0.413764,-1.27625,-1.72146)
[pd-step]     step 237  dof=1875  pd|Δx|_max=0.025178  pd|Δx|_mean=0.000341229
[avbd-drive] step 238 wrote AVBD output to Particle.pos
[avbd-friction] step 238 applied 499 vert/primitive friction events
[avbd-contact] step 238 projected 143 vert/primitive penetrations
[avbd-selfcoll] step 238 resolved 26  detect=11237 us  resolve=24 us  path=gpu
[avbd-step] step 238  dof=1875  iters=16  rc=0  wall=32403 us  |Δx|_max=0.025222  |Δx|_mean=0.000396772  pred_max=0.0252165  drift_max=0.0013521  drift@v39.x  conv_max=0.000351138  conv_mean=7.26696e-06  nan=0
[outlier] v39  inc_tri=6  worst|M|=5.33333  pos=(0.413732,-1.27671,-1.72159)
[pd-step]     step 238  dof=1875  pd|Δx|_max=0.0252165  pd|Δx|_mean=0.000341568
[avbd-drive] step 239 wrote AVBD output to Particle.pos
[avbd-friction] step 239 applied 499 vert/primitive friction events
[avbd-contact] step 239 projected 143 vert/primitive penetrations
[avbd-selfcoll] step 239 resolved 24  detect=10727 us  resolve=17 us  path=gpu
[avbd-step] step 239  dof=1875  iters=16  rc=0  wall=30118 us  |Δx|_max=0.0251942  |Δx|_mean=0.00039623  pred_max=0.025222  drift_max=0.00130582  drift@v305.x  conv_max=0.000358239  conv_mean=7.28007e-06  nan=0
[outlier] v305  inc_tri=6  worst|M|=5.33333  pos=(-1.11249,-1.0765,0.0592859)
[pd-step]     step 239  dof=1875  pd|Δx|_max=0.025222  pd|Δx|_mean=0.000341612
[avbd-drive] step 240 wrote AVBD output to Particle.pos
[avbd-friction] step 240 applied 499 vert/primitive friction events
[avbd-contact] step 240 projected 143 vert/primitive penetrations
[avbd-selfcoll] step 240 resolved 26  detect=11283 us  resolve=18 us  path=gpu
[avbd-step] step 240  dof=1875  iters=16  rc=0  wall=30629 us  |Δx|_max=0.0251299  |Δx|_mean=0.000395301  pred_max=0.0251942  drift_max=0.00132287  drift@v305.x  conv_max=0.000365406  conv_mean=7.30314e-06  nan=0
[outlier] v305  inc_tri=6  worst|M|=5.33333  pos=(-1.11254,-1.07657,0.0593302)
[pd-step]     step 240  dof=1875  pd|Δx|_max=0.0251942  pd|Δx|_mean=0.000341253
[avbd-drive] step 241 wrote AVBD output to Particle.pos
[avbd-friction] step 241 applied 499 vert/primitive friction events
[avbd-contact] step 241 projected 145 vert/primitive penetrations
[avbd-selfcoll] step 241 resolved 26  detect=10847 us  resolve=24 us  path=gpu
240..[avbd-step] step 241  dof=1875  iters=16  rc=0  wall=32253 us  |Δx|_max=0.0250219  |Δx|_mean=0.000393843  pred_max=0.0251299  drift_max=0.00133801  drift@v305.x  conv_max=0.000372641  conv_mean=7.31645e-06  nan=0
[outlier] v305  inc_tri=6  worst|M|=5.33333  pos=(-1.11259,-1.07665,0.0593801)
[pd-step]     step 241  dof=1875  pd|Δx|_max=0.0251299  pd|Δx|_mean=0.000340693
[avbd-drive] step 242 wrote AVBD output to Particle.pos
[avbd-friction] step 242 applied 499 vert/primitive friction events
[avbd-contact] step 242 projected 145 vert/primitive penetrations
[avbd-selfcoll] step 242 resolved 24  detect=10700 us  resolve=20 us  path=gpu
[avbd-step] step 242  dof=1875  iters=16  rc=0  wall=31205 us  |Δx|_max=0.0248602  |Δx|_mean=0.000391764  pred_max=0.0250219  drift_max=0.00135124  drift@v305.x  conv_max=0.000380024  conv_mean=7.29856e-06  nan=0
[outlier] v305  inc_tri=6  worst|M|=5.33333  pos=(-1.11264,-1.07673,0.0594359)
[pd-step]     step 242  dof=1875  pd|Δx|_max=0.0250219  pd|Δx|_mean=0.000338911
[avbd-drive] step 243 wrote AVBD output to Particle.pos
[avbd-friction] step 243 applied 499 vert/primitive friction events
[avbd-contact] step 243 projected 145 vert/primitive penetrations
[avbd-selfcoll] step 243 resolved 27  detect=11193 us  resolve=21 us  path=gpu
[avbd-step] step 243  dof=1875  iters=16  rc=0  wall=30714 us  |Δx|_max=0.025101  |Δx|_mean=0.00039142  pred_max=0.0248602  drift_max=0.0013628  drift@v305.x  conv_max=0.000387438  conv_mean=7.31004e-06  nan=0
[outlier] v305  inc_tri=6  worst|M|=5.33333  pos=(-1.1127,-1.0768,0.0594978)
[pd-step]     step 243  dof=1875  pd|Δx|_max=0.0248602  pd|Δx|_mean=0.00033855
[avbd-drive] step 244 wrote AVBD output to Particle.pos
[avbd-friction] step 244 applied 500 vert/primitive friction events
[avbd-contact] step 244 projected 146 vert/primitive penetrations
[avbd-selfcoll] step 244 resolved 21  detect=12325 us  resolve=862 us  path=gpu
[avbd-step] step 244  dof=1875  iters=16  rc=0  wall=47374 us  |Δx|_max=0.025492  |Δx|_mean=0.000390241  pred_max=0.025101  drift_max=0.00137234  drift@v305.x  conv_max=0.000394866  conv_mean=7.29889e-06  nan=0
[outlier] v305  inc_tri=6  worst|M|=5.33333  pos=(-1.11275,-1.07688,0.0595663)
[pd-step]     step 244  dof=1875  pd|Δx|_max=0.025101  pd|Δx|_mean=0.000338288
[avbd-drive] step 245 wrote AVBD output to Particle.pos
[avbd-friction] step 245 applied 498 vert/primitive friction events
[avbd-contact] step 245 projected 148 vert/primitive penetrations
[avbd-selfcoll] step 245 resolved 24  detect=10757 us  resolve=18 us  path=gpu
[avbd-step] step 245  dof=1875  iters=16  rc=0  wall=33237 us  |Δx|_max=0.0258436  |Δx|_mean=0.000388941  pred_max=0.025492  drift_max=0.00151095  drift@v37.x  conv_max=0.000402167  conv_mean=7.30686e-06  nan=0
[outlier] v37  inc_tri=6  worst|M|=5.33333  pos=(0.254954,-1.33463,-1.72131)
[pd-step]     step 245  dof=1875  pd|Δx|_max=0.025492  pd|Δx|_mean=0.000338389
[avbd-drive] step 246 wrote AVBD output to Particle.pos
[avbd-friction] step 246 applied 500 vert/primitive friction events
[avbd-contact] step 246 projected 149 vert/primitive penetrations
[avbd-selfcoll] step 246 resolved 25  detect=11290 us  resolve=26 us  path=gpu
[avbd-step] step 246  dof=1875  iters=16  rc=0  wall=32104 us  |Δx|_max=0.0261403  |Δx|_mean=0.000380637  pred_max=0.0258436  drift_max=0.00349978  drift@v351.z  conv_max=0.000409298  conv_mean=7.21819e-06  nan=0
[outlier] v351  inc_tri=6  worst|M|=5.33333  pos=(-1.46226,-1.7271,0.298504)
[pd-step]     step 246  dof=1875  pd|Δx|_max=0.0258436  pd|Δx|_mean=0.000332668
[avbd-drive] step 247 wrote AVBD output to Particle.pos
[avbd-friction] step 247 applied 500 vert/primitive friction events
[avbd-contact] step 247 projected 150 vert/primitive penetrations
[avbd-selfcoll] step 247 resolved 24  detect=11531 us  resolve=24 us  path=gpu
[avbd-step] step 247  dof=1875  iters=16  rc=0  wall=27865 us  |Δx|_max=0.0263908  |Δx|_mean=0.000378109  pred_max=0.0261403  drift_max=0.00460353  drift@v351.z  conv_max=0.000417367  conv_mean=7.16126e-06  nan=0
[outlier] v351  inc_tri=6  worst|M|=5.33333  pos=(-1.46158,-1.7271,0.299964)
[pd-step]     step 247  dof=1875  pd|Δx|_max=0.0261403  pd|Δx|_mean=0.000327611
[avbd-drive] step 248 wrote AVBD output to Particle.pos
[avbd-friction] step 248 applied 499 vert/primitive friction events
[avbd-contact] step 248 projected 150 vert/primitive penetrations
[avbd-selfcoll] step 248 resolved 23  detect=12663 us  resolve=21 us  path=gpu
[avbd-step] step 248  dof=1875  iters=16  rc=0  wall=33344 us  |Δx|_max=0.0265779  |Δx|_mean=0.000376469  pred_max=0.0263908  drift_max=0.00466305  drift@v351.z  conv_max=0.000424281  conv_mean=7.11467e-06  nan=0
[outlier] v351  inc_tri=6  worst|M|=5.33333  pos=(-1.46057,-1.72709,0.301302)
[pd-step]     step 248  dof=1875  pd|Δx|_max=0.0263908  pd|Δx|_mean=0.000325123
[avbd-drive] step 249 wrote AVBD output to Particle.pos
[avbd-friction] step 249 applied 499 vert/primitive friction events
[avbd-contact] step 249 projected 151 vert/primitive penetrations
[avbd-selfcoll] step 249 resolved 25  detect=11914 us  resolve=24 us  path=gpu
[avbd-step] step 249  dof=1875  iters=16  rc=0  wall=31113 us  |Δx|_max=0.0266834  |Δx|_mean=0.000377183  pred_max=0.0265779  drift_max=0.00437197  drift@v351.z  conv_max=0.000429943  conv_mean=7.09743e-06  nan=0
[outlier] v351  inc_tri=6  worst|M|=5.33333  pos=(-1.45939,-1.7272,0.30208)
[pd-step]     step 249  dof=1875  pd|Δx|_max=0.0265779  pd|Δx|_mean=0.000323452
[avbd-drive] step 250 wrote AVBD output to Particle.pos
[avbd-friction] step 250 applied 499 vert/primitive friction events
[avbd-contact] step 250 projected 152 vert/primitive penetrations
[avbd-selfcoll] step 250 resolved 20  detect=12774 us  resolve=18 us  path=gpu
[avbd-step] step 250  dof=1875  iters=16  rc=0  wall=27248 us  |Δx|_max=0.0267081  |Δx|_mean=0.000378085  pred_max=0.0266834  drift_max=0.0039492  drift@v351.z  conv_max=0.000434756  conv_mean=7.10953e-06  nan=0
[outlier] v351  inc_tri=6  worst|M|=5.33333  pos=(-1.45811,-1.72748,0.302313)
[pd-step]     step 250  dof=1875  pd|Δx|_max=0.0266834  pd|Δx|_mean=0.000324205
[avbd-drive] step 251 wrote AVBD output to Particle.pos
[avbd-friction] step 251 applied 500 vert/primitive friction events
[avbd-contact] step 251 projected 152 vert/primitive penetrations
[avbd-selfcoll] step 251 resolved 22  detect=12916 us  resolve=40 us  path=gpu
[avbd-step] step 251  dof=1875  iters=16  rc=0  wall=28607 us  |Δx|_max=0.0266686  |Δx|_mean=0.000378885  pred_max=0.0267081  drift_max=0.00346962  drift@v351.z  conv_max=0.000438482  conv_mean=7.12368e-06  nan=0
[outlier] v351  inc_tri=6  worst|M|=5.33333  pos=(-1.45678,-1.72794,0.302145)
[pd-step]     step 251  dof=1875  pd|Δx|_max=0.0267081  pd|Δx|_mean=0.000324623
[avbd-drive] step 252 wrote AVBD output to Particle.pos
[avbd-friction] step 252 applied 500 vert/primitive friction events
[avbd-contact] step 252 projected 153 vert/primitive penetrations
[avbd-selfcoll] step 252 resolved 21  detect=12513 us  resolve=22 us  path=gpu
[avbd-step] step 252  dof=1875  iters=16  rc=0  wall=29437 us  |Δx|_max=0.0265831  |Δx|_mean=0.000379762  pred_max=0.0266686  drift_max=0.00296327  drift@v351.z  conv_max=0.00044021  conv_mean=7.1545e-06  nan=0
[outlier] v351  inc_tri=6  worst|M|=5.33333  pos=(-1.45539,-1.72856,0.30173)
[pd-step]     step 252  dof=1875  pd|Δx|_max=0.0266686  pd|Δx|_mean=0.000325923
[avbd-drive] step 253 wrote AVBD output to Particle.pos
[avbd-friction] step 253 applied 499 vert/primitive friction events
[avbd-contact] step 253 projected 154 vert/primitive penetrations
[avbd-selfcoll] step 253 resolved 20  detect=13726 us  resolve=24 us  path=gpu
[avbd-step] step 253  dof=1875  iters=16  rc=0  wall=32692 us  |Δx|_max=0.0264685  |Δx|_mean=0.000380266  pred_max=0.0265831  drift_max=0.00244719  drift@v351.z  conv_max=0.000439748  conv_mean=7.17979e-06  nan=0
[outlier] v351  inc_tri=6  worst|M|=5.33333  pos=(-1.45398,-1.7293,0.301188)
[pd-step]     step 253  dof=1875  pd|Δx|_max=0.0265831  pd|Δx|_mean=0.000327255
[avbd-drive] step 254 wrote AVBD output to Particle.pos
[avbd-friction] step 254 applied 501 vert/primitive friction events
[avbd-contact] step 254 projected 156 vert/primitive penetrations
[avbd-selfcoll] step 254 resolved 23  detect=12716 us  resolve=24 us  path=gpu
[avbd-step] step 254  dof=1875  iters=16  rc=0  wall=27827 us  |Δx|_max=0.0263349  |Δx|_mean=0.000378755  pred_max=0.0264685  drift_max=0.001939  drift@v351.z  conv_max=0.000436768  conv_mean=7.18295e-06  nan=0
[outlier] v351  inc_tri=6  worst|M|=5.33333  pos=(-1.45259,-1.73015,0.300604)
[pd-step]     step 254  dof=1875  pd|Δx|_max=0.0264685  pd|Δx|_mean=0.000326585
[avbd-drive] step 255 wrote AVBD output to Particle.pos
[avbd-friction] step 255 applied 500 vert/primitive friction events
[avbd-contact] step 255 projected 155 vert/primitive penetrations
[avbd-selfcoll] step 255 resolved 19  detect=12798 us  resolve=24 us  path=gpu
[avbd-step] step 255  dof=1875  iters=16  rc=0  wall=28493 us  |Δx|_max=0.0261875  |Δx|_mean=0.000377802  pred_max=0.0263349  drift_max=0.00145701  drift@v351.z  conv_max=0.000431761  conv_mean=7.21153e-06  nan=0
[outlier] v351  inc_tri=6  worst|M|=5.33333  pos=(-1.45126,-1.73105,0.300025)
[pd-step]     step 255  dof=1875  pd|Δx|_max=0.0263349  pd|Δx|_mean=0.000326439
[avbd-drive] step 256 wrote AVBD output to Particle.pos
[avbd-friction] step 256 applied 500 vert/primitive friction events
[avbd-contact] step 256 projected 157 vert/primitive penetrations
[avbd-selfcoll] step 256 resolved 20  detect=11705 us  resolve=18 us  path=gpu
[avbd-step] step 256  dof=1875  iters=16  rc=0  wall=30067 us  |Δx|_max=0.0260312  |Δx|_mean=0.000377396  pred_max=0.0261875  drift_max=0.00124121  drift@v305.x  conv_max=0.000425756  conv_mean=7.238e-06  nan=0
[outlier] v305  inc_tri=6  worst|M|=5.33333  pos=(-1.11368,-1.07823,0.0611133)
[pd-step]     step 256  dof=1875  pd|Δx|_max=0.0261875  pd|Δx|_mean=0.00032554
[avbd-drive] step 257 wrote AVBD output to Particle.pos
[avbd-friction] step 257 applied 500 vert/primitive friction events
[avbd-contact] step 257 projected 158 vert/primitive penetrations
[avbd-selfcoll] step 257 resolved 22  detect=10701 us  resolve=20 us  path=gpu
[avbd-step] step 257  dof=1875  iters=16  rc=0  wall=26789 us  |Δx|_max=0.0258641  |Δx|_mean=0.00037599  pred_max=0.0260312  drift_max=0.00123501  drift@v305.x  conv_max=0.000419423  conv_mean=7.24684e-06  nan=0
[outlier] v305  inc_tri=6  worst|M|=5.33333  pos=(-1.11378,-1.07837,0.0612939)
[pd-step]     step 257  dof=1875  pd|Δx|_max=0.0260312  pd|Δx|_mean=0.000325538
[avbd-drive] step 258 wrote AVBD output to Particle.pos
[avbd-friction] step 258 applied 500 vert/primitive friction events
[avbd-contact] step 258 projected 160 vert/primitive penetrations
[avbd-selfcoll] step 258 resolved 22  detect=12738 us  resolve=22 us  path=gpu
[avbd-step] step 258  dof=1875  iters=16  rc=0  wall=31482 us  |Δx|_max=0.0257431  |Δx|_mean=0.000375284  pred_max=0.0258641  drift_max=0.00128576  drift@v301.z  conv_max=0.000414386  conv_mean=7.26338e-06  nan=0
[outlier] v301  inc_tri=6  worst|M|=5.33333  pos=(-1.46686,-1.7355,0.132726)
[pd-step]     step 258  dof=1875  pd|Δx|_max=0.0258641  pd|Δx|_mean=0.000324748
[avbd-drive] step 259 wrote AVBD output to Particle.pos
[avbd-friction] step 259 applied 499 vert/primitive friction events
[avbd-contact] step 259 projected 161 vert/primitive penetrations
[avbd-selfcoll] step 259 resolved 21  detect=10655 us  resolve=15 us  path=gpu
[avbd-step] step 259  dof=1875  iters=16  rc=0  wall=28715 us  |Δx|_max=0.0257113  |Δx|_mean=0.000375143  pred_max=0.0257431  drift_max=0.00138463  drift@v301.z  conv_max=0.000423044  conv_mean=7.29026e-06  nan=0
[outlier] v301  inc_tri=6  worst|M|=5.33333  pos=(-1.46678,-1.73552,0.133318)
[pd-step]     step 259  dof=1875  pd|Δx|_max=0.0257431  pd|Δx|_mean=0.000324661
[avbd-drive] step 260 wrote AVBD output to Particle.pos
[avbd-friction] step 260 applied 499 vert/primitive friction events
[avbd-contact] step 260 projected 161 vert/primitive penetrations
[avbd-selfcoll] step 260 resolved 19  detect=12711 us  resolve=20 us  path=gpu
[avbd-step] step 260  dof=1875  iters=16  rc=0  wall=28940 us  |Δx|_max=0.0261619  |Δx|_mean=0.000375377  pred_max=0.0257113  drift_max=0.00138687  drift@v301.z  conv_max=0.000433236  conv_mean=7.31952e-06  nan=0
[outlier] v301  inc_tri=6  worst|M|=5.33333  pos=(-1.46668,-1.73555,0.133974)
[pd-step]     step 260  dof=1875  pd|Δx|_max=0.0257113  pd|Δx|_mean=0.000324927
[avbd-drive] step 261 wrote AVBD output to Particle.pos
[avbd-friction] step 261 applied 500 vert/primitive friction events
[avbd-contact] step 261 projected 161 vert/primitive penetrations
[avbd-selfcoll] step 261 resolved 23  detect=12898 us  resolve=20 us  path=gpu
260..[avbd-step] step 261  dof=1875  iters=16  rc=0  wall=32447 us  |Δx|_max=0.0267327  |Δx|_mean=0.000375036  pred_max=0.0261619  drift_max=0.0013389  drift@v301.z  conv_max=0.000443101  conv_mean=7.34277e-06  nan=0
[outlier] v301  inc_tri=6  worst|M|=5.33333  pos=(-1.46654,-1.73561,0.134605)
[pd-step]     step 261  dof=1875  pd|Δx|_max=0.0261619  pd|Δx|_mean=0.0003255
[avbd-drive] step 262 wrote AVBD output to Particle.pos
[avbd-friction] step 262 applied 500 vert/primitive friction events
[avbd-contact] step 262 projected 161 vert/primitive penetrations
[avbd-selfcoll] step 262 resolved 19  detect=10734 us  resolve=19 us  path=gpu
[avbd-step] step 262  dof=1875  iters=16  rc=0  wall=28627 us  |Δx|_max=0.0272894  |Δx|_mean=0.000374839  pred_max=0.0267327  drift_max=0.0012691  drift@v301.z  conv_max=0.000453055  conv_mean=7.36366e-06  nan=0
[outlier] v301  inc_tri=6  worst|M|=5.33333  pos=(-1.46637,-1.73572,0.135194)
[pd-step]     step 262  dof=1875  pd|Δx|_max=0.0267327  pd|Δx|_mean=0.000325923
[avbd-drive] step 263 wrote AVBD output to Particle.pos
[avbd-friction] step 263 applied 502 vert/primitive friction events
[avbd-contact] step 263 projected 161 vert/primitive penetrations
[avbd-selfcoll] step 263 resolved 22  detect=10656 us  resolve=19 us  path=gpu
[avbd-step] step 263  dof=1875  iters=16  rc=0  wall=28557 us  |Δx|_max=0.0278417  |Δx|_mean=0.000373325  pred_max=0.0272894  drift_max=0.00120485  drift@v305.x  conv_max=0.000463128  conv_mean=7.34662e-06  nan=0
[outlier] v305  inc_tri=6  worst|M|=5.33333  pos=(-1.11436,-1.07923,0.062154)
[pd-step]     step 263  dof=1875  pd|Δx|_max=0.0272894  pd|Δx|_mean=0.000324882
[avbd-drive] step 264 wrote AVBD output to Particle.pos
[avbd-friction] step 264 applied 501 vert/primitive friction events
[avbd-contact] step 264 projected 161 vert/primitive penetrations
[avbd-selfcoll] step 264 resolved 20  detect=12186 us  resolve=19 us  path=gpu
[avbd-step] step 264  dof=1875  iters=16  rc=0  wall=28849 us  |Δx|_max=0.0283842  |Δx|_mean=0.000372229  pred_max=0.0278417  drift_max=0.00120056  drift@v305.x  conv_max=0.000473097  conv_mean=7.36099e-06  nan=0
[outlier] v305  inc_tri=6  worst|M|=5.33333  pos=(-1.11445,-1.07938,0.0622265)
[pd-step]     step 264  dof=1875  pd|Δx|_max=0.0278417  pd|Δx|_mean=0.000324542
[avbd-drive] step 265 wrote AVBD output to Particle.pos
[avbd-friction] step 265 applied 503 vert/primitive friction events
[avbd-contact] step 265 projected 162 vert/primitive penetrations
[avbd-selfcoll] step 265 resolved 23  detect=10569 us  resolve=19 us  path=gpu
[avbd-step] step 265  dof=1875  iters=16  rc=0  wall=27265 us  |Δx|_max=0.0289024  |Δx|_mean=0.000370862  pred_max=0.0283842  drift_max=0.00120551  drift@v300.z  conv_max=0.000482649  conv_mean=7.36172e-06  nan=0
[outlier] v300  inc_tri=3  worst|M|=5.33333  pos=(-1.55498,-1.89859,0.129499)
[pd-step]     step 265  dof=1875  pd|Δx|_max=0.0283842  pd|Δx|_mean=0.000323017
[avbd-drive] step 266 wrote AVBD output to Particle.pos
[avbd-friction] step 266 applied 502 vert/primitive friction events
[avbd-contact] step 266 projected 164 vert/primitive penetrations
[avbd-selfcoll] step 266 resolved 21  detect=12543 us  resolve=19 us  path=gpu
[avbd-step] step 266  dof=1875  iters=16  rc=0  wall=28662 us  |Δx|_max=0.0293816  |Δx|_mean=0.000370133  pred_max=0.0289024  drift_max=0.00119042  drift@v305.x  conv_max=0.0004915  conv_mean=7.35799e-06  nan=0
[outlier] v305  inc_tri=6  worst|M|=5.33333  pos=(-1.11464,-1.07968,0.062307)
[pd-step]     step 266  dof=1875  pd|Δx|_max=0.0289024  pd|Δx|_mean=0.000321926
[avbd-drive] step 267 wrote AVBD output to Particle.pos
[avbd-friction] step 267 applied 503 vert/primitive friction events
[avbd-contact] step 267 projected 165 vert/primitive penetrations
[avbd-selfcoll] step 267 resolved 22  detect=13492 us  resolve=23 us  path=gpu
[avbd-step] step 267  dof=1875  iters=16  rc=0  wall=30008 us  |Δx|_max=0.029815  |Δx|_mean=0.000369087  pred_max=0.0293816  drift_max=0.00118434  drift@v305.x  conv_max=0.000499517  conv_mean=7.35703e-06  nan=0
[outlier] v305  inc_tri=6  worst|M|=5.33333  pos=(-1.11473,-1.07983,0.06232)
[pd-step]     step 267  dof=1875  pd|Δx|_max=0.0293816  pd|Δx|_mean=0.000320236
[avbd-drive] step 268 wrote AVBD output to Particle.pos
[avbd-friction] step 268 applied 503 vert/primitive friction events
[avbd-contact] step 268 projected 166 vert/primitive penetrations
[avbd-selfcoll] step 268 resolved 23  detect=12343 us  resolve=19 us  path=gpu
[avbd-step] step 268  dof=1875  iters=16  rc=0  wall=35653 us  |Δx|_max=0.0302  |Δx|_mean=0.00036779  pred_max=0.029815  drift_max=0.00121644  drift@v351.z  conv_max=0.000506595  conv_mean=7.35308e-06  nan=0
[outlier] v351  inc_tri=6  worst|M|=5.33333  pos=(-1.44713,-1.73803,0.30437)
[pd-step]     step 268  dof=1875  pd|Δx|_max=0.029815  pd|Δx|_mean=0.000318964
[avbd-drive] step 269 wrote AVBD output to Particle.pos
[avbd-friction] step 269 applied 506 vert/primitive friction events
[avbd-contact] step 269 projected 168 vert/primitive penetrations
[avbd-selfcoll] step 269 resolved 23  detect=10551 us  resolve=21 us  path=gpu
[avbd-step] step 269  dof=1875  iters=16  rc=0  wall=29190 us  |Δx|_max=0.0305578  |Δx|_mean=0.000366223  pred_max=0.0302  drift_max=0.00121146  drift@v351.z  conv_max=0.000513002  conv_mean=7.31294e-06  nan=0
[outlier] v351  inc_tri=6  worst|M|=5.33333  pos=(-1.44799,-1.73811,0.304921)
[pd-step]     step 269  dof=1875  pd|Δx|_max=0.0302  pd|Δx|_mean=0.000316251
[avbd-drive] step 270 wrote AVBD output to Particle.pos
[avbd-friction] step 270 applied 505 vert/primitive friction events
[avbd-contact] step 270 projected 169 vert/primitive penetrations
[avbd-selfcoll] step 270 resolved 24  detect=10793 us  resolve=19 us  path=gpu
[avbd-step] step 270  dof=1875  iters=16  rc=0  wall=29484 us  |Δx|_max=0.0309195  |Δx|_mean=0.000366395  pred_max=0.0305578  drift_max=0.00122333  drift@v37.x  conv_max=0.000519186  conv_mean=7.29914e-06  nan=0
[outlier] v37  inc_tri=6  worst|M|=5.33333  pos=(0.259375,-1.34117,-1.71213)
[pd-step]     step 270  dof=1875  pd|Δx|_max=0.0305578  pd|Δx|_mean=0.0003164
[avbd-drive] step 271 wrote AVBD output to Particle.pos
[avbd-friction] step 271 applied 505 vert/primitive friction events
[avbd-contact] step 271 projected 169 vert/primitive penetrations
[avbd-selfcoll] step 271 resolved 25  detect=10635 us  resolve=19 us  path=gpu
[avbd-step] step 271  dof=1875  iters=16  rc=0  wall=30935 us  |Δx|_max=0.0313123  |Δx|_mean=0.000366867  pred_max=0.0309195  drift_max=0.00130171  drift@v37.x  conv_max=0.000525624  conv_mean=7.28146e-06  nan=0
[outlier] v37  inc_tri=6  worst|M|=5.33333  pos=(0.258963,-1.34159,-1.71182)
[pd-step]     step 271  dof=1875  pd|Δx|_max=0.0309195  pd|Δx|_mean=0.000316666
[avbd-drive] step 272 wrote AVBD output to Particle.pos
[avbd-friction] step 272 applied 507 vert/primitive friction events
[avbd-contact] step 272 projected 170 vert/primitive penetrations
[avbd-selfcoll] step 272 resolved 26  detect=10532 us  resolve=16 us  path=gpu
[avbd-step] step 272  dof=1875  iters=16  rc=0  wall=32323 us  |Δx|_max=0.0317521  |Δx|_mean=0.000366643  pred_max=0.0313123  drift_max=0.0013724  drift@v37.x  conv_max=0.000532448  conv_mean=7.24262e-06  nan=0
[outlier] v37  inc_tri=6  worst|M|=5.33333  pos=(0.258542,-1.34204,-1.7115)
[pd-step]     step 272  dof=1875  pd|Δx|_max=0.0313123  pd|Δx|_mean=0.000316618
[avbd-drive] step 273 wrote AVBD output to Particle.pos
[avbd-friction] step 273 applied 508 vert/primitive friction events
[avbd-contact] step 273 projected 171 vert/primitive penetrations
[avbd-selfcoll] step 273 resolved 22  detect=10571 us  resolve=19 us  path=gpu
[avbd-step] step 273  dof=1875  iters=16  rc=0  wall=44907 us  |Δx|_max=0.0322413  |Δx|_mean=0.000367296  pred_max=0.0317521  drift_max=0.00143397  drift@v37.x  conv_max=0.000539675  conv_mean=7.21599e-06  nan=0
[outlier] v37  inc_tri=6  worst|M|=5.33333  pos=(0.258117,-1.34249,-1.71119)
[pd-step]     step 273  dof=1875  pd|Δx|_max=0.0317521  pd|Δx|_mean=0.0003169
[avbd-drive] step 274 wrote AVBD output to Particle.pos
[avbd-friction] step 274 applied 509 vert/primitive friction events
[avbd-contact] step 274 projected 172 vert/primitive penetrations
[avbd-selfcoll] step 274 resolved 23  detect=12746 us  resolve=20 us  path=gpu
[avbd-step] step 274  dof=1875  iters=16  rc=0  wall=27376 us  |Δx|_max=0.032769  |Δx|_mean=0.000367499  pred_max=0.0322413  drift_max=0.00148547  drift@v37.x  conv_max=0.000547051  conv_mean=7.17478e-06  nan=0
[outlier] v37  inc_tri=6  worst|M|=5.33333  pos=(0.257697,-1.34296,-1.7109)
[pd-step]     step 274  dof=1875  pd|Δx|_max=0.0322413  pd|Δx|_mean=0.000316937
[avbd-drive] step 275 wrote AVBD output to Particle.pos
[avbd-friction] step 275 applied 507 vert/primitive friction events
[avbd-contact] step 275 projected 172 vert/primitive penetrations
[avbd-selfcoll] step 275 resolved 27  detect=10639 us  resolve=19 us  path=gpu
[avbd-step] step 275  dof=1875  iters=16  rc=0  wall=29698 us  |Δx|_max=0.0333146  |Δx|_mean=0.00036805  pred_max=0.032769  drift_max=0.00152647  drift@v37.x  conv_max=0.000554249  conv_mean=7.14904e-06  nan=0
[outlier] v37  inc_tri=6  worst|M|=5.33333  pos=(0.257287,-1.34343,-1.71062)
[pd-step]     step 275  dof=1875  pd|Δx|_max=0.032769  pd|Δx|_mean=0.00031807
[avbd-drive] step 276 wrote AVBD output to Particle.pos
[avbd-friction] step 276 applied 507 vert/primitive friction events
[avbd-contact] step 276 projected 174 vert/primitive penetrations
[avbd-selfcoll] step 276 resolved 25  detect=13541 us  resolve=20 us  path=gpu
[avbd-step] step 276  dof=1875  iters=16  rc=0  wall=27797 us  |Δx|_max=0.0338526  |Δx|_mean=0.000368572  pred_max=0.0333146  drift_max=0.0015572  drift@v37.x  conv_max=0.00056076  conv_mean=7.14097e-06  nan=0
[outlier] v37  inc_tri=6  worst|M|=5.33333  pos=(0.256891,-1.34391,-1.71035)
[pd-step]     step 276  dof=1875  pd|Δx|_max=0.0333146  pd|Δx|_mean=0.00031905
[avbd-drive] step 277 wrote AVBD output to Particle.pos
[avbd-friction] step 277 applied 508 vert/primitive friction events
[avbd-contact] step 277 projected 175 vert/primitive penetrations
[avbd-selfcoll] step 277 resolved 27  detect=10808 us  resolve=21 us  path=gpu
[avbd-step] step 277  dof=1875  iters=16  rc=0  wall=29174 us  |Δx|_max=0.0343526  |Δx|_mean=0.000368725  pred_max=0.0338526  drift_max=0.0015783  drift@v37.x  conv_max=0.000566468  conv_mean=7.12242e-06  nan=0
[outlier] v37  inc_tri=6  worst|M|=5.33333  pos=(0.256513,-1.3444,-1.71011)
[pd-step]     step 277  dof=1875  pd|Δx|_max=0.0338526  pd|Δx|_mean=0.000319681
[avbd-drive] step 278 wrote AVBD output to Particle.pos
[avbd-friction] step 278 applied 509 vert/primitive friction events
[avbd-contact] step 278 projected 176 vert/primitive penetrations
[avbd-selfcoll] step 278 resolved 26  detect=12123 us  resolve=20 us  path=gpu
[avbd-step] step 278  dof=1875  iters=16  rc=0  wall=27571 us  |Δx|_max=0.0347906  |Δx|_mean=0.000368426  pred_max=0.0343526  drift_max=0.001591  drift@v37.x  conv_max=0.000570282  conv_mean=7.09431e-06  nan=0
[outlier] v37  inc_tri=6  worst|M|=5.33333  pos=(0.256152,-1.34489,-1.70989)
[pd-step]     step 278  dof=1875  pd|Δx|_max=0.0343526  pd|Δx|_mean=0.000319832
[avbd-drive] step 279 wrote AVBD output to Particle.pos
[avbd-friction] step 279 applied 509 vert/primitive friction events
[avbd-contact] step 279 projected 176 vert/primitive penetrations
[avbd-selfcoll] step 279 resolved 25  detect=15043 us  resolve=18 us  path=gpu
[avbd-step] step 279  dof=1875  iters=16  rc=0  wall=28180 us  |Δx|_max=0.0351521  |Δx|_mean=0.000368315  pred_max=0.0347906  drift_max=0.00159672  drift@v37.x  conv_max=0.000571966  conv_mean=7.08909e-06  nan=0
[outlier] v37  inc_tri=6  worst|M|=5.33333  pos=(0.255808,-1.34538,-1.7097)
[pd-step]     step 279  dof=1875  pd|Δx|_max=0.0347906  pd|Δx|_mean=0.000319381
[avbd-drive] step 280 wrote AVBD output to Particle.pos
[avbd-friction] step 280 applied 508 vert/primitive friction events
[avbd-contact] step 280 projected 177 vert/primitive penetrations
[avbd-selfcoll] step 280 resolved 28  detect=10432 us  resolve=18 us  path=gpu
[avbd-step] step 280  dof=1875  iters=16  rc=0  wall=30557 us  |Δx|_max=0.0354392  |Δx|_mean=0.00037002  pred_max=0.0351521  drift_max=0.00159705  drift@v37.x  conv_max=0.000572309  conv_mean=7.08164e-06  nan=0
[outlier] v37  inc_tri=6  worst|M|=5.33333  pos=(0.25548,-1.34587,-1.70952)
[pd-step]     step 280  dof=1875  pd|Δx|_max=0.0351521  pd|Δx|_mean=0.000320492
[avbd-drive] step 281 wrote AVBD output to Particle.pos
[avbd-friction] step 281 applied 509 vert/primitive friction events
[avbd-contact] step 281 projected 177 vert/primitive penetrations
[avbd-selfcoll] step 281 resolved 27  detect=13735 us  resolve=18 us  path=gpu
280..[avbd-step] step 281  dof=1875  iters=16  rc=0  wall=29442 us  |Δx|_max=0.0356644  |Δx|_mean=0.000372101  pred_max=0.0354392  drift_max=0.00159353  drift@v37.x  conv_max=0.000569522  conv_mean=7.07754e-06  nan=0
[outlier] v37  inc_tri=6  worst|M|=5.33333  pos=(0.255164,-1.34637,-1.70937)
[pd-step]     step 281  dof=1875  pd|Δx|_max=0.0354392  pd|Δx|_mean=0.000322383
[avbd-drive] step 282 wrote AVBD output to Particle.pos
[avbd-friction] step 282 applied 510 vert/primitive friction events
[avbd-contact] step 282 projected 177 vert/primitive penetrations
[avbd-selfcoll] step 282 resolved 29  detect=13488 us  resolve=31 us  path=gpu
[avbd-step] step 282  dof=1875  iters=16  rc=0  wall=35834 us  |Δx|_max=0.0358398  |Δx|_mean=0.000373957  pred_max=0.0356644  drift_max=0.0015876  drift@v37.x  conv_max=0.000564694  conv_mean=7.05778e-06  nan=0
[outlier] v37  inc_tri=6  worst|M|=5.33333  pos=(0.254858,-1.34686,-1.70923)
[pd-step]     step 282  dof=1875  pd|Δx|_max=0.0356644  pd|Δx|_mean=0.000323822
[avbd-drive] step 283 wrote AVBD output to Particle.pos
[avbd-friction] step 283 applied 510 vert/primitive friction events
[avbd-contact] step 283 projected 179 vert/primitive penetrations
[avbd-selfcoll] step 283 resolved 24  detect=11585 us  resolve=35 us  path=gpu
[avbd-step] step 283  dof=1875  iters=16  rc=0  wall=32595 us  |Δx|_max=0.0359724  |Δx|_mean=0.0003739  pred_max=0.0358398  drift_max=0.00158098  drift@v37.x  conv_max=0.000558108  conv_mean=7.00579e-06  nan=0
[outlier] v37  inc_tri=6  worst|M|=5.33333  pos=(0.254559,-1.34735,-1.70911)
[pd-step]     step 283  dof=1875  pd|Δx|_max=0.0358398  pd|Δx|_mean=0.000324882
[avbd-drive] step 284 wrote AVBD output to Particle.pos
[avbd-friction] step 284 applied 509 vert/primitive friction events
[avbd-contact] step 284 projected 179 vert/primitive penetrations
[avbd-selfcoll] step 284 resolved 29  detect=13265 us  resolve=20 us  path=gpu
[avbd-step] step 284  dof=1875  iters=16  rc=0  wall=29702 us  |Δx|_max=0.0360603  |Δx|_mean=0.000374832  pred_max=0.0359724  drift_max=0.0013808  drift@v37.x  conv_max=0.000549808  conv_mean=6.99691e-06  nan=0
[outlier] v37  inc_tri=6  worst|M|=5.33333  pos=(0.254845,-1.34762,-1.70906)
[pd-step]     step 284  dof=1875  pd|Δx|_max=0.0359724  pd|Δx|_mean=0.000326739
[avbd-drive] step 285 wrote AVBD output to Particle.pos
[avbd-friction] step 285 applied 510 vert/primitive friction events
[avbd-contact] step 285 projected 182 vert/primitive penetrations
[avbd-selfcoll] step 285 resolved 28  detect=12567 us  resolve=19 us  path=gpu
[avbd-step] step 285  dof=1875  iters=16  rc=0  wall=30218 us  |Δx|_max=0.0360934  |Δx|_mean=0.000376688  pred_max=0.0360603  drift_max=0.00134933  drift@v275.y  conv_max=0.000539854  conv_mean=6.98656e-06  nan=0
[outlier] v275  inc_tri=3  worst|M|=5.33333  pos=(-1.70535,-1.84634,0.0775002)
[pd-step]     step 285  dof=1875  pd|Δx|_max=0.0360603  pd|Δx|_mean=0.000327675
[avbd-drive] step 286 wrote AVBD output to Particle.pos
[avbd-friction] step 286 applied 510 vert/primitive friction events
[avbd-contact] step 286 projected 183 vert/primitive penetrations
[avbd-selfcoll] step 286 resolved 25  detect=10834 us  resolve=20 us  path=gpu
[avbd-step] step 286  dof=1875  iters=16  rc=0  wall=30185 us  |Δx|_max=0.0360547  |Δx|_mean=0.00037854  pred_max=0.0360934  drift_max=0.00134003  drift@v275.y  conv_max=0.000528246  conv_mean=6.97168e-06  nan=0
[outlier] v275  inc_tri=3  worst|M|=5.33333  pos=(-1.7022,-1.85018,0.0745741)
[pd-step]     step 286  dof=1875  pd|Δx|_max=0.0360934  pd|Δx|_mean=0.000329289
[avbd-drive] step 287 wrote AVBD output to Particle.pos
[avbd-friction] step 287 applied 510 vert/primitive friction events
[avbd-contact] step 287 projected 183 vert/primitive penetrations
[avbd-selfcoll] step 287 resolved 27  detect=11937 us  resolve=21 us  path=gpu
[avbd-step] step 287  dof=1875  iters=16  rc=0  wall=29899 us  |Δx|_max=0.0359219  |Δx|_mean=0.000381783  pred_max=0.0360547  drift_max=0.00135434  drift@v275.y  conv_max=0.00051479  conv_mean=6.97017e-06  nan=0
[outlier] v275  inc_tri=3  worst|M|=5.33333  pos=(-1.69879,-1.85405,0.0717991)
[pd-step]     step 287  dof=1875  pd|Δx|_max=0.0360547  pd|Δx|_mean=0.000331849
[avbd-drive] step 288 wrote AVBD output to Particle.pos
[avbd-friction] step 288 applied 512 vert/primitive friction events
[avbd-contact] step 288 projected 183 vert/primitive penetrations
[avbd-selfcoll] step 288 resolved 28  detect=10953 us  resolve=21 us  path=gpu
[avbd-step] step 288  dof=1875  iters=16  rc=0  wall=29335 us  |Δx|_max=0.0356711  |Δx|_mean=0.000385171  pred_max=0.0359219  drift_max=0.00144231  drift@v350.x  conv_max=0.000499502  conv_mean=6.95817e-06  nan=0
[outlier] v350  inc_tri=3  worst|M|=5.33333  pos=(-1.59888,-1.8964,0.329767)
[pd-step]     step 288  dof=1875  pd|Δx|_max=0.0359219  pd|Δx|_mean=0.000334618
[avbd-drive] step 289 wrote AVBD output to Particle.pos
[avbd-friction] step 289 applied 511 vert/primitive friction events
[avbd-contact] step 289 projected 184 vert/primitive penetrations
[avbd-selfcoll] step 289 resolved 27  detect=12814 us  resolve=25 us  path=gpu
[avbd-step] step 289  dof=1875  iters=16  rc=0  wall=29957 us  |Δx|_max=0.0352792  |Δx|_mean=0.000388953  pred_max=0.0356711  drift_max=0.00152361  drift@v350.x  conv_max=0.000482276  conv_mean=6.96345e-06  nan=0
[outlier] v350  inc_tri=3  worst|M|=5.33333  pos=(-1.60548,-1.8948,0.329688)
[pd-step]     step 289  dof=1875  pd|Δx|_max=0.0356711  pd|Δx|_mean=0.000338573
[avbd-drive] step 290 wrote AVBD output to Particle.pos
[avbd-friction] step 290 applied 513 vert/primitive friction events
[avbd-contact] step 290 projected 184 vert/primitive penetrations
[avbd-selfcoll] step 290 resolved 28  detect=10853 us  resolve=20 us  path=gpu
[avbd-step] step 290  dof=1875  iters=16  rc=0  wall=27140 us  |Δx|_max=0.0347278  |Δx|_mean=0.000391395  pred_max=0.0352792  drift_max=0.00158751  drift@v350.x  conv_max=0.000463396  conv_mean=6.93371e-06  nan=0
[outlier] v350  inc_tri=3  worst|M|=5.33333  pos=(-1.61218,-1.89301,0.329378)
[pd-step]     step 290  dof=1875  pd|Δx|_max=0.0352792  pd|Δx|_mean=0.000341468
[avbd-drive] step 291 wrote AVBD output to Particle.pos
[avbd-friction] step 291 applied 513 vert/primitive friction events
[avbd-contact] step 291 projected 184 vert/primitive penetrations
[avbd-selfcoll] step 291 resolved 26  detect=13050 us  resolve=19 us  path=gpu
[avbd-step] step 291  dof=1875  iters=16  rc=0  wall=28859 us  |Δx|_max=0.0340025  |Δx|_mean=0.000392205  pred_max=0.0347278  drift_max=0.00162864  drift@v350.x  conv_max=0.000442669  conv_mean=6.95801e-06  nan=0
[outlier] v350  inc_tri=3  worst|M|=5.33333  pos=(-1.61889,-1.89105,0.328839)
[pd-step]     step 291  dof=1875  pd|Δx|_max=0.0347278  pd|Δx|_mean=0.000342144
[avbd-drive] step 292 wrote AVBD output to Particle.pos
[avbd-friction] step 292 applied 514 vert/primitive friction events
[avbd-contact] step 292 projected 184 vert/primitive penetrations
[avbd-selfcoll] step 292 resolved 25  detect=11654 us  resolve=21 us  path=gpu
[avbd-step] step 292  dof=1875  iters=16  rc=0  wall=28919 us  |Δx|_max=0.0331016  |Δx|_mean=0.000395182  pred_max=0.0340025  drift_max=0.00178987  drift@v250.z  conv_max=0.000421226  conv_mean=6.98724e-06  nan=0
[outlier] v250  inc_tri=3  worst|M|=5.33333  pos=(-1.51883,-1.94553,0.0383218)
[pd-step]     step 292  dof=1875  pd|Δx|_max=0.0340025  pd|Δx|_mean=0.000344847
[avbd-drive] step 293 wrote AVBD output to Particle.pos
[avbd-friction] step 293 applied 513 vert/primitive friction events
[avbd-contact] step 293 projected 185 vert/primitive penetrations
[avbd-selfcoll] step 293 resolved 24  detect=10771 us  resolve=19 us  path=gpu
[avbd-step] step 293  dof=1875  iters=16  rc=0  wall=28401 us  |Δx|_max=0.0320566  |Δx|_mean=0.000398669  pred_max=0.0331016  drift_max=0.00206864  drift@v275.y  conv_max=0.000400722  conv_mean=7.03316e-06  nan=0
[outlier] v275  inc_tri=3  worst|M|=5.33333  pos=(-1.67577,-1.87752,0.0603994)
[pd-step]     step 293  dof=1875  pd|Δx|_max=0.0331016  pd|Δx|_mean=0.000348269
[avbd-drive] step 294 wrote AVBD output to Particle.pos
[avbd-friction] step 294 applied 514 vert/primitive friction events
[avbd-contact] step 294 projected 186 vert/primitive penetrations
[avbd-selfcoll] step 294 resolved 27  detect=12713 us  resolve=20 us  path=gpu
[avbd-step] step 294  dof=1875  iters=16  rc=0  wall=27903 us  |Δx|_max=0.0309319  |Δx|_mean=0.000402199  pred_max=0.0320566  drift_max=0.00226581  drift@v275.y  conv_max=0.00038293  conv_mean=7.09506e-06  nan=0
[outlier] v275  inc_tri=3  worst|M|=5.33333  pos=(-1.6729,-1.88071,0.0597282)
[pd-step]     step 294  dof=1875  pd|Δx|_max=0.0320566  pd|Δx|_mean=0.000351561
[avbd-drive] step 295 wrote AVBD output to Particle.pos
[avbd-friction] step 295 applied 513 vert/primitive friction events
[avbd-contact] step 295 projected 188 vert/primitive penetrations
[avbd-selfcoll] step 295 resolved 25  detect=10998 us  resolve=18 us  path=gpu
[avbd-step] step 295  dof=1875  iters=16  rc=0  wall=32632 us  |Δx|_max=0.0298218  |Δx|_mean=0.000406538  pred_max=0.0309319  drift_max=0.00225735  drift@v275.y  conv_max=0.000388309  conv_mean=7.19349e-06  nan=0
[outlier] v275  inc_tri=3  worst|M|=5.33333  pos=(-1.67072,-1.88303,0.0592003)
[pd-step]     step 295  dof=1875  pd|Δx|_max=0.0309319  pd|Δx|_mean=0.000356031
[avbd-drive] step 296 wrote AVBD output to Particle.pos
[avbd-friction] step 296 applied 513 vert/primitive friction events
[avbd-contact] step 296 projected 191 vert/primitive penetrations
[avbd-selfcoll] step 296 resolved 28  detect=10643 us  resolve=21 us  path=gpu
[avbd-step] step 296  dof=1875  iters=16  rc=0  wall=30530 us  |Δx|_max=0.0288377  |Δx|_mean=0.00041046  pred_max=0.0298218  drift_max=0.0020349  drift@v275.y  conv_max=0.000396222  conv_mean=7.28156e-06  nan=0
[outlier] v275  inc_tri=3  worst|M|=5.33333  pos=(-1.66927,-1.88425,0.0585904)
[pd-step]     step 296  dof=1875  pd|Δx|_max=0.0298218  pd|Δx|_mean=0.000359919
[avbd-drive] step 297 wrote AVBD output to Particle.pos
[avbd-friction] step 297 applied 513 vert/primitive friction events
[avbd-contact] step 297 projected 191 vert/primitive penetrations
[avbd-selfcoll] step 297 resolved 29  detect=11742 us  resolve=25 us  path=gpu
[avbd-step] step 297  dof=1875  iters=16  rc=0  wall=31699 us  |Δx|_max=0.0280993  |Δx|_mean=0.00041373  pred_max=0.0288377  drift_max=0.00158644  drift@v275.y  conv_max=0.000405446  conv_mean=7.36857e-06  nan=0
[outlier] v275  inc_tri=3  worst|M|=5.33333  pos=(-1.6688,-1.8842,0.057625)
[pd-step]     step 297  dof=1875  pd|Δx|_max=0.0288377  pd|Δx|_mean=0.000363917
[avbd-drive] step 298 wrote AVBD output to Particle.pos
[avbd-friction] step 298 applied 513 vert/primitive friction events
[avbd-contact] step 298 projected 191 vert/primitive penetrations
[avbd-selfcoll] step 298 resolved 25  detect=12885 us  resolve=21 us  path=gpu
[avbd-step] step 298  dof=1875  iters=16  rc=0  wall=28578 us  |Δx|_max=0.0277031  |Δx|_mean=0.000416752  pred_max=0.0280993  drift_max=0.00123123  drift@v250.z  conv_max=0.000416771  conv_mean=7.4559e-06  nan=0
[outlier] v250  inc_tri=3  worst|M|=5.33333  pos=(-1.5091,-1.94232,0.0532686)
[pd-step]     step 298  dof=1875  pd|Δx|_max=0.0280993  pd|Δx|_mean=0.000367437
[avbd-drive] step 299 wrote AVBD output to Particle.pos
[avbd-friction] step 299 applied 513 vert/primitive friction events
[avbd-contact] step 299 projected 193 vert/primitive penetrations
[avbd-selfcoll] step 299 resolved 26  detect=10660 us  resolve=17 us  path=gpu
[avbd-step] step 299  dof=1875  iters=16  rc=0  wall=35119 us  |Δx|_max=0.0276769  |Δx|_mean=0.000419489  pred_max=0.0277031  drift_max=0.00109875  drift@v252.x  conv_max=0.000430956  conv_mean=7.53847e-06  nan=0
[outlier] v252  inc_tri=6  worst|M|=5.33333  pos=(-1.38727,-1.61553,-0.0682321)
[pd-step]     step 299  dof=1875  pd|Δx|_max=0.0277031  pd|Δx|_mean=0.000370588
[avbd-drive] step 300 wrote AVBD output to Particle.pos
[avbd-friction] step 300 applied 513 vert/primitive friction events
[avbd-contact] step 300 projected 193 vert/primitive penetrations
[avbd-selfcoll] step 300 resolved 24  detect=12195 us  resolve=22 us  path=gpu
[avbd-step] step 300  dof=1875  iters=16  rc=0  wall=29527 us  |Δx|_max=0.0279804  |Δx|_mean=0.000421483  pred_max=0.0276769  drift_max=0.00105953  drift@v252.x  conv_max=0.00044743  conv_mean=7.60962e-06  nan=0
[outlier] v252  inc_tri=6  worst|M|=5.33333  pos=(-1.38615,-1.61582,-0.0679618)
[pd-step]     step 300  dof=1875  pd|Δx|_max=0.0276769  pd|Δx|_mean=0.000373296
[avbd-drive] step 301 wrote AVBD output to Particle.pos
[avbd-friction] step 301 applied 514 vert/primitive friction events
[avbd-contact] step 301 projected 196 vert/primitive penetrations
[avbd-selfcoll] step 301 resolved 27  detect=11842 us  resolve=39 us  path=gpu
300..[avbd-step] step 301  dof=1875  iters=16  rc=0  wall=29164 us  |Δx|_max=0.0285239  |Δx|_mean=0.000421847  pred_max=0.0279804  drift_max=0.00148344  drift@v325.y  conv_max=0.000465229  conv_mean=7.64753e-06  nan=0
[outlier] v325  inc_tri=3  worst|M|=5.33333  pos=(-1.73382,-1.79171,0.182882)
[pd-step]     step 301  dof=1875  pd|Δx|_max=0.0279804  pd|Δx|_mean=0.000374574
[avbd-drive] step 302 wrote AVBD output to Particle.pos
[avbd-friction] step 302 applied 514 vert/primitive friction events
[avbd-contact] step 302 projected 197 vert/primitive penetrations
[avbd-selfcoll] step 302 resolved 25  detect=10594 us  resolve=19 us  path=gpu
[avbd-step] step 302  dof=1875  iters=16  rc=0  wall=29919 us  |Δx|_max=0.0293069  |Δx|_mean=0.000422183  pred_max=0.0285239  drift_max=0.00177419  drift@v325.y  conv_max=0.000482358  conv_mean=7.69382e-06  nan=0
[outlier] v325  inc_tri=3  worst|M|=5.33333  pos=(-1.73472,-1.79354,0.184913)
[pd-step]     step 302  dof=1875  pd|Δx|_max=0.0285239  pd|Δx|_mean=0.000375484
[avbd-drive] step 303 wrote AVBD output to Particle.pos
[avbd-friction] step 303 applied 514 vert/primitive friction events
[avbd-contact] step 303 projected 197 vert/primitive penetrations
[avbd-selfcoll] step 303 resolved 26  detect=12818 us  resolve=20 us  path=gpu
[avbd-step] step 303  dof=1875  iters=16  rc=0  wall=29278 us  |Δx|_max=0.0305428  |Δx|_mean=0.000421732  pred_max=0.0293069  drift_max=0.00187993  drift@v325.y  conv_max=0.000498667  conv_mean=7.72074e-06  nan=0
[outlier] v325  inc_tri=3  worst|M|=5.33333  pos=(-1.73524,-1.7953,0.187181)
[pd-step]     step 303  dof=1875  pd|Δx|_max=0.0293069  pd|Δx|_mean=0.000375702
[avbd-drive] step 304 wrote AVBD output to Particle.pos
[avbd-friction] step 304 applied 516 vert/primitive friction events
[avbd-contact] step 304 projected 198 vert/primitive penetrations
[avbd-selfcoll] step 304 resolved 28  detect=11735 us  resolve=25 us  path=gpu
[avbd-step] step 304  dof=1875  iters=16  rc=0  wall=31062 us  |Δx|_max=0.031756  |Δx|_mean=0.00041876  pred_max=0.0305428  drift_max=0.00179935  drift@v325.y  conv_max=0.000513583  conv_mean=7.68939e-06  nan=0
[outlier] v325  inc_tri=3  worst|M|=5.33333  pos=(-1.73539,-1.79677,0.189528)
[pd-step]     step 304  dof=1875  pd|Δx|_max=0.0305428  pd|Δx|_mean=0.000373387
[avbd-drive] step 305 wrote AVBD output to Particle.pos
[avbd-friction] step 305 applied 517 vert/primitive friction events
[avbd-contact] step 305 projected 200 vert/primitive penetrations
[avbd-selfcoll] step 305 resolved 28  detect=10717 us  resolve=22 us  path=gpu
[avbd-step] step 305  dof=1875  iters=16  rc=0  wall=30748 us  |Δx|_max=0.0328641  |Δx|_mean=0.000417603  pred_max=0.031756  drift_max=0.00157714  drift@v325.y  conv_max=0.00052771  conv_mean=7.67563e-06  nan=0
[outlier] v325  inc_tri=3  worst|M|=5.33333  pos=(-1.73528,-1.79782,0.19188)
[pd-step]     step 305  dof=1875  pd|Δx|_max=0.031756  pd|Δx|_mean=0.000371454
[avbd-drive] step 306 wrote AVBD output to Particle.pos
[avbd-friction] step 306 applied 516 vert/primitive friction events
[avbd-contact] step 306 projected 200 vert/primitive penetrations
[avbd-selfcoll] step 306 resolved 24  detect=10765 us  resolve=22 us  path=gpu
[avbd-step] step 306  dof=1875  iters=16  rc=0  wall=28960 us  |Δx|_max=0.0338224  |Δx|_mean=0.000416619  pred_max=0.0328641  drift_max=0.00152588  drift@v300.x  conv_max=0.000541136  conv_mean=7.63846e-06  nan=0
[outlier] v300  inc_tri=3  worst|M|=5.33333  pos=(-1.55456,-1.89461,0.189721)
[pd-step]     step 306  dof=1875  pd|Δx|_max=0.0328641  pd|Δx|_mean=0.000370208
[avbd-drive] step 307 wrote AVBD output to Particle.pos
[avbd-friction] step 307 applied 514 vert/primitive friction events
[avbd-contact] step 307 projected 200 vert/primitive penetrations
[avbd-selfcoll] step 307 resolved 30  detect=10991 us  resolve=19 us  path=gpu
[avbd-step] step 307  dof=1875  iters=16  rc=0  wall=28393 us  |Δx|_max=0.0346269  |Δx|_mean=0.000415938  pred_max=0.0338224  drift_max=0.00134945  drift@v300.x  conv_max=0.000553831  conv_mean=7.59906e-06  nan=0
[outlier] v300  inc_tri=3  worst|M|=5.33333  pos=(-1.55603,-1.89682,0.186774)
[pd-step]     step 307  dof=1875  pd|Δx|_max=0.0338224  pd|Δx|_mean=0.000369161
[avbd-drive] step 308 wrote AVBD output to Particle.pos
[avbd-friction] step 308 applied 513 vert/primitive friction events
[avbd-contact] step 308 projected 200 vert/primitive penetrations
[avbd-selfcoll] step 308 resolved 27  detect=10572 us  resolve=19 us  path=gpu
[avbd-step] step 308  dof=1875  iters=16  rc=0  wall=31593 us  |Δx|_max=0.0353058  |Δx|_mean=0.000415265  pred_max=0.0346269  drift_max=0.00132084  drift@v350.x  conv_max=0.000565238  conv_mean=7.55345e-06  nan=0
[outlier] v350  inc_tri=3  worst|M|=5.33333  pos=(-1.63346,-1.88039,0.327841)
[pd-step]     step 308  dof=1875  pd|Δx|_max=0.0346269  pd|Δx|_mean=0.000368878
[avbd-drive] step 309 wrote AVBD output to Particle.pos
[avbd-friction] step 309 applied 512 vert/primitive friction events
[avbd-contact] step 309 projected 201 vert/primitive penetrations
[avbd-selfcoll] step 309 resolved 31  detect=13216 us  resolve=20 us  path=gpu
[avbd-step] step 309  dof=1875  iters=16  rc=0  wall=32962 us  |Δx|_max=0.0359182  |Δx|_mean=0.000414321  pred_max=0.0353058  drift_max=0.00116634  drift@v350.x  conv_max=0.000575393  conv_mean=7.50936e-06  nan=0
[outlier] v350  inc_tri=3  worst|M|=5.33333  pos=(-1.62945,-1.88094,0.327173)
[pd-step]     step 309  dof=1875  pd|Δx|_max=0.0353058  pd|Δx|_mean=0.000368421
[avbd-drive] step 310 wrote AVBD output to Particle.pos
[avbd-friction] step 310 applied 512 vert/primitive friction events
[avbd-contact] step 310 projected 201 vert/primitive penetrations
[avbd-selfcoll] step 310 resolved 25  detect=12111 us  resolve=19 us  path=gpu
[avbd-step] step 310  dof=1875  iters=16  rc=0  wall=29090 us  |Δx|_max=0.0365065  |Δx|_mean=0.000413032  pred_max=0.0359182  drift_max=0.00113082  drift@v37.x  conv_max=0.00058376  conv_mean=7.46035e-06  nan=0
[outlier] v37  inc_tri=6  worst|M|=5.33333  pos=(0.257271,-1.35092,-1.70254)
[pd-step]     step 310  dof=1875  pd|Δx|_max=0.0359182  pd|Δx|_mean=0.000367765
[avbd-drive] step 311 wrote AVBD output to Particle.pos
[avbd-friction] step 311 applied 512 vert/primitive friction events
[avbd-contact] step 311 projected 202 vert/primitive penetrations
[avbd-selfcoll] step 311 resolved 28  detect=11469 us  resolve=16 us  path=gpu
[avbd-step] step 311  dof=1875  iters=16  rc=0  wall=28205 us  |Δx|_max=0.0370847  |Δx|_mean=0.000411405  pred_max=0.0365065  drift_max=0.00120205  drift@v37.x  conv_max=0.000590459  conv_mean=7.42488e-06  nan=0
[outlier] v37  inc_tri=6  worst|M|=5.33333  pos=(0.257189,-1.35107,-1.70189)
[pd-step]     step 311  dof=1875  pd|Δx|_max=0.0365065  pd|Δx|_mean=0.000366892
[avbd-drive] step 312 wrote AVBD output to Particle.pos
[avbd-friction] step 312 applied 512 vert/primitive friction events
[avbd-contact] step 312 projected 204 vert/primitive penetrations
[avbd-selfcoll] step 312 resolved 30  detect=14741 us  resolve=21 us  path=gpu
[avbd-step] step 312  dof=1875  iters=16  rc=0  wall=27082 us  |Δx|_max=0.0376439  |Δx|_mean=0.000409351  pred_max=0.0370847  drift_max=0.00124994  drift@v37.x  conv_max=0.000595786  conv_mean=7.40794e-06  nan=0
[outlier] v37  inc_tri=6  worst|M|=5.33333  pos=(0.257166,-1.35126,-1.70124)
[pd-step]     step 312  dof=1875  pd|Δx|_max=0.0370847  pd|Δx|_mean=0.000365891
[avbd-drive] step 313 wrote AVBD output to Particle.pos
[avbd-friction] step 313 applied 513 vert/primitive friction events
[avbd-contact] step 313 projected 204 vert/primitive penetrations
[avbd-selfcoll] step 313 resolved 27  detect=13412 us  resolve=25 us  path=gpu
[avbd-step] step 313  dof=1875  iters=16  rc=0  wall=30564 us  |Δx|_max=0.0381645  |Δx|_mean=0.000407104  pred_max=0.0376439  drift_max=0.00127476  drift@v37.x  conv_max=0.000599802  conv_mean=7.40973e-06  nan=0
[outlier] v37  inc_tri=6  worst|M|=5.33333  pos=(0.257207,-1.35146,-1.7006)
[pd-step]     step 313  dof=1875  pd|Δx|_max=0.0376439  pd|Δx|_mean=0.000364547
[avbd-drive] step 314 wrote AVBD output to Particle.pos
[avbd-friction] step 314 applied 513 vert/primitive friction events
[avbd-contact] step 314 projected 204 vert/primitive penetrations
[avbd-selfcoll] step 314 resolved 27  detect=10671 us  resolve=25 us  path=gpu
[avbd-step] step 314  dof=1875  iters=16  rc=0  wall=29046 us  |Δx|_max=0.038625  |Δx|_mean=0.00040426  pred_max=0.0381645  drift_max=0.00132751  drift@v325.y  conv_max=0.000602253  conv_mean=7.4193e-06  nan=0
[outlier] v325  inc_tri=3  worst|M|=5.33333  pos=(-1.73117,-1.80613,0.222958)
[pd-step]     step 314  dof=1875  pd|Δx|_max=0.0381645  pd|Δx|_mean=0.000362901
[avbd-drive] step 315 wrote AVBD output to Particle.pos
[avbd-friction] step 315 applied 513 vert/primitive friction events
[avbd-contact] step 315 projected 204 vert/primitive penetrations
[avbd-selfcoll] step 315 resolved 26  detect=10804 us  resolve=19 us  path=gpu
[avbd-step] step 315  dof=1875  iters=16  rc=0  wall=27370 us  |Δx|_max=0.0390044  |Δx|_mean=0.000401023  pred_max=0.038625  drift_max=0.00167561  drift@v325.y  conv_max=0.000602789  conv_mean=7.43016e-06  nan=0
[outlier] v325  inc_tri=3  worst|M|=5.33333  pos=(-1.72914,-1.80979,0.227413)
[pd-step]     step 315  dof=1875  pd|Δx|_max=0.038625  pd|Δx|_mean=0.000360466
[avbd-drive] step 316 wrote AVBD output to Particle.pos
[avbd-friction] step 316 applied 513 vert/primitive friction events
[avbd-contact] step 316 projected 206 vert/primitive penetrations
[avbd-selfcoll] step 316 resolved 25  detect=10571 us  resolve=21 us  path=gpu
[avbd-step] step 316  dof=1875  iters=16  rc=0  wall=29762 us  |Δx|_max=0.0392801  |Δx|_mean=0.000397081  pred_max=0.0390044  drift_max=0.00201833  drift@v325.y  conv_max=0.000601076  conv_mean=7.43307e-06  nan=0
[outlier] v325  inc_tri=3  worst|M|=5.33333  pos=(-1.72661,-1.81409,0.231754)
[pd-step]     step 316  dof=1875  pd|Δx|_max=0.0390044  pd|Δx|_mean=0.000357446
[avbd-drive] step 317 wrote AVBD output to Particle.pos
[avbd-friction] step 317 applied 513 vert/primitive friction events
[avbd-contact] step 317 projected 207 vert/primitive penetrations
[avbd-selfcoll] step 317 resolved 26  detect=10985 us  resolve=18 us  path=gpu
[avbd-step] step 317  dof=1875  iters=16  rc=0  wall=28250 us  |Δx|_max=0.0394263  |Δx|_mean=0.000391905  pred_max=0.0392801  drift_max=0.00227535  drift@v325.y  conv_max=0.000597402  conv_mean=7.42658e-06  nan=0
[outlier] v325  inc_tri=3  worst|M|=5.33333  pos=(-1.72365,-1.81878,0.235911)
[pd-step]     step 317  dof=1875  pd|Δx|_max=0.0392801  pd|Δx|_mean=0.000353311
[avbd-drive] step 318 wrote AVBD output to Particle.pos
[avbd-friction] step 318 applied 512 vert/primitive friction events
[avbd-contact] step 318 projected 207 vert/primitive penetrations
[avbd-selfcoll] step 318 resolved 27  detect=12709 us  resolve=22 us  path=gpu
[avbd-step] step 318  dof=1875  iters=16  rc=0  wall=34560 us  |Δx|_max=0.0394183  |Δx|_mean=0.000387224  pred_max=0.0394263  drift_max=0.00238585  drift@v325.y  conv_max=0.000592209  conv_mean=7.40764e-06  nan=0
[outlier] v325  inc_tri=3  worst|M|=5.33333  pos=(-1.72038,-1.82356,0.239872)
[pd-step]     step 318  dof=1875  pd|Δx|_max=0.0394263  pd|Δx|_mean=0.000347922
[avbd-drive] step 319 wrote AVBD output to Particle.pos
[avbd-friction] step 319 applied 513 vert/primitive friction events
[avbd-contact] step 319 projected 209 vert/primitive penetrations
[avbd-selfcoll] step 319 resolved 20  detect=12864 us  resolve=18 us  path=gpu
[avbd-step] step 319  dof=1875  iters=16  rc=0  wall=28242 us  |Δx|_max=0.0392413  |Δx|_mean=0.000387052  pred_max=0.0394183  drift_max=0.00237095  drift@v325.y  conv_max=0.0005849  conv_mean=7.39332e-06  nan=0
[outlier] v325  inc_tri=3  worst|M|=5.33333  pos=(-1.7169,-1.82817,0.243664)
[pd-step]     step 319  dof=1875  pd|Δx|_max=0.0394182  pd|Δx|_mean=0.00034262
[avbd-drive] step 320 wrote AVBD output to Particle.pos
[avbd-friction] step 320 applied 514 vert/primitive friction events
[avbd-contact] step 320 projected 210 vert/primitive penetrations
[avbd-selfcoll] step 320 resolved 21  detect=14833 us  resolve=26 us  path=gpu
[avbd-step] step 320  dof=1875  iters=16  rc=0  wall=31272 us  |Δx|_max=0.0388922  |Δx|_mean=0.000387824  pred_max=0.0392413  drift_max=0.00223219  drift@v325.y  conv_max=0.000576518  conv_mean=7.42655e-06  nan=0
[outlier] v325  inc_tri=3  worst|M|=5.33333  pos=(-1.71329,-1.83241,0.247319)
[pd-step]     step 320  dof=1875  pd|Δx|_max=0.0392413  pd|Δx|_mean=0.000341956
[avbd-drive] step 321 wrote AVBD output to Particle.pos
[avbd-friction] step 321 applied 514 vert/primitive friction events
[avbd-contact] step 321 projected 211 vert/primitive penetrations
[avbd-selfcoll] step 321 resolved 23  detect=13027 us  resolve=22 us  path=gpu
320..[avbd-step] step 321  dof=1875  iters=16  rc=0  wall=28541 us  |Δx|_max=0.0383676  |Δx|_mean=0.000390102  pred_max=0.0388922  drift_max=0.00199318  drift@v325.y  conv_max=0.000565186  conv_mean=7.46837e-06  nan=0
[outlier] v325  inc_tri=3  worst|M|=5.33333  pos=(-1.70957,-1.8362,0.250831)
[pd-step]     step 321  dof=1875  pd|Δx|_max=0.0388922  pd|Δx|_mean=0.000343003
[avbd-drive] step 322 wrote AVBD output to Particle.pos
[avbd-friction] step 322 applied 514 vert/primitive friction events
[avbd-contact] step 322 projected 212 vert/primitive penetrations
[avbd-selfcoll] step 322 resolved 23  detect=10696 us  resolve=20 us  path=gpu
[avbd-step] step 322  dof=1875  iters=16  rc=0  wall=27942 us  |Δx|_max=0.03768  |Δx|_mean=0.000390941  pred_max=0.0383676  drift_max=0.00189388  drift@v350.z  conv_max=0.00055185  conv_mean=7.49004e-06  nan=0
[outlier] v350  inc_tri=3  worst|M|=5.33333  pos=(-1.55165,-1.90804,0.298649)
[pd-step]     step 322  dof=1875  pd|Δx|_max=0.0383676  pd|Δx|_mean=0.000343286
[avbd-drive] step 323 wrote AVBD output to Particle.pos
[avbd-friction] step 323 applied 513 vert/primitive friction events
[avbd-contact] step 323 projected 213 vert/primitive penetrations
[avbd-selfcoll] step 323 resolved 21  detect=10797 us  resolve=24 us  path=gpu
[avbd-step] step 323  dof=1875  iters=16  rc=0  wall=31665 us  |Δx|_max=0.0368555  |Δx|_mean=0.000393149  pred_max=0.03768  drift_max=0.00193197  drift@v350.z  conv_max=0.000536457  conv_mean=7.54475e-06  nan=0
[outlier] v350  inc_tri=3  worst|M|=5.33333  pos=(-1.54579,-1.90985,0.293175)
[pd-step]     step 323  dof=1875  pd|Δx|_max=0.03768  pd|Δx|_mean=0.000345345
[avbd-drive] step 324 wrote AVBD output to Particle.pos
[avbd-friction] step 324 applied 513 vert/primitive friction events
[avbd-contact] step 324 projected 213 vert/primitive penetrations
[avbd-selfcoll] step 324 resolved 19  detect=10591 us  resolve=17 us  path=gpu
[avbd-step] step 324  dof=1875  iters=16  rc=0  wall=32981 us  |Δx|_max=0.0359301  |Δx|_mean=0.000394917  pred_max=0.0368555  drift_max=0.00183356  drift@v352.x  conv_max=0.000519738  conv_mean=7.59367e-06  nan=0
[outlier] v352  inc_tri=6  worst|M|=5.33333  pos=(-1.40817,-1.56749,0.317036)
[pd-step]     step 324  dof=1875  pd|Δx|_max=0.0368555  pd|Δx|_mean=0.000347359
[avbd-drive] step 325 wrote AVBD output to Particle.pos
[avbd-friction] step 325 applied 513 vert/primitive friction events
[avbd-contact] step 325 projected 213 vert/primitive penetrations
[avbd-selfcoll] step 325 resolved 24  detect=34285 us  resolve=17 us  path=gpu
[avbd-step] step 325  dof=1875  iters=16  rc=0  wall=32122 us  |Δx|_max=0.0349426  |Δx|_mean=0.000396395  pred_max=0.0359301  drift_max=0.00190163  drift@v352.x  conv_max=0.000502706  conv_mean=7.63861e-06  nan=0
[outlier] v352  inc_tri=6  worst|M|=5.33333  pos=(-1.40632,-1.56794,0.316303)
[pd-step]     step 325  dof=1875  pd|Δx|_max=0.0359301  pd|Δx|_mean=0.00034897
[avbd-drive] step 326 wrote AVBD output to Particle.pos
[avbd-friction] step 326 applied 514 vert/primitive friction events
[avbd-contact] step 326 projected 215 vert/primitive penetrations
[avbd-selfcoll] step 326 resolved 22  detect=11640 us  resolve=23 us  path=gpu
[avbd-step] step 326  dof=1875  iters=16  rc=0  wall=33628 us  |Δx|_max=0.0339295  |Δx|_mean=0.000394384  pred_max=0.0349426  drift_max=0.00176179  drift@v352.x  conv_max=0.000499368  conv_mean=7.68335e-06  nan=0
[outlier] v352  inc_tri=6  worst|M|=5.33333  pos=(-1.4044,-1.56837,0.315483)
[pd-step]     step 326  dof=1875  pd|Δx|_max=0.0349426  pd|Δx|_mean=0.000347281
[avbd-drive] step 327 wrote AVBD output to Particle.pos
[avbd-friction] step 327 applied 514 vert/primitive friction events
[avbd-contact] step 327 projected 215 vert/primitive penetrations
[avbd-selfcoll] step 327 resolved 24  detect=10850 us  resolve=18 us  path=gpu
[avbd-step] step 327  dof=1875  iters=16  rc=0  wall=53178 us  |Δx|_max=0.0329272  |Δx|_mean=0.000395014  pred_max=0.0339295  drift_max=0.00166833  drift@v352.x  conv_max=0.000501841  conv_mean=7.71731e-06  nan=0
[outlier] v352  inc_tri=6  worst|M|=5.33333  pos=(-1.40262,-1.56887,0.314615)
[pd-step]     step 327  dof=1875  pd|Δx|_max=0.0339295  pd|Δx|_mean=0.000347125
[avbd-drive] step 328 wrote AVBD output to Particle.pos
[avbd-friction] step 328 applied 514 vert/primitive friction events
[avbd-contact] step 328 projected 215 vert/primitive penetrations
[avbd-selfcoll] step 328 resolved 22  detect=16612 us  resolve=17 us  path=gpu
[avbd-step] step 328  dof=1875  iters=16  rc=0  wall=97198 us  |Δx|_max=0.0319955  |Δx|_mean=0.000395149  pred_max=0.0329272  drift_max=0.00159466  drift@v351.x  conv_max=0.000504002  conv_mean=7.75742e-06  nan=0
[outlier] v351  inc_tri=6  worst|M|=5.33333  pos=(-1.46375,-1.74121,0.291772)
[pd-step]     step 328  dof=1875  pd|Δx|_max=0.0329272  pd|Δx|_mean=0.000347401
[avbd-drive] step 329 wrote AVBD output to Particle.pos
[avbd-friction] step 329 applied 515 vert/primitive friction events
[avbd-contact] step 329 projected 215 vert/primitive penetrations
[avbd-selfcoll] step 329 resolved 18  detect=13673 us  resolve=26 us  path=gpu
[avbd-step] step 329  dof=1875  iters=16  rc=0  wall=47505 us  |Δx|_max=0.0311987  |Δx|_mean=0.00039205  pred_max=0.0319955  drift_max=0.00144219  drift@v351.x  conv_max=0.000505522  conv_mean=7.70924e-06  nan=0
[outlier] v351  inc_tri=6  worst|M|=5.33333  pos=(-1.46215,-1.74151,0.290505)
[pd-step]     step 329  dof=1875  pd|Δx|_max=0.0319955  pd|Δx|_mean=0.000344655
[avbd-drive] step 330 wrote AVBD output to Particle.pos
[avbd-friction] step 330 applied 515 vert/primitive friction events
[avbd-contact] step 330 projected 215 vert/primitive penetrations
[avbd-selfcoll] step 330 resolved 20  detect=13604 us  resolve=23 us  path=gpu
[avbd-step] step 330  dof=1875  iters=16  rc=0  wall=38995 us  |Δx|_max=0.0305755  |Δx|_mean=0.000392554  pred_max=0.0311987  drift_max=0.00139153  drift@v325.y  conv_max=0.000507176  conv_mean=7.73965e-06  nan=0
[outlier] v325  inc_tri=3  worst|M|=5.33333  pos=(-1.67911,-1.8582,0.263745)
[pd-step]     step 330  dof=1875  pd|Δx|_max=0.0311987  pd|Δx|_mean=0.000344246
[avbd-drive] step 331 wrote AVBD output to Particle.pos
[avbd-friction] step 331 applied 516 vert/primitive friction events
[avbd-contact] step 331 projected 215 vert/primitive penetrations
[avbd-selfcoll] step 331 resolved 22  detect=15766 us  resolve=20 us  path=gpu
[avbd-step] step 331  dof=1875  iters=16  rc=0  wall=41631 us  |Δx|_max=0.0301279  |Δx|_mean=0.000391337  pred_max=0.0305755  drift_max=0.00137115  drift@v37.x  conv_max=0.000509799  conv_mean=7.72105e-06  nan=0
[outlier] v37  inc_tri=6  worst|M|=5.33333  pos=(0.256816,-1.35657,-1.69477)
[pd-step]     step 331  dof=1875  pd|Δx|_max=0.0305755  pd|Δx|_mean=0.000343152
[avbd-drive] step 332 wrote AVBD output to Particle.pos
[avbd-friction] step 332 applied 516 vert/primitive friction events
[avbd-contact] step 332 projected 215 vert/primitive penetrations
[avbd-selfcoll] step 332 resolved 25  detect=24917 us  resolve=21 us  path=gpu
[avbd-step] step 332  dof=1875  iters=16  rc=0  wall=59467 us  |Δx|_max=0.0298312  |Δx|_mean=0.000391399  pred_max=0.0301279  drift_max=0.00122881  drift@v325.y  conv_max=0.000513956  conv_mean=7.73518e-06  nan=0
[outlier] v325  inc_tri=3  worst|M|=5.33333  pos=(-1.67772,-1.85984,0.263531)
[pd-step]     step 332  dof=1875  pd|Δx|_max=0.0301279  pd|Δx|_mean=0.000343687
[avbd-drive] step 333 wrote AVBD output to Particle.pos
[avbd-friction] step 333 applied 515 vert/primitive friction events
[avbd-contact] step 333 projected 215 vert/primitive penetrations
[avbd-selfcoll] step 333 resolved 22  detect=10591 us  resolve=26 us  path=gpu
[avbd-step] step 333  dof=1875  iters=16  rc=0  wall=31156 us  |Δx|_max=0.0296531  |Δx|_mean=0.000391737  pred_max=0.0298312  drift_max=0.0011704  drift@v112.z  conv_max=0.000519738  conv_mean=7.75183e-06  nan=0
[outlier] v112  inc_tri=6  worst|M|=5.33333  pos=(0.0936835,-0.943081,-1.35086)
[pd-step]     step 333  dof=1875  pd|Δx|_max=0.0298312  pd|Δx|_mean=0.000344313
[avbd-drive] step 334 wrote AVBD output to Particle.pos
[avbd-friction] step 334 applied 516 vert/primitive friction events
[avbd-contact] step 334 projected 216 vert/primitive penetrations
[avbd-selfcoll] step 334 resolved 21  detect=10656 us  resolve=23 us  path=gpu
[avbd-step] step 334  dof=1875  iters=16  rc=0  wall=30949 us  |Δx|_max=0.0297972  |Δx|_mean=0.000387794  pred_max=0.0296531  drift_max=0.0011766  drift@v112.z  conv_max=0.000526711  conv_mean=7.68223e-06  nan=0
[outlier] v112  inc_tri=6  worst|M|=5.33333  pos=(0.0936296,-0.943123,-1.35088)
[pd-step]     step 334  dof=1875  pd|Δx|_max=0.0296531  pd|Δx|_mean=0.000341008
[avbd-drive] step 335 wrote AVBD output to Particle.pos
[avbd-friction] step 335 applied 517 vert/primitive friction events
[avbd-contact] step 335 projected 216 vert/primitive penetrations
[avbd-selfcoll] step 335 resolved 21  detect=11954 us  resolve=20 us  path=gpu
[avbd-step] step 335  dof=1875  iters=16  rc=0  wall=29373 us  |Δx|_max=0.0301602  |Δx|_mean=0.000386287  pred_max=0.0297972  drift_max=0.00118279  drift@v112.z  conv_max=0.000534743  conv_mean=7.67163e-06  nan=0
[outlier] v112  inc_tri=6  worst|M|=5.33333  pos=(0.0935747,-0.943169,-1.3509)
[pd-step]     step 335  dof=1875  pd|Δx|_max=0.0297972  pd|Δx|_mean=0.000339566
[avbd-drive] step 336 wrote AVBD output to Particle.pos
[avbd-friction] step 336 applied 517 vert/primitive friction events
[avbd-contact] step 336 projected 216 vert/primitive penetrations
[avbd-selfcoll] step 336 resolved 23  detect=10870 us  resolve=23 us  path=gpu
[avbd-step] step 336  dof=1875  iters=16  rc=0  wall=33190 us  |Δx|_max=0.0305626  |Δx|_mean=0.000385805  pred_max=0.0301602  drift_max=0.00118911  drift@v112.z  conv_max=0.000543177  conv_mean=7.68434e-06  nan=0
[outlier] v112  inc_tri=6  worst|M|=5.33333  pos=(0.093519,-0.943218,-1.35091)
[pd-step]     step 336  dof=1875  pd|Δx|_max=0.0301602  pd|Δx|_mean=0.000339173
[avbd-drive] step 337 wrote AVBD output to Particle.pos
[avbd-friction] step 337 applied 518 vert/primitive friction events
[avbd-contact] step 337 projected 217 vert/primitive penetrations
[avbd-selfcoll] step 337 resolved 24  detect=10821 us  resolve=20 us  path=gpu
[avbd-step] step 337  dof=1875  iters=16  rc=0  wall=30617 us  |Δx|_max=0.030972  |Δx|_mean=0.000385087  pred_max=0.0305626  drift_max=0.00119567  drift@v112.z  conv_max=0.000551507  conv_mean=7.70292e-06  nan=0
[outlier] v112  inc_tri=6  worst|M|=5.33333  pos=(0.0934626,-0.943268,-1.35093)
[pd-step]     step 337  dof=1875  pd|Δx|_max=0.0305626  pd|Δx|_mean=0.00033922
[avbd-drive] step 338 wrote AVBD output to Particle.pos
[avbd-friction] step 338 applied 518 vert/primitive friction events
[avbd-contact] step 338 projected 217 vert/primitive penetrations
[avbd-selfcoll] step 338 resolved 21  detect=11188 us  resolve=17 us  path=gpu
[avbd-step] step 338  dof=1875  iters=16  rc=0  wall=29561 us  |Δx|_max=0.0313599  |Δx|_mean=0.000384438  pred_max=0.030972  drift_max=0.00120246  drift@v112.z  conv_max=0.000559255  conv_mean=7.71595e-06  nan=0
[outlier] v112  inc_tri=6  worst|M|=5.33333  pos=(0.0934055,-0.943319,-1.35095)
[pd-step]     step 338  dof=1875  pd|Δx|_max=0.030972  pd|Δx|_mean=0.000339588
[avbd-drive] step 339 wrote AVBD output to Particle.pos
[avbd-friction] step 339 applied 519 vert/primitive friction events
[avbd-contact] step 339 projected 218 vert/primitive penetrations
[avbd-selfcoll] step 339 resolved 20  detect=10599 us  resolve=22 us  path=gpu
[avbd-step] step 339  dof=1875  iters=16  rc=0  wall=32768 us  |Δx|_max=0.031706  |Δx|_mean=0.000382354  pred_max=0.0313599  drift_max=0.00120938  drift@v112.z  conv_max=0.000565961  conv_mean=7.6952e-06  nan=0
[outlier] v112  inc_tri=6  worst|M|=5.33333  pos=(0.0933478,-0.943369,-1.35097)
[pd-step]     step 339  dof=1875  pd|Δx|_max=0.0313599  pd|Δx|_mean=0.000338169
[avbd-drive] step 340 wrote AVBD output to Particle.pos
[avbd-friction] step 340 applied 517 vert/primitive friction events
[avbd-contact] step 340 projected 219 vert/primitive penetrations
[avbd-selfcoll] step 340 resolved 19  detect=11583 us  resolve=23 us  path=gpu
[avbd-step] step 340  dof=1875  iters=16  rc=0  wall=29800 us  |Δx|_max=0.0320018  |Δx|_mean=0.000381123  pred_max=0.031706  drift_max=0.00121617  drift@v112.z  conv_max=0.000571653  conv_mean=7.68964e-06  nan=0
[outlier] v112  inc_tri=6  worst|M|=5.33333  pos=(0.0932891,-0.943418,-1.35099)
[pd-step]     step 340  dof=1875  pd|Δx|_max=0.031706  pd|Δx|_mean=0.000336965
[avbd-drive] step 341 wrote AVBD output to Particle.pos
[avbd-friction] step 341 applied 516 vert/primitive friction events
[avbd-contact] step 341 projected 220 vert/primitive penetrations
[avbd-selfcoll] step 341 resolved 20  detect=12722 us  resolve=21 us  path=gpu
340..[avbd-step] step 341  dof=1875  iters=16  rc=0  wall=29014 us  |Δx|_max=0.0322513  |Δx|_mean=0.000380264  pred_max=0.0320018  drift_max=0.00122309  drift@v112.z  conv_max=0.000576451  conv_mean=7.6991e-06  nan=0
[outlier] v112  inc_tri=6  worst|M|=5.33333  pos=(0.0932291,-0.943465,-1.351)
[pd-step]     step 341  dof=1875  pd|Δx|_max=0.0320018  pd|Δx|_mean=0.000336588
[avbd-drive] step 342 wrote AVBD output to Particle.pos
[avbd-friction] step 342 applied 518 vert/primitive friction events
[avbd-contact] step 342 projected 221 vert/primitive penetrations
[avbd-selfcoll] step 342 resolved 24  detect=10779 us  resolve=37 us  path=gpu
[avbd-step] step 342  dof=1875  iters=16  rc=0  wall=28509 us  |Δx|_max=0.0324707  |Δx|_mean=0.000379307  pred_max=0.0322513  drift_max=0.00122964  drift@v112.z  conv_max=0.000580713  conv_mean=7.68024e-06  nan=0
[outlier] v112  inc_tri=6  worst|M|=5.33333  pos=(0.0931673,-0.94351,-1.35102)
[pd-step]     step 342  dof=1875  pd|Δx|_max=0.0322513  pd|Δx|_mean=0.000335137
[avbd-drive] step 343 wrote AVBD output to Particle.pos
[avbd-friction] step 343 applied 517 vert/primitive friction events
[avbd-contact] step 343 projected 221 vert/primitive penetrations
[avbd-selfcoll] step 343 resolved 23  detect=11869 us  resolve=22 us  path=gpu
[avbd-step] step 343  dof=1875  iters=16  rc=0  wall=27288 us  |Δx|_max=0.0326849  |Δx|_mean=0.000379477  pred_max=0.0324707  drift_max=0.00123596  drift@v112.z  conv_max=0.000584856  conv_mean=7.68561e-06  nan=0
[outlier] v112  inc_tri=6  worst|M|=5.33333  pos=(0.0931036,-0.943554,-1.35103)
[pd-step]     step 343  dof=1875  pd|Δx|_max=0.0324707  pd|Δx|_mean=0.000335379
[avbd-drive] step 344 wrote AVBD output to Particle.pos
[avbd-friction] step 344 applied 517 vert/primitive friction events
[avbd-contact] step 344 projected 221 vert/primitive penetrations
[avbd-selfcoll] step 344 resolved 23  detect=11631 us  resolve=18 us  path=gpu
[avbd-step] step 344  dof=1875  iters=16  rc=0  wall=29116 us  |Δx|_max=0.0329222  |Δx|_mean=0.00037935  pred_max=0.0326849  drift_max=0.0012418  drift@v112.z  conv_max=0.000589281  conv_mean=7.67906e-06  nan=0
[outlier] v112  inc_tri=6  worst|M|=5.33333  pos=(0.0930383,-0.943596,-1.35104)
[pd-step]     step 344  dof=1875  pd|Δx|_max=0.0326849  pd|Δx|_mean=0.000335172
[avbd-drive] step 345 wrote AVBD output to Particle.pos
[avbd-friction] step 345 applied 516 vert/primitive friction events
[avbd-contact] step 345 projected 222 vert/primitive penetrations
[avbd-selfcoll] step 345 resolved 26  detect=11569 us  resolve=23 us  path=gpu
[avbd-step] step 345  dof=1875  iters=16  rc=0  wall=28154 us  |Δx|_max=0.0332149  |Δx|_mean=0.000380056  pred_max=0.0329222  drift_max=0.00124705  drift@v112.z  conv_max=0.000593483  conv_mean=7.67239e-06  nan=0
[outlier] v112  inc_tri=6  worst|M|=5.33333  pos=(0.0929717,-0.943637,-1.35105)
[pd-step]     step 345  dof=1875  pd|Δx|_max=0.0329222  pd|Δx|_mean=0.000335878
[avbd-drive] step 346 wrote AVBD output to Particle.pos
[avbd-friction] step 346 applied 517 vert/primitive friction events
[avbd-contact] step 346 projected 222 vert/primitive penetrations
[avbd-selfcoll] step 346 resolved 28  detect=10689 us  resolve=21 us  path=gpu
[avbd-step] step 346  dof=1875  iters=16  rc=0  wall=34115 us  |Δx|_max=0.0335812  |Δx|_mean=0.00038052  pred_max=0.0332149  drift_max=0.00125158  drift@v112.z  conv_max=0.000598341  conv_mean=7.65866e-06  nan=0
[outlier] v112  inc_tri=6  worst|M|=5.33333  pos=(0.0929044,-0.943677,-1.35105)
[pd-step]     step 346  dof=1875  pd|Δx|_max=0.0332149  pd|Δx|_mean=0.000336422
[avbd-drive] step 347 wrote AVBD output to Particle.pos
[avbd-friction] step 347 applied 516 vert/primitive friction events
[avbd-contact] step 347 projected 222 vert/primitive penetrations
[avbd-selfcoll] step 347 resolved 25  detect=13399 us  resolve=23 us  path=gpu
[avbd-step] step 347  dof=1875  iters=16  rc=0  wall=27198 us  |Δx|_max=0.0340248  |Δx|_mean=0.000381883  pred_max=0.0335812  drift_max=0.00125527  drift@v112.z  conv_max=0.000604361  conv_mean=7.66088e-06  nan=0
[outlier] v112  inc_tri=6  worst|M|=5.33333  pos=(0.092837,-0.943714,-1.35106)
[pd-step]     step 347  dof=1875  pd|Δx|_max=0.0335812  pd|Δx|_mean=0.000337854
[avbd-drive] step 348 wrote AVBD output to Particle.pos
[avbd-friction] step 348 applied 517 vert/primitive friction events
[avbd-contact] step 348 projected 224 vert/primitive penetrations
[avbd-selfcoll] step 348 resolved 26  detect=10548 us  resolve=17 us  path=gpu
[avbd-step] step 348  dof=1875  iters=16  rc=0  wall=33183 us  |Δx|_max=0.0345406  |Δx|_mean=0.0003824  pred_max=0.0340248  drift_max=0.00125718  drift@v112.z  conv_max=0.000611588  conv_mean=7.64508e-06  nan=0
[outlier] v112  inc_tri=6  worst|M|=5.33333  pos=(0.0927696,-0.943751,-1.35107)
[pd-step]     step 348  dof=1875  pd|Δx|_max=0.0340248  pd|Δx|_mean=0.000338535
[avbd-drive] step 349 wrote AVBD output to Particle.pos
[avbd-friction] step 349 applied 515 vert/primitive friction events
[avbd-contact] step 349 projected 224 vert/primitive penetrations
[avbd-selfcoll] step 349 resolved 21  detect=12155 us  resolve=18 us  path=gpu
[avbd-step] step 349  dof=1875  iters=16  rc=0  wall=32358 us  |Δx|_max=0.0351181  |Δx|_mean=0.000384146  pred_max=0.0345406  drift_max=0.00125659  drift@v112.z  conv_max=0.000619769  conv_mean=7.65247e-06  nan=0
[outlier] v112  inc_tri=6  worst|M|=5.33333  pos=(0.0927029,-0.943785,-1.35107)
[pd-step]     step 349  dof=1875  pd|Δx|_max=0.0345406  pd|Δx|_mean=0.00033989
[avbd-drive] step 350 wrote AVBD output to Particle.pos
[avbd-friction] step 350 applied 514 vert/primitive friction events
[avbd-contact] step 350 projected 224 vert/primitive penetrations
[avbd-selfcoll] step 350 resolved 25  detect=10552 us  resolve=19 us  path=gpu
[avbd-step] step 350  dof=1875  iters=16  rc=0  wall=31742 us  |Δx|_max=0.0357434  |Δx|_mean=0.000386067  pred_max=0.0351181  drift_max=0.00125539  drift@v112.z  conv_max=0.000628531  conv_mean=7.66758e-06  nan=0
[outlier] v112  inc_tri=6  worst|M|=5.33333  pos=(0.0926373,-0.943818,-1.35107)
[pd-step]     step 350  dof=1875  pd|Δx|_max=0.0351181  pd|Δx|_mean=0.000341795
[avbd-drive] step 351 wrote AVBD output to Particle.pos
[avbd-friction] step 351 applied 516 vert/primitive friction events
[avbd-contact] step 351 projected 224 vert/primitive penetrations
[avbd-selfcoll] step 351 resolved 22  detect=12620 us  resolve=18 us  path=gpu
finished...[phase-timing forward] 350 steps, 100.35 ms/step mean
    solve           31.01 ms/step   30.9%
    contact          0.05 ms/step    0.1%
    self-detect     10.44 ms/step   10.4%
    self-resolve     0.02 ms/step    0.0%
    other           58.82 ms/step   58.6%
    total           35.12 s
init
[avbd-bwd] routing backward through Simulation::stepBackwardAvbd (truncate K=20, IFT=0)
backward started...340..320..300..280..260..240..220..200..180..160..140..120..100..80..60..40..20..finished...
[Simulation::exportSimulation] C:/cloth-dynamics-standalone/output/rotating_sphere-randseed-1-20260922_172514-forwardThresh--9.0-LBFGS//iter2
[32mLoss is: 0.00047714
[0m[Simulation::exportSimulation] C:/cloth-dynamics-standalone/output/rotating_sphere-randseed-1-20260922_172514-forwardThresh--9.0-LBFGS//iter3
LBFGS terminated
1 iterations
x = 
0.375146
f(x) = 0.000477142
Exiting program...
